Linear Regression,Ridge,Lasso,Random Forest,Gradient Boosting (GBM),SVR,Setting,Dataset
0.16901097396224926,0.17303521548143702,0.17018982263216434,0.18273645209777162,0.1759843200143755,0.49498617856361066,All features,aave.csv
0.2393144920836165,0.3055177322224823,1.5054929796783922,0.22854404209016127,0.2636817521881983,1.1208385578082403,All features,algorand.csv
0.1786160362723527,0.17658469763650342,0.1917576538359161,0.190497261031056,0.1937336937030557,0.3100997690740436,All features,aptos.csv
0.18015873969092822,0.1647659040687858,0.22265744423064596,0.18479658994227488,0.2086074999481091,0.2533145948677349,All features,arbitrum.csv
0.20921851825724982,0.2593133255739,0.20964043211605454,0.3036464730794518,0.44865979844112786,0.8156700312127813,All features,avalanche.csv
0.21060456167608965,0.31926853228520935,0.25618064279354735,0.2678834097799245,0.3163304214583349,1.0782664374994164,All features,axie_infinity.csv
0.12219697196344374,0.13475301830865416,0.1184143908624505,0.1543641576623283,0.15151847570704344,0.5987412874682856,All features,binance_coin.csv
0.12454492001323529,0.13542840091922778,0.12416773509309922,0.1781581319695907,0.1748095013385488,0.39409032481458717,All features,bitcoin.csv
0.15180598712046087,0.1631982466816265,0.14656876143035985,0.21073993628255872,0.18561509385776137,0.607476945186473,All features,bitcoin_cash.csv
0.16480381221692514,0.194976195144718,0.8732022097867853,0.17168856488089135,0.1922286237333565,0.676995238735118,All features,cardano.csv
0.18993218590348082,0.20670975895711163,0.2343450096486627,0.20877888080803086,0.2167232029605866,0.5524016608501561,All features,chainlink.csv
0.1759718296515679,0.18024442693804577,0.23007506296728783,0.2402490372616983,0.20921927131163107,0.7181580463707822,All features,cosmos.csv
0.2403514369091826,0.2674762507766428,0.9621624029823955,0.25932754086423054,0.27423668427820524,0.9328245113918643,All features,decentraland.csv
0.15651465527561578,0.16779314243480584,0.5900581836315105,0.1598672780662926,0.15619654257995041,1.105817909744968,All features,dogecoin.csv
0.15146371628113842,0.19104747050143064,0.7831514096320052,0.19437467382759396,0.21392500675014234,0.7809676576963319,All features,eos.csv
0.1292443354572575,0.13200695449697794,0.12822587769185462,0.16341816874541765,0.1601038988724019,0.3396810872569035,All features,ethereum.csv
0.2134286122824487,0.26064304828934054,0.9446267529882286,0.23928744129040655,0.21263471470034168,0.7854932882489157,All features,fantom.csv
0.18942729598486452,0.25511375392562147,0.3010639573662644,0.18439677299752646,0.1857786203211578,0.7758626826886793,All features,filecoin.csv
0.2158024810523225,0.31202962954232316,0.7854359005504511,0.2482007298851827,0.2979080248921401,1.339500950588039,All features,flow.csv
0.1745138243059705,0.19797592081597915,0.870993578082219,0.16186795521599137,0.1616667164962175,1.2578224269186256,All features,hedera.csv
0.2562176133929725,0.2882449726447412,0.6881828353881699,0.23328610537044966,0.22912561696307945,0.7167151073744957,All features,immutable.csv
0.193859362666701,0.20300241379116923,0.3095313083088706,0.420929623469684,0.4518869015162317,0.6485264328436997,All features,injective.csv
0.22096387392398573,0.27870917376570814,0.3099969547293487,0.3134362496989577,0.33992452343358204,0.8062768276794012,All features,internet_computer.csv
0.20247068420757397,0.21167048553782267,0.889357008381239,0.583620243613809,0.5893529421201296,0.7910159350804166,All features,kaspa.csv
0.17748717796472838,0.1810461152923976,0.4170245377539497,0.1876255792117444,0.17731902768317132,0.44645988524427505,All features,lido.csv
0.1405314320124834,0.14718154039061027,0.13667916791822335,0.14905561226937525,0.14813207233579406,0.5828087507176715,All features,litecoin.csv
0.15020181972728705,0.14944664153343754,0.1479588338120247,0.19768437925348462,0.1864004778640205,0.5526478599575636,All features,maker.csv
0.23646618820047788,0.27517192095719273,0.4681085834436139,0.23902435725410565,0.31445302379377565,1.0241608736604106,All features,near.csv
0.1770886063989344,0.18072754053239606,0.3337236704212241,0.18509812223514963,0.21201462145971178,0.42253223703994186,All features,optimism.csv
0.37678706613436364,0.3714396138554788,0.5345224846688511,0.30636113130738035,0.3321946217731445,1.14953406710222,All features,pepe.csv
0.1666682239988744,0.2521002376483927,0.27177434366017605,0.2601496960243871,0.28573157745023825,0.7055228970082513,All features,polkadot.csv
0.1657396547179816,0.17995326276429532,0.7554619188756138,0.170792716642011,0.17629744468256392,0.6178266022060451,All features,polygon.csv
0.1932873838175703,0.19332729439916413,0.4474651124979052,0.21830965444653114,0.2006117134096612,0.5084606282644579,All features,render.csv
0.2593289293521969,0.291646784053389,0.9376035966034979,0.27274911854487527,0.32317899892981955,1.0616764782708057,All features,sandbox.csv
0.22577532064221292,0.24226697768978953,1.020296729788754,0.20030286264274327,0.2144236485906292,2.128882970333611,All features,shiba_inu.csv
0.20331228792794773,0.23005558356051448,0.20616236188634665,0.2785716118651063,0.262918208065625,0.6646815103533571,All features,solana.csv
0.21608076250942895,0.22658399954638497,0.644310543705227,0.21747863072094803,0.21603759215309562,0.4932112858034519,All features,stacks.csv
0.13385745443514116,0.14112585732114188,0.47046031800264115,0.14976976745073994,0.1731973391122999,0.7187690642540091,All features,stellar.csv
0.20356680768947058,0.2373978625446778,0.2771734744112361,0.2330027929724304,0.24624993829218808,0.3079858021562069,All features,sui.csv
0.014574138208317756,0.014158398113919736,0.016159255122957267,0.014735741968500719,0.014836889502275422,0.04048675648682319,All features,tether.csv
0.19117908141919937,0.19212270885449953,0.6783710867484734,0.19550378754353115,0.23534642837564257,0.8159387171514457,All features,tezos.csv
0.174631461053356,0.23638854618380398,0.6307453574346849,0.20560025849618016,0.23989751479588078,0.7728923516773238,All features,theta.csv
0.23860565642395673,0.255883917523524,0.5481466519035121,0.3323720663762144,0.35615077344984136,0.4239002187214848,All features,the_graph.csv
0.1865716916097518,0.17812903544614683,0.42186690609718824,0.1706716211821961,0.17314655681293864,0.4633174340068183,All features,toncoin.csv
0.1258163514002481,0.14584658045223503,0.49709479090083225,0.1641354965724862,0.168267330102293,0.3146643313545634,All features,tron.csv
0.15668087009513904,0.182892705307755,0.2909428453362579,0.18815117148659172,0.2171283317713967,0.5922690241202261,All features,uniswap.csv
0.01143672994961296,0.011142705409183934,0.012088129395682776,0.009668561936833533,0.012294797348637167,0.11702431782938505,All features,usd_coin.csv
0.1618198286918198,0.19714130027148818,0.8463550273965306,0.16343265204247964,0.1667300440375749,2.003354286555664,All features,vechain.csv
0.13329822973406488,0.1365459595497918,0.4196409356342891,0.17125201685949262,0.16758160606890604,0.281971874047344,All features,xrp.csv
0.17234319300509243,0.17756067972533032,0.1778620322658535,0.1937796471010649,0.18340531926160838,0.4950702603726816,W/o Close,aave.csv
0.2546558870185396,0.3363032368307964,1.5054929796783922,0.24198972078681838,0.272926129699056,1.135857758820972,W/o Close,algorand.csv
0.18322603522206193,0.17607115236743612,0.18610263215177641,0.18664908466188565,0.20740445320739498,0.3106258066040296,W/o Close,aptos.csv
0.1729747009213367,0.17019379343206853,0.22265744423064596,0.19402809500509283,0.21050525823938904,0.253678952076225,W/o Close,arbitrum.csv
0.23998566191149018,0.28154387483678334,0.22667381852866209,0.3234282404283346,0.46038931573882175,0.8157358945604848,W/o Close,avalanche.csv
0.26923959126908004,0.3557483531029001,0.2690654523592765,0.27377058730039283,0.32056658064142124,1.0779278203326166,W/o Close,axie_infinity.csv
0.12785652184508217,0.14459223761571113,0.12650221871197,0.16465742210813167,0.1712212197412298,0.598762169114568,W/o Close,binance_coin.csv
0.12518254811552307,0.14112968144032226,0.12495937184022411,0.18559376827073673,0.17922022164410736,0.39408998627483316,W/o Close,bitcoin.csv
0.15571203945093584,0.170609094507075,0.15020608698268692,0.2132270240259774,0.18639739670276292,0.607363921003321,W/o Close,bitcoin_cash.csv
0.17110422266903266,0.20855233076361016,0.8732022097867853,0.19080796716916415,0.19007040834618494,0.6853660068085394,W/o Close,cardano.csv
0.19803709762273392,0.21672726318804153,0.2506278754157727,0.21757830852480933,0.2490773341704152,0.5528596817663254,W/o Close,chainlink.csv
0.18646674476398742,0.18676423484784438,0.23235811367531775,0.24068933013793864,0.23212869548822207,0.719121562801633,W/o Close,cosmos.csv
0.25593418219338837,0.28009535233932575,0.9621623441597345,0.26295213686983115,0.2919393341495731,0.937964737413034,W/o Close,decentraland.csv
0.15819959450949678,0.17447704881139794,0.5900581836315105,0.16291321967704478,0.1540279865177598,1.1053524590272417,W/o Close,dogecoin.csv
0.17231984993183977,0.20898451681288727,0.7831514153613917,0.20105005295476994,0.20758330948019582,0.7864771169901056,W/o Close,eos.csv
0.12859222702616974,0.1353104979642875,0.12892838731049247,0.16551765218088008,0.15605449670246038,0.33968555016499913,W/o Close,ethereum.csv
0.23619514231398805,0.2829551320773622,0.9446275944124284,0.21838156860652552,0.21257642876383437,0.7957997176259767,W/o Close,fantom.csv
0.19603208771657812,0.2778620349621985,0.30617293335482637,0.192995207544959,0.20817188987000448,0.7761543790633862,W/o Close,filecoin.csv
0.25686447396670037,0.34535716942445105,0.7990295149266277,0.26198422433064733,0.3108039540074033,1.3424310909077413,W/o Close,flow.csv
0.18086172893926664,0.21166052586573866,0.870993578082219,0.1704320428957551,0.16297640854761614,1.2640205437534466,W/o Close,hedera.csv
0.2713836402537387,0.30950355125998635,0.688182834033864,0.2409197332404581,0.25693100321342355,0.718025237938437,W/o Close,immutable.csv
0.2083693353822464,0.2122561483373906,0.3108152575110341,0.42625622996216556,0.4394620438322757,0.6508067630583685,W/o Close,injective.csv
0.2393436966450259,0.3011088715898059,0.31595598459573254,0.317250693257901,0.3495687010863807,0.8069200078366202,W/o Close,internet_computer.csv
0.20868432240629486,0.22242470832073996,0.889357008381239,0.5885299788038543,0.5923224784831268,0.7910159350804166,W/o Close,kaspa.csv
0.18014127921546358,0.18781400802336778,0.4214779055505154,0.19125288718559674,0.1844067777706854,0.4486409321320634,W/o Close,lido.csv
0.14413561102655165,0.15189987357224188,0.14562596408647552,0.15010158827761838,0.15170936203206917,0.5831672530189588,W/o Close,litecoin.csv
0.15114356291223957,0.15188536726545818,0.14979374876785362,0.20992462189146918,0.19487653444753059,0.552614522462158,W/o Close,maker.csv
0.2517169874141433,0.2971671205744472,0.46894214138331647,0.24774667109931692,0.3133928184810353,1.0266658115321388,W/o Close,near.csv
0.17940771243131365,0.185947255519358,0.3337210743899731,0.19605174358009161,0.22113964976944722,0.4292590926315118,W/o Close,optimism.csv
0.3779324916361409,0.380829384759816,0.5345224846688511,0.3014251860883889,0.35291454190036603,1.14953406710222,W/o Close,pepe.csv
0.1951304921185439,0.27627678275846007,0.2735197525343457,0.272322050779645,0.2930528808638594,0.7059019861384391,W/o Close,polkadot.csv
0.16735832617180726,0.18839868881312052,0.7554619188756138,0.18280346450274618,0.20475097999230227,0.6241932795696727,W/o Close,polygon.csv
0.1939009962610642,0.19793161014432017,0.4474649336682752,0.24407621509352515,0.2232465518798096,0.5104510804536115,W/o Close,render.csv
0.2665478336938514,0.3039345821789851,0.9375991015728568,0.2751286368767429,0.3220207090134142,1.0658048823924287,W/o Close,sandbox.csv
0.23315466543008995,0.251321153329598,1.020296729788754,0.24934341096486426,0.2529998871629916,2.128882970333611,W/o Close,shiba_inu.csv
0.21120591111289405,0.24218117426995253,0.2211798565785953,0.3151476930515722,0.32186051916698527,0.6647650590272455,W/o Close,solana.csv
0.22473534903474027,0.2353928252492378,0.6451823169840839,0.2155096806758824,0.2175273248103562,0.4983460761370636,W/o Close,stacks.csv
0.13849598591012208,0.14542749996150653,0.47046031800264115,0.15243833517431743,0.16643823917851647,0.7195716237235852,W/o Close,stellar.csv
0.21747134575677743,0.2718980757880454,0.2771734744112361,0.263785042693753,0.24402558413503295,0.3109489804345304,W/o Close,sui.csv
0.014757099820705248,0.014850871692382844,0.016159255122957267,0.01491629793740516,0.01488680374794201,0.04048675648682319,W/o Close,tether.csv
0.1909225862818909,0.20648903997233428,0.6783660860795527,0.19934986198061694,0.23738652990439166,0.8197370435241602,W/o Close,tezos.csv
0.20203634051529812,0.25904458526133917,0.6327130381399818,0.216572589411539,0.24896111068766877,0.7762971445223626,W/o Close,theta.csv
0.2501338120992019,0.2743135980770457,0.5481466519035121,0.3662829137596809,0.3747397391165158,0.4263884542803731,W/o Close,the_graph.csv
0.17905084847744618,0.17909111774608322,0.4284287072523893,0.17315818296025312,0.17338982863054284,0.4671985757130238,W/o Close,toncoin.csv
0.1279316543477935,0.15624456605801448,0.49709479090083225,0.16787434898342043,0.16350546684283587,0.3146643313545634,W/o Close,tron.csv
0.17011139476529655,0.19659963992901827,0.300915789039141,0.2145537003776257,0.2239641563780744,0.5926467523132697,W/o Close,uniswap.csv
0.011305236952946015,0.01122311838741681,0.012088129395682776,0.009896379731407619,0.01225625965094623,0.11702431782938505,W/o Close,usd_coin.csv
0.18511594827836428,0.21360764955496725,0.8463550273965306,0.17342028608313634,0.17925477381475316,2.003354286555664,W/o Close,vechain.csv
0.13479704800919998,0.1410372287693992,0.4196409356342891,0.178534830294439,0.17684480082578877,0.2901328072003451,W/o Close,xrp.csv
0.16932038971064065,0.17485360779088593,0.17018982263216434,0.18406316322494878,0.17603288948078366,0.49505597709849514,W/o High,aave.csv
0.23182935350547745,0.31588690475957887,1.5054929796783922,0.2319723077151308,0.2637922221367935,1.1289963601742554,W/o High,algorand.csv
0.17889863094390768,0.17553917587893061,0.1917576538359161,0.1886900902475701,0.19201394141484765,0.3106470266774785,W/o High,aptos.csv
0.17422691826883005,0.16476786287983639,0.22265744423064596,0.18835660844191468,0.20515374886359922,0.25354296919403413,W/o High,arbitrum.csv
0.20929903135699798,0.26960385538140563,0.20964043211605454,0.31117872595736884,0.44568651435103906,0.815713533737304,W/o High,avalanche.csv
0.2112383905725945,0.34647920531566,0.25658893738371713,0.2679860487917654,0.31716131844368345,1.0779244857606234,W/o High,axie_infinity.csv
0.12219695373812539,0.14225395506185434,0.11920517984089349,0.15343522933841752,0.14247241029852686,0.5987646299845548,W/o High,binance_coin.csv
0.1246653553869022,0.1398789987726313,0.12454468829365974,0.16983372276434056,0.16161274803042963,0.3940899894372191,W/o High,bitcoin.csv
0.1513466944282489,0.16716059736168587,0.1458311495850846,0.21407942909333164,0.19306144266670802,0.6073657342021115,W/o High,bitcoin_cash.csv
0.16265767445901644,0.20339191376765475,0.8732022097867853,0.17131233381951244,0.18839732107275844,0.6848732794937936,W/o High,cardano.csv
0.18893396906972368,0.21264273052149818,0.2343450096486627,0.22077860649244455,0.21670068005977586,0.5528069938800027,W/o High,chainlink.csv
0.17509428429109003,0.18307976324867692,0.22922406659771521,0.25107271981041657,0.21748493494529011,0.7192006173556076,W/o High,cosmos.csv
0.23751536575315838,0.27298133620904924,0.9621624029823955,0.26303210590548337,0.2854188109459413,0.9375701288993097,W/o High,decentraland.csv
0.1556213375632658,0.17159517566829466,0.5900581836315105,0.15568799258341667,0.15941633846621006,1.1074668600859494,W/o High,dogecoin.csv
0.1528233231039056,0.20382398780603636,0.7831522674870469,0.1902162236415685,0.2113337611048366,0.7865603054168656,W/o High,eos.csv
0.1291842396052151,0.13373110812789693,0.12838960234504374,0.15868594289112542,0.15902893544766158,0.33968577065517264,W/o High,ethereum.csv
0.22100593679782085,0.27914213349451444,0.9446248913230423,0.2519888521829342,0.2258847133163495,0.7983509701908356,W/o High,fantom.csv
0.19144180762892568,0.2760182224862061,0.30120244659836276,0.18697991296283958,0.19337166158928554,0.7761334094366176,W/o High,filecoin.csv
0.21658862090041525,0.3344514149698428,0.7854359005504511,0.2515916320929701,0.3165534284340201,1.3423473492651767,W/o High,flow.csv
0.16828487195871358,0.2141560050326707,0.870993578082219,0.1626397121402682,0.16112684258945353,1.263774974053635,W/o High,hedera.csv
0.255572282228421,0.30579828645511525,0.6881536768528443,0.22384460497304165,0.22349423159898713,0.7180902597227174,W/o High,immutable.csv
0.1916277266555972,0.20531748807664665,0.3095313083088706,0.4188811877470474,0.4387930105109093,0.6505268226987322,W/o High,injective.csv
0.2195712699915847,0.2952066414211923,0.30999665095655443,0.314530302900423,0.34672142378886467,0.8069947063224279,W/o High,internet_computer.csv
0.20129512282176898,0.21368377272685862,0.889357008381239,0.5880011809632776,0.590189162040227,0.7910159350804166,W/o High,kaspa.csv
0.17748411360804883,0.18117908291681192,0.4170245377539497,0.18641775467593744,0.17569751072348377,0.44667231096653365,W/o High,lido.csv
0.13961310816099765,0.14906838008654416,0.1368171671330438,0.1500417442427449,0.14680797485072836,0.5831636672528301,W/o High,litecoin.csv
0.14996495957259554,0.14990348933952372,0.1474800648006597,0.19379728465494,0.1804473093368501,0.5526131236824176,W/o High,maker.csv
0.24277074611412933,0.29195781562369033,0.47248467879531386,0.23856798662681322,0.3170925042282718,1.0269677387731422,W/o High,near.csv
0.1774357133284949,0.18253647644792276,0.3337236704212241,0.1817589640367185,0.25566524594526335,0.4293766253190496,W/o High,optimism.csv
0.37225050526120584,0.3831690856098044,0.5345224846688511,0.31915065886197785,0.3390769226293802,1.14953406710222,W/o High,pepe.csv
0.16647682323696958,0.27299440976023975,0.2743364178144184,0.26121104367680176,0.27747723133959384,0.7059156906969025,W/o High,polkadot.csv
0.1657239319767575,0.1856099377429449,0.7554619188756138,0.17125620305101508,0.18029257533367324,0.6243574414488305,W/o High,polygon.csv
0.19260966590758355,0.1940867948730975,0.44746501699828545,0.21557990836690602,0.2004386712558993,0.5103320031596428,W/o High,render.csv
0.2600529385141789,0.29801965071732023,0.9376035176018539,0.2760812640926874,0.3197140439423992,1.066066712714924,W/o High,sandbox.csv
0.22395210207801708,0.24798502937062805,1.020296729788754,0.19982271731101184,0.2159911184216618,2.128882970333611,W/o High,shiba_inu.csv
0.20347917235485746,0.23887136076734405,0.20466956018810475,0.28811029992526627,0.2612238103508553,0.6647764456807106,W/o High,solana.csv
0.21643057263073454,0.229595705310225,0.644310543705227,0.21833952474918147,0.21218186232610062,0.4970462407623491,W/o High,stacks.csv
0.13560270729773313,0.1416320582005974,0.47046031800264115,0.148685144352842,0.17063735396273727,0.7175879053362064,W/o High,stellar.csv
0.20258950788403401,0.23802158324765835,0.2771734744112361,0.2402025060177959,0.2551490000739209,0.3085567387795331,W/o High,sui.csv
0.014566328460570318,0.014186864716865703,0.016159255122957267,0.014858494351630011,0.015203517180532505,0.04048675648682319,W/o High,tether.csv
0.19087905358195476,0.19941182406017058,0.6842729237856386,0.1957590897949062,0.23345849060385448,0.8197107346856166,W/o High,tezos.csv
0.17200992062172385,0.2531770375922439,0.6307453574346849,0.20660239948818362,0.23726201519164114,0.7762177881722194,W/o High,theta.csv
0.23497211177045074,0.263258983916579,0.5481466519035121,0.34020937855252753,0.3557716433340702,0.42705384842221833,W/o High,the_graph.csv
0.18583149864352275,0.179240283737374,0.42186690609718824,0.17112413773823315,0.17576037621470722,0.46568121845820415,W/o High,toncoin.csv
0.12573960899319567,0.15017669141038292,0.49709479090083225,0.16253644233277612,0.1595103884550941,0.3146643313545634,W/o High,tron.csv
0.15748966995543068,0.1915947514147181,0.2909428453362579,0.18413206371109558,0.2221652779325084,0.5926920182277965,W/o High,uniswap.csv
0.011440627836218176,0.011142585782821277,0.012088129395682776,0.010015324525476741,0.012688230292436004,0.11702431782938505,W/o High,usd_coin.csv
0.1601673046529072,0.20853075661354806,0.8463550273965306,0.16766952246953504,0.166978272085604,2.003354286555664,W/o High,vechain.csv
0.1335808699690693,0.13689030085447784,0.4196409356342891,0.1737444895663016,0.1677417297385094,0.28929601883222145,W/o High,xrp.csv
0.1691364767682616,0.1750977792681126,0.17018982263216434,0.18284324125812865,0.1777067630213538,0.4950648440507723,W/o Low,aave.csv
0.23579816690995997,0.3413064648961538,1.5054929796783922,0.22958898758308022,0.26148369975269287,1.1366410229660673,W/o Low,algorand.csv
0.17686278341069,0.17630611122598192,0.1917576538359161,0.19413285515375567,0.18959089549731684,0.3105781112992573,W/o Low,aptos.csv
0.17409752847688736,0.1617209933912357,0.22265744423064596,0.18631168148731858,0.20618156533266513,0.25366370121269033,W/o Low,arbitrum.csv
0.20656641584883334,0.27502230248139303,0.20964043211605454,0.3067529335347092,0.457384876003378,0.8157401957919199,W/o Low,avalanche.csv
0.21267841769765933,0.34703080428908917,0.25618064279354735,0.26850992415156455,0.31805448807191716,1.0779476716626057,W/o Low,axie_infinity.csv
0.12320479863010884,0.13745405304682937,0.1184143908624505,0.15662624110476162,0.14166938442905336,0.5987611559769683,W/o Low,binance_coin.csv
0.12444532828687419,0.13873750222464526,0.12413089530027945,0.17881237669020944,0.17530708103657086,0.39408997629147585,W/o Low,bitcoin.csv
0.15174329016575946,0.16879648971904346,0.14656876143035985,0.2057002449303216,0.18437853497810444,0.6073710766187924,W/o Low,bitcoin_cash.csv
0.16651325682832213,0.20721471164108518,0.8732022097867853,0.17196365828049762,0.19141793480781574,0.6854818880412383,W/o Low,cardano.csv
0.19036783753230482,0.2112153481678485,0.2343450096486627,0.21830301318035772,0.2322676279655812,0.5528460346916262,W/o Low,chainlink.csv
0.17495973451695865,0.18220463537014106,0.2324144489623015,0.23512914649999145,0.1987523645625864,0.7191834165547419,W/o Low,cosmos.csv
0.24011247838756156,0.2770137788815701,0.9677904355973036,0.26054689073068676,0.2636822887551557,0.9393226039139136,W/o Low,decentraland.csv
0.15782218946316537,0.17009714128670692,0.5900581836315105,0.15751199424969412,0.1518298071954722,1.107232966679796,W/o Low,dogecoin.csv
0.1538078684388568,0.20605932061005847,0.7932306310861702,0.1943257260163469,0.21400837364042358,0.7869127716500202,W/o Low,eos.csv
0.12878346304435556,0.13396681987174336,0.12822587769185467,0.1654831003596246,0.16043798023628045,0.33968541826438153,W/o Low,ethereum.csv
0.2090579254286615,0.26623609600963477,0.9516057979007184,0.24312342397212636,0.2099860064736376,0.8012869433693327,W/o Low,fantom.csv
0.18943180848778743,0.2760913994918125,0.30024212262999056,0.18043249558481406,0.18740593525942761,0.7761113565968493,W/o Low,filecoin.csv
0.21499931240686151,0.34127062466403185,0.7854359005504511,0.25093790415165285,0.2935844093712933,1.342413193615804,W/o Low,flow.csv
0.17204516462819497,0.20398260362525264,0.870993578082219,0.16200824486671397,0.16316117326681778,1.2623148248072948,W/o Low,hedera.csv
0.25683960053857746,0.29869384889808165,0.6902711334813358,0.2428098247958277,0.23064126943052246,0.7180979072924663,W/o Low,immutable.csv
0.194295453109966,0.2028483640199469,0.311948356695795,0.4194247713731047,0.4397798891100333,0.6508749201896646,W/o Low,injective.csv
0.22097113451261435,0.2955929213525431,0.3099969547293487,0.31471977386008954,0.3389396043554353,0.8069205084365072,W/o Low,internet_computer.csv
0.20179252215557378,0.21454312946758344,0.889357008381239,0.5852447993987516,0.5898304824220661,0.7910159350804166,W/o Low,kaspa.csv
0.17767705564063388,0.18225782160861168,0.4170245377539497,0.18631278936296508,0.17790620126487647,0.4486725973131118,W/o Low,lido.csv
0.1386740969172053,0.15377242588002163,0.13667916791822335,0.15356527603822362,0.14850086972764331,0.5831662589801502,W/o Low,litecoin.csv
0.15005174919263803,0.15159451254940548,0.14795883381202463,0.19194911974543308,0.18625538508178083,0.5526155494608818,W/o Low,maker.csv
0.23612121803855562,0.27707506629837775,0.4681085834436139,0.23630899269449662,0.3089983464375826,1.0268111552483115,W/o Low,near.csv
0.17712523941808123,0.18077049455138766,0.3337236704212241,0.18439304689497124,0.19348456417541532,0.4293863450210406,W/o Low,optimism.csv
0.37940024357026897,0.3726828297557918,0.5345224846688511,0.31098920495830534,0.33873507954067783,1.14953406710222,W/o Low,pepe.csv
0.18125116410175773,0.2680275901011873,0.27177434366017605,0.26212285216626235,0.28081707958130403,0.705925991788727,W/o Low,polkadot.csv
0.1664841574751225,0.18335078522069637,0.7554619188756138,0.17456708117541156,0.17818679281715727,0.6242093335341022,W/o Low,polygon.csv
0.1899740519989363,0.19736735834254726,0.44746459566799823,0.22006901157508188,0.20065249217367526,0.510812930014144,W/o Low,render.csv
0.267737993602111,0.3051639193917923,0.9533425085595445,0.2747938048627721,0.3218288489226863,1.066787770057485,W/o Low,sandbox.csv
0.22600682926400173,0.24934033931271724,1.020296729788754,0.1989999642950283,0.20654362849805444,2.128882970333611,W/o Low,shiba_inu.csv
0.2031934538815548,0.23998821299689302,0.20616236188634665,0.2886672782949063,0.2791507717457387,0.6647703438383129,W/o Low,solana.csv
0.21685351187318871,0.22922592695627048,0.6443098736762382,0.2178602435501927,0.21470353328723574,0.4979821585553356,W/o Low,stacks.csv
0.1345306231555947,0.1424450606113577,0.47046031800264115,0.14807891816250165,0.16921297479567626,0.7179953073647695,W/o Low,stellar.csv
0.20378759883925626,0.27369315653670806,0.2771734744112361,0.23659262829589822,0.24686154991778533,0.31065646033172645,W/o Low,sui.csv
0.014575261146767902,0.014154518348782844,0.016159255122957267,0.014926091038766501,0.014486543888643072,0.04048675648682319,W/o Low,tether.csv
0.1933276259185585,0.20000094897010154,0.6783710867484734,0.19650680808748203,0.23743409401600277,0.8198035156764822,W/o Low,tezos.csv
0.17917034524871556,0.25043246326320895,0.6307453574346849,0.2091033789443474,0.22438406152227405,0.776061698858975,W/o Low,theta.csv
0.23805640761816352,0.2649638740269025,0.5481466519035121,0.34126538357416336,0.34841462425184067,0.42726450223294393,W/o Low,the_graph.csv
0.1850522812989104,0.1794778962104242,0.42186690609718824,0.1705148786420355,0.16916177305862357,0.4670896179554624,W/o Low,toncoin.csv
0.12565207781819288,0.1512324547374917,0.49709479090083225,0.17807141159537912,0.17739972263931797,0.3146643313545634,W/o Low,tron.csv
0.15707316068347113,0.19439208681010892,0.2909428453362579,0.1836553229404118,0.21486338175878983,0.5926324992448776,W/o Low,uniswap.csv
0.011265849840066022,0.011148774545050125,0.012088129395682776,0.00983380748403228,0.012713385576027624,0.11702431782938505,W/o Low,usd_coin.csv
0.16987987345844693,0.20648118778879399,0.8463550273965306,0.16388526518857263,0.16893264820222242,2.003354286555664,W/o Low,vechain.csv
0.1324969058368219,0.13705394317270136,0.4196409356342891,0.1739694800844981,0.17382006102854186,0.29134723064750057,W/o Low,xrp.csv
0.16897626562424375,0.17488572197022936,0.17018982263216434,0.18172673096082984,0.17943560527006652,0.4950739246585848,W/o Open,aave.csv
0.2393352963086004,0.33127430178206463,1.5054929796783922,0.2297983698940815,0.2581569672931894,1.1356713090992534,W/o Open,algorand.csv
0.17750699982921506,0.17692034299805964,0.1917576538359161,0.18986034730252205,0.19232820596322944,0.3106476543914082,W/o Open,aptos.csv
0.17437088242776033,0.16474453473338185,0.22265744423064596,0.18563097356460287,0.2093390836197729,0.25354266095142797,W/o Open,arbitrum.csv
0.2171380624173293,0.27315563908695945,0.2099655071644766,0.3074506866040039,0.43479096658009764,0.8157228165431485,W/o Open,avalanche.csv
0.21342903951829753,0.3397205976006981,0.25618064279354735,0.2687866445744855,0.322860832836797,1.077939927400477,W/o Open,axie_infinity.csv
0.12241351456293456,0.14049981938124756,0.11841444067148503,0.15782347813448308,0.14795011699280003,0.5987602334965642,W/o Open,binance_coin.csv
0.12421034132594538,0.13710768830509243,0.12404044475306096,0.17514069799596588,0.1745167603444171,0.3940899789750456,W/o Open,bitcoin.csv
0.15175708904776228,0.1641797910320649,0.14656876143035985,0.2117994207576021,0.2036499079757708,0.6073669353837923,W/o Open,bitcoin_cash.csv
0.1662459326481177,0.20650927032966004,0.8732022097867853,0.17279634200569105,0.18759550392812047,0.6852439942086135,W/o Open,cardano.csv
0.18965312489940594,0.21095079003066197,0.2322352863158302,0.21540976352728095,0.2190495618166227,0.5528652578099592,W/o Open,chainlink.csv
0.1755206583061646,0.1838873259061687,0.23007506296728783,0.24014054854460526,0.21501216028598555,0.719179902903716,W/o Open,cosmos.csv
0.25030270160597085,0.2685934779881721,0.9621624029823955,0.2647200870670905,0.27900925454345743,0.9389026469057895,W/o Open,decentraland.csv
0.1570333439869828,0.1717923557959217,0.5900581836315105,0.15817846173063543,0.15118155712520912,1.1059691649776158,W/o Open,dogecoin.csv
0.15568183831799975,0.2039342375239977,0.7831514096320052,0.1919543058653571,0.2063958841117879,0.7864220159338692,W/o Open,eos.csv
0.12909642317876305,0.13331252683382488,0.12810805911908205,0.16208202549399978,0.16087544300095932,0.33968564253291944,W/o Open,ethereum.csv
0.20292147681736772,0.2666841219231233,0.9446267529882286,0.24077774476319885,0.22447002125539034,0.8001984965514565,W/o Open,fantom.csv
0.19054125493481433,0.2732255035014756,0.3010639573662644,0.18435137587901562,0.19140690456041026,0.7760695758451112,W/o Open,filecoin.csv
0.21630963765981448,0.33053509415675625,0.7854359005504511,0.2545991143832083,0.2959119014380025,1.3422702974930942,W/o Open,flow.csv
0.17816465506761844,0.21081064359119253,0.870993578082219,0.1613374485107142,0.15722917154465463,1.2654673340864149,W/o Open,hedera.csv
0.25915931708594675,0.29961365971191933,0.6881828353881699,0.23548142403830374,0.22812384231430544,0.7178304243862761,W/o Open,immutable.csv
0.19086570583485715,0.20119994713252076,0.3095313083088706,0.4201116394796391,0.4388180078926154,0.6504224324877431,W/o Open,injective.csv
0.22297033597089777,0.29719764467184817,0.30856195615689497,0.3117464994795025,0.3398403500045453,0.8069519471154359,W/o Open,internet_computer.csv
0.2023340323587202,0.20963925387043433,0.889357008381239,0.5841684743080067,0.5899399877565249,0.7910159350804166,W/o Open,kaspa.csv
0.17759889870218676,0.18482690713176467,0.4170245377539497,0.18603284498734837,0.17462494169326945,0.44865115654293347,W/o Open,lido.csv
0.1407151551545177,0.15208078940363987,0.13667916791822335,0.1491676626886997,0.1458788968276441,0.5831606145478923,W/o Open,litecoin.csv
0.15013442658386728,0.14878138922310177,0.14795883381202463,0.18991807958274426,0.18233349804078083,0.5526143892169467,W/o Open,maker.csv
0.23713491845887585,0.2758663814407338,0.4681085834436139,0.2376909838636747,0.3192547188957511,1.026741612705023,W/o Open,near.csv
0.17717494651502133,0.17987193752954864,0.3337236704212241,0.18135508606216905,0.25099665227065954,0.42919023201689044,W/o Open,optimism.csv
0.3787876169819864,0.37510551143585863,0.5345224846688511,0.31327760377845437,0.3399925134078067,1.14953406710222,W/o Open,pepe.csv
0.1717113790442814,0.2717900496542201,0.27177434366017605,0.2607140577074939,0.27916896192782237,0.7059081999272514,W/o Open,polkadot.csv
0.16704548297600344,0.1840934177985947,0.7554619188756138,0.17193222343226977,0.17694525518528495,0.6239706348114518,W/o Open,polygon.csv
0.19354959843401606,0.1956608685513987,0.44128095756235747,0.219536205034023,0.1996193214362121,0.5108116888696138,W/o Open,render.csv
0.28509287990961163,0.2928508615854706,0.9376035966034979,0.2737950493412706,0.31196277937023964,1.066457926019108,W/o Open,sandbox.csv
0.22707031360876692,0.24773988772781969,1.020296729788754,0.1998152722593441,0.2196345329688022,2.128882970333611,W/o Open,shiba_inu.csv
0.2032892478185487,0.2388346150071121,0.20616236188634665,0.27524381585290536,0.25941313915546527,0.6647745706092597,W/o Open,solana.csv
0.21784034669120897,0.23170812238176594,0.644310543705227,0.21564363706957107,0.21355215808572048,0.4981929436757635,W/o Open,stacks.csv
0.13692315835065152,0.1430696664171113,0.47046031800264115,0.15051037415113944,0.1730787513372626,0.7157681200706426,W/o Open,stellar.csv
0.20257164194174485,0.23790557701127107,0.2771734744112361,0.23829936771185567,0.24451093166493829,0.3079008246702597,W/o Open,sui.csv
0.014559315110501627,0.014337094635945628,0.016159255122957267,0.014758817344676748,0.014665577536394905,0.04048675648682319,W/o Open,tether.csv
0.1929225054671912,0.19892378562787613,0.6783710867484734,0.19537033426325462,0.2335817098432131,0.8194779739926066,W/o Open,tezos.csv
0.17896302196401012,0.2556997012805889,0.6314569300618759,0.2079245088604964,0.23932088224773101,0.776395752572834,W/o Open,theta.csv
0.24055189111089842,0.2637062109194831,0.5481466519035121,0.34805893024390444,0.359267412972692,0.4279526959268851,W/o Open,the_graph.csv
0.18656141150036154,0.1791452905551636,0.42186690609718824,0.17201868205286738,0.17024234619226583,0.4667406975146301,W/o Open,toncoin.csv
0.12547502174145964,0.15118037919519048,0.49709479090083225,0.16742178978994593,0.17062936700672263,0.3146643313545634,W/o Open,tron.csv
0.1575184084912604,0.19424556551854813,0.29043646973831466,0.18207346840451863,0.2209548447236761,0.5927156321312425,W/o Open,uniswap.csv
0.011388081351939045,0.011133153792802176,0.012088129395682776,0.009766929054193936,0.01231425592133222,0.11702431782938505,W/o Open,usd_coin.csv
0.1663651658902507,0.20967185678255584,0.8463550273965306,0.1641281945614257,0.1650654402119199,2.003354286555664,W/o Open,vechain.csv
0.13305090445906445,0.1372887733425993,0.4196409356342891,0.17167994055438335,0.1761185364679814,0.2908268607594078,W/o Open,xrp.csv
0.1695771284719877,0.17192007128153625,0.17018982263216434,0.18419917925867518,0.1745897689382278,0.4950377335369146,W/o Volume,aave.csv
0.233300256025022,0.30480417384626657,1.5054929796783922,0.23019108187765164,0.2668420080204211,1.119921142123004,W/o Volume,algorand.csv
0.17959803161003368,0.1801586854639601,0.1917576538359161,0.1933380111974125,0.20698512615126685,0.3103140245501227,W/o Volume,aptos.csv
0.179755445484125,0.1667436640327781,0.22265744423064596,0.18341203992895921,0.20322575415912197,0.25353426760979664,W/o Volume,arbitrum.csv
0.20903703914642155,0.25660049426400094,0.20964043211605454,0.3074609661209629,0.4583360210256539,0.8156848906104507,W/o Volume,avalanche.csv
0.21237794449993982,0.308798128477769,0.25618064279354735,0.2685243238033179,0.3239397154329099,1.0777582424450827,W/o Volume,axie_infinity.csv
0.12239730243028323,0.131511145507282,0.11841160522484799,0.15447092043903993,0.157983293362855,0.5987231129805495,W/o Volume,binance_coin.csv
0.12532946893539212,0.1355445747061252,0.12473179272105947,0.1770108164131051,0.17573370074525904,0.39408965858824885,W/o Volume,bitcoin.csv
0.14873299270429358,0.15085858462680435,0.14656876143035985,0.21084498672617744,0.1897952032000601,0.6073542456950998,W/o Volume,bitcoin_cash.csv
0.16589326395023382,0.1937807397415135,0.8732022097867853,0.17082901026246053,0.18437513418852466,0.6786004831664243,W/o Volume,cardano.csv
0.18957511325022522,0.20376855062928748,0.2343450096486627,0.2114461938436133,0.21733570872275135,0.5525210001990676,W/o Volume,chainlink.csv
0.17232994445679173,0.17991250190988267,0.23007506296728783,0.24229659061497966,0.2101014963133204,0.7186984085324345,W/o Volume,cosmos.csv
0.24144076578243767,0.26830888332810393,0.9621624029823955,0.2632705970503614,0.29466134002173083,0.9328632167045395,W/o Volume,decentraland.csv
0.15603607583112095,0.16477194463797226,0.5900581836315105,0.15799125313765391,0.1546660625393598,1.1051730685111238,W/o Volume,dogecoin.csv
0.15230713001566976,0.18347722209185607,0.7831514096320052,0.19215326385677053,0.2113697364474133,0.7820200868421053,W/o Volume,eos.csv
0.12924477536516787,0.13282392651970693,0.12822576320870102,0.16359517711538207,0.15863550433995346,0.3396827265226676,W/o Volume,ethereum.csv
0.21410675342037763,0.2398206599449261,0.9446267529882286,0.24305644951912142,0.22068122834492912,0.7856047328319719,W/o Volume,fantom.csv
0.19013135306727733,0.24587479953509642,0.3010639573662644,0.1830780093759201,0.18727110600589544,0.776497315941448,W/o Volume,filecoin.csv
0.21518041409276864,0.3005608155563482,0.7854359005504511,0.24421381406795695,0.29749105757145033,1.3408007600788652,W/o Volume,flow.csv
0.16933137536402618,0.17512596095527053,0.870993578082219,0.16162218654244703,0.15832716721678283,1.2605088996163094,W/o Volume,hedera.csv
0.2560353053214384,0.28406348522276886,0.6881828353881699,0.2321339715018052,0.23324824556893084,0.7178027154107033,W/o Volume,immutable.csv
0.19387214238654624,0.20309762301021814,0.3095313083088706,0.4154466885883633,0.44095300989355035,0.6485293416705668,W/o Volume,injective.csv
0.21739274273243914,0.2647308519226527,0.3099969547293487,0.3130892533171501,0.3414402810032665,0.8068401080874144,W/o Volume,internet_computer.csv
0.20143453624243102,0.21338156308971062,0.889357008381239,0.5848650449326568,0.5885155357350087,0.7910159350804166,W/o Volume,kaspa.csv
0.17734486749491898,0.18258925929683634,0.4170245377539497,0.18563776336875945,0.17567279478266132,0.44662711531646465,W/o Volume,lido.csv
0.13959071378583587,0.15418624921736568,0.13667916791822335,0.14916921519193393,0.14406567159440223,0.5831408551341751,W/o Volume,litecoin.csv
0.14978332891209117,0.14937210822361519,0.14792017763647397,0.19324833531090146,0.18453230434357012,0.5525968953896839,W/o Volume,maker.csv
0.2432327168666777,0.26428886500943577,0.4681085834436139,0.23318683090912612,0.3031541593368505,1.0249876850422515,W/o Volume,near.csv
0.17730751163422326,0.18305595705814018,0.3337236704212241,0.1823315334363875,0.21795115052676764,0.4232049398043024,W/o Volume,optimism.csv
0.37529231788280515,0.370592444384031,0.5345224846688511,0.32689010810353064,0.31795040726103546,1.14953406710222,W/o Volume,pepe.csv
0.1670386245961206,0.2497898076323857,0.27177434366017605,0.26060680274309267,0.283010049240654,0.7055809602455957,W/o Volume,polkadot.csv
0.16566957933498147,0.17511573300883554,0.7554619188756138,0.1723643355325264,0.18363019894356186,0.6177639816877258,W/o Volume,polygon.csv
0.19169612260168237,0.19063048350169756,0.4474651124979052,0.2195828346375126,0.20346358946602414,0.5090290583293928,W/o Volume,render.csv
0.2611032082358095,0.2922168852031447,0.9376035966034979,0.2727506777281364,0.31956162462034676,1.062382739883773,W/o Volume,sandbox.csv
0.22674497068845206,0.24165511963361685,1.020296729788754,0.19982143360434548,0.22058268097409803,2.128882970333611,W/o Volume,shiba_inu.csv
0.2037801159972927,0.2369126435319779,0.20616236188634665,0.28147606512206524,0.26326590522085347,0.6648491194829218,W/o Volume,solana.csv
0.21732681557864184,0.22254286690339897,0.644310543705227,0.21812260696236105,0.21155206224404074,0.49374287890722185,W/o Volume,stacks.csv
0.1335391561017556,0.14078889814041745,0.47046031800264115,0.15019264965799506,0.15885361565838224,0.7185564968390015,W/o Volume,stellar.csv
0.20346229455246825,0.2361554967895004,0.2771734744112361,0.23922791621709213,0.2489658046837883,0.308396116280955,W/o Volume,sui.csv
0.014583581288561874,0.01421026492788445,0.016159255122957267,0.015450805478606316,0.015512080016988788,0.04048675648682319,W/o Volume,tether.csv
0.18150168717193416,0.19081647020394973,0.6783710867484734,0.19638861370647,0.22906342024885276,0.8157048951830681,W/o Volume,tezos.csv
0.17324822412657373,0.2211626600916463,0.6307453574346849,0.2088831434235019,0.23405044952017307,0.7731838747219179,W/o Volume,theta.csv
0.23270771024468936,0.25673161447242315,0.5481466519035121,0.3455266042097364,0.3651059617996465,0.4239539295609012,W/o Volume,the_graph.csv
0.1868559291176509,0.18124979574660577,0.42186690609718824,0.16803104028837076,0.17042132156466258,0.466241080770586,W/o Volume,toncoin.csv
0.12831507492269334,0.14745732899680206,0.49709479090083225,0.16266686841879796,0.1703275734882473,0.3146643313545634,W/o Volume,tron.csv
0.1562461136494124,0.18075402437355936,0.2909428453362579,0.18057325439653768,0.20009247964552043,0.5924433027861,W/o Volume,uniswap.csv
0.011432906396108278,0.011143081971965618,0.012088129395682776,0.009896854492924451,0.012294120786403939,0.11702431782938505,W/o Volume,usd_coin.csv
0.1607429712958888,0.188329534378753,0.8463550273965306,0.163451313703144,0.16740555979560692,2.003354286555664,W/o Volume,vechain.csv
0.13303626231382393,0.135065650727422,0.4196409356342891,0.17431290547443365,0.16868091157485265,0.28254031277453856,W/o Volume,xrp.csv
0.16895231206911182,0.17346548051152044,0.17018982263216434,0.18196332444004362,0.17497546462795174,0.4950166619093326,W/o sentiment_score_mean,aave.csv
0.23635151303366486,0.30527999474355344,1.5054929796783922,0.23016369083953517,0.25896276905049487,1.1175788223780005,W/o sentiment_score_mean,algorand.csv
0.18066564761133505,0.17685205654105202,0.1917576538359161,0.1931650788643431,0.2163139076909069,0.3100813285319914,W/o sentiment_score_mean,aptos.csv
0.1799726568559145,0.1643446499105235,0.22265744423064596,0.18529445992042645,0.2066163475938817,0.2532451241324053,W/o sentiment_score_mean,arbitrum.csv
0.20925931170051357,0.25931693738554557,0.20964043211605454,0.30593956503669845,0.40185684517900766,0.815402799315565,W/o sentiment_score_mean,avalanche.csv
0.20770924296929252,0.3189248532553133,0.25618064279354735,0.268073926567136,0.31595597241837353,1.0776655785003117,W/o sentiment_score_mean,axie_infinity.csv
0.11799952560784972,0.13560528059419324,0.1171097643049282,0.15415616224923137,0.15694058406141842,0.5987163184834327,W/o sentiment_score_mean,binance_coin.csv
0.12361937270894643,0.13511215119910458,0.12327169940481575,0.17681943265607358,0.17600490348569425,0.3940896874842893,W/o sentiment_score_mean,bitcoin.csv
0.1505677561554916,0.1627184361891239,0.14592810642461546,0.20851794088059267,0.1876089498488125,0.607330046513678,W/o sentiment_score_mean,bitcoin_cash.csv
0.16152258299996552,0.1948793506647001,0.8732022097867853,0.1703634600747228,0.1843389736369606,0.6757764113656075,W/o sentiment_score_mean,cardano.csv
0.1869415638853958,0.20428234918340457,0.2343450096486627,0.21138524488054242,0.2113538916235283,0.5524031994395963,W/o sentiment_score_mean,chainlink.csv
0.17290575901915484,0.1769247217810855,0.23007506296728783,0.23801959987024307,0.2110917804257776,0.7184984455076616,W/o sentiment_score_mean,cosmos.csv
0.2421588181394804,0.2652789806096477,0.9621624029823955,0.2634594597341195,0.2742695112629417,0.932725876546059,W/o sentiment_score_mean,decentraland.csv
0.15486114120171207,0.1671519779155384,0.5900581836315105,0.15733486359122403,0.1545916171951105,1.1058700920958622,W/o sentiment_score_mean,dogecoin.csv
0.14261025068131258,0.19156880274846408,0.7831514096320052,0.1926965928613768,0.20117579324807988,0.78096037015032,W/o sentiment_score_mean,eos.csv
0.12834527790999734,0.1317188325723681,0.1267291455766394,0.16027958797919395,0.16053974602337975,0.3396823256950602,W/o sentiment_score_mean,ethereum.csv
0.21035401533334677,0.2602537193809352,0.9446267529882286,0.23871866074694453,0.22464427306162457,0.7831939525842481,W/o sentiment_score_mean,fantom.csv
0.18452234527066708,0.25512609235267236,0.3010639573662644,0.1838570914950108,0.19624054180632372,0.7758343780230371,W/o sentiment_score_mean,filecoin.csv
0.21041623346371116,0.3121495181312809,0.7854359005504511,0.25635750107456684,0.29894178383685494,1.3404315502916921,W/o sentiment_score_mean,flow.csv
0.1638048528699995,0.1965275230360255,0.870993578082219,0.16097914154674917,0.1599475460364609,1.2617668287361143,W/o sentiment_score_mean,hedera.csv
0.23120530730374228,0.28425517390932614,0.6881828353881699,0.2349788726817985,0.23246890644996254,0.7162496364915754,W/o sentiment_score_mean,immutable.csv
0.1935018116746415,0.20321947858457387,0.3095313083088706,0.4203665666352516,0.44725590707529994,0.6484461679077814,W/o sentiment_score_mean,injective.csv
0.21342988911138974,0.27773164953221086,0.3099969547293487,0.3128842136066777,0.34477455601791784,0.806411791040943,W/o sentiment_score_mean,internet_computer.csv
0.2024567835303582,0.2116451004852668,0.889357008381239,0.585028658658329,0.5904126591573685,0.7910159350804166,W/o sentiment_score_mean,kaspa.csv
0.1750627165471594,0.180848092595228,0.4170245377539497,0.18838189495991606,0.17682168983418725,0.4466226010743108,W/o sentiment_score_mean,lido.csv
0.14147569836191032,0.14689131106755987,0.13667916791822335,0.15087352599637738,0.1480194504048232,0.5831228253750715,W/o sentiment_score_mean,litecoin.csv
0.1473795520526216,0.14829092871954427,0.14656546322289946,0.18803505663114692,0.18981714344906883,0.5526049647385968,W/o sentiment_score_mean,maker.csv
0.22164744116944743,0.27217220952280174,0.4681085834436139,0.23661421834211174,0.30795645614907236,1.0243030320518862,W/o sentiment_score_mean,near.csv
0.17561058283513475,0.1804148062059922,0.3337236704212241,0.18316443138136287,0.22934136489314097,0.4222883667148275,W/o sentiment_score_mean,optimism.csv
0.37267267105469504,0.3712527049760967,0.5345224846688511,0.31667919769576325,0.3369424104797998,1.14953406710222,W/o sentiment_score_mean,pepe.csv
0.16649143986165918,0.2519347796023623,0.27177434366017605,0.26089021995272743,0.2786569711885874,0.7056258342303425,W/o sentiment_score_mean,polkadot.csv
0.16460332713310866,0.17975069461642953,0.7554619188756138,0.17308452240808314,0.1787565683727318,0.6173988610941924,W/o sentiment_score_mean,polygon.csv
0.19072636828243517,0.19289943418916936,0.4474651124979052,0.22222420759934167,0.2040749340030816,0.5082831087656149,W/o sentiment_score_mean,render.csv
0.2573912525665292,0.2897565312443399,0.9376035966034979,0.27329895825620476,0.3168161136247416,1.0616040990291544,W/o sentiment_score_mean,sandbox.csv
0.21027322549649874,0.2371487451360294,1.020296729788754,0.22209683101745556,0.2297254972221763,2.128882970333611,W/o sentiment_score_mean,shiba_inu.csv
0.2041089081657576,0.23130208441883898,0.20616236188634665,0.2899753938022482,0.26437455571646207,0.6646886775838953,W/o sentiment_score_mean,solana.csv
0.20788066452803375,0.2224097746582543,0.644310543705227,0.21783406215513137,0.21188865663999384,0.49267277176026975,W/o sentiment_score_mean,stacks.csv
0.13282918445396746,0.14039091332341763,0.47046031800264115,0.15031468795310549,0.1680234783490538,0.7163422257368496,W/o sentiment_score_mean,stellar.csv
0.2031220199496466,0.23516172633873755,0.2771734744112361,0.23921057907674387,0.25026369544461363,0.30830286508907134,W/o sentiment_score_mean,sui.csv
0.014500547574356157,0.01413541765048387,0.016159255122957267,0.01482085481617849,0.014932857572385126,0.04048675648682319,W/o sentiment_score_mean,tether.csv
0.18292088712892982,0.18988743453196275,0.6783710867484734,0.19580232049853993,0.23165507725046955,0.8155714565095133,W/o sentiment_score_mean,tezos.csv
0.17104028393823714,0.2366257265719634,0.6307453574346849,0.21110965510167862,0.23789198524553717,0.772966386160642,W/o sentiment_score_mean,theta.csv
0.23765542510118975,0.25522146758874537,0.5481466519035121,0.3445980709034339,0.3531667860818483,0.4230668353765178,W/o sentiment_score_mean,the_graph.csv
0.18520297737988972,0.17667157133016076,0.42186690609718824,0.169908540095152,0.1702784630222124,0.46335894025817326,W/o sentiment_score_mean,toncoin.csv
0.12587858108871178,0.14603074946764413,0.49709479090083225,0.16550589332120882,0.17032100818341916,0.3146643313545634,W/o sentiment_score_mean,tron.csv
0.15514893316561038,0.183056874220482,0.2909428453362579,0.18482030613219982,0.22321206986356235,0.5919369809464029,W/o sentiment_score_mean,uniswap.csv
0.010850159417897754,0.010749203565807731,0.012088129395682776,0.00982676736483196,0.012233645934702258,0.11702431782938505,W/o sentiment_score_mean,usd_coin.csv
0.15478480890332066,0.19638290153408358,0.8463550273965306,0.16495421805752747,0.1670407389807484,2.003354286555664,W/o sentiment_score_mean,vechain.csv
0.13200493679268727,0.13565223655045686,0.4196409356342891,0.17280908542621456,0.16881376203784124,0.2812550856665079,W/o sentiment_score_mean,xrp.csv
0.16894706792900469,0.17307668252337632,0.17018982263216434,0.18129430223703924,0.1739123878975991,0.4950322791447238,W/o sentiment_polarity_mean,aave.csv
0.23929166551293507,0.3054826250807237,1.5054929796783922,0.2299583066985164,0.26529509972761794,1.1197879463572917,W/o sentiment_polarity_mean,algorand.csv
0.18015709960756934,0.1769780478156576,0.1917576538359161,0.19171709076119442,0.19338526276357176,0.31000449204707403,W/o sentiment_polarity_mean,aptos.csv
0.1804878802144061,0.1647122962987753,0.22265744423064596,0.18378517330837757,0.20872788188281474,0.25336156284625777,W/o sentiment_polarity_mean,arbitrum.csv
0.2073855575274591,0.25949198990050754,0.20964043211605454,0.30813535731359193,0.4384171105083499,0.8154352486169062,W/o sentiment_polarity_mean,avalanche.csv
0.21046066832092286,0.3177893501219161,0.25618064279354735,0.267767454278896,0.3136600863772974,1.0777261324740037,W/o sentiment_polarity_mean,axie_infinity.csv
0.12109728992846387,0.13521049827854023,0.11841439086245048,0.15457160801807104,0.14325565220372177,0.5987251073627106,W/o sentiment_polarity_mean,binance_coin.csv
0.12414321757200071,0.13538011218710597,0.12385585330471373,0.17666758054841708,0.1756589222938436,0.39408963034510136,W/o sentiment_polarity_mean,bitcoin.csv
0.15175141707680467,0.16320214391816817,0.14656876143035985,0.21013058717590574,0.18633892440782146,0.6073168438367179,W/o sentiment_polarity_mean,bitcoin_cash.csv
0.1639748130842869,0.19497291331091132,0.8732022097867853,0.1717636222257836,0.19182836001480894,0.6770860960959219,W/o sentiment_polarity_mean,cardano.csv
0.1893136275495956,0.20663213420196724,0.2343450096486627,0.21034937537710474,0.21756263981900917,0.5524209010123765,W/o sentiment_polarity_mean,chainlink.csv
0.17605220713445818,0.18028952212414368,0.23007506296728783,0.2381664133263407,0.21713428102976792,0.718666079204403,W/o sentiment_polarity_mean,cosmos.csv
0.24737813584082313,0.2683898372716287,0.9621624029823955,0.2629457685509893,0.2713513789888975,0.9325123345152566,W/o sentiment_polarity_mean,decentraland.csv
0.15668462352941556,0.16783151980031344,0.5900581836315105,0.15614172171994908,0.1514548126918401,1.1060593202916098,W/o sentiment_polarity_mean,dogecoin.csv
0.14958447157653623,0.1912658421835617,0.7831514096320052,0.1925077583094327,0.20778376769631224,0.7801096978666842,W/o sentiment_polarity_mean,eos.csv
0.12920767489670648,0.13199906987043092,0.12822587769185467,0.15965961637314507,0.15896809665783468,0.3396826573035077,W/o sentiment_polarity_mean,ethereum.csv
0.21413971841528326,0.2610212950771352,0.9446267529882286,0.2445443196967191,0.21211362907673734,0.7804994649681126,W/o sentiment_polarity_mean,fantom.csv
0.1898709847750778,0.2552329300937106,0.3010639573662644,0.18429096468047257,0.18982597999616077,0.775772639970641,W/o sentiment_polarity_mean,filecoin.csv
0.21497938107864592,0.31199769982157693,0.7854359005504511,0.2558818793322853,0.2897737017021348,1.3407533026688112,W/o sentiment_polarity_mean,flow.csv
0.17354404621817268,0.19801062709748785,0.870993578082219,0.16182488564292352,0.1612485709512088,1.2599307095922565,W/o sentiment_polarity_mean,hedera.csv
0.25051848562028806,0.2873345301648456,0.6881828353881699,0.23277465834705793,0.233416853573005,0.7165944965510882,W/o sentiment_polarity_mean,immutable.csv
0.1934269576502106,0.20297434604270803,0.3095313083088706,0.4191595454544722,0.4422660264871234,0.6485009004360237,W/o sentiment_polarity_mean,injective.csv
0.21815287088153915,0.2790045972774749,0.3099969547293487,0.3125920529442027,0.34020187955797826,0.8064833883188185,W/o sentiment_polarity_mean,internet_computer.csv
0.20241401155047326,0.21164858067536427,0.889357008381239,0.585347827307312,0.5900178827793312,0.7910159350804166,W/o sentiment_polarity_mean,kaspa.csv
0.17596719583696913,0.1807519666959982,0.4170245377539497,0.1866329617257827,0.17736715783879758,0.4464666633055967,W/o sentiment_polarity_mean,lido.csv
0.1414369280352294,0.14732664867402462,0.13667916791822335,0.1503170101119035,0.14650741873411943,0.5831433238503486,W/o sentiment_polarity_mean,litecoin.csv
0.14899139387053226,0.14932920260415528,0.14795883406656965,0.19763901557666314,0.18916537839199685,0.5525988825148874,W/o sentiment_polarity_mean,maker.csv
0.23671486853270166,0.27692340608684674,0.4681085834436139,0.23883247984931755,0.31684675402672463,1.0242880314017557,W/o sentiment_polarity_mean,near.csv
0.176349846307208,0.18061139051468988,0.3337236704212241,0.1857582013962059,0.19908236828017373,0.42226517429974947,W/o sentiment_polarity_mean,optimism.csv
0.37767445735123345,0.37228616851610574,0.5345224846688511,0.3227117243693065,0.34082268927664616,1.14953406710222,W/o sentiment_polarity_mean,pepe.csv
0.16726053506285302,0.2520693094721967,0.27177434366017605,0.2596559145147971,0.27839267439369747,0.7054741368986754,W/o sentiment_polarity_mean,polkadot.csv
0.16573916747511236,0.17982896815093424,0.7554619188756138,0.1735464769039743,0.17859125133702577,0.617600188167226,W/o sentiment_polarity_mean,polygon.csv
0.19158000317382254,0.19311836812220295,0.4474651124979052,0.21948139878752512,0.20110502257589977,0.5084176374312975,W/o sentiment_polarity_mean,render.csv
0.2546902781011083,0.29006676806922815,0.9376035966034979,0.2731860002596586,0.3171282268126954,1.061900608254253,W/o sentiment_polarity_mean,sandbox.csv
0.21841975242514597,0.24112356409671828,1.020296729788754,0.20259536288035346,0.20776282227949888,2.128882970333611,W/o sentiment_polarity_mean,shiba_inu.csv
0.20301358768454886,0.22939145958656554,0.20616236188634665,0.281052012543463,0.26074227290355734,0.6646753560513319,W/o sentiment_polarity_mean,solana.csv
0.214520000525084,0.22643145686076654,0.644310543705227,0.218754623571354,0.21836360072073754,0.492879013667067,W/o sentiment_polarity_mean,stacks.csv
0.13377345347114208,0.1411145697795954,0.47046031800264115,0.14968248196045736,0.16928767230903274,0.7161378600073218,W/o sentiment_polarity_mean,stellar.csv
0.20363537696823372,0.23727868951282985,0.2771734744112361,0.238547792627799,0.24561717839302522,0.3083987676090835,W/o sentiment_polarity_mean,sui.csv
0.01453500634050153,0.014139352356066748,0.016159255122957267,0.014804314560618414,0.014759097332997219,0.04048675648682319,W/o sentiment_polarity_mean,tether.csv
0.18989504866985596,0.19217525307976832,0.6783710867484734,0.19635853395055175,0.23000844046597269,0.8164470550728343,W/o sentiment_polarity_mean,tezos.csv
0.17454767487390685,0.2361622782678372,0.6307453574346849,0.20836295323443213,0.22847475203932663,0.7727706870324765,W/o sentiment_polarity_mean,theta.csv
0.23865646050920605,0.25583761665855126,0.5481466519035121,0.345465257039576,0.3527691347327437,0.4229438602946622,W/o sentiment_polarity_mean,the_graph.csv
0.18622749235391303,0.17812872467835297,0.42186690609718824,0.16927730064220936,0.17158648420713088,0.46331518846956166,W/o sentiment_polarity_mean,toncoin.csv
0.12596386635963205,0.1459003398091298,0.49709479090083225,0.16325414808946126,0.16614723324937772,0.3146643313545634,W/o sentiment_polarity_mean,tron.csv
0.15704122392386155,0.18278700565901007,0.2909428453362579,0.1873368455416189,0.21715877587206117,0.591842888440063,W/o sentiment_polarity_mean,uniswap.csv
0.01130706715666653,0.011119259750355253,0.012088129395682776,0.009783269638595058,0.012247915984620413,0.11702431782938505,W/o sentiment_polarity_mean,usd_coin.csv
0.16062176561887,0.19715535561028402,0.8463550273965306,0.16430906914868823,0.17057824647204234,2.003354286555664,W/o sentiment_polarity_mean,vechain.csv
0.13320051528857657,0.13655958445400848,0.4196409356342891,0.1723865748667252,0.17084579455462962,0.281664867616797,W/o sentiment_polarity_mean,xrp.csv
0.16919617376723428,0.17340527270868267,0.17018982263216434,0.1826051342194175,0.17303073036884403,0.4950224262002498,W/o sentiment_subjectivity_mean,aave.csv
0.23908797472678656,0.30398094833904127,1.5054929796783922,0.22990920689458375,0.2620415445630099,1.1203954497846444,W/o sentiment_subjectivity_mean,algorand.csv
0.18081707481751189,0.1774567622562198,0.1917576538359161,0.19147756315686165,0.20044249410946663,0.31003768637771784,W/o sentiment_subjectivity_mean,aptos.csv
0.1795147995183945,0.16473018879826157,0.22265744423064596,0.18508968212129454,0.20343838660609898,0.25326463037804986,W/o sentiment_subjectivity_mean,arbitrum.csv
0.20921667600324056,0.25800438823739447,0.20964043211605454,0.30879235776100206,0.4580239051457091,0.8154777258754993,W/o sentiment_subjectivity_mean,avalanche.csv
0.209603862826156,0.31923786294825446,0.25618064279354735,0.2664914667103451,0.3181301158560262,1.077824093807539,W/o sentiment_subjectivity_mean,axie_infinity.csv
0.12171594708654367,0.13321233987942732,0.11841439086245048,0.14838712364925521,0.1487171900030557,0.5987238582729113,W/o sentiment_subjectivity_mean,binance_coin.csv
0.12472615514701138,0.13571742398428624,0.12435032774429955,0.17701340453583303,0.17559394307384343,0.39408975639098637,W/o sentiment_subjectivity_mean,bitcoin.csv
0.1518058432964629,0.1634745474659176,0.14656876143035985,0.2068063689352274,0.18938245638999143,0.6073462515236139,W/o sentiment_subjectivity_mean,bitcoin_cash.csv
0.16449995552902594,0.19497299452058317,0.8732022097867853,0.16942911119180626,0.20360206138098305,0.6773875100521631,W/o sentiment_subjectivity_mean,cardano.csv
0.189961673545486,0.2065538738898791,0.2343450096486627,0.20901359164671943,0.20993899944862088,0.5524137432262438,W/o sentiment_subjectivity_mean,chainlink.csv
0.1756834425203477,0.18056097380248975,0.23007506296728783,0.2390875702769135,0.2065129067361721,0.7185133952231967,W/o sentiment_subjectivity_mean,cosmos.csv
0.24083344534692783,0.26592045086968963,0.9621624029823955,0.2620985508841412,0.28224338006482363,0.9324593679672283,W/o sentiment_subjectivity_mean,decentraland.csv
0.1539995370369291,0.16649421761481004,0.5900581836315105,0.1547755576768141,0.15142715717898472,1.1054650935817436,W/o sentiment_subjectivity_mean,dogecoin.csv
0.15096573411728537,0.19107733900402038,0.7831514096320052,0.19244834938840097,0.21583646547118743,0.7804920708149846,W/o sentiment_subjectivity_mean,eos.csv
0.128167283292009,0.1317557087859848,0.1276501174525715,0.16156801158227094,0.1588889818432039,0.3396824063366164,W/o sentiment_subjectivity_mean,ethereum.csv
0.2119745982776385,0.2671195883616338,0.9446267529882286,0.24202277947798118,0.22117611342550966,0.781289283192844,W/o sentiment_subjectivity_mean,fantom.csv
0.18860007611833496,0.25383847759289024,0.3010639573662644,0.18356613630887503,0.1903393401238109,0.7758071388069961,W/o sentiment_subjectivity_mean,filecoin.csv
0.2164003218070062,0.31240593107822917,0.7854359005504511,0.2576798113159469,0.2981443248565827,1.3405087492433327,W/o sentiment_subjectivity_mean,flow.csv
0.1734669207220419,0.19684907944758817,0.870993578082219,0.16263017571236776,0.1620077669020097,1.2588017795573352,W/o sentiment_subjectivity_mean,hedera.csv
0.2438692632636911,0.28446349955847805,0.6881828353881699,0.23182555359372278,0.23981735755477865,0.7167635760788648,W/o sentiment_subjectivity_mean,immutable.csv
0.19381174278276728,0.20292499379927662,0.3095313083088706,0.4209972677561536,0.4492735113681378,0.6484894358085156,W/o sentiment_subjectivity_mean,injective.csv
0.22175745421078513,0.27854503204689857,0.3099969547293487,0.31209135573528857,0.3404665918985792,0.8064422062698227,W/o sentiment_subjectivity_mean,internet_computer.csv
0.20260849929387476,0.21171419188494853,0.889357008381239,0.5828763121221636,0.588198142773651,0.7910159350804166,W/o sentiment_subjectivity_mean,kaspa.csv
0.1757942384467549,0.17957350636881864,0.4170245377539497,0.18719992011221537,0.1780063425135977,0.4464598003368852,W/o sentiment_subjectivity_mean,lido.csv
0.13997165821063878,0.14536951559171954,0.13667916791822335,0.1522422700403857,0.14167172285389634,0.5831008376134502,W/o sentiment_subjectivity_mean,litecoin.csv
0.14800907571313016,0.14719176291699693,0.14565374084063978,0.19494818387485766,0.1905967801736196,0.5526079048328432,W/o sentiment_subjectivity_mean,maker.csv
0.23179065406555754,0.2747779735044336,0.4681085834436139,0.2368729091209694,0.3047294796437919,1.0242579291724205,W/o sentiment_subjectivity_mean,near.csv
0.17643395839473797,0.180986438634069,0.3337236704212241,0.18384090981199255,0.22849098885844749,0.4223126389813228,W/o sentiment_subjectivity_mean,optimism.csv
0.37455079159863414,0.36977709887548665,0.5345224846688511,0.3202677451312082,0.3475359541227302,1.14953406710222,W/o sentiment_subjectivity_mean,pepe.csv
0.16667719783765597,0.2521513997764228,0.27177434366017605,0.2584772764499413,0.28388908719067085,0.7055289171295144,W/o sentiment_subjectivity_mean,polkadot.csv
0.1660943455337216,0.1794888726241802,0.7554619188756138,0.1749423707846618,0.1846332117622364,0.6176418365669853,W/o sentiment_subjectivity_mean,polygon.csv
0.192737433087378,0.19341690790797167,0.4474651124979052,0.22001040951587608,0.20181117411479293,0.5084224817382852,W/o sentiment_subjectivity_mean,render.csv
0.25955867423913775,0.29127501946912215,0.9376035966034979,0.27373670490682744,0.31842518552230703,1.0618523701157419,W/o sentiment_subjectivity_mean,sandbox.csv
0.21632774909095953,0.23983108525391442,1.020296729788754,0.20720638872154118,0.20832694453413098,2.128882970333611,W/o sentiment_subjectivity_mean,shiba_inu.csv
0.1972364443364087,0.22689897810506504,0.20616236188634665,0.2799042308785359,0.26772045774237496,0.664676243511152,W/o sentiment_subjectivity_mean,solana.csv
0.21335999983197484,0.226617900074392,0.644310543705227,0.21916326826296512,0.21223200565073663,0.4930770789490135,W/o sentiment_subjectivity_mean,stacks.csv
0.1338390151766434,0.14119958735933116,0.47046031800264115,0.15006270491629814,0.16681424177541032,0.7179916611898444,W/o sentiment_subjectivity_mean,stellar.csv
0.2037253053947713,0.23727545556224097,0.2771734744112361,0.2374253260372156,0.24726661626187818,0.3083385963012216,W/o sentiment_subjectivity_mean,sui.csv
0.014579721388012936,0.014165907314518247,0.016159255122957267,0.014840630120130094,0.014731521587072128,0.04048675648682319,W/o sentiment_subjectivity_mean,tether.csv
0.1929232676041922,0.19255552763714717,0.6783710867484734,0.19606000536035448,0.23064550863427044,0.8156048244632881,W/o sentiment_subjectivity_mean,tezos.csv
0.17486495683814504,0.2357296268077972,0.6307453574346849,0.2075562919989691,0.2304949705796713,0.7729179330292199,W/o sentiment_subjectivity_mean,theta.csv
0.23859998390564965,0.2562081928063449,0.5481466519035121,0.34240664200679866,0.3560711697146222,0.4235650447329167,W/o sentiment_subjectivity_mean,the_graph.csv
0.1851771401492887,0.17678808323248632,0.42186690609718824,0.16969810495411025,0.16903738554418005,0.4632211079523539,W/o sentiment_subjectivity_mean,toncoin.csv
0.12601026328622858,0.1460446066635259,0.49709479090083225,0.16362798933516992,0.15466432420681175,0.3146643313545634,W/o sentiment_subjectivity_mean,tron.csv
0.15556272360662637,0.18237428375566864,0.2909428453362579,0.1879331078634096,0.22305135459194902,0.5919059608009487,W/o sentiment_subjectivity_mean,uniswap.csv
0.011379686869146964,0.011180637260344224,0.012088129395682776,0.009655897014084609,0.012192045337953428,0.11702431782938505,W/o sentiment_subjectivity_mean,usd_coin.csv
0.1607675839157829,0.19630596244385204,0.8463550273965306,0.16506215488905235,0.16546468095519257,2.003354286555664,W/o sentiment_subjectivity_mean,vechain.csv
0.1331625580876916,0.1362449095239901,0.4196409356342891,0.17243207634769778,0.1681286056375839,0.28183288239768833,W/o sentiment_subjectivity_mean,xrp.csv
0.16708098129604484,0.16935779160439599,0.16542337685692451,0.1811504621113824,0.1759784124182586,0.2974497573509241,W/o news_count,aave.csv
0.23920230983891816,0.3023440115900247,1.7244989962916613,0.2307118245299198,0.25652052065836334,0.7148445018448569,W/o news_count,algorand.csv
0.17886607469825022,0.17606544343647684,0.19111179651252136,0.18374047884890046,0.18984160317041895,0.19604900307003728,W/o news_count,aptos.csv
0.1790435249040522,0.16463403931868792,0.2175547387910255,0.17755136606614327,0.18535601012270256,0.17652492097082276,W/o news_count,arbitrum.csv
0.20938082494999574,0.24911952025895778,0.2052321784170221,0.3039636314679705,0.4579592579153302,0.5765335763216519,W/o news_count,avalanche.csv
0.21026970924108102,0.3095319618104979,0.2397088908093511,0.268966714993281,0.31938811512965665,0.6679078428548089,W/o news_count,axie_infinity.csv
0.12221934659514654,0.13626432574607628,0.11900426058595961,0.15304626180596867,0.14342367930768699,0.41679066299876133,W/o news_count,binance_coin.csv
0.12442848470004358,0.13460634768776447,0.1241073147266886,0.1788760530135622,0.17456445030625067,0.39251499331731876,W/o news_count,bitcoin.csv
0.15066990680544498,0.15849737122436633,0.14547365325967088,0.2104903630074118,0.18416600262764113,0.46622972732641493,W/o news_count,bitcoin_cash.csv
0.16406475912787838,0.1932230067922013,1.0175184597247082,0.1695187906540931,0.2076280161128708,0.511524484526561,W/o news_count,cardano.csv
0.18730147923083937,0.19833010136633078,0.2010545992889952,0.20828182878599086,0.21608816795954686,0.20101008496176082,W/o news_count,chainlink.csv
0.17455566486966273,0.1633938590608478,0.2357671736828706,0.24301694747654,0.21687485482378618,0.34007178967855356,W/o news_count,cosmos.csv
0.24053913697512558,0.2660073298670196,1.0542446292757497,0.2609413052848656,0.2751899784211664,0.4551063881092778,W/o news_count,decentraland.csv
0.15569644335519764,0.16767443923298378,0.6639182056421971,0.15566723803210283,0.1521177066122508,1.1187906242473589,W/o news_count,dogecoin.csv
0.150440737867114,0.18875212427466448,0.8231049448965926,0.19002981115249085,0.20691446490090104,0.33251557484879224,W/o news_count,eos.csv
0.12919355546863065,0.13175218612195014,0.12807924717290745,0.1625608761315415,0.1588513751377375,0.32481953679924047,W/o news_count,ethereum.csv
0.20049607503513464,0.2171454394216886,1.0499264718517658,0.23886456430161898,0.22419047493512312,0.5273372031122231,W/o news_count,fantom.csv
0.1883098501538636,0.24887532727377018,0.2979259228879795,0.18451292095859848,0.1860308998165056,0.4754869189316879,W/o news_count,filecoin.csv
0.2154582809710136,0.3082687304594149,0.8574630785781624,0.2563465655018188,0.2952680210362782,0.4822199335053525,W/o news_count,flow.csv
0.17468254768523983,0.19699963144425625,1.0596701022588877,0.16249045440520973,0.16152081683100525,1.2258166696822654,W/o news_count,hedera.csv
0.24776276099307193,0.2786537782303443,0.6466939151105787,0.23146469328121969,0.2355063752359446,0.3244821792278761,W/o news_count,immutable.csv
0.1956962891892437,0.20605516331430934,0.29461242632045376,0.4213333959828892,0.4478996113354345,0.48858909429600594,W/o news_count,injective.csv
0.21752593162184514,0.2778330796106375,0.308051470525014,0.31109299318826694,0.3437717711218297,0.43781765643608234,W/o news_count,internet_computer.csv
0.20267576049284086,0.21169957067631986,0.889357008381239,0.5858641300283816,0.5891420340899102,0.7910159350804166,W/o news_count,kaspa.csv
0.17727618795853067,0.1810260551845939,0.40676042553479996,0.1893377759854029,0.17651211150537735,0.17949302957446978,W/o news_count,lido.csv
0.14062564655975307,0.14912696638209536,0.136982963976123,0.15162046852869374,0.1428512020788539,0.22078479265454215,W/o news_count,litecoin.csv
0.149811004795954,0.1488158070100582,0.14768723515302118,0.1938307503506345,0.1951660387525011,0.5107666204055603,W/o news_count,maker.csv
0.2092107504192358,0.2139855177111951,0.5126287672280264,0.23941888816236204,0.31003672576736696,0.4273533836233122,W/o news_count,near.csv
0.1767953267533691,0.17865267425432171,0.3394472335346827,0.18156926665158415,0.2505012437102395,0.1946653516897293,W/o news_count,optimism.csv
0.37938481186888656,0.3704405975914131,0.5345224846688511,0.313505524972477,0.3306501380546808,1.14953406710222,W/o news_count,pepe.csv
0.16729030628467537,0.25358379727226427,0.2697396846758376,0.2619041508726599,0.28565463719848694,0.3997212494557767,W/o news_count,polkadot.csv
0.16436239211450143,0.17772114025779984,0.8593392217339142,0.1734754918090514,0.1757451114086581,0.3721309026304044,W/o news_count,polygon.csv
0.18935138927739464,0.18677614512151158,0.3500651721502763,0.2160448559408585,0.20126314444046334,0.2042678922111874,W/o news_count,render.csv
0.2591852683376862,0.29006301039652654,1.0392684879442182,0.2732056008220274,0.3171731149552163,0.5231464808195861,W/o news_count,sandbox.csv
0.22806598746705886,0.24389386415683295,1.020296729788754,0.1990559950438435,0.21947133678161931,2.128882970333611,W/o news_count,shiba_inu.csv
0.20275302339327642,0.2221525334743,0.19269223255721354,0.2887418866114533,0.25860723411870573,0.3019091360350176,W/o news_count,solana.csv
0.2110733671064676,0.20881687240464034,0.576411559490705,0.21578271643969027,0.2182137198237643,0.28222311396713345,W/o news_count,stacks.csv
0.13410877899428958,0.14071455040852318,0.4691039707458472,0.1493013495552043,0.14721149915978196,0.710791324820036,W/o news_count,stellar.csv
0.2040458583561253,0.23591230098370766,0.2740649183913606,0.2375880790505074,0.24183317681097966,0.23460949238869705,W/o news_count,sui.csv
0.014586528637711323,0.014143623819384575,0.016159255122957267,0.014800581722203533,0.01448127703808243,0.04048675648682319,W/o news_count,tether.csv
0.1856963696460606,0.18799307962703127,0.7273889740167377,0.19289345478529332,0.228820619295751,0.29973082405080376,W/o news_count,tezos.csv
0.17506889004007473,0.23507325026489154,0.6624809537317938,0.20814757850178794,0.23926475545683404,0.3772195235709543,W/o news_count,theta.csv
0.25278713428732197,0.24554497575978074,0.741052975629404,0.3443787827364677,0.3578930062925136,0.4131170389424997,W/o news_count,the_graph.csv
0.18378820693702821,0.1746724446044207,0.3388756870807735,0.16970862340428625,0.17273706578284695,0.17375248123132506,W/o news_count,toncoin.csv
0.12951858191585797,0.1495223587907782,0.49709479090083225,0.1653610702188189,0.16576875194469665,0.3146643313545634,W/o news_count,tron.csv
0.15656360907507452,0.18252277604061448,0.284233203645015,0.1898837854275566,0.22215648568199217,0.2923180710455711,W/o news_count,uniswap.csv
0.011438705948884586,0.011164602485857263,0.012088129395682776,0.009699919739154272,0.01272280623974521,0.11702431782938505,W/o news_count,usd_coin.csv
0.16083622141660625,0.1934923729117282,0.9968471900465827,0.1639097232815697,0.164315824339634,2.003354286555664,W/o news_count,vechain.csv
0.1330345716134508,0.13710253799451108,0.31084913589249985,0.1739962125512464,0.1632044456746622,0.21707126281113354,W/o news_count,xrp.csv
0.1687738665398343,0.17942840183239672,0.17018982263216434,0.1807357690884349,0.1747998661172379,0.4950345654361224,W/o log_return,aave.csv
0.2385741867719705,0.30875019867544257,1.5054929796783922,0.22938590153348884,0.26004938548271356,1.119259599622363,W/o log_return,algorand.csv
0.17714876071043373,0.17797597622154113,0.1917576538359161,0.1898229159802294,0.18910462431672967,0.3099993890014369,W/o log_return,aptos.csv
0.18033539316722993,0.1650360439791963,0.22265744423064596,0.1839176924912196,0.2044196125768305,0.2533967922350671,W/o log_return,arbitrum.csv
0.20917287892411512,0.2560049181297624,0.20964043211605454,0.3080681438818805,0.45129095347643106,0.8154234733842979,W/o log_return,avalanche.csv
0.20753989941634077,0.3111320077692567,0.25618064279354735,0.2807895635131759,0.3163071664026337,1.0777021028377762,W/o log_return,axie_infinity.csv
0.12227546216242964,0.13567607579784557,0.1184143908624505,0.1502505961360706,0.15342845866728294,0.5987253845178186,W/o log_return,binance_coin.csv
0.12453534835137788,0.13799950153862217,0.12434688824428929,0.175567715542277,0.17571610060253323,0.3940895977669008,W/o log_return,bitcoin.csv
0.15163727824754425,0.16943222825183912,0.14656876143035985,0.20955582620938992,0.1853217577722804,0.6073090259649807,W/o log_return,bitcoin_cash.csv
0.16575834517936464,0.2005438322053378,0.8732022097867853,0.17134079932158347,0.18132218711583073,0.6771579541105953,W/o log_return,cardano.csv
0.18980632045730947,0.2129227270489266,0.2343450096486627,0.21067988651506953,0.22072990109192475,0.5524140714054824,W/o log_return,chainlink.csv
0.1763971235848544,0.18567050436917157,0.23007506296728783,0.2379657641172096,0.20721810541518082,0.7186988090899346,W/o log_return,cosmos.csv
0.22762513893107394,0.26661661706286716,0.9621624029823955,0.26374287937055246,0.26348083831402247,0.9324074961812726,W/o log_return,decentraland.csv
0.1562765562484226,0.1701591005712907,0.5900581836315105,0.15988822122350846,0.1530997446539572,1.1060630748787106,W/o log_return,dogecoin.csv
0.15141265281431135,0.18642204685478725,0.7831514096320052,0.19521929796178206,0.2053706364543893,0.7800450755525545,W/o log_return,eos.csv
0.12961439912186706,0.13523143232951207,0.12823529573600465,0.16383998671986144,0.15881696160198527,0.3396827327723788,W/o log_return,ethereum.csv
0.20959915654593686,0.26538765914616186,0.9446267529882286,0.24655476064702359,0.22331309432064245,0.7821952269390171,W/o log_return,fantom.csv
0.18926099550538739,0.2546017278067258,0.3010639573662644,0.18390447945586919,0.18408049950511274,0.7756754991096759,W/o log_return,filecoin.csv
0.21761433356899315,0.3016150219500514,0.7854359005504511,0.25780155104065994,0.3304326687302794,1.3408247205057808,W/o log_return,flow.csv
0.17383953012058168,0.2023021893643109,0.870993578082219,0.16124330222958527,0.1576728101707308,1.2580245846420497,W/o log_return,hedera.csv
0.25414218949292305,0.29178556854388515,0.6881828353881699,0.23190536161392072,0.23218901362675345,0.716787922428147,W/o log_return,immutable.csv
0.19210868123653638,0.20556333613479863,0.3095313083088706,0.4189026069039318,0.44065655859538244,0.6485064655059233,W/o log_return,injective.csv
0.22097736220758651,0.2859875868787951,0.3099969547293487,0.31494842204047735,0.346700955386397,0.8064946184203652,W/o log_return,internet_computer.csv
0.20259501657604734,0.21237908412409348,0.889357008381239,0.5862331496333114,0.5879167142825551,0.7910159350804166,W/o log_return,kaspa.csv
0.17745209870601197,0.1852755754002394,0.4170245377539497,0.18968076288151475,0.1767448645852853,0.44640647993148824,W/o log_return,lido.csv
0.14049416494697056,0.1498733981286407,0.13667916791822335,0.15181067678859533,0.1506892068158679,0.5831548470444151,W/o log_return,litecoin.csv
0.1502147424400889,0.15471482390788663,0.14795841865286782,0.19277052487490853,0.18611818019746867,0.5525965025896883,W/o log_return,maker.csv
0.23585745022730042,0.27446429232352804,0.4681085834436139,0.23816190798154643,0.3090061502862067,1.0242956611994338,W/o log_return,near.csv
0.1770242846823845,0.18115642219719147,0.3337236704212241,0.1830947361698815,0.2754905921075749,0.4222588369573844,W/o log_return,optimism.csv
0.3757365327731683,0.37074402180217014,0.5345224846688511,0.3157756887678971,0.3392571153069053,1.14953406710222,W/o log_return,pepe.csv
0.16674605336627718,0.2546742205182953,0.27177434366017605,0.259676188981875,0.28558445657294856,0.7054840785760264,W/o log_return,polkadot.csv
0.1649994868966386,0.18239585345081033,0.7554619188756138,0.17322771545345503,0.17782615988036665,0.6174098160719759,W/o log_return,polygon.csv
0.19333505369865436,0.2013309442026535,0.4474651124979052,0.22253865011126184,0.2054859005584512,0.5084402846755959,W/o log_return,render.csv
0.2566440721960876,0.29595780686699785,0.9376035966034979,0.27440506759149563,0.322497470305802,1.061964499751397,W/o log_return,sandbox.csv
0.22552608532994342,0.24439521181511417,1.020296729788754,0.20072571202807366,0.21346685671149826,2.128882970333611,W/o log_return,shiba_inu.csv
0.2020853063401134,0.2344552060220696,0.20616236188634665,0.2875834348280023,0.26755392287086527,0.6646754266961347,W/o log_return,solana.csv
0.21700314789712102,0.23827085362752853,0.644310543705227,0.2186505734482863,0.21604659163740164,0.4929351993947205,W/o log_return,stacks.csv
0.1345063835638431,0.14581043930683238,0.47046031800264115,0.1515251594723202,0.16691583735293683,0.7161578252194412,W/o log_return,stellar.csv
0.20415602561706056,0.23717587455200853,0.2771734744112361,0.2380867387207619,0.25246730758348,0.30839051451006805,W/o log_return,sui.csv
0.014535930487905963,0.014158376294014152,0.016159255122957267,0.01480671608561055,0.014886789815390801,0.04048675648682319,W/o log_return,tether.csv
0.17778428982595826,0.1925070777007822,0.6783710867484734,0.19592066560450963,0.2329231328169357,0.815762564874988,W/o log_return,tezos.csv
0.17635988272118336,0.2391851718115011,0.6307453574346849,0.2080997956899775,0.23989422767706564,0.7727580597452893,W/o log_return,theta.csv
0.2393505582870974,0.2590647891133944,0.5481466519035121,0.3402967682384116,0.35317989006994926,0.4229805165757213,W/o log_return,the_graph.csv
0.18659128340791423,0.18254404702566712,0.42186690609718824,0.17083604680061593,0.17086217078912663,0.46339012225259335,W/o log_return,toncoin.csv
0.12473716729079393,0.1466005703279398,0.49709479090083225,0.16221842243107393,0.17134294127252922,0.3146643313545634,W/o log_return,tron.csv
0.15643613422856373,0.1838228077331334,0.2909428453362579,0.1904394537488528,0.2401479430242928,0.5918166312115954,W/o log_return,uniswap.csv
0.011375991366200799,0.01114269841962954,0.012088129395682776,0.009663636169618033,0.012374732935080238,0.11702431782938505,W/o log_return,usd_coin.csv
0.16294308110956793,0.20539713990345523,0.8463550273965306,0.16544222134884726,0.16408605131816167,2.003354286555664,W/o log_return,vechain.csv
0.13336154974926906,0.13977165088774537,0.4196409356342891,0.17179798661102821,0.17654257069356658,0.2814639779595539,W/o log_return,xrp.csv
0.16879847578906157,0.1717671737265347,0.17018982263216434,0.17910550526240065,0.17766186121935953,0.4950845891783663,W/o vol_7d,aave.csv
0.23926289470937429,0.30311548659542353,1.5054929796783922,0.2283830998895412,0.2576014358246912,1.120040060933409,W/o vol_7d,algorand.csv
0.17680501171433935,0.1754416072714704,0.1917576538359161,0.19524796689518698,0.19322521465701645,0.3102636791042122,W/o vol_7d,aptos.csv
0.1817028562638303,0.16503571235711134,0.22265744423064596,0.18478486380958542,0.2043930831654178,0.2536997935680366,W/o vol_7d,arbitrum.csv
0.2065510338414558,0.25413577361393985,0.20964043211605454,0.30251787468109326,0.4364481136462322,0.8155220424665853,W/o vol_7d,avalanche.csv
0.2110287848116658,0.31499436493055866,0.25618064279354735,0.26757027665975314,0.3247086389472475,1.0783530033298718,W/o vol_7d,axie_infinity.csv
0.12213941263596188,0.13449086783896758,0.1184143908624505,0.15296017552278152,0.15499838064386717,0.5987244905088916,W/o vol_7d,binance_coin.csv
0.12454018329543076,0.1353905554240813,0.1241686728627375,0.1795844601941938,0.17595379407469877,0.39408974048525913,W/o vol_7d,bitcoin.csv
0.15172254933244048,0.16235266079083446,0.14656865556315612,0.20061294251346629,0.19054450758782174,0.6073395242777438,W/o vol_7d,bitcoin_cash.csv
0.16349192287944067,0.18299551298980346,0.8732022097867853,0.17312423877465707,0.2041114991680566,0.6805001696776789,W/o vol_7d,cardano.csv
0.18955433273062197,0.20404228111830588,0.2343450096486627,0.21296535517531504,0.21624112962278355,0.5524676628869377,W/o vol_7d,chainlink.csv
0.178290274301433,0.1770586744668056,0.23007506296728783,0.23741146816421796,0.20882786040901777,0.7186302512500488,W/o vol_7d,cosmos.csv
0.23087963258837996,0.2603442172528377,0.9621624029823955,0.2638924361751066,0.26581989929280964,0.9331448575776021,W/o vol_7d,decentraland.csv
0.15654814102859238,0.16731844753211852,0.5900581836315105,0.1550451906457663,0.15356054881772904,1.1060360417436146,W/o vol_7d,dogecoin.csv
0.15164788880141705,0.18990554766634907,0.7831514096320052,0.19303781630126796,0.20318151572658352,0.7826411881225972,W/o vol_7d,eos.csv
0.12976587082172572,0.13266554991020701,0.1286502495613245,0.16387352116066964,0.15851407749057825,0.3396824879265762,W/o vol_7d,ethereum.csv
0.20882643468293147,0.25635082385330027,0.9446267529882286,0.2431930650259968,0.23047689822135184,0.7912176758727754,W/o vol_7d,fantom.csv
0.18895540343929185,0.25451933384858083,0.3010639573662644,0.18357266019644042,0.18834203679729855,0.7762679438995621,W/o vol_7d,filecoin.csv
0.21244288113060808,0.30637171447436373,0.7854359005504511,0.2556982659198296,0.2895662013733216,1.3411069812315066,W/o vol_7d,flow.csv
0.1743644491631893,0.19128684167557503,0.870993578082219,0.16256897814685067,0.15912387053792548,1.257950954935019,W/o vol_7d,hedera.csv
0.25550131344962557,0.2900117201695681,0.6881828353881699,0.23260331152886643,0.22945776212153265,0.7181757656622367,W/o vol_7d,immutable.csv
0.19398500926060974,0.20330095995733466,0.3095313083088706,0.41867679523883683,0.4517381106393476,0.6484707023264201,W/o vol_7d,injective.csv
0.22002420991502009,0.2743481451307523,0.3099969547293487,0.3133362726985763,0.3414855561325096,0.8070102211661352,W/o vol_7d,internet_computer.csv
0.20241472887351822,0.2115910613152371,0.889357008381239,0.5823701108213097,0.5883806599645548,0.7910159350804166,W/o vol_7d,kaspa.csv
0.17739916294466102,0.18126261183768236,0.4170245377539497,0.18592489064254636,0.17602668129294977,0.4466003199236357,W/o vol_7d,lido.csv
0.14030914834198963,0.14499328665757924,0.13667916791822335,0.15065677520583065,0.14790518650550669,0.5830922276053666,W/o vol_7d,litecoin.csv
0.15038720762475682,0.14944688912813972,0.14828940568228435,0.19333621519827845,0.18087784451644878,0.5526069165149846,W/o vol_7d,maker.csv
0.23575818832429535,0.2748715655633892,0.4681085834436139,0.23526251332516127,0.3069768123411233,1.0252352662196913,W/o vol_7d,near.csv
0.17737054708612474,0.18079132638172293,0.3337236704212241,0.18317683531010914,0.2467543203814306,0.4222417043976781,W/o vol_7d,optimism.csv
0.38334255457172683,0.3764342808493707,0.5345224846688511,0.31144822986543547,0.3422387296739954,1.14953406710222,W/o vol_7d,pepe.csv
0.16843279237483083,0.24215417866878294,0.27177434366017605,0.26030987270593764,0.2841580227100169,0.7056153136302401,W/o vol_7d,polkadot.csv
0.16590796728956655,0.1792303942767626,0.7554619188756138,0.17297261891067345,0.18136543070282243,0.6175817431982705,W/o vol_7d,polygon.csv
0.19331429241445117,0.1928172220901352,0.4474651124979052,0.22303293802489296,0.20714540132662845,0.508424208733761,W/o vol_7d,render.csv
0.23924253615320204,0.27489980470600267,0.9376035966034979,0.2726292412039582,0.3133753225224982,1.0617346682194293,W/o vol_7d,sandbox.csv
0.22523112264589434,0.23719994703448488,1.020296729788754,0.200463763954547,0.21566077681695786,2.128882970333611,W/o vol_7d,shiba_inu.csv
0.20338265676565767,0.2280562379363619,0.20616236188634665,0.290449581863475,0.26189513512395013,0.6646860074613655,W/o vol_7d,solana.csv
0.21591132203513738,0.22536145230367874,0.644310543705227,0.2164483796882808,0.21744338050536083,0.49462125225936054,W/o vol_7d,stacks.csv
0.13372392531229257,0.1410991891827317,0.47046031800264115,0.15145903665119906,0.1687152207671139,0.7175264135134269,W/o vol_7d,stellar.csv
0.2023426505612602,0.2413555504098024,0.2771734744112361,0.23948036640126416,0.24542565640825018,0.30808772713491,W/o vol_7d,sui.csv
0.014553707858649095,0.014170627085101506,0.016159255122957267,0.01476986375469304,0.014547888347722613,0.04048675648682319,W/o vol_7d,tether.csv
0.19427465239171188,0.19031112475722073,0.6783710867484734,0.1960853789319258,0.228451986586929,0.815553761400765,W/o vol_7d,tezos.csv
0.1727626637749083,0.22663056639252663,0.6307453574346849,0.20703507741030425,0.22612425586111037,0.7750169630082402,W/o vol_7d,theta.csv
0.23826193290986844,0.2546866150997004,0.5481466519035121,0.3413682096033874,0.35296336402219486,0.42361300826708526,W/o vol_7d,the_graph.csv
0.18471958152816145,0.1763807404272893,0.42186690609718824,0.16983528674580237,0.17042460314927488,0.46331739937429867,W/o vol_7d,toncoin.csv
0.12501369466813955,0.14453653125792884,0.49709479090083225,0.16497148005145323,0.16972571247993842,0.3146643313545634,W/o vol_7d,tron.csv
0.15680707369575084,0.1787098829169422,0.2909428453362579,0.18927198699350628,0.2090432451191528,0.5919631636166393,W/o vol_7d,uniswap.csv
0.011474893409394062,0.011144862535894601,0.012088129395682776,0.00957657578636076,0.012260932553343058,0.11702431782938505,W/o vol_7d,usd_coin.csv
0.1614389858883366,0.19414501222298602,0.8463550273965306,0.16370224667218441,0.16782532271945877,2.003354286555664,W/o vol_7d,vechain.csv
0.13287920822464658,0.1365907723281443,0.4196409356342891,0.17156014787062052,0.17979079670645862,0.2806126984800988,W/o vol_7d,xrp.csv
0.16834759296446278,0.17331754993844883,0.17018982263216434,0.1833474968944854,0.1741770106107304,0.4950903802180371,W/o vol_30d,aave.csv
0.2173745877520785,0.27642082363523646,1.5054929796783922,0.22601904538219647,0.25257032872637625,1.1285188385334677,W/o vol_30d,algorand.csv
0.1783335103567384,0.17660538402811526,0.1917576538359161,0.1920500235113151,0.1936587061181375,0.31007426510802794,W/o vol_30d,aptos.csv
0.18032474954398794,0.16461724210153467,0.22265744423064596,0.18478310756139088,0.20637088745587026,0.25296227680901767,W/o vol_30d,arbitrum.csv
0.2025887971681961,0.24148097897842152,0.20964043211605454,0.3034040407317939,0.4718634653943509,0.8157984480033286,W/o vol_30d,avalanche.csv
0.2079453329302201,0.31063933617629774,0.25618064279354735,0.26799213992808235,0.3242369290877113,1.0792753917516476,W/o vol_30d,axie_infinity.csv
0.12193722745368485,0.12919571767500743,0.11841438983216421,0.1564583775334023,0.14968968456884654,0.5987187424661923,W/o vol_30d,binance_coin.csv
0.12454689352729262,0.13551229147759417,0.12417831956654272,0.1783046425004734,0.1741410795579045,0.3940898346965384,W/o vol_30d,bitcoin.csv
0.15190993034502018,0.1623841076143654,0.14656876143035985,0.20360229319263842,0.18768871250926197,0.6073610429490598,W/o vol_30d,bitcoin_cash.csv
0.16582361808025456,0.19723760801618515,0.8732022097867853,0.16722031403332824,0.20304961270520097,0.679622411218204,W/o vol_30d,cardano.csv
0.18994041786206145,0.20662712572843148,0.2343450096486627,0.20950864884955722,0.21303249889044712,0.5524669308209669,W/o vol_30d,chainlink.csv
0.17300008668902755,0.18048857102153779,0.23007506296728783,0.23811258811768998,0.21278214040237134,0.7184802712056343,W/o vol_30d,cosmos.csv
0.23739785438196614,0.26004855599278903,0.9621624029823955,0.2601727173935419,0.26636076882967913,0.9352600219144195,W/o vol_30d,decentraland.csv
0.15355754797316895,0.16138381989799525,0.5900581836315105,0.15440146662828574,0.15292520702198253,1.1049672077809476,W/o vol_30d,dogecoin.csv
0.15142010098034442,0.17661110480416858,0.7831514096320052,0.1906313358996432,0.2139885049270855,0.7817749168590565,W/o vol_30d,eos.csv
0.12935691457401588,0.13119299995422667,0.12815794930095947,0.16249408531848905,0.15999252018364596,0.33968170954041366,W/o vol_30d,ethereum.csv
0.21426426766837414,0.26047601597666914,0.9446267529882286,0.21710544610739596,0.21632273022774673,0.7925999392360364,W/o vol_30d,fantom.csv
0.185836834056275,0.22693848531532412,0.3010639573662644,0.18335327114316458,0.18869976337485775,0.7762980985660832,W/o vol_30d,filecoin.csv
0.20831371859751166,0.29047006887552324,0.7854359005504511,0.27560883571791533,0.3150560829150673,1.3423204696708744,W/o vol_30d,flow.csv
0.1748337288877034,0.19801835159841266,0.870993578082219,0.1589442922288882,0.15470160707756417,1.2562431318119436,W/o vol_30d,hedera.csv
0.25563956320606185,0.2882400302206652,0.6881828353881699,0.23138299999942916,0.23608392376707438,0.7182090595508018,W/o vol_30d,immutable.csv
0.19384431962318882,0.20328098874094808,0.3095313083088706,0.4206752918553037,0.440898246919877,0.6487865032182658,W/o vol_30d,injective.csv
0.21958349318629733,0.2675364676768562,0.3099969547293487,0.3105887092971792,0.34388735444452073,0.8067919940363814,W/o vol_30d,internet_computer.csv
0.20227848901945492,0.21097426167873745,0.889357008381239,0.585326877810066,0.5837327188715797,0.7910159350804166,W/o vol_30d,kaspa.csv
0.17325838907991883,0.17379010441882078,0.4170245377539497,0.18750027715753156,0.17952507189479364,0.4468446839460592,W/o vol_30d,lido.csv
0.13888018531156854,0.1421578245058389,0.1366791840949121,0.14914390926381782,0.14917179865184452,0.5830307735899486,W/o vol_30d,litecoin.csv
0.15029405979172122,0.1502952602696825,0.14837362475880828,0.19176547304863664,0.18332205376920124,0.5526133961334488,W/o vol_30d,maker.csv
0.22732784861256966,0.27299691392875125,0.4681085834436139,0.2384554527792111,0.3132921782539848,1.0262426097940915,W/o vol_30d,near.csv
0.1767430584903115,0.18061331041891723,0.3337236704212241,0.18433857341234253,0.18450204585511787,0.42269045579354136,W/o vol_30d,optimism.csv
0.3525771026898222,0.3663214352609407,0.5345224846688511,0.3213809487014879,0.3408102962785151,1.14953406710222,W/o vol_30d,pepe.csv
0.1647187468403065,0.2311361595702444,0.27177434366017605,0.2595345938914807,0.27817804886526815,0.7072712427192545,W/o vol_30d,polkadot.csv
0.1657731370881667,0.17692968457050454,0.7554619188756138,0.1655421034803489,0.17810410135455432,0.6161212071785022,W/o vol_30d,polygon.csv
0.2024030011736176,0.20699981675255444,0.4474651124979052,0.21738483104150746,0.20455257021857265,0.5083948671090089,W/o vol_30d,render.csv
0.2643990163184433,0.28766184659182437,0.9376035966034979,0.27451523319852167,0.3163374744116306,1.0624631496638481,W/o vol_30d,sandbox.csv
0.23397711173486768,0.2503680301532956,1.020296729788754,0.20145568485058835,0.21426737790667702,2.128882970333611,W/o vol_30d,shiba_inu.csv
0.20327288584915618,0.22993684019488594,0.20616236188634665,0.2832055950809475,0.2604979632528469,0.6646632975228061,W/o vol_30d,solana.csv
0.21327389935466834,0.22120323004762926,0.644310543705227,0.21606903288749557,0.21578181233359264,0.497102807801451,W/o vol_30d,stacks.csv
0.13334437548633787,0.13978070387839006,0.47046031800264115,0.1492845369686697,0.1700736314014213,0.7158193726697766,W/o vol_30d,stellar.csv
0.20344424610998812,0.23208427695275158,0.2771734744112361,0.22202944003381242,0.24596716348386571,0.3060684333704142,W/o vol_30d,sui.csv
0.014583604651201886,0.01415739988523989,0.016159255122957267,0.014784461042927735,0.014785262110418834,0.04048675648682319,W/o vol_30d,tether.csv
0.19155752729864797,0.1894341955280515,0.6783710867484734,0.1961939336761209,0.2340120442757526,0.8160252352707849,W/o vol_30d,tezos.csv
0.177936180323432,0.2350914742100497,0.6307453574346849,0.2064144121165364,0.23751562588608804,0.7765255058552918,W/o vol_30d,theta.csv
0.24951361413936474,0.26678295123417806,0.5481466519035121,0.34515694123565677,0.3503894008525713,0.4239287161300499,W/o vol_30d,the_graph.csv
0.18440088366660093,0.17676445914631772,0.42186690609718824,0.1705145236954191,0.1720431312363123,0.46326237206426724,W/o vol_30d,toncoin.csv
0.12122295216061997,0.14077121921126257,0.49709479090083225,0.1628198939231557,0.16224489776678824,0.3146643313545634,W/o vol_30d,tron.csv
0.15754280879782329,0.1835403713321594,0.2909428453362579,0.1929108496022939,0.21265209322209538,0.5918510515545015,W/o vol_30d,uniswap.csv
0.011421405645055517,0.011391885021554487,0.012088129395682776,0.009859069811602677,0.011242436631024696,0.11702431782938505,W/o vol_30d,usd_coin.csv
0.16184132968530526,0.19664165011272441,0.8463550273965306,0.16378869312394914,0.16690877182082978,2.003354286555664,W/o vol_30d,vechain.csv
0.13306390820860908,0.1374527145652194,0.4196409356342891,0.1709357834004181,0.1767692950513433,0.2796752260786893,W/o vol_30d,xrp.csv
0.16763821970407938,0.1731985918523073,0.17018982263216434,0.18347229293507636,0.17572891600750368,0.49506582866483806,W/o ma_7,aave.csv
0.24044814043177745,0.30060812198876774,1.5054929796783922,0.22864809721107682,0.2630549628856973,1.1351516153893737,W/o ma_7,algorand.csv
0.17719579921218473,0.17740704963488652,0.1917576538359161,0.18950830256968948,0.19429908567795842,0.3105223252790588,W/o ma_7,aptos.csv
0.18132897727528519,0.16616429396243448,0.22265744423064596,0.1846331571952536,0.20357894117156258,0.253753018796502,W/o ma_7,arbitrum.csv
0.21147492772798215,0.25022413686250927,0.20964043211605454,0.31009311528954175,0.44582762650314534,0.815726024365497,W/o ma_7,avalanche.csv
0.21558098759542146,0.31111116635885167,0.25618064279354735,0.264973913168817,0.32269303733143195,1.0779787600558022,W/o ma_7,axie_infinity.csv
0.12163885483499302,0.13458867452582493,0.11841439401535303,0.1429254286938201,0.1441162280840596,0.598743949828178,W/o ma_7,binance_coin.csv
0.12454979303385008,0.13543185292164725,0.12416426060162167,0.176370824560017,0.17664012928472142,0.39408995002290437,W/o ma_7,bitcoin.csv
0.15177683158925684,0.1637886735700072,0.14656876143035985,0.2079607763073793,0.18634721627917303,0.6073733455789859,W/o ma_7,bitcoin_cash.csv
0.16490807902817156,0.1941275841562672,0.8732022097867853,0.17090120929544078,0.18887802805296564,0.684805017060655,W/o ma_7,cardano.csv
0.19190331047675738,0.20649348003776835,0.2343450096486627,0.20464163907622007,0.22776326842814112,0.5527042670517822,W/o ma_7,chainlink.csv
0.17447042821657535,0.18020929418784679,0.23007506296728783,0.24006189997069402,0.21105274967253077,0.7190034297810632,W/o ma_7,cosmos.csv
0.24117595825852428,0.25934128801238215,0.9633349282068434,0.2619938870272115,0.28465490171113317,0.9389703273142601,W/o ma_7,decentraland.csv
0.15722704123241954,0.1676804108990864,0.5900581836315105,0.15559249792981455,0.1562306793691799,1.1048223891879743,W/o ma_7,dogecoin.csv
0.15026956742080222,0.19039867312965805,0.7831514096320052,0.19093289020170048,0.20932358770074244,0.7854373008484902,W/o ma_7,eos.csv
0.12792450323195312,0.1321285427495879,0.12726388301588848,0.15985194211397302,0.15857110494178206,0.33968426090399534,W/o ma_7,ethereum.csv
0.2133110617307597,0.2596208224255037,0.9446267529882286,0.23738067225042941,0.21291452778417225,0.798364432744524,W/o ma_7,fantom.csv
0.19118119777789389,0.2591559778586496,0.3010639573662644,0.18066142303358587,0.18869725476407095,0.7761495802019299,W/o ma_7,filecoin.csv
0.224212237169457,0.32404290631451704,0.7961080646810749,0.25039151280745414,0.29917113251496097,1.342961084169932,W/o ma_7,flow.csv
0.1684645493937619,0.192213699007047,0.870993578082219,0.1608577369382213,0.15949118574022408,1.266369526162667,W/o ma_7,hedera.csv
0.25455568161309267,0.2865696021912223,0.6881828353881699,0.2309456264678055,0.23527761505760597,0.7180974476979098,W/o ma_7,immutable.csv
0.19367059694848066,0.2025406262225825,0.3095313083088706,0.4212909753325729,0.4535489372484051,0.6503867580733318,W/o ma_7,injective.csv
0.22051410388077133,0.27666290516695086,0.3099969547293487,0.31324507342578134,0.3374609353569547,0.8068533471337365,W/o ma_7,internet_computer.csv
0.20266425545202654,0.21206907714006176,0.889357008381239,0.5844813403133579,0.588278852741534,0.7910159350804166,W/o ma_7,kaspa.csv
0.1788064850127076,0.18357771567279704,0.4170245377539497,0.1891185011270335,0.17921223611855194,0.4488884893255725,W/o ma_7,lido.csv
0.1399471519928029,0.14603425722273783,0.13667916791822335,0.1490582234437391,0.1406255447965067,0.5831309403637157,W/o ma_7,litecoin.csv
0.1505012983236742,0.15079630345940848,0.14829284513342547,0.18913143570404006,0.18695357656969858,0.5526161900680002,W/o ma_7,maker.csv
0.2358156833815147,0.2742019474826002,0.4681085834436139,0.23812253303141112,0.3184865426300713,1.02665059228939,W/o ma_7,near.csv
0.1768560965966532,0.18010264768981932,0.3388026660359799,0.18161769338851294,0.21853095305860626,0.42926522923583804,W/o ma_7,optimism.csv
0.38044524796425006,0.3715054951481205,0.5345224846688511,0.3204906951563551,0.3998539573943922,1.14953406710222,W/o ma_7,pepe.csv
0.1785077961227074,0.251336813466393,0.27177434366017605,0.26011853932766066,0.287431539653642,0.7059263363615066,W/o ma_7,polkadot.csv
0.16421415993119703,0.17967442876686524,0.7554619188756138,0.17002637487741012,0.17970529396998214,0.6226538021301108,W/o ma_7,polygon.csv
0.19308013901015256,0.1944589377292355,0.4474651124979052,0.22127492444334643,0.20507561457148576,0.5107153594355249,W/o ma_7,render.csv
0.25960031955779633,0.2836628464255803,0.9376035966034979,0.27367123369205004,0.3247591791802032,1.066297737937926,W/o ma_7,sandbox.csv
0.23358755142857257,0.24321187513384362,1.020296729788754,0.20240971038317723,0.21372670136086266,2.128882970333611,W/o ma_7,shiba_inu.csv
0.20561174687483533,0.2281658084455944,0.20616236188634665,0.2845368273227136,0.27216390480392993,0.6647601072853628,W/o ma_7,solana.csv
0.21612747449168684,0.2265979927338631,0.644310543705227,0.21833805529117167,0.21557222625524913,0.4987492119159999,W/o ma_7,stacks.csv
0.13363860909270156,0.14160407050851723,0.47046031800264115,0.15089893390525005,0.16708860272714712,0.7175843291106362,W/o ma_7,stellar.csv
0.20322304974867897,0.2413915430468204,0.2771734744112361,0.24243556333603233,0.2498009479113217,0.30946061986880136,W/o ma_7,sui.csv
0.014573597303682292,0.014159868672939696,0.016159255122957267,0.01485254565433589,0.014832200262759016,0.04048675648682319,W/o ma_7,tether.csv
0.19205195501261582,0.19530159151939128,0.6783710867484734,0.19651147449612624,0.22899856122644577,0.8195978590391018,W/o ma_7,tezos.csv
0.1786434858504217,0.2335042536669223,0.6307453574346849,0.20725955981519975,0.2370564431886211,0.7755312204484212,W/o ma_7,theta.csv
0.23956525187996539,0.25375670231031927,0.5481466519035121,0.344132128592454,0.3564528689922798,0.4270938489783953,W/o ma_7,the_graph.csv
0.18607546194930114,0.17711763950339127,0.42186690609718824,0.16966597899187133,0.17174599137556784,0.4665003202456308,W/o ma_7,toncoin.csv
0.12588730542075593,0.14548493110448282,0.49709479090083225,0.1667000863256632,0.17417062655466348,0.3146643313545634,W/o ma_7,tron.csv
0.15626537562724502,0.1827555329128112,0.2909428453362579,0.192709800258675,0.2081183096234708,0.5925746087974958,W/o ma_7,uniswap.csv
0.011387368562658378,0.01114658823154503,0.012088129395682776,0.009666911165812933,0.010300031277652808,0.11702431782938505,W/o ma_7,usd_coin.csv
0.16228276133824593,0.1947635668348041,0.8463550273965306,0.16423903010973234,0.16393658279684187,2.003354286555664,W/o ma_7,vechain.csv
0.13299542519821891,0.1367371795845197,0.4196409356342891,0.16971685056234095,0.1792417252570414,0.28711830029099034,W/o ma_7,xrp.csv
0.16900523429194717,0.17256153423913348,0.17018982263216434,0.18420124386524428,0.17640123661824544,0.49507894514261735,W/o ma_30,aave.csv
0.22331174627431735,0.25389123123823854,1.5054929796783922,0.2126813752326325,0.24259743903761347,1.1361356070795703,W/o ma_30,algorand.csv
0.1795472580568355,0.17693405698020656,0.1917576538359161,0.1879862709278384,0.1955679456713545,0.3088092481790107,W/o ma_30,aptos.csv
0.1782486415133761,0.16470859320570452,0.22265744423064596,0.1889016350754178,0.20734503307694438,0.2533501848674886,W/o ma_30,arbitrum.csv
0.208690839121592,0.2428891975748447,0.20964043211605454,0.3013217381212147,0.34522109264227346,0.8157249128522082,W/o ma_30,avalanche.csv
0.21260078244835956,0.30065927944222665,0.25618064279354735,0.2664104771807128,0.31194866279357897,1.0780642601501687,W/o ma_30,axie_infinity.csv
0.12217162174229278,0.13390525342314807,0.11841432420612592,0.14891287571191622,0.15144896984599207,0.5987390336068801,W/o ma_30,binance_coin.csv
0.12434277834409846,0.1323411105971993,0.12382683712061604,0.17640420605169088,0.17662135101014492,0.394089894054843,W/o ma_30,bitcoin.csv
0.1484065593417241,0.15671641429804845,0.14656875924139498,0.20741010083526176,0.18481191391717375,0.6073767682053403,W/o ma_30,bitcoin_cash.csv
0.16414979308352412,0.18090252528268452,0.8732022097867853,0.1686347075880491,0.18947447207951376,0.6828371479581523,W/o ma_30,cardano.csv
0.18854931193879748,0.20125496717757277,0.2343450096486627,0.20190512067079935,0.20911174041040534,0.5526152608791713,W/o ma_30,chainlink.csv
0.17594792068508247,0.17728893587538225,0.23007506296728783,0.21407882607489775,0.2118651803405226,0.7189589874800253,W/o ma_30,cosmos.csv
0.24000889232162917,0.26560416134321924,0.9621624029823955,0.24445885598177602,0.27743888656145366,0.9413009153913273,W/o ma_30,decentraland.csv
0.15546746101554587,0.1655909087164332,0.5900581836315105,0.16098591925478697,0.1495959215592989,1.1052093506053573,W/o ma_30,dogecoin.csv
0.15070524133302546,0.18483424192029102,0.7831514096320052,0.18985732608279668,0.20805886715127475,0.7849558272669334,W/o ma_30,eos.csv
0.12940975892510603,0.13039578235242608,0.12822587322168358,0.15799271177520682,0.1543882230371535,0.33968363306952626,W/o ma_30,ethereum.csv
0.21106256501459472,0.2565385186903598,0.9446267529882286,0.22775549782819227,0.21672206234453334,0.797704239312122,W/o ma_30,fantom.csv
0.19196252171504527,0.2461391636996399,0.3010639573662644,0.17937699688742725,0.18957702047812028,0.7760639088211877,W/o ma_30,filecoin.csv
0.21298306546550957,0.2925715636307186,0.7854359005504511,0.24821507661894285,0.2991838801629299,1.3429679300888235,W/o ma_30,flow.csv
0.17494383954435494,0.19138476615016847,0.870993578082219,0.1607698080892227,0.15737848204024535,1.257481080152473,W/o ma_30,hedera.csv
0.25472839738299186,0.2809915528253882,0.6881828353881699,0.23264100303487936,0.23582791239472267,0.7182254421859847,W/o ma_30,immutable.csv
0.19451669198790397,0.20311577961948246,0.3095313083088706,0.4152628043163235,0.4149717898368804,0.649968924021847,W/o ma_30,injective.csv
0.2180608448501768,0.2633530460069273,0.3099969547293487,0.31420188851453373,0.34158570560008666,0.806778337741568,W/o ma_30,internet_computer.csv
0.20198790906687294,0.20978892577295044,0.889357008381239,0.5794880831450923,0.5859847756997542,0.7910159350804166,W/o ma_30,kaspa.csv
0.17888436293388238,0.18420741421977813,0.4170245377539497,0.1858091252013413,0.17613870635620196,0.4484990044367769,W/o ma_30,lido.csv
0.14051878268712986,0.14391101855284844,0.13667916791822335,0.14842054959399706,0.14202114986549005,0.583142413868398,W/o ma_30,litecoin.csv
0.15019381094128226,0.14949536468342578,0.14795884156011402,0.18774884776578146,0.18599936613667073,0.552615691799637,W/o ma_30,maker.csv
0.2368160963039044,0.2770953311309149,0.4681085834436139,0.23724351112157316,0.31351609328812524,1.0270183312931664,W/o ma_30,near.csv
0.17711767297506312,0.18097918614330144,0.3270253947234794,0.1811865870429862,0.24161951258229175,0.4292586447370648,W/o ma_30,optimism.csv
0.33563850311046717,0.3432918674901741,0.5345224846688511,0.31758013601637447,0.33873601300332085,1.14953406710222,W/o ma_30,pepe.csv
0.16261138610735423,0.21948869556043502,0.27177434366017605,0.2516107438777144,0.28271656715025134,0.7060040509243254,W/o ma_30,polkadot.csv
0.1648744762045149,0.17763293008843126,0.7554619188756138,0.18066363179153777,0.1754041322800702,0.6218145714333869,W/o ma_30,polygon.csv
0.19121573899919184,0.1933181456690239,0.4474651124979052,0.21925650796785134,0.20462031060956215,0.5109610837245743,W/o ma_30,render.csv
0.2587351609517187,0.29156034897889244,0.9376036054999881,0.26965314107981053,0.3122749939432881,1.067355537101835,W/o ma_30,sandbox.csv
0.24018505927074577,0.2587628462812899,1.020296729788754,0.1909311602436994,0.2175546247225515,2.128882970333611,W/o ma_30,shiba_inu.csv
0.20326879343323379,0.22519451129243234,0.20616236188634665,0.26134667982686904,0.2446180409716887,0.6647387994745556,W/o ma_30,solana.csv
0.2168423357375204,0.22112654367821072,0.644310543705227,0.2164647443839765,0.2120012294190172,0.4968978034881654,W/o ma_30,stacks.csv
0.13373899477880374,0.14033717539693447,0.47046031800264115,0.1472435440853753,0.16711115233646603,0.7183657637828114,W/o ma_30,stellar.csv
0.20357898491498722,0.2211465065812993,0.2771734744112361,0.22214993996844637,0.21971972510697824,0.30751599449179273,W/o ma_30,sui.csv
0.014654678792719185,0.014158338228107992,0.016159255122957267,0.01496007253226529,0.014640470866071457,0.04048675648682319,W/o ma_30,tether.csv
0.1896310319290704,0.1745679809226533,0.6783710867484734,0.1965198672477421,0.22974041219436955,0.8190393963275617,W/o ma_30,tezos.csv
0.1747590612071704,0.22670890985664313,0.6307453574346849,0.2051555919714177,0.23024873272812887,0.7760198860327088,W/o ma_30,theta.csv
0.20532295714674798,0.24749052295590138,0.5481466519035121,0.23831454246576997,0.24999999908253162,0.4167324738961986,W/o ma_30,the_graph.csv
0.18412708559695062,0.17473022756914386,0.42186690609718824,0.1736779835173809,0.17389851100637088,0.4662076612846349,W/o ma_30,toncoin.csv
0.1258426509426955,0.14623813997562907,0.49709479090083225,0.15624258546618752,0.16842136279686437,0.3146643313545634,W/o ma_30,tron.csv
0.15647206821123527,0.17662880254736713,0.2909428453362579,0.17392305315057044,0.17461002876176313,0.5924273450627129,W/o ma_30,uniswap.csv
0.011475193809464341,0.011143019569476702,0.012088129395682776,0.009624381148305243,0.010527452480226471,0.11702431782938505,W/o ma_30,usd_coin.csv
0.16183269125829733,0.19487786323818773,0.8463550273965306,0.16347756448960973,0.16990881402065597,2.003354286555664,W/o ma_30,vechain.csv
0.13330307932222893,0.13672249561453306,0.4196409356342891,0.16888874894138622,0.17788001383337249,0.28333918495551247,W/o ma_30,xrp.csv
0.16904970524805518,0.17344658235727983,0.170420358744778,0.18443441559508203,0.17376226322969163,0.49501879890897754,W/o ma_ratio,aave.csv
0.22819805459703005,0.2602139557293522,1.5054929796783922,0.2276350847177373,0.26563816774521853,1.124773562945135,W/o ma_ratio,algorand.csv
0.18085650903942685,0.1784780711654956,0.1917576538359161,0.1916552317350928,0.19077774627533184,0.30889920388610465,W/o ma_ratio,aptos.csv
0.181930567315329,0.16783091368124642,0.22265744423064596,0.18338412178156163,0.20709322092109628,0.252733073912791,W/o ma_ratio,arbitrum.csv
0.20623777908696186,0.24391015062547203,0.20954663687745706,0.2988016714801825,0.4396595002047689,0.8155342870750489,W/o ma_ratio,avalanche.csv
0.2139441504433938,0.3072581206308002,0.2547595291459071,0.2662230089750834,0.3166501823915335,1.0780266567328205,W/o ma_ratio,axie_infinity.csv
0.12208626155729554,0.1349127424152338,0.11789921422972378,0.14806241897985095,0.14367324178600852,0.5987216199283115,W/o ma_ratio,binance_coin.csv
0.12390643001556603,0.12724913445761138,0.12315867345173256,0.17869097992022703,0.17557019932473278,0.39408994917906615,W/o ma_ratio,bitcoin.csv
0.1519700942218632,0.16064023600619118,0.146492819231022,0.2032708352741571,0.1883177249442824,0.607399071055639,W/o ma_ratio,bitcoin_cash.csv
0.16254576627113765,0.1767776172779892,0.8732022097867853,0.1657681166446072,0.1858373892059753,0.6762267876666681,W/o ma_ratio,cardano.csv
0.1871403942666262,0.18827091987130892,0.2343450096486627,0.21848294809135635,0.21121440659703938,0.5523345293996579,W/o ma_ratio,chainlink.csv
0.17578998845883786,0.17853730724085748,0.23007506296728783,0.20645138273599753,0.21243306833942643,0.718252872076437,W/o ma_ratio,cosmos.csv
0.2614398738506134,0.2891884307738718,0.9621624029823955,0.24324100068498525,0.2726974966238293,0.9328938048218343,W/o ma_ratio,decentraland.csv
0.15622404306160012,0.16796409586680247,0.5900581836315105,0.15783842821056204,0.15063720329890962,1.1075207074778821,W/o ma_ratio,dogecoin.csv
0.15058970276874076,0.18808026827895774,0.7831514096320052,0.19436720963194887,0.20867095066222455,0.7823072986479475,W/o ma_ratio,eos.csv
0.12924612279684272,0.12983341498159687,0.12813419045830557,0.16163228970899657,0.15847518179486522,0.33968152555650993,W/o ma_ratio,ethereum.csv
0.20825274720744572,0.25104948103557,0.9446267529882286,0.23602293879045974,0.2053414524563472,0.7858179043532529,W/o ma_ratio,fantom.csv
0.1919084598933342,0.25331407358783403,0.3010639573662644,0.17953017132919563,0.18396913536014114,0.7759674070818102,W/o ma_ratio,filecoin.csv
0.21779358292681517,0.3435115177395733,0.7854359005504511,0.24319920673290218,0.29162772538961595,1.340491515416548,W/o ma_ratio,flow.csv
0.17463711074092556,0.19796404488603056,0.870993578082219,0.1628226119072169,0.159550524400957,1.2621263708964499,W/o ma_ratio,hedera.csv
0.2433068007938741,0.24863035785889456,0.6881828353881699,0.23159858217710913,0.23185973320699915,0.7163931563342424,W/o ma_ratio,immutable.csv
0.19277719942277183,0.20142592244096597,0.3095313083088706,0.42265806026150077,0.4464553977383586,0.6485877644413566,W/o ma_ratio,injective.csv
0.2137892140220138,0.23639173554132473,0.3099969547293487,0.3141163762440268,0.3451060278193011,0.8062091021920899,W/o ma_ratio,internet_computer.csv
0.20191963359363518,0.21014652766219652,0.889357008381239,0.5847341938340965,0.589116053818324,0.7910159350804166,W/o ma_ratio,kaspa.csv
0.17436885776030633,0.17866186830049466,0.4170245377539497,0.17637762438152105,0.1793236053504547,0.4465642042919075,W/o ma_ratio,lido.csv
0.1415047325815067,0.14315726500054232,0.13725480402263618,0.14963868890630852,0.14349767248700093,0.5830123989852897,W/o ma_ratio,litecoin.csv
0.15091013565424294,0.15112082485698408,0.1486752419758262,0.19443111671765434,0.18957321197459262,0.552625039176428,W/o ma_ratio,maker.csv
0.23346067864679837,0.27322514151176236,0.4681085834436139,0.24377770244855096,0.30209954560926106,1.0241783025168882,W/o ma_ratio,near.csv
0.17710313191760244,0.18075955839329677,0.3337236704212241,0.18472376225690879,0.18045112457213663,0.4222924620138942,W/o ma_ratio,optimism.csv
0.3437098754413125,0.348331658633718,0.5345224846688511,0.2978494344746014,0.3060221287829765,1.14953406710222,W/o ma_ratio,pepe.csv
0.16847525138220187,0.20828047613968476,0.27177434366017605,0.25244478588975344,0.28603741109241093,0.7057714565199201,W/o ma_ratio,polkadot.csv
0.16561211911980261,0.18249554247867286,0.7554619188756138,0.17488610696466683,0.18916452929063848,0.6179382271574256,W/o ma_ratio,polygon.csv
0.1907440398275387,0.18871588576606843,0.4474651124979052,0.21944481892757886,0.19755775811794468,0.5085625690510885,W/o ma_ratio,render.csv
0.313102917512252,0.35614512710068796,0.9376035966034979,0.2690635704615981,0.31300762014783273,1.0618897296385033,W/o ma_ratio,sandbox.csv
0.22853261258760751,0.23484906994230695,1.020296729788754,0.19484514137139547,0.21084011360649746,2.128882970333611,W/o ma_ratio,shiba_inu.csv
0.20181988962709346,0.21305297295240708,0.20418957963874731,0.2873912273097544,0.27271589295773796,0.6646132124422913,W/o ma_ratio,solana.csv
0.21148967023843002,0.21510306795509845,0.644310543705227,0.21300053715454012,0.21469359302312782,0.4939374687806949,W/o ma_ratio,stacks.csv
0.13301479800754645,0.13813448932250608,0.47046031800264115,0.14776174665927472,0.16800636828882037,0.7173535030203837,W/o ma_ratio,stellar.csv
0.20513998626155613,0.20860264066690046,0.2771734744112361,0.23792078340032757,0.2350762283798147,0.30690029799698015,W/o ma_ratio,sui.csv
0.014654838237352669,0.014158522335734955,0.016159255122957267,0.01470795799058832,0.01478501726437238,0.04048675648682319,W/o ma_ratio,tether.csv
0.19042680287441405,0.18617745035880534,0.6783710867484734,0.1967788592831862,0.23215552310786042,0.8167141339128035,W/o ma_ratio,tezos.csv
0.16714227517622607,0.20272975373756452,0.6307453574346849,0.2075535926973727,0.2275295930781465,0.773821897581604,W/o ma_ratio,theta.csv
0.2161523220438301,0.23742431922439453,0.5481466519035121,0.34373723893490066,0.35079547327911154,0.42780572647267956,W/o ma_ratio,the_graph.csv
0.1863007840094955,0.17665862703235155,0.42186690609718824,0.1710949093973608,0.17468284815704396,0.46350235802665657,W/o ma_ratio,toncoin.csv
0.12513866183570369,0.14339545371012788,0.49709479090083225,0.1678084655390056,0.16432381081273814,0.3146643313545634,W/o ma_ratio,tron.csv
0.15658130557641464,0.1706338390252028,0.2909428453362579,0.18864274508171697,0.1948230811032613,0.5920864312363766,W/o ma_ratio,uniswap.csv
0.01147528001508445,0.011143148177865022,0.012088129395682776,0.009757192751324986,0.01246071318867046,0.11702431782938505,W/o ma_ratio,usd_coin.csv
0.16150765401580516,0.1898600133631563,0.8463550273965306,0.16668381114792244,0.16592316070822563,2.003354286555664,W/o ma_ratio,vechain.csv
0.13329450472194718,0.13575463186875303,0.4196409356342891,0.17165446747213614,0.1756428024691907,0.28176128454819144,W/o ma_ratio,xrp.csv
