Date,Close,High,Low,Open,Volume,sentiment_score_mean,sentiment_polarity_mean,sentiment_subjectivity_mean,news_count,return,log_return,vol_7d,vol_30d,ma_7,ma_30,ma_ratio
2021-10-12,283.8270874023437,290.7943420410156,271.14013671875,290.7943420410156,257105772,1.0,0.16,0.5,1.0,,,,,,,
2021-10-13,297.6791687011719,300.6756896972656,282.3101501464844,283.9402770996094,292932122,1.0,0.16,0.5,1.0,0.04880464872329804,0.047651085878675996,,,,,
2021-10-14,303.5018005371094,309.2618103027344,293.6589050292969,297.3920288085937,262447342,1.0,0.16,0.5,1.0,0.019560091696515736,0.01937125161659379,,,,,
2021-10-15,300.9591369628906,304.6830749511719,292.99859619140625,303.6871032714844,236993017,0.0,0.0,0.0,1.0,-0.008377754496740941,-0.008413045124313035,,,,,
2021-10-16,304.5487365722656,316.04669189453125,299.4462280273437,301.1505126953125,219691489,0.0,0.0,0.0,1.0,0.011927199305524327,0.011856630832517633,,,,,
2021-10-17,304.64013671875,320.20587158203125,293.3275451660156,304.63507080078125,241207929,0.0,0.0,0.0,1.0,0.00030011664968010443,0.00030007162368687174,,,,,
2021-10-18,294.1112976074219,308.1034851074219,290.3531188964844,304.4458312988281,180842395,1.0,0.14,0.45,1.0,-0.03456156245441999,-0.035172941398584796,,,298.4667663574219,,
2021-10-19,303.5452575683594,304.241455078125,292.90289306640625,294.1902770996094,185299776,1.0,0.1,0.4,1.0,0.032076156331573236,0.03157245923159698,0.02722382050130877,,301.2836478097098,,
2021-10-20,315.6494140625,317.4322509765625,296.8340759277344,303.6297607421875,222799742,1.0,0.1,0.4,1.0,0.03987595323051529,0.03910143029947541,0.025359879902813628,,303.85082571847096,,
2021-10-21,315.0221862792969,337.805908203125,311.4303283691406,316.41082763671875,344611937,1.0,0.1,0.4,1.0,-0.001987102637481586,-0.0019890795452407357,0.02509980515590675,,305.49659511021207,,
2021-10-22,309.9977722167969,326.5882263183594,306.7107238769531,315.0122985839844,206973162,1.0,0.1,0.4,1.0,-0.015949397475279348,-0.01607795792211992,0.0259516165372702,,306.78782871791293,,
2021-10-23,324.2742919921875,324.435546875,307.6238708496094,310.1883239746094,167962493,1.0,0.1,0.4,1.0,0.04605362055765472,0.04502462681227247,0.03024890847321902,,309.6057652064732,,
2021-10-24,308.27215576171875,325.3688659667969,300.3594970703125,324.2757568359375,191687526,1.0,0.1,0.4,1.0,-0.04934753270806391,-0.050606722456285495,0.037845135933613605,,310.1246250697545,,
2021-10-25,312.8329772949219,316.5720520019531,306.5135498046875,307.87603759765625,205516295,1.0,0.1,0.4,1.0,0.014794789110724738,0.014686413836945229,0.03427367543868222,,312.7991507393973,,
2021-10-26,329.03289794921875,345.3861999511719,312.0199890136719,312.8133544921875,446595536,1.0,0.1,0.4,1.0,0.051784568220327065,0.05048831028407853,0.03700388004183882,,316.4402422223772,,
2021-10-27,324.77203369140625,454.2745361328125,324.5719299316406,329.0352478027344,2820519212,0.0,0.0,0.0,1.0,-0.012949660305609068,-0.01303423811937111,0.035752391115910456,,317.7434735979353,,
2021-10-28,339.3370361328125,347.0443115234375,318.55889892578125,324.979736328125,721249411,0.0,0.0,0.0,1.0,0.04484684926795679,0.0438703189519915,0.03854930913204278,,321.21702357700894,,
2021-10-29,327.7454833984375,347.6076354980469,324.9139709472656,339.2420959472656,383266477,1.0,0.2,0.33,1.0,-0.034159409377991445,-0.034756478446959824,0.041256828939989144,,323.7524108886719,,
2021-10-30,318.43133544921875,328.2777099609375,313.2737731933594,327.9389038085937,272507643,1.0,0.2,0.33,1.0,-0.028418844563894763,-0.028830477435270285,0.039606975548245986,,322.9177028111049,,
2021-10-31,314.173095703125,322.9822692871094,303.6930236816406,318.94171142578125,264380852,1.0,0.2,0.33,1.0,-0.01337255248478153,-0.013462770262139967,0.03422560328863997,,323.7606942313058,,
2021-11-01,324.0421142578125,324.6810607910156,302.831787109375,314.1565246582031,290471935,0.0,0.0,1.0,1.0,0.03141267883744292,0.03092939540136306,0.03569220754695327,,325.36199951171875,,
2021-11-02,324.7845153808594,328.45440673828125,318.1376647949219,324.38604736328125,225515378,0.0,-0.02500000000000001,0.815,2.0,0.0022910636932094164,0.002288443208487955,0.02958797290081858,,324.75508771623885,,
2021-11-03,324.11834716796875,325.69537353515625,311.4402160644531,324.8836669921875,342911209,0.0,0.0,0.35000000000000003,3.0,-0.00205110829286137,-0.0020532146962764252,0.02918492917780652,,324.66170392717635,,
2021-11-04,333.5118103027344,335.7257995605469,313.5184936523437,324.2511291503906,363720907,0.0,0.0,0.0,3.0,0.02898158409371887,0.02856955979547244,0.025690214554658752,,323.82952880859375,,
2021-11-05,327.7209167480469,345.9489440917969,324.92205810546875,333.3895263671875,371123761,0.5,0.119,0.373,10.0,-0.017363383771720087,-0.01751589530900613,0.02273597849137573,,323.8260192871094,,
2021-11-06,318.53631591796875,327.4843444824219,307.9287414550781,327.0674133300781,270291907,0.0,0.0,0.0,1.0,-0.028025677827391404,-0.02842589238853914,0.02265085913574459,,323.8410164969308,,
2021-11-07,319.9245910644531,323.98321533203125,317.0238037109375,318.5876159667969,194855083,0.0,0.0,0.0,1.0,0.004358294728447509,0.004348824866972369,0.02186715684862998,,324.66265869140625,,
2021-11-08,332.1859436035156,335.03546142578125,319.1156005859375,320.3802490234375,286517229,0.0,0.03,0.14625,8.0,0.03832575826155327,0.037609568130460694,0.02340187933173088,,325.82606288364957,,
2021-11-09,336.3088073730469,349.4751281738281,327.4332580566406,332.282958984375,506466761,0.2,0.05,0.209,10.0,0.012411313148313452,0.012334924209875064,0.023618969749052518,,327.4723903111049,,
2021-11-10,312.7491149902344,345.5350952148437,297.52197265625,336.6055908203125,505303947,0.3333333333333333,0.05833333333333334,0.22999999999999998,12.0,-0.07005374782432972,-0.0726284878644303,0.03787996770010231,,325.8482142857143,316.2078592936198,1.0304873984271934
2021-11-11,313.0116271972656,319.1413879394531,307.3653869628906,312.6527404785156,249379549,0.0,0.049,0.328,10.0,0.0008393699436670676,0.0008390178697156559,0.0351213872813502,0.031066995439945237,322.91961669921875,317.18067728678386,1.018093597193646
2021-11-12,308.0662536621094,313.95684814453125,297.398193359375,312.3694763183594,288285309,0.7,0.144,0.376,10.0,-0.015799328540724078,-0.015925468311845405,0.03506268281761189,0.030087623464675264,320.111807686942,317.52691345214845,1.0081407091030192
2021-11-13,312.7895812988281,314.6351318359375,303.535400390625,308.5035095214844,214310315,0.0,0.0,0.0,1.0,0.015332181245334864,0.015215831114789365,0.034878205690572185,0.03001027967424966,319.2908455984933,317.8365061442057,1.0045757470465893
2021-11-14,315.6058654785156,317.3847045898437,309.565673828125,312.85772705078125,222070493,1.0,0.29,0.79,1.0,0.009003765943843556,0.008963473717176224,0.035074512692964036,0.029989923925310143,318.6738848005022,318.3247304280599,1.0010968496603225
2021-11-15,301.21856689453125,317.2256774902344,300.2924194335937,315.30645751953125,273413856,0.4,0.062,0.28500000000000003,10.0,-0.04558628389928887,-0.04665803686340133,0.03367036812056539,0.031178078215894866,314.2499738420759,318.21372477213544,0.9875437461633754
2021-11-16,278.8084411621094,321.0769958496094,266.3942565917969,302.10369873046875,447717631,0.2857142857142857,0.041428571428571426,0.19428571428571426,7.0,-0.07439822174131971,-0.07731118190888016,0.0386706111437052,0.03419485770953351,306.035635811942,317.3526682535807,0.964339255428614
2021-11-17,284.16668701171875,285.7904357910156,270.4047546386719,278.5821838378906,368404534,0.5454545454545454,0.12727272727272726,0.35818181818181816,11.0,0.01921837741811383,0.019036036891915888,0.035986933601533364,0.03386426178988856,301.95243181501115,317.02118123372395,0.9524676888778503
2021-11-18,262.4112548828125,287.9048767089844,256.6358642578125,284.49859619140625,357912089,0.36363636363636365,0.10636363636363635,0.30272727272727273,11.0,-0.07655869995770859,-0.0796480438510669,0.042786363853940204,0.036168413783339015,294.7238071986607,315.6500478108724,0.9337043008314384
2021-11-19,279.03057861328125,280.6141052246094,258.3426208496094,262.4027099609375,271162918,0.3,0.156,0.406,10.0,0.06333312089792265,0.061408428346105666,0.05407259702791759,0.03731437275780408,290.5758536202567,314.4294199625651,0.9241369769242702
2021-11-20,274.1497497558594,280.7375793457031,267.69775390625,279.35040283203125,243128216,1.0,0.09,0.2,1.0,-0.017492093094880423,-0.01764688753052392,0.052502700717310204,0.03739310076478219,285.0558776855469,313.06700541178384,0.910526733120939
2021-11-21,267.098876953125,274.2203674316406,264.4805603027344,274.2203674316406,215400628,1.0,0.09,0.2,1.0,-0.025719056132691875,-0.026055573535806897,0.0510608792512969,0.03754248672498701,278.12630789620533,311.6370422363281,0.8924687062242423
2021-11-22,263.1334533691406,268.8713684082031,256.9781188964844,267.1080322265625,280819413,0.3333333333333333,0.07333333333333333,0.27,9.0,-0.014846275765810435,-0.014957584774581324,0.05009642714969676,0.0363672296089395,272.6855773925781,309.59901428222656,0.8807701730729717
2021-11-23,269.7395935058594,277.4495849609375,261.7339782714844,263.9155578613281,357782286,0.3333333333333333,0.07555555555555556,0.2577777777777778,9.0,0.02510566426326344,0.02479569436337365,0.04499967674576405,0.03584891766520078,271.39002772739957,308.31459554036456,0.8802373668095423
2021-11-24,262.59478759765625,272.4647827148437,251.70606994628903,269.9007263183594,354709471,0.7,0.16899999999999998,0.363,10.0,-0.026487790744179063,-0.026844912640083266,0.0442980411662258,0.0358862978442766,268.3083278111049,306.6399892171224,0.8749945775047755
2021-11-25,253.65809631347656,264.134521484375,252.4229736328125,254.42645263671875,249413018,0.5555555555555556,0.14,0.28444444444444444,9.0,-0.03403224932961102,-0.03462482972607376,0.03501181479937754,0.034622091525623844,267.05787658691406,304.1274958292643,0.8781115823109892
2021-11-26,231.71180725097656,263.92291259765625,226.74354553222656,263.1177673339844,373629942,0.25,0.013750000000000002,0.2775,8.0,-0.0865191743589302,-0.09049289337772408,0.03416688863997341,0.037709217808709436,260.2980521065848,301.02548828125,0.8647043597297871
2021-11-27,233.1012115478516,243.15872192382807,230.5904235839844,232.4906005859375,207709370,0.25,0.013750000000000002,0.2775,8.0,0.005996260239643725,0.005978354215015169,0.03629323800121212,0.03641141757516989,254.43397521972656,297.48429412841796,0.8552854057898349
2021-11-28,238.8475646972656,238.8475646972656,220.8496856689453,233.1520538330078,244774079,0.25,0.013750000000000002,0.2775,8.0,0.02465175153426591,0.024352800259984642,0.04039482914077182,0.036764073741115635,250.39807346888952,294.52103017171225,0.8501874155570552
2021-11-29,249.62518310546875,250.99526977539065,233.8795623779297,238.99578857421875,248130259,0.2222222222222222,0.014444444444444446,0.13777777777777778,9.0,0.04512341761517891,0.04413498142419877,0.04637392715984383,0.03790855305283456,248.46832057407923,292.2274917602539,0.8502564870861805
2021-11-30,257.100830078125,263.97235107421875,245.1244964599609,249.77159118652344,347095370,0.2727272727272727,0.02,0.19727272727272727,11.0,0.029947487187211186,0.029507817628463908,0.04695194661583279,0.03850661012097655,246.66278294154577,290.32508290608723,0.8496089296608756
2021-12-01,251.0262908935547,269.0412292480469,249.52134704589844,256.4865417480469,250950050,1.0,0.18,0.55,1.0,-0.02362706951480653,-0.023910664644045204,0.04675643262189533,0.0379572882294023,245.01014055524553,287.89122212727864,0.8510510975111457
2021-12-02,244.55502319335935,250.84588623046875,241.18167114257807,250.84588623046875,198143541,-1.0,-0.08,0.05,1.0,-0.025779242792299484,-0.02611735091028242,0.04600615125350448,0.03803283624192488,243.70970153808594,285.21690572102864,0.8544714448885403
2021-12-03,225.62977600097656,246.19461059570312,219.90936279296875,244.8419189453125,241365943,0.5,0.15,0.39,2.0,-0.07738645865973237,-0.08054483059753138,0.04298767563749856,0.0401469888852141,242.84083993094308,281.93395334879557,0.8613394628298341
2021-12-04,202.9159698486328,226.2929229736328,162.33909606933594,226.1386260986328,610712251,0.5,0.15,0.39,2.0,-0.10066847804806334,-0.10610354502252427,0.05724720427152565,0.04288187323756864,238.5286625453404,277.5807586669922,0.8593126688276626
2021-12-05,191.74932861328125,206.0347900390625,187.30267333984372,202.6296844482422,270580588,0.5,0.15,0.39,2.0,-0.05503086446907768,-0.056603012835609104,0.054970165010800986,0.043501158903130915,231.8003431047712,273.0483723958333,0.8489350845451458
2021-12-06,185.20787048339844,191.8576202392578,168.93496704101562,191.7713623046875,387818841,0.0,0.0,0.0,2.0,-0.03411463381483637,-0.03471012035666724,0.043877366929527484,0.0435688410400318,222.59786987304688,268.60409088134764,0.8287210710107039
2021-12-07,187.6049346923828,197.2203063964844,181.13345336914065,185.2816467285156,282131643,0.0,0.0,0.75,1.0,0.012942561256862106,0.01285952203689736,0.03955297313905266,0.04374722850865258,212.66988481794084,264.1934356689453,0.8049779294457284
2021-12-08,202.6167449951172,202.6167449951172,179.95529174804688,187.1598358154297,323017812,0.0,-0.005000000000000001,0.2225,4.0,0.08001820595683884,0.07697789836148787,0.061060283531051675,0.04599890687633726,205.75423540387834,259.8744623819987,0.7917447275039781
2021-12-09,177.4508056640625,203.81256103515625,176.78416442871094,202.6914825439453,257206791,0.6,0.1,0.326,10.0,-0.12420463733962939,-0.13262281960445627,0.07203814045924535,0.050281867483403325,196.1679186139788,254.57919565836588,0.7705575394983475
2021-12-10,167.37782287597656,181.31170654296875,166.9542694091797,177.32794189453125,244888999,0.4444444444444444,0.11666666666666664,0.20666666666666667,9.0,-0.05676493127427895,-0.05843974986733108,0.07073500429874366,0.04984737900049963,187.84621102469308,249.73348592122395,0.7521867174990997
2021-12-11,180.91004943847656,180.917236328125,163.82608032226562,167.4442901611328,196916759,1.0,0.09,0.32,1.0,0.0808483843915635,0.07774627386349946,0.07709917803252613,0.052885667911216044,184.70250810895647,245.330099995931,0.7528734065327488
2021-12-12,179.95372009277344,182.1930694580078,175.96604919433594,180.7972717285156,130848942,1.0,0.09,0.32,1.0,-0.005286214605940698,-0.005300236073858913,0.0750516583014558,0.05293749614735745,183.01742117745536,241.05968221028647,0.7592203702392737
2021-12-13,162.41929626464844,181.04086303710935,157.98207092285156,180.11448669433594,188072848,0.36363636363636365,0.09272727272727273,0.2781818181818182,11.0,-0.09743851818726113,-0.1025184672031966,0.08288030575344056,0.05472997328471306,179.76191057477678,236.0473393758138,0.761550251106943
2021-12-14,169.26327514648438,169.64268493652344,158.98541259765625,162.4208984375,155263529,-0.09090909090909091,-0.02090909090909091,0.3109090909090909,11.0,0.042137720327788175,0.041274103818119356,0.0853460082076409,0.05566704842205165,177.1416734967913,231.16925303141275,0.7662856161615929
2021-12-15,173.28738403320312,175.48204040527344,159.45932006835938,169.31272888183594,183508480,0.16666666666666666,0.008333333333333333,0.04833333333333334,6.0,0.02377425867032401,0.02349605179726728,0.07783464570283082,0.05601438907401367,172.95176478794642,226.90488026936848,0.7622214409078729
2021-12-16,174.15121459960938,181.0777130126953,172.44606018066406,173.2834014892578,150817235,0.5555555555555556,0.08888888888888889,0.17222222222222222,9.0,0.004984959356537644,0.004972575584659752,0.06086574191595016,0.05503781074948301,172.4803946358817,223.4163060506185,0.7720134563356515
2021-12-17,186.9100646972656,187.84710693359372,162.19485473632812,174.26942443847656,228460669,-0.4444444444444444,-0.0044444444444444444,0.20666666666666667,9.0,0.07326305548307577,0.07070359248653955,0.06072013662679328,0.05693743914968749,175.27071489606584,220.1744186401367,0.7960539465873937
2021-12-18,193.2888336181641,201.63043212890625,183.45315551757807,186.8182678222656,483811780,1.0,0.11,0.385,2.0,0.034127476929773914,0.03355805371912741,0.055253688053688785,0.056180482958426,177.0391126360212,217.8703379313151,0.8125893332567089
2021-12-19,183.2998962402344,193.3355865478516,182.7869415283203,193.24668884277344,165238601,1.0,0.11,0.385,2.0,-0.05167881243291328,-0.05306202865820804,0.06011462276695324,0.05502533516021294,177.5171377999442,214.67931518554687,0.8268944665046865
2021-12-20,180.57115173339844,186.21261596679688,167.59579467773438,183.40380859375,196163317,0.6,0.12,0.318,5.0,-0.01488677605828892,-0.014998696251908479,0.04050223564239553,0.055021417941224046,180.11026000976562,211.56002858479818,0.851343522756111
2021-12-21,186.21925354003903,186.5788726806641,179.11203002929688,180.57763671875,168310935,0.2,0.028000000000000004,0.316,5.0,0.0312790927699218,0.030799869439659355,0.03955806935753435,0.055565428561645716,182.5325426374163,208.86404113769532,0.873929957704305
2021-12-22,206.467041015625,215.8826141357422,186.09713745117188,186.2444000244141,417284319,0.0,0.06249999999999999,0.20375,8.0,0.10873090236736704,0.10321603002193797,0.05229422070031504,0.059406241270092065,187.27249363490515,206.97516072591145,0.9048066105038676
2021-12-23,246.8852081298828,248.2361602783203,204.25631713867188,206.63442993164065,798122516,0.1111111111111111,0.0,0.3188888888888889,9.0,0.1957608677658098,0.17878269219748175,0.07673658219636148,0.06832771830781151,197.6630641392299,206.21334788004557,0.9585367105053288
2021-12-24,270.42822265625,278.5155334472656,243.4684295654297,247.1231231689453,758526468,0.42857142857142855,0.028571428571428574,0.13285714285714284,7.0,0.09536016638948075,0.0910832282635946,0.07803493232875601,0.07027031850808696,209.59422956194197,206.4744623819987,1.0151096999791256
2021-12-25,263.7946472167969,279.170654296875,257.9937438964844,270.5152893066406,464964057,0.0,0.0,0.0,1.0,-0.02452989327184718,-0.024835763439608787,0.0833696176483493,0.0701218573100874,219.66648864746094,206.81234741210938,1.0621536450613245
2021-12-26,268.4066162109375,277.484375,250.7138519287109,263.7943725585937,421765647,0.0,0.0,0.0,1.0,0.017483178839297286,0.01733210634468993,0.07328614048631175,0.06798514117369843,231.82459150041853,208.03550771077474,1.1143510742537135
2021-12-27,276.7445678710937,292.9144287109375,266.0387878417969,268.28717041015625,549276549,0.3333333333333333,0.011111111111111115,0.23111111111111113,9.0,0.031064627906204345,0.03059188775131089,0.06791087377912274,0.06814692671975375,245.5636509486607,209.49028625488282,1.1721958823899268
2021-12-28,252.5611114501953,296.73663330078125,252.5611114501953,276.80224609375,914827333,0.2857142857142857,-0.032857142857142856,0.2814285714285714,7.0,-0.08738547826587484,-0.09144169813009288,0.08931403742158804,0.07030047461475866,255.04105922154014,209.94740447998046,1.2147854833130818
2021-12-29,235.53697204589844,258.7795104980469,235.40591430664065,252.77593994140625,506454397,0.25,0.02125,0.1875,8.0,-0.06740602029562259,-0.06978535001758239,0.09386622041226621,0.07101142282480949,259.1939065115792,209.47779744466146,1.2373335488218098
2021-12-30,263.40679931640625,265.709716796875,231.37551879882807,236.44737243652344,466052111,0.0,0.02857142857142857,0.19714285714285715,7.0,0.11832463934824178,0.11183170767009386,0.0766895521011411,0.07380416363062525,261.5541338239397,209.68799641927083,1.247349100999385
2021-12-31,255.1104888916016,273.7117004394531,250.04380798339844,263.2216491699219,497411831,0.16666666666666666,0.07833333333333332,0.2383333333333333,6.0,-0.03149618934034826,-0.03200286154328984,0.06847073833712734,0.07391232813439509,259.36588614327565,209.82413635253906,1.2361108242928653
2022-01-01,265.4998474121094,265.4998474121094,251.4924774169922,255.03244018554688,306858423,0.75,0.24000000000000002,0.42000000000000004,4.0,0.04072493673485256,0.03991752487633653,0.07022088556284709,0.07407424633576662,259.6094861711775,210.52229715983074,1.2331685986405478
2022-01-02,266.02618408203125,268.2060852050781,253.8250274658203,265.59405517578125,322358186,0.75,0.24000000000000002,0.42000000000000004,4.0,0.0019824368075997967,0.0019804743729255354,0.0698617098517634,0.07238788434311069,259.26942443847656,211.86884409586588,1.2237260534690177
2022-01-03,267.053955078125,284.6518859863281,263.7008056640625,265.98883056640625,574902168,0.0,0.036,0.26799999999999996,10.0,0.0038634204360004087,0.0038559765935698154,0.06854778296492686,0.06925880696660565,257.88505118233815,214.00677693684895,1.2050321717542487
2022-01-04,252.842041015625,269.0031433105469,251.3241271972656,267.0079040527344,444758231,-0.09090909090909091,0.06272727272727273,0.1890909090909091,11.0,-0.053217388442505564,-0.05468576699733683,0.06191804428382402,0.06919689338286558,257.92518397739957,216.04320068359374,1.193859298331467
2022-01-05,231.4190673828125,258.7471618652344,218.3442840576172,252.96131896972656,436111110,0.2222222222222222,0.09333333333333332,0.23555555555555557,9.0,-0.08472868494005159,-0.08853473846854225,0.0657358419687537,0.07104820346430131,257.336911882673,217.5835739135742,1.1827037641402522
2022-01-06,221.66018676757807,232.4508514404297,217.7309112548828,231.38108825683597,523846703,0.14285714285714285,0.03642857142857143,0.375,14.0,-0.04216973443718586,-0.043084692530463715,0.04294967540240953,0.07163242963406082,251.37311008998327,218.7187489827474,1.1492984083857012
2022-01-07,210.5432281494141,221.91172790527344,201.3569183349609,221.63673400878903,405512260,-0.09090909090909091,0.051818181818181826,0.2972727272727273,11.0,-0.050153159122890534,-0.05145452751427102,0.04411800588019838,0.07105251003507795,245.00635855538505,218.98296508789062,1.1188375244487612
2022-01-08,212.12887573242188,230.33499145507807,201.79188537597656,210.66017150878903,507748197,-1.0,-0.29,0.54,1.0,0.007531221008364675,0.007503002952474785,0.03699764729684795,0.06639999080914524,237.3819340297154,220.13890075683594,1.0783279702660369
2022-01-09,210.32261657714844,218.69479370117188,209.46771240234372,212.14112854003903,292581523,-1.0,-0.29,0.54,1.0,-0.008514914101330762,-0.008551373093391306,0.03556920618543629,0.06534816330004249,229.42428152901786,221.57039388020834,1.0354464669727297
2022-01-10,199.9176483154297,212.9862365722656,189.4699859619141,210.2856292724609,352323697,0.3076923076923077,0.05538461538461538,0.24923076923076926,13.0,-0.049471466412182585,-0.0507370979484,0.031780064500653724,0.0648012542208346,219.83338056291853,222.2039805094401,0.9893314244817462
2022-01-11,213.23130798339844,216.5532684326172,197.69630432128903,199.8959503173828,270565715,0.0,-0.05,0.1453846153846154,13.0,0.06659571968835132,0.06447200613332668,0.05009185284673385,0.06572629760275238,214.1747044154576,223.3132334391276,0.9590775303239651
2022-01-12,218.57379150390625,222.18618774414065,211.42233276367188,213.22874450683597,267978950,0.5416666666666666,0.12125000000000001,0.33166666666666667,24.0,0.025054873841151792,0.02474614661218242,0.043800047829199884,0.06253310859772716,212.33966500418526,225.18504994710287,0.9429563155016949
2022-01-13,209.4081573486328,221.05352783203125,208.6676788330078,218.5696258544922,324923926,0.2727272727272727,0.05909090909090909,0.24545454545454543,22.0,-0.04193382057477657,-0.04283842257759777,0.043767404864862525,0.06296199015433933,210.58937508719308,226.5232126871745,0.9296591399576085
2022-01-14,224.1970977783203,226.3995513916016,206.03846740722656,209.47154235839844,359468867,0.358974358974359,0.08205128205128205,0.3076923076923077,39.0,0.07062256130293032,0.0682403122680188,0.04725909067766137,0.06388708617040206,212.53992789132255,228.22020314534504,0.9312932201535361
2022-01-15,239.4390869140625,243.1891632080078,222.98269653320312,224.20867919921875,432533589,0.4,0.1,0.39,5.0,0.06798477449878959,0.06577348434910846,0.05186393643538734,0.06472738154942125,216.44138663155692,230.39646555582684,0.9394301518879487
2022-01-16,241.74761962890625,244.66458129882807,231.5718231201172,239.2964782714844,333448922,0.2,0.046,0.336,5.0,0.009641419638692028,0.0095952377543744,0.05079896371898795,0.0637248950230932,220.93067278180803,232.22438405354816,0.9513672463046088
2022-01-17,226.93194580078125,243.4944610595703,221.9659576416016,241.90072631835935,351558593,0.40625,0.0975,0.31125,32.0,-0.06128570718035509,-0.06324411357033669,0.053826934237993736,0.06485702839522615,224.78985813685827,233.34582112630207,0.9633335495439931
2022-01-18,232.46575927734372,240.0948944091797,223.860595703125,226.9374542236328,546952886,0.3170731707317073,0.08317073170731708,0.3353658536585366,41.0,0.024385343619361954,0.02409276795794853,0.05006191570035588,0.06398482299754699,227.53763689313615,234.98468322753905,0.968308375541261
2022-01-19,211.25152587890625,235.5902862548828,211.01612854003903,232.45541381835935,329946754,0.3617021276595745,0.06489361702127659,0.3302127659574468,47.0,-0.0912574542779343,-0.09569345294982183,0.0638771509620172,0.06662328472633909,226.4915989467076,236.00736236572266,0.9596802263978985
2022-01-20,198.5961151123047,220.6316375732422,198.5835418701172,211.21034240722656,190061350,0.17391304347826086,0.03934782608695652,0.3517391304347826,46.0,-0.0599068371882715,-0.06177629925491776,0.0661152013478232,0.06753586517218675,224.947021484375,236.4199244181315,0.9514723517402638
2022-01-21,170.32049560546875,200.27459716796875,165.42596435546875,198.66542053222656,442176398,0.45,0.07875,0.39875,40.0,-0.14237750567701823,-0.15359125962177866,0.07612602839274106,0.07049376817430379,217.25036403111048,235.2150395711263,0.923624460524415
2022-01-22,146.41726684570312,174.54454040527344,138.7176971435547,170.47589111328125,406373628,0.14285714285714285,0.044285714285714296,0.37214285714285716,14.0,-0.14034264446444067,-0.15122139292229386,0.07017383903911034,0.06621599728499047,203.96153259277344,231.866108194987,0.8796522017838532
2022-01-23,158.03140258789062,162.58566284179688,146.1366424560547,146.51576232910156,288347106,0.1111111111111111,0.005555555555555554,0.3566666666666667,9.0,0.07932217280374898,0.07633322632734063,0.08565725717979206,0.0654327214841828,192.00207301548548,228.11954752604166,0.8416730398501554
2022-01-24,151.99839782714844,158.33753967285156,131.9022216796875,158.10142517089844,348471105,0.22580645161290322,0.1003225806451613,0.38451612903225807,31.0,-0.03817598693643742,-0.03892378365510322,0.08603063580616577,0.06553463656546117,181.29728044782365,224.39300587972005,0.8079453267139853
2022-01-25,152.03585815429688,155.8611297607422,146.43031311035156,151.98240661621094,225848942,0.40540540540540543,0.08351351351351351,0.3651351351351351,37.0,0.00024645211846929804,0.00024642175413474963,0.0826794746978538,0.06528738597731865,169.80729457310267,220.51398061116535,0.7700522846781569
2022-01-26,146.6052703857422,162.44517517089844,143.27455139160156,152.01976013183594,270906239,0.23809523809523808,0.07809523809523809,0.27285714285714285,42.0,-0.03571912464915572,-0.03637266233814584,0.08152229550373737,0.06467718826309964,160.5721152169364,216.1760040283203,0.7427841768964354
2022-01-27,144.45619201660156,150.7174835205078,137.98399353027344,146.5745391845703,189772612,0.33962264150943394,0.0949056603773585,0.38849056603773585,53.0,-0.014658943457394491,-0.014767447443787208,0.0825306430733402,0.06330528720458595,152.8378404889788,212.5725067138672,0.7189915706959502
2022-01-28,149.13661193847656,150.4791717529297,140.1199188232422,144.4231719970703,185515739,0.37735849056603776,0.0860377358490566,0.3109433962264151,53.0,0.032400272058515256,0.03188645238273962,0.07100170532833205,0.06319323967885981,149.8115713936942,209.69249471028647,0.7144345895673356
2022-01-29,153.7234649658203,156.7358856201172,148.18809509277344,149.12355041503906,137148270,0.0,0.009375000000000001,0.36375,16.0,0.03075604955566491,0.030292561669060854,0.0417903023751811,0.059164765285583905,150.85531398228235,206.03638356526693,0.7321780326943825
2022-01-30,148.95172119140625,155.08383178710938,146.72862243652344,153.7727508544922,124358224,0.4444444444444444,0.05722222222222222,0.41833333333333333,18.0,-0.031041089110729003,-0.031533071613473206,0.03023438456526558,0.05916097998626797,149.55821663992745,202.4977579752604,0.7385672717334446
2022-01-31,157.60316467285156,158.35107421875,142.31961059570312,148.9451141357422,150029245,0.20833333333333334,0.055,0.30312500000000003,48.0,0.058082198797340556,0.056458023043277544,0.03528461627727047,0.05979243975353967,150.35889761788505,198.9012018839518,0.7559476573983268
2022-02-01,163.96824645996094,167.66600036621094,157.54518127441406,157.61582946777344,182598041,0.3684210526315789,0.12280701754385964,0.3133333333333333,57.0,0.04038676380846695,0.03959253229734732,0.03743729544229412,0.06060134334055811,152.0635245186942,195.4992706298828,0.7778214416286969
2022-02-02,151.5420684814453,164.31854248046875,150.38241577148438,163.9442138671875,147237976,0.11320754716981132,0.03037735849056604,0.2616981132075472,53.0,-0.07578405116108833,-0.07880952378195959,0.04822882062223219,0.06153343300172897,152.76878138950892,191.64887440999348,0.7971285083714681
2022-02-03,152.28530883789062,153.03172302246094,146.26882934570312,151.51846313476562,131472284,0.19607843137254902,0.039411764705882354,0.3184313725490196,51.0,0.0049045150557405215,0.004892527102527568,0.047470553867028406,0.06129916561727863,153.88722664969308,188.29698333740234,0.8172580565135678
2022-02-04,166.452392578125,166.452392578125,151.62535095214844,152.28469848632812,170377302,0.27450980392156865,0.05431372549019608,0.3184313725490196,51.0,0.09302987824856701,0.08895354482129862,0.05640760650454432,0.06269618019172576,156.36090959821428,186.1314275105794,0.8400564681068003
2022-02-05,166.50033569335938,173.02447509765625,164.9435577392578,166.4752197265625,183889569,0.10526315789473684,0.06894736842105263,0.3252631578947368,19.0,0.00028802899430768747,0.00028798752192021545,0.056253040249663905,0.06242993832069504,158.18617684500558,184.29276580810546,0.8583417593814652
2022-02-06,173.48072814941406,173.48072814941406,166.39915466308594,166.49964904785156,156230262,0.5294117647058824,0.09529411764705883,0.29058823529411765,17.0,0.04192419448877471,0.041069190673991965,0.05364941004701716,0.06257304894017096,161.69032069614954,183.0573491414388,0.8832768608007096
2022-02-07,181.5683441162109,183.6156005859375,170.32017517089844,173.48426818847656,193499132,0.2765957446808511,0.052553191489361696,0.37787234042553197,47.0,0.04661967962130764,0.04556561816281945,0.052624055668975774,0.06324805276143854,165.1139177594866,182.03866475423177,0.9070266362500787
2022-02-08,184.3788299560547,192.43673706054688,174.43980407714844,181.6058654785156,253914374,0.38181818181818183,0.066,0.40745454545454546,55.0,0.015478941847070882,0.015360365089734337,0.05192986498580291,0.06335475068312792,168.02971540178572,181.173871866862,0.9274500438190368
2022-02-09,188.05154418945312,190.3804473876953,176.98968505859375,184.2764587402344,170570415,0.32075471698113206,0.08056603773584906,0.3443396226415094,53.0,0.019919392233228805,0.019723596951039552,0.030736933506481295,0.06288155149787734,173.24535478864397,180.77833506266276,0.958330292889313
2022-02-10,175.93287658691406,188.5816192626953,175.74525451660156,188.04409790039065,214241216,0.22807017543859648,0.0687719298245614,0.35824561403508776,57.0,-0.06444332937957731,-0.06661355720813324,0.047891332094124994,0.06265444502045082,176.62357875279017,179.5350540161133,0.9837832490190923
2022-02-11,163.26661682128906,180.74151611328125,161.09625244140625,175.91702270507812,180149356,0.08163265306122448,0.06959183673469388,0.36836734693877554,49.0,-0.0719948426431124,-0.07471798871473319,0.04891274922665751,0.06357387127532249,176.16846793038505,177.6914815266927,0.9914288879623142
2022-02-12,162.1304168701172,168.46400451660156,160.60623168945312,163.29269409179688,134934510,0.34615384615384615,0.13192307692307692,0.35500000000000004,26.0,-0.0069591688325088,-0.006983496781832724,0.04891442608351857,0.06326616318682404,175.544193812779,176.1155568440755,0.9967557492277508
2022-02-13,158.6427001953125,164.85418701171875,156.60691833496094,162.12005615234375,101496577,0.11764705882352941,0.04470588235294118,0.33,17.0,-0.021511797367416263,-0.02174654880265898,0.04490905544662702,0.06161246645550787,173.42447553362166,173.93041025797527,0.9970911658081919
2022-02-14,161.0345458984375,161.12252807617188,153.25592041015625,158.57533264160156,123357961,0.4375,0.08791666666666666,0.4083333333333334,48.0,0.015076935151635107,0.014964407800164687,0.03944008927140392,0.06009387930304489,170.49107578822546,171.31692555745443,0.9951794035146165
2022-02-15,172.00802612304688,172.4313201904297,160.68234252929688,161.02650451660156,154471866,0.2641509433962264,0.09773584905660376,0.25528301886792454,53.0,0.06814364062932321,0.06592222646564173,0.04968475448047123,0.061690119861778595,168.72381809779577,168.99227244059244,0.9984114401272931
2022-02-16,170.5651397705078,174.00396728515625,163.6141357421875,172.048583984375,165149232,0.25,0.03339285714285714,0.31428571428571433,56.0,-0.008388482706655154,-0.008423864030400222,0.04799595537500432,0.06090674244884774,166.22576032366072,167.11337890625,0.9946885247105964
2022-02-17,152.74276733398438,173.63369750976562,151.19146728515625,170.47332763671875,188279060,0.19607843137254902,0.07490196078431373,0.3201960784313725,51.0,-0.10449012301401739,-0.11036202796544259,0.05783701323502423,0.06325007886821067,162.9128875732422,164.45594584147136,0.9906171938002374
2022-02-18,145.9029998779297,155.25152587890625,144.541015625,152.82839965820312,188349180,0.16981132075471697,0.04924528301886792,0.3992452830188679,53.0,-0.04477964865661355,-0.04581323072551188,0.05421370798450577,0.06166424318838676,160.43237086704798,162.2776616414388,0.9886288059876774
2022-02-19,146.26678466796875,148.66078186035156,141.727294921875,145.88839721679688,97926133,0.5882352941176471,0.1188235294117647,0.39705882352941174,17.0,0.0024933331757635013,0.0024902299777348797,0.05459506124508503,0.06100022794462868,158.1661376953125,160.5333506266276,0.9852540738601986
2022-02-20,137.593017578125,146.29428100585938,135.55929565429688,146.2543487548828,110695674,0.4444444444444444,0.08777777777777779,0.22111111111111112,18.0,-0.05930100336541566,-0.06113206662052849,0.057398650143565336,0.05560231060161884,155.15904017857142,159.44243469238282,0.9731351661678054
2022-02-21,128.97865295410156,144.52000427246094,128.5417938232422,137.57469177246094,181548238,0.16279069767441862,0.04790697674418605,0.3206976744186047,43.0,-0.06260757105012416,-0.06465327017445585,0.05712546305716571,0.04981022475896208,150.57962690080916,158.86114756266275,0.947869439514234
2022-02-22,134.7526397705078,136.5070343017578,126.1851577758789,128.951904296875,159885504,0.3,0.0842,0.34840000000000004,50.0,0.0447669958102368,0.043793890038633224,0.05111870561572427,0.04832770696576051,145.25742885044642,158.08518880208334,0.9188553965817963
2022-02-23,131.3236541748047,142.80148315429688,131.3236541748047,134.71817016601562,150490554,0.23214285714285715,0.04857142857142858,0.2916071428571429,56.0,-0.02544651890710936,-0.025775880993568735,0.05003161134417051,0.04807131934710195,139.65150233677454,157.39603068033855,0.8872619070070322
2022-02-24,125.30519104003906,131.396484375,112.99856567382812,131.23275756835938,303696783,0.3333333333333333,0.11148148148148149,0.33555555555555555,54.0,-0.04582923900940539,-0.04691262880244831,0.03916755699715225,0.04866551657183739,135.73184858049666,156.5050084431966,0.8672684020189708
2022-02-25,139.7579345703125,142.84739685058594,122.49359893798828,125.3139419555664,261272497,0.1956521739130435,0.020869565217391306,0.3076086956521739,46.0,0.11534034153186301,0.10915959737815292,0.06371522097059898,0.05266830150448485,134.8539821079799,156.27676391601562,0.8629176771311409
2022-02-26,136.43209838867188,143.70550537109375,135.37843322753906,139.73031616210938,164221021,0.4117647058823529,0.10823529411764707,0.2570588235294118,17.0,-0.023797118867461386,-0.024084844158175196,0.06390623546168621,0.05277602208710945,133.44902692522322,156.00929412841796,0.8553915179910729
2022-02-27,131.61021423339844,144.0193328857422,130.19180297851562,136.3656768798828,288547017,0.2,0.048666666666666664,0.33999999999999997,15.0,-0.035342739811394686,-0.03598241152024432,0.061198371874951286,0.052732185555287935,132.59434073311942,155.42508087158203,0.853107748051769
2022-02-28,145.80545043945312,145.80545043945312,128.79380798339844,131.5927276611328,274931422,0.24489795918367346,0.08265306122448979,0.3122448979591837,49.0,0.10785816502722767,0.102428570227901,0.06697905946140437,0.05590680612728437,134.9981689453125,155.16114705403646,0.8700513724502049
2022-03-01,143.44619750976562,150.337646484375,140.6224365234375,145.7814483642578,289879650,0.45652173913043476,0.09108695652173913,0.3071739130434783,46.0,-0.01618082810057364,-0.016313167212255977,0.0669018862644284,0.055695997145696126,136.24010576520647,154.97762959798177,0.879095299874045
2022-03-02,137.99533081054688,145.61740112304688,136.76327514648438,143.43600463867188,262542714,0.35294117647058826,0.1080392156862745,0.3305882352941176,51.0,-0.0379993809096798,-0.03874018477160625,0.0681898653378763,0.05500202425916928,137.19320242745536,154.32403513590495,0.8889943961524633
2022-03-03,129.9397735595703,137.99415588378906,127.18492889404295,137.99415588378906,215414142,0.034482758620689655,-0.009827586206896553,0.3148275862068966,58.0,-0.05837557838848906,-0.0601487870815104,0.07009351503922122,0.055263228913577704,137.85528564453125,153.18975270589192,0.8998988718860248
2022-03-04,124.0027313232422,131.7020263671875,122.3883285522461,129.9763641357422,229406660,0.2765957446808511,0.059148936170212774,0.2868085106382979,47.0,-0.04569072327655166,-0.04676747063431482,0.05461178901707846,0.054140816052051156,135.6045423235212,152.2717748006185,0.8905428632527531
2022-03-05,124.55912017822266,126.14273834228516,122.76785278320312,124.05028533935548,122518392,0.4117647058823529,0.13117647058823528,0.29294117647058826,17.0,0.00448690806277563,0.004476871900487093,0.05506688537735204,0.05413780409803138,133.9084025791713,151.3475685119629,0.8847740594430947
2022-03-06,116.95108032226562,125.59723663330078,116.83782196044922,124.57039642333984,140213321,0.35714285714285715,0.052142857142857144,0.2207142857142857,14.0,-0.06107974948017647,-0.06302473360447992,0.0578267879656701,0.051944720234710244,131.81424059186662,149.6975247701009,0.8805372085764366
2022-03-07,117.23694610595705,123.70613861083984,113.95503997802734,116.9466552734375,200758454,0.13333333333333333,0.0028888888888888896,0.2762222222222222,45.0,0.002444319307728593,0.0024413368184050027,0.028214145414121313,0.051963434192518344,127.73302568708148,148.05541178385417,0.8627379718720359
2022-03-08,121.78691864013672,124.92283630371094,116.52862548828124,117.15325164794922,230403598,0.5106382978723404,0.0970212765957447,0.2987234042553191,47.0,0.03881005677226934,0.0380758819034809,0.03857056245334752,0.0518614029725633,124.6388429914202,146.3322848002116,0.8517521827913124
2022-03-09,127.72340393066406,130.00149536132812,121.71793365478516,121.81453704833984,163411591,0.5306122448979592,0.0810204081632653,0.2930612244897959,49.0,0.04874485171982079,0.04759406981924015,0.04594086897201105,0.05194002666964829,123.17142486572266,144.53745346069337,0.8521765252991595
2022-03-10,119.30857849121094,128.139404296875,117.86366271972656,127.66397857666016,151961884,0.30357142857142855,0.08982142857142858,0.3439285714285715,56.0,-0.0658831911810086,-0.06815378559765085,0.04744184392076475,0.052671147737589304,121.65268271309989,142.3684450785319,0.8544918970351543
2022-03-11,116.74298858642578,120.76750183105467,115.24838256835938,119.31028747558594,125641522,0.18518518518518517,0.0612962962962963,0.37092592592592594,54.0,-0.02150381755637254,-0.021738393590890685,0.04529651781441271,0.052284470206600105,120.6155766078404,139.99149322509766,0.8615921855615756
2022-03-12,120.35665130615234,121.30857849121094,116.73741149902344,116.7540054321289,111562838,0.5333333333333333,0.11733333333333333,0.40599999999999997,15.0,0.03095400215021349,0.030484589248295942,0.047559744284878164,0.05204110806125073,120.01522391183036,138.1389523824056,0.868800738980531
2022-03-13,116.07190704345705,120.49559020996094,115.69741821289062,120.33782958984376,120443434,0.07692307692307693,-0.018461538461538456,0.2576923076923077,13.0,-0.035600394462589,-0.03624954169904234,0.0429605048128613,0.0509210252961019,119.88962772914343,136.5657953898112,0.8778891331239452
2022-03-14,118.47493743896484,121.03321075439452,114.06311798095705,116.05149841308594,141802429,0.2826086956521739,0.06717391304347826,0.26152173913043475,46.0,0.02070294575765108,0.020491552440248292,0.04374156026790892,0.05124870560509339,120.06648363385882,135.11061274210613,0.8886532389801018
2022-03-15,121.9665298461914,122.73316955566406,114.46255493164062,118.4651107788086,119151096,0.38333333333333336,0.05666666666666667,0.3171666666666667,60.0,0.029471147929707397,0.029045221769733842,0.04260134886769347,0.05169986591682373,120.09214237758091,133.88807373046876,0.8969592214713571
2022-03-16,141.6463165283203,141.65757751464844,121.26380157470705,121.96818542480467,396920463,0.3888888888888889,0.06555555555555556,0.3216666666666667,54.0,0.1613539936484749,0.14958656033193587,0.07008468829439739,0.059137786894455154,122.0811298915318,133.2417994181315,0.9162374752116942
2022-03-17,156.00694274902344,156.2476348876953,137.07177734375,141.6322784423828,494695672,0.28,0.0574,0.3326,50.0,0.10138368983165136,0.09656728915810621,0.06507161394758232,0.06063780058239107,127.3237533569336,132.70842997233072,0.9594247583479074
2022-03-18,160.6859893798828,163.83583068847656,148.1898956298828,155.85995483398438,499860698,0.2391304347826087,0.054565217391304356,0.3773913043478261,46.0,0.02999255384670163,0.029551572940366106,0.05986196380550812,0.06092188388409446,133.60132489885603,132.3791249593099,1.009232573035377
2022-03-19,157.0718994140625,165.2537078857422,155.55165100097656,160.6522979736328,307812527,0.35714285714285715,0.02428571428571429,0.31857142857142856,14.0,-0.022491630911741334,-0.022748425432148753,0.06524716421523943,0.05755451483676946,138.84636034284318,132.52342936197917,1.0477117971614915
2022-03-20,152.47171020507812,158.5917510986328,147.5059356689453,157.0969696044922,279313059,0.25,0.16166666666666665,0.30416666666666664,12.0,-0.029287155921236208,-0.029724586581882064,0.06404457087975236,0.057177653324368485,144.04633222307478,132.7423863728841,1.085157018485693
2022-03-21,154.40248107910156,161.251708984375,147.73052978515625,152.4716339111328,320569257,0.21153846153846154,0.04557692307692308,0.3278846153846154,52.0,0.012663141716102722,0.012583634639738484,0.06449295695723536,0.057213561093657654,149.17883845738,133.0135762532552,1.1215309193201939
2022-03-22,152.99583435058594,160.88693237304688,152.73501586914062,154.36436462402344,234640223,0.26,0.0638,0.2894,50.0,-0.009110259878498894,-0.009152012071703785,0.0669307016559588,0.05601642027923397,153.6115962437221,133.5270034790039,1.1504159626249408
2022-03-23,155.99879455566406,156.9053192138672,150.9154815673828,153.02886962890625,193369833,0.27450980392156865,0.040196078431372545,0.23823529411764707,51.0,0.019627725276473384,0.0194375854573705,0.0426004088111384,0.05457185854463271,155.66195024762834,134.42767486572265,1.1579605940749642
2022-03-24,168.6285858154297,172.04737854003906,153.96688842773438,156.00048828125,421080492,0.3157894736842105,0.08035087719298245,0.3201754385964912,57.0,0.08096082598419696,0.0778502993179153,0.03672030523399306,0.05571999245714757,157.4650421142578,135.55687306722004,1.1616160697080549
2022-03-25,162.65499877929688,173.65635681152344,161.11285400390625,168.5802001953125,322760114,0.34615384615384615,0.07403846153846154,0.3507692307692307,52.0,-0.0354245219293432,-0.03606719353371076,0.0394995561244984,0.05596291435844152,157.74632917131697,136.60125122070312,1.1547941747360007
2022-03-26,163.2813720703125,166.45558166503906,161.41725158691406,162.6568603515625,158764522,0.5294117647058824,0.10294117647058823,0.38176470588235295,17.0,0.003850931700325688,0.0038435358440562276,0.0380022321206596,0.05503217961144339,158.6333966936384,137.86712392171225,1.150625270051461
2022-03-27,168.9878692626953,168.9878692626953,159.74594116210938,163.27957153320312,169951008,0.058823529411764705,0.06,0.35117647058823526,17.0,0.034948856198522504,0.03435201119546116,0.03574253864105591,0.051936833054738715,160.9928479875837,138.841455078125,1.1595445171400307
2022-03-28,168.0548858642578,178.6818389892578,167.02505493164062,168.9917449951172,268178812,0.4883720930232558,0.09302325581395349,0.3651162790697674,43.0,-0.005521008120335291,-0.005536305215238746,0.03656735548643314,0.051671997277862,162.9431915283203,139.89554799397786,1.164748942084523
2022-03-29,221.40025329589844,221.5531005859375,167.76861572265625,167.92938232421875,1517821000,0.3770491803278688,0.1078688524590164,0.3065573770491803,61.0,0.31742824469101727,0.27568153671758017,0.10444640863767335,0.0706048385039831,172.71525137765067,142.8885492960612,1.2087410238856113
2022-03-30,223.3584747314453,240.31907653808597,213.75914001464844,221.22357177734372,1367471480,0.35185185185185186,0.11277777777777777,0.3933333333333333,54.0,0.008844711812184602,0.008805826466907718,0.10508765029442764,0.06875904817584058,182.3380628313337,145.47365010579426,1.2534095535427217
2022-03-31,206.27825927734372,226.9920196533203,205.16409301757807,223.4351501464844,565609706,0.34615384615384615,0.06634615384615385,0.30365384615384616,52.0,-0.07646996817397667,-0.07955196029820479,0.11484104324392616,0.07067009182539451,187.71658761160714,147.56805216471355,1.27206793650756
2022-04-01,245.4336395263672,260.08660888671875,206.41195678710935,206.41195678710935,1414586485,0.2608695652173913,0.06391304347826086,0.2871739130434783,46.0,0.189818259986277,0.17380057275953129,0.12224325904838983,0.07585975956996434,199.54210771833147,151.14932912190756,1.3201653548683192
2022-04-02,237.15321350097656,254.82211303710935,236.71304321289065,245.36595153808597,647204994,0.5,0.126,0.3875,20.0,-0.033737942530494225,-0.03432020053532956,0.12589767333372653,0.07507069494558125,210.09522792271204,154.72311045328777,1.3578787765266753
2022-04-03,242.8079071044922,251.79840087890625,232.03118896484372,237.12940979003903,479539041,0.35294117647058826,0.11823529411764705,0.3264705882352941,17.0,0.023844052205905797,0.023564222251924866,0.12623411791810119,0.0740025451204704,220.64094761439733,158.68328297932942,1.3904485933980752
2022-04-04,238.39431762695312,242.86892700195312,226.7181701660156,242.7499847412109,365211448,0.13043478260869565,0.025434782608695656,0.32717391304347826,46.0,-0.018177288911928602,-0.01834452553357915,0.12729173181572773,0.07430978749023985,230.68943786621094,162.47778956095377,1.4198213705982716
2022-04-05,221.10826110839844,238.340087890625,220.98570251464844,238.340087890625,247681993,0.24074074074074073,0.09148148148148148,0.38370370370370366,54.0,-0.0725103546536896,-0.07527364860996998,0.08597309635343373,0.07482289055241549,230.64772469656808,165.9496955871582,1.3898653075590002
2022-04-06,191.45553588867188,221.13169860839844,191.37158203125,221.06640625,451038083,0.2222222222222222,0.053492063492063494,0.30682539682539683,63.0,-0.13410953110064616,-0.14399685774988716,0.10133496715369944,0.08064129757881329,226.0901620047433,168.42364857991535,1.3423896460565379
2022-04-07,202.59207153320312,206.7783660888672,191.4736785888672,191.4736785888672,408731296,0.203125,0.05171875,0.31859375,64.0,0.05816773901490602,0.05653886436176612,0.10151167552842144,0.08088292232261855,225.56356375558036,171.1171536763509,1.3181820694739277
2022-04-08,183.42921447753903,202.58767700195312,182.1730194091797,202.58767700195312,331526857,0.3,0.042800000000000005,0.3318,50.0,-0.09458838596516084,-0.09936561654450439,0.07003251943993513,0.08337572930657183,216.7057887486049,172.9740140279134,1.2528228009649724
2022-04-09,184.7063751220703,185.2276611328125,177.62355041503906,183.41156005859372,210918584,0.35714285714285715,0.08428571428571428,0.2992857142857143,14.0,0.006962689384943488,0.0069385617937478185,0.07244205633835704,0.08200022297847262,209.213383265904,175.1539405822754,1.1944543329736268
2022-04-10,177.70094299316406,188.4798126220703,177.52203369140625,184.72178649902344,210986412,0.5714285714285714,0.13214285714285715,0.5035714285714286,14.0,-0.037927397602147916,-0.03866536089613045,0.06761378530669895,0.08231628703645857,199.91238839285714,177.18587239583334,1.1282637023467241
2022-04-11,157.8686981201172,177.73776245117188,156.67926025390625,177.6534423828125,264132706,0.1568627450980392,0.05549019607843137,0.32803921568627453,51.0,-0.11160461244040665,-0.1183383788263179,0.07158938946987078,0.0857035494452555,188.40872846330916,178.43627395629883,1.0558880449916406
2022-04-12,164.5136260986328,170.8485870361328,157.39947509765625,157.8986053466797,272609534,0.11320754716981132,0.01169811320754717,0.3428301886792453,53.0,0.04209148525098816,0.0412297372228487,0.0801711995497695,0.08545865105144487,180.3237806047712,180.05099792480468,1.0015150300920879
2022-04-13,178.37779235839844,179.06808471679688,163.17015075683594,164.4813995361328,265922348,0.38461538461538464,0.053076923076923084,0.3367307692307693,52.0,0.0842736652795768,0.08091032990010506,0.07761931601327435,0.08638172607495892,178.45553152901786,182.04775975545246,0.9802676603586877
2022-04-14,172.0395965576172,179.8425750732422,167.12745666503906,178.34645080566406,321140261,0.03389830508474576,0.013220338983050844,0.33677966101694917,59.0,-0.03553242652564326,-0.036179067238474555,0.07206301303545709,0.08680042448318767,174.0908922467913,183.71686197916668,0.947604320971545
2022-04-15,175.9381103515625,176.3831329345703,169.2388153076172,172.0527801513672,198243102,0.16666666666666666,0.026190476190476188,0.32404761904761903,42.0,0.022660561126343293,0.02240762460363819,0.06500788816664385,0.08283726477983777,173.02073451450892,184.85992177327475,0.9359559003098236
2022-04-16,172.63189697265625,175.9756317138672,170.56268310546875,175.9276123046875,125138701,0.5,0.13714285714285715,0.4192857142857143,14.0,-0.01879191138463243,-0.01897072303682838,0.06488879462535935,0.08121022997187755,171.29580906459265,185.4140869140625,0.9238554195938008
2022-04-17,167.4228515625,177.12753295898438,166.9127655029297,172.6036376953125,144708124,0.17647058823529413,0.04470588235294118,0.29470588235294115,17.0,-0.030174292824815097,-0.030638906954242772,0.06435953915815376,0.08128471804260383,169.8275102887835,185.6386489868164,0.9148284110861215
2022-04-18,168.61317443847656,169.73092651367188,158.4752960205078,167.4355010986328,218860041,0.1702127659574468,0.06148936170212766,0.405531914893617,47.0,0.007109679860710205,0.00708452524399141,0.042400633389054185,0.0811618870291717,171.36243547712053,186.0233581542969,0.9211877324297314
2022-04-19,182.8791961669922,183.51779174804688,166.78668212890625,168.6548614501953,240302051,0.32608695652173914,0.06869565217391305,0.3623913043478261,46.0,0.08460798971388206,0.0812186219050501,0.04950205872342745,0.08217066371667008,173.986088344029,187.036941019694,0.9302231280916275
2022-04-20,186.2200927734375,198.02362060546875,179.63328552246094,182.9088897705078,434000276,0.2,0.07127272727272727,0.3603636363636364,55.0,0.018268325082720915,0.018103464028415745,0.04045489513183463,0.08219194853094675,175.1064169747489,188.09752807617187,0.9309341742324115
2022-04-21,174.0211944580078,195.6654510498047,171.94578552246094,186.2025909423828,347813904,0.32727272727272727,0.07727272727272727,0.35545454545454547,55.0,-0.06550795960708355,-0.06775216962636087,0.04716415064097812,0.08325989380614761,175.3895023890904,188.79837341308593,0.9289778254886908
2022-04-22,176.99774169921875,180.2051239013672,171.80276489257812,173.95925903320312,272507527,0.32075471698113206,0.12075471698113208,0.36924528301886794,53.0,0.01710450988732415,0.016959874704398834,0.04680787745134177,0.08324557983404288,175.54087829589844,189.4983383178711,0.9263452115418557
2022-04-23,173.90411376953125,178.8321990966797,173.51564025878906,177.0292510986328,171982812,0.5294117647058824,0.17941176470588238,0.4011764705882353,17.0,-0.017478346898598618,-0.0176328967015188,0.046716064638682706,0.0821510835699716,175.72262355259485,189.67418924967447,0.9264445744976154
2022-04-24,166.440185546875,174.68104553222656,166.11962890625,173.8363494873047,168446252,0.2777777777777778,0.08833333333333333,0.3333333333333333,18.0,-0.04291979103236121,-0.043868078117947094,0.04844715544128463,0.08228478165403653,175.58224269321985,189.80036214192708,0.9250890815578353
2022-04-25,169.1099090576172,170.18287658691406,154.44052124023438,166.4391326904297,255610400,0.2926829268292683,0.09658536585365854,0.38439024390243903,41.0,0.016040137794669285,0.01591285407937505,0.048801475111628585,0.08232983579655888,175.65320478166853,189.99464670817056,0.9245165999412062
2022-04-26,157.7269744873047,178.12200927734375,155.88052368164062,169.08103942871094,361773454,0.36363636363636365,0.0849090909090909,0.3578181818181818,55.0,-0.06731086684242871,-0.0696833242686542,0.03962864674723083,0.08307164388766101,172.0600302559989,189.6192835489909,0.907397322865344
2022-04-27,168.54986572265625,174.44247436523438,157.0931396484375,157.77200317382812,537280881,0.42857142857142855,0.1089795918367347,0.3359183673469388,49.0,0.06861788397660984,0.06636611629575377,0.05034352324395268,0.0840069963083191,169.53571210588728,189.63578287760416,0.8940069723830023
2022-04-28,166.16043090820312,175.7046356201172,164.7426300048828,168.53221130371094,339574123,0.4482758620689655,0.1253448275862069,0.3446551724137931,58.0,-0.014176426686597687,-0.01427787212052293,0.0446001500777688,0.06594562505794803,168.4127458844866,187.794455464681,0.8967929615800635
2022-04-29,157.1151123046875,167.7604522705078,152.37149047851562,166.1713409423828,249236565,0.17647058823529413,0.0696078431372549,0.3537254901960784,51.0,-0.05443726014716943,-0.055975036815585355,0.04665020908101945,0.06638242445287473,165.57237025669642,185.58634338378906,0.8921581579647586
2022-04-30,142.74085998535156,162.22866821289062,140.3490753173828,157.12997436523438,264967439,0.3157894736842105,0.08578947368421053,0.3215789473684211,19.0,-0.09148866782121179,-0.09594791771925977,0.055392699600193385,0.06702448100978749,161.12047685895647,183.468430074056,0.8781918327524856
2022-05-01,146.55543518066406,148.25343322753906,140.36917114257812,142.7087860107422,214938165,0.5714285714285714,0.15285714285714286,0.355,14.0,0.026723778991551317,0.026372935658018865,0.058365893711798525,0.05766183710180818,158.27979823521204,180.17248992919923,0.878490374959073
2022-05-02,144.04705810546875,148.62991333007812,139.58746337890625,146.56637573242188,201992324,0.2857142857142857,0.10523809523809524,0.3480952380952381,42.0,-0.017115551341396196,-0.017263715430535526,0.05645205130815581,0.05757109929892361,154.6993909563337,177.06895141601564,0.8736675160676496
2022-05-03,141.09921264648438,146.3488311767578,139.443115234375,144.0465850830078,193059554,0.2916666666666667,0.080625,0.4010416666666667,48.0,-0.02046446139029101,-0.020676759856845767,0.05259229925612717,0.05707075324369626,152.3239964076451,173.6786616007487,0.8770449691615336
2022-05-04,159.0804443359375,159.1090545654297,141.10325622558594,141.10325622558594,255099421,0.2545454545454545,0.05490909090909091,0.3563636363636364,55.0,0.12743679679137565,0.1199467347626325,0.06815883450247685,0.062387177618915345,150.97122192382812,171.0348658243815,0.8826926673468162
2022-05-05,141.56121826171875,161.79464721679688,137.8455810546875,159.11355590820312,300888359,0.3584905660377358,0.06849056603773584,0.33226415094339623,53.0,-0.11012809366575937,-0.11667775208136083,0.07968055447643069,0.06423193299644932,147.45704868861608,168.3832977294922,0.8757225370743472
2022-05-06,138.3785858154297,142.47897338867188,133.99526977539062,141.5419464111328,214266623,0.2765957446808511,0.057446808510638304,0.32127659574468087,47.0,-0.02248237536642983,-0.022738956969487596,0.07835970672648657,0.05946401428601092,144.78040204729353,166.61406606038412,0.8689566581660779
2022-05-07,132.25633239746094,138.50772094726562,129.72044372558594,138.3772735595703,165661558,0.6153846153846154,0.18076923076923077,0.4230769230769231,13.0,-0.04424278064334786,-0.04525135283053122,0.07205938615600402,0.05838209594154933,143.28261239188058,164.26954142252603,0.8722408984105952
2022-05-08,125.8410186767578,132.80165100097656,125.68148040771484,132.2701873779297,173366720,0.21428571428571427,0.06999999999999999,0.3735714285714286,14.0,-0.04850666583905894,-0.049722597881674525,0.07123467861438307,0.05656050386563272,140.3234100341797,162.34993489583334,0.8643268635999991
2022-05-09,100.90296173095705,128.5559844970703,100.90296173095705,125.90473175048828,308802179,0.24,0.037200000000000004,0.32539999999999997,50.0,-0.19817113059024116,-0.2208600736726592,0.10339367615361705,0.06798896193884628,134.15996769496374,159.5564877827962,0.8408305394487958
2022-05-10,105.35110473632812,117.8666763305664,97.80502319335938,100.77689361572266,394294873,0.45614035087719296,0.11052631578947368,0.35210526315789475,57.0,0.044083374056268054,0.043139346478943706,0.10915116597837946,0.06885585014249533,129.05309513637,157.14482650756835,0.8212366770480642
2022-05-11,81.88690185546875,108.20256042480467,76.966552734375,105.3182601928711,489588601,0.14545454545454545,0.05272727272727273,0.3674545454545455,55.0,-0.22272384271228474,-0.2519595769746586,0.1078393689756287,0.07915938584567289,118.02544621058873,154.61209996541342,0.7633648740104487
2022-05-12,77.54034423828125,87.66983032226562,65.5124282836914,81.91015625,401307191,0.22388059701492538,0.06791044776119402,0.3556716417910448,67.0,-0.05308001058410072,-0.05454067783859013,0.10830123230447257,0.07845447483743319,108.87960706438336,151.71299057006837,0.7176683199985932
2022-05-13,82.23719787597656,92.41796112060548,76.07659149169922,77.44343566894531,247711262,0.26785714285714285,0.08464285714285714,0.3067857142857143,56.0,0.06057303051508112,0.058809356880781594,0.1199938701457972,0.07752319529235742,100.85940878731864,148.50830408732097,0.6791499600454303
2022-05-14,86.71855163574219,86.81500244140625,78.0517349243164,82.25701141357422,133172513,0.21052631578947367,0.07631578947368421,0.42000000000000004,19.0,0.054493025972553566,0.053060107327865105,0.12935431513574253,0.0788129664164577,94.35401153564453,145.6642692565918,0.6477498704190608
2022-05-15,91.865234375,91.98030853271484,82.6687240600586,86.72357177734375,148891486,0.05,0.0040000000000000036,0.46449999999999997,20.0,0.05934927004865398,0.05765482343204553,0.13696031529973213,0.07976762523970608,89.50032806396484,142.86184005737306,0.6264816974779386
2022-05-16,84.22196197509766,91.8812484741211,81.47091674804688,91.8709716796875,159694030,0.26666666666666666,0.058888888888888886,0.3071111111111111,45.0,-0.08320092417880298,-0.08686694107060258,0.11604478404629667,0.0806470285519266,87.11732809884208,139.9148422241211,0.6226453656667398
2022-05-17,92.60372161865234,93.12873077392578,84.09162902832031,84.22076416015625,178001182,0.21739130434782608,0.059782608695652176,0.26782608695652177,46.0,0.09951988112118504,0.09487361281480919,0.1226288586025683,0.08349208191421072,85.29627336774554,137.42087122599284,0.620693731649199
2022-05-18,81.77399444580078,95.97493743896484,81.77399444580078,92.58503723144533,204695369,0.36065573770491804,0.06770491803278689,0.31459016393442624,61.0,-0.11694699720005886,-0.12437005435865664,0.08620439467098784,0.0854619992014902,85.28014373779297,134.52623189290364,0.6339294763394883
2022-05-19,91.525390625,91.54161834716795,79.78895568847656,81.75760650634766,192899371,0.05454545454545454,0.017272727272727273,0.32799999999999996,55.0,0.11924813316612992,0.1126571502046721,0.09163010704916076,0.08697755632861517,87.27800750732422,131.4811050415039,0.6638064646610147
2022-05-20,90.30101013183594,97.3846664428711,85.0348129272461,91.52691650390624,239600003,0.34,0.05,0.3014,50.0,-0.013377495411963092,-0.013467780197324614,0.09108353339602297,0.08665254783296723,88.4299806867327,128.28380228678387,0.6893308360867239
2022-05-21,91.32791137695312,92.6672821044922,88.9892807006836,90.28852081298828,130563759,0.2777777777777778,0.05777777777777778,0.28833333333333333,18.0,0.011371979600427018,0.01130780471246354,0.08940226177254632,0.08648205377562224,89.08846064976284,125.52735951741536,0.7097134918814485
2022-05-22,94.46376037597656,96.50289154052734,90.78797912597656,91.32579040527344,144037143,0.23529411764705882,-0.003529411764705886,0.4676470588235294,17.0,0.034336151475974575,0.033759821392528006,0.08760159277411607,0.08679345045531914,89.45967864990234,122.77622680664062,0.7286400712638916
2022-05-23,99.32938385009766,107.9245147705078,92.26763153076172,94.418212890625,327442267,0.38,0.0916,0.2736,50.0,0.051507831730976505,0.05022516428407029,0.07878607538909337,0.08776119200272003,91.61788177490234,120.29040247599283,0.7616391656282565
2022-05-24,106.58280181884766,107.6014404296875,93.81867218017578,99.331787109375,250921437,0.34545454545454546,0.07290909090909091,0.3065454545454545,55.0,0.07302388968501461,0.07048072778562944,0.07558092082984698,0.08910194610054473,93.6148932320731,118.29515635172525,0.7913670865249065
2022-05-25,101.85511779785156,107.4145736694336,98.7571029663086,106.57952117919922,200988071,0.4603174603174603,0.11206349206349207,0.34253968253968253,63.0,-0.044356912562980355,-0.045370775140303264,0.05291588145988813,0.08907467781685639,96.48362513950893,116.05332997639974,0.8313731726537236
2022-05-26,101.51537322998048,105.34465026855467,93.51612854003906,101.88297271728516,357404617,0.2692307692307692,0.07057692307692308,0.3992307692307693,52.0,-0.003335566981969018,-0.003341142387058403,0.03974008594684352,0.08854098820807552,97.91076551164899,114.17960993448894,0.857515326666694
2022-05-27,92.2111587524414,101.54422760009766,90.21920776367188,101.36679077148438,287277747,0.2765957446808511,0.05106382978723404,0.31978723404255316,47.0,-0.09165325587150841,-0.09612909648373583,0.05774306608978011,0.08838166676912157,98.1836438860212,111.6349863688151,0.8795060319320154
2022-05-28,95.35614013671876,96.07624053955078,91.14105987548828,93.6357879638672,143015760,0.4090909090909091,0.06181818181818182,0.41,22.0,0.03410629935494747,0.033537574820590874,0.05887688845886858,0.08891988122389916,98.7591051374163,109.27484334309896,0.9037679864461983
2022-05-29,95.3083724975586,96.4583511352539,91.99435424804688,95.37091827392578,116902939,0.4,0.10466666666666667,0.32866666666666666,15.0,-0.0005009393112146432,-0.0005010648232290883,0.05761115997679418,0.08869044513451758,98.87976401192802,107.21461868286133,0.9222600912699448
2022-05-30,117.35124206542967,121.28678131103516,94.70993041992188,95.30485534667967,337323471,0.2558139534883721,0.046511627906976744,0.337906976744186,43.0,0.23127946674816768,0.20805384560208526,0.09722667294421625,0.09635499448835286,101.45431518554688,106.3682980855306,0.9538021855343366
2022-05-31,113.12042236328124,123.27481842041016,112.5111846923828,117.34919738769533,356334500,0.34,0.07139999999999999,0.34,50.0,-0.03605261970546103,-0.036718570618095796,0.09709434973876287,0.0963006243179401,102.38826097760882,105.25379765828451,0.9727749806237025
2022-06-01,106.54630279541016,119.90753173828124,101.8349838256836,113.07476043701172,314916184,0.38181818181818183,0.09145454545454546,0.3705454545454545,55.0,-0.058116115821761904,-0.05987327720712247,0.09857890456366243,0.09674551864862989,103.05843026297433,104.00377248128255,0.9909105006890172
2022-06-02,111.05500030517578,111.74919128417967,103.8297348022461,106.50965118408205,187924658,0.16279069767441862,0.03697674418604651,0.3902325581395349,43.0,0.04231678989765797,0.04144591814117786,0.09928968868622726,0.09717415519523394,104.42123413085938,103.00229873657227,1.0137757643440175
2022-06-03,107.14246368408205,112.858154296875,104.12350463867188,111.04747772216795,170841871,0.391304347826087,0.10065217391304347,0.2897826086956522,46.0,-0.03523062095666296,-0.0358661916520429,0.09049032522955608,0.09421992242773672,106.55427769252232,101.27103271484376,1.052169360142253
2022-06-04,106.73458862304688,107.64838409423828,103.07178497314452,107.1382064819336,130942881,0.3333333333333333,0.050666666666666665,0.2673333333333333,15.0,-0.003806847882813491,-0.003814112370608915,0.09075891770554424,0.09217573624877252,108.17977033342633,100.11014506022136,1.0806074675883317
2022-06-05,103.75926971435548,107.08641815185548,103.5655517578125,106.7625961303711,113021779,0.4,0.13266666666666665,0.34933333333333333,15.0,-0.027875864301114994,-0.028271771051765916,0.09220121388235152,0.09220884785567095,109.38704136439732,98.95616785685222,1.1054090283956244
2022-06-06,105.97428131103516,111.59554290771484,103.7179946899414,103.77032470703124,197396723,0.061224489795918366,0.01612244897959184,0.31367346938775514,49.0,0.021347602028980228,0.021122933767653233,0.03585077895007695,0.09212011468614116,107.76176125662667,98.0800994873047,1.098711785774393
2022-06-07,99.49372100830078,106.00927734375,96.2245635986328,105.9774932861328,180462516,0.2631578947368421,0.03929824561403509,0.3119298245614035,57.0,-0.06115219865199073,-0.06310189880257577,0.039743193682112675,0.09236421312590114,105.81508963448661,97.20185623168946,1.088611820151528
2022-06-08,96.558837890625,101.33946990966795,95.88378143310548,99.48482513427734,123435906,0.38,0.08839999999999999,0.31920000000000004,50.0,-0.029498174235848773,-0.029941995113480287,0.035959593112761826,0.0833140592530042,104.38830893380302,97.05705210367839,1.0755355398832145
2022-06-09,95.91631317138672,99.25704956054688,94.9576644897461,96.54908752441406,165494510,0.25,0.0625,0.34589285714285717,56.0,-0.006654230035018527,-0.006676468130197757,0.027083950731704935,0.08288971575037136,102.22563934326172,96.74255905151367,1.0566770234889942
2022-06-10,87.70912170410156,96.70533752441406,86.60794830322266,95.9050750732422,145987942,0.2909090909090909,0.09327272727272727,0.3281818181818182,55.0,-0.08556616904801428,-0.08945016920695749,0.03755525658767859,0.07044300906596179,99.44944763183594,96.9366330464681,1.0259222391617757
2022-06-11,76.91078186035156,88.9584732055664,76.02753448486328,87.73712158203125,178331623,0.5909090909090909,0.1431818181818182,0.3772727272727273,22.0,-0.12311535714813837,-0.1313798313484006,0.051783919062930894,0.07389305652500447,95.18890380859375,96.91564763387045,0.9821830234081496
2022-06-12,70.8292236328125,77.5128402709961,69.49267578125,76.96449279785156,195664949,0.05263157894736842,-0.05947368421052631,0.4357894736842105,19.0,-0.07907289563876063,-0.08237439421835893,0.052586433950940245,0.07449396429634672,90.48461151123047,96.53538182576497,0.9373206983792177
2022-06-13,59.192264556884766,70.7441635131836,55.758575439453125,70.7441635131836,331458010,0.140625,0.064375,0.34078125,64.0,-0.16429601341185351,-0.1794808116281655,0.058775330366566646,0.08013168732278135,83.80146626063755,95.61783892313639,0.8764208353213507
2022-06-14,62.29086685180664,63.36020278930664,53.837833404541016,59.20880508422852,251994114,0.06896551724137931,0.05810344827586207,0.32275862068965516,58.0,0.052348095112057624,0.051023948473651104,0.0779731580804108,0.07993976594986547,78.48677280970982,94.63202667236328,0.8293891145483775
2022-06-15,66.2375717163086,66.68494415283203,53.04117584228516,62.2529525756836,246611651,0.25862068965517243,0.06810344827586207,0.34672413793103446,58.0,0.06335928626409038,0.061433034975706576,0.09164156055871112,0.07979644845416019,74.15516335623605,94.03254699707031,0.7886116639863688
2022-06-16,56.31624221801758,67.63257598876953,55.4128303527832,66.26453399658203,175852728,0.203125,0.0659375,0.3646875,64.0,-0.14978401594767776,-0.16226486289034392,0.0970062356014035,0.08214029633760339,68.4980103628976,92.82296435038249,0.737942499922061
2022-06-17,57.46664047241211,59.36664962768555,55.921669006347656,56.3437728881836,113789340,0.22413793103448276,0.08896551724137931,0.3729310344827586,58.0,0.02042746833037934,0.020221626102329863,0.10314725047610465,0.07980624706219809,64.17765590122768,92.0127192179362,0.6974867871171165
2022-06-18,49.42827224731445,58.38627243041992,45.97915267944336,57.45969009399414,170532020,0.3,0.10300000000000001,0.366,20.0,-0.13987886117958503,-0.15068204056078846,0.10559000869610553,0.08013157127685781,60.251583099365234,90.60948193868002,0.6649589183187308
2022-06-19,54.03211975097656,54.9146842956543,46.231388092041016,49.40910720825195,169203400,0.125,0.03937500000000001,0.283125,16.0,0.09314198725431377,0.08905610675397563,0.11937188111752475,0.08259188947091446,57.851996830531526,89.4005189259847,0.647110302328643
2022-06-20,61.79012680053711,62.78578567504883,50.70704650878906,54.03119659423828,272985739,0.1568627450980392,0.02666666666666667,0.3333333333333333,51.0,0.14358139353620913,0.13416491125339566,0.11653968533383487,0.08697934660454609,58.22312000819615,88.41592610677084,0.6585139416838326
2022-06-21,65.52860260009766,76.32711029052734,60.11128616333008,61.78658676147461,332836711,0.22807017543859648,0.052456140350877194,0.3466666666666667,57.0,0.06050280187364909,0.058743137049896435,0.11707053332086717,0.08756037797175555,58.68565368652344,87.45142084757487,0.6710657541952432
2022-06-22,62.26013946533203,67.24942016601562,61.67132186889648,65.83936309814453,215427746,0.0847457627118644,0.03677966101694915,0.34796610169491526,59.0,-0.04987841957674766,-0.051165323183317186,0.11611481141752662,0.0870232488970955,58.11744907924107,86.21577936808268,0.6740929503301145
2022-06-23,67.94346618652344,69.11041259765625,62.09804916381836,62.231353759765625,214957025,0.21428571428571427,0.0475,0.28732142857142856,56.0,0.0912835526871254,0.08735457472041569,0.09807480786729955,0.08765087516189304,59.77848107474191,84.92780151367188,0.7038741143572241
2022-06-24,71.23612976074219,72.50746154785156,65.66999053955078,67.91751861572266,224064405,0.26666666666666666,0.062,0.3857777777777778,45.0,0.04846181331372601,0.047324150394958055,0.09830591540629545,0.0881758875130817,61.74555097307478,83.90716857910157,0.7358793297245583
2022-06-25,70.0444564819336,75.12960052490234,66.96083068847656,71.21009826660156,187723054,-0.13333333333333333,-0.05,0.322,15.0,-0.016728495537461363,-0.016869997110968524,0.06428299512622275,0.08816510288978428,64.69072014944894,82.85813802083334,0.7807406936079532
2022-06-26,65.44195556640625,72.86244201660156,65.44160461425781,70.00249481201172,135737610,0.3333333333333333,0.11083333333333334,0.24916666666666668,12.0,-0.06570828223521807,-0.06796655786472963,0.07483290019993977,0.08738902158369379,66.32069669451032,81.9658312479655,0.8091261405484311
2022-06-27,65.39449310302734,67.93235778808594,63.2140998840332,65.44374084472656,113974369,0.3269230769230769,0.09384615384615384,0.3528846153846154,52.0,-0.0007252604688859909,-0.000725523597492065,0.058287276047312875,0.08700410663978317,66.83560616629464,80.96710968017578,0.8254661235938728
2022-06-28,60.02787399291992,68.82880401611328,59.78874206542969,65.37604522705078,137468534,0.25,0.06541666666666666,0.3802083333333333,48.0,-0.08206530635006914,-0.08562903070709338,0.06275215416136853,0.08797955650155045,66.04978779384068,79.7910930633545,0.8277839700904567
2022-06-29,59.65800857543945,61.72565841674805,58.473026275634766,60.037109375,127843912,0.10714285714285714,0.01892857142857143,0.36892857142857144,56.0,-0.006161561169467644,-0.006180621923827579,0.060394700948723894,0.07725701753577383,65.67805480957031,77.86798528035482,0.843453886383524
2022-06-30,56.96986389160156,59.99850082397461,53.46974563598633,59.67203521728516,136807787,0.16326530612244897,0.030408163265306123,0.30795918367346936,49.0,-0.045059242640301145,-0.04610597460393183,0.04510649509353799,0.077335348370577,64.11039733886719,75.9962999979655,0.8435989296924126
2022-07-01,56.14602279663086,58.88740539550781,55.09982681274414,57.06040954589844,128961935,0.2,0.03945454545454545,0.39545454545454545,55.0,-0.014460998125925939,-0.01456657745041669,0.03295967660964468,0.07702948299340587,61.95466777256557,74.31629066467285,0.8336620035587496
2022-07-02,57.83454132080078,58.319583892822266,55.00329208374024,56.17755508422852,108387906,0.14285714285714285,0.03809523809523809,0.4071428571428572,21.0,0.030073697834056556,0.029630350977073117,0.04075356245599206,0.07672692599184576,60.21039417811802,72.54227536519369,0.8300042130606701
2022-07-03,57.61833572387695,58.34541702270508,54.939720153808594,57.84242248535156,95602594,0.5,0.07333333333333333,0.43722222222222223,18.0,-0.0037383472227187076,-0.003745352306437321,0.03715983628545982,0.07674723246508604,59.09273420061384,70.89147109985352,0.8335662003314802
2022-07-04,63.060157775878906,63.10641860961914,56.40919494628906,57.61679458618164,147687621,0.425,0.1405,0.35,40.0,0.0944460124304991,0.09024831052436524,0.055612455273422505,0.07933760022618484,58.75925772530692,69.43565673828125,0.8462403970165342
2022-07-05,60.71927261352539,63.87388229370117,58.25728225708008,63.04196548461914,172219346,0.2127659574468085,0.0174468085106383,0.28595744680851065,47.0,-0.03712146060073651,-0.037828002449982565,0.04623330498412205,0.07940132497167121,58.85802895682199,68.00099016825358,0.8655466458825183
2022-07-06,62.98623275756836,63.686561584472656,59.87382125854492,60.74118041992188,171803480,0.39215686274509803,0.0927450980392157,0.3311764705882353,51.0,0.037335100479085837,0.03665502119326102,0.04783341598052777,0.0797143026759945,59.33348955426897,66.56805521647135,0.8913207598047377
2022-07-07,71.19361877441406,72.01048278808594,62.22018051147461,62.99082565307617,274608790,0.2542372881355932,0.06457627118644067,0.3583050847457627,59.0,0.13030444364621108,0.12248701559336485,0.057633898368512536,0.0831672720882581,61.3654545375279,65.6247184753418,0.935096652042564
2022-07-08,71.92230224609375,74.9397964477539,68.18511962890625,71.17597961425781,314491776,0.02127659574468085,0.031914893617021274,0.33085106382978724,47.0,0.010235235744773918,0.01018321041261238,0.05501201490852457,0.08317739044465101,63.619208744594026,64.80350062052409,0.9817248780607543
2022-07-09,81.89856719970703,82.06493377685547,71.41374969482422,71.92585754394531,343790050,0.5,0.10833333333333334,0.3488888888888889,18.0,0.1387089211838337,0.1298950953377043,0.06534864633364651,0.0870046097763986,67.05692672729492,64.3362424214681,1.0422885173803524
2022-07-10,77.70854949951172,82.01359558105469,75.1596908569336,81.89599609375,336003097,0.11764705882352941,0.01058823529411765,0.34470588235294114,17.0,-0.05116106231722084,-0.052516212707666654,0.07402089441585148,0.08602814998903051,69.92695726667132,64.00289001464844,1.0925593711575685
2022-07-11,69.89631652832031,78.02107238769531,69.6959457397461,77.68180847167969,223956924,0.14893617021276595,0.0697872340425532,0.3414893617021277,47.0,-0.10053247707628998,-0.1059523319424196,0.08871731367905103,0.0848473960107678,70.90355137416294,63.76907450358073,1.1118798873297369
2022-07-12,68.35921478271484,71.51219940185547,65.94842529296875,69.89051055908203,240992127,0.125,0.020416666666666666,0.35000000000000003,48.0,-0.02199116952010871,-0.02223657986753874,0.08736404378053332,0.08361346236720674,71.99497168404716,63.68674087524414,1.130454639295768
2022-07-13,79.61869812011719,79.61869812011719,67.7181625366211,68.37401580810547,418142834,0.3333333333333333,0.07354166666666667,0.288125,48.0,0.16471054229033344,0.15247259459261656,0.10153912083865256,0.08113251591366118,74.37103816441127,64.36762199401855,1.1554106841374738
2022-07-14,90.81697845458984,91.8857421875,77.66226196289062,79.60189056396484,524055643,0.1,0.0262,0.2712,50.0,0.14064887518731228,0.1315972892407232,0.10291916413934234,0.08383021199052526,77.17437526157924,65.318492380778,1.181508826194069
2022-07-15,90.49964141845705,93.8336410522461,87.24021911621094,90.88452911376952,502050383,0.06,0.0344,0.38780000000000003,50.0,-0.0034942478987172176,-0.003500367041599327,0.10359190420735498,0.08336199573602186,79.82828085763114,66.12722803751628,1.2071923052988367
2022-07-16,92.63837432861328,94.90367889404295,87.71907806396484,90.48577880859376,411095665,0.19047619047619047,0.058095238095238096,0.38333333333333336,21.0,0.023632501484365465,0.02335757693341135,0.09436877038802056,0.07672891272131012,81.36253901890346,67.33796577453613,1.2082714124647753
2022-07-17,88.46165466308594,93.15643310546876,87.01947784423828,92.6595458984375,301470792,0.1875,0.0012500000000000098,0.476875,16.0,-0.04508627980356594,-0.046134287926841336,0.09360618448063181,0.07757241851329222,82.89869689941406,68.37113291422526,1.2124809603990958
2022-07-18,96.7136459350586,98.81185150146484,87.99761962890625,88.39633178710938,425571511,0.24390243902439024,0.06341463414634146,0.36829268292682926,41.0,0.09328325706093898,0.08918533121037,0.07813997261978706,0.07214448428786889,86.72974395751953,69.94731203715007,1.2399296189030975
2022-07-19,95.63631439208984,101.62610626220705,92.56976318359376,96.65559387207033,466480225,0.34615384615384615,0.10134615384615385,0.37403846153846154,52.0,-0.011139395403334862,-0.01120190310043287,0.07662127691596639,0.07126585337165116,90.62647247314453,71.33411852518718,1.2704505830705046
2022-07-20,90.8272933959961,100.54439544677734,90.15667724609376,95.65577697753906,346202364,0.33962264150943394,0.07716981132075472,0.32943396226415095,53.0,-0.0502844659652788,-0.051592777086205716,0.06863808276713508,0.06894977704752932,92.22770036969867,72.30202407836914,1.275589467173586
2022-07-21,95.53338623046876,97.04131317138672,88.21780395507812,90.83995819091795,272356907,0.1568627450980392,0.06549019607843137,0.3756862745098039,51.0,0.05181364167656821,0.050515951927911674,0.05101174830404777,0.06877705434867183,92.90147290910993,73.30218353271485,1.2673766105159459
2022-07-22,89.67643737792969,96.26148223876952,88.55646514892578,95.53594970703124,215511151,0.1956521739130435,0.030652173913043482,0.315,46.0,-0.06130787448912911,-0.06326772839188903,0.05767438452520955,0.06919796956819514,92.78387233189174,74.21606012980143,1.2501859054443987
2022-07-23,89.49105834960938,92.93167114257812,85.67076873779297,89.64808654785156,224892051,0.38461538461538464,0.08692307692307694,0.17538461538461542,13.0,-0.002067198851121388,-0.0020693384558338784,0.05665387239137681,0.06775834922380289,92.33425576346261,74.9343132019043,1.232202602760575
2022-07-24,90.9073257446289,93.2780303955078,88.51921081542969,89.49388885498047,183160294,0.2,0.11299999999999999,0.426,10.0,0.015825797807493602,0.015701875604648845,0.05391439413514839,0.06738949611835802,92.68363734654018,75.59001973470052,1.22613590619282
2022-07-25,81.73271942138672,91.18741607666016,81.73271942138672,90.893798828125,236606218,0.11363636363636363,0.05363636363636364,0.325,44.0,-0.1009226291510863,-0.10638618497802299,0.05301634601357504,0.07044696658668917,90.5435049874442,75.97962849934896,1.1916813332171008
2022-07-26,80.80271911621094,82.47750854492188,76.75996398925781,81.75275421142578,170551332,0.058823529411764705,0.02137254901960784,0.2958823529411765,51.0,-0.01137855575783564,-0.011443786818980175,0.053006659604595684,0.0691684522270174,88.42441994803292,76.49165395100911,1.1560008887331215
2022-07-27,94.50421905517578,95.33544158935548,79.21686553955078,80.85513305664062,271679921,0.25,0.07022727272727274,0.38386363636363635,44.0,0.169567312694753,0.1566338622004337,0.08422555398604212,0.07433389084361447,88.94969504220145,77.46197814941407,1.148301362387481
2022-07-28,100.50973510742188,102.90219116210938,90.48762512207033,94.50597381591795,437065341,-0.0425531914893617,-0.003404255319148933,0.35425531914893615,47.0,0.06354759726377734,0.06161010995876053,0.0853075164841061,0.07248467818408681,89.66060202462333,78.81137351989746,1.1376606956607191
2022-07-29,95.77851104736328,101.9947738647461,94.0970458984375,100.50016021728516,338420950,0.25,0.05550000000000001,0.367,40.0,-0.047072296579052764,-0.04821624030325134,0.0834021384791617,0.0733529507405191,90.53232683454242,80.01539026896158,1.1314364215462736
2022-07-30,95.0564193725586,100.38097381591795,94.0943832397461,95.80844116210938,311614684,0.125,0.07250000000000001,0.386875,16.0,-0.007539182504597619,-0.007567745794144795,0.08355396216421597,0.0725650047227143,91.32737840924945,81.28494211832682,1.123546084049661
2022-07-31,97.96058654785156,108.74557495117188,94.1648178100586,95.05782318115234,535528725,0.6153846153846154,0.14615384615384613,0.36,13.0,0.03055203630078407,0.030094616241158244,0.08393353927727386,0.0723515006215286,92.33498709542411,82.67876091003419,1.1167921008866741
2022-08-01,96.8991470336914,100.2482452392578,94.46823120117188,97.92691040039062,223723582,0.2857142857142857,0.09023809523809524,0.3852380952380952,42.0,-0.010835373200237641,-0.010894503376035394,0.06798075797425115,0.07251568381726727,94.50161961146763,83.9809144337972,1.1252749538225615
2022-08-02,93.79290771484376,99.01919555664062,88.8030776977539,96.8927764892578,251852967,-0.037037037037037035,0.001296296296296299,0.3212962962962963,54.0,-0.03205641549938121,-0.032581473878500244,0.07026504360943711,0.07299247481887956,96.35736083984376,85.18673350016276,1.1311310679574262
2022-08-03,95.18173217773438,100.2741928100586,91.8485336303711,93.7658233642578,217780816,0.0425531914893617,0.007446808510638297,0.37170212765957444,47.0,0.014807350542036968,0.014698792057353038,0.03757786418282648,0.07164189475050907,96.4541484287807,86.25745264689128,1.1182123453567685
2022-08-04,96.5299835205078,98.8988037109375,93.70002746582033,95.17220306396484,180191106,0.3409090909090909,0.10727272727272727,0.48068181818181815,44.0,0.014165022131093608,0.014065635646696214,0.027835006266384674,0.07097767673854144,95.88561248779297,87.45114301045736,1.0964477900114697
2022-08-05,102.82106018066406,103.49053955078124,96.43156433105467,96.50383758544922,220746703,0.5641025641025641,0.12102564102564102,0.29384615384615387,39.0,0.06517225457538522,0.06313652746799904,0.03115592678708327,0.0714137773423477,96.89169093540737,88.7789705912272,1.0913811039951598
2022-08-06,99.17794036865234,103.02759552001952,99.10054779052734,102.83299255371094,137337383,0.3333333333333333,0.092,0.34600000000000003,15.0,-0.0354316499519699,-0.036074583363875666,0.03542610480539781,0.06911724392659875,97.48047964913505,89.71178131103515,1.0865961886451172
2022-08-07,101.38279724121094,103.96283721923828,97.4232940673828,99.208251953125,137919174,-0.14285714285714285,0.008571428571428572,0.39428571428571424,7.0,0.022231323461275432,0.02198781006517065,0.034633209210418694,0.06914573277467653,97.96936689104352,90.6937978108724,1.0802212417583745
2022-08-08,102.4741668701172,106.63957214355467,101.19035339355467,101.38320922851562,218075393,0.1702127659574468,0.07893617021276596,0.3280851063829787,47.0,0.01076484037335912,0.010707311967051908,0.03394631837541151,0.0654293963465591,98.76579829624721,91.3796511332194,1.0808292335485041
2022-08-09,98.03524017333984,103.27679443359376,96.12913513183594,102.49446105957033,216393955,0.1509433962264151,0.061509433962264146,0.37716981132075467,53.0,-0.0433175192573515,-0.044283728640193025,0.036471641152502586,0.06518594063054195,99.37184579031808,92.05720748901368,1.0794575297341855
2022-08-10,110.82759857177734,112.22378540039062,95.74122619628906,98.0341796875,438759126,0.2222222222222222,0.04694444444444445,0.41888888888888887,36.0,0.13048734695624598,0.12264882024180193,0.05741457241953007,0.06479694415949352,101.60696956089565,93.42158355712891,1.087617718433998
2022-08-11,107.52861785888672,113.50137329101562,106.7219467163086,110.84175872802734,342654910,0.2765957446808511,0.10170212765957447,0.34255319148936175,47.0,-0.02976677971375552,-0.030218803099370473,0.0607444921062323,0.06497282256385406,103.17820303780692,94.72723032633463,1.0892137633746786
2022-08-12,115.0512924194336,115.06312561035156,105.90196990966795,107.52263641357422,286358955,0.14705882352941177,0.048529411764705876,0.34794117647058825,34.0,0.06995974383693015,0.06762102518375944,0.06135228052985473,0.06047789234854167,104.92537907191685,95.90831680297852,1.094017521832458
2022-08-13,110.34403228759766,115.52003479003906,109.93682098388672,114.97411346435548,175929098,0.5625,0.14250000000000002,0.34125,16.0,-0.040914448093942735,-0.0417749985822619,0.06219162828496214,0.05685733896154901,106.52053506033761,96.55921859741211,1.1031627700350142
2022-08-14,107.48409271240234,112.94430541992188,106.5762176513672,110.38976287841795,140162223,0.3,0.061,0.265,10.0,-0.025918389204241166,-0.026260189531703237,0.06396753643340412,0.05714637572428189,107.39214869907924,97.12536697387695,1.1057064909516756
2022-08-15,107.3637924194336,112.19962310791016,104.27849578857422,107.50472259521484,246190598,0.14634146341463414,0.03951219512195122,0.42121951219512194,41.0,-0.0011192381117328676,-0.0011198649264551781,0.06405099124204584,0.057060740599111405,108.09066663469586,97.61621424357097,1.1073023828294464
2022-08-16,109.93326568603516,110.11331939697266,106.03783416748048,107.32015228271484,194030355,0.15384615384615385,0.03487179487179487,0.31538461538461543,39.0,0.023932400380973107,0.023650509185257376,0.06006863661269706,0.05632548600603046,109.79038456508091,98.33193461100261,1.1165282672349273
2022-08-17,100.17184448242188,111.7649383544922,99.9465789794922,109.92462158203124,213041216,0.08333333333333333,0.017291666666666667,0.28854166666666664,48.0,-0.0887940619492874,-0.09298635013344439,0.05110078849102704,0.05700259657119723,108.26813398088727,98.44720789591472,1.0997582998530129
2022-08-18,95.28173065185548,101.4836654663086,95.28173065185548,100.20348358154295,168909228,0.3888888888888889,0.06972222222222223,0.38916666666666666,36.0,-0.048817248557547654,-0.05004906724090734,0.0526474949737362,0.057729958297981464,106.5185786655971,98.4353884379069,1.0821167098130475
2022-08-19,83.67947387695312,95.27974700927734,83.18057250976562,95.27974700927734,257211009,-0.07894736842105263,-0.011315789473684211,0.385,38.0,-0.12176790551060823,-0.12984437575892985,0.05248024155961507,0.06176260265670622,102.0368903023856,98.19712778727214,1.0391025949703099
2022-08-20,82.8551254272461,86.70652770996094,80.46961212158203,83.65967559814453,157128166,0.25,0.05333333333333334,0.30083333333333334,12.0,-0.009851262340860312,-0.009900107078671875,0.05420998341050289,0.06094607459782385,98.10990360804966,97.77451909383139,1.003430183214672
2022-08-21,86.01140594482422,86.90140533447266,81.9134292602539,82.8335189819336,130193659,0.25,0.11875000000000001,0.32875,8.0,0.03809396825244815,0.037386308827817634,0.06187604266418454,0.060381243308869015,95.04237692696708,97.65235137939453,0.9732727946069901
2022-08-22,88.33187103271484,88.33187103271484,82.23729705810547,85.99089813232422,186718602,0.10869565217391304,0.0482608695652174,0.34021739130434786,46.0,0.026978574090268825,0.02662106810977602,0.06498174808779615,0.060596948834998866,92.32353101457868,97.61371180216472,0.9458049418476399
2022-08-23,89.39927673339844,90.8280029296875,85.44664001464844,88.36539459228516,219832625,0.5,0.1315909090909091,0.3406818181818182,44.0,0.012084038164302813,0.012011609081836508,0.06357736353516645,0.06056680109213014,89.39010402134487,97.56344350179036,0.916225389479047
2022-08-24,88.56322479248047,91.50240325927734,87.01979064941406,89.3988037109375,168189693,0.3333333333333333,0.10377777777777777,0.41155555555555556,45.0,-0.009351887078585586,-0.009395890532983987,0.05720457718931835,0.05721907079933297,87.73172977992466,97.79112701416015,0.8971338449471097
2022-08-25,93.43268585205078,95.47259521484376,88.05420684814453,88.5465316772461,204750158,0.23255813953488372,0.046744186046511635,0.24186046511627907,43.0,0.05498287885271047,0.05352453822071517,0.06069948755728825,0.05789176162479677,87.46758052280971,98.21212590535482,0.8905985866460173
2022-08-26,82.75801849365234,93.60281372070312,82.30913543701172,93.42609405517578,234525343,0.07142857142857142,0.0330952380952381,0.3454761904761905,42.0,-0.11424981804870304,-0.12132032981597621,0.0577393198259706,0.054927086805662745,87.33594403948102,97.82058588663737,0.8928176339149427
2022-08-27,82.08000946044922,83.31690216064453,80.69989013671875,82.751220703125,157609358,-0.5384615384615384,-0.07307692307692307,0.33692307692307694,13.0,-0.008192668765445776,-0.00822641310671772,0.05770258644239691,0.05349312807918015,87.22521318708148,97.20626169840494,0.8973209303913882
2022-08-28,78.53663635253906,83.36356353759766,78.53202056884766,82.0791015625,108977879,0.06666666666666667,0.07733333333333332,0.3313333333333333,15.0,-0.043169745364339374,-0.044129275638053286,0.056802325602296394,0.05338899168421751,86.15738895961216,96.6315325419108,0.8916073945349483
2022-08-29,85.67818450927734,85.9541015625,78.32451629638672,78.51860809326172,128112101,0.07317073170731707,0.03048780487804878,0.3309756097560976,41.0,0.09093269699864592,0.08703301567093724,0.06742026895904946,0.05605786031832502,85.77829088483539,96.31892471313476,0.8905652875622065
2022-08-30,84.63863372802734,87.89842987060547,81.69049835205078,85.69812774658203,157028421,0.13043478260869565,0.061956521739130424,0.28804347826086957,46.0,-0.012133202719035618,-0.012207410889204188,0.0670607103631712,0.055715651093419936,85.09819902692523,95.87485961914062,0.8875965958643873
2022-08-31,84.92256927490234,88.33204650878906,84.5847396850586,84.65811157226562,138815487,0.34,0.1024,0.3574,50.0,0.003354680178172309,0.0033490657914340654,0.06718361234257135,0.05572325272330535,84.57810538155692,95.47564036051432,0.8858605719971241
2022-09-01,86.41259002685547,86.88208770751953,82.42436981201172,84.91285705566406,122671925,0.09523809523809523,0.04047619047619048,0.3595238095238095,42.0,0.01754563910012874,0.017393491481156265,0.06311320196583946,0.055598507284156,83.57523454938617,95.22962977091471,0.8776179719530102
2022-09-02,88.46172332763672,91.8189926147461,85.08777618408203,86.40878295898438,171291211,-0.02564102564102564,0.004102564102564103,0.28076923076923077,39.0,0.023713365149041543,0.023436570586644057,0.04075796682717814,0.055715731870541865,84.39004952566964,95.00562947591146,0.8882636743864385
2022-09-03,87.0718994140625,88.5550765991211,86.00122833251953,88.45843505859375,109721164,0.16666666666666666,0.016666666666666666,0.2558333333333333,12.0,-0.015711020103313045,-0.015835746288252905,0.041406516809818786,0.05567770910304901,85.10317666190011,94.69036000569662,0.8987522769665282
2022-09-04,88.85564422607422,88.86112976074219,86.07728576660156,87.07161712646484,83698255,0.14285714285714285,0.028571428571428574,0.4614285714285714,7.0,0.020485883781279135,0.020278870522682454,0.03433108270420806,0.05444686318113645,86.5773206438337,94.22484614054362,0.9188374849102641
2022-09-05,91.1259765625,91.4285888671875,86.88082885742188,88.85474395751953,105671606,0.4146341463414634,0.09634146341463415,0.2836585365853659,41.0,0.025550794844831692,0.02522982908797117,0.017164521319871565,0.05438555320109863,87.35557665143695,93.95644734700521,0.9297454205437381
2022-09-06,83.64151000976562,93.4001007080078,83.61649322509766,91.13890075683594,168386558,0.42857142857142855,0.08160714285714286,0.3735714285714286,56.0,-0.08213318347925802,-0.08570297892953872,0.03976285443110207,0.05621477453590651,87.21313040597099,93.36507110595703,0.9341087558000742
2022-09-07,87.44406127929688,88.94065856933594,82.32243347167969,83.61711120605469,134543330,0.12727272727272726,0.057818181818181824,0.31799999999999995,55.0,0.04546248948742404,0.04445936118210905,0.04349269621160632,0.056902755663223385,87.57334354945591,92.86406758626302,0.9430272205996958
2022-09-08,88.23687744140625,89.49515533447266,86.06179809570312,87.44371032714844,117611237,0.2631578947368421,0.07298245614035088,0.3314035087719298,57.0,0.009066552382295257,0.009025697949802604,0.043182882181985155,0.05647372542821147,87.83395603724888,92.53745549519857,0.949171938727084
2022-09-09,91.13946533203124,93.70344543457033,88.2092056274414,88.22010040283203,140264340,0.14,0.0378,0.3354,50.0,0.03289540580753725,0.03236593216262233,0.0440116622433849,0.05172489918509859,88.21649060930524,91.88118438720703,0.9601148613577075
2022-09-10,92.82852172851562,93.65318298339844,90.01765441894531,91.14012145996094,160574078,0.3125,0.108125,0.3325,16.0,0.018532656411039516,0.018363019411788275,0.043301512318628776,0.0517178352709093,89.0388652256557,91.39118118286133,0.9742610181118135
2022-09-11,91.45132446289062,93.89838409423828,89.87088012695312,92.81946563720705,143099883,0.5,0.1625,0.3858333333333333,12.0,-0.014835928009849453,-0.014947081133005425,0.04383562463776865,0.04989011307187031,89.40967668805804,90.6045155843099,0.9868125899846567
2022-09-12,90.8220672607422,96.11431121826172,89.73213195800781,91.44930267333984,197641001,0.28846153846153844,0.0626923076923077,0.32173076923076926,52.0,-0.006880788286491857,-0.006904570064583959,0.0429289077781389,0.04947216290270346,89.3662610735212,89.95378341674805,0.9934686199856108
2022-09-13,83.99954223632812,93.1299819946289,82.69733428955078,90.82684326171876,267596731,0.36507936507936506,0.05634920634920635,0.28650793650793654,63.0,-0.07511968434749683,-0.0780909383249042,0.040434161718733264,0.051065757455587855,89.4174085344587,89.17096506754557,1.0027637187365468
2022-09-14,83.57904052734375,85.41619873046875,81.53508758544922,82.99351501464844,149077149,0.36507936507936506,0.08952380952380952,0.3703174603174603,63.0,-0.005006000006539502,-0.005018571999051886,0.03551698970142389,0.05105203035949815,88.86526271275112,88.37814000447591,1.0055118008621877
2022-09-15,78.48350524902344,83.71720123291016,78.35967254638672,83.58800506591797,168377487,0.41818181818181815,0.08890909090909091,0.3367272727272727,55.0,-0.06096666396467254,-0.06290429876897576,0.04036507670377181,0.05162390564901638,87.471923828125,87.32981465657552,1.0016272698173965
2022-09-16,79.26748657226562,80.22227478027344,77.59150695800781,78.49026489257812,127131639,0.14583333333333334,0.03833333333333334,0.3675,48.0,0.009989122182484822,0.009939560678818302,0.036525955801609944,0.049374469731682205,85.7759268624442,86.63300272623698,0.9901068203014829
2022-09-17,81.54920196533203,81.56898498535156,79.29397583007812,79.29397583007812,73634689,0.5294117647058824,0.15294117647058825,0.3911764705882353,17.0,0.02878500999254263,0.028378504014569865,0.038423192297006546,0.04913615484490048,84.16459546770368,86.17525177001953,0.9766678221297015
2022-09-18,73.05139923095703,81.8440933227539,72.58109283447266,81.55045318603516,117360127,0.25,0.07125,0.35375,16.0,-0.10420460935948295,-0.11004325074515277,0.05153058744490326,0.047510006431032425,81.5360347202846,85.820982615153,0.9500710925895199
2022-09-19,76.4020004272461,76.84363555908203,71.08728790283203,73.05677795410156,144039760,0.2391304347826087,0.03869565217391304,0.2573913043478261,46.0,0.04586635206939582,0.04484558699123766,0.058927646612525246,0.04834066403566761,79.4760251726423,85.60587844848632,0.9283944819334727
2022-09-20,74.08535766601562,76.98713684082031,73.96731567382812,76.40260314941406,114944020,0.2545454545454545,0.08345454545454545,0.41090909090909095,55.0,-0.03032175529797143,-0.030790969004230093,0.05431637459270016,0.04799232748735772,78.05971309116909,85.20834350585938,0.916104102948572
2022-09-21,72.03400421142578,78.57698059082031,70.98306274414062,74.0868911743164,155224106,0.15517241379310345,0.03310344827586207,0.31793103448275867,58.0,-0.027689053805173724,-0.028079622187290477,0.054100829068159315,0.04778918174055671,76.41042218889508,84.66508127848307,0.9025022008490549
2022-09-22,76.75062561035156,77.24964904785156,71.74922943115234,71.9991683959961,111078140,0.25,0.07729166666666666,0.31395833333333334,48.0,0.06547770668255648,0.06342324946815668,0.058754606071502125,0.04938224094209467,76.16286795479911,84.2434595743815,0.9040804869552187
2022-09-23,77.05135345458984,78.48320770263672,73.33450317382812,76.75144958496094,117163139,0.26666666666666666,0.05555555555555555,0.2797777777777778,45.0,0.003918246162122774,0.003910589828711947,0.05857398177850983,0.04940194105049493,75.84627750941685,83.85973052978515,0.9044421801770267
2022-09-24,75.05078125,77.29906463623047,74.83399963378906,77.05742645263672,71992937,0.4117647058823529,0.1652941176470588,0.2582352941176471,17.0,-0.02596414099031863,-0.026307159785597056,0.057157576878375985,0.04829852572175242,74.91793169294085,83.24700037638347,0.8999475218832569
2022-09-25,73.7664566040039,77.46373748779297,73.03622436523438,75.0499267578125,76923713,0.11764705882352941,0.0976470588235294,0.35705882352941176,17.0,-0.017112741860979552,-0.01726085703105106,0.03821414651406669,0.04330638497405137,75.02008274623326,82.94728164672851,0.9044308777440458
2022-09-26,76.22183227539062,76.38327026367188,72.87731170654297,73.77597045898438,108629620,0.04081632653061224,-0.00020408163265306112,0.2761224489795919,49.0,0.033285802035575074,0.0327438237349604,0.03613796660040492,0.043806207066599864,74.99434443882534,82.75200907389323,0.9062540629298715
2022-09-27,76.70219421386719,80.69931030273438,74.88614654541016,76.2444076538086,125110179,0.16363636363636364,0.035272727272727275,0.2983636363636364,55.0,0.006302156798606129,0.00628238125069595,0.03355532930321316,0.04311442182748718,75.36817823137555,82.69086100260417,0.9114450776973044
2022-09-28,76.83692169189453,77.94188690185547,73.37738800048828,76.67288208007812,122708267,0.09433962264150944,0.008867924528301886,0.31528301886792454,53.0,0.00175650096334512,0.0017549601195931653,0.030406478644293137,0.039809157226876224,76.05430930001395,82.39615224202474,0.923032292534939
2022-09-29,76.94102478027344,77.38117980957031,74.47683715820312,76.84231567382812,82818607,0.09090909090909091,0.049818181818181824,0.3449090909090909,55.0,0.001354857613848015,0.001353940622439528,0.018801413585476986,0.0397853941475751,76.08150918143136,82.1395652770996,0.9262467962274786
2022-09-30,74.51819610595703,77.79346466064453,73.88192749023438,76.93289184570312,98073723,0.4807692307692308,0.11326923076923076,0.34076923076923077,52.0,-0.03148942558583634,-0.031995877852756545,0.022250988093233365,0.04010746254810981,75.7196295601981,81.79275283813476,0.9257498608714738
2022-10-01,74.51290130615234,75.59791564941406,74.06159973144531,74.53047180175781,70284778,-0.11764705882352941,0.009411764705882356,0.33705882352941174,17.0,-7.105378392624484e-05,-7.105630836593133e-05,0.020128036443085737,0.039907125837241604,75.64278956821987,81.39609654744466,0.9293171635586817
2022-10-02,72.74222564697266,75.54981231689453,72.74222564697266,74.5173568725586,82794767,0.06666666666666667,0.006,0.27133333333333337,15.0,-0.023763343369284207,-0.02405024590555095,0.02117690007461162,0.03968397156702166,75.49647086007255,80.87211329142252,0.9335290965876104
2022-10-03,75.70113372802734,76.0317153930664,72.29080963134766,72.73902893066406,91862567,-0.07317073170731707,0.007560975609756099,0.33707317073170734,41.0,0.040676622893209835,0.03987110054132255,0.02320031961863267,0.040527469465269535,75.42208535330636,80.49308776855469,0.9370007716708644
2022-10-04,78.91940307617188,79.63007354736328,75.62255096435547,75.68234252929688,93115043,0.28,0.056600000000000004,0.364,50.0,0.0425128289320853,0.04163398054515997,0.028325936108026126,0.04116325047868419,75.73882947649274,80.16187973022461,0.9448235212470425
2022-10-05,78.6936264038086,79.08956909179688,76.12677001953125,78.90997314453125,81835407,0.3191489361702128,0.0797872340425532,0.3095744680851064,47.0,-0.002860851242695861,-0.002864951299247314,0.02844247402896597,0.04079436483033527,76.00407300676618,79.74746805826823,0.9530593868037678
2022-10-06,77.47193145751953,80.27440643310547,77.36714935302734,78.70162200927734,98112069,0.24489795918367346,0.06653061224489797,0.29877551020408166,49.0,-0.015524700056648189,-0.015646470152832322,0.02935845535939386,0.03791210472060663,76.07991681780133,79.54181543986003,0.9564769976280442
2022-10-07,75.82017517089844,78.13350677490234,75.23025512695312,77.47633361816406,81458703,0.37209302325581395,0.09093023255813953,0.34581395348837213,43.0,-0.021320706164745684,-0.021551275578857065,0.027616812036887355,0.036993884753840876,76.26591382707868,79.15435256958008,0.9635087819085837
2022-10-08,74.64653778076172,76.10730743408203,74.08901977539062,75.81944274902344,58025525,0.2777777777777778,0.10833333333333334,0.43555555555555553,18.0,-0.015479222878229226,-0.015600276888196839,0.02846604624757496,0.036950759583971725,76.28500475202289,78.70134124755859,0.9692973911596372
2022-10-09,75.48722839355469,75.92576599121094,74.36730194091797,74.64326477050781,64548821,0.21428571428571427,0.06999999999999999,0.13357142857142856,14.0,0.011262285402466876,0.01119933804603185,0.026499542292475652,0.036399277657770394,76.6771480015346,78.17960001627604,0.9807820452595224
2022-10-10,73.7476806640625,76.35213470458984,73.66948699951172,75.48786926269531,76540285,0.23529411764705882,0.09509803921568627,0.34490196078431373,51.0,-0.023044265454058133,-0.023313935492954675,0.023329373975072332,0.03622116754514147,76.39808327811105,77.54357198079427,0.9852278058203595
2022-10-11,71.46163940429688,73.73371124267578,71.33397674560547,73.73371124267578,86447363,0.2,0.05236363636363636,0.32090909090909087,55.0,-0.030998144472896283,-0.031488752204552294,0.014222436654329202,0.03646087543079337,75.3326884678432,76.87724914550782,0.9799087415999864
2022-10-12,71.64986419677734,72.63279724121094,71.32525634765625,71.46627807617188,68876703,0.18867924528301888,0.06981132075471698,0.3469811320754717,53.0,0.00263392771351878,0.002630465004935431,0.015077153428481762,0.03651427148073572,74.32643672398159,76.23817571004231,0.9749241247150028
2022-10-13,71.10077667236328,71.90406036376953,65.57518005371094,71.64421081542969,155704558,0.11320754716981132,0.03981132075471698,0.359811320754717,53.0,-0.007663483114302427,-0.007692998491449604,0.015178623368954383,0.03402538052331452,73.41627175467355,75.80821685791015,0.9684474163569906
2022-10-14,72.9146728515625,74.50883483886719,70.97306060791016,71.09400939941406,123735154,0.32786885245901637,0.09639344262295081,0.3655737704918033,61.0,0.025511622574219794,0.02519163203430378,0.019943578119155866,0.03448580011634138,73.00119999476841,75.45273793538412,0.9675089598111716
2022-10-15,71.9493408203125,73.16203308105469,71.61026763916016,72.90691375732422,74551319,0.3684210526315789,0.18473684210526314,0.35000000000000003,19.0,-0.01323920129512468,-0.013327620790042674,0.019771060961989762,0.03273653744013105,72.61588614327567,75.23493245442708,0.9651884274271414
2022-10-16,75.87584686279297,76.09027862548828,71.94477844238281,71.94756317138672,84904216,0.3333333333333333,0.16066666666666668,0.3953333333333333,15.0,0.05457320383638531,0.05313613895052082,0.029532775446414014,0.03423626304951533,72.67140306745257,75.12187779744467,0.9673800122968246
2022-10-17,78.97057342529297,79.4466552734375,74.88916015625,75.8531265258789,116500193,0.32,0.0956,0.3152,50.0,0.04078671527839717,0.039976884182351465,0.030612139224529256,0.034647819295193706,73.4175306047712,75.03592351277669,0.9784317586531747
2022-10-18,82.48274993896484,83.33251190185547,78.13703155517578,78.975830078125,166935940,0.24528301886792453,0.053018867924528305,0.30264150943396223,53.0,0.04447449678194926,0.04351388504042147,0.02662889889884534,0.028851910989956483,74.99197496686664,75.3503018697103,0.9952445193456126
2022-10-19,82.93384552001953,85.22334289550781,81.52084350585938,82.4801254272461,177273569,0.1016949152542373,0.02830508474576271,0.3535593220338983,59.0,0.005468968740597102,0.005454068233305954,0.026333021516757923,0.02780865907657882,76.60397229875836,75.5680300394694,1.0137087371306077
2022-10-20,80.77792358398438,83.56101989746094,80.28981018066406,82.92176818847656,115386223,0.2553191489361702,0.06851063829787234,0.2742553191489362,47.0,-0.025995682733833125,-0.02633954283796054,0.030344292927577746,0.027634939557057005,77.98642185756138,75.79111557006836,1.028965219352966
2022-10-21,82.02197265625,82.93626403808594,78.8517837524414,80.78572082519531,121025729,0.15384615384615385,0.06897435897435897,0.36153846153846153,39.0,0.015400854801277397,0.015283465367790345,0.030196128316960356,0.02708825155183731,79.28746468680245,76.1240478515625,1.0415560775408113
2022-10-22,82.085693359375,83.68517303466797,81.49861145019531,82.02424621582031,78779010,-0.05263157894736842,0.02894736842105262,0.3931578947368421,19.0,0.0007768735749875688,0.0007765719649103025,0.028258047152224262,0.024683520129298375,80.73551504952567,76.30188344319662,1.0581064504079996
2022-10-23,88.8731918334961,89.73778533935547,81.80929565429688,82.08035278320312,121151219,0.23809523809523808,0.0880952380952381,0.33904761904761904,21.0,0.08268795933056339,0.07944680030729422,0.03461637332522742,0.028428316515367116,82.59227861676898,76.6959447224935,1.0768793436942463
2022-10-24,85.10208892822266,89.67363739013672,84.87769317626953,88.86588287353516,148294125,0.25,0.011785714285714288,0.3505357142857143,56.0,-0.04243240090148437,-0.043358960838673924,0.041320238739586804,0.029230009409798655,83.46820940290179,77.03098831176757,1.0835666428824833
2022-10-25,82.30784606933594,85.9425048828125,81.82754516601562,85.09213256835938,168298181,0.2,0.046799999999999994,0.268,50.0,-0.03283401023497157,-0.033385143900895274,0.04135904462413177,0.029781087156631414,83.44322313581195,77.31570129394531,1.0792532660160516
2022-10-26,83.5027847290039,84.72227478027344,81.15998077392578,82.2311019897461,154408027,0.21153846153846154,0.06346153846153847,0.28634615384615386,52.0,0.014517919211023411,0.01441354322387127,0.04170410300683657,0.029348536291042393,83.52450016566685,77.55839970906575,1.0769239757264322
2022-10-27,81.58363342285156,86.87710571289062,81.27742767333984,83.51203918457031,154716857,0.2641509433962264,0.0750943396226415,0.3232075471698113,53.0,-0.022983081491002588,-0.02325131029399922,0.04138206193193712,0.029728930132286238,83.6396015712193,77.72111434936524,1.0761503134817367
2022-10-28,84.1784896850586,84.73473358154297,80.89451599121094,81.5686264038086,106743192,0.21739130434782608,0.057173913043478256,0.3115217391304348,46.0,0.031806088468232074,0.03131075063309233,0.04269950073304158,0.030204512566231072,83.94767543247768,77.9658332824707,1.076723891712088
2022-10-29,85.30518341064453,87.08270263671875,83.98527526855469,84.17582702636719,125702768,0.2222222222222222,0.09055555555555556,0.31166666666666665,18.0,0.013384579953872988,0.013295797794184805,0.04281829834274263,0.030260140328595246,84.40760258265904,78.24463857014975,1.0787653202204255
2022-10-30,83.93575286865234,86.73286437988281,82.94573974609375,85.30591583251953,88859201,0.2857142857142857,0.08928571428571429,0.32142857142857145,14.0,-0.016053309860433518,-0.016183560084925802,0.027973963918809353,0.029755126628699034,83.70225415910993,78.55855712890624,1.06547596109439
2022-10-31,83.95130157470703,86.6826171875,82.78064727783203,83.91828918457031,112459033,0.16279069767441862,0.052558139534883724,0.28930232558139535,43.0,0.00018524532780461733,0.00018522817200753542,0.02329357842903491,0.029753964093311477,83.53785596575055,78.8731704711914,1.0591415999470053
2022-11-01,84.34383392333984,85.92760467529297,83.68885803222656,83.9457015991211,107173286,0.43478260869565216,0.13108695652173913,0.3297826086956522,46.0,0.004675714864093017,0.004664817664278099,0.01872573979314856,0.029279392139142775,83.8287113734654,79.25989074707032,1.0576435392899397
2022-11-02,80.37332916259766,85.42539978027344,79.61660766601562,84.33673858642578,133073174,0.3333333333333333,0.09491228070175439,0.3429824561403509,57.0,-0.04707522264580699,-0.04821931091525699,0.026134691656631633,0.030061416393504882,83.38164629255023,79.41563059488932,1.0499399887396492
2022-11-03,83.77227783203125,86.20346069335938,80.03520202636719,80.38390350341797,129983748,0.2777777777777778,0.06962962962962962,0.3642592592592593,54.0,0.042289509528184555,0.04141974497890497,0.029948345441123875,0.030051699522031575,83.69430977957589,79.5773930867513,1.0517347519582168
2022-11-04,94.53353881835938,96.73516845703124,83.50511169433594,83.76531219482422,281708446,0.23529411764705882,0.058235294117647066,0.4015686274509804,51.0,0.12845849802371534,0.1208525403685446,0.05351592127830314,0.037039016267451076,85.17360251290458,80.10539016723632,1.0632693047881963
2022-11-05,96.21525573730467,97.958984375,93.91702270507812,94.5486297607422,199868003,0.15789473684210525,0.0868421052631579,0.33894736842105266,19.0,0.01778963254699084,0.017633248980994064,0.05349675089511797,0.036862788958541046,86.73218427385602,80.73016764322917,1.0743466390055272
2022-11-06,86.69343566894531,96.29705810546876,86.69343566894531,96.22335052490234,162939126,0.5555555555555556,0.17833333333333334,0.38222222222222224,18.0,-0.09896372457146163,-0.10420976088732847,0.07034338175059227,0.041840644706178556,87.12613895961216,81.09260965983073,1.074402948987473
2022-11-07,87.45258331298828,90.26331329345705,84.41751098632812,86.67964935302734,171864068,0.23076923076923078,0.06692307692307692,0.29096153846153844,52.0,0.00875669118642275,0.008718573726414105,0.07032769673292338,0.04167369450023322,87.62632206508091,81.51947784423828,1.0749127004040822
2022-11-08,72.23424530029297,88.13472747802734,68.96408081054688,87.42359924316406,301320103,0.30434782608695654,0.03978260869565218,0.33956521739130435,46.0,-0.17401816431459394,-0.1911824963985922,0.10247911362842137,0.05494840585890078,85.89638083321708,81.41104507446289,1.0550949291297227
2022-11-09,58.28171157836914,72.9422378540039,57.57234573364258,72.25423431396484,217857936,0.1076923076923077,0.024923076923076923,0.29384615384615387,65.0,-0.19315677299486145,-0.21462589599681967,0.12611256122706815,0.0672871891626245,82.74043546404157,80.89551277160645,1.0228062426360276
2022-11-10,68.05220794677734,70.35163116455078,57.60948944091797,58.29058456420898,192154051,0.12903225806451613,0.013225806451612903,0.3645161290322581,62.0,0.16764257781397163,0.15498682542919226,0.14509629074262953,0.07336625640490842,80.49471119471959,80.7818650563558,0.9964453177524945
2022-11-11,63.9169921875,68.60620880126953,61.14936828613281,68.03959655761719,121916622,0.0,0.03150943396226415,0.3260377358490566,53.0,-0.06076534302180814,-0.06268993005867009,0.12905499555487357,0.07420001412153551,76.12091881888253,80.52410265604655,0.9453184364441547
2022-11-12,57.872657775878906,64.00409698486328,57.58229064941406,63.9310302734375,181943068,-0.058823529411764705,-0.001764705882352941,0.18294117647058825,17.0,-0.09456537619746075,-0.09934020326841221,0.12546849481802216,0.07622452392845346,70.64340482439313,80.08316535949707,0.8821255317178284
2022-11-13,56.69726943969727,60.22408676147461,56.18008041381836,57.87803649902344,129628561,0.5714285714285714,0.17142857142857143,0.35428571428571426,14.0,-0.020309907672350413,-0.020518989648227945,0.12594320036684767,0.07601828577680671,66.35823822021484,79.54258524576822,0.8342479442324285
2022-11-14,58.86138534545898,59.598880767822266,53.865501403808594,56.70599365234375,120890572,0.25,0.054615384615384614,0.34403846153846157,52.0,0.03816966720175907,0.03745922726462097,0.12901317420419195,0.076468597823267,62.27378136771066,79.10632006327312,0.7872162593064755
2022-11-15,61.07147216796875,62.7993278503418,58.60920715332031,58.8814811706543,100484833,0.2549019607843137,0.043529411764705886,0.35803921568627456,51.0,0.037547312377014475,0.03685957437406173,0.11764410469957072,0.07608625577879678,60.67909949166434,78.61284090677897,0.7718726201946969
2022-11-16,58.37229919433594,61.95037460327149,57.51225280761719,61.06672286987305,82673856,0.2641509433962264,0.10245283018867923,0.30150943396226415,53.0,-0.04419695281307623,-0.045203404742173776,0.08470072161374051,0.07585266861164722,60.6920405796596,77.92623176574708,0.7788396693183506
2022-11-17,58.575984954833984,59.2208251953125,57.14101028442383,58.38330078125,61291587,0.16071428571428573,0.05714285714285714,0.30946428571428575,56.0,0.003489425006541591,0.003483351088656355,0.05135607143235449,0.07522698555959363,59.3382944379534,77.12933959960938,0.7693349216522258
2022-11-18,58.38063049316406,61.125099182128906,57.61265182495117,58.58063507080078,61829445,0.18181818181818182,0.056363636363636366,0.3502272727272727,44.0,-0.003335060636548426,-0.00334063434716534,0.04821016046025003,0.07517612466221538,58.54738562447684,76.31089909871419,0.7672218033854006
2022-11-19,58.62324905395508,59.01639175415039,57.1443977355957,58.36801910400391,42492592,0.3333333333333333,0.09166666666666666,0.22166666666666668,18.0,0.0041558057653972025,0.00414719425488303,0.02956058468851491,0.07517749065184766,58.65461294991629,75.57240994771321,0.7761379184612222
2022-11-20,56.173927307128906,61.20763397216797,56.08025741577149,58.6317024230957,90265729,0.0,0.04,0.39705882352941174,17.0,-0.04178072328560112,-0.04267863710408111,0.03330376265197294,0.07523186145253442,58.57984978812082,74.71080843607585,0.7840880190480468
2022-11-21,55.928955078125,57.34150695800781,54.47558975219727,56.17555618286133,80077886,0.13725490196078433,0.02509803921568627,0.33313725490196083,51.0,-0.004360959625709038,-0.004370496346406412,0.028606414044749062,0.07520612638680138,58.16093117850168,73.83891716003419,0.7876731324817108
2022-11-22,57.28885269165039,57.59814834594727,50.692291259765625,55.92232894897461,224180492,0.03389830508474576,0.03711864406779661,0.2916949152542373,59.0,0.024314733068511618,0.02402383590519784,0.02555232683697447,0.07352414364141639,57.62055696759905,72.78610585530599,0.7916422549400423
2022-11-23,58.35188293457031,58.64998245239258,56.72160720825195,57.29991912841797,95460029,0.038461538461538464,0.03692307692307692,0.3136538461538461,52.0,0.018555621084638263,0.018385565978722478,0.021587868283320714,0.07355659978975156,57.617640359061106,71.89443232218424,0.801420061303999
2022-11-24,58.16364288330078,59.5931510925293,57.57139587402344,58.35338973999024,64462685,0.23529411764705882,0.07176470588235294,0.34725490196078435,51.0,-0.0032259464785499015,-0.003231161061554942,0.021553852070588988,0.0734684509639445,57.55873434884207,71.08962554931641,0.8096643343396476
2022-11-25,59.01634216308594,59.8209114074707,56.88630676269531,58.151893615722656,70739121,0.24444444444444444,0.05711111111111112,0.31222222222222223,45.0,0.014660348587450134,0.014553924558444847,0.022280189692295924,0.07347016766733774,57.64955030168806,70.27341079711914,0.820360782944257
2022-11-26,61.68415832519531,62.02691268920898,59.00849533081055,59.00849533081055,80465454,0.2222222222222222,0.043333333333333335,0.23666666666666666,18.0,0.04520470202536653,0.044212753339014296,0.027576292016909643,0.07412977786957653,58.08682305472238,69.6100949605306,0.8344597588562119
2022-11-27,61.52469253540039,63.117637634277344,60.46540832519531,61.67349243164063,99788132,-0.05555555555555555,0.04555555555555556,0.27444444444444444,18.0,-0.0025851984387016413,-0.0025885458345516342,0.01795998977810547,0.0737464530442099,58.85121808733259,68.85496838887532,0.8547127311852923
2022-11-28,60.26573944091797,62.2789192199707,58.74665451049805,61.50745391845703,75182904,0.16363636363636364,0.04072727272727273,0.3310909090909091,55.0,-0.020462566208811817,-0.02067482508309727,0.021329109330846006,0.07362998270924728,59.470758710588726,68.0203202565511,0.8743087137238381
2022-11-29,61.60017776489258,62.32934188842773,59.81983184814453,60.26798629760742,60724457,0.2727272727272727,0.06745454545454545,0.34818181818181815,55.0,0.02214256949892457,0.021900982540408915,0.02112165772923511,0.07387582156326584,60.08666229248047,67.27580108642579,0.8931393059934017
2022-11-30,65.35313415527344,65.8335189819336,61.58543395996094,61.59959411621094,86983445,0.19298245614035087,0.06894736842105263,0.308421052631579,57.0,0.06092444091159366,0.05914064212100407,0.028148875049019712,0.07494117204273865,61.0868410382952,66.65586217244466,0.9164511424405267
2022-12-01,63.58454895019531,65.4181900024414,63.41728210449219,65.35466766357422,59317817,0.2916666666666667,0.05479166666666666,0.3491666666666667,48.0,-0.027061979933144742,-0.027434898653566867,0.03213592058379849,0.07497812252041178,61.86125619070871,65.96388600667318,0.9378049101663078
2022-12-02,65.65015411376953,65.72752380371094,62.68977737426758,63.59044647216797,64708922,0.3076923076923077,0.09634615384615385,0.4115384615384615,52.0,0.032485960782582035,0.03196944845560128,0.032964135115817764,0.07497651074748354,62.808943612234934,65.47311350504557,0.9593089475941092
2022-12-03,62.8147087097168,66.17890930175781,62.73221206665039,65.6489028930664,52110834,0.5714285714285714,0.125,0.3514285714285714,14.0,-0.0431902322596075,-0.044150687079107354,0.0367157931642237,0.0747082017802555,62.97045081002371,64.77452786763509,0.9721483565067744
2022-12-04,64.4842758178711,64.49537658691406,62.77834701538086,62.80940246582031,43787478,0.375,0.0875,0.27625,16.0,0.026579238246089876,0.02623214713875331,0.03764196320722596,0.07091187830814538,63.39324842180525,63.77288576761882,0.994047041446471
2022-12-05,64.29945373535156,67.00773620605469,64.021240234375,64.46153259277344,60444728,0.17647058823529413,0.034509803921568626,0.2988235294117647,51.0,-0.002866157372093947,-0.002870272666403185,0.03605090421863808,0.07070744696640595,63.96949332101004,62.70902570088705,1.0201002583923922
2022-12-06,63.95992660522461,65.39543151855469,62.928855895996094,64.30154418945312,46429941,0.11764705882352941,0.06019607843137255,0.37490196078431376,51.0,-0.005280404582042042,-0.005294395190766561,0.03592615815294625,0.06860349144809018,64.30660029820034,61.95124206542969,1.038019548184087
2022-12-07,61.34700012207031,63.9705924987793,60.696807861328125,63.95883560180664,58488226,0.20833333333333334,0.025625,0.38187499999999996,48.0,-0.04085255599622373,-0.04171046825891489,0.030595441912215027,0.06874321918597227,63.73429543631418,61.08105595906576,1.0434380093072806
2022-12-08,62.88277816772461,63.389190673828125,60.71046447753906,61.34844970703125,44751457,0.17857142857142858,0.045178571428571436,0.3457142857142857,56.0,0.0250342810992934,0.024726057006021186,0.03169981299487056,0.06007276855034063,63.63404246738979,60.769340387980144,1.047140582094853
2022-12-09,61.43600082397461,63.30425643920898,61.21746063232422,62.8782958984375,55604616,0.3181818181818182,0.06977272727272726,0.28659090909090906,44.0,-0.0230075290231464,-0.023276333236341908,0.028687447815224303,0.04536405106215107,63.032020568847656,60.87448336283366,1.035442390420865
2022-12-10,61.34951019287109,61.95034790039063,61.30494689941406,61.44166564941406,26868971,0.21052631578947367,0.001052631578947369,0.3136842105263158,19.0,-0.0014078167514733897,-0.001408808656532592,0.024288983849534,0.03493556400155893,62.822706495012554,60.65106010437012,1.0358055800987716
2022-12-11,59.75642776489258,61.52033996582031,59.633907318115234,61.35125350952149,29934277,-0.14285714285714285,-0.005,0.3692857142857143,14.0,-0.025967321058801618,-0.026310424628102378,0.021583690969952652,0.03340652700189855,62.14729963030134,60.51237462361654,1.0270180275828529
2022-12-12,60.10396957397461,60.73025131225586,58.64649200439453,59.75277328491211,43484419,0.06521739130434782,0.01978260869565217,0.3302173913043478,46.0,0.005815973646373429,0.005799126163096365,0.02235470440960246,0.027936101871348706,61.547944750104634,60.58675168355306,1.0158647400602019
2022-12-13,61.87289810180664,63.45780944824219,58.41178894042969,60.099491119384766,67856553,0.32,0.08199999999999999,0.361,50.0,0.029431143073751054,0.029006361396285155,0.02678597215724173,0.028067666694545235,61.24979782104492,60.75927263895671,1.0080732563242323
2022-12-14,62.56288909912109,63.35010528564453,61.79350280761719,61.88460540771485,50806113,0.25,0.06136363636363637,0.27090909090909093,44.0,0.011151748479263368,0.01109002618262333,0.021565213485690217,0.027352241406713818,61.42349624633789,60.88265609741211,1.0088833205315557
2022-12-15,60.86708068847656,62.88935470581055,60.66368865966797,62.56101608276367,45375237,0.19047619047619047,0.05261904761904762,0.310952380952381,42.0,-0.02710566016153415,-0.02747979484225896,0.02174665620172528,0.027048057448331737,61.13553946358817,60.8758430480957,1.0042660011342641
2022-12-16,54.8251953125,61.11076354980469,54.43198013305664,60.87114715576172,57694805,0.1836734693877551,0.022448979591836737,0.34469387755102043,49.0,-0.0992635971305984,-0.10454262481130454,0.04382721170521387,0.032148097117444756,60.19113867623465,60.757606252034506,0.9906765981949645
2022-12-17,55.57771301269531,55.638092041015625,53.33529281616211,54.81639862060547,43098792,0.2857142857142857,0.06357142857142857,0.19357142857142856,14.0,0.013725764147414443,0.013632419032151462,0.0450291355483121,0.03226196510250826,59.36659622192383,60.657663853963214,0.9787155068294798
2022-12-18,55.83451461791992,56.28681182861328,55.01985931396485,55.57500076293945,26536270,0.23076923076923078,0.057692307692307696,0.3469230769230769,13.0,0.004620586046171882,0.00460994390781919,0.04514984558329019,0.03228110989610157,58.80632291521345,60.572793324788414,0.9708372305020962
2022-12-19,53.72983932495117,56.44330978393555,53.29658889770508,55.83781814575195,38516334,-0.09302325581395349,0.019069767441860466,0.3113953488372093,43.0,-0.037694879365768874,-0.03842370538876549,0.04571049322403162,0.03295359827785596,57.89573287963867,60.40967966715495,0.9583850336342187
2022-12-20,55.77022171020508,56.16286087036133,53.40610504150391,53.729610443115234,45072863,0.1875,0.03625,0.355625,48.0,0.03797484621001623,0.03727155151174717,0.047151308376368585,0.03285887448304858,57.023921966552734,60.396222813924155,0.9441637127248635
2022-12-21,55.994606018066406,56.34359359741211,54.81562042236328,55.76984024047852,36818955,0.2,0.0656,0.30579999999999996,50.0,0.004023371271989484,0.004015299157957382,0.04657531092204651,0.03285819738732747,56.08559581211635,60.398411178588866,0.9285938937413407
2022-12-22,55.60498809814453,56.06613159179688,53.77875518798828,55.98803329467773,34418452,0.16279069767441862,0.03465116279069767,0.27581395348837207,43.0,-0.006958133070820494,-0.006982453762134402,0.0463658007087274,0.03256408088127248,55.33386829921177,60.34228235880534,0.9169999233735857
2022-12-23,54.53443145751953,56.04084014892578,54.35972213745117,55.60795211791992,32140129,0.15789473684210525,0.08263157894736842,0.30736842105263157,38.0,-0.019252888585021055,-0.019440639178506115,0.024191666365805237,0.03252009736303892,55.29233060564314,60.21503397623698,0.9182479350167515
2022-12-24,54.47079849243164,54.69913482666016,54.2651596069336,54.53096771240234,23230269,0.3333333333333333,0.08666666666666667,0.5533333333333333,15.0,-0.0011668401666102834,-0.001167521454618531,0.02335652554674179,0.03252014457661532,55.134199959891184,60.09193916320801,0.9174974335600695
2022-12-25,54.45232391357422,55.369136810302734,53.97994995117188,54.46983337402344,36091150,-0.125,-0.06937499999999999,0.443125,16.0,-0.0003391648253511237,-0.00033922235474883455,0.023166358109229696,0.032369105468942,54.93674414498465,59.93980522155762,0.9165319096703772
2022-12-26,55.93756866455078,55.98441696166992,54.25110626220703,54.459754943847656,34660069,0.15151515151515152,0.06515151515151515,0.3333333333333333,33.0,0.027276058104221956,0.026910695317007724,0.019689281310750206,0.031650902042218265,55.25213405064174,59.74825223286947,0.9247489589368396
2022-12-27,57.36973571777344,58.08663558959961,55.52445983886719,55.93852996826172,49640032,0.10526315789473684,0.04842105263157895,0.27052631578947367,38.0,0.025602954998118488,0.025280688418532843,0.016799637539688304,0.0320773965814695,55.48063605172293,59.609753672281904,0.9307308390626855
2022-12-28,53.747257232666016,57.65577697753906,53.45313262939453,57.37222671508789,47399222,0.17073170731707318,0.04365853658536586,0.39195121951219514,41.0,-0.06314267339365065,-0.0652242744992308,0.03110725951880384,0.03393338271159458,55.15958622523716,59.39247093200684,0.9287302811224081
2022-12-29,54.540714263916016,54.86674118041992,53.61741256713867,53.744415283203125,40802575,0.02564102564102564,0.012564102564102564,0.2853846153846154,39.0,0.014762744595788524,0.014654836003445377,0.032037302062925224,0.03376941181596701,55.007547106061665,59.157155481974286,0.9298544978692046
2022-12-30,52.51644134521485,54.61568832397461,51.72591400146485,54.53723907470703,55218888,0.175,0.034499999999999996,0.33999999999999997,40.0,-0.03711489565219017,-0.03782118442891577,0.03430520665591734,0.032111587034221886,54.71926280430385,58.729265721638996,0.9317205337396608
2022-12-31,51.97913360595703,53.26445007324219,51.84463119506836,52.525970458984375,40075995,0.23076923076923078,0.03769230769230769,0.37846153846153846,13.0,-0.010231229030273514,-0.010283927811022496,0.03429138445827032,0.03189248328702245,54.36331067766462,58.34241854349772,0.931797344622139
2023-01-01,52.04583358764648,52.31705093383789,51.28887176513672,51.97866439819336,27482203,0.16666666666666666,0.008333333333333333,0.4816666666666667,6.0,0.0012832068767263394,0.0012823842704229444,0.03434686215221097,0.031090915681343662,54.01952634538923,57.88894119262695,0.9331579613045238
2023-01-02,53.08315658569336,53.87734603881836,51.51974487304688,52.05474472045898,40664866,0.3448275862068966,0.0696551724137931,0.32724137931034486,29.0,0.01993095175044135,0.019734930642500557,0.03327535669876189,0.030696432899684503,53.61175319126674,57.56455612182617,0.9313326950320966
2023-01-03,53.04004287719727,53.37620544433594,52.19873428344727,53.07568740844727,32961816,0.34146341463414637,0.07951219512195122,0.2990243902439024,41.0,-0.000812191875335988,-0.0008125218818550104,0.0303240836245448,0.030120744621572566,52.993225642613005,57.18308169047038,0.9267290967189056
2023-01-04,56.78749465942383,57.48869705200195,52.679832458496094,53.03782272338867,78095690,0.15384615384615385,0.07884615384615384,0.30173076923076925,52.0,0.07065325702890113,0.06826898276969832,0.03258547570957416,0.03307297371776054,53.42754527500698,56.93268305460612,0.9384336449375266
2023-01-05,55.38762664794922,56.8618392944336,55.06221771240234,56.782325744628906,41324775,0.13953488372093023,0.056511627906976745,0.37953488372093025,43.0,-0.02465099085406297,-0.024959913937608262,0.03458734391464995,0.03329079055714981,53.54853275844029,56.64693972269694,0.9453031888496669
2023-01-06,56.4559326171875,56.66023254394531,54.18183135986328,55.388145446777344,41674593,0.21153846153846154,0.052884615384615384,0.3126923076923077,52.0,0.019287809099107545,0.019104157049195557,0.029996364734162735,0.03281366801206568,54.11131722586496,56.483904139200845,0.9579953448775637
2023-01-07,56.04744338989258,56.66752624511719,55.82219314575195,56.45280456542969,32505515,0.5333333333333333,0.14400000000000002,0.38999999999999996,15.0,-0.0072355412152125265,-0.007261844700318485,0.02967014450560744,0.03240659443256469,54.692504337855745,56.256059646606445,0.9722064552943672
2023-01-08,59.30512237548828,59.34706878662109,55.654273986816406,56.043731689453125,62062341,0.625,0.14125000000000001,0.31875,8.0,0.05812359652042898,0.05649714752085463,0.03378330787160201,0.03399058475360543,55.72954559326172,56.18503036499023,0.9918931293839376
2023-01-09,61.26544570922852,62.85829162597656,59.15159606933594,59.29736328125,85994888,0.43478260869565216,0.10434782608695654,0.3282608695652174,46.0,0.03305487376501004,0.03252030950593622,0.03419466576019848,0.03454257537410893,56.89844403948103,56.18222821553548,1.0127480850563257
2023-01-10,61.843017578125,62.66559600830078,59.98255157470703,61.23897933959961,61098186,0.16666666666666666,0.07133333333333333,0.32116666666666666,60.0,0.009427367453387792,0.009383207151480034,0.03334311183237084,0.0342199261570934,58.15601185389927,56.2517812093099,1.0338519172842515
2023-01-11,64.17884826660156,64.29336547851562,60.174224853515625,61.83297348022461,56247189,0.17543859649122806,0.0656140350877193,0.39421052631578946,57.0,0.03777032201777275,0.03707449052754172,0.02773083086757301,0.03483746346588195,59.211919512067524,56.38761049906413,1.0500874037400516
2023-01-12,67.86113739013672,68.45040893554688,64.16056823730469,64.37467193603516,153046549,0.3392857142857143,0.08892857142857144,0.3173214285714286,56.0,0.057375431672422206,0.05578982989108666,0.023625706654160267,0.035876181784393814,60.99384961809431,56.5872184753418,1.0778732593946585
2023-01-13,71.24146270751953,72.66130065917969,66.95294952392578,67.85578155517578,101540639,0.14814814814814814,0.05907407407407407,0.4042592592592592,54.0,0.04981238817070177,0.048611470271963476,0.024188283966870134,0.03680703861461873,63.10606820242746,56.876504262288414,1.1095278976958771
2023-01-14,75.84661865234375,80.1316146850586,71.22486877441406,71.24015045166016,193578098,0.0,0.037083333333333336,0.36874999999999997,24.0,0.06464151309933941,0.06263813507793445,0.018428213481685964,0.03778580096219994,65.93452181134906,57.37582219441732,1.1491690975325928
2023-01-15,79.047119140625,82.54735565185547,73.0403060913086,75.84537506103516,191139275,0.15789473684210525,0.07421052631578948,0.35526315789473684,19.0,0.04219700950613636,0.041330994083886706,0.01747336552280956,0.031805086497598875,68.75480706351144,58.18321965535482,1.1816947819453245
2023-01-16,80.3924560546875,82.34735870361328,77.01347351074219,79.03668975830078,127505366,0.46808510638297873,0.15574468085106383,0.3521276595744681,47.0,0.017019430039811434,0.016876222134471975,0.019615289310751183,0.0318156487411301,71.48723711286273,59.01037775675456,1.2114350022895763
2023-01-17,85.47111511230469,90.53107452392578,79.5166015625,80.4072265625,256908039,0.1702127659574468,0.03319148936170213,0.3148936170212766,47.0,0.0631733287780436,0.06125814230281232,0.01613278989552,0.03300214396558476,74.86267961774554,59.998264439900716,1.2477474193063411
2023-01-18,82.24076080322266,88.83810424804688,78.5745620727539,85.45418548583984,209922103,0.15,0.0655,0.35866666666666663,60.0,-0.03779469011065917,-0.038527431243815934,0.03615802186060305,0.03300785146071586,77.44295283726284,60.948628489176436,1.27062666965534
2023-01-19,81.31410217285156,83.32161712646484,78.04164123535156,82.21237182617188,111102694,0.12903225806451613,0.06483870967741935,0.3041935483870968,62.0,-0.011267632027241459,-0.011331592703768911,0.03867018887428379,0.033028631461568814,79.36480494907924,61.80009117126465,1.2842182502472053
2023-01-20,87.74554443359375,87.87120819091797,79.96426391601562,81.3082504272461,115111786,0.37254901960784315,0.08019607843137255,0.37215686274509807,51.0,0.07909381139166616,0.0761216253990608,0.04257165847882571,0.03495230192520796,81.72253090994698,62.85845578511556,1.3001040176570533
2023-01-21,84.57622528076172,88.91246795654297,84.49720764160156,87.75019836425781,110654974,0.13333333333333333,0.10200000000000001,0.4046666666666667,15.0,-0.03611943117215011,-0.036787883304164326,0.04620753196761279,0.03600563430624242,82.96961757114956,63.8241636912028,1.2999718722924005
2023-01-22,85.43814086914062,89.79117584228516,83.86788177490234,84.57400512695312,124366515,0.4,0.08933333333333333,0.31533333333333335,15.0,0.010190991446090925,0.010139413417607438,0.04479070921518281,0.03545976312087206,83.88262067522321,64.85428733825684,1.293401317290272
2023-01-23,86.59729766845703,89.4960708618164,85.37889862060547,85.44059753417969,113289637,0.1111111111111111,0.050555555555555555,0.360925925925926,54.0,0.013567205319832576,0.013475994844534569,0.04473611863942748,0.035330581778296455,84.76902662004743,65.92517064412435,1.285837045119618
2023-01-24,79.9421157836914,88.33821868896484,79.3516616821289,86.5750732421875,106941166,0.29310344827586204,0.1067241379310345,0.35344827586206895,58.0,-0.07685207349362555,-0.07996579024985165,0.04966663558364435,0.039323296916253726,83.97916957310268,66.77483037312825,1.2576470670736117
2023-01-25,85.790283203125,87.25464630126953,78.57491302490234,79.94164276123047,114762694,0.07407407407407407,0.025185185185185185,0.28185185185185185,54.0,0.07315502425852283,0.0706029306204625,0.055804571385326254,0.04065066832679122,84.48624420166016,67.7699208577474,1.2466628724416131
2023-01-26,88.98280334472656,89.69599151611328,85.34102630615234,85.76443481445312,135196490,0.22807017543859648,0.04631578947368421,0.28842105263157897,57.0,0.03721307381679417,0.036537379516924616,0.05625272844241027,0.040807592445599644,85.58177294049945,68.82368977864583,1.2434929486598554
2023-01-27,87.13981628417969,89.41650390625,85.97088623046875,88.97496795654297,101131276,0.09433962264150944,0.026792452830188683,0.32339622641509436,53.0,-0.020711721717813214,-0.020929217813200205,0.04963738019981076,0.0385579734109415,85.49524034772601,69.93677508036295,1.2224647225938734
2023-01-28,84.21823120117188,88.07878875732422,83.58784484863281,87.14781951904297,84014968,0.3333333333333333,0.096,0.3573333333333333,15.0,-0.03352755614586056,-0.03410249201372915,0.04932398571075259,0.03963387635047923,85.44409833635602,70.92602564493815,1.2046931653000919
2023-01-29,87.79725646972656,88.37205505371094,83.660888671875,84.23189544677734,83863621,0.6923076923076923,0.19230769230769232,0.41307692307692306,13.0,0.04249703677586725,0.04161883226554932,0.051837951275973564,0.03866072003500956,85.78111485072544,72.10205281575521,1.189718066279261
2023-01-30,81.04397583007812,88.15493774414062,79.93177032470703,87.78752136230469,91209901,0.3877551020408163,0.07591836734693878,0.30612244897959184,49.0,-0.07691903951437296,-0.08003833382367243,0.06031312939210938,0.0422932609731298,84.98778315952846,73.07088088989258,1.1630868839201893
2023-01-31,83.01890563964844,83.26971435546875,80.4659652709961,81.05532836914062,66248248,0.3275862068965517,0.12931034482758622,0.3594827586206897,58.0,0.02436861949753144,0.024076441818126997,0.05233697729971074,0.0422466721763686,85.42732456752232,74.1033166249593,1.152813780250544
2023-02-01,88.26962280273438,88.26962280273438,80.5318374633789,83.02094268798828,96009709,0.2708333333333333,0.10895833333333334,0.36000000000000004,48.0,0.06324724618603361,0.06132766515157522,0.05049596572405218,0.043062842494849304,85.78151593889508,75.27619883219401,1.1395569551820697
2023-02-02,88.196533203125,93.03536224365234,88.15799713134766,88.24968719482422,150528044,0.19298245614035087,0.06403508771929825,0.31666666666666665,57.0,-0.000828026644825619,-0.0008283696482449408,0.04842427856253359,0.04306306801622411,85.669191632952,76.44808184305826,1.1206192433817233
2023-02-03,90.6985855102539,93.76172637939452,87.72076416015625,88.19957733154297,135897553,0.40425531914893614,0.1274468085106383,0.34489361702127663,47.0,0.028369055066670645,0.027974105589964056,0.04864213976897344,0.042023077566849816,86.1775872366769,77.57845153808594,1.1108443843374387
2023-02-04,88.7489242553711,91.7362060546875,88.63595581054688,90.77664184570312,78674062,0.09090909090909091,0.02136363636363636,0.33,22.0,-0.02149604918218262,-0.021730454527363885,0.047156157858024454,0.04191958327262438,86.8248291015625,78.69049479166667,1.1033712436480607
2023-02-05,85.6467056274414,89.065673828125,84.10961151123047,88.76140594482422,75744010,0.3181818181818182,0.05136363636363636,0.3427272727272727,22.0,-0.03495499978121641,-0.03558054637933433,0.04686942482921988,0.042943578484612915,86.51760755266461,79.66352055867513,1.0860379624942786
2023-02-06,84.13943481445312,87.56015014648438,83.71403503417969,85.64336395263672,58402082,0.2978723404255319,0.09021276595744682,0.42851063829787234,47.0,-0.0175987015723037,-0.01775539990070219,0.034099660343784526,0.043163996253951516,86.9598159790039,80.59992027282715,1.078906972670057
2023-02-07,88.83464050292969,89.03038787841797,84.06768798828125,84.13533782958984,78306944,0.2909090909090909,0.0770909090909091,0.3145454545454546,55.0,0.055802676816531616,0.05430130874848346,0.03849562126660759,0.043090444134806595,87.79063524518695,81.58423754374186,1.0760734902758329
2023-02-08,86.92668151855469,89.88800048828125,85.12730407714844,88.81492614746094,87589522,0.2641509433962264,0.08226415094339623,0.32433962264150945,53.0,-0.021477646260211758,-0.021711647501695863,0.03220540744741891,0.04340011653584439,87.59878649030414,82.4396120707194,1.0625812554183178
2023-02-09,77.74617767333984,89.17394256591797,77.3471908569336,86.9442138671875,210160246,0.16129032258064516,0.04112903225806451,0.3143548387096774,62.0,-0.10561203631424998,-0.11161563408939666,0.05234789177173547,0.048893833979532786,86.10587855747768,82.96971740722657,1.0377988650347982
2023-02-10,78.78968811035156,80.19012451171875,77.135009765625,77.7658920288086,100501651,0.16363636363636364,0.06218181818181818,0.3478181818181818,55.0,0.01342201595294057,0.013332738663774869,0.05046255012093663,0.048591995358337976,84.40460750034877,83.45674540201823,1.0113575253116402
2023-02-11,79.40477752685547,79.4158706665039,77.91473388671875,78.77849578857422,48626956,-0.05555555555555555,0.003888888888888888,0.305,18.0,0.007806724855192071,0.007776410049392754,0.05152567823320279,0.04770669488091292,83.06972939627511,83.84153340657552,0.9907944907620226
2023-02-12,77.40818786621094,80.36152648925781,76.7393569946289,79.40520477294922,54262661,0.3157894736842105,0.07052631578947369,0.37,19.0,-0.025144452548453544,-0.02546597542049469,0.05102091999281809,0.04729958510873208,81.8927982875279,84.04709091186524,0.9743680286733968
2023-02-13,82.39447021484375,83.46675872802734,73.99576568603516,77.4020767211914,246734335,0.09433962264150944,0.0560377358490566,0.310377358490566,53.0,0.06441543828995067,0.06242576423450453,0.05859331799861986,0.047290330618632595,81.64351763044085,84.26535263061524,0.9688859665529742
2023-02-14,83.06468963623047,83.36243438720703,80.0693359375,82.39969635009766,154763608,0.24074074074074073,0.09833333333333333,0.3874074074074074,54.0,0.008134276725599632,0.008101371814675738,0.053439233280955484,0.04674173317739108,80.8192389351981,84.39927164713542,0.9575821847503013
2023-02-15,89.33313751220703,89.3731689453125,82.38054656982422,83.0562973022461,117937422,0.3898305084745763,0.09847457627118643,0.33203389830508473,59.0,0.07546465174827355,0.0727528023777804,0.061228874365893686,0.04845129621696801,81.16301836286273,84.69729436238607,0.9582716776712892
2023-02-16,84.03482055664062,90.2448272705078,83.94146728515625,89.3381576538086,131840765,0.2549019607843137,0.10529411764705883,0.3523529411764706,51.0,-0.05930964816770723,-0.06114125642730471,0.046576628598914954,0.04857454512089671,82.06139591761998,84.64941787719727,0.9694265829053688
2023-02-17,86.51129913330078,88.11421203613281,83.6739730834961,84.07905578613281,109764048,0.2708333333333333,0.08166666666666667,0.38187499999999996,48.0,0.02946967174150128,0.02904378784002395,0.04707734507180654,0.048319494396449336,83.16448320661273,84.79176915486654,0.9808084444460442
2023-02-18,91.0904541015625,91.10065460205078,86.447265625,86.49417877197266,103984579,-0.19047619047619047,0.0066666666666666645,0.27999999999999997,21.0,0.052931293532026746,0.051577982715408116,0.049080465895756466,0.04909388609610195,84.83386557442802,85.11764755249024,0.9966660030414114
2023-02-19,90.24676513671876,95.06683349609376,89.36821746826172,91.08767700195312,137985550,0.2,0.053000000000000005,0.3905,20.0,-0.009262100767475134,-0.00930526073079385,0.04693999485989069,0.047194204556910445,86.66794804164341,85.20102157592774,1.017217240340345
2023-02-20,91.89459991455078,92.63673400878906,87.64656066894531,90.30168151855467,100268603,0.24,0.07100000000000001,0.34759999999999996,50.0,0.01825921156659338,0.01809451397400834,0.043423375309690745,0.046742994474892115,88.02510942731585,85.44496739705404,1.0301965359559697
2023-02-21,87.56884002685547,92.52304077148438,86.39212036132812,91.91095733642578,103522514,0.19672131147540983,0.06557377049180328,0.3426229508196721,61.0,-0.04707305860972977,-0.04821703997669872,0.04979221722933079,0.04763139394814781,88.66855948311942,85.5159907023112,1.0368652547309263
2023-02-22,85.07740020751953,87.7051773071289,82.29922485351562,87.59767150878906,82577523,0.21052631578947367,0.059298245614035086,0.36087719298245613,57.0,-0.028451214137036218,-0.02886379437661988,0.0417806254872187,0.047870166085354195,88.0605970110212,85.46532745361328,1.0303663442793982
2023-02-23,85.5428237915039,87.43630981445312,84.26771545410156,85.06768035888672,73347860,0.11320754716981132,0.028490566037735844,0.3313207547169811,53.0,0.005470590107938378,0.005455680780370476,0.03430355720949164,0.04546612179156034,88.2760260445731,85.65201772054037,1.0306356860452974
2023-02-24,81.4905014038086,86.57325744628906,80.18199920654297,85.54744720458984,94424850,0.3125,0.095625,0.40229166666666666,48.0,-0.047371856668797396,-0.04853064734907252,0.03675733457190916,0.04448286692131932,87.55876922607422,85.50869166056314,1.023975078155202
2023-02-25,79.94512939453125,82.72825622558594,77.65990447998047,81.50270080566406,76959423,0.5652173913043478,0.14913043478260868,0.3595652173913043,23.0,-0.018963829926871956,-0.019145949481668957,0.0254630372782357,0.043990747884288375,85.96657998221261,85.2074358622233,1.008909364685223
2023-02-26,82.17124938964844,82.30565643310547,79.75891876220703,79.93860626220703,51609296,0.1111111111111111,0.03944444444444444,0.18722222222222223,18.0,0.027845598749752787,0.027464959983736385,0.03091903166469252,0.04421895336523051,84.81293487548828,85.04181696573893,0.9973085936023349
2023-02-27,80.26961517333984,83.39768981933594,79.68595123291016,82.1625747680664,58899842,0.2830188679245283,0.08603773584905659,0.30415094339622645,53.0,-0.023142330564930536,-0.02341431878519224,0.027685271084542662,0.0439935081892688,83.15222276960101,84.91019643147787,0.9792960829704883
2023-02-28,77.55482482910156,80.27127838134766,77.11152648925781,80.27127838134766,63588522,0.08196721311475409,0.016229508196721313,0.30327868852459017,61.0,-0.03382089646718467,-0.03440605457157703,0.02570405391093624,0.04360601102645809,81.72164916992188,84.56878204345703,0.9663335239702031
2023-03-01,82.82593536376953,82.95478057861328,77.21853637695312,77.56090545654297,80876045,0.14814814814814814,0.06592592592592593,0.37833333333333335,54.0,0.06796624898945103,0.06575613796884476,0.03970515459382023,0.04297469800829345,81.40001133510044,84.62818069458008,0.9618546761494262
2023-03-02,79.82691955566406,82.97391510009766,78.59937286376953,82.83004760742188,60202701,0.1724137931034483,0.05758620689655172,0.3313793103448276,58.0,-0.036208656080174206,-0.036880456015835617,0.041249104079750354,0.04327256637482012,80.58345358712333,84.52178115844727,0.9534045837966781
2023-03-03,76.8449935913086,79.87016296386719,73.6755599975586,79.83602142333984,72909384,0.07317073170731707,0.02048780487804878,0.35512195121951223,41.0,-0.03735489207091525,-0.03807046269880494,0.03977880385554479,0.042100892393808764,79.91980961390904,84.14096018473307,0.9498323936218885
2023-03-04,75.35516357421875,77.32109069824219,74.2142562866211,76.84473419189453,46390894,0.4666666666666667,0.12333333333333334,0.5286666666666666,15.0,-0.01938747011956743,-0.01957787207748501,0.03979860754791399,0.042181751770280995,79.26410021100726,83.7129145304362,0.9468562963745404
2023-03-05,75.08818054199219,77.05036163330078,74.90830993652344,75.35094451904297,45428488,0.26666666666666666,0.012,0.3253333333333333,15.0,-0.0035429958554015206,-0.0035492871295851663,0.036743457559674744,0.04171576096469985,78.25223323277065,83.1925676981608,0.9406156751488346
2023-03-06,76.70159912109375,77.33738708496094,74.3578872680664,75.0867919921875,50983337,0.02040816326530612,0.037551020408163265,0.3248979591836735,49.0,0.021486984602047787,0.021259393737732078,0.03844841744257722,0.041905232064957505,77.74251665387835,82.79099019368489,0.9390214620214601
2023-03-07,75.19499969482422,77.65431213378906,73.93785095214844,76.69522857666016,59893208,0.10909090909090909,0.027454545454545454,0.38072727272727275,55.0,-0.019642347011448402,-0.01983782186717873,0.03705487975315234,0.04160479952756458,77.40539877755302,82.44259999593099,0.9389005050953441
2023-03-08,71.60791015625,75.34941864013672,71.51119232177734,75.19827270507812,59112455,0.2,0.0392,0.369,50.0,-0.04770383074848428,-0.04887919041805937,0.023854731783850523,0.04233259517431319,75.80282374790737,82.02488250732422,0.924144252704522
2023-03-09,68.68196105957031,73.87966918945312,67.5513687133789,71.60385131835938,74652007,0.14285714285714285,0.07979591836734694,0.32877551020408163,49.0,-0.04086069667855419,-0.0417189557098571,0.02446104204759264,0.04128186315746391,74.21068681989398,81.3531265258789,0.912204484191362
2023-03-10,68.34651184082031,68.68571472167969,65.00064086914062,68.68571472167969,73567683,0.32608695652173914,0.06565217391304348,0.3291304347826087,46.0,-0.004884094943926387,-0.004896061114144199,0.02391914668960813,0.04121146354473796,72.99661799839565,80.7337875366211,0.9041644177202037
2023-03-11,67.39131164550781,70.7987289428711,64.80950927734375,68.34893035888672,88051180,0.3448275862068966,0.06206896551724138,0.34310344827586203,29.0,-0.013975844115310054,-0.01407442581074012,0.023900869989085874,0.03631272158739759,71.85892486572266,80.38862533569336,0.8938941867166942
2023-03-12,72.97100830078125,72.97124481201172,66.6236572265625,67.38224792480469,69587249,0.3333333333333333,0.08600000000000001,0.5093333333333334,15.0,0.08279548978989748,0.07954611342785042,0.043604153824646365,0.03933692670682162,71.5564716884068,80.19466934204101,0.8922846403070616
2023-03-13,76.14396667480469,77.21347045898438,71.17249298095703,72.97936248779297,93444168,0.12727272727272726,0.06418181818181817,0.31872727272727275,55.0,0.04348245211227897,0.04256363101833006,0.04632653563470103,0.040156245225093715,71.47680991036552,80.08597564697266,0.8925009570395042
2023-03-14,79.33430480957031,81.51749420166016,74.77417755126953,76.14459228515625,115506512,0.21818181818181817,0.03545454545454546,0.3350909090909091,55.0,0.041898764591433935,0.04104478370867734,0.04789819348591954,0.04061502647285881,72.0681392124721,80.15017954508464,0.8991637900440838
2023-03-15,74.01226043701172,80.68163299560547,72.03230285644531,79.34431457519531,92071978,0.18,0.04100000000000001,0.3386,50.0,-0.06708377145716893,-0.0694398693654431,0.05236496832211411,0.04085263633463017,72.41161782400948,79.87077255249024,0.9066097085316325
2023-03-16,75.06269073486328,75.60789489746094,73.57609558105469,74.03809356689453,58920757,0.20833333333333334,0.06145833333333334,0.33749999999999997,48.0,0.014192652563902453,0.014092879789240955,0.04819933442337133,0.04092627251856538,73.32315063476562,79.60403925577799,0.9210983678751393
2023-03-17,80.65516662597656,80.65516662597656,74.06800842285156,75.06370544433594,76908698,0.35185185185185186,0.09888888888888889,0.33314814814814814,54.0,0.07450406901701734,0.07185922398671278,0.05210406747430294,0.04086924081114822,75.08152988978794,79.31477355957031,0.9466272993063147
2023-03-18,77.7930908203125,81.85889434814453,77.66201782226562,80.66053771972656,79006655,0.2777777777777778,0.14222222222222222,0.3827777777777778,18.0,-0.03548533746060445,-0.03613024453376633,0.05533281281951059,0.039894356705023545,76.56749834333148,79.10671590169271,0.9679013655235447
2023-03-19,79.60066986083984,81.6585693359375,77.80268859863281,77.80268859863281,63342139,0.4666666666666667,0.12200000000000001,0.28800000000000003,15.0,0.023235727253754668,0.022969887848193492,0.04904640853292042,0.03974349824137666,77.51459285191127,78.87636159261068,0.9827354011619753
2023-03-20,76.16152954101562,80.1307373046875,76.04361724853516,79.59871673583984,68782996,0.3076923076923077,0.10230769230769231,0.33442307692307693,52.0,-0.043204916815858696,-0.04416603461153485,0.0510760354645469,0.039066792909075165,77.51710183279855,78.37873077392578,0.989006852591011
2023-03-21,79.04020690917969,79.33370971679688,74.83914184570312,76.1709976196289,67754141,0.25,0.058653846153846154,0.3063461538461538,52.0,0.03779700047402268,0.0371001976736914,0.050567374016872974,0.03984107679685644,77.47508784702846,78.00517883300782,0.9932044129132225
2023-03-22,75.31539154052734,79.2339096069336,73.34504699707031,79.0584716796875,72497294,0.4126984126984127,0.12269841269841271,0.3944444444444445,63.0,-0.04712557715002319,-0.04827215436720358,0.0462044599833351,0.04038664867631024,77.66124943324498,77.4525385538737,1.002694693850817
2023-03-23,77.26307678222656,80.37833404541016,74.64390563964844,75.30908966064453,84330280,0.2777777777777778,0.09296296296296297,0.3888888888888889,54.0,0.025860387921520234,0.025531663339085547,0.046880405061149225,0.040010877516107844,77.97559029715401,77.10901311238607,1.011238338422318
2023-03-24,73.0860595703125,77.3083267211914,72.48077392578125,77.25904083251953,71395515,0.37777777777777777,0.08555555555555555,0.342,45.0,-0.05406226862654451,-0.05557853516914947,0.040504743073835135,0.040867451773562456,76.894289289202,76.7093017578125,1.002411539763112
2023-03-25,71.37751770019531,73.50967407226562,70.35861206054688,73.08657836914062,53187377,0.21052631578947367,0.03,0.2805263157894737,19.0,-0.023377123902452057,-0.023654703404521152,0.03963790291744963,0.04095456098086613,75.97777884347099,76.23712488810222,0.9965981659852482
2023-03-26,72.92498016357422,73.35770416259766,71.06887817382812,71.38201141357422,53254101,0.5833333333333334,0.12833333333333333,0.3666666666666667,12.0,0.021679970293708717,0.021448302129943902,0.039415828947434596,0.040440313100848474,75.02410888671875,75.95160751342773,0.9877882949805242
2023-03-27,69.77041625976562,73.56974029541016,68.62396240234375,72.92652130126953,62337407,0.17307692307692307,0.09346153846153847,0.36096153846153844,52.0,-0.04325765871629661,-0.0442211596378624,0.03942321181509576,0.04102542719674481,74.11109270368304,75.61245040893554,0.9801440411316827
2023-03-28,70.67874908447266,71.40155029296875,68.9023666381836,69.76065826416016,53691539,0.3448275862068966,0.07568965517241379,0.28051724137931033,58.0,0.01301888211939528,0.012934864894797053,0.03518393682654307,0.040719210071119796,72.91659872872489,75.22936706542968,0.9692571076040917
2023-03-29,72.83439636230469,73.40099334716797,70.59859466552734,70.67125701904297,54656545,0.1,0.03183333333333334,0.2985,60.0,0.03049922792571902,0.030043372125115913,0.03565004661466025,0.041054889799881006,72.56217084612165,74.98152643839518,0.9677339778583826
2023-03-30,71.31591033935547,74.15646362304688,70.34928131103516,72.84114837646484,56653592,0.12244897959183673,0.04387755102040816,0.3283673469387755,49.0,-0.020848474056072597,-0.02106887218315995,0.03332009766735276,0.04077703639527679,71.71257563999721,74.77356262207032,0.959063245420787
2023-03-31,74.19947814941406,74.33975219726562,71.0623779296875,71.32207489013672,71453377,0.2619047619047619,0.07714285714285715,0.3742857142857143,42.0,0.040433723643674924,0.03963766818052333,0.03169486222810737,0.03952246878348963,71.87163543701172,74.48601404825847,0.9649010804960925
2023-04-01,73.94157409667969,74.72319793701172,73.57896423339844,74.18572235107422,40462752,0.05263157894736842,0.09263157894736844,0.32263157894736844,19.0,-0.0034758203044911173,-0.003481875001984034,0.029818020052560942,0.03902183360821129,72.23792920793805,74.28983586629232,0.9723797120504167
2023-04-02,73.05827331542969,74.65654754638672,71.96272277832031,74.19010925292969,40895808,0.5714285714285714,0.09857142857142856,0.3764285714285714,14.0,-0.011945928823412277,-0.012017854820260715,0.029429418105133078,0.038490420847365696,72.25697108677456,74.16361185709636,0.9742914250994726
2023-04-03,73.70553588867188,74.83049774169922,71.12345886230469,73.0601577758789,63630103,0.21739130434782608,0.058478260869565216,0.30195652173913046,46.0,0.008859538336577266,0.00882052289666628,0.021944029674930986,0.03838424557907676,72.81913103376117,74.10862426757812,0.9825999572038865
2023-04-04,76.40062713623047,76.8206787109375,73.09973907470703,73.70259857177734,55204843,0.3728813559322034,0.08322033898305085,0.298135593220339,59.0,0.036565655687374354,0.035912994531928685,0.024413214148839606,0.038956486599608146,73.63654218401227,74.15237248738607,0.9930436439715863
2023-04-05,78.30919647216797,79.19930267333984,76.09480285644531,76.39620971679688,60760869,0.2857142857142857,0.04142857142857143,0.3812244897959184,49.0,0.024981068971257514,0.024674143123477814,0.023796154086569037,0.039023929780898185,74.41865648542132,74.20595906575521,1.0028663118480503
2023-04-06,80.447021484375,80.8934097290039,77.60528564453125,78.3016586303711,78873787,0.4107142857142857,0.08803571428571429,0.30375,56.0,0.02729979502428992,0.026933801711481187,0.019815282648769503,0.03910967754192598,75.72310093470982,74.38102645874024,1.0180432368288712
2023-04-07,78.36397552490234,80.81559753417969,77.67695617675781,80.4488525390625,57915493,0.10810810810810811,0.055945945945945944,0.2664864864864865,37.0,-0.025893388232866243,-0.02623452366319346,0.022805693256344104,0.038298959838154796,76.31802913120815,74.60622863769531,1.022944471591316
2023-04-08,76.33924865722656,78.83641815185547,76.15896606445312,78.35830688476562,38961869,0.16666666666666666,0.03388888888888889,0.30666666666666664,18.0,-0.025837470012383013,-0.02617712069016457,0.0260583531561619,0.03777465061803137,76.66055406842914,74.8614715576172,1.024032155304712
2023-04-09,76.33765411376953,77.3909912109375,74.95454406738281,76.34741973876953,41062379,0.25,0.07083333333333335,0.3066666666666667,12.0,-2.0887596944962894e-05,-2.0887815093853705e-05,0.025165626010856805,0.03774765829995201,77.12903703962054,75.12784296671549,1.0266371826193872
2023-04-10,78.4019775390625,78.48689270019531,75.23738098144531,76.33697509765625,46450318,0.21052631578947367,0.08631578947368422,0.35157894736842105,38.0,0.02704200763382647,0.026682833356085834,0.026344999774235347,0.03781978444177387,77.79995727539062,75.49486516316732,1.0305330979430363
2023-04-11,79.12886047363281,80.29798889160156,78.18805694580078,78.40325927734375,57450615,0.22641509433962265,0.043018867924528296,0.39773584905660375,53.0,0.009271232147277875,0.009228518079567916,0.02355492076925816,0.035126340646780704,78.18970489501953,75.70012690226237,1.032887368814738
2023-04-12,78.91651916503906,79.51820373535156,75.84246826171875,79.1274642944336,50430886,0.2830188679245283,0.07169811320754718,0.35792452830188676,53.0,-0.0026834875078797227,-0.0026870945148326883,0.021964954502856147,0.034317803997327395,78.2764652797154,75.79254531860352,1.0327726157060753
2023-04-13,81.19037628173828,81.6126937866211,77.14957427978516,78.95083618164062,84267709,0.3617021276595745,0.10574468085106382,0.3731914893617021,47.0,0.028813449208826336,0.028406147130415272,0.022258613666146527,0.033886567055982905,78.38265882219586,75.85441436767579,1.0333302217886142
2023-04-14,82.65309143066406,83.75130462646484,80.4013442993164,81.1931381225586,84217603,0.3508771929824561,0.09228070175438596,0.3392982456140351,57.0,0.01801586857843862,0.01785550600137643,0.019190591378511156,0.03129889510571985,78.99538966587612,76.14244206746419,1.0374685592022928
2023-04-15,82.6897201538086,83.8484115600586,81.28710174560547,82.65072631835938,60016678,0.1111111111111111,-0.005,0.27555555555555555,18.0,0.0004431621674461095,0.0004430640000944151,0.013026246677309854,0.0312414748930323,79.90259987967355,76.39667638142903,1.0458910474159941
2023-04-16,83.36431121826172,83.59249877929688,81.30604553222656,82.67459106445312,59715173,0.23076923076923078,0.1546153846153846,0.3738461538461539,13.0,0.008158100707057026,0.008125003289679217,0.012170022029522845,0.028456201358703404,80.90640803745815,76.48698120117187,1.0577801184839881
2023-04-17,81.02398681640625,84.0395736694336,80.54334259033203,83.35977172851562,71136630,0.20408163265306123,0.053877551020408164,0.3461224489795919,49.0,-0.0280734569464397,-0.02847505036764458,0.017984074008441236,0.02814342972954663,81.2809807913644,76.594677734375,1.0611831421661069
2023-04-18,81.88467407226562,83.8494873046875,79.95735931396484,81.03303527832031,66572964,0.3333333333333333,0.06924242424242424,0.3245454545454546,66.0,0.010622622875983811,0.010566599213860736,0.018047237698466518,0.0279050630974107,81.67466844831195,76.67081120808919,1.065264175001905
2023-04-19,74.03285217285156,82.00030517578125,73.3123550415039,81.88275146484375,90000854,0.07547169811320754,0.04207547169811321,0.28962264150943395,53.0,-0.09588878490845065,-0.10080290061323287,0.04414496225432827,0.03258546330224362,80.9770017351423,76.59985529581705,1.0571430118558496
2023-04-20,72.40896606445312,74.96100616455078,71.8898696899414,74.02792358398438,57649972,0.4807692307692308,0.1346153846153846,0.36961538461538457,52.0,-0.021934669011630104,-0.022178810576775336,0.04100576585559539,0.031990771397711074,79.72251456124442,76.37881393432617,1.0437778548092316
2023-04-21,69.10818481445312,73.24234008789062,68.5514907836914,72.41194152832031,55231048,0.0,0.02485714285714286,0.31885714285714284,35.0,-0.045585255934491475,-0.04665695979983187,0.039248089598129844,0.03191307905410372,77.78752790178571,76.17190704345703,1.0212101931149886
2023-04-22,70.81204986572266,70.90235137939453,68.75159454345703,69.11024475097656,35813143,0.4666666666666667,0.062000000000000006,0.358,15.0,0.024655039860245198,0.02435600946808672,0.04277194858313735,0.03187770586990527,76.09071786063058,75.9568728129069,1.001762118986301
2023-04-23,70.27293395996094,70.92208862304688,68.72368621826172,70.80966186523438,36569988,0.07692307692307693,0.0038461538461538455,0.2907692307692308,13.0,-0.007613335679224287,-0.0076424650613333405,0.04130161727178235,0.030309279765981165,74.22052110944476,75.86310195922852,0.978348092717504
2023-04-24,69.86111450195312,71.34439086914062,68.33013916015625,70.27531433105469,38936533,0.16279069767441862,0.07046511627906978,0.29511627906976745,43.0,-0.005860285529595943,-0.005877524385579569,0.04181045454471243,0.030029815551465066,72.62582506452289,75.81255518595377,0.9579656679079812
2023-04-25,71.21302795410156,71.31832885742188,68.49813842773438,69.85343170166016,39353748,0.125,0.043333333333333335,0.268125,48.0,0.01935144410143419,0.019166585948518878,0.043007868593256185,0.029974583017201455,71.10130419049945,75.75549011230468,0.9385630544412612
2023-04-26,69.41936492919922,74.36737060546875,66.97846221923828,71.21671295166016,71160098,0.12244897959183673,0.06714285714285714,0.3140816326530612,49.0,-0.02518728772575718,-0.025509916411067673,0.025105178752045786,0.029225048690876852,70.44223458426339,75.74378840128581,0.930006751326787
2023-04-27,71.41261291503906,71.96735382080078,69.08665466308594,69.41291809082031,47385524,-0.020833333333333332,0.015833333333333335,0.3104166666666667,48.0,0.02871314060381791,0.028308643063556987,0.027854105915333667,0.029595177078101956,70.29989842006138,75.76825052897135,0.9278279217121551
2023-04-28,72.12617492675781,72.18804931640625,70.32386016845703,71.41748809814453,34763377,0.13333333333333333,0.028,0.268,45.0,0.009992100591077469,0.009942509625629361,0.019763220192605235,0.029123390300199285,70.73103986467633,75.74464314778646,0.933809137191022
2023-04-29,71.83302307128906,72.69895935058594,71.58705139160156,72.12754821777344,27380037,0.46153846153846156,0.09307692307692307,0.33615384615384614,13.0,-0.004064430919377582,-0.0040727131680962265,0.018251079947179193,0.028870170918208073,70.87689317975726,75.7618802388509,0.9355218344147086
2023-04-30,70.58737182617188,72.4895248413086,70.46240234375,71.83245849609375,32587125,0.21428571428571427,0.020714285714285716,0.45357142857142857,14.0,-0.017340927499055248,-0.017493042490680014,0.019462091335390116,0.028054563966616604,70.92181287493024,75.64147669474283,0.9376048164836975
2023-05-01,68.92102813720703,70.7531509399414,67.9568099975586,70.57916259765625,38773136,0.3409090909090909,0.07954545454545454,0.38181818181818183,44.0,-0.02360682436326389,-0.02388992979876097,0.021546261234154235,0.028346088820614866,70.78751482282367,75.47412516276042,0.9379044098910714
2023-05-02,69.18663024902344,69.56121826171875,68.13528442382812,68.92005920410156,33390458,0.04,0.00020000000000000296,0.3362,50.0,0.003853716623142267,0.0038463100796181228,0.019748637931538193,0.02830734202774813,70.49802943638393,75.3450703938802,0.9356687712658907
2023-05-03,71.70386505126953,71.7210922241211,67.67887878417969,69.18938446044922,41027604,0.06779661016949153,0.008813559322033896,0.30254237288135594,59.0,0.0363832548743277,0.0357370125648015,0.022119801756779897,0.02907229496511666,70.82438659667969,75.27834803263346,0.9408334328215736
2023-05-04,70.83146667480469,71.94001770019531,70.39035034179688,71.70610809326172,34253363,0.2978723404255319,0.08148936170212766,0.2976595744680851,47.0,-0.012166685517455256,-0.012241305505318732,0.020101472741571813,0.02828742493884727,70.74136570521763,75.09270935058593,0.942053713562882
2023-05-05,73.48530578613281,74.13458251953125,70.59783172607422,70.83514404296875,49425839,0.1,0.011200000000000002,0.3102,50.0,0.03746695128469102,0.036782118431930695,0.0246246385728871,0.0287710899446219,70.93552725655692,74.93191299438476,0.9466664391962432
2023-05-06,69.91590881347656,74.07328033447266,69.05742645263672,73.48068237304688,45599145,0.3684210526315789,0.07157894736842106,0.44947368421052625,19.0,-0.04857293488094627,-0.0497922477124706,0.031744206476379266,0.02950037262715203,70.66165379115513,74.58087590535482,0.9474500390800815
2023-05-07,68.83363342285156,70.24073028564453,68.75585174560547,69.919677734375,29573393,0.0,0.02153846153846154,0.23076923076923078,13.0,-0.015479672781087972,-0.015600733864801089,0.03161660458181804,0.02929559008727967,70.41111973353794,74.26319783528646,0.9481293801770789
2023-05-08,64.61923217773438,69.18136596679688,63.76173400878906,68.82002258300781,64791313,0.3137254901960784,0.07686274509803921,0.3007843137254902,51.0,-0.06122590128618843,-0.06318040516664526,0.038548086470873745,0.030978140940149303,69.79657745361328,73.87253061930339,0.9448245087650343
2023-05-09,64.48516845703125,64.83719635009766,63.90459060668945,64.61729431152344,35630152,0.24074074074074073,0.08425925925925926,0.3014814814814815,54.0,-0.002074672139934841,-0.0020768272534641983,0.03827786114091285,0.03096774641066338,69.12494005475726,73.47744776407878,0.9407640324784207
2023-05-10,64.75016021728516,65.77303314208984,62.40195846557617,64.476806640625,49445034,0.3484848484848485,0.06272727272727274,0.3715151515151515,66.0,0.004109344312723362,0.004100924017429254,0.033545457323728205,0.030425072539972328,68.13155364990234,73.0223871866862,0.9330228204635361
2023-05-11,62.36529541015625,64.77420043945312,61.223426818847656,64.75096130371094,39702228,0.3880597014925373,0.07985074626865671,0.35119402985074627,67.0,-0.036831797776652686,-0.03752721761438335,0.0345975051002409,0.030793411050367942,66.92210061209542,72.4636016845703,0.9235271095605114
2023-05-12,63.185306549072266,63.22269821166992,60.55194854736328,62.36183166503906,42948587,0.32142857142857145,0.10196428571428572,0.3267857142857143,56.0,0.013148516871812621,0.013062825449940491,0.029030439939318888,0.031019409886790084,65.4506721496582,71.93922793070475,0.909805040063863
2023-05-13,62.1947021484375,63.18527603149414,62.03668212890625,63.18391036987305,26427530,0.35,0.05500000000000001,0.2665,20.0,-0.01567776520741293,-0.01580196115520567,0.026231517755435894,0.030300983202654837,64.3476426260812,71.30603879292806,0.9024150508899538
2023-05-14,62.25667572021485,63.31892776489258,61.82705307006836,62.19726943969727,27982279,0.625,0.123125,0.358125,16.0,0.0009964445465056038,0.0009959484251827124,0.02708544657619882,0.029942166974181207,63.40807723999024,70.62615826924642,0.8977987588997994
2023-05-15,62.8201789855957,64.4295654296875,61.635066986083984,62.254676818847656,39141385,0.35185185185185186,0.08499999999999999,0.34203703703703703,54.0,0.009051290626458597,0.009010573207816083,0.017407138195344035,0.03008028108001552,63.15106964111328,69.96384023030599,0.9026244047386975
2023-05-16,62.84452438354492,63.19181060791016,62.10530090332031,62.82004928588867,30725765,0.3442622950819672,0.06491803278688525,0.4042622950819672,61.0,0.00038754104719762594,0.0003874659725617035,0.017478083742456667,0.02995988889182552,62.91669191632952,69.27984733581543,0.9081528660327118
2023-05-17,64.82263946533203,64.82535552978516,62.04824066162109,62.83678436279297,35478964,0.2222222222222222,0.07841269841269842,0.34031746031746035,63.0,0.031476331489351805,0.030991107545458495,0.02187553377986626,0.030615619947191572,62.92704609462193,68.73980242411295,0.9154382741220684
2023-05-18,65.12115478515625,67.00494384765625,64.7106704711914,64.81880950927734,57238351,0.14285714285714285,0.05946428571428571,0.3008928571428572,56.0,0.004605108991031948,0.004594537918160119,0.01424268573447809,0.030513771147486404,63.320740291050505,68.18101844787597,0.9287150842350481
2023-05-19,65.34812927246094,65.57035064697266,64.22797393798828,65.11797332763672,30533433,0.203125,0.044687500000000005,0.36421875,64.0,0.0034854186485713257,0.0034793586539898854,0.013927616170489885,0.024970659379679908,63.62971496582031,67.89152768452962,0.9372261478853061
2023-05-20,65.22281646728516,65.35907745361328,64.72848510742188,65.35678100585938,24604348,0.32142857142857145,0.09821428571428571,0.38321428571428573,28.0,-0.0019176188602630928,-0.0019194598452245176,0.011231081167256294,0.024739411066476702,64.0623027256557,67.65198936462403,0.9469389344987182
2023-05-21,63.9402961730957,65.43232727050781,63.5645637512207,65.2243423461914,26330107,0.1,0.059,0.3875,20.0,-0.019663675438375883,-0.019859577864975973,0.015118271120860923,0.02358362608893391,64.3028199332101,67.4797264099121,0.952920578583802
2023-05-22,64.35025787353516,64.70995330810547,63.16114044189453,63.93391418457031,27213542,0.078125,0.017343749999999998,0.3646875,64.0,0.006411632803977385,0.006391165724717798,0.015000108230960827,0.023098905185231167,64.52140263148716,67.26433334350585,0.9592216175248318
2023-05-23,65.4327621459961,66.1694564819336,64.16818237304688,64.34960174560547,29571458,0.10344827586206896,0.02017241379310345,0.36551724137931035,58.0,0.016822065804123598,0.016682141881206758,0.015696053757623916,0.023362627706275806,64.89115088326591,67.10299428304036,0.9670380819305187
2023-05-24,63.98150253295898,65.44944763183594,62.49222946166992,65.43958282470703,34245866,0.17543859649122806,0.07280701754385965,0.3740350877192983,57.0,-0.022179403183362645,-0.02242906461207528,0.014312797832636325,0.023641867805734858,64.77098846435545,66.90700721740723,0.9680748124615557
2023-05-25,63.49483489990234,64.1153793334961,62.55119323730469,63.9730224609375,34956239,0.2972972972972973,0.06986486486486486,0.3068918918918919,74.0,-0.007606380184740802,-0.007635456230644012,0.014138136836778682,0.02328171518721742,64.53865705217633,66.64973411560058,0.9683257991732916
2023-05-26,64.64385986328125,65.44485473632812,62.90370178222656,63.4957389831543,38651727,0.1320754716981132,0.05622641509433962,0.27584905660377357,53.0,0.01809635327330672,0.017934563230193438,0.016245340585499927,0.023237413015795697,64.43804713657924,66.49055061340331,0.9691308996859123
2023-05-27,65.65706634521484,65.65706634521484,64.4939193725586,64.64348602294922,31793195,0.2,0.051500000000000004,0.3445,20.0,0.015673669302490367,0.015552105931803182,0.017474422649646073,0.022768546875519848,64.50008283342633,66.29869906107585,0.9728710177858454
2023-05-28,69.09027099609375,69.3632583618164,65.4984359741211,65.658935546875,40014827,0.3076923076923077,0.05730769230769231,0.4076923076923077,26.0,0.05228994900301576,0.05096869326317038,0.023038323795791106,0.024709673550642856,65.23579352242606,66.19750226338705,0.9854721294901048
2023-05-29,67.3821792602539,69.33740997314453,66.99876403808594,69.08932495117188,36198593,0.37254901960784315,0.08274509803921568,0.3558823529411764,51.0,-0.024722608714856764,-0.025033344565646667,0.026847851162039263,0.025080433363388492,65.66892514910016,66.0491408030192,0.9942434428473041
2023-05-30,66.70425415039062,67.8414077758789,66.34637451171875,67.3893814086914,36094219,0.3275862068965517,0.06620689655172414,0.23344827586206898,58.0,-0.010060896179164724,-0.010111849037484131,0.02707610153455433,0.024960463994233958,65.85056686401367,65.91970354715983,0.9989511985123433
2023-05-31,63.8609504699707,66.9001693725586,63.37678146362305,66.70016479492188,38580750,0.16176470588235295,0.027941176470588237,0.3101470588235294,68.0,-0.04262552241434925,-0.04356066042621864,0.031213152397849046,0.025802580250512342,65.83334514072963,65.75103429158528,1.001251856340074
2023-06-01,62.711891174316406,64.20242309570312,62.566062927246094,63.85654830932617,35296832,0.24193548387096775,0.07370967741935484,0.32403225806451613,62.0,-0.017993144279846218,-0.018156989266955602,0.03187333590766386,0.025927159491923077,65.7214960370745,65.53520965576172,1.002842538877823
2023-06-02,63.72745513916016,64.43254852294922,62.34466171264648,62.71006774902344,42146681,0.11864406779661017,0.06610169491525425,0.314406779661017,59.0,0.016194121175852505,0.016064395055321302,0.031687915936976195,0.02514336579414548,65.59058107648578,65.26932932535807,1.0049219404343241
2023-06-03,63.53456497192383,64.28868103027344,63.11847686767578,63.72760009765625,30996746,0.17647058823529413,0.04235294117647059,0.35352941176470587,17.0,-0.0030267985253000784,-0.003031388544338335,0.030732507382969343,0.0250945774182124,65.28736659458706,65.02609926859537,1.0040178840331864
2023-06-04,62.80410003662109,64.60730743408203,62.768798828125,63.52976608276367,43491849,0.1,0.018000000000000002,0.3665,20.0,-0.011497126573944971,-0.011563729520804126,0.01851624879420098,0.023935886523180003,64.38934217180524,64.67005907694498,0.9956592446466496
2023-06-05,59.97867202758789,62.84909057617188,57.60540008544922,62.80280685424805,56316804,0.16363636363636364,0.04163636363636364,0.3441818181818182,55.0,-0.044987954725657864,-0.04603132572823388,0.022037956511600194,0.023703191563226842,63.33169828142439,64.3388178507487,0.9843466261431691
2023-06-06,61.85242462158203,62.68746566772461,59.61029052734375,59.975372314453125,44897388,0.1694915254237288,0.0676271186440678,0.34949152542372885,59.0,0.031240314776097122,0.030762266890381636,0.028515153453193044,0.024493858103162534,62.63857977730887,64.10611089070638,0.9771077812550588
2023-06-07,59.10087585449219,61.87734222412109,58.6865463256836,61.85725402832031,39228067,0.3220338983050847,0.09983050847457627,0.3635593220338983,59.0,-0.0444857058381144,-0.04550555553732244,0.028894647948737105,0.02318822039833688,61.9585691179548,63.92216567993164,0.9692814450028356
2023-06-08,59.83379364013672,60.34439468383789,58.49734115600586,59.10905838012695,34907085,0.19696969696969696,0.05954545454545455,0.328939393939394,66.0,0.012401132386751668,0.012324868205345538,0.02992636158683286,0.023355937515504275,61.5474123273577,63.767119852701825,0.9651904064277717
2023-06-09,59.99696731567383,60.59656524658203,59.33489227294922,59.83772659301758,29628736,0.21052631578947367,0.04543859649122807,0.37017543859649127,57.0,0.002727115658393675,0.002723403825353805,0.028630906471684692,0.023343872878504205,61.01448549543108,63.60868008931478,0.9592163429544346
2023-06-10,52.74972915649414,60.00859069824219,49.94919204711914,60.00672912597656,86361971,0.4,0.091,0.341,20.0,-0.12079340812425354,-0.12873537833695314,0.05332003074936659,0.032284708549474676,59.473794664655415,63.288161214192705,0.939730172652229
2023-06-11,52.17977523803711,53.3348388671875,51.810543060302734,52.75029754638672,37116674,0.1111111111111111,0.07055555555555555,0.39444444444444443,18.0,-0.01080486909735845,-0.010863665604732326,0.05335352524908048,0.032103265022842865,57.95603397914341,62.92131017049154,0.921087526977836
2023-06-12,53.71510314941406,53.8799934387207,51.21471786499024,52.17779159545898,39601215,0.32142857142857145,0.08785714285714286,0.33749999999999997,56.0,0.02942381227924029,0.028999240161744825,0.05622916669027747,0.032686553298086674,57.06123842511858,62.63865687052409,0.9109588435631021
2023-06-13,55.04844284057617,55.61726760864258,53.25690460205078,53.71711349487305,35998812,0.23333333333333334,0.05616666666666667,0.36133333333333334,60.0,0.024822435646326246,0.024519364067933605,0.05541193943984155,0.033111899322520476,56.08924102783203,62.3983824412028,0.8988893434967519
2023-06-14,52.083744049072266,55.90128707885742,51.71009063720703,55.04806900024414,38669298,0.14754098360655737,0.049999999999999996,0.37868852459016394,61.0,-0.05385617900382511,-0.05536069083439941,0.056383999576855186,0.03429736279611962,55.08679362705776,62.040501276652016,0.8879166430557005
2023-06-15,50.13833618164063,52.470008850097656,49.12092590332031,52.08281326293945,60150294,0.2222222222222222,0.04634920634920635,0.27809523809523806,63.0,-0.03735153651010015,-0.03806697693344955,0.05505996663410499,0.03475636015652905,53.701728275844026,61.61696166992188,0.8715413227208565
2023-06-16,50.66421890258789,51.06199264526367,49.25015258789063,50.1363639831543,35523488,0.1509433962264151,0.014150943396226415,0.3552830188679245,53.0,0.01048863526388466,0.010434011151965761,0.05578533257920148,0.03416839957283806,52.36847850254604,61.1450143178304,0.8564635904791169
2023-06-17,51.123138427734375,52.087215423583984,50.376197814941406,50.66609191894531,35990176,0.3333333333333333,0.10111111111111111,0.34777777777777774,18.0,0.009058059811972052,0.009017281650559298,0.031948155064530734,0.034235048171172074,52.1361083984375,60.678413772583006,0.8592200282927424
2023-06-18,50.94014739990234,51.89547729492188,50.85624694824219,51.12358093261719,28274453,0.42857142857142855,0.19214285714285714,0.3628571428571429,14.0,-0.0035794169423050137,-0.0035858383830504412,0.03182375721805051,0.034177132214024186,51.95901870727539,60.198147710164385,0.8631331807324393
2023-06-19,51.82290649414063,52.07406234741211,50.73004531860352,50.939979553222656,29878245,0.22641509433962265,0.053018867924528305,0.36264150943396223,53.0,0.017329339220561124,0.017180898685346495,0.030082098407285072,0.03447673746564025,51.68870489937918,59.7514840443929,0.8650614411681656
2023-06-20,53.07868194580078,53.117923736572266,50.35223007202149,51.82757568359375,35287085,0.45098039215686275,0.07745098039215687,0.3456862745098039,51.0,0.024232053673063136,0.023943115859135448,0.029988102132839704,0.03486783216046719,51.407310485839844,59.38943023681641,0.8655969636491254
2023-06-21,55.07840347290039,55.420654296875,52.907814025878906,53.080223083496094,45780699,0.3469387755102041,0.11428571428571428,0.3557142857142857,49.0,0.03767466436226785,0.0369823101457919,0.023950651131594294,0.03568663521420846,51.83511897495815,59.08036842346191,0.8773662107762594
2023-06-22,55.535621643066406,57.14884948730469,54.92647552490234,55.0717658996582,48274775,0.16981132075471697,0.05566037735849057,0.3315094339622642,53.0,0.008301224097589932,0.008266958437509552,0.013001774144646169,0.035541595922162446,52.60615975516183,58.75046374003092,0.8954169279061787
2023-06-23,57.05362319946289,57.574005126953125,55.4059944152832,55.540035247802734,39032023,0.1836734693877551,0.06448979591836734,0.32244897959183677,49.0,0.027333835680328766,0.026966937211195835,0.013605337428122807,0.03587133356633133,53.51893179757254,58.51953442891439,0.914548147381175
2023-06-24,57.11919403076172,58.27521514892578,56.279083251953125,57.06029510498047,37808585,0.10526315789473684,0.07,0.3778947368421052,19.0,0.0011492842631499744,0.0011486243415678094,0.014656142650947897,0.035874966552070245,54.375511169433594,58.3070130666097,0.9325724009788535
2023-06-25,68.89068603515625,76.12866973876953,56.99839019775391,57.11765670776367,684269861,0.5,0.11499999999999999,0.30722222222222223,18.0,0.20608645139591708,0.18738078014368076,0.06471306666054782,0.049948798743243296,56.93987383161272,58.448573939005534,0.9741875634302519
2023-06-26,63.37263488769531,68.8908462524414,63.29863739013672,68.88750457763672,163783739,0.28,0.0542,0.301,50.0,-0.08009865288095652,-0.08348884608109189,0.08066053343904422,0.05225047733376595,58.589835030691965,58.372426223754886,1.0037245120856155
2023-06-27,64.92048645019531,66.32280731201172,63.02266311645508,63.37864303588867,114966956,0.38,0.0728,0.4,50.0,0.02442460480368225,0.024131093801060842,0.08065870043093187,0.0515519130214697,60.281521388462615,58.233433405558266,1.0351703113337098
2023-06-28,59.47410583496094,65.12117767333984,58.35394287109375,64.93012237548828,86811050,0.31746031746031744,0.06380952380952382,0.3126984126984127,63.0,-0.08389309620180752,-0.0876222139144957,0.09155739896897003,0.05373339384572135,60.90947886875698,57.969830958048504,1.0507099617529647
2023-06-29,63.10277557373047,66.32734680175781,59.16095733642578,59.46371841430664,157208078,0.2549019607843137,0.07549019607843137,0.3843137254901961,51.0,0.06101259847166074,0.0592237337099453,0.09331560732382752,0.05494607369579734,61.99050085885184,57.84978167215983,1.0715770927219372
2023-06-30,70.4219741821289,71.30720520019531,61.731895446777344,63.09558868408203,225783282,0.14516129032258066,0.05274193548387097,0.4170967741935484,62.0,0.11598853682508059,0.10974059224425115,0.09963500911050041,0.057978118743345235,63.90026528494699,58.06848246256511,1.1004293994791658
2023-07-01,68.14192962646484,70.49369049072266,66.88352966308594,70.4261703491211,75510443,0.3333333333333333,0.1391666666666667,0.3829166666666666,24.0,-0.03237689062461235,-0.03291261734069517,0.10208466038551374,0.05822812327274837,65.47494179861886,58.24948374430338,1.1240432977231682
2023-07-02,70.69767761230469,72.84980773925781,67.545654296875,68.1420669555664,124203709,0.2,0.042,0.4653333333333334,15.0,0.03750624615196174,0.03681999349202686,0.0743011677178327,0.058514159172142456,65.73308345249721,58.481824493408205,1.123991667871209
2023-07-03,72.89274597167969,74.31014251708984,69.16619873046875,70.69175720214844,122145341,0.20967741935483872,0.05806451612903226,0.3606451612903226,62.0,0.031048662891197454,0.030576403621434555,0.06375212329863579,0.058706991834160505,67.09309932163784,58.79376386006673,1.1411601319031743
2023-07-04,77.06547546386719,80.07709503173828,71.85905456542969,72.8875961303711,229675696,0.14285714285714285,0.04732142857142857,0.41250000000000003,56.0,0.05724478391592891,0.055666263724740164,0.06519117608783452,0.05934914726991865,68.82809775216239,59.26914304097493,1.1612804609740857
2023-07-05,74.71778869628906,80.27525329589844,72.23274993896484,77.07212829589844,169884130,0.2972972972972973,0.07945945945945945,0.32675675675675675,74.0,-0.030463534461405595,-0.030937192280010822,0.05089585401793711,0.05894826206809674,71.00576673235211,59.76044692993164,1.188173288188515
2023-07-06,70.76668548583984,77.6784896850586,70.76668548583984,74.70399475097656,113044548,0.4126984126984127,0.08142857142857143,0.3325396825396825,63.0,-0.0528803552593019,-0.054329852973114455,0.05851994508861081,0.05982231506868421,72.1006110055106,60.05758895874023,1.2005245674288385
2023-07-07,74.78521728515625,74.78521728515625,69.91219329833984,70.73530578613281,79361227,0.5588235294117647,0.17558823529411763,0.38382352941176473,68.0,0.05678564386232976,0.05523188959768379,0.046396388130777316,0.05974656557332792,72.72393144880023,60.58040033976237,1.200453134032318
2023-07-08,73.57691955566406,76.95149230957031,72.94670104980469,74.7803726196289,83534198,0.6111111111111112,0.1388888888888889,0.29888888888888887,18.0,-0.01615690604849007,-0.01628885201091282,0.04429603497610908,0.059900791443168816,73.50035858154297,61.03850453694661,1.2041638165799622
2023-07-09,71.97830200195312,74.16719818115234,71.79113006591797,73.5791015625,72940708,0.1875,0.06625,0.35,16.0,-0.02172716068252245,-0.021966671046876555,0.04414913363250953,0.06012921907963429,73.68330492292132,61.43788235982259,1.1993138775744434
2023-07-10,69.3715591430664,72.00408935546875,69.15821075439453,71.9789047241211,78410271,0.2537313432835821,0.055820895522388066,0.36716417910447763,67.0,-0.036215675924335944,-0.03688773961489564,0.04437810340369655,0.05516183831985854,73.18027823311942,61.991943359375,1.1804804667742752
2023-07-11,73.38097381591797,74.26908111572266,69.14344787597656,69.37449645996094,94132204,0.06153846153846154,0.024,0.3576923076923077,65.0,0.057796231227596584,0.056187716803157886,0.04450123738961906,0.055679737215637945,72.65392085484096,62.6986499786377,1.1587796687742904
2023-07-12,75.68138122558594,76.88540649414062,73.275634765625,73.37994384765625,105359527,0.18666666666666668,0.06546666666666667,0.36933333333333335,75.0,0.031348826406129904,0.030867485741743084,0.04508744385922719,0.05570118016429984,72.7915769304548,63.43085924784342,1.1475735595199212
2023-07-13,79.11297607421875,79.11297607421875,74.77883911132812,75.66793060302734,112004380,0.04054054054054054,0.05675675675675676,0.3827027027027027,74.0,0.04534265618652156,0.04434473232606128,0.03970678664767684,0.055978767932430236,73.98390415736607,64.2330103556315,1.1518050259165484
2023-07-14,81.32061004638672,87.36946868896484,78.63334655761719,79.10603332519531,206483471,0.23376623376623376,0.09480519480519481,0.3648051948051948,77.0,0.027904827775621976,0.027522582762378525,0.03637688513536719,0.054562471297288605,74.91753169468471,65.20757255554199,1.1489084589197376
2023-07-15,78.92781829833984,82.1900863647461,78.53630065917969,81.31703186035156,100387932,0.2608695652173913,0.08652173913043479,0.3721739130434783,23.0,-0.02942417360964189,-0.029865748162555272,0.03843817308481205,0.05430814352716827,75.68194580078125,66.16722195943197,1.1437981459639168
2023-07-16,76.7879638671875,79.3914794921875,76.60546112060547,78.92813873291016,76153987,0.14285714285714285,0.06071428571428572,0.2414285714285714,14.0,-0.0271115365569069,-0.027485834977224545,0.03925184957709076,0.05485957027161427,76.36904035295758,67.03801345825195,1.1391900865397293
2023-07-17,75.1045913696289,79.2352066040039,73.82957458496094,76.80372619628906,82744423,0.14754098360655737,0.048032786885245905,0.3772131147540984,61.0,-0.021922348409578296,-0.022166213744987787,0.03667845452524679,0.05524855489472851,77.18804495675224,67.83739522298177,1.1378391623533723
2023-07-18,72.01964569091797,75.55646514892578,71.07221221923828,75.10897827148438,74416889,0.23636363636363636,0.06345454545454544,0.38636363636363635,55.0,-0.04107532738615549,-0.04194275503166281,0.03541333529135037,0.056078934987263504,76.99356951032367,68.54004516601563,1.1233370115796126
2023-07-19,71.79879760742188,73.47044372558594,71.4244155883789,72.02015686035156,58213137,0.1774193548387097,0.06999999999999999,0.3141935483870968,62.0,-0.0030664977781742486,-0.0030712091164902993,0.03223644260042017,0.05613059767561897,76.4389147077288,69.205908203125,1.10451429209446
2023-07-20,72.43560791015625,73.24803924560547,71.4244155883789,71.79632568359375,78207290,0.3333333333333333,0.0780701754385965,0.35333333333333333,57.0,0.008869372802261966,0.008830270951155152,0.02460379311391183,0.056076995011596645,75.48500497000558,69.85113906860352,1.0806553189614965
2023-07-21,74.34434509277344,75.16764831542969,71.94781494140625,72.44107055664062,74249147,0.3939393939393939,0.11151515151515151,0.35393939393939394,66.0,0.026350813331816658,0.02600961163147646,0.024195875621648922,0.055932992862515546,74.48839569091797,70.49333712259929,1.0566728535119656
2023-07-22,71.69112396240234,74.84308624267578,71.25140380859375,74.34114074707031,46733626,0.0,-0.007499999999999998,0.28125,16.0,-0.03568827093789273,-0.03634066624815252,0.02506460450252162,0.05656990427417422,73.45458221435547,71.03185386657715,1.0341076322227074
2023-07-23,72.3389892578125,73.2813949584961,71.51667022705078,71.69474792480469,40201364,0.17647058823529413,0.018823529411764708,0.30470588235294116,17.0,0.009036896893260149,0.008996308486098066,0.0255183765670302,0.056462783554892926,72.81901441301618,71.54136606852214,1.0178588754269846
2023-07-24,70.2786865234375,72.60769653320312,69.14564514160156,72.33454132080078,60297534,0.1875,0.059687500000000004,0.38296875,64.0,-0.02848122092267813,-0.028894680369660704,0.0262344569800097,0.05685197265530986,72.12959943498883,71.98001581827799,1.0020781270330432
2023-07-25,70.1322021484375,71.34140014648438,69.85397338867188,70.2825698852539,45395115,0.25806451612903225,0.07500000000000001,0.35,62.0,-0.0020843356961594006,-0.0020865109469674144,0.02199995097999453,0.045503791021740916,71.85996464320591,72.0213996887207,0.9977585128001882
2023-07-26,72.00818634033203,72.71322631835938,69.32890319824219,70.13078308105469,67331125,0.33962264150943394,0.0769811320754717,0.3475471698113208,53.0,0.026749255469319833,0.026397748720905286,0.024802341726620433,0.042847106020584336,71.88987731933594,72.30925140380859,0.9942002706938471
2023-07-27,72.36713409423828,74.98599243164062,71.78273010253906,72.00692749023438,70569450,0.3728813559322034,0.12576271186440677,0.4213559322033898,59.0,0.004984818701164739,0.004972435626960447,0.024626449343920158,0.042683157282991,71.88009534563336,72.55747299194336,0.9906642607800686
2023-07-28,72.86422729492188,73.75389862060547,72.3674545288086,72.3674545288086,52114127,0.1320754716981132,0.03773584905660377,0.2884905660377358,53.0,0.006869046382799393,0.006845561966057758,0.022179155453073748,0.03904973194483356,71.66864994594029,73.00381037394206,0.9817110857479524
2023-07-29,74.43269348144531,74.78564453125,72.21094512939453,72.86341857910156,51070103,0.3125,0.038125,0.238125,16.0,0.02152587414637619,0.021297464515570377,0.017986120245605485,0.03788965942097481,72.060302734375,73.38147430419922,0.9819958431967807
2023-07-30,70.9088363647461,74.9201889038086,70.2087173461914,74.43159484863281,79120939,0.2,0.042499999999999996,0.281,20.0,-0.04734286711762825,-0.04850021668177738,0.026946167926773765,0.03365637198056987,71.85599517822266,73.39770304361979,0.9789951483293571
2023-07-31,65.32415771484375,72.06620788574219,64.34778594970703,70.90747833251953,138200104,0.1935483870967742,0.05370967741935484,0.305,62.0,-0.07875857137431308,-0.08203313959168448,0.03988432987495967,0.03640676315585839,71.14820534842355,73.30377731323242,0.9705939851421578
2023-08-01,65.45803833007812,65.45803833007812,61.71183013916016,65.32902526855469,159109066,0.2807017543859649,0.0431578947368421,0.3977192982456141,57.0,0.002049480925858882,0.002047383604950067,0.0400589207165525,0.035694294293424134,70.48046766008649,73.12912267049154,0.9637811187433565
2023-08-02,64.62614440917969,66.8282699584961,62.695987701416016,65.45964050292969,130905415,0.2459016393442623,0.07868852459016393,0.3424590163934426,61.0,-0.012708812273040326,-0.01279026003308933,0.03675007492595315,0.035180204390905495,69.42589024135044,72.85356928507487,0.9529511171880685
2023-08-03,63.02620315551758,64.83626556396484,63.02620315551758,64.6137924194336,87465520,0.015151515151515152,-0.00030303030303030205,0.4125757575757576,66.0,-0.02475687306258134,-0.02506847810811186,0.035706751192695355,0.03350569304089856,68.09147153581891,72.38559354146322,0.940677118255795
2023-08-04,64.11710357666016,66.5130615234375,62.85041046142578,63.015926361083984,90207052,0.16666666666666666,0.053703703703703705,0.32944444444444443,54.0,0.017308680620515382,0.017160591780781657,0.03716978607907762,0.03345682847408712,66.8418824332101,72.03223737080891,0.9279439994223725
2023-08-05,64.36886596679688,65.37973022460938,63.28736114501953,64.11811828613281,73059994,0.0625,0.029375,0.229375,16.0,0.003926602670622836,0.003918913687505089,0.03457646929995285,0.032166653441638125,65.40419278826032,71.81897672017415,0.9106812123360162
2023-08-06,65.79864501953125,66.00888061523438,64.18840789794922,64.3761215209961,66285633,0.35294117647058826,0.07588235294117647,0.4235294117647059,17.0,0.022212276560408695,0.021969177219669716,0.03539993819242504,0.03062069913208751,64.67416545322963,71.51942431131998,0.9042881157950415
2023-08-07,64.84290313720703,66.9085693359375,63.41374206542969,65.80103302001953,83372176,0.3888888888888889,0.10462962962962964,0.3788888888888889,54.0,-0.014525251728823907,-0.014631775983827219,0.017296326268055596,0.03059975353983265,64.60541479928153,71.22829043070475,0.9070190286559474
2023-08-08,66.29135131835938,66.88096618652344,64.65121459960938,64.84407043457031,75167404,0.32727272727272727,0.08018181818181819,0.3287272727272727,55.0,0.022337805851897707,0.022091971268811947,0.019424173467110034,0.030775034202754268,64.72445951189313,71.03872540791829,0.9111151578274046
2023-08-09,67.33766174316406,67.82833099365234,65.93565368652344,66.28773498535156,78864391,0.273972602739726,0.07260273972602739,0.31616438356164384,73.0,0.015783513293911478,0.015660248985438965,0.018828087461245382,0.03025569537002913,65.11181913103376,70.97092882792155,0.9174435252060179
2023-08-10,67.01690673828125,69.04676818847656,66.84513092041016,67.33368682861328,76376865,0.25,0.04783333333333333,0.3401666666666667,60.0,-0.004763381985347537,-0.004774763045256763,0.014284067581962587,0.02826459067475193,65.68191964285714,70.758793258667,0.9282509864568951
2023-08-11,65.91248321533203,67.03333282470703,65.3921127319336,67.01771545410156,69377508,0.19642857142857142,0.07214285714285715,0.4023214285714286,56.0,-0.016479774682264692,-0.016617076730272882,0.016509397033878215,0.027623519288614024,65.9384024483817,70.43316332499187,0.9361840266087369
2023-08-12,66.11673736572266,66.53691101074219,65.81494140625,65.91416931152344,57877396,-0.2,-0.076,0.32,20.0,0.0030988689915283363,0.0030940773934859723,0.01651255954979057,0.026086748696335618,66.18809836251395,69.999955368042,0.9455448652004668
2023-08-13,65.6756362915039,66.28404235839844,65.34770965576172,66.1205825805664,58738573,0.47368421052631576,0.11473684210526316,0.3889473684210526,19.0,-0.006671549320088399,-0.006693903585785124,0.014720702612919334,0.0253077409871152,66.17052568708148,69.47845624287923,0.9523891183731248
2023-08-14,65.4951400756836,66.48953247070312,65.40460205078125,65.67658996582031,64372170,0.2631578947368421,0.06614035087719299,0.373859649122807,57.0,-0.0027482979383582906,-0.0027520814428589903,0.0134155995875515,0.024949123863981758,66.26370239257812,69.03070030212402,0.9599164154870851
2023-08-15,63.530799865722656,65.64242553710938,62.91229248046875,65.4965591430664,65872310,0.26785714285714285,0.07821428571428571,0.3260714285714286,56.0,-0.029992152206881673,-0.030451117009067122,0.014577030580389694,0.02504198626434084,65.8693378993443,68.58879483540854,0.96035129436827
2023-08-16,60.30945587158203,63.58333206176758,59.37041473388672,63.53226089477539,83210319,0.2222222222222222,0.06430555555555556,0.3501388888888889,72.0,-0.05070523275244743,-0.052035920331684915,0.019408144652212987,0.026258126674204112,64.8653084891183,68.0956236521403,0.9525620738929752
2023-08-17,55.54660034179688,60.46778869628906,52.09787368774414,60.31220245361328,98015093,0.08695652173913043,0.03130434782608696,0.3698550724637681,69.0,-0.07897361136745751,-0.08226659098469757,0.030839985375164636,0.028982634668292012,63.22669328962054,67.54652214050293,0.9360466132971769
2023-08-18,55.8234977722168,56.69539260864258,55.089942932128906,55.5594596862793,79914195,0.4074074074074074,0.07777777777777778,0.3764814814814815,54.0,0.004984957292004655,0.004972573530367325,0.03303180651977875,0.029073160555765126,61.78540965488979,67.01401214599609,0.9219774742077027
2023-08-19,56.51807022094727,57.05124282836914,55.617000579833984,55.825775146484375,58359700,-0.14285714285714285,-0.030476190476190476,0.3242857142857143,21.0,0.012442295385441948,0.012365526162530149,0.03444255651032306,0.0291524189622979,60.414171491350444,66.48342755635579,0.9087102412122082
2023-08-20,57.10759353637695,57.35127639770508,56.31794738769531,56.51643753051758,56148860,0.29411764705882354,0.06823529411764706,0.29470588235294115,17.0,0.010430704960821213,0.010376680508504382,0.036295174776908405,0.028653978403814274,59.19016538347517,65.90886917114258,0.8980607030258513
2023-08-21,55.63636016845703,57.49607467651367,55.58543014526367,57.10358047485352,66074422,0.12962962962962962,0.004259259259259259,0.29814814814814816,54.0,-0.02576248230426237,-0.026100147064294636,0.03551356086305739,0.028374113012416276,57.78176825387137,65.37371037801107,0.8838685752997537
2023-08-22,54.87173843383789,55.66010284423828,53.35679626464844,55.63818740844727,68718322,0.171875,0.02734375,0.3175,64.0,-0.013743201969072083,-0.013838514038783835,0.03551154472168338,0.028195655176302795,56.54475947788784,64.79146868387858,0.8727192117495141
2023-08-23,57.097259521484375,57.56113815307617,54.86513900756836,54.87431335449219,65925789,0.26153846153846155,0.07061538461538461,0.3067692307692308,65.0,0.040558603593905174,0.03975768779688196,0.03889846216185975,0.0293071685435324,56.08587428501674,64.35208778381347,0.8715470813228854
2023-08-24,57.3580207824707,58.83892059326172,56.39073944091797,57.09992980957031,73937929,0.28169014084507044,0.08394366197183098,0.34774647887323945,71.0,0.004566966316276622,0.004556569368598157,0.020866053994139457,0.029370006707628633,56.34464863368443,63.92628173828125,0.8814003740177386
2023-08-25,56.88608932495117,58.138702392578125,55.83208465576172,57.36195373535156,68297791,0.3090909090909091,0.07581818181818181,0.41654545454545455,55.0,-0.008227819772745004,-0.008261855101454803,0.02141730531552672,0.028697048216799664,56.4964474269322,63.42221183776856,0.8907990716477662
2023-08-26,56.64154052734375,57.27389144897461,56.32212066650391,56.88441848754883,51956085,0.3,0.055499999999999994,0.3315,20.0,-0.004298920887503499,-0.004308187815966521,0.021087010753264412,0.028603842051990142,56.514086042131694,62.89802538553874,0.8985033424455513
2023-08-27,58.23160552978516,58.23160552978516,56.63901901245117,56.641334533691406,56453724,0.3888888888888889,0.09444444444444444,0.36666666666666664,18.0,0.028072418010484768,0.027685610087294175,0.023356646957267475,0.029227271618124384,56.67465918404715,62.410271326700844,0.9080982661871582
2023-08-28,58.26228713989258,58.40675735473633,56.44964599609375,58.240909576416016,56331503,0.2641509433962264,0.05132075471698114,0.3350943396226415,53.0,0.0005268893039831468,0.0005267505465515525,0.019759767103511672,0.0287646051205495,57.049791608537944,61.87125778198242,0.9220726012968086
2023-08-29,59.52285385131836,60.5062255859375,56.72353744506836,58.26277542114258,73819166,0.25,0.07906250000000001,0.369375,64.0,0.02163606636998394,0.021405328920764556,0.018108623455307966,0.028210544105307392,57.71423666817801,61.491725031534834,0.938569159323151
2023-08-30,57.763816833496094,59.60224914550781,57.521602630615234,59.5234260559082,61029813,0.07272727272727272,0.02618181818181818,0.3352727272727273,55.0,-0.02955229637033452,-0.029997763832532633,0.019205733615046065,0.024751581505654412,57.80945914132254,61.23971366882324,0.9439864375256375
2023-08-31,55.51651382446289,57.8629264831543,55.0600814819336,57.76534652709961,62935637,0.10344827586206896,0.04689655172413793,0.32982758620689656,58.0,-0.03890502969204823,-0.03968205043269147,0.024610924567072343,0.02555375117917571,57.54638671875,60.908329518636066,0.9448032341970992
2023-09-01,54.53407669067383,55.785526275634766,53.66992568969727,55.518211364746094,61415467,0.2222222222222222,0.07796296296296296,0.3261111111111111,54.0,-0.01769630450671711,-0.017854756226253047,0.025106885776297615,0.025620277861457263,57.21038491385324,60.57192726135254,0.9445032955118781
2023-09-02,55.1143684387207,55.24407958984375,54.09198760986328,54.5342025756836,62944432,0.0,0.014545454545454544,0.41181818181818186,11.0,0.010640901675815995,0.01058468572223597,0.02589593327381881,0.025515629892964558,56.99221747262137,60.30819943745931,0.9450160675369412
2023-09-03,54.77138900756836,55.16157150268555,54.210716247558594,55.11661529541016,58204698,0.4166666666666667,0.1075,0.5691666666666667,12.0,-0.006223049285844384,-0.006242493165839285,0.021858161740965845,0.025187102291719544,56.4979008265904,59.99667561848958,0.9416838557164834
2023-09-04,54.64795684814453,55.46115493774414,54.243011474609375,54.77091979980469,49730056,0.3448275862068966,0.07965517241379311,0.3603448275862069,58.0,-0.002253588263149031,-0.0022561314147083447,0.021685913633929996,0.02513475337053696,55.981567927769255,59.672645314534506,0.9381445657837091
2023-09-05,55.44741821289063,55.73086929321289,54.24532699584961,54.64981460571289,46730359,0.18032786885245902,0.04967213114754099,0.3365573770491804,61.0,0.01462930017617392,0.014523324282828647,0.020173078879805528,0.024890162181830842,55.39936283656529,59.32760442097982,0.9337872880128395
2023-09-06,55.118900299072266,55.64247894287109,54.37214660644531,55.4495964050293,54140432,0.36231884057971014,0.07869565217391304,0.33449275362318837,69.0,-0.0059248550141147716,-0.00594247660564213,0.018174914415632216,0.024833199039943746,55.02151761736189,59.003470993041994,0.9325132350917172
2023-09-07,56.2093505859375,56.34532928466797,54.87763214111328,55.116966247558594,50870036,0.2857142857142857,0.06952380952380952,0.3196825396825397,63.0,0.01978360019790859,0.01959044811905301,0.013434640836035228,0.024741680390103965,55.12049429757254,58.66740430196126,0.9395420669008506
2023-09-08,56.45820617675781,57.15789031982422,55.87001800537109,56.207298278808594,52327211,0.36666666666666664,0.07933333333333333,0.3145,60.0,0.004427298807514912,0.004417527150896141,0.010278380715952714,0.024494036833928447,55.39536993844168,58.304755783081056,0.9501003682193002
2023-09-09,56.205902099609375,56.55066680908203,56.06028366088867,56.45651626586914,34465384,0.0,0.030909090909090907,0.28909090909090907,11.0,-0.004468864567863329,-0.004478879792051603,0.010477881400246242,0.024494554267093363,55.551303318568635,57.944388961791994,0.958700304100172
2023-09-10,54.04953002929688,56.20476531982422,53.7954216003418,56.20476531982422,46951910,-0.1875,-0.009375000000000003,0.2475,16.0,-0.038365580655407405,-0.03912092201420635,0.019061269802432168,0.025170467898772537,55.448180607386995,57.54895718892416,0.9634958358213052
2023-09-11,52.112640380859375,54.1299934387207,51.5671272277832,54.04515075683594,57620602,0.3275862068965517,0.07948275862068967,0.2925862068965517,58.0,-0.03583545772530561,-0.03649331193001683,0.023128010563606912,0.025676562838783865,55.08599254063198,57.08215395609538,0.965030026424743
2023-09-12,53.050880432128906,54.10040283203125,52.077545166015625,52.11378479003906,62494386,0.3611111111111111,0.07333333333333333,0.3609722222222222,72.0,0.01800407817398053,0.017843924185120624,0.023665734989123943,0.026104679651036647,54.74363000052316,56.66132876078289,0.9661550690356026
2023-09-13,53.668983459472656,54.46556091308594,52.88373565673828,53.0548095703125,60300358,0.26153846153846155,0.06861538461538462,0.3283076923076923,65.0,0.011651136084999125,0.011583784244461472,0.024619239329514653,0.02631766090071635,54.5364990234375,56.26712354024252,0.9692427050128611
2023-09-14,54.31548690795898,54.87970352172852,53.490081787109375,53.666748046875,55829302,0.23529411764705882,0.06323529411764706,0.4261764705882353,68.0,0.012046128076461882,0.011974150929710086,0.023558227925693863,0.026133154920517872,54.26594706944057,55.95994644165039,0.9697283596585254
2023-09-15,55.84634780883789,55.975379943847656,54.08188629150391,54.31951141357422,54380922,0.3055555555555556,0.056805555555555554,0.34791666666666665,72.0,0.02818461157262675,0.02779473415168807,0.026563834819768754,0.0252516556490552,54.17853873116629,55.81117617289225,0.9707471235390495
2023-09-16,59.15708160400391,61.23421859741211,55.84258270263672,55.84258270263672,106678461,0.19047619047619047,0.0638095238095238,0.37666666666666665,21.0,0.0592829061355753,0.05759217554644614,0.03457712456123654,0.022822897959903766,54.600135803222656,55.93152554829916,0.9761960766843951
2023-09-17,59.426368713378906,61.528846740722656,57.918304443359375,59.154632568359375,72448956,0.3157894736842105,0.0736842105263158,0.3826315789473684,19.0,0.004552068866033654,0.004541739535240982,0.028145143363232365,0.022821163005171417,55.368255615234375,56.051621246337895,0.9878082807257218
2023-09-18,60.57921600341797,62.36466217041016,58.44927978515625,59.4183235168457,81778709,0.2542372881355932,0.04474576271186441,0.34254237288135597,59.0,0.01939959171322414,0.01921381840697319,0.017500084681079404,0.022961366329981903,56.57776641845703,56.186992772420254,1.0069548773969728
2023-09-19,61.86284255981445,63.87618255615234,60.56104278564453,60.57706451416016,91988967,0.453125,0.11703125,0.35796875,64.0,0.021189223649313416,0.02096785369468404,0.017430817415432096,0.02317009552262444,57.83661815098354,56.345501073201504,1.0264638178626693
2023-09-20,65.50263977050781,65.67591857910156,61.40531539916992,61.864593505859375,97917870,0.30434782608695654,0.07898550724637682,0.32217391304347825,69.0,0.058836565862198764,0.05717072596734178,0.02105121680110054,0.02455175478845846,59.52714048113142,56.674377059936525,1.0503360348924158
2023-09-21,62.51125717163086,65.80860137939453,62.39680099487305,65.49848937988281,86380365,0.32857142857142857,0.08428571428571428,0.3452857142857143,70.0,-0.04566812283226185,-0.046743788399186664,0.03547486693700346,0.026127263704625918,60.69796480451311,56.92902768452962,1.0662041365060533
2023-09-22,64.38082885742188,64.42894744873047,62.17612075805664,62.5108642578125,72590965,0.2641509433962264,0.09188679245283018,0.35547169811320756,53.0,0.029907760144031625,0.029469244973190235,0.03554116911856346,0.02571060626377985,61.91717638288225,57.171813329060875,1.0830017936724996
2023-09-23,62.9316291809082,64.73038482666016,62.47332382202149,64.37784576416016,51736257,0.17391304347826086,0.017826086956521738,0.3452173913043478,23.0,-0.02250980147713033,-0.022767014259466128,0.0344556758340638,0.026170139072534362,62.45639746529715,57.35760027567546,1.0888948834176386
2023-09-24,61.76771545410156,63.120750427246094,61.6933479309082,62.93657302856445,46962780,-0.043478260869565216,0.009565217391304347,0.2839130434782609,23.0,-0.018494892662968665,-0.018668061675460215,0.03601907308204416,0.026393816738989953,62.790875571114675,57.520321146647134,1.0916294332055336
2023-09-25,62.27668380737305,62.86827087402344,61.44026947021485,61.76443862915039,62119441,0.26229508196721313,0.046557377049180323,0.35950819672131146,61.0,0.008240038497938196,0.008206274730406271,0.03555895684507723,0.026377398675424813,63.03337097167969,57.70815925598144,1.0922783153085287
2023-09-26,61.08453369140625,62.27057647705078,60.60524368286133,62.27057647705078,58292559,0.42424242424242425,0.10787878787878788,0.3243939393939394,66.0,-0.019142800211620403,-0.01932839597748185,0.035606116462672664,0.026266493777957492,62.922183990478516,57.803256861368816,1.0885577631271983
2023-09-27,60.62260055541992,62.62519836425781,60.08970260620117,61.08343505859375,68192749,0.453125,0.1034375,0.36640625,64.0,-0.007562194684500256,-0.007590933053825675,0.024366915330790447,0.026319630299060096,62.22503553118025,57.881933975219724,1.0750338017008878
2023-09-28,65.7406234741211,66.69224548339844,60.561790466308594,60.62702178955078,115855475,0.25862068965517243,0.04793103448275862,0.33586206896551724,58.0,0.08442433798303295,0.08104928212256471,0.03750634225822824,0.029898261288511953,62.68637357439314,58.089192962646486,1.0791400323757778
2023-09-29,66.10494995117188,67.46790313720703,65.09803771972656,65.74125671386719,91945335,0.12962962962962962,0.05148148148148149,0.33148148148148143,54.0,0.00554187742369372,0.00552657772102714,0.03620575408904183,0.029229520163434445,62.93267658778599,58.36723073323568,1.0782193329578447
2023-09-30,67.55301666259766,68.50797271728516,66.03592681884766,66.09832000732422,73305912,0.0,0.04105263157894737,0.23421052631578948,19.0,0.021905571556977144,0.021669091775950684,0.034637994661602764,0.02815861834058552,63.59287479945591,58.76844749450684,1.0820921346509966
2023-10-01,72.13108825683594,72.16075897216797,67.41156768798828,67.55268859863281,86009649,0.2631578947368421,0.09894736842105263,0.3642105263157895,19.0,0.06777005410585968,0.06557241221219691,0.037484681855113576,0.029741336156275732,65.07335662841797,59.35501454671224,1.0963413474897796
2023-10-02,69.21099090576172,72.14876556396484,68.51641082763672,72.1286392211914,99677732,0.22058823529411764,0.06720588235294118,0.3538235294117647,68.0,-0.04048320109460535,-0.041325455709120405,0.04456380858362567,0.031142393395875084,66.06397192818778,59.82490196228027,1.1042888456355726
2023-10-03,65.15176391601562,70.12335205078125,64.7777099609375,69.20454406738281,60546599,0.13846153846153847,0.04692307692307692,0.27476923076923077,65.0,-0.05865003428824145,-0.060440300235957645,0.05195136905410318,0.03345849701956616,66.64500481741769,60.17091445922851,1.1075950135771326
2023-10-04,66.6104507446289,66.67927551269531,63.52581024169922,65.14603424072266,57185100,0.3114754098360656,0.07114754098360655,0.29327868852459016,61.0,0.02238906118479944,0.022142105429749297,0.05156294265177457,0.03355269144460278,67.50041198730469,60.569664255777994,1.1144260549680287
2023-10-05,66.83277893066406,72.13004302978516,66.29815673828125,66.61474609375,121768895,0.1746031746031746,0.05174603174603175,0.313968253968254,63.0,0.003337737300225019,0.003332179418814007,0.04207780611895789,0.03352374212243458,67.65643419538226,60.94917627970378,1.1100467360690487
2023-10-06,68.96710968017578,69.56847381591797,66.83392333984375,66.83392333984375,69346700,0.22033898305084745,0.0411864406779661,0.24983050847457627,59.0,0.03193538834777443,0.03143605690925539,0.04351831322900127,0.03374976585413287,68.06531415666852,61.410783259073895,1.1083609513580235
2023-10-07,66.74151611328125,69.16033172607422,66.11933135986328,68.96005249023438,61147973,-0.17647058823529413,0.03882352941176471,0.3864705882352941,17.0,-0.03227036158562213,-0.032802529875534656,0.045102303327276126,0.034449340190154575,67.94938550676618,61.76185544331869,1.1001836816435353
2023-10-08,66.02587890625,67.30939483642578,65.3125,66.74630737304688,45061713,0.15384615384615385,0.07999999999999999,0.39923076923076917,13.0,-0.010722519485721449,-0.010780419962402631,0.033973797843131724,0.0345807242919499,67.07721274239677,62.08077786763509,1.08048280073769
2023-10-09,63.28507995605469,66.0353775024414,62.56063079833984,66.02566528320312,56778475,0.22,0.044199999999999996,0.2956,50.0,-0.04151098017319799,-0.04239717214181146,0.03412671541667081,0.03562459065931451,66.23065403529576,62.31675046284993,1.062806605661813
2023-10-10,64.03903198242188,64.55619049072266,63.1700553894043,63.28451156616211,41417272,0.08571428571428572,0.03471428571428572,0.3385714285714286,70.0,0.011913582583615856,0.011843174515172385,0.027620079137144263,0.03470288566674931,66.07169233049665,62.64973386128744,1.0546204789438651
2023-10-11,63.22941970825195,64.41085815429688,62.73005294799805,64.04073333740234,37202469,0.2714285714285714,0.07971428571428571,0.35714285714285715,70.0,-0.012642481454000598,-0.012723077633653965,0.025506729734261022,0.03397105734243337,65.58868789672852,63.02029317220052,1.0407550424671932
2023-10-12,62.9466552734375,63.95272445678711,61.94023132324219,63.231876373291016,44766539,0.29850746268656714,0.0735820895522388,0.36761194029850747,67.0,-0.004472039062182742,-0.0044820685415218765,0.025124753893407424,0.033957284436717694,65.03352737426758,63.350152333577476,1.0265725492154478
2023-10-13,63.70346832275391,64.46641540527344,62.9287223815918,62.94399642944336,50125280,0.08333333333333333,0.0465,0.3143333333333333,60.0,0.01202308599287516,0.011951382851002548,0.020633280022320184,0.03395954657464844,64.28157860892159,63.684635162353516,1.0093734296356769
2023-10-14,64.33964538574219,64.8191146850586,63.65569686889648,63.70476913452149,43604951,0.4117647058823529,0.07941176470588236,0.2752941176470588,17.0,0.009986537306965415,0.00993700136528671,0.01951769433757788,0.03394863108117403,63.93845421927316,64.01877377827962,0.9987453749226026
2023-10-15,63.9854621887207,64.64314270019531,63.89443588256836,64.33950805664062,40496262,0.36363636363636365,0.1390909090909091,0.2890909090909091,11.0,-0.005504898183662843,-0.005520105972901844,0.019369341142374312,0.0337433859835813,63.64696611676897,64.29007759094239,0.9899967226938917
2023-10-16,64.88768768310547,66.36206817626953,63.68478012084961,63.98699951171875,82842146,0.1388888888888889,0.03944444444444445,0.3108333333333333,72.0,0.01410047631950695,0.01400198933248562,0.010808856462984006,0.03228701841452121,63.875910077776226,64.4810977935791,0.9906144942237144
2023-10-17,62.667518615722656,64.88949584960938,61.98567962646485,64.88494110107422,79425672,0.2191780821917808,0.02671232876712329,0.33,73.0,-0.03421556764706335,-0.03481462458652602,0.017297269858564595,0.03301697154276147,63.679979596819194,64.58913612365723,0.985924002372513
2023-10-18,62.0982551574707,63.41990280151367,61.92185974121094,62.66071701049805,59101748,0.08333333333333333,0.03483333333333334,0.308,60.0,-0.009083867860520844,-0.009125377759686635,0.017014571458436642,0.03290590235051192,63.518384660993306,64.63977076212565,0.9826517624070938
2023-10-19,63.95088195800781,65.13378143310547,61.31899642944336,62.095741271972656,76836877,0.3088235294117647,0.0763235294117647,0.33735294117647063,68.0,0.02983379800026853,0.029397428056643173,0.02078404124161102,0.03311912946964151,63.66184561593192,64.70937207539876,0.9838118277790383
2023-10-20,65.90831756591797,69.81490325927734,63.47690963745117,63.95110321044922,109070831,0.25806451612903225,0.05290322580645162,0.31612903225806455,62.0,0.03060842240135897,0.030149329206712094,0.023196266516427096,0.03188631552622136,63.97682407924107,64.7228946685791,0.9884728488557508
2023-10-21,70.01806640625,70.69364166259766,65.3611068725586,65.9071044921875,80665510,0.0,0.007857142857142852,0.43,14.0,0.062355541638908996,0.06048865176248742,0.031443131548682675,0.03244721980082494,64.78802708217076,64.9731216430664,0.9971512133600032
2023-10-22,79.3535385131836,79.83457946777344,69.14405059814453,70.01903533935547,256891634,0.5,0.13214285714285715,0.3178571428571429,14.0,0.1333294760350634,0.12515973944974063,0.05158978931690791,0.03908420582503476,66.98346655709403,65.47221196492514,1.0230823817740953
2023-10-23,84.7309341430664,86.6961441040039,78.56401062011719,79.1983413696289,313020509,0.2222222222222222,0.035555555555555556,0.31253968253968256,63.0,0.06776503897163222,0.06556771537135012,0.05247356461389329,0.040081381637087465,69.81821605137416,66.19885546366373,1.0546740659239506
2023-10-24,83.31875610351562,90.46165466308594,81.3887710571289,84.73883819580078,225504866,0.2714285714285714,0.07914285714285714,0.3355714285714286,70.0,-0.0166666171432307,-0.016807067953566266,0.04860064612543382,0.04003703534244231,72.76839283534459,66.91722348531087,1.0874389140087097
2023-10-25,85.73147583007812,86.22053527832031,81.64292907714844,83.34036254882812,183445668,0.10256410256410256,0.03910256410256411,0.3655128205128205,78.0,0.028957702195708812,0.028546350269156247,0.044036522108630904,0.04017800036580658,76.14456721714565,67.69904988606771,1.124750898946013
2023-10-26,80.80242919921875,87.83573150634766,78.35346221923828,85.74369049072266,155683896,0.2903225806451613,0.03951612903225807,0.31758064516129036,62.0,-0.05749401352461103,-0.05921300798211774,0.05961047061992882,0.04183025746630549,78.55193110874721,68.35631306966145,1.1491540075997877
2023-10-27,78.43197631835938,80.80461883544922,76.78068542480469,80.80461883544922,106656737,0.208955223880597,0.06597014925373135,0.357910447761194,67.0,-0.029336406149560346,-0.029775324014738966,0.06427749642752058,0.04233268156100295,80.34102521623883,68.94995892842611,1.1652077313002793
2023-10-28,80.08911895751953,81.20372009277344,78.27339935302734,78.43634033203125,73495093,0.7,0.13,0.344,10.0,0.021128406001574174,0.020908296212660427,0.062331633291638225,0.04015053769064624,81.77974700927734,69.42824211120606,1.1779031777628386
2023-10-29,84.63067626953125,85.7440414428711,79.55583190917969,80.08688354492188,94808941,0.25,0.078125,0.3575,16.0,0.056706296324980476,0.05515680292630568,0.04596465241435584,0.041116453402506255,82.53362383161273,70.04576632181804,1.1782814032245792
2023-10-30,83.7945327758789,87.23699951171875,81.7558364868164,84.61674499511719,108826771,0.234375,0.05984375,0.30171875,64.0,-0.009879910341132114,-0.009929040524352178,0.03883832907867126,0.041165143569043966,82.3998522077288,70.58715019226074,1.1673491844237
2023-10-31,81.4461669921875,84.67242431640625,80.03877258300781,83.78751373291016,109254030,0.30666666666666664,0.07853333333333333,0.33199999999999996,75.0,-0.028025286446461406,-0.028425489722704998,0.039832674373878336,0.0401318534334928,82.13233947753906,70.89765281677246,1.1584634499791053
2023-11-01,88.98301696777344,91.52085876464844,80.97759246826172,81.44345092773438,198298998,0.2702702702702703,0.0777027027027027,0.3472972972972973,74.0,0.09253781060450494,0.0885032566376967,0.05230302454603294,0.04202558574443315,82.59684535435268,71.55672035217285,1.1542849497272214
2023-11-02,91.94686889648438,102.0123291015625,87.90540313720703,88.99685668945312,357071892,0.4177215189873418,0.09632911392405064,0.31506329113924053,79.0,0.03330806292828159,0.032765367293261606,0.04433618546069487,0.040166846425024584,84.18890816824776,72.44989051818848,1.1620294739729415
2023-11-03,90.10555267333984,92.89703369140624,88.49632263183594,91.93683624267578,158995866,0.23214285714285715,0.06535714285714286,0.41696428571428573,56.0,-0.020025871954568952,-0.020229107619646147,0.04272276911226449,0.04052248951829727,85.85656193324498,73.23306058247884,1.1723743518345637
2023-11-04,90.14990997314452,91.7840805053711,88.55447387695312,90.080322265625,106990762,0.125,0.051875,0.29125,16.0,0.000492281535251049,0.0004921604044480825,0.04332879010705905,0.04054208725004916,87.29381779261998,74.01029828389485,1.1794820425904933
2023-11-05,89.23643493652344,92.06316375732422,87.70079040527344,90.17740631103516,137814886,0.375,0.164375,0.419375,16.0,-0.010132844690507237,-0.010184531413390742,0.0406714474891929,0.040494501822438383,87.95178331647601,74.68594245910644,1.1776216570425304
2023-11-06,99.35432434082033,99.83788299560548,88.03955078125,89.23466491699219,255765410,0.2631578947368421,0.06842105263157895,0.37543859649122807,57.0,0.11338294062838838,0.1074030747784939,0.05418894298967013,0.043529673130358396,90.1746106828962,75.77303606669108,1.1900619978263731
2023-11-07,97.57740020751952,103.18382263183594,95.9212646484375,99.38003540039062,266574698,0.21875,0.07109375,0.35703125,64.0,-0.0178847186077713,-0.018046583024760844,0.0526242178891588,0.04368798971745803,92.47907257080078,76.82475344340007,1.2037666041965742
2023-11-08,99.9042739868164,100.65531158447266,95.55216217041016,97.58148956298828,189804772,0.18309859154929578,0.04746478873239437,0.3043661971830986,71.0,0.023846441638620153,0.023566556035005404,0.04488627500465417,0.042444975789896366,94.03925214494977,78.04539324442545,1.2049302109406272
2023-11-09,100.7011489868164,109.52819061279295,94.61300659179688,99.9442367553711,331074935,0.2692307692307692,0.06474358974358974,0.36115384615384616,78.0,0.007976385475812142,0.007944742267428685,0.044368119770760044,0.042461631080550864,95.28986358642578,79.26746381123861,1.2021308492137666
2023-11-10,100.22161102294922,100.7252426147461,96.14803314208984,100.70339965820312,184723570,0.056338028169014086,0.055492957746478874,0.3152112676056338,71.0,-0.004761990987113496,-0.0047733653904309704,0.042796048515306495,0.042306603199349105,96.73501477922711,80.50053685506185,1.20166918828622
2023-11-11,96.75284576416016,100.31062316894533,94.61329650878906,100.21179962158205,182077929,0.3076923076923077,0.02307692307692307,0.44384615384615383,13.0,-0.03461095090553645,-0.03522409920679808,0.04678508472692364,0.04316718567463243,97.67829132080078,81.62740987141927,1.1966359274986809
2023-11-12,99.3897933959961,99.3897933959961,93.88723754882812,96.76017761230467,165463311,0.23529411764705882,0.03294117647058824,0.29000000000000004,17.0,0.02725447102882761,0.02688968119715013,0.04620117211221236,0.04322493244693692,99.12877110072544,82.81695404052735,1.196962291709204
2023-11-13,93.26441192626952,104.1584243774414,93.26016235351562,99.40495300292967,175483515,0.25396825396825395,0.054603174603174605,0.2977777777777778,63.0,-0.061629884321435124,-0.06361082818730211,0.032673934333383295,0.04553578440342483,98.25878361293248,83.78111292521159,1.172803513611052
2023-11-14,90.67155456542967,95.34217071533205,87.525634765625,93.2417221069336,153172185,0.2923076923076923,0.06615384615384615,0.36646153846153845,65.0,-0.027801144158713376,-0.028194911247336803,0.03335833487059761,0.04602858401960276,97.27223423549107,84.67064933776855,1.148830615996013
2023-11-15,95.43028259277344,95.71058654785156,90.26673889160156,90.68123626708984,160676872,0.2077922077922078,0.06207792207792208,0.42181818181818176,77.0,0.05248314148964783,0.051152268859083576,0.03917410325590507,0.046591192652138194,96.63309260777065,85.68873583475748,1.12772223404157
2023-11-16,91.1715087890625,97.87078857421876,90.4038314819336,95.43260955810548,218259957,0.19696969696969696,0.026212121212121207,0.3190909090909091,66.0,-0.04462706897646174,-0.04565351103855983,0.04106248478826306,0.04701373170270062,95.27171543666294,86.63886884053548,1.0996417279179485
2023-11-17,88.578857421875,93.35717010498048,85.45250701904297,91.1717300415039,158122036,0.1746031746031746,0.04746031746031747,0.3531746031746032,63.0,-0.02843707866221612,-0.028849245058875598,0.04114931441751844,0.047462304795680324,93.60846492222377,87.5215555826823,1.069547545162073
2023-11-18,88.04478454589844,88.7291259765625,83.49669647216797,88.59253692626953,152632984,-0.15384615384615385,0.0007692307692307699,0.19615384615384615,13.0,-0.00602934934499022,-0.006047599265493123,0.04054474621146816,0.047451320670567516,92.36445617675781,88.3246856689453,1.0457377286679987
2023-11-19,91.6197509765625,91.6725082397461,86.37623596191406,88.04973602294922,106655753,0.17647058823529413,0.045294117647058825,0.2658823529411765,17.0,0.040603954556790445,0.0398012701328363,0.04291164664764416,0.04762045575008209,91.25445011683873,89.18173344930013,1.0232414933795488
2023-11-20,90.23650360107422,93.04993438720705,89.4944076538086,91.62272644042967,121242435,0.2537313432835821,0.05149253731343284,0.354179104477612,67.0,-0.01509769848470921,-0.015212829008225017,0.03657084442961801,0.04690686683558587,90.82189178466797,89.85568135579427,1.0107529141651919
2023-11-21,84.95614624023438,92.37128448486328,84.45594787597656,90.23943328857422,152367950,0.21875,0.03421875,0.3375,64.0,-0.05851686568202741,-0.06029884467472496,0.04166450145977402,0.04305904100184364,90.00540488106864,90.04243494669596,0.9995887487310928
2023-11-22,95.17430877685548,95.93338012695312,84.71382141113281,84.92037200927734,160337802,0.1,0.06185714285714286,0.3365714285714286,70.0,0.1202757303482993,0.11357484281873832,0.05958583687468347,0.046265091793620296,89.96883719308036,90.39054743448894,0.9953345758668602
2023-11-23,95.97730255126952,99.11013793945312,95.10541534423828,95.19524383544922,132681124,0.16129032258064516,0.07306451612903227,0.39967741935483875,62.0,0.008437085435490044,0.00840169216817101,0.05614450958383252,0.046105163875351504,90.65537915910993,90.8124989827474,0.998269843629484
2023-11-24,98.93132781982422,99.22982025146484,95.79216766357422,95.97391510009766,121892350,0.29850746268656714,0.04746268656716418,0.2808955223880597,67.0,0.03077837353239543,0.030314219300853346,0.05420874014468041,0.046137792851383724,92.13430350167411,91.25249404907227,1.0096634011134824
2023-11-25,99.50408172607422,101.47691345214844,97.46128845214844,98.9510726928711,110230023,0.4,0.10400000000000001,0.316,15.0,0.005789408864430801,0.005772714639071692,0.05359574150682941,0.04452745443024523,93.77134595598493,91.87588246663411,1.0206306969627115
2023-11-26,98.01864624023438,102.94036102294922,97.25791931152344,99.502685546875,131721303,0.3125,0.12687500000000002,0.331875,16.0,-0.014928387459814063,-0.015040937366306288,0.05379686768329223,0.04418848727049194,94.6854738507952,92.52877146402994,1.0233084515512418
2023-11-27,96.14156341552734,98.85496520996094,93.6207046508789,98.009521484375,109314120,0.18181818181818182,0.0453030303030303,0.2534848484848485,66.0,-0.019150262697022802,-0.019336004132666843,0.05413589573134288,0.04437570294606165,95.52905382428851,93.06385294596355,1.0264893489823204
2023-11-28,96.94585418701172,98.68555450439452,93.14060974121094,96.14380645751952,136368574,0.3384615384615385,0.08184615384615385,0.3358461538461538,65.0,0.008365692661021162,0.00833089419498884,0.04491069691605461,0.04340316685148344,97.2418692452567,93.47435887654622,1.0403052817263643
2023-11-29,96.40060424804688,98.67198944091795,95.62786102294922,96.9441909790039,100394464,0.10526315789473684,0.035921052631578944,0.31197368421052635,76.0,-0.005624272884460213,-0.005640148661651854,0.01683634898364662,0.04336094677089013,97.41705431256976,93.89456125895182,1.0375154109714966
2023-11-30,98.23991394042967,98.25395965576172,95.13179779052734,96.40389251708984,94386309,0.4057971014492754,0.09478260869565218,0.3557971014492754,69.0,0.019079856466979184,0.018900118654785428,0.017950186265913486,0.042974477639339356,97.7402845110212,94.45435282389323,1.0347885681166487
2023-12-01,100.21114349365234,101.59146118164062,98.08716583251952,98.24562072753906,106437381,0.4444444444444444,0.09031746031746031,0.38730158730158726,63.0,0.020065464984201586,0.019866806593704916,0.01561491315490256,0.040180634126581884,97.92311532156808,94.8286237080892,1.0326324636220034
2023-12-02,104.41883850097656,104.6926727294922,99.98513793945312,100.20761108398438,100027379,0.0,-0.010952380952380951,0.320952380952381,21.0,0.041988294521264846,0.041130709603264086,0.02165223896231368,0.04041576099006302,98.62522343226841,95.24435602823893,1.035496774244839
2023-12-03,102.80799865722656,105.60299682617188,101.46968841552734,104.39972686767578,113160887,0.20833333333333334,0.037083333333333336,0.24291666666666667,24.0,-0.01542671673880891,-0.015546946638018186,0.02173832258091475,0.040326954226617626,99.30941663469586,95.66777089436849,1.0380655439787376
2023-12-04,99.87296295166016,104.69509887695312,98.2939910888672,102.80369567871094,163896980,0.27631578947368424,0.06144736842105263,0.3076315789473684,76.0,-0.028548709671434636,-0.028964150043791385,0.02386894330385959,0.04078132336937342,99.84247371128627,95.991872660319,1.0401138236420615
2023-12-05,98.7105941772461,100.51828002929688,95.68224334716795,99.87809753417967,144190981,0.2903225806451613,0.06451612903225806,0.37048387096774194,62.0,-0.011638472916605691,-0.0117067300653687,0.02465305323655767,0.040799769030344595,100.0945794241769,96.3076779683431,1.039320867616376
2023-12-06,96.23133850097656,100.14849090576172,96.00762176513672,98.70795440673828,133691795,0.38095238095238093,0.08285714285714285,0.3834920634920635,63.0,-0.025116409205457213,-0.025437209169206845,0.026795295700841652,0.036051220344423776,100.07039860316685,96.20357844034831,1.0401941406495205
2023-12-07,98.69156646728516,99.54493713378906,95.22510528564452,96.23912811279295,124567921,0.2898550724637681,0.08014492753623188,0.3378260869565217,69.0,0.025565766876282536,0.02524442799641989,0.02764485914496295,0.03621408057397809,100.13492039271763,96.24071731567383,1.0404631551557397
2023-12-08,99.39513397216795,100.64646911621094,96.44181060791016,98.6910629272461,155335045,0.14285714285714285,0.041428571428571426,0.29410714285714284,56.0,0.007128952655909293,0.007103661799996789,0.026566448089203873,0.03597452901566856,100.01834760393413,96.22374598185222,1.0394351891350975
2023-12-09,98.58597564697266,104.43538665771484,98.13060760498048,99.3953857421875,193682705,0.2,0.095,0.49800000000000005,20.0,-0.008140824332727115,-0.008174141787370358,0.018917706192258042,0.035969518717051695,99.1850814819336,96.15324020385742,1.0315313479987598
2023-12-10,97.80709838867188,99.77926635742188,96.10627746582033,98.58252716064452,126750165,0.23076923076923078,0.0038461538461538455,0.4084615384615385,13.0,-0.007900487398835199,-0.007931861606347719,0.0186425325876777,0.03598644809850876,98.47066715785435,96.07275644938152,1.0249593203848193
2023-12-11,91.5658187866211,98.2108917236328,88.33417510986328,97.8210906982422,160011058,0.11940298507462686,0.03402985074626865,0.36880597014925376,67.0,-0.06381213332031177,-0.06593911037993257,0.02849620871803461,0.037408073614994,97.28393227713448,95.89985555013021,1.0144325214992713
2023-12-12,92.64759826660156,93.43952178955078,90.6199951171875,91.56358337402344,121035065,0.203125,0.0496875,0.33578125000000003,64.0,0.01181422821655076,0.011744985058453266,0.029934396686543623,0.03710802788278483,96.41779000418526,95.67511571248373,1.0077624603447919
2023-12-13,94.73593139648438,95.18578338623048,88.84677124023438,92.6402587890625,129322346,0.32894736842105265,0.0681578947368421,0.35750000000000004,76.0,0.02254060730072527,0.022290321887790607,0.03099785540933354,0.035496480358844874,96.20416041782924,95.72416636149089,1.005014345641055
2023-12-14,106.9832534790039,107.17353057861328,94.06982421875,94.73438262939452,197087729,0.15789473684210525,0.05210526315789474,0.3436842105263158,76.0,0.12927853140813705,0.12157896103648941,0.056294874199868394,0.04136567050765248,97.38868713378906,96.26788965861003,1.0116424851438384
2023-12-15,108.33185577392578,117.71028137207033,104.24701690673828,106.98282623291016,396895096,0.0,0.0228125,0.3109375,64.0,0.012605732683073967,0.012526941887709534,0.056261198141193416,0.04048799892502881,98.66536167689732,96.69794209798177,1.0203460335993708
2023-12-16,104.61541748046876,108.93402862548828,103.84075927734376,108.33573150634766,181678682,-0.125,0.0024999999999999953,0.369375,16.0,-0.03430605214788096,-0.034908319138648516,0.05873561848448505,0.04007696373155966,99.5267105102539,97.14607238769531,1.0245057578144572
2023-12-17,100.47561645507812,105.0910186767578,100.27623748779295,104.61862182617188,137417332,0.45454545454545453,0.10318181818181818,0.2727272727272727,22.0,-0.03957161501710316,-0.040375859696012775,0.06146330557951837,0.04046195653688079,99.90792737688336,97.54263102213541,1.024248847195963
2023-12-18,99.13153839111328,100.81732177734376,93.99961853027344,100.47228240966795,154384902,0.36065573770491804,0.08885245901639344,0.3757377049180328,61.0,-0.013377156681250835,-0.013467436873862464,0.05431843916839247,0.04054934354676004,100.9887444632394,97.91218948364258,1.0314215726951015
2023-12-19,101.29205322265624,107.29851531982422,98.9040985107422,99.12938690185548,177101195,0.0,0.06599999999999999,0.267,10.0,0.021794424525309664,0.02156032137717383,0.05445710556225475,0.04012784374307155,102.22366659981864,98.23459955851237,1.0406075563929003
2023-12-20,100.01154327392578,105.43568420410156,99.70177459716795,101.29824829101562,147432152,,,,,-0.012641761204264301,-0.012722348161846574,0.05503893057750405,0.040090685791156405,102.97732543945312,98.56043421427408,1.044814039836478
2023-12-21,101.62799835205078,101.90960693359376,98.95806884765624,100.01342010498048,158756798,,,,,0.016162685078237704,0.016033459446455213,0.024813094191848697,0.038288441055512115,102.21228899274554,99.1161626180013,1.0312373511339101
2023-12-22,100.15148162841795,102.4284896850586,98.50105285644533,101.62432861328124,150665467,,,,,-0.014528641197064651,-0.014635215416522596,0.02326468271865752,0.03259611736151294,101.04366411481585,99.28206837972006,1.0177433424166618
2023-12-23,99.47760772705078,101.8265151977539,95.87188720703124,100.14945220947266,160013815,,,,,-0.006728546501861832,-0.0067512852273217015,0.020788009404138667,0.032606076480655076,100.30969129289899,99.39874521891277,1.0091645631137494
2023-12-24,99.86581420898438,102.99801635742188,98.64531707763672,99.4468765258789,191627569,,,,,0.003902450921404954,0.003894856112308795,0.014915284975774677,0.032145988819451285,100.22257668631417,99.4298947652181,1.0079722695369218
2023-12-25,102.9656219482422,104.93405151367188,98.66496276855467,99.86453247070312,200713769,,,,,0.03103972829752344,0.030567738043652103,0.017735965937382636,0.032606643036123685,100.77030290876117,99.54527943929037,1.0123061934867328
2023-12-26,102.89669799804688,108.75775146484376,98.90345764160156,102.96426391601562,268628151,,,,,-0.0006693879849526407,-0.0006696121251199117,0.016296279860059323,0.032465988967116416,100.99953787667411,99.70788116455078,1.0129544093910858
2023-12-27,112.11390686035156,112.8692626953125,99.54190826416016,102.89808654785156,261290435,,,,,0.08957730463303726,0.08578982711490249,0.034065323751049634,0.03564403639607059,102.72844696044922,100.24029261271158,1.024821898289452
2023-12-28,118.9682846069336,129.2165985107422,112.14498901367188,112.14498901367188,525445033,,,,,0.061137622785011114,0.05934156166787467,0.03773953561632757,0.036993492310328516,105.20563071114677,100.97437362670898,1.0419042667209828
2023-12-29,112.4268035888672,120.54985809326172,109.4146957397461,118.95387268066406,234535436,,,,,-0.054985083122608525,-0.05655456655753626,0.0468430997894894,0.03871294043063178,106.95924813406808,101.50858027140299,1.053696621981035
2023-12-30,111.3610382080078,117.03105926513672,111.24577331542967,112.42552185058594,181712898,,,,,-0.009479637834023946,-0.009524855592969396,0.04708382913380229,0.038712052967447286,108.65688105991909,101.94595108032226,1.0658283130274526
2023-12-31,109.05589294433594,118.10196685791016,108.89163970947266,111.3269271850586,192638766,,,,,-0.020699746525047247,-0.020916989422630216,0.04905047486708789,0.03885796949161852,109.9697494506836,102.24077606201172,1.0755958012680191
2024-01-01,116.04749298095705,116.04749298095705,108.17351531982422,108.9357681274414,138450231,,,,,0.06411024519500064,0.06213899945697853,0.05232284516453715,0.03975123508676064,111.83858816964286,102.62839787801107,1.0897430972524724
2024-01-02,110.2857437133789,119.5286636352539,109.67314910888672,116.05664825439452,208041666,,,,,-0.049649924522915945,-0.05092486176499157,0.05827453943233739,0.04084605654280813,112.89416612897601,102.87765604654948,1.0973633193770893
2024-01-03,102.59027862548828,112.90796661376952,97.561279296875,110.2914047241211,250424312,,,,,-0.06977751456154058,-0.07233148979190712,0.05448048306650691,0.04271672276130744,111.53364780970982,102.96823323567709,1.083185020320082
2024-01-04,104.04723358154295,105.41410064697266,101.62462615966795,102.58665466308594,167432859,,,,,0.014201686315458595,0.014101787082446271,0.04663039517106321,0.04271406806280227,109.40206909179688,103.14612121582032,1.0606513148748151
2024-01-05,102.77263641357422,106.69005584716795,100.00575256347656,104.03874969482422,182654007,,,,,-0.012250178347796403,-0.012325830250305382,0.043615546306519634,0.042492748923269985,108.0229023524693,103.36416447957357,1.0450711123758598
2024-01-06,99.36378479003906,103.14662170410156,97.68509674072266,102.78440856933594,146992119,,,,,-0.03316886422780252,-0.03373142569392948,0.04426495543481838,0.04275291210387043,106.3090090070452,103.38657175699869,1.028267087305259
2024-01-07,94.8988265991211,100.36568450927734,94.19558715820312,99.36865997314452,107343312,,,,,-0.044935468192487504,-0.04597636821101878,0.04569238905014109,0.04354941808300369,104.2865709577288,103.2366948445638,1.010169602143363
2024-01-08,98.95280456542967,99.61448669433594,89.07039642333984,94.90767669677734,160607193,,,,,0.04271894723665759,0.04183167396955455,0.039895094464710706,0.04423840049995876,101.84447261265346,103.24892247517904,0.9863974380665986
2024-01-09,96.5929183959961,99.19945526123048,92.72684478759766,98.9761962890625,136898223,,,,,-0.02384860317802484,-0.024137584904213694,0.03798271718104502,0.04443864938450007,99.8883547101702,103.20844980875651,0.9678311697856291
2024-01-10,106.84268188476562,109.64088439941406,96.3640594482422,96.55876922607422,223049023,,,,,0.10611299108646044,0.10085205980462786,0.05143025354194024,0.04635090138541064,100.49584089006696,103.71767857869466,0.9689364654822739
2024-01-11,109.76553344726562,117.60599517822266,106.63426971435548,106.88056182861328,252056241,,,,,0.027356591120133222,0.02698908696135632,0.052004334507476095,0.0465090593102686,101.31274087088448,104.28827641805013,0.9714681683371781
2024-01-12,102.9361801147461,113.47998046875,100.60556030273438,109.74504852294922,182337671,,,,,-0.06221764809078745,-0.064237391111942,0.05860855666170321,0.04809749993316421,101.33610425676618,104.56161804199219,0.9691520287690016
2024-01-13,105.99298858642578,107.51864624023438,101.05321502685548,102.931396484375,128003364,,,,,0.029696152201025727,0.029263760858033807,0.0573480659581836,0.04290706789185821,102.28313337053571,104.52860921223959,0.9785180740600445
2024-01-14,99.39256286621094,106.05399322509766,99.35205078125,105.99185180664062,108763698,,,,,-0.06227228619780745,-0.06429565590937963,0.06061217020565283,0.04438162651478138,102.9250956944057,104.23063278198242,0.9874745355301882
2024-01-15,101.86447143554688,103.15176391601562,99.39156341552734,99.39156341552734,116591795,,,,,0.02487015625770006,0.024565927744429217,0.059276546142101344,0.0442292583429146,103.34104810442243,104.13893458048503,0.9923382500572258
2024-01-16,103.50062561035156,110.5292739868164,101.81156158447266,101.8448257446289,183254928,,,,,0.01606206905849339,0.015934438883280083,0.05801165673796777,0.04368722249841126,104.32786342075893,104.23976821899414,1.0008451208523383
2024-01-17,101.1739273071289,104.02930450439452,100.14178466796876,103.49747467041016,117091832,,,,,-0.02248004096112388,-0.022736568876976795,0.04241642400452501,0.04382554539770831,103.5180413382394,104.30784784952799,0.9924281199586444
2024-01-18,96.8108367919922,101.5114517211914,95.91146087646484,101.18702697753906,116025364,,,,,-0.04312465307284041,-0.04408215000757963,0.04119292186863005,0.04438222574652402,101.66737038748605,104.15847396850586,0.9760835245937547
2024-01-19,96.85824584960938,97.68556213378906,92.08273315429688,96.79969787597656,124570916,,,,,0.0004897081689216876,0.0004895883010082676,0.036006878369067144,0.044332635715949635,100.79909406389508,104.05336405436198,0.968724990104436
2024-01-20,97.22891998291016,98.3998031616211,96.18334197998048,96.86068725585938,98359478,,,,,0.003826975494438667,0.0038196712532248913,0.03266564661166968,0.044226125190025015,99.54708426339286,103.90672810872395,0.9580427184583338
2024-01-21,96.53295135498048,98.53076171875,96.53295135498048,97.2555160522461,87804580,,,,,-0.007158041332270271,-0.007183783023744091,0.0233176210230158,0.044170556156220626,99.13856833321708,103.7861104329427,0.955219999281807
2024-01-22,91.50059509277344,96.97601318359376,90.88500213623048,96.5309829711914,105902261,,,,,-0.05213096866479894,-0.0535389388710636,0.025827187398833114,0.04518665792358222,97.65801456996373,103.52021001180013,0.9433714881261526
2024-01-23,89.4957046508789,93.36163330078124,84.3930892944336,91.50186157226562,123928319,,,,,-0.02191122844459925,-0.022154844604972305,0.021848921399661225,0.04530398246667013,95.65731157575335,103.17453969319662,0.9271406672634862
2024-01-24,89.91678619384766,90.57339477539062,88.47660827636719,89.49671936035156,93914445,,,,,0.004705047517211902,0.004694013378370839,0.023809264636256534,0.04487426572522307,94.04914855957031,102.73957850138346,0.9154130271062371
2024-01-25,88.7731704711914,89.919677734375,86.9934310913086,89.919677734375,82460631,,,,,-0.012718600953895098,-0.012800174766961787,0.020560320232722182,0.04489305113215069,92.90091051374164,102.26879425048828,0.9083993919611316
2024-01-26,91.37454223632812,91.6190185546875,87.59410095214844,88.77245330810547,90770800,,,,,0.029303580702695786,0.028882438318925754,0.025684871178088434,0.04203956389218792,92.11752428327289,101.57748209635416,0.9068695382298632
2024-01-27,91.59339141845705,92.09630584716795,90.44810485839844,91.36965942382812,72014445,,,,,0.002395078287373398,0.0023922146588702654,0.025577814296857727,0.040194365586077384,91.3124487740653,100.66498565673828,0.9070924530346174
2024-01-28,91.14913177490234,93.41091918945312,90.26020050048828,91.59725952148438,84145750,,,,,-0.004850346042161946,-0.004862147145613891,0.02561320537335339,0.03916778173328798,90.54333169119698,99.95572992960612,0.9058343304076932
2024-01-29,93.6712875366211,93.87017059326172,90.4822998046875,91.15065002441406,85004100,,,,,0.02767065042316963,0.027294736734880053,0.019177869844251967,0.039659510159209085,90.85343061174665,99.36607157389322,0.9143305071106068
2024-01-30,93.0073013305664,95.3563232421875,92.36707305908205,93.67082977294922,96860166,,,,,-0.007088471008739994,-0.007113713577570529,0.01649966238356987,0.039557615691595334,91.35508728027344,98.83111852010092,0.9243554929684727
2024-01-31,85.96074676513672,93.20452880859376,85.2136001586914,93.01067352294922,171760469,,,,,-0.07576345582143962,-0.07878723990966385,0.03591942956811264,0.039639747499313996,90.78993879045758,97.82822697957357,0.9280546279287514
2024-02-01,83.81729125976562,85.9586181640625,82.98384857177734,85.95046997070312,157125891,,,,,-0.02493528251013777,-0.025251433274460455,0.036589637381912773,0.038997769660051765,90.0819560459682,96.9459452311198,0.9291977692435944
2024-02-02,85.813720703125,86.38288116455078,82.41158294677734,83.81887817382812,178084802,,,,,0.023818825606903182,0.02353958284543151,0.03573270290421734,0.03754256187640016,89.28755296979632,96.38672663370768,0.9263469783459927
2024-02-03,85.63883972167969,86.73533630371094,85.0340347290039,85.81067657470703,84020572,,,,,-0.0020379139840622784,-0.002039993356300295,0.03553654830295314,0.03736046878375189,88.43690272739956,95.77311350504557,0.9234001014568716
2024-02-04,83.27978515625,85.66355895996094,83.14449310302734,85.6417007446289,73224979,,,,,-0.02754654982594873,-0.027933070780090594,0.03608914981608965,0.03755270170164311,87.31271035330636,95.1233517964681,0.9178893374166012
2024-02-05,84.01561737060547,85.78033447265625,81.73815155029297,83.25628662109375,90419586,,,,,0.008835664176785496,0.008796858113439214,0.03321862535952168,0.037311146574995076,85.93332890101841,94.61174621582032,0.9082733628549099
2024-02-06,84.50554656982422,85.32376861572266,82.59873962402344,84.01554107666016,93160640,,,,,0.00583140628554335,0.0058144694477338015,0.0341126318797999,0.03656897832578233,84.71879250662667,94.26530354817709,0.8987272020328095
2024-02-07,84.07647705078125,84.90814208984375,82.46285247802734,84.50662231445312,128447298,,,,,-0.005077412506745205,-0.005090346364555874,0.018453058094180647,0.03553589889303452,84.44961111886161,93.76942596435546,0.9006092364366548
2024-02-08,85.22750091552734,86.62010955810547,84.0802993774414,84.0802993774414,113327362,,,,,0.013690200935166263,0.013597336727519043,0.016435494242436347,0.0355187398749137,84.65106964111328,93.39057871500651,0.9064197995756833
2024-02-09,87.60279083251953,89.83003234863281,85.21973419189453,85.23519134521484,152865205,,,,,0.027869993740007093,0.027488693802115324,0.01732635485454372,0.030159736717935634,84.90665108816964,92.74924901326497,0.9154430034902634
2024-02-10,88.41925048828125,89.21031188964844,86.3554458618164,87.59612274169922,92699436,,,,,0.009320018780253791,0.009276855387047079,0.01731136687168702,0.029648183681119638,85.30385262625558,92.03770624796549,0.9268359252286477
2024-02-11,87.24559020996094,89.73699188232422,86.8033676147461,88.41063690185547,91148362,,,,,-0.013273809400543013,-0.013362693841559551,0.013121659296214254,0.027662211610442525,85.87039620535714,91.51468658447266,0.9383236659625606
2024-02-12,90.9265365600586,90.98924255371094,85.27619934082031,87.25638580322266,111080025,,,,,0.04219062924830097,0.04132487213447884,0.018618629657505596,0.028266129629929734,86.85767037527901,91.01247151692708,0.9543491010363857
2024-02-13,89.63150787353516,91.2710189819336,88.36125183105469,90.9158935546875,122079799,,,,,-0.014242582369427992,-0.0143449813928876,0.02101247223688739,0.02604339388241887,87.58995056152344,90.68710301717122,0.9658479281771593
2024-02-14,91.09717559814452,92.34488677978516,89.18817138671875,89.62919616699219,122376140,,,,,0.01635214847302735,0.016219891931188793,0.020260321030061836,0.025777064963830153,88.59290749686105,90.32819315592448,0.9807891025112394
2024-02-15,92.42008209228516,93.38472747802734,90.3279037475586,91.09722137451172,135307687,,,,,0.014521926563084264,0.014417493222260117,0.020277125067568735,0.025738632228927045,89.62041909354073,89.95884170532227,0.9962380283542321
2024-02-16,94.71192932128906,94.94357299804688,90.837646484375,92.4091339111328,128868680,,,,,0.024798151842317262,0.024495668166205888,0.019913918561070786,0.025982164222849734,90.6360103062221,89.74344177246094,1.0099457800607226
2024-02-17,93.78826141357422,94.72396850585938,91.44660949707033,94.7035675048828,99710354,,,,,-0.00975239248459936,-0.009800258524028757,0.021457997310636464,0.02480377470731059,91.40301186697823,89.642689259847,1.0196371017164443
2024-02-18,94.55517578125,95.33506774902344,92.72481536865234,93.79837036132812,95881493,,,,,0.008177082676625647,0.008143831478291516,0.0192445975488076,0.024859539981433348,92.44723837716239,89.56592025756837,1.0321698042213836
2024-02-19,96.53694915771484,97.93009185791016,94.39319610595705,94.5629653930664,124324027,,,,,0.020958909547686755,0.020742293071672243,0.01504021339857602,0.025158231413205487,93.24872589111328,89.54285456339518,1.0413865667538484
2024-02-20,93.88158416748048,96.93753051757812,90.52685546875,96.54779815673828,145062666,,,,,-0.02750620372201973,-0.027891582658488952,0.018863252488580163,0.025634931261068607,93.85587964739118,89.45447565714518,1.0492027252735279
2024-02-21,91.75615692138672,94.17697143554688,88.30007934570312,93.87803649902344,130467043,,,,,-0.022639448033834775,-0.022899655134338125,0.021195221517388587,0.024026503071095055,93.95001983642578,89.46299438476562,1.0501551002458314
2024-02-22,91.85518646240234,93.75422668457033,90.1640396118164,91.7519989013672,99418259,,,,,0.0010792686217282466,0.0010786866300619116,0.02037472201244644,0.0236562492824129,93.86932046072823,89.54164377848308,1.0483314410996452
2024-02-23,94.84870910644533,100.97128295898438,89.59156036376953,91.86170959472656,236710402,,,,,0.032589587581625334,0.03206980972249282,0.02207669628664073,0.02432742942979281,93.88886043003627,89.70604120890299,1.0466280661231337
2024-02-24,101.33318328857422,103.79306030273438,93.9275894165039,94.86067199707033,229605449,,,,,0.06836649906169612,0.0661308455861795,0.03252325132852549,0.026835179361487015,94.96670641217914,90.12470830281576,1.0537255343239995
2024-02-25,100.34087371826172,101.58373260498048,97.75293731689452,101.33058166503906,110712588,,,,,-0.00979254315426592,-0.009840805437104024,0.033487482633370626,0.026547262329552745,95.79323468889508,90.42358601888021,1.059383274944368
2024-02-26,102.75013732910156,103.68907928466795,98.1767120361328,100.33820343017578,141020652,,,,,0.02401078963697878,0.02372706331666692,0.0336879803940139,0.02681153701475108,96.6808329990932,90.79547754923503,1.0648199184443603
2024-02-27,104.87429809570312,105.6614990234375,101.17493438720705,102.7613525390625,146597488,,,,,0.02067306985486561,0.02046228208284318,0.02959252400611924,0.026926803394739296,98.251220703125,91.25298309326172,1.0766905077800142
2024-02-28,104.49715423583984,108.42027282714844,99.04766082763672,104.86511993408205,204690262,,,,,-0.0035961514566621444,-0.00360263315341973,0.026074253972706525,0.026620970829033277,100.0713631766183,91.61384531656901,1.0923170273098415
2024-02-29,105.7694854736328,114.39879608154295,103.3247299194336,104.48548126220705,231058248,,,,,0.01217575011584926,0.012102221909439154,0.025158218177440007,0.026584315836500314,102.05912017822266,92.03925145467123,1.1088651696443463
2024-03-01,110.52985382080078,110.52985382080078,105.7361297607422,105.7361297607422,138177842,,,,,0.04500701053665135,0.04402359404178471,0.02647348721800479,0.022491515267013974,104.29928370884487,92.85822168986003,1.1232100056492271
2024-03-02,116.47979736328124,118.37512969970705,110.33750915527344,110.53018951416016,183812511,,,,,0.053831099352822376,0.052432189984863826,0.02292359906162563,0.02295315312035798,106.4630857195173,93.94697189331055,1.133225303317072
2024-03-03,112.57931518554688,118.54254150390624,108.99065399169922,116.47821044921876,199365730,,,,,-0.033486340687642224,-0.034059847673806515,0.02914426907437631,0.024238463573606636,108.21143450055804,94.83915837605794,1.1409995233348245
2024-03-04,114.27387237548828,115.24976348876952,110.4084930419922,112.5806655883789,218694760,,,,,0.015052118474415455,0.01493995942612998,0.02896682332349135,0.024168736638641206,109.85768236432757,95.79365946451823,1.1468158015721137
2024-03-05,105.78749084472656,118.8445281982422,95.33264923095705,114.28759002685548,337978197,,,,,-0.07426353333749491,-0.07716567807733352,0.04504392979681253,0.028149827124031836,109.98813847133091,96.54391632080078,1.1392549905046014
2024-03-06,127.3613510131836,127.95172119140624,102.34300994873048,105.78813934326172,402388183,,,,,0.2039358339647439,0.18559605141723498,0.08268842390897216,0.04294618871981769,113.25445229666573,97.98877410888672,1.1557900721445453
2024-03-07,133.8829345703125,133.8829345703125,120.93499755859376,127.3613510131836,238038554,,,,,0.051205357867582846,0.04993746564121569,0.08269226728656848,0.04341387561837335,117.27065931047711,99.63468704223632,1.1770063498143442
2024-03-08,132.8938446044922,138.11288452148438,128.7354736328125,133.88226318359375,259083776,,,,,-0.007387722483038872,-0.00741514685737696,0.08389583684956474,0.04345365459281611,120.46551513671875,101.26193262736003,1.1896426624606027
2024-03-09,130.94813537597656,135.21641540527344,129.31329345703125,132.8938446044922,144581001,,,,,-0.014641078631642324,-0.014749317006934416,0.08425321531422807,0.043797905035254076,122.5324205671038,102.78595377604167,1.1921125023958754
2024-03-10,126.6833267211914,133.6257781982422,123.08953857421876,130.94821166992188,161013351,,,,,-0.032568685629162264,-0.03311084949667419,0.08415858634009217,0.0445602276191767,124.54727935791016,104.08863830566406,1.1965501843934951
2024-03-11,136.71456909179688,138.11842346191406,121.8165512084961,126.68302917480467,235650765,,,,,0.07918360395352209,0.07620483301757111,0.08706100563956573,0.046054212869854366,127.75309317452567,105.69848225911458,1.208655890264775
2024-03-12,135.27450561523438,138.5124053955078,125.97991180419922,136.71456909179688,195342371,,,,,-0.01053335782813003,-0.010589226309823776,0.07701897208775212,0.04599904773343085,131.96552385602678,107.29944610595703,1.2298807556351434
2024-03-13,142.76101684570312,153.27215576171875,133.97802734375,135.27450561523438,270816333,,,,,0.05534310546114929,0.053865932502560825,0.04246998536671772,0.04630607590018505,134.1654761178153,109.02726211547852,1.2305681488700606
2024-03-14,139.3148956298828,144.82542419433594,132.9367218017578,142.76101684570312,195169411,,,,,-0.024139091272688984,-0.02443521427466663,0.04195398247040945,0.046562784909511545,134.94147055489677,110.68337504069011,1.2191665686494357
2024-03-15,128.9084930419922,141.3459014892578,123.50630950927734,139.3148956298828,210256986,,,,,-0.07469698441677952,-0.07763401069947871,0.0526409190943055,0.04951646304058154,134.37213461739677,111.94375228881836,1.200354033789331
2024-03-16,118.89635467529295,130.0696563720703,116.48616027832033,128.9084930419922,136457339,,,,,-0.07766857039774533,-0.08085065190348349,0.060203051722783424,0.052304130717571715,132.65045166015625,112.82629470825195,1.1757051138049506
2024-03-17,127.89170837402344,129.2356719970703,114.01654052734376,118.89641571044922,153216020,,,,,0.07565710255202429,0.07293173302536413,0.06743880799929504,0.053550913723304325,132.82307761056083,113.9322873433431,1.165807171151484
2024-03-18,123.39716339111328,129.1386260986328,119.0744857788086,126.93577575683594,126064661,,,,,-0.03514336496128201,-0.03577575340670038,0.05954416019148936,0.05408957592879559,130.92059108189173,114.9192507425944,1.1392398596048843
2024-03-19,109.33000183105467,124.41944122314452,107.22872161865234,123.39716339111328,175168640,,,,,-0.11399906751075028,-0.12103727590667347,0.0716869409762045,0.05908354901047693,127.2142333984375,115.41174494425455,1.1022641886220828
2024-03-20,120.1209716796875,120.7948989868164,105.26942443847656,109.33000183105467,158255251,,,,,0.09870090247787511,0.09412848412954436,0.08063361055275187,0.06124433877285245,123.97994123186383,116.19787902832032,1.066972497851246
2024-03-21,123.48141479492188,124.6662368774414,116.63097381591795,120.1214599609375,138504606,,,,,0.02797549060954374,0.02759132492924269,0.08302100982009097,0.0609826029678072,121.718015398298,117.18454004923503,1.0386866334685294
2024-03-22,118.66617584228516,124.9814224243164,114.85711669921876,123.47669219970705,124038674,,,,,-0.038995657448806176,-0.03977635123829375,0.07959299559997175,0.06136495471444411,120.25482722691127,118.08154067993163,1.0184049643531539
2024-03-23,121.52118682861328,124.52368927001952,118.277099609375,118.66617584228516,92205377,,,,,0.024059180858095663,0.023774318754052382,0.07410541435457417,0.06140926402688047,120.62980324881417,119.07040735880534,1.0130964185358815
2024-03-24,124.81082153320312,125.58494567871094,120.22430419921876,121.52118682861328,93400079,,,,,0.027070462282674734,0.02671053841047484,0.06871106623614662,0.061348594540250934,120.18967655726841,120.06914443969727,1.0010038558876522
2024-03-25,127.07177734375,130.16000366210938,124.04949951171876,124.81082153320312,124558328,,,,,0.018115062322103137,0.01795293956248747,0.06749271846777675,0.06042927121651451,120.71462140764508,120.92709757486979,0.998242939990409
2024-03-26,130.93174743652344,131.70921325683594,125.8712158203125,127.07177734375,125058671,,,,,0.030376297345173553,0.0299240727504726,0.038849609229841334,0.060470878603775445,123.8005850655692,121.94679336547851,1.0152016436753266
2024-03-27,125.00155639648438,132.04953002929688,123.88005828857422,130.93174743652344,122344314,,,,,-0.045292231686696605,-0.04634998709567494,0.033569810278331266,0.061225958942025455,124.49781145368304,122.68850733439128,1.0147471361303668
2024-03-28,127.8463897705078,128.2733154296875,122.59101104736328,124.99901580810548,92905882,,,,,0.022758383623641354,0.022503274932509667,0.033067880339280376,0.06124310078851851,125.12137930733817,123.45424372355143,1.0135040767615888
2024-03-29,127.58908081054688,130.29478454589844,124.7889633178711,127.8463897705078,97491536,,,,,-0.0020126415804373465,-0.002014669665164992,0.027093369069272576,0.061234662286668774,126.39608001708984,124.223974609375,1.0174853961527561
2024-03-30,124.0342254638672,129.04345703125,123.43816375732422,127.58908081054688,67279878,,,,,-0.027861752150704522,-0.028257254337838687,0.02980102697801796,0.061553380942867,126.75508553641183,124.83279927571614,1.0153988877270144
2024-03-31,128.25408935546875,128.2560577392578,123.736083984375,124.0342254638672,68976951,,,,,0.034021770005979945,0.033455830028992245,0.03079095883314477,0.06135410563518921,127.24698093959263,125.42360712687174,1.0145377242330182
2024-04-01,129.18978881835938,131.3030242919922,121.24533081054688,128.25401306152344,162581371,,,,,0.007295669616406819,0.007269184956370947,0.03023738634772854,0.06069965007031936,127.54955400739398,125.84727350870769,1.0135265584324995
2024-04-02,115.48438262939452,129.4768524169922,113.00390625,129.18978881835938,141569183,,,,,-0.10608737977143567,-0.11214724882201632,0.04992475604981027,0.06395089587947764,125.34278760637555,125.94410909016928,0.9952254894005149
2024-04-03,114.78925323486328,118.9634017944336,111.8476104736328,115.48438262939452,96835519,,,,,-0.006019250211190874,-0.006037438922743115,0.048402519108132445,0.06390618263202813,123.8838871547154,125.96128845214844,0.9835076210877104
2024-04-04,116.38250732421876,119.60721588134766,112.3792724609375,114.78925323486328,79155437,,,,,0.013879819272764271,0.013784376717517872,0.047464480517125714,0.06224768586230806,122.24618966238839,126.31445566813152,0.9677925540333107
2024-04-05,113.90625,116.5916748046875,109.88674926757812,116.38565063476562,88459812,,,,,-0.021276885858116157,-0.021506501641256635,0.04725507957467925,0.05195264398147171,120.29149954659599,125.86595230102539,0.9557111939128912
2024-04-06,118.64187622070312,121.34285736083984,113.33338165283205,113.90618133544922,138264886,,,,,0.041574770661865657,0.040733770464018555,0.051340588173919816,0.051651149970674264,119.52116394042969,125.35791702270508,0.9534392942950844
2024-04-07,122.8169174194336,122.9395523071289,118.46250915527344,118.64265441894533,79989773,,,,,0.03519028299050042,0.03458525811930518,0.051488096279577046,0.05212324681721585,118.74442509242466,125.02201944986979,0.949788090249476
2024-04-08,129.08387756347656,129.70704650878906,121.49308776855467,122.8169174194336,99113395,,,,,0.05102684773173882,0.049767636508356236,0.05567479445962651,0.052930614858251006,118.7292949131557,124.95987752278646,0.9501393348557451
2024-04-09,126.0339126586914,133.6083526611328,125.32471466064452,129.08387756347656,154158428,,,,,-0.02362777569402763,-0.023911387912229347,0.030280075202947582,0.052761417731210423,120.23637063162667,124.93823038736979,0.9623665251127294
2024-04-10,128.23216247558594,129.1628875732422,122.45726776123048,126.0339126586914,163473969,,,,,0.01744173270925531,0.01729137154429263,0.02916456896982528,0.0508836350001811,122.1567862374442,124.65548350016276,0.9799551757166358
2024-04-11,117.84458923339844,131.90147399902344,115.72702026367188,128.23484802246094,157859256,,,,,-0.0810059897739398,-0.08447567435600352,0.04792241462870911,0.05304900458770729,122.36565508161273,124.0744862874349,0.9862273763369576
2024-04-12,100.09493255615234,120.01876831054688,93.03519439697266,117.84406280517578,177725923,,,,,-0.15061919085730624,-0.16324765478568715,0.0791645169867623,0.0592458709136918,120.39260973249164,122.6522834777832,0.9815765864179702
2024-04-13,82.86978149414062,100.090087890625,72.26114654541016,100.08984375,235726982,,,,,-0.17208814294718233,-0.18884858309814379,0.09626210988605252,0.06748335059462353,115.28231048583984,120.77077967325846,0.9545546596431066
2024-04-14,88.10707092285156,89.13233947753906,80.22810363769531,82.86978149414062,168166183,,,,,0.0631990254382564,0.06128231178579406,0.10065870771354507,0.06796604706455243,110.32376098632812,119.41073226928711,0.9239015529821335
2024-04-15,84.92233276367188,91.25619506835938,81.34342956542969,88.10707092285156,128206066,,,,,-0.0361462266969278,-0.03681568332224129,0.09163707203514662,0.0669104447550975,104.01496887207031,118.27826487223307,0.8794089851117591
2024-04-16,86.8389892578125,88.0252456665039,81.50293731689453,84.92233276367188,101605864,,,,,0.022569522430270883,0.022318599220269856,0.09620804606354817,0.06533506251069778,98.41569410051618,116.9098409016927,0.8418084683159571
2024-04-17,83.63579559326172,87.37620544433594,81.4971923828125,86.83892822265625,81075545,,,,,-0.03688658391728805,-0.03758410040880914,0.091632480626116,0.06535772166823327,92.04478454589844,115.58446197509765,0.7963421983633858
2024-04-18,85.44498443603516,86.52932739257812,82.17568969726562,83.63579559326172,74476853,,,,,0.021631752647776503,0.021401106545051205,0.09576682384285876,0.06234008959503542,87.41626957484654,114.78829472859701,0.7615434115606622
2024-04-19,85.90052032470703,88.00032043457031,79.04212188720703,85.44498443603516,105796666,,,,,0.005331335615291755,0.005317174355557739,0.08147660225240207,0.05934935940414973,85.38849639892578,113.64761301676432,0.7513443893126907
2024-04-20,91.78141784667967,92.28927612304688,85.00702667236328,85.90057373046875,84008539,,,,,0.06846172176539378,0.06621997086338482,0.041638553056216165,0.06062479718187481,86.66158730643136,112.59094645182292,0.7697029826773275
2024-04-21,91.02448272705078,93.19273376464844,89.48797607421875,91.78141784667967,64791756,,,,,-0.008247149993840241,-0.008281345877523886,0.03663883901236065,0.060361526887977926,87.07836042131696,111.6695566813151,0.7797860312978854
2024-04-22,96.45050811767578,97.42486572265624,90.71717834472656,91.02448272705078,90581492,,,,,0.05961061494736164,0.057901496247216196,0.03625931936419277,0.06131146683328076,88.7252426147461,110.83386739095052,0.8005246474146803
2024-04-23,94.68175506591795,97.43058776855467,93.87450408935548,96.45050811767578,73665570,,,,,-0.018338452396744587,-0.018508686243770257,0.03868596006225167,0.06099129094203135,89.84563773018974,109.82956517537436,0.8180460114425969
2024-04-24,90.69792175292967,97.06999206542967,89.91616821289062,94.68175506591795,89847742,,,,,-0.04207603999540055,-0.0429868778519318,0.03988364494930635,0.06107020918679388,90.85451289585657,108.61710332234699,0.8364659903166841
2024-04-25,91.60780334472656,91.78599548339844,88.2451400756836,90.69937133789062,73110859,,,,,0.010032000449530676,0.009982013964649714,0.03964784890761791,0.060714185235907915,91.7349155970982,107.30630518595376,0.8548884004358223
2024-04-26,89.54032897949219,91.60784149169922,88.41451263427734,91.60780334472656,72869322,,,,,-0.022568758225260832,-0.022827330492060517,0.04157601981570737,0.06040511737233276,92.25488826206751,106.12426427205402,0.8693100385183187
2024-04-27,91.72557067871094,92.8592758178711,86.73699188232422,89.54032897949219,70506799,,,,,0.02440511135177137,0.024112064936184705,0.03369884632552119,0.060436703686472484,92.24691009521483,104.92023696899413,0.8792098908666732
2024-04-28,90.2804946899414,92.9754867553711,90.06998443603516,91.72557067871094,53140648,,,,,-0.015754341761810675,-0.015879760406841817,0.034126456450794616,0.06041809859196748,92.14062608991348,103.67661743164061,0.888731021251408
2024-04-29,89.49368286132812,91.58887481689452,86.85938262939453,90.2804946899414,71359811,,,,,-0.008715191817629031,-0.008753391207119248,0.022063298223225215,0.06033677678517879,91.14679391043525,102.52526601155597,0.8890178729227758
2024-04-30,83.36331176757812,90.28658294677734,80.91959381103516,89.49723815917969,89122249,,,,,-0.0685006013580769,-0.07095973452103176,0.03188141748909417,0.06070159737361479,89.52987343924386,101.02890675862629,0.8861807606524398
2024-05-01,83.74810791015625,84.20317077636719,78.80548858642578,83.36363983154297,91283497,,,,,0.004615893183933961,0.004605272618713661,0.030766550516192724,0.06067080655251988,88.53704289027623,99.51418406168618,0.8896926978308387
2024-05-02,84.98009490966797,85.90187072753906,81.2211685180664,83.74810791015625,71496062,,,,,0.014710624875649447,0.014603473200725666,0.03134570216090723,0.05798662780935529,87.59022739955357,98.49737447102864,0.8892645907563432
2024-05-03,88.81499481201172,89.18734741210938,83.77819061279297,84.98009490966797,69381007,,,,,0.04512703717759048,0.044138444705264714,0.03678470167451003,0.05882904594381312,87.48660823277065,97.63156585693358,0.8960893688929557
2024-05-04,89.05375671386719,89.84695434570312,87.86154174804688,88.81499481201172,54854430,,,,,0.0026883062073115305,0.0026846991752709965,0.03518786811456248,0.058718527511604605,87.10492052350726,96.7206075032552,0.9005828517007163
2024-05-05,90.07810974121094,90.19277954101562,87.5577392578125,89.05375671386719,56643196,,,,,0.011502636891950857,0.011436984534722708,0.03519439053009259,0.05878306174266917,87.07600838797433,95.92633616129555,0.9077382903643915
2024-05-06,87.94801330566406,92.67637634277344,87.94038391113281,90.0780792236328,75533294,,,,,-0.02364721508551315,-0.023931297926588126,0.036252158046997926,0.05812302552220471,86.85519845145089,94.90320739746092,0.9151977138949116
2024-05-07,88.14593505859375,91.30992126464844,86.46796417236328,87.94896697998047,86080590,,,,,0.0022504402941065926,0.002247911846051628,0.02022321370504342,0.05756524873177048,87.53843035016742,93.74750798543293,0.933768078014081
2024-05-08,86.23954010009766,89.10858917236328,85.69921875,88.14593505859375,79514254,,,,,-0.02162771269292052,-0.021865019512488072,0.02321115567944551,0.05642974170256159,87.89434923444476,92.3193634033203,0.9520684068244302
2024-05-09,89.90763092041016,90.59174346923828,85.12562561035156,86.23954010009766,65855645,,,,,0.042533747467286664,0.04165404583812641,0.027151555682994443,0.057273737900417857,88.59828295026507,91.11515401204426,0.9723770311418616
2024-05-10,84.16615295410156,90.69395446777344,83.98774719238281,89.90763092041016,58977365,,,,,-0.06385974035275355,-0.06598996368046534,0.03383949597084767,0.05785753088337718,87.93416268484933,89.64628702799477,0.9809013356837547
2024-05-11,82.19747924804688,84.47429656982422,82.16446685791016,84.16615295410156,48994630,,,,,-0.023390325409410884,-0.023668221003287748,0.03395986444097474,0.05635019181960776,86.95469447544643,88.45805002848306,0.9830048757286357
2024-05-12,83.02290344238281,84.24244689941406,82.19742584228516,82.19742584228516,38964572,,,,,0.010041964813118698,0.009991879309938502,0.033801603441973464,0.048670307839630826,85.94680786132812,87.8889823913574,0.9779019567961199
2024-05-13,82.75689697265625,85.802490234375,80.40061950683594,83.02290344238281,66519157,,,,,-0.0032040130939430256,-0.0032091569341222708,0.0334525215620275,0.03434474390502789,85.20521981375558,87.8852195739746,0.9695056828302828
2024-05-14,80.41891479492188,82.81134033203125,80.19622802734375,82.75689697265625,59158620,,,,,-0.02825120640406409,-0.028657950726329283,0.03380576842286033,0.032692518915584744,84.10135977608817,87.62894770304361,0.959744034141438
2024-05-15,86.09619903564453,86.70824432373047,80.08505249023438,80.41891479492188,68065718,,,,,0.0705963796601885,0.06821585737249901,0.045155918549699234,0.034523768175967605,84.0808824811663,87.66807657877602,0.9590820942171991
2024-05-16,85.95044708251953,86.76361083984375,84.09220123291016,86.09733581542969,59569666,,,,,-0.001692896489712159,-0.0016943310582539116,0.0412575444884257,0.03427693181364709,83.51557050432477,87.63845850626626,0.9529557220401509
2024-05-17,88.295654296875,89.32564544677734,85.04759979248047,85.95044708251953,61476665,,,,,0.027285573187349144,0.02691995771437983,0.03302728993573249,0.03388112482102545,84.10549926757812,87.79378712972003,0.9579891928264552
2024-05-18,88.21841430664062,90.00865173339844,87.88954162597656,88.29582977294922,53472921,,,,,-0.0008747881291493176,-0.0008751709795763912,0.030548454844523582,0.033680407530076326,84.96563284737724,87.88623479207355,0.9667683801495643
2024-05-19,85.37300872802734,88.69135284423828,84.63550567626953,88.218505859375,50654776,,,,,-0.03225410024626907,-0.032785726419192515,0.034585391391246625,0.03422849400522643,85.30136217389789,87.86865107218424,0.9707826526644034
2024-05-20,97.86383056640624,97.86383056640624,84.4754867553711,85.37300872802734,114127439,,,,,0.14630879272594077,0.13654703463714193,0.06042466231194768,0.04072622202879919,87.4594955444336,88.07139816284179,0.9930521982031352
2024-05-21,97.12447357177734,99.8861083984375,95.70783996582033,97.86285400390624,118203801,,,,,-0.007554956620333786,-0.007583639863528564,0.05783604378119943,0.040720265091381984,89.84600394112724,88.27473119099933,1.017799802150948
2024-05-22,94.39546966552734,97.71329498291016,93.1281967163086,97.12445831298828,84974392,,,,,-0.028098004610889293,-0.02850030739414195,0.05789102160906135,0.03968432811563997,91.0316140311105,88.20622990926105,1.0320315710665329
2024-05-23,97.74199676513672,99.81459045410156,91.59114837646484,94.39546966552734,138655554,,,,,0.03545220031710383,0.034838239819537584,0.0579767455952871,0.04005315202751839,92.71612112862724,88.3082379659017,1.0499147448104167
2024-05-24,99.34278106689452,103.34424591064452,95.36849975585938,97.74199676513672,174465273,,,,,0.01637765090480303,0.0162449837380633,0.057854504985396446,0.03925902677422154,94.29428209577289,88.59639994303386,1.0643127955131662
2024-05-25,105.29380798339844,108.1057357788086,99.33924102783205,99.34284210205078,169082553,,,,,0.05990396939357545,0.05817830910828762,0.0591320725380417,0.040519039616744926,96.73362404959542,89.05260009765625,1.0862526635215148
2024-05-26,109.7377700805664,112.61730194091795,103.81843566894533,105.29380798339844,170231038,,,,,0.04220535074454368,0.04133899756590767,0.05335634432333074,0.04071216864799952,100.21430424281529,89.72584813435873,1.1168944771940275
2024-05-27,108.63865661621094,114.26280975341795,107.44049835205078,109.7377700805664,139573136,,,,,-0.010015817375809033,-0.01006631312841927,0.03158002883866051,0.040688644902621564,101.7535651070731,90.28961766560873,1.1269686120936027
2024-05-28,106.61212158203124,108.78720092773438,103.78515625,108.63865661621094,120893656,,,,,-0.018653903659163085,-0.0188300821039515,0.03316224670742207,0.040745978737388104,103.10894339425224,90.83400522867838,1.1351359343306637
2024-05-29,103.60122680664062,107.3961944580078,102.63607788085938,106.61212158203124,101582510,,,,,-0.028241580138464117,-0.02864804464979569,0.033193326780111984,0.04114659970549801,104.42405155726841,91.30425669352213,1.143693134787626
2024-05-30,102.94879913330078,107.09052276611328,102.20181274414062,103.60125732421876,98789837,,,,,-0.0062974898410954605,-0.006317402674844411,0.03237602633715164,0.0386553058583868,105.16788046700614,91.95710627237956,1.1436623522655867
2024-05-31,103.94122314453124,104.48513793945312,100.08421325683594,102.94412994384766,97392632,,,,,0.009639976566850894,0.009593808461910412,0.032170619872737984,0.038655227015853624,105.82480076381137,92.6302101135254,1.1424437085278658
2024-06-01,104.03025817871094,105.27334594726562,103.56507110595705,103.94122314453124,53257326,,,,,0.0008565902101795864,0.0008562235461577665,0.02272072423910925,0.03864592328611556,105.644293648856,93.26521555582683,1.1327298502368153
2024-06-02,103.24113464355467,105.0106430053711,102.13887786865234,104.0302276611328,67296637,,,,,-0.007585519338043412,-0.007614435713151018,0.012484975235682939,0.03806983831047492,104.71620287214004,93.74608688354492,1.1170194549263974
2024-06-03,100.97738647460938,105.3578109741211,100.79117584228516,103.24113464355467,73889445,,,,,-0.021926804434695635,-0.022170769656536044,0.01349984399477236,0.03839145478951645,103.62173570905411,94.14354120890299,1.1006781174623457
2024-06-04,103.12757873535156,104.03993225097656,99.83197784423828,100.97738647460938,94715277,,,,,0.021293799887392106,0.02107025477901618,0.01726808994471802,0.038494320724050374,103.12394387381417,94.57852350870768,1.0903526514063178
2024-06-05,104.38152313232422,105.29591369628906,102.22974395751952,103.12757873535156,80553405,,,,,0.012159156768244861,0.012085828033555927,0.014515429489916316,0.038136704442265086,103.23541477748326,95.12630716959636,1.0852456891176228
2024-06-06,102.42625427246094,104.38884735107422,101.24710083007812,104.38152313232422,76286726,,,,,-0.01873194413329826,-0.018909609171550122,0.016259324843922306,0.03839767677813668,103.16076551164899,95.6023178100586,1.0790613436444858
2024-06-07,97.44766998291016,104.64225006103516,90.8266143798828,102.42625427246094,161528877,,,,,-0.04860652500585838,-0.04982755332769546,0.023756157728805787,0.03939876246889403,102.23311505998883,95.97592213948568,1.065195444659644
2024-06-08,92.9720687866211,97.96249389648438,92.43048858642578,97.43797302246094,93139633,,,,,-0.045928252538762315,-0.047016403379324403,0.027037563866595685,0.03980612640785667,100.65337371826172,96.07807006835938,1.0476206864547448
2024-06-09,93.46057891845705,94.07044219970705,92.0531234741211,92.96241760253906,111024465,,,,,0.005254375192587313,0.005240619128562611,0.028121235886888536,0.037735836136103554,99.2561514718192,96.38788426717123,1.0297575491614444
2024-06-10,90.78217315673828,93.62381744384766,90.6855926513672,93.46061706542967,131853006,,,,,-0.028658133650719564,-0.02907679608541915,0.02856438395675614,0.03788270262605464,97.79969242640904,96.67404073079427,1.0116437844855304
2024-06-11,87.73675537109375,90.93873596191406,85.13414764404297,90.78270721435548,145854027,,,,,-0.03354642965405252,-0.034122020446844446,0.024160419637296832,0.03846611988831523,95.60100337437221,96.83116912841797,0.987295766795769
2024-06-12,89.9734878540039,93.4206085205078,86.88533020019531,87.73768615722656,114505512,,,,,0.025493676777191165,0.025174132521226206,0.027598175401907097,0.038686055974433343,93.54271262032645,97.07172215779623,0.9636453391469336
2024-06-13,83.72600555419922,89.97501373291016,83.33709716796875,89.97501373291016,98360776,,,,,-0.0694369246854385,-0.07196541872268866,0.03351024710982577,0.04065766734085443,90.87124851771763,97.1819585164388,0.9350629469187568
2024-06-14,83.59415435791016,86.04399108886719,81.54489135742188,83.72262573242188,83207101,,,,,-0.0015747938220187496,-0.001576035113165935,0.03342632324333791,0.03864629935349813,88.89217485700335,97.09855702718099,0.9154839945985973
2024-06-15,85.87303924560547,86.9569320678711,83.49628448486328,83.59387969970703,60164850,,,,,0.027261294826169458,0.026896323927719817,0.03576452088048976,0.038979244492485306,87.8780277797154,97.09597676595052,0.9050635330807273
2024-06-16,85.5769271850586,86.54878997802734,84.30119323730469,85.87539672851562,59102817,,,,,-0.003448254110349658,-0.0034542130411030166,0.0352395426601416,0.03864816250427469,86.75179181780133,97.00535252888997,0.8942990212005576
2024-06-17,85.09864807128906,87.5953140258789,81.93631744384766,85.60684204101562,125039414,,,,,-0.005588879263393798,-0.005604555484727563,0.034518563969936786,0.03865710097007109,85.93985966273716,96.90136032104492,0.8868798062071462
2024-06-18,82.02147674560547,85.40904235839844,77.01121520996094,85.0806655883789,123718397,,,,,-0.036160049488750734,-0.03683002459611941,0.034857462816336934,0.038777911550412374,85.12339128766742,96.78964258829753,0.8794679783016305
2024-06-19,87.36981964111328,88.66571807861328,81.61222839355469,82.0150146484375,110242282,,,,,0.06520661548311324,0.06316878549328639,0.043150548650162955,0.031391782246550155,84.75143868582589,96.4398422241211,0.8788010922795584
2024-06-20,84.7978515625,90.01543426513672,84.79778289794922,87.36981964111328,113725390,,,,,-0.029437717614367198,-0.029879702867441335,0.03412151182256946,0.03174683900071924,84.90455954415458,96.02895482381184,0.884155822584265
2024-06-21,81.89830017089844,86.51220703125,81.75568389892578,84.79086303710938,91099971,,,,,-0.03419368932318356,-0.03479197141948256,0.036870879280384045,0.031930937193467186,84.66229466029576,95.61238250732421,0.8854741660036591
2024-06-22,81.63648223876953,82.1225357055664,79.6684341430664,81.90831756591797,62962282,,,,,-0.0031968664988475393,-0.0032019873933431223,0.03449141257381835,0.031048416265686808,84.05707223074776,95.07553202311198,0.8841083551372005
2024-06-23,80.70533752441406,82.71817016601562,80.23593139648438,81.6283950805664,57786390,,,,,-0.011405987725341515,-0.011471534900169021,0.0344783367117751,0.030774771468888656,83.3611308506557,94.4542839050293,0.8825553209897032
2024-06-24,86.35519409179688,87.80159759521484,78.25303649902344,80.7134017944336,146235831,,,,,0.07000598399918312,0.06766424098077775,0.044980791082221076,0.031506780029656026,83.54063742501395,93.82299677530925,0.8904068330398797
2024-06-25,92.02925872802734,94.94717407226562,86.27071380615234,86.34832763671875,138070249,,,,,0.06570611873327326,0.06363760174398327,0.046494097818530235,0.03290878828954921,84.97032056535993,93.23271306355794,0.9113788258787939
2024-06-26,94.43183135986328,95.36882781982422,90.11894989013672,92.02456665039062,97771774,,,,,0.026106617232854346,0.025771656781375253,0.04217898464092057,0.03339789669386465,85.97917938232422,92.75915222167968,0.926907774845199
2024-06-27,93.29216766357422,96.07279205322266,91.1630859375,94.42819213867188,115970004,,,,,-0.012068639142938986,-0.01214205646435701,0.039770524842035755,0.03332236496673042,87.19265311104911,92.31515375773112,0.9445107283239181
2024-06-28,93.53704071044922,96.74958038330078,92.90421295166016,93.29515838623048,95734986,,,,,0.002624797483086194,0.0026213587182324486,0.03431740896344435,0.03302705539611855,88.85533033098493,91.97968088785807,0.9660321657270984
2024-06-29,96.4780502319336,96.79993438720705,93.52564239501952,93.53616333007812,75853538,,,,,0.03144219123404257,0.030958008559787184,0.033042020075585446,0.03360979323191914,90.97555433000836,91.7639892578125,0.9914080138169559
2024-06-30,97.20525360107422,97.72402954101562,94.478515625,96.47354888916016,73731695,,,,,0.0075375006790914245,0.0075092356637061035,0.03032630611342909,0.03358679386088561,93.33268519810268,91.53945693969726,1.0195896755165015
2024-07-01,98.26805877685548,99.734130859375,96.34477996826172,97.2176284790039,85507456,,,,,0.010933618671918444,0.010874278804461604,0.024547528900640166,0.03366827434985433,95.0345230102539,91.34738362630209,1.040363929842104
2024-07-02,91.37444305419922,99.33895874023438,88.84661865234375,98.25857543945312,110951506,,,,,-0.07015113362837566,-0.07273321531872216,0.03472355712963431,0.036063375330453805,94.94097791399274,90.95182723999024,1.0438600388255699
2024-07-03,84.2249755859375,92.16699981689452,83.87061309814453,91.37518310546876,137490375,,,,,-0.07824362293536469,-0.08147432345988123,0.04348627235653991,0.038624183559778376,93.48285566057477,90.39341354370117,1.0341777348122825
2024-07-04,79.42858123779297,85.7248306274414,79.20704650878906,84.21878814697266,116237529,,,,,-0.05694741155787708,-0.05863323073274836,0.046203472358498254,0.0394274700641197,91.5023433140346,89.60344696044922,1.02119222438422
2024-07-05,79.83473205566406,80.2247314453125,72.60899353027344,79.4261474609375,173592188,,,,,0.005113408946021192,0.005100379866961477,0.046441321485258265,0.03932094256240786,89.54487064906529,88.78522059122722,1.0085560417914097
2024-07-06,83.19559478759766,83.43648529052734,78.71359252929688,79.83666229248047,79565001,,,,,0.042097751760352464,0.04123575060133952,0.048533175097089154,0.04031563613232824,87.64737701416016,88.14419860839844,0.9943635360910644
2024-07-07,78.22631072998047,83.27320861816406,78.0511245727539,83.1968765258789,72186874,,,,,-0.05973013439358188,-0.06158835385018555,0.04875662502802965,0.04080139105239595,84.93609946114677,87.50348663330078,0.9706596014520756
2024-07-08,81.95966339111328,83.87179565429688,75.95575714111328,78.22757720947266,103282948,,,,,0.047725025330920934,0.04662117106166196,0.055309021378635394,0.04123946644827914,82.60632869175502,87.13640645345052,0.9480116526940375
2024-07-09,85.23651123046875,86.06024932861328,81.5160140991211,81.95601654052734,95704368,,,,,0.03998122617607991,0.03920266123657711,0.055700209502392135,0.04196734993115172,81.72948128836495,86.86227086385091,0.9409088718906375
2024-07-10,91.055419921875,91.07176208496094,84.01011657714844,85.23595428466797,86698548,,,,,0.06826779519016979,0.06603845366692399,0.051897679886201475,0.043499749926137865,82.70525905064174,86.87137908935547,0.9520426625847798
2024-07-11,92.8751983642578,95.82572174072266,88.6290512084961,91.07918548583984,115071000,,,,,0.019985393993505962,0.019788307579443217,0.0418095145154527,0.04314938166165961,84.62620435442243,87.04266052246093,0.9722382547415936
2024-07-12,97.46099090576172,98.23677825927734,92.11000061035156,92.87574005126952,117978096,,,,,0.04937585730388827,0.04819556581551748,0.04201979501061034,0.04377775466277807,87.14424133300781,87.29224395751953,0.9983045157530405
2024-07-13,99.30674743652344,100.91304779052734,95.70950317382812,97.46200561523438,93690513,,,,,0.018938413344744776,0.018761314087077045,0.04174211129695892,0.041519980193352436,89.44583456856864,87.81160202026368,1.0186106677330389
2024-07-14,104.33918762207033,104.88147735595705,99.25106811523438,99.30860137939452,106465212,,,,,0.05067571253165459,0.049433492933532504,0.016975435036824582,0.04225025697082696,93.1762455531529,88.503103129069,1.052802017769578
2024-07-15,104.09894561767578,106.46952056884766,101.59748077392578,104.3624267578125,135203959,,,,,-0.002302509822720955,-0.0023051646744605206,0.02325694962868214,0.04212152606105664,96.33900015694755,89.11063334147136,1.0811167707424674
2024-07-16,100.55574035644533,106.43702697753906,99.4503173828125,104.08452606201172,153526155,,,,,-0.034036898646827685,-0.03462964285612115,0.034576107696813366,0.042753251853682575,98.52746146065849,89.60992711385092,1.0995150273415322
2024-07-17,98.05284881591795,103.33417510986328,97.67396545410156,100.5745086669922,120974230,,,,,-0.02489058836079605,-0.025205597214303606,0.033082723864720325,0.043075415875800924,99.52709415980748,90.04173380533854,1.1053440438516584
2024-07-18,98.52971649169922,100.34976959228516,95.97342681884766,98.04759979248048,95975910,,,,,0.004863374002284537,0.004851586003124279,0.032870596183809345,0.0423551030023028,100.33488246372768,90.59200846354166,1.1075467269732406
2024-07-19,100.75740814208984,101.24944305419922,95.90331268310548,98.52924346923828,87578646,,,,,0.022609337869944124,0.022357535120157288,0.028869928051839338,0.04109604236083824,100.80579921177456,91.03826141357422,1.1072904693755932
2024-07-20,98.9555892944336,100.80149841308594,98.66085815429688,100.75740814208984,66077190,,,,,-0.017882743124111422,-0.018044571568763258,0.029242462022803062,0.04080792327738507,100.75563376290458,91.51018600463867,1.10103189778018
2024-07-21,98.59587860107422,100.08057403564452,94.94705200195312,98.9555892944336,82278366,,,,,-0.0036350720148721205,-0.0036416949439027455,0.019339849037211365,0.040147617837506124,99.93516104561942,92.0667719523112,1.0854639402083512
2024-07-22,94.2065200805664,99.5192413330078,93.68191528320312,98.59587860107422,95915780,,,,,-0.04451868153908811,-0.045540067077546986,0.023616162814342544,0.041218812821322885,98.52195739746094,92.48577321370443,1.0652660833554244
2024-07-23,94.41218566894533,96.22242736816406,92.03297424316406,94.2065200805664,98324143,,,,,0.0021831353944825604,0.002180755817071016,0.02239227576140383,0.041108488214885615,97.64430672781808,92.94266815185547,1.0505864386019215
2024-07-24,89.92613220214844,94.66056823730467,89.6396713256836,94.41267395019533,72024338,,,,,-0.04751561924990444,-0.048681570278361695,0.026587829397632975,0.04049873117677252,96.48334721156529,93.06169942220052,1.036767518867687
2024-07-25,92.91130828857422,96.97140502929688,85.9098892211914,89.92613220214844,199239182,,,,,0.03319586880168823,0.03265678378177545,0.03125509420788342,0.039230831380111846,95.68071746826172,93.09110107421876,1.0278180874880656
2024-07-26,97.812255859375,103.02969360351562,92.72101593017578,92.91130828857422,158609830,,,,,0.052748666024364566,0.051404520924796235,0.03735100247109649,0.04007438357526691,95.25998142787388,93.20378189086914,1.022061331582149
2024-07-27,101.43362426757812,102.8769302368164,97.20594024658205,97.812255859375,113920103,,,,,0.03702366719166128,0.03635475173686973,0.03959161686779705,0.04049472358969329,95.61398642403739,93.47516377766927,1.0228811864021476
2024-07-28,98.79352569580078,101.43569946289062,98.13250732421876,101.43362426757812,73214463,,,,,-0.026027844226613306,-0.026372563249888736,0.04117856670021533,0.04084335115155853,95.64222172328404,93.65037994384765,1.0212689129572212
2024-07-29,105.02102661132812,106.13616943359376,98.73748016357422,98.79359436035156,116861078,,,,,0.06303551646393002,0.06112851033875105,0.0411305950072491,0.04194215416541349,97.18715122767857,93.93514582316081,1.0346196876155371
2024-07-30,105.29180145263672,106.38289642333984,102.78274536132812,105.02102661132812,125461367,,,,,0.00257829170067736,0.002574973608746004,0.04110954397048238,0.04193283823043516,98.7413820539202,94.20469741821289,1.0481577326825555
2024-07-31,107.5732421875,112.04352569580078,104.28507232666016,105.2918472290039,164201061,,,,,0.02166779087628723,0.021436381087766864,0.02983914119429164,0.04204833271240692,101.26239776611328,94.5148701985677,1.0713911742498254
2024-08-01,116.7176742553711,117.11429595947266,103.749755859375,107.5732421875,305131815,,,,,0.0850065674504108,0.08158603992379122,0.036708552363544845,0.04190110376752842,104.6633071899414,95.35964457194011,1.0975639397542274
2024-08-02,110.37841033935548,117.61568450927734,107.06707000732422,116.71554565429688,288321691,,,,,-0.05431280186534293,-0.055843421972400116,0.04814543576388477,0.04023877602941449,106.4584721156529,96.23142573038737,1.1062755363712344
2024-08-03,105.95437622070312,116.55400848388672,103.64102172851562,110.37841033935548,254533623,,,,,-0.040080610918845294,-0.04090596775303887,0.05176035923808511,0.03933103992287593,107.10429382324219,97.11561889648438,1.1028534342905723
2024-08-04,97.11284637451172,111.58440399169922,97.0989227294922,105.9532699584961,262421706,,,,,-0.08344657541822043,-0.08713492144080803,0.06218433272576614,0.04311801557425301,106.86419677734375,97.69155604044596,1.093893895323974
2024-08-05,96.07622528076172,98.87956237792967,77.31090545654297,97.1122055053711,421288948,,,,,-0.010674397182761086,-0.01073177725748091,0.0555125144321269,0.04271769632781531,105.58636801583427,98.1209103902181,1.0760842678275886
2024-08-06,103.63538360595705,107.81832885742188,95.72732543945312,96.07518768310548,263588649,,,,,0.07867876056855216,0.07573692236443488,0.06495564361716605,0.042716286259825806,105.34973689488002,98.96787948608399,1.0644841280012816
2024-08-07,98.28394317626952,106.24259948730467,97.11276245117188,103.63538360595705,212208950,,,,,-0.051637194204199655,-0.05301814340492817,0.0665051096163573,0.04358527015496358,104.02269417898995,99.5120221455892,1.0453279104991102
2024-08-08,101.68148040771484,103.87174224853516,95.7577896118164,98.28394317626952,226999618,,,,,0.03456858894389225,0.033984517546347494,0.056985772932460474,0.043458650412345624,101.87466648646763,100.06018778483073,1.0181338726401228
2024-08-09,96.50312042236328,101.68148040771484,93.96751403808594,101.68148040771484,139192942,,,,,-0.050927267822889255,-0.05226984244794701,0.05662288449817531,0.04317841821289299,99.89248221261161,100.24177780151368,0.9965154689335848
2024-08-10,93.38253784179688,97.05445098876952,92.6408462524414,96.50312042236328,80767418,,,,,-0.032336597686257296,-0.03287097705837262,0.056189100825398984,0.043496880758729074,98.09650530133929,100.25868911743164,0.9784339508612584
2024-08-11,91.323974609375,96.09889221191406,91.15532684326172,93.38258361816406,97870116,,,,,-0.022044413013377007,-0.022291022057596994,0.04758680871506627,0.042710511109407136,97.26952362060547,100.05412190755209,0.9721690797554594
2024-08-12,95.76615142822266,97.00489044189452,90.44275665283205,91.323974609375,133535667,,,,,0.048641956702480504,0.047495952469584234,0.052067027781562046,0.043510756566368575,97.22522735595703,99.93610204060873,0.9728739201419909
2024-08-13,97.77386474609376,98.489990234375,94.0184097290039,95.76615142822266,145025519,,,,,0.020964748900616614,0.02074801253420525,0.041788145579071775,0.042666447480481,96.3878675188337,99.71725794474284,0.966611692955355
2024-08-14,106.26153564453124,106.69070434570312,96.42391204833984,97.77433013916016,189469969,,,,,0.08680919917074847,0.08324606299020257,0.04866660795956164,0.045426574276453975,97.52752358572823,99.78934427897136,0.9773340459386127
2024-08-15,108.250244140625,111.87171173095705,104.46460723876952,106.26153564453124,238757972,,,,,0.018715224507449557,0.018542249537497335,0.04780126239321191,0.04503680896772472,98.4659184047154,100.045827738444,0.9842081437133084
2024-08-16,112.74356842041016,114.76763916015624,105.99349212646484,108.25010681152344,235255652,,,,,0.041508675712065735,0.04067031170058097,0.04028111131483667,0.04524698170391033,100.78598240443638,100.53551839192708,1.0024912987620245
2024-08-17,110.92073822021484,116.28617095947266,109.73733520507812,112.74356842041016,136236764,,,,,-0.016167930692047583,-0.01630005776658172,0.03684416725945784,0.045408299645747524,103.29143960135323,100.94855244954427,1.02320872459246
2024-08-18,111.4626007080078,113.18912506103516,109.60184478759766,110.92073822021484,131883223,,,,,0.00488513236106658,0.004873238820592735,0.03222474735094928,0.045275886974948096,106.16838618687221,101.30539220174154,1.0480033084067866
2024-08-19,118.15335083007812,121.51304626464844,108.03794860839844,111.4626007080078,245161628,,,,,0.06002686174170391,0.05829424906864973,0.033519873002659184,0.046167518091462106,109.36655752999442,101.94531758626302,1.0727962805888733
2024-08-20,131.14605712890625,131.65956115722656,117.9155044555664,118.15367126464844,307642883,,,,,0.1099647721164807,0.10432827798861949,0.043168014183876856,0.04948632793978113,114.13401358468192,103.03032353719075,1.1077710878339917
2024-08-21,140.2895965576172,143.0353240966797,128.0963592529297,129.1173858642578,421102990,,,,,0.06972027698647132,0.06739719091963756,0.04100242918770158,0.049449867780242455,118.9951651436942,104.56642608642578,1.1379863460700363
2024-08-22,135.79823303222656,141.78335571289062,133.6253204345703,140.2895965576172,210412195,,,,,-0.03201494362802604,-0.03253862945697981,0.04913219197194097,0.05012018236959921,122.9305921282087,105.94596099853516,1.1603140975795045
2024-08-23,143.7498321533203,147.8883056640625,132.28231811523438,135.79856872558594,275622402,,,,,0.05855451093540176,0.05690430855248056,0.049964316721710596,0.04940572423350584,127.3600583757673,107.74008433024089,1.1821046843196075
2024-08-24,137.0381317138672,143.7574462890625,135.79026794433594,143.75003051757812,166424396,,,,,-0.04669014453035725,-0.047815291269346576,0.05633975120832175,0.050619396117607726,131.0911145891462,109.21097844441732,1.2003474051453968
2024-08-25,135.57415771484375,139.16844177246094,134.14463806152344,137.0381317138672,133540235,,,,,-0.01068296816889025,-0.010740440758387166,0.057800009954842635,0.05026193457184022,134.5356227329799,110.46970850626627,1.2178507986680214
2024-08-26,128.83981323242188,136.6107177734375,128.2541961669922,135.57415771484375,150637671,,,,,-0.049672773896824673,-0.050948905166668265,0.06278276273001426,0.05125386013454616,136.062260219029,111.38324813842773,1.221568435945862
2024-08-27,119.8817367553711,131.03147888183594,117.83744049072266,128.8323974609375,176776358,,,,,-0.06952879123544498,-0.072064145060905,0.05458598379324878,0.05296011770153561,134.45307159423828,112.08618850708008,1.1995507509450674
2024-08-28,125.46810150146484,128.79534912109375,118.70801544189452,119.88215637207033,220053455,,,,,0.04659896408986142,0.045545825169374506,0.049633534264597934,0.052479575871310656,132.3357151576451,112.76775767008463,1.1735243999868192
2024-08-29,122.86770629882812,128.24008178710938,121.88211059570312,125.46774291992188,148867599,,,,,-0.02072554833872542,-0.02094333696363746,0.04917908427642414,0.05270658516599194,130.4884970528739,113.35362116495769,1.1511630216292843
2024-08-30,131.48439025878906,131.7146759033203,118.81925201416016,122.86802673339844,192297332,,,,,0.07012976981115115,0.06777992131730377,0.051899805382085155,0.053866886682048844,128.73629106794084,114.15065943400064,1.1277752726638717
2024-08-31,129.7985076904297,133.37554931640625,128.3831329345703,131.48648071289062,142949143,,,,,-0.012821921788899848,-0.012904832103604201,0.04959376259747445,0.05206912784211183,127.70205906459263,114.58668721516928,1.114458076833965
2024-09-01,120.68827056884766,129.93768310546875,120.67984008789062,129.7985076904297,140826636,,,,,-0.0701875336140998,-0.07277236221615732,0.05541667143632435,0.05282119793708758,125.57550375802177,114.930349222819,1.0926226589163552
2024-09-02,134.9031524658203,135.13436889648438,117.99234771728516,120.68827056884766,209694831,,,,,0.11778180124690452,0.11134618685395917,0.07054385250055765,0.055695571213326724,126.44169507707868,115.89530843098959,1.0909992543172615
2024-09-03,118.78923034667967,134.98133850097656,118.78923034667967,134.9031524658203,253809455,,,,,-0.11944807682106118,-0.12720638267785656,0.08280195088372358,0.058468567544207845,126.28562273297992,116.61785456339518,1.0829012693277529
2024-09-04,135.27078247070312,138.28184509277344,116.82427215576172,118.78923034667967,537608411,,,,,0.1387461815850053,0.12992781642285728,0.09587085392017372,0.06252058376157048,127.68600572858539,117.9243398030599,1.0827790593683035
2024-09-05,128.96983337402344,136.99295043945312,127.644775390625,135.27171325683594,250268216,,,,,-0.046580266496531464,-0.047700038393865066,0.09785773090002627,0.06220175423357102,128.557738167899,118.76882146199544,1.082419919515964
2024-09-06,126.91268157958984,130.39222717285156,120.05803680419922,128.96983337402344,270470149,,,,,-0.015950643190083658,-0.016079223828151166,0.09423194003686114,0.061326220704952715,127.90463692801339,119.72311274210612,1.068337048699452
2024-09-07,125.19154357910156,130.67242431640625,124.34353637695312,126.91082000732422,165976150,,,,,-0.013561591947049978,-0.013654390285681902,0.09424277134427453,0.061260886664547494,127.24649919782367,120.50678151448568,1.0559281195517434
2024-09-08,125.68956756591795,127.41651153564452,123.5315170288086,125.19154357910156,139110385,,,,,0.0039780960644655305,0.003970204362691438,0.08940654916056957,0.060238698902617696,127.96097019740513,121.4796630859375,1.053353021788368
2024-09-09,140.23715209960938,141.87997436523438,124.4569320678711,125.68956756591795,314378000,,,,,0.11574217984370039,0.10951981562407845,0.08904915725684226,0.062411930064608545,128.72297014508928,123.04148356119792,1.04617537451152
2024-09-10,150.6758575439453,152.56936645507812,136.55953979492188,140.23715209960938,333880881,,,,,0.07443609120728145,0.07179595762777288,0.06914895816938466,0.0629105376031969,133.2782026018415,125.01987965901692,1.0660560781641175
2024-09-11,149.5228271484375,157.20156860351562,145.41136169433594,150.6758575439453,432984844,,,,,-0.007652389800877901,-0.007681819570559118,0.055544055679400295,0.06278531942166733,135.314208984375,126.81176884969075,1.0670477212944025
2024-09-12,145.21189880371094,151.60250854492188,142.1249542236328,149.5228271484375,316414502,,,,,-0.028831238861253827,-0.029255024413792668,0.05246413680729978,0.06328511005060265,137.63450404575892,128.39303665161134,1.0719779486112153
2024-09-13,144.41708374023438,146.12588500976562,139.7938995361328,145.21189880371094,242634651,,,,,-0.005473484404683315,-0.005488518805917688,0.05149684852776853,0.06195737074540089,140.135132925851,129.66488825480144,1.0807484956951086
2024-09-14,140.10963439941406,144.4265594482422,137.8212890625,144.41708374023438,142381819,,,,,-0.02982645286320973,-0.030280308914001568,0.05356659706026457,0.062371240147196354,142.26628875732422,130.72686793009441,1.0882712254178724
2024-09-15,143.54547119140625,149.74191284179688,140.0859375,140.10963439941406,257677291,,,,,0.024522487741260868,0.0242266384229881,0.05334989437775101,0.0621515466420634,144.81713213239397,131.75359802246095,1.0991512513207113
2024-09-16,140.44082641601562,143.6134490966797,138.33116149902344,143.54547119140625,214516194,,,,,-0.021628301816995932,-0.021865621659810135,0.03669986786180527,0.062234990620458314,144.84622846330916,132.73760096232095,1.09122228677634
2024-09-17,140.62493896484375,147.1854248046875,136.97454833984375,140.44082641601562,217171240,,,,,0.0013109617304780663,0.001310103170426341,0.01935551321533326,0.062244297715348985,143.41038295200892,133.7096789042155,1.0725504999136422
2024-09-18,141.42123413085938,141.43463134765625,134.52220153808594,140.62493896484375,205277472,,,,,0.005662545860479984,0.005646573913889537,0.020241056131475015,0.061507838135815535,142.25301252092635,134.48527501424152,1.0577590186424666
2024-09-19,150.10267639160156,152.5076446533203,141.42123413085938,141.42123413085938,251021242,,,,,0.06138711993355339,0.05957665635927681,0.03010613818793222,0.059552278966550916,142.95169503348214,135.11716232299804,1.0579832537613219
2024-09-20,153.14947509765625,157.18162536621094,147.84548950195312,150.10267639160156,189171520,,,,,0.020298097137894544,0.020094836694829674,0.03021126391330111,0.05844547341553924,144.19917951311385,135.54582494099935,1.063840804951987
2024-09-21,154.2644500732422,154.38597106933594,150.2205810546875,153.14947509765625,100058106,,,,,0.007280305563404532,0.00725393206624233,0.025103742363491773,0.05806320409339079,146.22129603794642,136.1613655090332,1.073882415113161
2024-09-22,162.26206970214844,162.3759307861328,154.2639617919922,154.2644500732422,304936122,,,,,0.051843568787942385,0.05054440438796773,0.0286541470696499,0.05787563391066845,148.8950958251953,136.77844009399413,1.0885860061196386
2024-09-23,172.06982421875,178.24908447265625,159.14987182617188,162.2633514404297,370458767,,,,,0.06044391356898671,0.05868760684326866,0.0262829213077657,0.05785171702433391,153.4135240827288,137.94616317749023,1.1121260682353107
2024-09-24,166.4248046875,173.35044860839844,163.92108154296875,172.06982421875,241918010,,,,,-0.03280656301521856,-0.033356765286894914,0.03438951691055679,0.058244818489256965,157.0992191859654,138.9745180765788,1.13041744170251
2024-09-25,165.36952209472656,173.34109497070312,164.61203002929688,166.42005920410156,264819240,,,,,-0.006340897288447889,-0.006361086166644009,0.035734477362613454,0.05728039633189308,160.52040318080358,140.1921750386556,1.1450025876019316
2024-09-26,165.32388305664062,169.70700073242188,163.4631805419922,165.36952209472656,227759035,,,,,-0.0002759821610889279,-0.00027602025117383144,0.03234163649157526,0.05527071501012469,162.69486127580916,141.70691324869793,1.1481081448036135
2024-09-27,170.7498779296875,173.81455993652344,163.86004638671875,165.32388305664062,257473421,,,,,0.0328203933559188,0.032293306052407364,0.033058166443409,0.055035175360246276,165.2092045375279,143.21630579630533,1.1535642091795244
2024-09-28,164.0228271484375,170.9976043701172,162.32196044921875,170.74822998046875,164193210,,,,,-0.039397104482968404,-0.04019417547630618,0.039313163507779546,0.05552176169188752,166.60325840541296,144.588143157959,1.1522608615521328
2024-09-29,161.44590759277344,164.74539184570312,159.0922088623047,164.02157592773438,167696749,,,,,-0.015710737343479608,-0.015835459015105895,0.03536242633246432,0.05459295308312957,166.48666381835938,145.58686040242512,1.1435555609768897
2024-09-30,156.4751739501953,161.5432891845703,154.9411163330078,161.44590759277344,186548461,,,,,-0.030788848826792004,-0.031272784561992624,0.02500341590096192,0.05492405590151697,164.25885663713728,146.476082611084,1.1214039432858758
2024-10-01,145.07208251953125,164.0642547607422,144.5443115234375,156.4751739501953,293522711,,,,,-0.07287476436545492,-0.07566662476927077,0.03405781988417572,0.055069959576059035,161.2084677559989,147.28887634277345,1.0945053812538532
2024-10-02,139.31593322753906,150.01942443847656,137.16397094726562,145.07208251953125,257547201,,,,,-0.03967785663528489,-0.040486484805023135,0.03428586558668127,0.051956127903102764,157.4865264892578,147.43596903483072,1.0681689652818216
2024-10-03,143.35914611816406,144.2537384033203,135.25799560546875,139.31593322753906,323820433,,,,,0.02902189862247395,0.02860873808559567,0.039087851430233765,0.04615457757956473,154.3487069266183,148.25496622721354,1.0411031134705164
2024-10-04,151.25856018066406,152.6217041015625,141.88917541503906,143.35914611816406,286947427,,,,,0.055102267810585914,0.053637698543360576,0.04435758189815853,0.04090992880055816,151.5642329624721,148.78789215087892,1.0186597227197614
2024-10-05,148.74795532226562,151.74447631835938,146.2888641357422,151.25856018066406,125520064,,,,,-0.016598100996067622,-0.016737392946642126,0.04321240536648451,0.03994709557829813,149.3821084158761,149.447162882487,0.9995646992197367
2024-10-06,150.0349884033203,150.30259704589844,146.38742065429688,148.74795532226562,129012284,,,,,0.008652442168137986,0.008615224319837156,0.044016693522937834,0.03975693883701271,147.7519771030971,150.217906443278,0.9835843182842384
2024-10-07,146.81553649902344,154.49916076660156,145.83038330078125,150.0349884033203,210763083,,,,,-0.021458007485843367,-0.021691577876078654,0.04340679943987751,0.03991776843575829,146.37202889578683,150.9387062072754,0.9697448227413754
2024-10-08,143.13330078125,147.41278076171875,142.00448608398438,146.81553649902344,172119972,,,,,-0.025080695174232615,-0.02540057569070621,0.0336125825868084,0.04031003607369206,146.09506007603235,151.5201639811198,0.9641954987207945
2024-10-09,139.5462188720703,143.71176147460938,138.89036560058594,143.13330078125,187224268,,,,,-0.025061127561515573,-0.02538050488458722,0.031116231426834912,0.03539619874066974,146.1279580252511,151.49713287353515,0.9645592312775578
2024-10-10,140.48651123046875,144.77130126953125,136.4761962890625,139.5462188720703,253574573,,,,,0.006738214521315289,0.00671561422082618,0.028803405888939027,0.03272754024670286,145.71758161272322,151.15748799641926,0.9640116645506512
2024-10-11,143.92750549316406,145.59371948242188,140.4581756591797,140.48651123046875,167130155,,,,,0.02449341386982229,0.024198260047380894,0.019967898900716177,0.03306375619827561,144.6702880859375,150.97097727457682,0.9582655600276071
2024-10-12,154.77613830566406,156.7007598876953,143.42684936523438,143.92750549316406,231135682,,,,,0.07537567454759553,0.0726700652264996,0.03540302034422701,0.035253317459812424,145.53145708356584,151.28978525797527,0.9619384205973293
2024-10-13,154.6999969482422,155.5768585205078,150.82691955566406,154.77613830566406,185788187,,,,,-0.0004919450650170409,-0.0004920661096903859,0.03544428923602749,0.035227895818521704,146.19788687569755,151.6325490315755,0.9641590002239805
2024-10-14,162.74057006835938,165.01719665527344,153.24893188476562,154.6999969482422,262980647,,,,,0.05197526359879179,0.05066960034970557,0.03708910209166758,0.03574334860943451,148.47289167131697,152.3869135538737,0.9743152361887492
2024-10-15,156.8221435546875,165.2338409423828,153.22573852539062,162.74057006835938,259116807,,,,,-0.03636724703118488,-0.03704501860652292,0.03937849830926988,0.036351686070102716,150.4284406389509,152.8294692993164,0.984289491605424
2024-10-16,155.94239807128906,159.63595581054688,153.8560333251953,156.8221435546875,176222190,,,,,-0.005609829475973549,-0.005625623665518261,0.03678813333767178,0.03608939338023515,152.770751953125,153.3461883544922,0.9962474685054645
2024-10-17,152.93690490722656,157.4544677734375,150.5128173828125,155.94239807128906,147716396,,,,,-0.019273098280100487,-0.01946124581917004,0.039129722682060705,0.03633109804164618,154.54937962123327,153.75658721923827,1.0051561524376487
2024-10-18,158.88973999023438,158.89266967773438,152.19764709472656,152.9388885498047,137764415,,,,,0.038923470346276856,0.038185052374708206,0.040191356806726614,0.03690031904943758,156.6868416922433,154.3388707478841,1.015213088789503
2024-10-19,158.1452178955078,159.74830627441406,155.9773406982422,158.88973999023438,100032300,,,,,-0.004685778293628817,-0.004696790968171897,0.03099539096148168,0.03539014265958216,157.1681387765067,154.606955464681,1.0165657703052746
2024-10-20,158.76271057128906,160.41949462890625,156.2128143310547,158.1452178955078,111089047,,,,,0.003904592778703142,0.003896989641329832,0.030955543737058493,0.03522362270638317,157.74852643694197,154.79406331380207,1.0190864110670095
2024-10-21,153.27685546875,159.47576904296875,151.64154052734375,158.76271057128906,133548586,,,,,-0.03455380097000649,-0.03516490209445805,0.02582590983097964,0.035818590458892734,156.39656720842635,154.76114349365236,1.010567405214611
2024-10-22,152.50523376464844,154.87997436523438,150.43373107910156,153.27685546875,107375229,,,,,-0.005034169716894299,-0.005046883837238855,0.022570132914083274,0.03451640786638616,155.77986580984933,154.435915629069,1.008702316266951
2024-10-23,148.9280548095703,152.76702880859375,144.06423950195312,152.50523376464844,123470629,,,,,-0.023456106172713764,-0.02373557951968033,0.023793945259101584,0.032748793756366246,154.77781677246094,153.66452331542968,1.007244960860263
2024-10-24,147.40806579589844,152.7159423828125,145.90615844726562,149.4950408935547,125517740,,,,,-0.010206196647202792,-0.010258636988295537,0.0232103505559198,0.03232337575463197,153.98798261369978,153.03063201904297,1.0062559409317324
2024-10-25,137.83555603027344,149.31134033203125,133.03968811035156,147.40806579589844,169706680,,,,,-0.0649388465545645,-0.06714334707777128,0.024459177912215045,0.0343170565469724,150.98024204799108,152.11283315022786,0.9925542698878127
2024-10-26,142.58177185058594,143.4779052734375,136.9453125,137.83555603027344,117903460,,,,,0.03443390048987127,0.033854321033874375,0.031798761588117445,0.03507319966875084,148.75689261300224,151.3547627766927,0.9828358875794128
2024-10-27,147.66748046875,147.7567596435547,141.82704162597656,142.58177185058594,93884030,,,,,0.035668715237270776,0.03504731976202633,0.03665948582213182,0.035177444845129746,147.17185974121094,150.5853495279948,0.9773318599884827
2024-10-28,151.68992614746094,154.02154541015625,146.37339782714844,147.66748046875,180538742,,,,,0.027239888335212514,0.026875485301650223,0.0371563490662687,0.03498388806064433,146.94515555245536,150.17425282796225,0.9784976637825786
2024-10-29,151.34519958496094,154.96156311035156,149.34848022460938,151.68992614746094,159018624,,,,,-0.002272573869967376,-0.002275160084950609,0.037126843964062,0.03489454563439398,146.77943638392858,149.83756256103516,0.9795903902543739
2024-10-30,156.26773071289062,157.9792022705078,148.92408752441406,151.34519958496094,183432936,,,,,0.032525188386740345,0.03200744108743653,0.037437113887946176,0.03498611323490632,147.82796151297433,149.83064778645834,0.9866336673900103
2024-10-31,143.45159912109375,157.43008422851562,140.88717651367188,156.26773071289062,166596585,,,,,-0.08201393552801917,-0.08557306879061509,0.05139975239736279,0.035762617774955804,147.26275198800224,149.7766316731771,0.9832158083868496
2024-11-01,141.45724487304688,146.7078094482422,140.6115264892578,143.45172119140625,132046486,,,,,-0.01390262820537369,-0.014000174899787226,0.04387298186650606,0.035058217673835476,147.78013610839844,149.84800872802734,0.9862001995409757
2024-11-02,138.28945922851562,143.55419921875,137.32968139648438,141.45724487304688,95457198,,,,,-0.02239394417284335,-0.022648495998112174,0.04258030454525331,0.03489013322821433,147.16694859095983,149.67901916503905,0.9832169492551969
2024-11-03,132.9179229736328,138.51657104492188,128.9881591796875,138.28945922851562,148065902,,,,,-0.03884270200237494,-0.03961720182699824,0.04035515974592135,0.03397824936345969,145.05986894880022,149.06766459147136,0.9731142521508287
2024-11-04,128.20127868652344,134.3917694091797,125.9223403930664,132.9179229736328,142775553,,,,,-0.035485389641884635,-0.036130298634842885,0.03626959495314626,0.034404655751591434,141.70434788295202,148.38277537027994,0.9549918953149223
2024-11-05,135.81861877441406,136.63461303710938,128.01284790039062,128.20127868652344,198438649,,,,,0.059417036756056696,0.05771879151310117,0.04758986768932647,0.03619402539538399,139.48626491001673,147.90889638264974,0.9430552747088105
2024-11-06,173.58961486816406,175.654541015625,135.78427124023438,135.81861877441406,674430054,,,,,0.2780988087979688,0.24537366814505804,0.11020256174347125,0.057871099004264306,141.9608197893415,148.8013656616211,0.9540290114820908
2024-11-07,183.5663909912109,189.6925506591797,173.5887908935547,173.58961486816406,603772236,,,,,0.057473346724248975,0.055882427577405365,0.1012921154322641,0.05827181609350483,147.6915043422154,150.14913533528645,0.9836320669607381
2024-11-08,182.0431671142578,184.5961456298828,176.52182006835938,183.5663909912109,307933295,,,,,-0.00829794533045014,-0.00833256492616599,0.10085476741721776,0.05801466440760448,153.48949323381697,151.5657002766927,1.0126927989222645
2024-11-09,195.32652282714844,199.13624572753903,181.41897583007807,182.0431671142578,401443546,,,,,0.07296816421872854,0.0704287933283725,0.09792141726309773,0.059089627754429136,161.6376451764788,153.3937006632487,1.053743696628901
2024-11-10,190.37106323242188,198.27047729492188,181.73977661132807,195.32652282714844,459023276,,,,,-0.025370131628830728,-0.025697502242448433,0.09593523098505533,0.0594062593176531,169.8452366420201,154.9418192545573,1.0961871847069102
2024-11-11,194.3289337158203,194.6180725097656,183.73568725585935,190.37106323242188,508096133,,,,,0.020790294576263024,0.020577125898871118,0.08949817209505626,0.05824066275541875,179.29204450334822,156.26024576822917,1.1473938468603246
2024-11-12,180.0343475341797,196.08665466308597,173.14971923828125,194.3289337158203,621644588,,,,,-0.0735587125823709,-0.0764046055640798,0.10322750633026596,0.06021922799071471,185.60857718331474,157.10472412109374,1.1814321830338512
2024-11-13,173.0202178955078,187.5350799560547,168.20828247070312,180.0343475341797,439453871,,,,,-0.038959952557609756,-0.03973919820334158,0.05268079590221276,0.060119919527816555,185.52723475864954,157.44737904866537,1.1783443832450522
2024-11-14,157.86402893066406,176.70449829101562,156.14024353027344,173.0202178955078,323925680,,,,,-0.08759779145577673,-0.09167436798712736,0.055803221507160626,0.06213810768850718,181.85546875,157.48210856119792,1.1547690744776289
2024-11-15,164.25753784179688,166.2443084716797,151.24195861816406,157.86402893066406,491548385,,,,,0.040500099702516223,0.039701462673283394,0.060458419846233034,0.06254081491189964,179.31466456821985,157.7592798868815,1.1366346543721184
2024-11-16,168.69981384277344,175.3359832763672,163.46383666992188,164.46119689941406,313575626,,,,,0.02704457925854875,0.026685337266815493,0.05184102034008191,0.06256908415292127,175.51084899902344,158.2847101847331,1.108830087215536
2024-11-17,161.97718811035156,172.0496826171875,159.78488159179688,168.6983642578125,273015948,,,,,-0.03984963337711378,-0.040665374886910424,0.052376076648139105,0.06270780747281204,171.45458112444197,158.38762512207032,1.082499854343424
2024-11-18,170.58473205566406,172.247314453125,161.66075134277344,161.97718811035156,309876191,,,,,0.05314047024602231,0.05177662429854975,0.0577605281287143,0.06338600948543092,168.06255231584822,158.80227559407552,1.058313249524481
2024-11-19,162.080810546875,172.98252868652344,159.3386688232422,170.58473205566406,267660874,,,,,-0.04985159812552342,-0.051137094088003494,0.05422887021707045,0.06413683205249975,165.49776131766183,158.91287892659506,1.0414370593217208
2024-11-20,156.85931396484375,166.81703186035156,153.66273498535156,162.08010864257812,258105030,,,,,-0.03221539036245846,-0.03274572716975889,0.05375968636861915,0.06409170284637428,163.1890607561384,159.03229420979818,1.0261378770079022
2024-11-21,169.24256896972656,170.30271911621094,152.3284149169922,156.8594970703125,358780211,,,,,0.07894497745704943,0.07598369096004906,0.05064847788353695,0.06552941531779015,164.81456647600447,159.59020538330077,1.0327361010668288
2024-11-22,172.81268310546875,172.81268310546875,161.9082794189453,169.2687530517578,339891669,,,,,0.021094658143488765,0.02087524609322834,0.04928643193110218,0.0653967688774242,166.03673008510046,160.38635965983073,1.03522974420801
2024-11-23,174.51382446289062,183.62060546875,170.40313720703125,172.81326293945312,464879625,,,,,0.009843845525988826,0.009795710509948813,0.04858501267461416,0.06533833139719775,166.86730303083147,161.28988494873047,1.0345800859357912
2024-11-24,171.14004516601562,182.97784423828125,162.27587890625,174.51382446289062,423490814,,,,,-0.019332447198716962,-0.019521762884972673,0.04586555331974631,0.06407571115721081,168.17628261021204,162.40003458658853,1.0355680221271364
2024-11-25,181.2790069580078,187.27081298828125,166.7427215576172,171.14781188964844,586623734,,,,,0.05924365499703366,0.05755512041646453,0.046829562964414706,0.06455978307952914,169.70403616768974,163.6899424235026,1.0367407652244591
2024-11-26,181.57864379882807,183.80511474609372,166.23318481445312,181.279296875,453868744,,,,,0.001652904248806264,0.0016515397060105276,0.039222845004784894,0.06436502650791714,172.48944091796875,164.8203145345052,1.0465302253858884
2024-11-27,210.3642578125,210.6397857666016,181.244140625,181.57864379882807,713956468,,,,,0.15852973351625899,0.1471517300907274,0.056789082632811835,0.06921589310162005,180.13300432477678,166.7761255900065,1.0800886738885283
2024-11-28,200.2310333251953,210.62060546875,198.4462890625,210.34669494628903,359846009,,,,,-0.04816989631544988,-0.049368722633330316,0.06361391997266931,0.07005396191100217,184.55992780412947,168.40565338134766,1.095924775079855
2024-11-29,199.0423889160156,202.0766143798828,195.30409240722656,200.23182678222656,278084679,,,,,-0.005936364555684248,-0.005954054813041831,0.06463500141002046,0.06997302228832869,188.3070286342076,169.83147532145182,1.1087875688401447
2024-11-30,211.8854522705078,212.0949249267578,198.07595825195312,199.0423889160156,430796013,,,,,0.06452426251732368,0.06252799749872195,0.0662742171580602,0.06834434113820986,193.64583260672433,172.11260375976562,1.1251112839883286
2024-12-01,208.9437255859375,214.2863311767578,203.18914794921875,211.8837890625,370910704,,,,,-0.013883570830595326,-0.0139808490287588,0.06564604446472883,0.06834407794088716,199.0463583809989,174.36215311686198,1.1415685962973452
2024-12-02,235.23211669921875,240.55514526367188,205.28224182128903,208.9437255859375,1010728297,,,,,0.1258156522267473,0.1185077971548599,0.07369015559158784,0.07062595792092134,206.75394548688615,177.59357503255208,1.1641972151807243
2024-12-03,241.1941070556641,248.7674102783203,224.50115966796875,235.2349090576172,912383781,,,,,0.025345137560738307,0.025029275484511157,0.07232667670466142,0.06979796925761741,215.27044023786272,181.2027811686198,1.188008477847484
2024-12-04,256.0530090332031,272.168212890625,236.77919006347656,241.1941070556641,909797493,,,,,0.061605576350627134,0.05978245680148006,0.0567214542388436,0.06933992655335633,221.79740469796317,185.46450551350912,1.1959021705196717
2024-12-05,249.6139373779297,266.0694580078125,242.83384704589844,256.0530090332031,699061569,,,,,-0.025147416464996408,-0.02546901578996924,0.051787455348910834,0.06956906823880488,228.85210527692522,189.25768280029297,1.2092090629600107
2024-12-06,282.1781311035156,290.8576965332031,247.27566528320312,248.1553649902344,864006074,,,,,0.1304582350955905,0.12262306830784282,0.05864099387782909,0.05862272323637424,240.72863987513952,192.877300008138,1.2480921283374589
2024-12-07,282.59307861328125,297.1693115234375,279.1577453613281,282.1781311035156,533130546,,,,,0.0014705161882775375,0.0014694360381367281,0.06093874749732472,0.05819264228326517,250.82972935267858,196.17818959554037,1.2785811198982568
2024-12-08,282.5556945800781,284.8078308105469,274.7947998046875,284.6353454589844,408161587,,,,,-0.00013228927398567514,-0.0001322980249834649,0.05904652591773981,0.05810146069457127,261.3457249232701,199.5286071777344,1.3098158134811757
2024-12-09,260.53204345703125,283.3783569335937,231.6507568359375,283.3783569335937,832994731,,,,,-0.07794446031525737,-0.081149818970009,0.06452675586714868,0.0596540043794867,264.96000017438615,201.7021245320638,1.3136202743975882
2024-12-10,274.770263671875,287.6991271972656,248.8353271484375,260.5335693359375,1357195057,,,,,0.054650552868334756,0.05320948255073227,0.06614512703162545,0.059783360757542856,269.756593976702,204.51543121337892,1.3190036193173826
2024-12-11,302.2564392089844,306.8159484863281,260.5531921386719,274.8056640625,912796739,,,,,0.10003329752572054,0.09534044982411095,0.07101899992145293,0.06167168641264993,276.35708400181363,208.1130147298177,1.3279183157314483
2024-12-12,368.93499755859375,385.3271484375,295.7121887207031,302.2140197753906,2366993944,,,,,0.22060260659494801,0.19934467662896604,0.09262472499584397,0.06785995412641285,293.40294974190846,214.40970306396486,1.3684219769399968
2024-12-13,377.813232421875,389.5157165527344,353.8459777832031,368.93255615234375,1432704813,,,,,0.024064496244683875,0.023779509247817625,0.08816960109870933,0.06678782799803845,307.0651070731027,221.23613688151042,1.3879518572391296
2024-12-14,365.7220458984375,394.709228515625,361.5069274902344,377.813232421875,1172441681,,,,,-0.032003078467977564,-0.032526371946131005,0.09162318726070837,0.06400844730372687,318.940673828125,228.16473744710285,1.397852610340664
2024-12-15,369.1538696289063,379.4976501464844,355.4976806640625,365.71295166015625,932821879,,,,,0.00938369389802074,0.009339940541533257,0.09105435591742904,0.06405713695614068,331.3118416922433,234.99461517333984,1.4098699302018334
2024-12-16,379.1383666992188,399.0657043457031,361.9792785644531,369.15924072265625,1579143721,,,,,0.027046979299849783,0.026687674106467097,0.07524866343876606,0.06405713657104037,348.25560215541293,242.009233601888,1.4390178299076934
2024-12-17,361.1833801269531,386.64208984375,357.7764587402344,379.1383666992188,959097360,,,,,-0.047357345363335024,-0.048515414548067924,0.08457992090661183,0.06435836934518768,360.600333077567,248.6494400024414,1.4502358544383867
2024-12-18,340.2355651855469,379.5357360839844,340.1370544433594,361.1854248046875,1269934718,,,,,-0.057997726623088997,-0.05974759105740055,0.08763878146846388,0.06606023079889567,366.0259225027902,254.3044677734375,1.4393216356264984
2024-12-19,315.9360656738281,349.3605041503906,300.5115661621094,340.2133178710937,1344664103,,,,,-0.07141963391883221,-0.0740983471895536,0.04163585846661669,0.06707419891617364,358.4546465192522,259.4329762776693,1.3816849795362973
2024-12-20,329.6504821777344,338.8635559082031,271.7610778808594,315.8985595703125,1403721912,,,,,0.04340883486871361,0.04249307895454489,0.045498372629289054,0.06634973421796489,351.57425362723217,265.19268188476565,1.3257313555130528
2024-12-21,298.9404296875,343.08123779296875,295.4517822265625,329.6504821777344,836223442,,,,,-0.09315943446330754,-0.097788626527222,0.05442741624988624,0.06924537090251964,342.03402273995533,269.5159439086914,1.2690678621070082
2024-12-22,317.4869689941406,322.0605773925781,291.7344970703125,298.9404296875,712848059,,,,,0.06204092007905526,0.06019245322532779,0.06307411456624709,0.06965366230765241,334.65303693498885,274.33842010498046,1.219854793969171
2024-12-23,384.06195068359375,387.7196960449219,309.5475158691406,317.4974060058594,1482994024,,,,,0.20969358805615035,0.19036709452831063,0.10216109979509183,0.07621029065935214,335.35640607561385,281.32335764567057,1.19206740912711
2024-12-24,375.41009521484375,386.6244812011719,365.88079833984375,384.0352783203125,948953397,,,,,-0.02252723929915612,-0.022784853801585306,0.10049652628600768,0.07628023066855058,337.3887939453125,288.13235931396486,1.1709507212193238
2024-12-25,368.8937072753906,384.20703125,365.1693420410156,375.40081787109375,670689742,,,,,-0.017358051961079646,-0.017510469298935703,0.09713657336973279,0.07644670211220671,341.4828142438616,294.3861826578776,1.159982480022568
2024-12-26,337.2975158691406,371.315673828125,330.76763916015625,368.8937072753906,575404263,,,,,-0.08565120733453568,-0.08954316909167258,0.09955173277018342,0.07911935545315599,344.5344499860491,299.576811726888,1.1500704877657457
2024-12-27,323.2648010253906,350.4183044433594,320.5583190917969,337.2959899902344,673675299,,,,,-0.04160337442032691,-0.04249357251647323,0.10001680183627919,0.07618467867262635,343.62220982142856,303.3401631673177,1.1327949659995795
2024-12-28,353.5395202636719,360.3780822753906,319.6814880371094,323.2859191894531,571504291,,,,,0.09365300256090459,0.08952347138419708,0.09531230096722756,0.07640072161315004,351.42207990373885,308.45044606526693,1.1393145459396719
2024-12-29,332.0028381347656,354.0985412597656,326.376953125,353.56085205078125,429476309,,,,,-0.060917325771229325,-0.06285175867753846,0.09879975334310438,0.07773485673073952,353.4957754952567,312.88246103922523,1.129803742661497
2024-12-30,321.6805419921875,343.2504272460937,318.9319152832031,332.00244140625,691730195,,,,,-0.031090987657123925,-0.03158457001107579,0.05645627133770425,0.0777354384284342,344.58414568219865,316.54229736328125,1.0885879977257353
2024-12-31,308.6413879394531,326.83258056640625,307.2948608398437,321.70068359375,485558274,,,,,-0.04053448173141616,-0.041378901367648976,0.05675371854064516,0.07823384132517396,335.04575892857144,319.8655527750651,1.0474580836285967
2025-01-01,319.34600830078125,321.6885070800781,306.4437255859375,308.63995361328125,505837554,,,,,0.034683035975162424,0.03409513437999753,0.06149371272627281,0.07578820862247773,327.96751621791293,322.6693491617838,1.0164198027172164
2025-01-02,333.0683898925781,338.9574584960937,318.5948486328125,319.3484802246094,627860512,,,,,0.042970261832339096,0.0420726634667481,0.056847957716990694,0.07596694817378873,327.3633553641183,325.73182525634763,1.005008813942226
2025-01-03,350.1656494140625,355.2178039550781,317.8461608886719,333.0683898925781,591968025,,,,,0.05133257925496504,0.05005848261341032,0.05656890081708767,0.07577105300035075,331.20633370535717,328.868913269043,1.0071074532800306
2025-01-04,351.5137023925781,360.50885009765625,339.6023864746094,350.15875244140625,546657532,,,,,0.003849757909638818,0.0038423665555333466,0.04492331831306302,0.07548055301922055,330.91693115234375,332.2655721028646,0.9959410752610164
2025-01-05,341.759765625,352.1756286621094,339.7019348144531,351.5111694335937,389552624,,,,,-0.027748382783339465,-0.028140642572337966,0.038373271512630695,0.0727917877941873,332.31077793666293,334.2516265869141,0.9941934503952324
2025-01-06,340.8674011230469,354.3081970214844,336.2344970703125,341.759765625,544703499,,,,,-0.002611087060880868,-0.0026145018942807124,0.035319162025478176,0.07280511642758972,335.0517578125,336.19410400390626,0.9966021230658079
2025-01-07,306.736083984375,342.9121398925781,306.3653869628906,340.87225341796875,487235817,,,,,-0.10013077526985659,-0.10550583207114107,0.0538174952937715,0.07561138754817792,334.7795715332031,337.0001169840495,0.9934108466468233
2025-01-08,293.6619567871094,312.0287170410156,277.15777587890625,306.736083984375,622108694,,,,,-0.042623375207240466,-0.04355841762076354,0.053407189988669966,0.07447622492474926,331.1104213169643,338.1044474283854,0.9793140073589166
2025-01-09,280.7877502441406,299.4529724121094,274.0234375,293.662109375,552944308,,,,,-0.0438402259653331,-0.044830252243680625,0.04863622283547019,0.0743929509410191,323.64175851004467,338.3050303141276,0.9566566545272248
2025-01-10,286.2655639648437,300.31268310546875,278.2322692871094,280.7872314453125,554894499,,,,,0.0195087346792735,0.01932087860653274,0.04168497095944361,0.07232486023678551,314.513174874442,337.7720011393229,0.9311404551400717
2025-01-11,287.1852111816406,293.0726318359375,280.4387512207031,286.2655639648437,267240441,,,,,0.0032125666952727006,0.0032074174281821874,0.041602753341338575,0.061581062187451074,305.3233904157366,335.04700826009116,0.9112852312912442
2025-01-12,288.2102355957031,295.00323486328125,285.0116271972656,287.1852111816406,285715655,,,,,0.0035692103010631637,0.003562855785888453,0.043383540005745735,0.061327438210346516,297.67345755440846,332.06024169921875,0.8964441392656759
2025-01-13,290.3708190917969,295.8883361816406,256.6109619140625,288.2102355957031,658392808,,,,,0.007496553658575156,0.0074685941465726735,0.04438123399126318,0.061233550264659445,290.4596601213728,329.5485341389974,0.8813865941787571
2025-01-14,295.5559387207031,300.2767028808594,285.7903137207031,290.3708190917969,454194176,,,,,0.017856889494350492,0.017699328181538843,0.027311375397999316,0.061332660117952846,288.8624965122768,327.09526977539065,0.8831142581506376
2025-01-15,319.6735534667969,323.5206298828125,286.1571044921875,295.55523681640625,559476866,,,,,0.08160084635918818,0.07844220881290231,0.036284161953852326,0.06302928108281748,292.5784388950893,325.1131093343099,0.8999281496035719
2025-01-16,308.8559265136719,320.2238464355469,305.7208557128906,319.67889404296875,439794305,,,,,-0.03383960554700238,-0.03442541874628629,0.03368191697110908,0.06275101741326103,296.5881783621652,323.3688608805339,0.9171822467833024
2025-01-17,335.3348083496094,335.3538513183594,311.1669616699219,311.22686767578125,485874491,,,,,0.08573214746055835,0.08225454971005487,0.04266219462713368,0.06384208884694201,303.5980704171317,323.20550231933595,0.9393344736970735
2025-01-18,315.6910705566406,340.9570617675781,306.9887084960937,335.56256103515625,549664809,,,,,-0.05857947729807045,-0.06036535005946165,0.052994293198129795,0.0633433348733073,307.6703360421317,323.1973358154297,0.9519581442893913
2025-01-19,309.2073669433594,347.2449645996094,292.9691772460937,315.6910705566406,1053170460,,,,,-0.020538127992815514,-0.0207519683304864,0.0545302861417151,0.06293054312544444,310.66992623465404,322.5158986409505,0.9632701133301824
2025-01-20,337.0227966308594,363.7568664550781,297.4560241699219,309.1985168457031,1738848563,,,,,0.08995720238643345,0.0861384316045492,0.06156378030284469,0.06224587791784553,317.3344944545201,323.7853108723958,0.9800768713055732
2025-01-21,370.3601379394531,377.8116149902344,328.0794677734375,337.0145568847656,1425211956,,,,,0.0989171701198246,0.09432530417334023,0.06735960990083556,0.0636055672212796,328.0208086286272,325.54774983723956,1.0075966084625807
2025-01-22,346.4393615722656,371.2495727539063,346.2500305175781,370.3601379394531,567144078,,,,,-0.06458788059717724,-0.0667680773889704,0.07288916882377448,0.054450029059422415,331.84449550083707,324.2936635335287,1.0232839331025896
2025-01-23,337.96246337890625,349.65875244140625,325.8173828125,346.3834533691406,622051159,,,,,-0.024468634726978467,-0.02477296641380643,0.0719612335455578,0.05447559351706509,336.0025721958705,323.0454091389974,1.040109417098381
2025-01-24,334.9540100097656,356.12164306640625,328.2941589355469,337.9312438964844,610252725,,,,,-0.00890173819619633,-0.008941595376073572,0.06524716571946332,0.05442205329537694,335.9481724330357,321.9140858968099,1.0435957516339451
2025-01-25,326.45477294921875,337.8978576660156,326.440185546875,334.9682922363281,315491770,,,,,-0.025374340376755233,-0.02570182055563423,0.06110014377813352,0.052129997214172726,337.48584420340404,321.5526611328125,1.0495507734703853
2025-01-26,316.90948486328125,335.72509765625,316.90948486328125,326.45477294921875,314096867,,,,,-0.02923923580502319,-0.029675221897223426,0.06181079059848861,0.05183059990653203,338.58614676339283,321.3408172607422,1.0536667879594563
2025-01-27,304.5541076660156,319.59063720703125,289.6652526855469,316.9097595214844,641959486,,,,,-0.03898708554777364,-0.03976743154623442,0.051162378873892855,0.04939097024418416,333.947762625558,319.7079701741537,1.0445399983104817
2025-01-28,284.5747985839844,307.2401428222656,281.32012939453125,304.5448608398437,442354504,,,,,-0.06560183750317772,-0.06785263341607732,0.02221445053422789,0.04960104586442911,321.69271414620533,318.1270355224609,1.0112083483187415
2025-01-29,290.7589111328125,300.8998413085937,282.9292907714844,284.5747985839844,487586104,,,,,0.021731061849466826,0.021498308276495015,0.02737634486701823,0.049571898451685574,313.73836408342635,317.0963144938151,0.9894103139743232
2025-01-30,315.6366271972656,321.5321655273437,287.5769348144531,290.7698974609375,461548173,,,,,0.08556131940214029,0.08209719828669582,0.048890104884512994,0.05139947739941568,310.5489589146205,317.32948913574216,0.9786325240695762
2025-01-31,332.5201721191406,346.0749816894531,312.8106689453125,315.6105651855469,773141780,,,,,0.05349044903880307,0.052108888287269096,0.05421638228185606,0.05190522168607481,310.2012677873884,317.7686279296875,0.976185943239263
2025-02-01,297.15679931640625,332.6866760253906,295.7519226074219,332.5049133300781,384359629,,,,,-0.10634955641146437,-0.11244058296749679,0.06875471407602955,0.05528103438391694,306.0158429827009,316.5715749104818,0.966656096869197
2025-02-02,258.3063049316406,304.148193359375,248.12327575683597,297.0777893066406,610910746,,,,,-0.13074072164641415,-0.14011383417519274,0.08406851309599096,0.05962465468187153,297.64396013532365,313.5095967610677,0.9493934578409873
2025-02-03,276.6148376464844,284.9083251953125,202.4301300048828,258.3054504394531,1419678376,,,,,0.07087915534887546,0.06847995162499701,0.09143579838378815,0.06129197123309438,293.6526358468192,311.0129679361979,0.9441813239988756
2025-02-04,272.6841735839844,278.0245666503906,249.9945526123047,276.61822509765625,797386364,,,,,-0.014209881494221976,-0.014311808593744145,0.08834243728719177,0.06118708940263089,291.95397513253346,308.7104482014974,0.9457210691553047
2025-02-05,259.71954345703125,282.2679138183594,256.8824768066406,272.6841735839844,467865528,,,,,-0.04754449059714183,-0.04871188236053168,0.08867222097182752,0.06163664851987809,287.51977975027904,306.0055196126302,0.9395901750865405
2025-02-06,241.7515869140625,266.4118347167969,240.0085601806641,259.71954345703125,352567774,,,,,-0.06918215049897247,-0.07169167122193754,0.0787794015745644,0.06010227971794991,276.9647739955357,303.83936971028646,0.9115499885996475
2025-02-07,237.8156890869141,261.5064697265625,231.43788146972656,241.7460784912109,386679904,,,,,-0.016280752806588805,-0.01641474053365231,0.06940144191631943,0.05975080564812236,263.43556213378906,301.97782745361326,0.8723672342276697
2025-02-08,239.33709716796875,241.15223693847656,231.5926818847656,237.80767822265625,212008614,,,,,0.006397425194679451,0.006377048529406389,0.06539600912622692,0.05936392784248082,255.17560468401228,300.5961390177409,0.8488984772653786
2025-02-09,241.6251220703125,252.3862152099609,230.51690673828125,239.33306884765625,297811208,,,,,0.0095598422869565,0.009514436148988996,0.045038567871326,0.05925043331456484,252.7925785609654,299.1081242879232,0.8451545044548031
2025-02-10,252.0261993408203,256.4721374511719,235.0341033935547,241.6251220703125,340055198,,,,,0.04304634046902267,0.04214560501154058,0.03798292135810503,0.059874383593878894,249.27991594587053,297.9361572265625,0.8366890352160519
2025-02-11,243.8799285888672,262.1826171875,242.3905487060547,252.02847290039065,308337040,,,,,-0.03232311074507277,-0.032857039518557535,0.03870523806454644,0.060077222705929696,245.16502380371094,296.4584803263346,0.8269792907723165
2025-02-12,252.78086853027344,259.7199401855469,233.65977478027344,243.8798370361328,326183700,,,,,0.0364972221900699,0.03584697289982134,0.039950838584964864,0.060511401577460086,244.17378452845983,295.2054819742838,0.8271316064168839
2025-02-13,256.3523254394531,257.6890869140625,247.2828521728516,252.78286743164065,328005966,,,,,0.014128667766453162,0.014029788407388208,0.026605269188506673,0.0604684205101628,246.25960431780135,293.89869486490886,0.837906423609656
2025-02-14,262.71551513671875,269.5467529296875,253.6358184814453,256.3523254394531,284599448,,,,,0.024822047884127896,0.02451898569773188,0.024676481193697652,0.05868559488013982,249.8167223249163,292.0000935872396,0.8555364460877464
2025-02-15,253.1762542724609,263.324951171875,250.2654571533203,262.71551513671875,168055601,,,,,-0.03631023032382974,-0.03698585185399255,0.03147994881693361,0.05872939176582058,251.79374476841517,290.1441045125326,0.8678230605148798
2025-02-16,253.77536010742188,258.6902770996094,250.46533203125,253.1800079345703,163373683,,,,,0.0023663587119675533,0.0023635632942961386,0.03153973404111184,0.0563221528326061,253.5294930594308,287.42545623779296,0.8820704205464691
2025-02-17,264.0045166015625,278.120849609375,250.88075256347656,253.7657928466797,427301440,,,,,0.040307918348773786,0.03951674466698806,0.03106368025629314,0.056150686443652835,255.24068123953683,285.702571105957,0.8933790138867076
2025-02-18,249.19972229003903,265.7720947265625,242.06637573242188,264.00347900390625,317777243,,,,,-0.05607780693338271,-0.057711538832487794,0.03715336628771598,0.05688705658905944,256.00065176827565,283.7023162841797,0.9023565796757339
2025-02-19,252.9487762451172,257.55926513671875,247.20999145507807,249.20263671875,258094266,,,,,0.01504437453070162,0.014932330287573705,0.03484886801907758,0.05428465753168861,256.0246385846819,280.8998489379883,0.9114445577405851
2025-02-20,261.6680603027344,263.3028564453125,251.4645538330078,252.9487762451172,249279606,,,,,0.03447055244563768,0.03388975230351879,0.03691934602980916,0.0513376967915222,256.78402927943637,277.276779683431,0.926092800026777
2025-02-21,242.3829040527344,268.7984313964844,239.02052307128903,261.6686706542969,408233682,,,,,-0.0737008415459196,-0.07655803122512606,0.045773693888805894,0.05173021550816707,253.8793705531529,273.80823109944663,0.927215991768138
2025-02-22,247.1274261474609,251.15609741210935,239.37908935546875,242.3776092529297,272976676,,,,,0.019574491498353552,0.019385375060879152,0.045502122423200966,0.051979127147421665,253.01525224958147,270.7803965250651,0.9343927976195309
2025-02-23,247.63623046875,253.8668975830078,243.9488220214844,247.12741088867188,194307623,,,,,0.002058874359762486,0.002056757782627535,0.045495731481407294,0.05202878103222501,252.1382337297712,267.8698038736979,0.9412715807588965
2025-02-24,210.4696350097656,248.9680938720703,208.36459350585935,247.63623046875,304329694,,,,,-0.15008545150534658,-0.16261946573413363,0.07077120950622566,0.05898730112229478,244.49039350237166,264.0036326090495,0.9260872325360233
2025-02-25,204.9762115478516,212.85406494140625,191.55979919433597,210.46994018554688,490957311,,,,,-0.02610078865608867,-0.02644745980696213,0.06988674628213887,0.05896185390306601,238.17274911063058,260.2725234985352,0.9150898677630527
2025-02-26,202.01026916503903,211.1913146972656,192.8540802001953,204.9803924560547,372341741,,,,,-0.014469690704182803,-0.01457539761539786,0.06772860262008425,0.05876901812374452,230.89581952776228,256.8543955485026,0.8989366097266632
2025-02-27,203.5355987548828,209.16636657714844,197.1955718994141,202.02284240722656,233587749,,,,,0.007550752722365939,0.00752238848046471,0.06408026096512337,0.057979267675839496,222.5911821637835,254.15308888753256,0.8758153722943112
2025-02-28,192.57589721679688,203.98838806152344,178.32643127441406,203.5355987548828,357549877,,,,,-0.05384660769482719,-0.055350574760739596,0.062314108535483775,0.05818337021992051,215.47589547293526,250.8803217569987,0.8588792216300011
2025-03-01,194.8580017089844,196.81771850585935,183.87033081054688,192.57632446289065,202793388,,,,,0.011850415992705532,0.011780749656369409,0.061309632704896345,0.05554633901421732,208.0088348388672,246.854367574056,0.842637855198024
2025-03-02,223.31179809570312,226.4090118408203,190.5419006347656,194.85704040527344,393772499,,,,,0.14602323813837392,0.13629789569461603,0.08913103696617515,0.060971748846747345,204.53391592843192,243.2140884399414,0.8409624509845735
2025-03-03,180.8087615966797,223.4679412841797,178.3687744140625,223.31163024902344,338519555,,,,,-0.1903304566147831,-0.21112908568787686,0.10330156633993039,0.06868158138105009,200.29664829799108,239.33582051595053,0.8368853766485921
2025-03-04,206.19065856933597,216.1071929931641,168.6863555908203,180.8119201660156,651744464,,,,,0.14037979547293356,0.13136136084658429,0.11823347651876959,0.06971779188126527,200.4701407296317,237.5986323038737,0.8437344053110668
2025-03-05,221.66036987304688,225.05372619628903,204.74221801757807,206.19078063964844,456276437,,,,,0.07502624712025385,0.07234507720737979,0.12087892197224183,0.06986647827952457,203.2772979736328,235.76681671142578,0.86219638882617
2025-03-06,208.75021362304688,238.7381896972656,208.74053955078125,221.65890502929688,515245044,,,,,-0.05824296087475689,-0.060007957922132905,0.12406599628912168,0.07051784400345226,204.0222429547991,233.63568471272785,0.8732494918559182
2025-03-07,196.74058532714844,211.6419677734375,195.91075134277344,208.75021362304688,425797774,,,,,-0.05753109463918904,-0.05925235186382501,0.12438341951204387,0.07074889295144601,204.61719839913505,231.53638610839843,0.8837366853576931
2025-03-08,195.61524963378903,198.9207763671875,185.41221618652344,196.74124145507807,281045790,,,,,-0.005719896032067573,-0.005736317285891835,0.12435485311871303,0.06975971098574103,204.72537667410714,229.99850819905598,0.8901161067398063
2025-03-09,177.9230499267578,197.85743713378903,176.91290283203125,195.615478515625,326636110,,,,,-0.09044386743954147,-0.09479856488505532,0.11241378670767642,0.07156671561337785,198.24126979282923,228.00208689371746,0.8694712951694993
2025-03-10,180.7959442138672,201.22955322265625,175.9590301513672,177.93701171875,530567125,,,,,0.016146835883782407,0.01601786222143398,0.08049602264237996,0.07166284514324864,198.23943873814173,226.05071512858072,0.8769688634932229
2025-03-11,181.78399658203125,185.38851928710935,168.09625244140625,180.7923583984375,526107694,,,,,0.0054650140104650635,0.00545013500609316,0.056839245914897814,0.07162978652048137,194.75277273995536,224.056010945638,0.8692146750180588
2025-03-12,174.82972717285156,183.4430084228516,164.2918243408203,181.7783050537109,433195280,,,,,-0.03825567453646295,-0.039006637587012005,0.04060480086281699,0.07114340763713349,188.06268092564173,221.48279520670573,0.8491074024514019
2025-03-13,162.79603576660156,175.18846130371094,160.40455627441406,174.82972717285156,375476116,,,,,-0.06883092252584977,-0.07131440973615577,0.04201654465925515,0.07187138098472379,181.497798374721,218.77999877929688,0.8295904533659596
2025-03-14,173.11782836914062,176.07676696777344,162.29441833496094,162.79603576660156,322180669,,,,,0.06340321835193374,0.06147434855703431,0.05378180506480081,0.07262613268642952,178.1231188092913,216.12456410725912,0.8241687822254747
2025-03-15,173.22384643554688,177.05050659179688,172.06381225585938,173.10980224609375,155745995,,,,,0.0006124040915080897,0.0006122166486457215,0.05408115093615993,0.07249756782277554,174.92434692382812,213.3536148071289,0.8198799307054594
2025-03-16,164.8522491455078,173.84718322753906,163.60108947753906,173.21929931640625,195919865,,,,,-0.04832820343331867,-0.04953505513682074,0.04526777210446752,0.07243442751886055,173.05708966936385,210.0915059407552,0.8237224484371354
2025-03-17,175.03729248046875,176.87989807128906,164.75633239746094,164.85202026367188,260299363,,,,,0.06178285942566086,0.05994943809652592,0.05214468036411305,0.07359722837679922,172.2344251360212,207.48687388102215,0.8300979330132684
2025-03-18,169.80247497558594,175.14219665527344,165.33755493164062,175.0346221923828,209903225,,,,,-0.02990686973444201,-0.030363201510380113,0.05274494679505991,0.07361488254092323,170.5227791922433,204.68777770996093,0.8330872566014721
2025-03-19,182.72174072265625,184.2204132080078,169.7899627685547,169.80296325683594,319925550,,,,,0.07608408386819931,0.07332860354536354,0.05906690480558495,0.07470367152276178,171.65020969935827,201.97835184733074,0.8498445904197862
2025-03-20,178.43594360351562,182.7890625,171.91781616210938,182.72288513183597,241185012,,,,,-0.02345532120146454,-0.023734775694129122,0.05080580255881617,0.07424709957189875,173.88448224748885,199.61955922444662,0.8710793818153763
2025-03-21,178.12759399414062,182.76544189453125,174.3137969970703,178.4283905029297,184693531,,,,,-0.0017280689257325177,-0.0017295637592036294,0.04618280636734432,0.07410757613815698,174.60016305106026,197.12551981608073,0.8857308947819807
2025-03-22,179.71182250976562,183.2496337890625,178.1097412109375,178.1273651123047,144337956,,,,,0.00889378495550286,0.008854468194670305,0.04618486556501127,0.0737165455261865,175.52701677594865,194.39364522298177,0.9029462695378138
2025-03-23,184.72921752929688,186.13131713867188,179.71182250976562,179.71182250976562,196402685,,,,,0.027919114888830476,0.027536481922624916,0.039674766956032406,0.07304534601547569,178.36658368791853,192.47185567220052,0.9267151452610052
2025-03-24,190.2538604736328,194.22113037109372,181.62217712402344,184.741455078125,227685307,,,,,0.029906708956095596,0.029468224310454053,0.0355379388832953,0.07320373900548696,180.5403791155134,190.5760701497396,0.9473402351809388
2025-03-25,186.70455932617188,192.33688354492188,185.82554626464844,190.2538604736328,168655725,,,,,-0.01865560645458142,-0.018831817268438324,0.033458288489556925,0.07319705983902552,182.95496259416853,188.54501444498698,0.9703516326471232
2025-03-26,177.51852416992188,190.0609588623047,175.5246124267578,186.7102813720703,262120969,,,,,-0.04920091501462498,-0.050452505859439875,0.02901789796148908,0.06776466400310616,182.2116459437779,187.44664408365887,0.9720720626102832
2025-03-27,184.6981964111328,185.9677734375,177.3389434814453,177.51852416992188,193696753,,,,,0.040444636833159464,0.03964815720255549,0.03164944715909753,0.06813945785540086,183.10625348772322,186.77071024576824,0.9803799174226889
2025-03-28,175.39056396484375,186.74197387695312,168.8677520751953,184.6956024169922,250515319,,,,,-0.05039373760624355,-0.051707840938250996,0.038333082470376756,0.06868318303713399,182.71524919782365,185.88338673909504,0.9829563168777521
2025-03-29,167.94677734375,180.19259643554688,166.0382537841797,175.39305114746094,241249108,,,,,-0.042441203522133764,-0.04336815356941984,0.04082136040143284,0.06899837368505206,181.03452845982142,184.69709269205728,0.9801698869275522
2025-03-30,163.33428955078125,169.29067993164062,161.78244018554688,167.9031982421875,199997666,,,,,-0.02746398511433179,-0.02784817087379316,0.03765178095162283,0.06850660663050107,177.97811017717635,183.72237243652344,0.9687340078229626
2025-03-31,159.62416076660156,164.203857421875,152.0852508544922,163.33387756347656,234862470,,,,,-0.022714941206672945,-0.022976900004160205,0.03143279172935061,0.06849836706577024,173.6024387904576,182.54791107177735,0.9509965782199369
2025-04-01,166.2379608154297,170.92453002929688,159.5417938232422,159.62416076660156,206174644,,,,,0.04143357758039312,0.04059820395819257,0.040203153670296594,0.06366997300548151,170.6786390032087,180.64544982910155,0.9448266710546992
2025-04-02,150.39320373535156,167.7970428466797,149.9702911376953,166.23562622070312,351735929,,,,,-0.0953137117560664,-0.1001670382011055,0.05030483860693803,0.05407305969935956,166.8035932268415,179.63159790039063,0.9285871482328932
2025-04-03,151.05686950683594,156.9803924560547,146.5204315185547,150.3771514892578,224191112,,,,,0.004412870761449028,0.004403162597374465,0.04431626673433214,0.04751055964182223,161.99768938337053,177.79380493164064,0.9111548596738592
2025-04-04,151.83384704589844,153.72544860839844,144.98643493652344,151.05686950683594,251144131,,,,,0.005143609433977625,0.005130426261708595,0.044609268556920184,0.04499349742381133,158.63244410923548,175.46625417073568,0.9040624070932737
2025-04-05,152.5863800048828,154.8779754638672,149.60072326660156,151.83384704589844,126561823,,,,,0.004956292510700067,0.004944050526215492,0.044236081224437986,0.04418973204134185,156.43810163225447,173.59412638346353,0.9011716288527414
2025-04-06,129.08705139160156,152.59866333007812,126.7531280517578,152.5859375,224729974,,,,,-0.15400672466657417,-0.16724386818596193,0.07341662632842226,0.05200922150291666,151.54563903808594,171.339008585612,0.8844783233490229
2025-04-07,132.0026397705078,135.25209045410156,115.03401947021484,129.08555603027344,518877924,,,,,0.022586218737473907,0.022334926883603567,0.07644607316350155,0.05241482571121582,147.5997074672154,169.21858825683594,0.8722428722971739
2025-04-08,125.09456634521484,135.80886840820312,123.7358169555664,132.0026397705078,325864837,,,,,-0.05233284301967711,-0.05375193860895919,0.07060629544890573,0.050717189302412376,141.72207968575614,167.45763880411783,0.8463160038434219
2025-04-09,143.03207397460938,144.752685546875,120.30269622802734,125.09342193603516,375603161,,,,,0.1433915808932391,0.13399891659973936,0.09039239717219086,0.05711475214477192,140.67048971993583,166.1988431294759,0.8463987298055233
2025-04-10,131.97718811035156,143.0404052734375,128.55096435546875,143.03208923339844,268660357,,,,,-0.07728955860781439,-0.08043980833270008,0.0941904491761727,0.05856152288889495,137.94482094900948,164.53861618041992,0.8383735329203826
2025-04-11,136.43112182617188,139.10244750976562,131.44711303710938,131.97718811035156,232036990,,,,,0.03374775428687116,0.03319079495860016,0.09598299828505161,0.058839816372358224,135.74443163190568,163.25866266886393,0.8314684771566142
2025-04-12,147.88140869140625,149.94313049316406,133.9036407470703,136.43565368652344,206495438,,,,,0.08392723531089397,0.0805907746674359,0.1026655322869327,0.059756106370505054,135.0722928728376,162.7615084330241,0.8298786007406628
2025-04-13,139.27500915527344,148.0303955078125,137.25782775878906,147.88223266601562,190394018,,,,,-0.0581979818307814,-0.05996019828984546,0.07977235288536125,0.059335304103286926,136.527715410505,161.6334144592285,0.8446750683779168
2025-04-14,137.33547973632812,146.95773315429688,137.02769470214844,139.27601623535156,218434506,,,,,-0.013925896905043422,-0.014023771934798713,0.08008314417898368,0.05932859366212355,137.2895496913365,160.43713556925456,0.8557217704256124
2025-04-15,134.12710571289062,141.6464385986328,133.7842559814453,137.33636474609375,184786914,,,,,-0.023361581650985563,-0.02363878924955273,0.0771136481930892,0.05888624251969312,138.57991245814733,159.41296412150066,0.8693139433285056
2025-04-16,133.95545959472656,137.0948944091797,130.43406677246094,134.12710571289062,195267308,,,,,-0.0012797272948801286,-0.001280546845129925,0.05447528972275784,0.0575358573007306,137.2832532610212,158.0435696919759,0.8686418152195867
2025-04-17,138.7535400390625,141.3972930908203,133.94976806640625,133.95545959472656,161799028,,,,,0.03581847622226242,0.03519191248349718,0.04624058495056002,0.05793670711204503,138.25130353655135,157.00860519409179,0.8805332890235351
2025-04-18,138.57408142089844,140.84532165527344,137.36703491210938,138.7535400390625,111766527,,,,,-0.0012933624476431094,-0.0012941995627269208,0.04481934596696865,0.055948734560182685,138.55744062151228,155.53701655069986,0.8908325728129625
2025-04-19,142.06417846679688,142.80624389648438,138.10301208496094,138.5746612548828,110622011,,,,,0.02518578517794956,0.024873849998026217,0.03157292679710801,0.05621706281703732,137.72640773228235,154.32462437947592,0.8924460907393531
2025-04-20,140.875732421875,143.38449096679688,137.0004119873047,142.06582641601562,110300724,,,,,-0.008365557438532178,-0.008400745094486016,0.021086602565654602,0.05620624090476555,137.955082484654,153.0828956604004,0.9011789454956093
2025-04-21,142.88479614257812,145.88467407226562,139.3801727294922,140.875732421875,188704276,,,,,0.01426124774057369,0.014160512755104352,0.020274040383345834,0.05626883694574241,138.74784197126115,151.85532811482747,0.9136843842999377
2025-04-22,158.4126434326172,158.70880126953125,140.50816345214844,142.8842010498047,270719009,,,,,0.10867389469866717,0.10316461165323247,0.03833672286254736,0.059500647910191024,142.21720450265067,150.97810897827148,0.9419723525820445
2025-04-23,168.11276245117188,168.62742614746094,158.23313903808594,158.4126434326172,330198297,,,,,0.06123323750153031,0.059431663467115335,0.038590677303767626,0.060346787002662286,147.09681919642858,150.24007237752278,0.9790784633463445
2025-04-24,167.81195068359375,170.41070556640625,158.6664276123047,168.11251831054688,290950423,,,,,-0.0017893452180079983,-0.0017909480084115344,0.04062991462271838,0.060283741388439685,151.2480207170759,149.6103187561035,1.0109464505830121
2025-04-25,166.65145874023438,170.33580017089844,163.31040954589844,167.81153869628906,280423193,,,,,-0.006915430865513605,-0.006939453271794924,0.0413387595120361,0.05963649006461754,155.25907461983817,149.2480832417806,1.0402751663371101
2025-04-26,172.89979553222656,173.03887939453125,165.10064697265625,166.65243530273438,216439981,,,,,0.03749344193699322,0.0368076520781537,0.041513106076581645,0.05957013050745467,159.6641627720424,148.85480321248372,1.072616800575315
2025-04-27,166.87672424316406,179.1615447998047,165.87767028808594,172.90087890625,223243650,,,,,-0.03483561834484572,-0.03545684846589137,0.046440927751047245,0.05917700314360742,163.3785901750837,148.5710085550944,1.0996666965109698
2025-04-28,166.3804473876953,174.76284790039062,162.30075073242188,166.87672424316406,263004912,,,,,-0.002973912975098969,-0.0029783438411445803,0.047497991328850436,0.05865248193396081,166.735111781529,148.51879755655924,1.1226532568581604
2025-04-29,165.80931091308594,170.86903381347656,163.62960815429688,166.3804473876953,198006230,,,,,-0.0034327139010422725,-0.003438619181370319,0.03140770386880976,0.05842619455422647,167.79177856445312,148.60129826863607,1.1291407310663275
2025-04-30,164.28085327148438,166.73287963867188,156.0469207763672,165.80931091308594,194006172,,,,,-0.009218165332119055,-0.009260915539967213,0.021189087011256137,0.05828964234140844,167.2443629673549,148.75652135213215,1.1242825621840058
2025-05-01,173.0249786376953,179.1006317138672,164.241455078125,164.28257751464844,246515145,,,,,0.05322668583758028,0.051858486182274156,0.029783143255026855,0.058589179124106563,167.98908124651228,148.982755279541,1.127573999630421
2025-05-02,174.78616333007812,179.135009765625,172.2130126953125,173.0272216796875,175898161,,,,,0.010178788671146854,0.010127333673528598,0.029399083313174423,0.055372551388278846,169.15118190220423,149.79585393269858,1.1292113730878144
2025-05-03,178.0555877685547,180.8694610595703,169.9095001220703,174.78536987304688,177780107,,,,,0.018705281792257056,0.018532489436269495,0.027005011279756165,0.05542727118764218,169.8877236502511,150.6958112080892,1.1273553145791202
2025-05-04,171.45851135253906,178.62876892089844,171.24301147460938,178.0555877685547,170779157,,,,,-0.03705065647583505,-0.03775447134623109,0.02757526340273186,0.05598681972630947,170.5422646658761,151.3499666849772,1.126807414638195
2025-05-05,176.90943908691406,180.55349731445312,170.19754028320312,171.45957946777344,236788424,,,,,0.031791526074592236,0.03129663703503672,0.029154491315564295,0.05620759889126052,172.04640633719308,152.1607353210449,1.1306885838464915
2025-05-06,178.05050659179688,178.81690979003906,163.77236938476562,176.90943908691406,253984661,,,,,0.0064500091728978415,0.006429296879015533,0.028701062115235557,0.045853004861401946,173.79514857700892,153.79285049438477,1.1300599996574903
2025-05-07,171.92041015625,179.6582489013672,167.7481689453125,178.041259765625,220195957,,,,,-0.03442897497394315,-0.0350356168714345,0.03294913815340251,0.046543018810703066,174.88651384626115,155.12344284057616,1.127402220088655
2025-05-08,205.63864135742188,207.13116455078125,171.91421508789062,171.92047119140625,447628855,,,,,0.1961269820757583,0.17908882219670555,0.07295265782419226,0.05448709030726999,179.5456085205078,157.80824534098306,1.137745420922436
2025-05-09,211.33985900878903,219.9737548828125,202.94692993164065,205.6497344970703,403979181,,,,,0.02772444718431033,0.027347083615745543,0.07267035900630582,0.049842350252959,184.76756504603796,160.08517150878907,1.1541828846770719
2025-05-10,228.6020965576172,229.56637573242188,209.3716583251953,211.33956909179688,372628734,,,,,0.08167998989774228,0.07851537872895108,0.07498725746936097,0.04797928937312379,191.98849487304688,163.30600179036458,1.1756364908100678
2025-05-11,220.7362365722656,229.47972106933597,214.7373504638672,228.60226440429688,280025726,,,,,-0.034408520760740524,-0.03501443355500389,0.07454578233135366,0.048857848301483556,199.0281699044364,166.11617228190104,1.1981263905279693
2025-05-12,221.5054931640625,228.9203948974609,213.30032348632807,220.74073791503903,415994906,,,,,0.003484958354561085,0.003478899958619475,0.0755781938868288,0.04734979785306493,205.39903477260046,168.57030843098957,1.218476947004508
2025-05-13,236.27183532714844,238.0177459716797,210.7929229736328,221.5054931640625,361652094,,,,,0.06666354839402988,0.0645355977527011,0.07547771414908831,0.04613237460760074,213.71636744907923,171.80353597005208,1.2439579094945588
2025-05-14,229.68191528320312,238.5105438232422,224.49612426757807,236.270263671875,278181253,,,,,-0.02789126361515215,-0.02828761206984414,0.07438866350205872,0.0465414231873948,221.96801103864397,174.88175048828126,1.2692462788077932
2025-05-15,223.3302001953125,234.73614501953125,217.68394470214844,229.68067932128903,388777138,,,,,-0.027654397953181475,-0.02804398005600796,0.046420339363868246,0.04668126472464428,224.49537658691406,177.85518697102864,1.2622368816462057
2025-05-16,231.3037872314453,244.6063537597656,221.81710815429688,223.31939697265625,407434207,,,,,0.03570312939835074,0.03508054813787034,0.04694139675415407,0.04666241992567053,227.3473663330078,181.10013122558593,1.2553683136199079
2025-05-17,222.50909423828125,231.5630340576172,220.12474060058597,231.2985076904297,275475715,,,,,-0.0380222611070522,-0.03876396902809597,0.040038819573459755,0.0476767209188011,226.47693743024553,183.89198303222656,1.23157591590361
2025-05-18,233.12515258789065,243.57424926757807,219.5796813964844,222.50909423828125,384431959,,,,,0.04771067171861687,0.046607471178315985,0.041318191997752524,0.0478881432121626,228.24678257533483,187.04368540445964,1.2202859566297488
2025-05-19,247.65447998046875,248.82254028320312,212.54737854003903,233.03062438964844,521234933,,,,,0.06232415177551642,0.06045910390782287,0.04570472896076197,0.04851779328942776,231.98235212053572,190.56336212158203,1.217350226915748
2025-05-20,258.95849609375,269.8905334472656,246.9447021484375,247.650634765625,781993241,,,,,0.045644302958592675,0.044633253278183314,0.04269808482154315,0.04846903861795247,235.22330365862166,194.49945424397785,1.2093777053151022
2025-05-21,247.5613555908203,261.44781494140625,243.7548065185547,258.9576721191406,504234934,,,,,-0.04401145617869051,-0.04500934945305097,0.0457575184793823,0.04990966632915978,237.77750941685267,197.9886728922526,1.2009652165619271
2025-05-22,256.7862243652344,259.6532287597656,247.39187622070312,247.5613555908203,504169480,,,,,0.03726295952935921,0.036585474276056816,0.04307665748673909,0.04742530125821831,242.55694144112724,201.26779225667318,1.2051453375699515
2025-05-23,255.55056762695312,263.6101989746094,242.35443115234372,256.7869567871094,711711078,,,,,-0.004812005555733134,-0.004823620530328958,0.04337867483577518,0.04684837278823819,246.02076721191406,204.18238576253256,1.2049069085618396
2025-05-24,261.9397277832031,276.2274475097656,251.2212829589844,255.53634643554688,618142776,,,,,0.025001549460757833,0.024694124258260963,0.036548363544512213,0.04679084198580466,251.6537148611886,207.31997833251953,1.2138420854818073
2025-05-25,268.6023254394531,270.44482421875,256.8441772460937,261.9209899902344,491138796,,,,,0.025435613423880232,0.025117511014474257,0.03514036992258191,0.04664206370959239,256.72188241141185,210.7183405558268,1.218317692395632
2025-05-26,267.31304931640625,275.7288818359375,260.2069091796875,268.60174560546875,569176668,,,,,-0.004799944009931889,-0.004811500737106966,0.0311181331095721,0.04661803238213437,259.5302494594029,213.86544901529948,1.2135211678854991
2025-05-27,271.89312744140625,282.48345947265625,263.45758056640625,267.3126220703125,453270986,,,,,0.017133761844820183,0.016988634322094104,0.027690767902636113,0.04565248545627156,261.3780539376395,217.36599578857422,1.2024790399684897
2025-05-28,264.64996337890625,274.3243713378906,260.7210693359375,271.8915405273437,338830062,,,,,-0.026639746766166095,-0.027001015338357897,0.022385899586074086,0.046209069560943186,263.8192836216518,220.6416463216146,1.1956912397086632
2025-05-29,249.9990081787109,274.1872863769531,249.6720428466797,264.6691589355469,439925039,,,,,-0.055359747695181705,-0.056951109359199774,0.03012667244254313,0.04796370906768354,262.84968130929127,223.44796956380208,1.1763350627996585
2025-05-30,251.48834228515625,255.7520904541016,241.78778076171875,249.99798583984372,458045326,,,,,0.005957360060327543,0.005939685153334483,0.030341218380054786,0.04779291091916591,262.2693634033203,226.35488586425782,1.1586644679744176
2025-05-31,247.29156494140625,254.3105010986328,242.9341278076172,251.5022735595703,383172968,,,,,-0.016687760973792543,-0.016828570384230326,0.028167754823207065,0.04757108163823916,260.176768711635,228.83043874104817,1.1369849664364773
2025-06-01,246.0038604736328,253.9100799560547,238.0574951171875,247.27859497070312,317443579,,,,,-0.005207231666306766,-0.005220836546848122,0.02424388834145543,0.04767327382843915,256.9484165736607,231.20436197916666,1.111347616343042
2025-06-02,257.8730163574219,257.940673828125,239.74066162109372,246.0048828125,353381266,,,,,0.04824784400105475,0.04712005030635727,0.03327279392139096,0.04810466672372525,255.59984043666296,233.8649429321289,1.0929378180073865
2025-06-03,266.5380554199219,272.57879638671875,254.6041412353516,257.8726501464844,400630079,,,,,0.03360196109270275,0.03304975138641157,0.035529985069373764,0.04729191452470326,254.83483014787947,237.03426106770834,1.0750970302773506
2025-06-04,264.656005859375,275.1526184082031,263.1693420410156,266.5357971191406,423636024,,,,,-0.007061091361163285,-0.00708613884479144,0.0340391077273025,0.047346761672804646,254.835693359375,239.95914662679036,1.0619961645209641
2025-06-05,242.2600250244141,266.6866149902344,240.7482452392578,264.656005859375,420976577,,,,,-0.08462298356781295,-0.08841925875511203,0.04356076862446669,0.0508661085916088,253.7301243373326,242.0994639078776,1.0480408351250237
2025-06-06,251.04901123046875,254.9751739501953,240.83226013183597,242.2601776123047,318791458,,,,,0.03627914347473937,0.03563655105234408,0.04611714946778685,0.05032945943347691,253.6673627580915,244.7370839436849,1.0364892752275399
2025-06-07,257.5981750488281,260.3236999511719,249.79689025878903,251.04901123046875,203072402,,,,,0.02608719224290068,0.02575272583063897,0.04637348190215482,0.03945124316627628,255.13973563058036,246.4690684000651,1.0351795350499768
2025-06-08,253.98141479492188,257.62646484375,252.5754852294922,257.5981750488281,180135067,,,,,-0.014040317844723371,-0.014139815524583184,0.046847920041876434,0.03945901212277859,256.2793862479074,247.8904535929362,1.0338412897043092
2025-06-09,284.0111999511719,285.2569885253906,250.7584228515625,253.98141479492188,397633181,,,,,0.11823615196607062,0.11175257958865653,0.06089691279871722,0.0419495978008183,260.01341247558594,249.7374237060547,1.0411471721660197
2025-06-10,308.1923522949219,316.1322021484375,283.3706970214844,284.0103454589844,973163307,,,,,0.08514154493874648,0.08171043464850071,0.06602317446595991,0.04328767561184484,265.96402631487166,252.65262756347656,1.0526865636813958
2025-06-11,304.2603759765625,319.4872436523437,301.2616271972656,308.1923522949219,637177285,,,,,-0.012758189127927144,-0.01284027373752693,0.06646178436785474,0.043489143856791035,271.6217934744699,255.41112365722657,1.0634689264317194
2025-06-12,294.8645935058594,308.6390686035156,289.3001708984375,304.2603759765625,534508484,,,,,-0.030880729837219678,-0.03136758884250653,0.05312067828868437,0.042907241314796105,279.13673182896207,257.36421559651694,1.0845980711886496
2025-06-13,290.882568359375,294.8524475097656,263.9718017578125,294.8524475097656,1094117456,,,,,-0.013504589001816725,-0.013596605331418682,0.055171891509531626,0.04256857513319775,284.8272399902344,259.4042373657227,1.0980053482652594
2025-06-14,276.1169738769531,291.2096862792969,268.7690124511719,290.9060363769531,428711730,,,,,-0.05076135901062151,-0.052095046242187124,0.06154159460278241,0.043484969396981495,287.47278267996654,261.163796488444,1.1007374932715326
2025-06-15,274.6001892089844,278.49761962890625,266.7859191894531,276.1138000488281,284390223,,,,,-0.005493268474848212,-0.00550841195772316,0.06106385399388539,0.04321407920232741,290.41832188197543,262.6070098876953,1.1059046824613468
2025-06-16,275.8028259277344,293.3947448730469,272.3921813964844,274.6001892089844,583646327,,,,,0.004379591733765009,0.004370029231625247,0.04213217937390889,0.04239277296039275,289.2456970214844,264.3834676106771,1.0940385177465735
2025-06-17,266.9783935546875,283.4246826171875,262.7683410644531,275.7785949707031,609524752,,,,,-0.031995438565082135,-0.03251847949050772,0.01919370191796712,0.04231508210308912,283.3579886300223,265.51190897623695,1.0672138576480295
2025-06-18,258.6980895996094,269.7803039550781,255.6758575439453,266.9796447753906,425913204,,,,,-0.031014884181562064,-0.03150602756183147,0.019247410334445856,0.041445079381533675,276.8490905761719,265.880029296875,1.0412556795194612
2025-06-19,255.8009033203125,266.1524658203125,249.4493865966797,258.6980895996094,433359395,,,,,-0.011199101948456192,-0.011262284055474489,0.019321009499831652,0.04068647257678955,271.268563406808,265.7747762044271,1.0206708374693738
2025-06-20,247.39715576171875,264.2373962402344,242.6412811279297,255.80154418945312,412617311,,,,,-0.03285268914031403,-0.03340445711694669,0.019623346561166044,0.04030115131448861,265.05636160714283,265.7693028767904,0.997317443128569
2025-06-21,234.26776123046875,249.94261169433597,227.99598693847656,247.39715576171875,321420947,,,,,-0.05307011105614978,-0.05453022344295492,0.02023444728966261,0.0408764258410695,259.0779026576451,265.01868743896483,0.9775835250007118
2025-06-22,227.47821044921875,238.4047088623047,214.2582092285156,234.2896270751953,528684391,,,,,-0.028982010779411316,-0.02941028437366261,0.018651068861515154,0.04115852222726838,252.34619140625,264.082942199707,0.9555565736442706
2025-06-23,258.0818176269531,258.3158264160156,222.57687377929688,227.48324584960935,696406343,,,,,0.1345342356848116,0.1262222016751844,0.06114640854586451,0.04730421262121508,249.81461879185267,263.95434519449867,0.9464311663737646
2025-06-24,263.76873779296875,269.2557983398437,253.7545318603516,258.0818176269531,547898837,,,,,0.02203533832141491,0.021796068797629693,0.06118285574603974,0.04724605198688059,249.35609654017858,263.79322560628253,0.9452710393418075
2025-06-25,255.60366821289065,270.7203674316406,254.794677734375,263.76873779296875,379906383,,,,,-0.03095541059337681,-0.03144465225056191,0.06117788130170082,0.047576878767009,248.9140363420759,263.40291290283204,0.944993483932727
2025-06-26,250.12310791015625,264.84490966796875,249.74046325683597,255.60366821289065,420781956,,,,,-0.021441633999437326,-0.021674845482836595,0.06157389843204958,0.0475826408360755,248.10292271205358,262.67724558512367,0.9445162338267815
2025-06-27,259.2625427246094,265.8963623046875,249.1455993652344,250.12310791015625,395851673,,,,,0.03653974593077569,0.03588799844964576,0.061479842332422124,0.04786333992508358,249.7979779924665,262.4976648966471,0.9516198099926686
2025-06-28,260.1034240722656,261.77703857421875,253.3215484619141,259.2734069824219,197229301,,,,,0.003243358407347907,0.003238110065575704,0.05547614710138671,0.046670120825747126,253.48878696986608,262.8344787597656,0.9644426719279794
2025-06-29,278.5422668457031,280.1798400878906,256.6300964355469,260.1058654785156,399163525,,,,,0.07089042691077596,0.06849047709140943,0.0547663716714752,0.04825397009085829,260.78365216936385,263.7362762451172,0.988804634243758
2025-06-30,274.6508483886719,284.6246032714844,268.8520202636719,278.5422668457031,427346597,,,,,-0.013970656953067984,-0.014069165139825368,0.03551487123204971,0.04821668557193802,263.1506565638951,264.64825236002605,0.9943411838817147
2025-07-01,260.1282043457031,277.2009582519531,259.8144226074219,274.6508483886719,301467588,,,,,-0.05287674925517449,-0.05432604564287607,0.041971440671347525,0.04934320857356366,262.63058035714283,265.11906382242836,0.9906137135918968
2025-07-02,276.095458984375,283.2030944824219,258.0813903808594,260.1282043457031,481835937,,,,,0.06138225064380887,0.05957206868262006,0.04529102010444042,0.049787422004516795,265.55797903878346,265.72647857666016,0.9993658910516586
2025-07-03,279.3941955566406,284.5713195800781,273.19805908203125,276.095458984375,465027533,,,,,0.011947811761917837,0.01187700013030678,0.04297058617249613,0.049485297722970376,269.73956298828125,266.15501658121747,1.0134678897024283
2025-07-04,265.7699890136719,282.39599609375,259.1495361328125,279.3941955566406,389978136,,,,,-0.048763384349574834,-0.049992440180734454,0.04822177581520209,0.05035647289252274,270.669198172433,266.19214935302733,1.0168188612259492
2025-07-05,273.7191162109375,276.24755859375,265.75848388671875,265.7715148925781,254102912,,,,,0.029909799924237035,0.029471225517724815,0.0492036404480526,0.04773914756606913,272.61429704938615,267.24078572591145,1.0201073773558873
2025-07-06,287.1152038574219,290.93316650390625,270.2596435546875,273.7191162109375,326219788,,,,,0.04894100138830226,0.04778108511398748,0.04538485403546616,0.048066427821308745,273.83900233677457,268.4429921468099,1.0201011400849445
2025-07-07,283.35333251953125,290.1002197265625,277.8559875488281,287.12939453125,423461528,,,,,-0.01310230627758302,-0.013188898697759289,0.04532655725466021,0.04799775439208243,275.08221435546875,269.30149739583334,1.021465595310592
2025-07-08,293.2026062011719,293.689697265625,277.7253112792969,283.353271484375,410293288,,,,,0.03475968888053127,0.03416921510181045,0.037937895636225856,0.04820668646425759,279.80712890625,270.60887044270834,1.0339909717242217
2025-07-09,302.0973205566406,306.3321228027344,290.49957275390625,293.2026062011719,610836579,,,,,0.03033640959305095,0.0298853601710885,0.03383612749024754,0.04408358006105195,283.5216805594308,271.2117411295573,1.0453886670931147
2025-07-10,308.97979736328125,314.8993225097656,293.0360412597656,302.0973205566406,642672974,,,,,0.022782316618893184,0.0225266750978059,0.034023595585848096,0.0416534058673901,287.7481951032366,271.2379892985026,1.060869813433708
2025-07-11,297.656005859375,317.5833435058594,295.15289306640625,308.9801025390625,712841624,,,,,-0.036648970581699136,-0.03733741707411404,0.030148687424360616,0.042152659439607845,292.30334036690846,271.01784362792966,1.078539097109048
2025-07-12,301.76123046875,306.7025756835937,293.80419921875,297.656005859375,466547703,,,,,0.013791842020867806,0.013697600092257406,0.029574298476623198,0.04182495897039909,296.3093566894531,271.2477315266927,1.092393860850756
2025-07-13,306.2514953613281,317.1593933105469,300.25079345703125,301.76123046875,469514341,,,,,0.014880191486504213,0.014770567582393425,0.02564890359936655,0.041809603094638735,299.0431126185826,271.76002909342446,1.1003940263627912
2025-07-14,314.8506774902344,330.7236328125,305.8450927734375,306.2514953613281,771152465,,,,,0.028078824949933967,0.027691842060230166,0.024316308862707723,0.0407938993845569,303.542733328683,273.0511525472005,1.1116698482941274
2025-07-15,327.0989685058594,330.875244140625,306.0258178710937,314.8506774902344,764413703,,,,,0.03890190458937437,0.038164294367646207,0.02487998501139011,0.041206173273378714,308.38507080078125,274.8011118570964,1.1222118743142109
2025-07-16,323.3551025390625,334.7084045410156,321.61822509765625,327.0989685058594,752189404,,,,,-0.011445667297265705,-0.011511673084064342,0.025828245803492075,0.04132743790590626,311.4218967982701,276.3861877441406,1.126763603275874
2025-07-17,321.2091064453125,331.2877502441406,313.3699645996094,323.3551025390625,740919379,,,,,-0.006636654491916527,-0.006658775008476439,0.025770916678632336,0.040777414645605047,313.16894095284596,278.1938781738281,1.1257218994487141
2025-07-18,324.9775695800781,336.8701477050781,312.8495178222656,321.2051086425781,1097641872,,,,,0.011732117985288948,0.011663830276442964,0.017513526485884282,0.04015925688993667,317.072021484375,280.4031941731771,1.1307717888853692
2025-07-19,319.2490539550781,325.3472900390625,312.5285949707031,324.9757080078125,390708173,,,,,-0.01762741850892091,-0.0177846316987353,0.020885935313663423,0.04028237755806297,319.5702819824219,282.51813252766925,1.1311496332049549
2025-07-20,324.7686462402344,334.6063232421875,317.87567138671875,319.2460632324219,588277913,,,,,0.017289298799090247,0.017141539543807302,0.021031843345479504,0.03956818680082057,322.21558925083707,285.09718221028646,1.1301956292685216
2025-07-21,322.46783447265625,334.3829650878906,319.1197204589844,324.7686462402344,587566512,,,,,-0.0070844639536914444,-0.007109677923994141,0.01978406045983744,0.0378496937385644,323.3037545340402,288.0371846516927,1.12243755932066
2025-07-22,310.6885070800781,324.1571960449219,301.1665954589844,322.4673156738281,714581325,,,,,-0.036528689479498944,-0.037212567886035545,0.018165309205213292,0.038159994445129186,320.9594029017857,290.8108612060547,1.1036706179772604
2025-07-23,290.5782470703125,310.92919921875,283.4007263183594,310.6885070800781,645598722,,,,,-0.06472804610240157,-0.06691793220142876,0.02907459286058994,0.034011062498107356,316.27699497767856,291.8940755208333,1.0835334510073156
2025-07-24,286.32501220703125,295.0144348144531,277.7321472167969,290.57940673828125,558927225,,,,,-0.014637141307594415,-0.014745321187648559,0.028835161619775323,0.034004349108994664,311.2935529436384,292.6459513346354,1.0637206888527215
2025-07-25,294.1549377441406,294.8459167480469,281.23388671875,286.3262939453125,562633061,,,,,0.02734628552621121,0.02697905573587917,0.031754726996939805,0.03365048858207078,306.89031982421875,293.9309936523438,1.0440896892527198
2025-07-26,294.92340087890625,299.6673278808594,292.9515380859375,294.15386962890625,289765825,,,,,0.0026124434308631983,0.0026090369320905544,0.032305597325600566,0.03328468271987365,303.4152265276228,295.42433675130206,1.0270488540795057
2025-07-27,305.3222045898437,305.34088134765625,294.4249267578125,294.9228210449219,351192964,,,,,0.03525933744134169,0.03465196290669573,0.035406094347180825,0.03324650305630449,300.6371634347098,296.95965881347655,1.0123838525270636
2025-07-28,288.0932312011719,308.84918212890625,286.4176025390625,305.3240051269531,458693594,,,,,-0.05642882544954908,-0.058083480293300654,0.03994630838217389,0.03521409543770583,295.7265058244978,297.8926523844401,0.9927284323980343
2025-07-29,282.0528869628906,295.379638671875,279.5760498046875,288.126220703125,387762852,,,,,-0.020966630188070434,-0.021189551422793884,0.03898251684410668,0.03325033562089819,291.63570295061385,298.009673055013,0.9786115328436922
2025-07-30,274.23638916015625,284.468994140625,265.60333251953125,282.0528869628906,439729433,,,,,-0.02771287997404115,-0.028104127167813183,0.03236964699451145,0.03355849925140778,289.30115182059154,297.99585774739586,0.9708227289045923
2025-07-31,261.0522155761719,279.74432373046875,260.4615783691406,274.2361145019531,416585257,,,,,-0.048075945079209426,-0.04927002161577293,0.03595282027994449,0.033288128775679666,285.6907523018973,298.0266581217448,0.9586080456775506
2025-08-01,255.84518432617188,262.5766296386719,250.4125061035156,261.0329284667969,561482058,,,,,-0.01994632084813952,-0.020147934172839933,0.03128411211368623,0.03151299471367251,280.21793038504467,297.3516489664714,0.9423789353750694
2025-08-02,249.59104919433597,257.7790222167969,245.57369995117188,255.8455352783203,328449567,,,,,-0.02444499844039527,-0.024748737566753675,0.029665570556515933,0.03164442678217437,273.74188014439176,296.3582107543945,0.9236858308989254
2025-08-03,260.0655822753906,260.561279296875,247.8679656982422,249.5935211181641,256246666,,,,,0.04196678172100232,0.041110063476571104,0.03181074573578313,0.031425308573657794,267.27664838518416,296.1680638631185,0.902449254314985
2025-08-04,267.7796936035156,270.7890625,259.80450439453125,260.0655822753906,367896774,,,,,0.02966217698102125,0.029230764929616574,0.03282658270082995,0.03141737125600416,264.37471444266185,295.97008310953777,0.8932481001629393
2025-08-05,255.2429351806641,268.0223388671875,251.31069946289065,267.7795715332031,359147103,,,,,-0.04681743508682146,-0.047948825035641636,0.035717105744959766,0.031180819647712667,260.5447213309152,294.9076741536458,0.8834789466861156
2025-08-06,263.34674072265625,264.2357482910156,251.6144561767578,255.2429351806641,296934598,,,,,0.03174938235315383,0.0312557910103496,0.03879846078620074,0.03177552849765106,258.9890572684152,294.24078776041665,0.8801942763941181
2025-08-07,284.7117004394531,285.5708923339844,262.87078857421875,263.3467102050781,435848893,,,,,0.08112862782417118,0.07800552123994593,0.04443824329168335,0.03441536483209969,262.36898367745533,293.9577575683594,0.8925397507716457
2025-08-08,290.9226379394531,294.2684020996094,279.6343994140625,284.7117004394531,560593577,,,,,0.021814830547579822,0.021580291948573607,0.04208171056458417,0.034191200350685486,267.3800484793527,293.58526814778645,0.9107406858874049
2025-08-09,308.0063781738281,310.5296630859375,290.3324890136719,290.9211730957031,548259394,,,,,0.05872262246546267,0.0570631082936785,0.039390020680084604,0.035573080886920766,275.725095476423,293.5528208414714,0.9392691055941992
2025-08-10,306.6687927246094,310.4594116210937,299.0483703613281,308.0048217773437,454914230,,,,,-0.004342719969467224,-0.004352176967160418,0.04097697667117519,0.03488572893007919,282.38269696916853,293.8532470703125,0.960965038788905
2025-08-11,293.9297180175781,312.4510498046875,291.48828125,306.6687927246094,587285809,,,,,-0.04154017301157542,-0.0424276297499299,0.04771717650663661,0.035676951077813546,286.11841474260603,293.5921966552734,0.974543662952177
2025-08-12,322.0481872558594,323.2727966308594,293.122314453125,293.92852783203125,638068315,,,,,0.095663920708418,0.09136049981224803,0.046954104023280735,0.03938308835350422,295.66202218191967,294.11875305175784,1.0052470953114991
2025-08-13,332.5113830566406,334.8269348144531,317.0772399902344,322.0503234863281,735296073,,,,,0.0324895348424008,0.03197291005582496,0.046949906184473957,0.03948821974166107,305.54268537248885,294.7074432373047,1.036766095949804
2025-08-14,313.0683288574219,340.00048828125,304.4494323730469,332.5090637207031,830246345,,,,,-0.058473349154205545,-0.06025262449236321,0.05362300930287237,0.040441249593413185,309.59363228934154,294.23975524902346,1.0521815178486797
2025-08-15,299.8924865722656,317.4855041503906,294.3080749511719,313.0698547363281,553235423,,,,,-0.0420861552276558,-0.04299743744338586,0.057433550711212165,0.04111402820530799,310.87503923688615,293.4576680501302,1.0593522442350376
2025-08-16,295.8876953125,303.57049560546875,290.7548522949219,299.8874816894531,321344727,,,,,-0.013354090012523856,-0.013444057728280412,0.05262726485193265,0.04115627513666212,309.143798828125,292.6136210123698,1.0564914844311244
2025-08-17,303.2060852050781,310.593994140625,294.5491943359375,295.89971923828125,391390374,,,,,0.02473367432481055,0.0244327489017136,0.05386333108460503,0.04137578377971725,308.6491263253348,291.8879048665365,1.0574234875078579
2025-08-18,288.918701171875,304.1526794433594,284.87554931640625,303.2060852050781,501328506,,,,,-0.047121033285132174,-0.04826738579125256,0.05464029150421737,0.04213617683367168,307.93326677594865,290.87689310709635,1.0586377745123
2025-08-19,277.0704650878906,292.5913391113281,276.08282470703125,288.918701171875,443484227,,,,,-0.04100889293744947,-0.041873477277721186,0.03680929290266144,0.04252341271013865,301.5078778948103,289.2869537353516,1.0422449889345469
2025-08-20,298.8261413574219,299.3896789550781,277.0638427734375,277.0721740722656,513931799,,,,,0.07852037301280035,0.07559007680570014,0.049030627830543586,0.04500959950541676,296.6957005092076,288.4988972981771,1.0284119048211082
2025-08-21,300.043212890625,303.9352722167969,294.0881652832031,298.8265686035156,482270366,,,,,0.0040728415782989025,0.004064570010621566,0.045059249987402,0.04454154831278304,294.834969656808,288.14405415852866,1.0232207307480938
2025-08-22,344.5424194335937,345.8715515136719,294.5037841796875,300.0434265136719,900190371,,,,,0.14830932556101528,0.13829070895575696,0.06703680052646796,0.04956852607224656,301.2135314941406,289.94285990397134,1.0388720439396304
2025-08-23,357.2447814941406,382.9341735839844,340.0889587402344,344.5328674316406,1373626079,,,,,0.03686733866160474,0.036203993061595656,0.06553961437257991,0.04971723710604914,309.9788295200893,292.3068522135417,1.0604569382233897
2025-08-24,348.4761657714844,359.2169494628906,344.0275573730469,357.2651672363281,667143630,,,,,-0.02454511913647106,-0.02485137230691125,0.06843459534678217,0.04991272752810618,316.44598388671875,294.1175598144531,1.0759166643649285
2025-08-25,318.26861572265625,350.26171875,310.9106140136719,348.4847717285156,702100646,,,,,-0.08668469472496698,-0.09067410721290638,0.07683420268167077,0.052923474330372255,320.63882882254467,294.89573364257814,1.0872955836355636
2025-08-26,336.3703308105469,338.3733215332031,315.4484558105469,318.2682800292969,752488189,,,,,0.056875589340749544,0.055316998296335344,0.07381450868976093,0.05348733526610648,329.1102382114955,295.9306711832682,1.112119392341321
2025-08-27,320.60516357421875,336.3832092285156,320.3453369140625,336.3775329589844,601393905,,,,,-0.046868483312244025,-0.048002382029137584,0.07521986430358359,0.053119260538084384,332.2215270996094,297.0144022623698,1.1185367597297153
2025-08-28,317.12890625,327.87469482421875,313.4555053710937,320.5965270996094,571123124,,,,,-0.010842798928951125,-0.01090201047483894,0.07562993531150294,0.05298699075200093,334.66234043666293,298.18360290527346,1.1223364972988739
2025-08-29,319.5519104003906,321.3002014160156,304.8806457519531,317.1255187988281,667382160,,,,,0.0076404392744964245,0.007611398945125217,0.04980150778542828,0.052643071366455914,331.09226771763394,299.6941202799479,1.1047673121126187
2025-08-30,319.3179016113281,319.5846862792969,311.321533203125,319.551513671875,394962321,,,,,-0.0007323028949171029,-0.0007325711596574142,0.04579193887698343,0.051651055660157916,325.6741420200893,301.6363098144531,1.0796914410616636
2025-08-31,315.8592834472656,324.6984558105469,315.47576904296875,319.3191833496094,381187594,,,,,-0.010831269235485275,-0.010890354464794848,0.04564767422155878,0.05151249569552225,321.01458740234375,303.63677978515625,1.0572322220960302
2025-09-01,304.34228515625,319.26788330078125,300.1928405761719,315.8674621582031,467271196,,,,,-0.036462434047592085,-0.03714380283493289,0.03355045316361369,0.051824887318156806,319.02511160714283,305.4618209838867,1.0444025724051833
2025-09-02,315.6095886230469,317.7821350097656,304.34478759765625,304.34478759765625,539440700,,,,,0.03702181397833759,0.03635296468510012,0.028052211820370786,0.05172286692533563,316.05929129464283,307.3132878621419,1.0284595680627526
2025-09-03,328.2220153808594,328.8462829589844,313.0678405761719,315.6095886230469,461902523,,,,,0.039962115260307796,0.03918428485545949,0.02724510352169202,0.05190562184601285,317.1474129813058,309.3280319213867,1.0252786047593203
2025-09-04,306.9760437011719,331.30059814453125,306.5067138671875,328.2220153808594,589066469,,,,,-0.06473048937632742,-0.06692054457220181,0.03816801833979639,0.052704871580759885,315.69700404575894,311.05246887207034,1.0149316775736599
2025-09-05,302.30487060546875,312.88824462890625,298.94256591796875,306.97265625,533479675,,,,,-0.01521673495880449,-0.015333697512580567,0.03792415400598517,0.052625994792561054,313.23314121791293,312.3510732014974,1.0028239634568072
2025-09-06,298.39459228515625,304.3739929199219,297.6950378417969,302.30487060546875,260750252,,,,,-0.012934883624206361,-0.013019267686555192,0.03781990773804731,0.05084155002132399,310.2440970284598,312.8071695963542,0.9918062217972761
2025-09-07,301.7606811523437,304.0166015625,298.3744201660156,298.39459228515625,271982960,,,,,0.011280663102535948,0.011217510911120488,0.03861682881141308,0.050735964725564076,308.2300109863281,313.16843770345054,0.9842307649093337
2025-09-08,303.0198974609375,307.7787475585937,298.9953308105469,301.7635498046875,409945986,,,,,0.0041728972236714235,0.0041642148334857226,0.036240845972121724,0.04963552087800504,308.04109845842635,313.0022216796875,0.9841498785707081
2025-09-09,298.06024169921875,309.8788146972656,295.19500732421875,303.0191650390625,476286885,,,,,-0.016367426044549105,-0.016502852112968876,0.032573848255172365,0.0497171734945111,305.5340488978795,312.71526997884115,0.977035911673109
2025-09-10,300.01092529296875,305.8640441894531,296.1015930175781,298.0599060058594,416445501,,,,,0.006544595087990546,0.0065232722080721586,0.02641721630649972,0.04910847133937582,301.50389317103793,312.91797688802086,0.9635237200799508
2025-09-11,309.6461486816406,309.9466857910156,299.7098083496094,300.0071105957031,404365202,,,,,0.032116241697740966,0.03161129802027873,0.017565370173026288,0.046443410701459145,301.88533673967635,312.50457560221355,0.9660189331881834
2025-09-12,321.7188720703125,321.7188720703125,308.28985595703125,309.66082763671875,433773593,,,,,0.038988772959305695,0.038247906437251726,0.020560109983346325,0.046612294048186974,304.6587655203683,312.1448252360026,0.9760173512087721
2025-09-13,314.8665466308594,321.7179260253906,310.3321838378906,321.7179260253906,357149751,,,,,-0.021299109360160662,-0.021529208527440898,0.022253481993867927,0.04543915922869126,307.01190185546875,312.20476582845055,0.9833671213852156
2025-09-14,306.5566101074219,315.3629150390625,302.9881286621094,314.866455078125,323088100,,,,,-0.026391932113321137,-0.026746450688799963,0.02561826981207992,0.04500129627133842,307.69703456333707,312.4269032796224,0.9848608789235666
2025-09-15,299.4058837890625,310.04449462890625,295.5890197753906,306.555419921875,333541973,,,,,-0.02332595704217133,-0.023602313151105735,0.027363164362410826,0.0451496188141548,307.18074689592635,312.54417622884114,0.9828394520172158
2025-09-16,299.0645446777344,301.7318725585937,289.88165283203125,299.4074401855469,421555408,,,,,-0.001140054787863165,-0.0011407051446647423,0.026584340562905127,0.04492094525922039,307.32421875,312.4061248779297,0.9837330137816107
2025-09-17,306.2148742675781,308.2331237792969,291.7501220703125,299.0636291503906,433498609,,,,,0.023908984589091853,0.023627640429840936,0.02798166759803838,0.04419431869751669,308.2104971749442,312.9826639811198,0.9847526161817592
2025-09-18,309.35406494140625,312.5980529785156,302.99151611328125,306.218505859375,397306634,,,,,0.010251594346409876,0.010199403145366373,0.025371631699453886,0.04343024905310077,308.1687709263393,314.05878397623695,0.9812455076870471
2025-09-19,298.6869506835937,311.8599853515625,297.24090576171875,309.35430908203125,401684061,,,,,-0.034481894588432094,-0.035090424921118045,0.021766259695476776,0.04178012604603891,304.8784964425223,314.05414428710935,0.9707832295433788
2025-09-20,297.0512084960937,301.0764465332031,295.2036437988281,298.6869506835937,247989471,,,,,-0.005476443425989408,-0.00549149411694429,0.021263825189122544,0.04178437427035463,302.3334481375558,313.95441080729165,0.9629851906209755
2025-09-21,294.5180969238281,299.18798828125,293.5390319824219,297.0512084960937,226417223,,,,,-0.008527524883975901,-0.008564092258837142,0.01969018929576162,0.032570407323403466,300.61366053989957,312.28693339029945,0.9626200407309053
2025-09-22,270.43133544921875,295.312255859375,263.4287109375,294.5180969238281,716355199,,,,,-0.08178363817432577,-0.08532222786850031,0.03605176515463097,0.03472552552961071,296.4744393484933,309.3931518554688,0.958244995309365
2025-09-23,275.0709228515625,280.328857421875,263.57568359375,270.4315795898437,454565539,,,,,0.017156249273542423,0.01701074270251209,0.037787186714850755,0.03491878798238715,293.0467790876116,306.94631042480466,0.954716734278524
2025-09-24,278.3392639160156,280.7304992675781,270.0126342773437,275.0639038085937,378507843,,,,,0.011881812263438762,0.01181177774427292,0.036162142976244885,0.031373216884484016,289.06454903738836,305.61533203125,0.9458443956857202
2025-09-25,259.8001403808594,279.201171875,256.4172668457031,278.3405456542969,608056819,,,,,-0.06660621025695512,-0.0689280988600524,0.03966730416936846,0.03140956153156158,281.9854169573103,303.0629923502604,0.9304515037303202
2025-09-26,270.9530639648437,272.4962158203125,256.9074401855469,259.8042907714844,457042068,,,,,0.042928858959176974,0.04203296559952637,0.04649993569492775,0.03181465433808799,278.02343314034596,301.4079223632813,0.9224158109727771
2025-09-27,266.68170166015625,272.09136962890625,265.8519287109375,270.9557189941406,228455744,,,,,-0.015764214813387967,-0.015889791541867603,0.04635160395822531,0.031856275237844095,273.68493216378346,299.7263488769531,0.9131160246313197
2025-09-28,275.1800231933594,276.8886108398437,261.4745788574219,266.68170166015625,271367134,,,,,0.031866909054123704,0.03136969464794571,0.049672665916416225,0.032489556581293245,270.92235020228793,298.2472859700521,0.9083816113233368
2025-09-29,277.3023986816406,280.220703125,269.5174255371094,275.1808776855469,403822152,,,,,0.007712680098111324,0.007683089432466045,0.03686094839714842,0.03256376904866074,271.9039306640625,296.8467692057292,0.9159740272450798
2025-09-30,274.5063171386719,278.9091491699219,266.64483642578125,277.2944030761719,369795789,,,,,-0.010083149501273536,-0.010134328776033995,0.03664024584896325,0.03255910748846746,271.8232727050781,295.4683369954427,0.9199742871577834
2025-10-01,286.3949584960937,287.9585876464844,270.1528625488281,274.5055236816406,438259488,,,,,0.04330917219444563,0.042397557974703425,0.03999457177940339,0.03305891389805314,272.97408621651783,294.8700927734375,0.9257435491304865
2025-10-02,288.9023742675781,294.0633544921875,279.63787841796875,286.4096069335937,451845247,,,,,0.008755097452312954,0.00871699382574758,0.02390294172075486,0.03232958954739838,277.1315482003348,293.9798522949219,0.9426889157094861
2025-10-03,290.80279541015625,297.7728271484375,284.4925537109375,288.90478515625,477410777,,,,,0.006578073812636642,0.006556532699513016,0.020819621395142728,0.03139879154476536,279.96722412109375,292.7325449625651,0.9563925465031441
2025-10-04,283.2284851074219,291.9732666015625,280.4895324707031,290.80194091796875,276535864,,,,,-0.026046208710103214,-0.02639141867251724,0.023241982651608185,0.029408589812200344,282.33105032784596,291.9409596761068,0.967082695902204
2025-10-05,285.8218078613281,295.50030517578125,281.4036865234375,283.2279357910156,394549111,,,,,0.009156292146683898,0.009114627440112408,0.02102449767388788,0.029384696543493877,283.85130528041293,291.3915242513021,0.9741234101085716
2025-10-06,297.3428039550781,301.0601501464844,283.4803771972656,285.8218078613281,414578437,,,,,0.04030831719929373,0.03951712806351562,0.024714602695294418,0.03025000603632762,286.71422031947543,291.35646464029946,0.9840667879926562
2025-10-07,276.5096740722656,297.87890625,276.1678161621094,297.3428039550781,476919170,,,,,-0.07006434864305622,-0.07263988731802623,0.039847027234399805,0.03292279440277974,287.0004141671317,290.5147644042969,0.9879030236402221
2025-10-08,285.5393371582031,287.042236328125,275.4054870605469,276.5119323730469,313439825,,,,,0.03265586680188837,0.03213399504259132,0.038227452835345906,0.033520722562899695,286.878182547433,289.9320790608724,0.9894668553982321
2025-10-09,273.6275939941406,286.3642578125,269.2292785644531,285.5380859375,350399964,,,,,-0.04171664500804939,-0.04261176709147011,0.04100314834991422,0.03424193771075648,284.6960710797991,289.11765747070314,0.9847066193411168
2025-10-10,226.3106384277344,279.2316589355469,109.72584533691406,273.62811279296875,945700693,,,,,-0.17292464870125435,-0.18985947408399098,0.07909007414869992,0.04828135331127176,275.48290579659596,286.660981241862,0.961005940198625
2025-10-11,234.4127960205078,244.10595703125,218.2942047119141,226.30743408203125,1000634982,,,,,0.03580104607128565,0.035175084923426796,0.08360751156256532,0.048389992632831356,268.50923592703685,284.15320281982423,0.9449453085957054
2025-10-12,251.76177978515625,255.9286193847656,226.09490966796875,234.41867065429688,584546382,,,,,0.07401039558920086,0.0713996753593825,0.09107538300516826,0.04986869156130355,263.64351763044084,281.82129974365233,0.9354989061162297
2025-10-13,261.1647644042969,262.8115539550781,247.22760009765625,251.76409912109372,477384220,,,,,0.03734873747383238,0.03666816728761745,0.09078074386534711,0.05045966918871422,258.47522626604353,280.03124033610027,0.9230228240099759
2025-10-14,255.44448852539065,263.55810546875,239.8394317626953,261.1647644042969,522984455,,,,,-0.02190293890507733,-0.022146369398390587,0.0877194203759557,0.0504021410332725,255.4659140450614,278.32750295003257,0.9178608342235031
2025-10-15,242.51937866210935,262.1662292480469,238.2444305419922,255.44351196289065,389087463,,,,,-0.05059850747962635,-0.05192350079919317,0.08652473438631383,0.05100330031659752,249.32020568847656,276.43128611246743,0.9019247032227727
2025-10-16,223.30284118652344,245.5857696533203,222.8421936035156,242.51937866210935,427360092,,,,,-0.07923712151002738,-0.08255273679852303,0.08928135445880069,0.05281320924863344,242.1309552873884,273.90589599609376,0.8839932211274543
2025-10-17,206.3287506103516,226.75413513183597,200.71456909179688,223.30284118652344,608019565,,,,,-0.07601376895152667,-0.07905810891417199,0.06152333902355943,0.05389274617480878,239.27639988490515,270.5763585408529,0.8843211623338411
2025-10-18,214.8987274169922,216.6889495849609,205.7691345214844,206.335693359375,229229140,,,,,0.041535543550228926,0.040696108405150394,0.06227770361796986,0.05463113448259117,236.4886757986886,267.42784729003904,0.884308340343497
2025-10-19,222.4480133056641,226.05984497070312,211.87649536132807,214.8987274169922,338880950,,,,,0.035129504857528415,0.03452654435600522,0.055159354755359206,0.05509938149398092,232.30099487304688,264.8865493774414,0.8769829778787189
2025-10-20,229.0608673095703,235.36819458007807,218.20545959472656,222.44964599609372,344815299,,,,,0.029727637957456476,0.02929433810646967,0.05400672959291623,0.05555780205150269,227.71472385951452,262.620204671224,0.8670876033494535
2025-10-21,218.79173278808597,236.6343994140625,218.59800720214844,229.08447265625,438344312,,,,,-0.04483146616050249,-0.04586747884672275,0.05499148975607316,0.055971397808839855,222.4786158970424,260.09599253336586,0.8553711794252356
2025-10-22,216.82293701171875,224.1297607421875,210.27838134765625,218.80101013183597,476678691,,,,,-0.008998492544844527,-0.009039223507841348,0.05348686448488221,0.05412963432533245,218.80769566127233,258.30904591878254,0.8470771702283697
2025-10-23,224.5430450439453,228.21299743652344,216.30108642578125,216.82293701171875,281258076,,,,,0.03560558739138053,0.034986364198748524,0.04719073882001019,0.054506936325219975,218.984867640904,256.6247833251953,0.8533270434890384
2025-10-24,229.12399291992188,234.42935180664065,223.53990173339844,224.5420837402344,286883204,,,,,0.020401201360211507,0.020195884627252227,0.0315041904457164,0.05462683219981954,222.24133082798548,254.9842742919922,0.8715883810681143
2025-10-25,226.3876037597656,229.1264495849609,225.40191650390625,229.1238555908203,183180449,,,,,-0.011942831151308675,-0.012014719701102579,0.0306173860713751,0.05335702884531121,223.88259887695312,253.87052307128906,0.8818770929702813
2025-10-26,240.6796875,241.7215576171875,223.69944763183597,226.38731384277344,262295441,,,,,0.06313103501639006,0.06121836082808153,0.03577984801241217,0.05404561529083762,226.48712376185827,252.86141052246094,0.8956966715241038
2025-10-27,235.23468017578125,248.1473693847656,233.8313751220703,240.67807006835935,301257033,,,,,-0.02262346017138961,-0.022883297064997105,0.03681505651943594,0.054113934146247565,227.36909702845983,251.81317647298178,0.9029277189267947
2025-10-28,228.47537231445312,238.28970336914065,225.6903381347656,235.23468017578125,302104538,,,,,-0.028734316964986517,-0.02915523016164845,0.03344497667281477,0.053870470275153494,228.75247410365515,250.25635477701823,0.9140725889157807
2025-10-29,227.5696563720703,235.0499420166016,224.2311248779297,228.47247314453125,315852847,,,,,-0.003964173176338126,-0.0039720513379813424,0.03311369415225851,0.0538088882642188,230.2877197265625,248.59859670003254,0.9263436028339107
2025-10-30,215.09718322753903,231.06114196777344,208.1469573974609,227.56808471679688,319965013,,,,,-0.05480727678447217,-0.05636643237069945,0.037865272676730455,0.054570589687452084,228.93831089564733,246.61829223632813,0.9283103407279355
2025-10-31,228.48794555664065,234.60743713378903,213.38075256347656,215.1085662841797,337387633,,,,,0.06225447552670316,0.060393513255688036,0.04491647491456835,0.05523996314423712,228.84744698660714,244.68805847167968,0.9352620165282568
2025-11-01,222.8101348876953,228.57232666015625,221.67578125,228.48580932617188,203120233,,,,,-0.024849497662176923,-0.025163458524654375,0.04575048756631163,0.05524269019661337,228.3363800048828,242.4849838256836,0.9416516289067538
2025-11-02,231.31866455078125,232.67752075195312,219.26573181152344,222.80897521972656,296144868,,,,,0.03818735475105095,0.037476264362870736,0.04087959495175812,0.05582175138258853,226.99909101213728,240.50217946370444,0.9438546108743061
2025-11-03,199.62310791015625,232.51547241210935,198.2280731201172,231.311767578125,437014885,,,,,-0.1370211811579385,-0.14736513183599076,0.06781724448434702,0.061322346532167296,221.91172354561942,237.7153335571289,0.9335187605484798
2025-11-04,188.5381317138672,205.6451416015625,177.79127502441406,199.6277008056641,491051828,,,,,-0.0555295241735142,-0.0571308515799827,0.06902305986299564,0.061739750141914636,216.20640345982142,234.47254435221353,0.9220968879624832
2025-11-05,201.99966430664065,204.856201171875,181.43443298339844,188.54226684570312,420017311,,,,,0.07139952258147542,0.06896575886211795,0.07806987969554727,0.06284208822854524,212.55354745047433,231.29443969726563,0.9189738747229691
2025-11-06,196.98110961914065,205.44358825683597,193.67410278320312,201.998291015625,311714100,,,,,-0.024844371423715317,-0.025158201669455735,0.07632041872560652,0.0618757845260266,209.96553693498885,228.64348754882812,0.9183097195810115
2025-11-07,207.8118438720703,212.2221527099609,190.3282623291016,196.98361206054688,432464053,,,,,0.054983618854979044,0.05352523965580372,0.07526289567011771,0.06251358812271124,207.01180812290735,226.05257110595704,0.9157684299280774
2025-11-08,202.469482421875,210.6491851806641,198.86782836914065,207.8129425048828,587139576,,,,,-0.025707685137927427,-0.02604390243777285,0.07528627047381693,0.06229375449997251,204.10600062779017,223.68063405354818,0.9124884748803425
2025-11-09,212.1888427734375,214.28143310546875,197.0232696533203,202.469970703125,301354950,,,,,0.04800407565279774,0.04688747487296558,0.07642737219807298,0.05303606459024568,201.3731689453125,223.20990753173828,0.9021694922600118
2025-11-10,228.17510986328125,228.92156982421875,211.50924682617188,212.1997985839844,519461904,,,,,0.07533980995840062,0.07263671391670841,0.05341335282321272,0.05436937580126014,205.4520263671875,223.00198465983073,0.9213013358629337
2025-11-11,207.57310485839844,231.6310272216797,207.5464324951172,228.19293212890625,450677020,,,,,-0.09029032578192775,-0.09462976969591234,0.06329845141033522,0.05520005561550122,208.17130824497767,221.5290288289388,0.9397021661017809
2025-11-12,204.74853515625,218.95523071289065,203.21832275390625,207.56141662597656,433440780,,,,,-0.013607589981733392,-0.013701021790289805,0.05883183738718731,0.05460669732566775,208.56400408063615,219.64848785400392,0.949535351316712
2025-11-13,199.3998260498047,215.6500701904297,190.95225524902344,204.7637634277344,438260447,,,,,-0.026123308293090064,-0.026470583244280685,0.05893455325090257,0.054650708605082754,208.90953499930245,217.78033243815105,0.9592672242734872
2025-11-14,173.78480529785156,199.419189453125,173.7819061279297,199.3998260498047,703499899,,,,,-0.12846059728033654,-0.13749420251438274,0.0734084771889381,0.05906332307474863,204.04852948869978,215.4891799926758,0.9469084688875569
2025-11-15,178.49261474609375,182.37423706054688,173.77601623535156,173.77601623535156,241879522,,,,,0.02708987957936504,0.02672944374741001,0.07601243234275054,0.05786286306510184,200.6232626778739,213.9955057779948,0.9375115703878676
2025-11-16,173.0508575439453,181.4877777099609,168.59486389160156,178.4938201904297,333408072,,,,,-0.030487296126449515,-0.030961700854027347,0.07042518805695641,0.05646015718604568,195.03212193080358,212.88624267578126,0.9161330458907628
2025-11-17,168.7764129638672,179.90928649902344,165.110107421875,173.04676818847656,384422050,,,,,-0.024700510825221733,-0.025010686766451625,0.05485910605523972,0.05586304759749327,186.54659380231584,211.3488321940104,0.8826478569376384
2025-11-18,178.08364868164062,179.37319946289062,165.85704040527344,168.77554321289062,366101855,,,,,0.05514535801733156,0.053678537548436794,0.06002619062508323,0.056472533339174846,182.3338143484933,209.8700200398763,0.8687940007526992
2025-11-19,174.318603515625,178.67613220214844,164.03070068359375,178.08364868164062,337076059,,,,,-0.02114200373750419,-0.02136869675530986,0.059921718733645296,0.05609317042541672,177.98668125697546,208.04527791341147,0.8555189670349239
2025-11-20,164.54229736328125,178.7497100830078,159.8265838623047,174.3177947998047,367981867,,,,,-0.05608297654511363,-0.05771701558250515,0.06137091467097321,0.05640184460435859,173.0070343017578,206.2369633992513,0.8388750079045524
2025-11-21,157.5379180908203,167.49774169921875,150.0629119873047,164.53997802734375,418052070,,,,,-0.04256886760853029,-0.04350148490935125,0.03975763243997043,0.05674209148361907,170.68605041503906,204.26079610188802,0.8356280484185452
2025-11-22,161.18344116210938,163.1896209716797,155.53488159179688,157.5384521484375,271275363,,,,,0.023140607134261026,0.022876923403713056,0.03912107013012439,0.056448585410505625,168.21331133161272,202.14880930582683,0.8321261545356233
2025-11-23,167.1612091064453,171.41580200195312,160.54029846191406,161.18310546875,278998218,,,,,0.03708673733007006,0.03641556830506275,0.04255453936761852,0.05683453689839482,167.37193298339844,200.08338317871093,0.8365109102233882
2025-11-24,178.62713623046875,179.76414489746094,166.13172912597656,167.1617431640625,362964545,,,,,0.06859203271688541,0.06634192469948261,0.048909185453235346,0.05853796072977724,168.7791791643415,198.49136759440105,0.8503099213323287
2025-11-25,178.84600830078125,181.0662841796875,174.66421508789062,178.6272735595703,286312434,,,,,0.0012253013452003803,0.0012245512761516599,0.04459044209201587,0.05710251970241045,168.8880876813616,196.43024495442708,0.8597865757411471
2025-11-26,185.8648834228516,187.9525909423828,175.1702880859375,178.84544372558594,266110061,,,,,0.03924535520114092,0.03849482976476538,0.045405695788196386,0.05771747913666253,170.53755623953683,194.78458506266276,0.8755187490050838
2025-11-27,185.9570159912109,187.71929931640625,182.0926818847656,185.86502075195312,240737254,,,,,0.0004956964794136098,0.0004955736624986905,0.035327621668827365,0.05759384261521914,173.5968017578125,193.3673065185547,0.897756735010191
2025-11-28,185.4755706787109,188.81265258789065,182.6791229248047,185.95639038085935,214655591,,,,,-0.0025890139715016858,-0.0025923712641443197,0.025604250703513874,0.05759678207230241,177.587894984654,191.96417032877605,0.9251095904016887
2025-11-29,182.37551879882807,186.4640350341797,181.61410522460935,185.47108459472656,152029478,,,,,-0.01671407112289136,-0.016855327400004866,0.029782539190248952,0.056871887222605666,180.6153346470424,190.87344818115236,0.9462569905250819
2025-11-30,177.80511474609375,189.2598419189453,177.80511474609375,182.379150390625,247204187,,,,,-0.02506040329774617,-0.02537976200365298,0.03234048705556147,0.05558647302235485,182.1358925955636,189.18402048746745,0.9627445918860216
2025-12-01,171.70977783203125,177.9232940673828,162.998779296875,177.80511474609375,339241949,,,,,-0.03428099873710977,-0.03488237604783091,0.023848469082944378,0.05571595392964847,181.14769853864397,187.48067525227864,0.9662206427136404
2025-12-02,190.0353240966797,190.6106719970703,167.54515075683594,171.70849609375,310493111,,,,,0.106723953032976,0.10140425770937077,0.04724151310519817,0.058685650592916416,182.74617222377233,186.10456390380858,0.9819542755449453
2025-12-03,198.4582061767578,200.2472686767578,189.84739685058597,190.0338897705078,309725057,,,,,0.044322718000538774,0.043368558552427834,0.047787109046257964,0.05295657806141195,184.54521833147322,186.06573384602865,0.991828073427998
2025-12-04,190.5224151611328,198.6914825439453,187.86648559570312,198.46188354492188,214160365,,,,,-0.03998721528580651,-0.04080867719831283,0.051472807830084046,0.052432708139162294,185.19741821289062,186.13187662760416,0.9949795895703394
2025-12-05,183.78958129882807,193.2773284912109,182.1091461181641,190.52073669433597,211641288,,,,,-0.03533880177096482,-0.03597832920774408,0.053629198750810486,0.05118283021772797,184.95656258719305,185.52487386067708,0.9969367381221841
2025-12-06,187.38710021972656,191.07928466796875,182.37974548339844,183.7885589599609,148198797,,,,,0.019574117833421667,0.019385008569756165,0.05362703260975872,0.05116842862858012,185.67250279017853,185.20507354736327,1.0025238468572284
2025-12-07,187.25526428222656,194.5429534912109,182.3951568603516,187.3853302001953,316600762,,,,,-0.0007035486292568116,-0.0007037962357359537,0.05217503379381759,0.05009819228660772,187.02252415248321,184.5198542277018,1.0135631470946918
2025-12-08,191.6307678222656,199.6154937744141,186.42654418945312,187.2555389404297,383291008,,,,,0.023366518195421015,0.02309770060920773,0.04883993654347183,0.050138085182497655,189.86837986537384,184.15856374104817,1.031004890613474
2025-12-09,202.72210693359372,205.75543212890625,187.730224609375,191.6307678222656,488163704,,,,,0.05787869681561353,0.05626567356954541,0.037237023698138846,0.05048040161335364,191.68077741350444,183.84300587972004,1.0426329600970097
2025-12-10,197.0445709228516,206.73040771484372,196.68035888671875,202.7214508056641,456071125,,,,,-0.028006496659991442,-0.028406158350610267,0.03613631947552923,0.04870138057563441,191.47882952008925,182.8053212483724,1.0474466947268586
2025-12-11,202.2046661376953,202.98220825195312,187.5249786376953,197.0451202392578,382686661,,,,,0.026187451857600408,0.025850431676265134,0.03250453678120552,0.045934989647072696,193.14772251674103,182.62637329101562,1.0576113352968994
2025-12-12,191.4883575439453,206.2548675537109,189.89617919921875,202.20384216308597,402612047,,,,,-0.05299733581050259,-0.054453372505932254,0.03713796207749089,0.046919438941308525,194.24754769461495,182.18436737060546,1.0662141351539245
2025-12-13,197.6822967529297,202.439697265625,191.44960021972656,191.48822021484372,254404176,,,,,0.03234629660219901,0.031834169495195165,0.03817701243582004,0.047088047271506714,195.7182900565011,182.12711639404296,1.074624657390681
2025-12-14,188.56532287597656,197.8382568359375,187.2889709472656,197.68283081054688,272271288,,,,,-0.04611932391876161,-0.047216692839669845,0.0435422037336328,0.040431465762544194,195.9054412841797,182.6198003133138,1.0727502765202472
2025-12-15,193.7493133544922,196.2661590576172,180.29356384277344,188.5755920410156,448371673,,,,,0.0274917487449442,0.027120636937462847,0.043907555925770336,0.04043953817393087,196.20809064592635,183.12835693359375,1.0714238577320692
2025-12-16,186.0941619873047,193.7335205078125,184.67315673828125,193.73133850097656,338701806,,,,,-0.03951059869400053,-0.040312331393491274,0.038724260554020395,0.04074309833134482,193.8326699393136,183.5631337483724,1.05594552664926
2025-12-17,179.5943603515625,192.2938232421875,177.100341796875,186.0957946777344,334938833,,,,,-0.03492748814003954,-0.03555203864236333,0.039311616598744,0.04103227417656442,191.33978271484375,183.9237319946289,1.0403213366746573
2025-12-18,173.58775329589844,184.7814178466797,169.94911193847656,179.5955047607422,357623729,,,,,-0.0334454102228261,-0.03401750000724946,0.03573792605532818,0.040346962049953014,187.25165230887276,183.77386881510418,1.0189242546624928
2025-12-19,181.3639068603516,187.06170654296875,172.1597442626953,173.58792114257812,300285912,,,,,0.04479667152093314,0.04382229377780834,0.039840157148654215,0.040954845845414624,185.8053022112165,184.0087122599284,1.0097636135225505
2025-12-20,179.96395874023438,183.08338928222656,179.9001007080078,181.3643951416016,171962999,,,,,-0.007719000678537258,-0.007748946364322773,0.035897730165083096,0.03945982797004527,183.27411106654577,184.52276763916015,0.9932330487527904
2025-12-21,164.9100799560547,179.9646453857422,157.99688720703125,179.9638214111328,406094156,,,,,-0.08364940896809747,-0.08735624623357097,0.04439683053382487,0.04197364362195252,179.89479064941406,184.7685063680013,0.9736225842033905
2025-12-22,150.35528564453125,164.9945526123047,148.35037231445312,164.912109375,742118344,,,,,-0.08825897310462771,-0.09239929097010421,0.046566157906848836,0.04511082471328043,173.69564383370536,184.4075678507487,0.9419116897322072
2025-12-23,150.59542846679688,154.5915985107422,148.86328125,150.3534698486328,416281995,,,,,0.0015971691399887522,0.0015958950218322725,0.04860234095912983,0.044524003428513446,168.62439618791853,183.85537516276042,0.9171578260284288
2025-12-24,148.46575927734375,151.3360137939453,146.60736083984375,150.59381103515625,247570827,,,,,-0.014141658954293423,-0.014242605040113392,0.04888047796256967,0.04255369652084549,164.17745317731584,182.8499959309896,0.8978805405020569
2025-12-25,149.03982543945312,154.2700653076172,148.3083038330078,148.4712371826172,305616743,,,,,0.0038666569645664506,0.003859200660990507,0.050080723387666316,0.042572187226182334,160.6706063406808,181.85645650227863,0.8835023481207422
2025-12-26,154.10276794433594,156.6431427001953,148.81179809570312,149.03982543945312,330113803,,,,,0.03397040012596908,0.03340614910585978,0.04791449838132762,0.04239825549049356,156.77615792410714,180.79771931966147,0.8671357056607405
2025-12-27,156.8899383544922,157.08631896972656,153.9152069091797,154.10276794433594,275964306,,,,,0.018086439635938367,0.017924825757307455,0.0502273361526211,0.042612701517244694,153.47986929757255,179.82881673177084,0.8534776132487161
2025-12-28,153.45919799804688,157.01377868652344,152.74725341796875,156.89236450195312,208921270,,,,,-0.021867178943582477,-0.02210980931736421,0.04071070757938805,0.042713033326709525,151.84402901785714,178.76160430908203,0.8494219416117796
2025-12-29,149.23760986328125,158.8046112060547,148.65672302246094,153.45626831054688,230708797,,,,,-0.027509515166496246,-0.027894987770302637,0.02204761222620707,0.04285428392019627,151.68436104910714,177.6570073445638,0.8538045490933943
2025-12-30,149.29501342773438,152.2012939453125,148.96141052246094,149.23760986328125,166619275,,,,,0.00038464542889493636,0.0003845714718061811,0.02202798340793653,0.04272466795080068,151.49858747209822,176.70667063395183,0.8573450392595976
2025-12-31,146.15785217285156,150.5749053955078,143.6687774658203,149.295166015625,178701439,,,,,-0.021013168376191937,-0.021237087386004216,0.022859111215343487,0.04247657679291059,151.16888645717077,175.85493977864584,0.8596226335606598
2026-01-01,148.69020080566406,149.2500457763672,144.9779510498047,146.10922241210938,124361906,,,,,0.017326121006606243,0.017177735285923063,0.02397808917155217,0.03768957226426496,151.11894008091517,174.47676900227864,0.8661264244235378
2026-01-02,165.01084899902344,165.63951110839844,147.8028564453125,148.6912384033203,288400916,,,,,0.10976276920017236,0.10414627104127482,0.045666828849823565,0.04194873528064245,152.67723737444197,173.36185709635416,0.8806852898996362
2026-01-03,163.00094604492188,167.054443359375,157.98153686523438,165.010009765625,218112844,,,,,-0.012180429143258675,-0.012255218501782461,0.04619029193282877,0.04145633207361683,153.55023847307478,172.44447479248046,0.8904329272240066
2026-01-04,163.91656494140625,165.96531677246094,160.90283203125,163.001220703125,181854450,,,,,0.005617261241122051,0.005601543263051509,0.04459362592148892,0.04108526594209223,155.04414803641183,171.78204091389975,0.9025631970115127
2026-01-05,171.7893829345703,171.7893829345703,162.40814208984375,163.95074462890625,237375952,,,,,0.048029422749179096,0.04691166064709745,0.04310007474316723,0.041920137669635954,158.26582990373885,171.26211700439453,0.9241146417667943
