Date,Close,High,Low,Open,Volume,sentiment_score_mean,sentiment_polarity_mean,sentiment_subjectivity_mean,news_count,return,log_return,vol_7d,vol_30d,ma_7,ma_30,ma_ratio
2021-10-12,1.7449009418487549,1.7543660402297974,1.6085859537124634,1.7170850038528442,411949621,1.0,0.16,0.5,1.0,,,,,,,
2021-10-13,1.838683009147644,1.8447070121765137,1.6926590204238892,1.746279001235962,356995291,1.0,0.16,0.5,1.0,0.053746356053613775,0.05235177225308663,,,,,
2021-10-14,1.8041549921035769,1.8800339698791504,1.7803009748458862,1.8371349573135376,337223002,1.0,0.16,0.5,1.0,-0.018778667596473397,-0.018957225697237578,,,,,
2021-10-15,1.752943992614746,1.8092520236968996,1.7328180074691772,1.8092520236968996,327662647,0.0,0.0,0.0,1.0,-0.028385033277612548,-0.028795677771046926,,,,,
2021-10-16,1.796759009361267,1.8478569984436035,1.7356090545654297,1.753222942352295,353041362,0.0,0.0,0.0,1.0,0.024995103626308746,0.02468783562901915,,,,,
2021-10-17,1.7681440114974976,1.8891619443893437,1.7266199588775637,1.796792984008789,363795236,0.0,0.0,0.0,1.0,-0.01592589641386688,-0.01605407624293504,,,,,
2021-10-18,1.7367429733276367,1.7864749431610107,1.7156959772109983,1.7691179513931274,212462805,1.0,0.14,0.45,1.0,-0.017759321619547408,-0.017918910656857894,,,1.7774755614144462,,
2021-10-19,1.7111539840698242,1.767560958862305,1.6864969730377195,1.7377320528030396,221010508,1.0,0.1,0.4,1.0,-0.014733895372430084,-0.014843517313570111,0.029674421918008793,,1.7726545674460275,,
2021-10-20,1.7885329723358154,1.821372985839844,1.6881070137023926,1.710716962814331,274389721,1.0,0.1,0.4,1.0,0.0452203536247231,0.044227727900589285,0.02721534942574534,,1.765490276472909,,
2021-10-21,1.782410979270935,1.8834069967269895,1.7566230297088623,1.789692997932434,438671617,1.0,0.1,0.4,1.0,-0.0034229131693809256,-0.00342878473907448,0.026409202521124858,,1.762383988925389,,
2021-10-22,1.8594059944152832,1.9381680488586424,1.7725499868392944,1.7843929529190063,534119389,1.0,0.1,0.4,1.0,0.043197116736703345,0.04229014832207552,0.027893626217460766,,1.7775928463254655,,
2021-10-23,1.9102050065994265,1.9430559873580933,1.8479479551315308,1.859549045562744,343212664,1.0,0.1,0.4,1.0,0.027320021736359834,0.026953490718572004,0.028125989078548155,,1.7937994173594884,,
2021-10-24,1.8166329860687256,1.9194860458374023,1.7824749946594238,1.9102330207824707,265679600,1.0,0.1,0.4,1.0,-0.04898532890837681,-0.05022578954036528,0.03521902994890831,,1.8007264137268066,,
2021-10-25,2.043942928314209,2.072838068008423,1.8084880113601685,1.815521001815796,549366780,1.0,0.1,0.4,1.0,0.1251270586786999,0.11789597032675674,0.0537521024275412,,1.8446121215820312,,
2021-10-26,2.037904024124145,2.0991780757904053,1.95175302028656,2.048037052154541,632762093,1.0,0.1,0.4,1.0,-0.0029545366000236495,-0.002958909859378178,0.0525213280120937,,1.8912906987326485,,
2021-10-27,1.7886780500411987,2.0861740112304688,1.706375002861023,2.041632890701294,726406070,0.0,0.0,0.0,1.0,-0.12229524606295394,-0.13044501304115572,0.07743109760837495,,1.891311424119132,,
2021-10-28,1.8483999967575075,1.8798949718475344,1.7550660371780396,1.7888909578323364,504296756,0.0,0.0,0.0,1.0,0.03338887437844562,0.03284357077703947,0.07837048488224646,,1.9007384266172136,,
2021-10-29,1.870479941368103,1.9141759872436523,1.836298942565918,1.8466099500656128,392802835,1.0,0.2,0.33,1.0,0.011945436404094512,0.011874652814977299,0.07679833704632082,,1.902320419039045,,
2021-10-30,1.8196439743041992,1.876263976097107,1.7889209985733032,1.8751380443573,258239743,1.0,0.2,0.33,1.0,-0.027178033797422896,-0.027554187636005322,0.07647296338100389,,1.8893831287111555,,
2021-10-31,1.8286900520324707,1.857766032218933,1.7583379745483398,1.820924997329712,291738506,1.0,0.2,0.33,1.0,0.004971344865267069,0.004959028532674406,0.07407360950293573,,1.8911055667059762,,
2021-11-01,1.833672046661377,1.866443991661072,1.779767990112305,1.8287440538406368,285592980,0.0,0.0,1.0,1.0,0.0027243515779884486,0.0027206472586152066,0.05377727861875879,,1.8610668693270003,,
2021-11-02,1.861832976341248,1.909098982810974,1.831421971321106,1.8329429626464844,310956867,0.0,-0.02500000000000001,0.815,2.0,0.015357669726789203,0.015240934388382301,0.05491310436228443,,1.835913862500872,,
2021-11-03,1.9278149604797363,1.9724719524383545,1.826995015144348,1.8625140190124512,466342620,0.0,0.0,0.35000000000000003,3.0,0.03543926065170022,0.03482574310916173,0.021033310016549386,,1.8557905639920915,,
2021-11-04,1.8589650392532349,1.9598280191421509,1.821810007095337,1.9262529611587524,360452517,0.0,0.0,0.0,3.0,-0.03571396769810742,-0.036367314376373965,0.02481697644541068,,1.8572998557771956,,
2021-11-05,1.848338007926941,1.9142199754714968,1.8320430517196653,1.8619680404663088,257097471,0.5,0.119,0.373,10.0,-0.005716638614442604,-0.005733041134356593,0.02439787240180855,,1.8541367224284582,,
2021-11-06,1.836958050727844,1.8680119514465328,1.7805850505828855,1.8459199666976929,215086025,0.0,0.0,0.0,1.0,-0.006156859378691482,-0.006175890994261419,0.02182464756771642,,1.8566101619175501,,
2021-11-07,1.8654299974441528,1.8726780414581297,1.821936011314392,1.8380099534988403,189001016,0.0,0.0,0.0,1.0,0.015499508388353123,0.015380617930211851,0.02245792022455673,,1.8618587255477905,,
2021-11-08,2.0538129806518555,2.0751349925994877,1.8395249843597408,1.867661952972412,598547948,0.0,0.03,0.14625,8.0,0.10098635889087682,0.09620646791890003,0.04182225418117713,,1.893307430403573,,
2021-11-09,1.9441440105438232,2.0565168857574463,1.93415105342865,2.0482099056243896,430282326,0.2,0.05,0.209,10.0,-0.053397739298163716,-0.054876273279335794,0.04973718587610746,,1.9050661495753698,,
2021-11-10,1.934533953666687,2.288543939590454,1.8439090251922607,1.945690989494324,1096601258,0.3333333333333333,0.05833333333333334,0.22999999999999998,12.0,-0.004943078714857219,-0.004955336138069169,0.04816649986631723,,1.906026005744934,1.8504637281099956,1.0300261371195252
2021-11-11,2.031259059906006,2.0578110218048096,1.8774160146713257,1.9352070093154907,726397489,0.0,0.049,0.328,10.0,0.04999917735017645,0.04878938069310266,0.048057759006081925,0.04633312873770711,1.9306394372667586,1.860008998711904,1.0379731703469004
2021-11-12,2.150451898574829,2.3398330211639404,2.0043389797210693,2.0240108966827397,1695116317,0.7,0.144,0.376,10.0,0.05867928961967994,0.05702217808997796,0.04987333964647897,0.046505018517473885,1.9737985645021712,1.8704012950261435,1.0552807944214893
2021-11-13,2.0825510025024414,2.161720991134644,2.035689115524292,2.1455979347229004,684136646,0.0,0.0,0.0,1.0,-0.03157517548631883,-0.032084419680827814,0.05313526551992031,0.04680117444161546,2.0088832718985423,1.879681162039439,1.068736183810514
2021-11-14,1.9831290245056152,2.107322931289673,1.920421004295349,2.07807993888855,466084928,1.0,0.29,0.79,1.0,-0.04774047688501193,-0.04891767302760348,0.05889416720082148,0.0474388540128436,2.025697418621608,1.8873539964358013,1.073300198291928
2021-11-15,1.8896349668502808,2.009320974349976,1.8649909496307373,1.984799027442932,469597579,0.4,0.062,0.28500000000000003,10.0,-0.04714471751460658,-0.04829224154381676,0.0473123840588055,0.04821228132749926,2.0022434166499545,1.890449861685435,1.0591359534205522
2021-11-16,1.7283120155334473,1.894657015800476,1.5698540210723877,1.894657015800476,787276524,0.2857142857142857,0.041428571428571426,0.19428571428571426,7.0,-0.08537254768614544,-0.08923845255824425,0.05384580632756114,0.050916236093955375,1.9714102745056152,1.8891221284866333,1.0435589339503966
2021-11-17,1.6608229875564575,1.7625809907913208,1.5981299877166748,1.7267760038375854,579988526,0.5454545454545454,0.12727272727272726,0.35818181818181816,11.0,-0.03904909956675795,-0.03983196347813193,0.054178515181182184,0.05132641839054556,1.9323087079184396,1.8865914622942606,1.0242327215710936
2021-11-18,1.845844030380249,2.829822063446045,1.6507070064544678,1.6591540575027466,4203183528,0.36363636363636365,0.10636363636363635,0.30272727272727273,11.0,0.1114032285258828,0.1056233867774804,0.06880349351704726,0.05483795569649487,1.9058208465576172,1.8910811305046082,1.0077943329956849
2021-11-19,1.8804080486297607,1.9073660373687744,1.754578948020935,1.8481390476226809,977648884,0.3,0.156,0.406,10.0,0.018725318976377192,0.01855215850780815,0.0635513790084533,0.05436297227900504,1.8672431537083216,1.8941436330477397,0.9857980784191459
2021-11-20,1.8362929821014404,1.9048670530319212,1.758713960647583,1.8801690340042116,458989518,1.0,0.09,0.2,1.0,-0.02346036891326153,-0.02373994465869604,0.06334669121309405,0.05455479901553525,1.8320634365081787,1.8959396998087565,0.9663089162028619
2021-11-21,1.8339359760284424,1.892230987548828,1.783898949623108,1.8390779495239256,441289829,1.0,0.09,0.2,1.0,-0.0012835675439443195,-0.0012843920223555893,0.062013550726035094,0.053994563589318326,1.8107501438685827,1.8950906991958618,0.9554952407486
2021-11-22,1.7357230186462402,1.838243007659912,1.7163050174713137,1.832576036453247,453625871,0.3333333333333333,0.07333333333333333,0.27,9.0,-0.05355310036225547,-0.05504041171556392,0.06273500922397718,0.05463055740054221,1.7887627226965768,1.8892746329307557,0.9467986768666561
2021-11-23,1.833480954170227,1.8494880199432373,1.6992460489273071,1.739385962486267,467341509,0.3333333333333333,0.07555555555555556,0.2577777777777778,9.0,0.05632116096508999,0.05479226874779641,0.0565471145595112,0.05487697637775212,1.8037868567875452,1.8898362318674724,0.9544672847155141
2021-11-24,1.789302945137024,1.8705090284347532,1.7210979461669922,1.837293028831482,481534594,0.7,0.16899999999999998,0.363,10.0,-0.02409515568335785,-0.024390192899258197,0.05461848178455709,0.050323483996266745,1.822141136441912,1.881348232428233,0.9685294327941069
2021-11-25,1.752958059310913,1.844580054283142,1.724642038345337,1.7432529926300049,424162726,0.5555555555555556,0.14,0.28444444444444444,9.0,-0.020312315432604144,-0.02052144732666252,0.0355345632327931,0.05040780122758141,1.8088717120034354,1.871850033601125,0.9663550388828266
2021-11-26,1.5965019464492798,1.8228529691696167,1.5941309928894043,1.8202420473098757,572227584,0.25,0.013750000000000002,0.2775,8.0,-0.08925262759745445,-0.09348972818953293,0.0456913494652441,0.047611004377458306,1.768313697406224,1.8654441634813945,0.9479317215831856
2021-11-27,1.6780120134353638,1.7254869937896729,1.6028640270233154,1.6028640270233154,392327404,0.25,0.013750000000000002,0.2775,8.0,0.05105541347279119,0.04979481502708629,0.05339855071487483,0.048158186560238736,1.745702130453927,1.859764564037323,0.9386683477096799
2021-11-28,1.7117149829864502,1.7136770486831665,1.583598017692566,1.68122398853302,339904708,0.25,0.013750000000000002,0.2775,8.0,0.020085058558124924,0.0198860145626247,0.05474704226549946,0.048266885951930995,1.7282419885907854,1.8544723987579346,0.9319319013582007
2021-11-29,1.777569055557251,1.826689958572388,1.6976710557937622,1.712651014328003,454280625,0.2222222222222222,0.014444444444444446,0.13777777777777778,9.0,0.03847256887119399,0.03775094980239989,0.053193938244361666,0.04859082722608077,1.734219993863787,1.8530699014663696,0.9358632356455985
2021-11-30,1.813681960105896,1.873350977897644,1.7351839542388916,1.7735639810562134,511222408,0.2727272727272727,0.02,0.19727272727272727,11.0,0.020315894021526004,0.020112279370131336,0.049064779612689895,0.04873109789224898,1.7313915661403112,1.8525696317354838,0.9345891978798911
2021-12-01,1.9678950309753416,2.021070003509521,1.80403995513916,1.8096280097961424,786558602,1.0,0.18,0.55,1.0,0.08502762571473199,0.08160544815651694,0.05661637021794752,0.050974921495121686,1.7569047212600708,1.857043731212616,0.946076116426641
2021-12-02,1.883213996887207,2.0422110557556152,1.8525550365448,1.9624700546264648,636253482,-1.0,-0.08,0.05,1.0,-0.04303127593455247,-0.04398456929055329,0.05958905221051356,0.05160165674404565,1.7755127123423986,1.8577564318974813,0.955729546595578
2021-12-03,1.7435179948806765,1.94158399105072,1.7084970474243164,1.887895941734314,479972708,0.5,0.15,0.39,2.0,-0.07417956867219344,-0.07707498179308736,0.05497076628705124,0.05304997915066617,1.7965150049754552,1.851613199710846,0.9702431400121823
2021-12-04,1.65168297290802,1.7507070302963257,1.3483610153198242,1.7507070302963257,783999565,0.5,0.15,0.39,2.0,-0.05267225359434358,-0.05411015654156622,0.05723040313333594,0.05352752630696091,1.792753713471549,1.8447037974993388,0.9718382517029494
2021-12-05,1.7584830522537231,1.7584830522537231,1.5896689891815186,1.650184988975525,722379679,0.5,0.15,0.39,2.0,0.06466136728264904,0.06265678360698414,0.06206751979773714,0.05488760043373259,1.7994348662240165,1.8417086323102316,0.9770464419047724
2021-12-06,1.772158980369568,1.855473041534424,1.6171259880065918,1.763416051864624,973252801,0.0,0.0,0.0,2.0,0.007777116815722129,0.007747030929695579,0.060348458741778604,0.05490696894302193,1.7986619983400618,1.839548663298289,0.9777735344685485
2021-12-07,1.6904430389404297,1.809815049171448,1.66627299785614,1.7694920301437378,454987178,0.0,0.0,0.75,1.0,-0.046110954115469505,-0.047207918401963034,0.061873046491340476,0.055441824615998864,1.7810564381735665,1.833715764681498,0.9712827213888964
2021-12-08,1.6977529525756836,1.7008270025253296,1.5994210243225098,1.6875489950180054,278239642,0.0,-0.005000000000000001,0.2225,4.0,0.004324259065147551,0.004314936323221207,0.04816891230673716,0.05219926030688966,1.7424647126879012,1.821847097078959,0.9564275264821428
2021-12-09,1.549767017364502,1.7140909433364868,1.549767017364502,1.6972099542617798,314638284,0.6,0.1,0.326,10.0,-0.08716576518784447,-0.0912009758657144,0.054763093751076734,0.05376169865387482,1.6948294298989433,1.8087011973063152,0.9370422446908532
2021-12-10,1.4604710340499878,1.598065972328186,1.4578020572662354,1.5499119758605957,286266331,0.4444444444444444,0.11666666666666664,0.20666666666666667,9.0,-0.05761897260297155,-0.0593455985062435,0.052468354898593146,0.05458177707345583,1.6543941497802734,1.7928990999857584,0.9227480507929392
2021-12-11,1.526278018951416,1.5727430582046509,1.4360530376434326,1.4626599550247192,232678452,1.0,0.09,0.32,1.0,0.045058740205850434,0.04407309456031267,0.05645694887148115,0.054415023368141455,1.6364791563579015,1.7760663986206056,0.9214065181509455
2021-12-12,1.5420000553131104,1.5664010047912598,1.5112229585647583,1.5270110368728638,170703415,1.0,0.09,0.32,1.0,0.010300899420995213,0.010248206702558983,0.047834295019712765,0.05309657576036413,1.6055530139378138,1.7557846705118816,0.9144361725573847
2021-12-13,1.3213980197906494,1.5588510036468506,1.3195569515228271,1.542283058166504,300354759,0.36363636363636365,0.09272727272727273,0.2781818181818182,11.0,-0.14306227471416444,-0.15439002896883744,0.06790156887753435,0.059118376019549064,1.5411585909979684,1.7304129044214884,0.8906305466516435
2021-12-14,1.3238600492477417,1.3837579488754272,1.313722014427185,1.3198349475860596,280207962,-0.09090909090909091,-0.02090909090909091,0.3109090909090909,11.0,0.001863200504479634,0.001861466899454844,0.06977293929708644,0.058844927115463415,1.4887895924704415,1.7084372719128926,0.8714335708699932
2021-12-15,1.426743984222412,1.453650951385498,1.306432008743286,1.3805129528045654,252046202,0.16666666666666666,0.008333333333333333,0.04833333333333334,6.0,0.07771511424725919,0.07484316506277108,0.08063035398302307,0.06060057243459201,1.4500740255628313,1.6930075724919638,0.8565077021058123
2021-12-16,1.387747049331665,1.4656790494918823,1.383131980895996,1.4269989728927612,189299840,0.5555555555555556,0.08888888888888889,0.17222222222222222,9.0,-0.02733281886729011,-0.027713309644376138,0.07531793175205481,0.058819221848849274,1.4269283158438546,1.6816554069519043,0.8485259881096824
2021-12-17,1.3484230041503906,1.402780055999756,1.318742036819458,1.3879209756851196,176972348,-0.4444444444444444,-0.0044444444444444444,0.20666666666666667,9.0,-0.02833660875028543,-0.0287458397978729,0.07322659994276706,0.05864244849901954,1.4109214544296265,1.671242074171702,0.844235240504524
2021-12-18,1.3786189556121826,1.400576949119568,1.3269879817962646,1.3490619659423828,158325734,1.0,0.11,0.385,2.0,0.022393530345336865,0.022146476711621454,0.07088968369036457,0.054983196719285046,1.3898273025240218,1.6556679050127665,0.8394360356422474
2021-12-19,1.3555690050125122,1.4208320379257202,1.3535280227661133,1.3789069652557373,156250486,1.0,0.11,0.385,2.0,-0.016719595001821963,-0.016860945190603095,0.07004553513529181,0.05473468305221695,1.363194295338222,1.638173270225525,0.83214292414291
2021-12-20,1.2953599691390991,1.357403039932251,1.2567150592803955,1.3558180332183838,204808978,0.6,0.12,0.318,5.0,-0.04441606118963848,-0.045432671111702475,0.0407872906704166,0.05505240414388643,1.3594745738165719,1.6201421697934468,0.8391081962824857
2021-12-21,1.3556289672851562,1.361922025680542,1.2920089960098269,1.2949039936065674,234354957,0.2,0.028000000000000004,0.316,5.0,0.04652683391637624,0.04547690415795471,0.04476335879950932,0.056009148337536625,1.3640129906790597,1.6041986028353372,0.8502768848372253
2021-12-22,1.3633559942245483,1.4152469635009766,1.34471595287323,1.3581340312957764,245406695,0.0,0.06249999999999999,0.20375,8.0,0.00569995708697979,0.005683773798494424,0.03224553476769939,0.05542221824410808,1.3549575635365076,1.5917863686879477,0.8512182226144772
2021-12-23,1.466691017150879,1.4864200353622437,1.34484601020813,1.3631449937820437,315085977,0.1111111111111111,0.0,0.3188888888888889,9.0,0.07579460050352127,0.07305955179209628,0.04216250379219921,0.05623089737133019,1.366235273224967,1.5795600374539693,0.8649467198645693
2021-12-24,1.5739400386810305,1.6485539674758911,1.447510004043579,1.470723032951355,541193577,0.42857142857142855,0.028571428571428574,0.13285714285714284,7.0,0.07312311882736444,0.0705731996825004,0.04442431354303587,0.057892199694204775,1.3984519924436296,1.5723812739054361,0.8893847921313601
2021-12-25,1.5729390382766724,1.5995099544525146,1.5344350337982178,1.5763269662857056,291169833,0.0,0.0,0.0,1.0,-0.0006359838238799709,-0.0006361861473796193,0.04524663933155125,0.05781355349066764,1.4262120042528426,1.5663806398709614,0.9105143206892126
2021-12-26,1.608536958694458,1.641880989074707,1.547603964805603,1.5747480392456057,429413185,0.0,0.0,0.0,1.0,0.022631468576676195,0.02237917629479372,0.04242980964887572,0.05542307747731871,1.4623502833502633,1.5667818069458008,0.9333464793038984
2021-12-27,1.658262014389038,1.72474205493927,1.5810619592666626,1.6072590351104736,435558660,0.3333333333333333,0.011111111111111115,0.23111111111111113,9.0,0.030913219261644143,0.030445030068004267,0.029247787623967698,0.05493707738782466,1.5141934326716833,1.5661234736442566,0.9668416687148326
2021-12-28,1.4693830013275146,1.6601380109786987,1.4564199447631836,1.658413052558899,497538077,0.2857142857142857,-0.032857142857142856,0.2814285714285714,7.0,-0.11390179080421925,-0.12092748892654295,0.06515960719044545,0.05900914648222859,1.5304440089634486,1.558045740922292,0.9822843891973899
2021-12-29,1.5797439813613892,1.6373029947280884,1.4105249643325806,1.46840500831604,578073496,0.25,0.02125,0.1875,8.0,0.07510702106541922,0.07242021110386754,0.06893761734832544,0.06020442591731486,1.561356578554426,1.55145157178243,1.006384348021006
2021-12-30,1.734197020530701,1.7615950107574463,1.524014949798584,1.5847439765930176,850997248,0.0,0.02857142857142857,0.19714285714285715,7.0,0.09777093060117714,0.09328169709748498,0.07184310070887553,0.06264476960252503,1.5995717218944008,1.5488020737965902,1.032779945841213
2021-12-31,1.6600240468978882,1.7810310125350952,1.6315900087356567,1.7323499917984009,596832693,0.16666666666666666,0.07833333333333332,0.2383333333333333,6.0,-0.04277078829838732,-0.043712405547289515,0.07246084599429568,0.06107092637622358,1.6118694373539515,1.538539707660675,1.0476619026003386
2022-01-01,1.7401080131530762,1.7645180225372314,1.6333719491958618,1.6599440574645996,312453115,0.75,0.24000000000000002,0.42000000000000004,4.0,0.048242654318678246,0.047115099477931695,0.07379095491015157,0.061364344974174735,1.635750719479152,1.5337695082028706,1.0664905715825408
2022-01-02,1.6740410327911377,1.7770830392837524,1.663432002067566,1.740285038948059,328237594,0.75,0.24000000000000002,0.42000000000000004,4.0,-0.03796717207354561,-0.03870670423498965,0.07626459350492326,0.06014713111978883,1.6451084443501063,1.5314536094665527,1.0742136974838843
2022-01-03,1.7882100343704224,1.8339860439300537,1.6295119524002075,1.6741269826889038,670050624,0.0,0.036,0.26799999999999996,10.0,0.06819964346329677,0.0659746551501171,0.07930737021860416,0.060509975450726936,1.6636724472045898,1.5360045115152994,1.0831169015013786
2022-01-04,1.6746829748153689,1.831503987312317,1.6635689735412598,1.7882050275802612,735111286,-0.09090909090909091,0.06272727272727273,0.1890909090909091,11.0,-0.06348642350339073,-0.06559126014316141,0.06555716856515367,0.060654300113399943,1.6930010148457117,1.5332111756006876,1.1042190676587138
2022-01-05,1.5598969459533691,1.7983020544052124,1.4609520435333252,1.6743650436401367,716687740,0.2222222222222222,0.09333333333333332,0.23555555555555557,9.0,-0.06854194530439695,-0.07100411980342537,0.06831777382283713,0.06192539291738647,1.6901657240731376,1.5261357744534811,1.107480574379692
2022-01-06,1.5667179822921753,1.602632999420166,1.489799976348877,1.5600600242614746,555160494,0.14285714285714285,0.03642857142857143,0.375,14.0,0.004372748056530984,0.004363215372994207,0.05457528827882502,0.0614054634474537,1.6662401471819197,1.5220116058985391,1.09476178809966
2022-01-07,1.441290020942688,1.5676380395889282,1.401365041732788,1.5663479566574097,571909362,-0.09090909090909091,0.051818181818181826,0.2972727272727273,11.0,-0.08005777859649055,-0.08344441373350321,0.059922898787350395,0.06313402085292194,1.6349924291883196,1.5134628415107727,1.0802990231040184
2022-01-08,1.387387990951538,1.4670820236206057,1.32464599609375,1.4419989585876465,344241318,-1.0,-0.29,0.54,1.0,-0.037398461938905836,-0.03811572429485942,0.05212006961095218,0.06136719975517219,1.5846038545880998,1.5080502072970072,1.0507633279851507
2022-01-09,1.4020320177078247,1.4402470588684082,1.3731460571289062,1.387397050857544,216003353,-1.0,-0.29,0.54,1.0,0.010555105602610082,0.010499789380714922,0.05439034075853878,0.06050168705626993,1.5457454238619124,1.506102240085602,1.0263217082620217
2022-01-10,1.3686729669570925,1.4482100009918213,1.3047120571136477,1.40179705619812,393570642,0.3076923076923077,0.05538461538461538,0.24923076923076926,13.0,-0.023793358731757586,-0.024080992368209347,0.037094695374657975,0.060014437748011594,1.4858115570885795,1.5008487383524576,0.9899808815641308
2022-01-11,1.4466290473937988,1.4497649669647217,1.3517160415649414,1.367938995361328,365010965,0.0,-0.05,0.1453846153846154,13.0,0.05695741957264078,0.055394421850217854,0.04860339650978883,0.06093350250516234,1.4532324245997839,1.4976697047551473,0.9703290518501685
2022-01-12,1.4936070442199707,1.5017720460891724,1.440911054611206,1.4466500282287598,455700299,0.5416666666666666,0.12125000000000001,0.33166666666666667,24.0,0.03247411415580648,0.031957974503228584,0.04644963403054122,0.053977812135246696,1.4437624386378698,1.503410005569458,0.9603251496859667
2022-01-13,1.3577510118484497,1.497789978981018,1.345790982246399,1.4935669898986816,555873527,0.2727272727272727,0.05909090909090909,0.24545454545454543,22.0,-0.09095835005416109,-0.09536436633196543,0.0568075434302186,0.056952599477779024,1.413910014288766,1.504539704322815,0.9397625135623516
2022-01-14,1.3849639892578125,1.409754991531372,1.331007957458496,1.358098030090332,419744861,0.358974358974359,0.08205128205128205,0.3076923076923077,39.0,0.020042686156657608,0.01984447559372123,0.05081657096052792,0.05535107943217021,1.4058634383337838,1.503147037823995,0.9352800510913143
2022-01-15,1.3828259706497192,1.414415955543518,1.3601280450820925,1.3849090337753296,214174530,0.4,0.1,0.39,5.0,-0.0015437358838759074,-0.0015449286718399284,0.04876644431825773,0.05512115202215521,1.4052117211478097,1.50298300186793,0.93494851199341
2022-01-16,1.4303719997406006,1.44520103931427,1.3700840473175049,1.3827699422836304,272633054,0.2,0.046,0.336,5.0,0.034383234116251105,0.033805340026531794,0.05040815191723557,0.05518394644417586,1.409260290009635,1.5057146350542705,0.93594115192939
2022-01-17,1.3485000133514404,1.4417990446090698,1.3412950038909912,1.4304319620132446,349105980,0.40625,0.0975,0.31125,32.0,-0.057238247395787756,-0.058941676621493834,0.055023980823417376,0.05613904815537426,1.4063784394945418,1.5047106703122457,0.9346504063819134
2022-01-18,1.319046974182129,1.3600339889526367,1.282932996749878,1.3476589918136597,310548664,0.3170731707317073,0.08317073170731708,0.3353658536585366,41.0,-0.021841333984203404,-0.022083386916048896,0.04898761846092286,0.05619883842991062,1.3881524290357317,1.5034932692845662,0.9232847644846995
2022-01-19,1.2699739933013916,1.321560025215149,1.2291810512542725,1.3192249536514282,316150629,0.3617021276595745,0.06489361702127659,0.3302127659574468,47.0,-0.037203361094220955,-0.03791306403716666,0.045229518803189005,0.05600986778648251,1.3562048503330775,1.502647070089976,0.9025438356938135
2022-01-20,1.1677780151367188,1.3246270418167114,1.1677780151367188,1.269706964492798,220145807,0.17391304347826086,0.03934782608695652,0.3517391304347826,46.0,-0.08047092200605366,-0.08389361173582638,0.04229029589756203,0.05730061377495441,1.3290658508028304,1.4963853716850282,0.8881842043846064
2022-01-21,1.0323480367660522,1.1895509958267212,1.0055619478225708,1.168126940727234,615015115,0.45,0.07875,0.39875,40.0,-0.11597236513723108,-0.12326695567613499,0.05234954051830319,0.061179019710881785,1.2786921433040075,1.4853517731030783,0.860868224254155
2022-01-22,0.9497060179710388,1.0590169429779053,0.8081600069999695,1.0323569774627686,799031385,0.14285714285714285,0.044285714285714296,0.37214285714285716,14.0,-0.08005247828426054,-0.08343865217931243,0.05093966396702751,0.06058610433036253,1.2168178643499101,1.4681189397970835,0.8288278499547815
2022-01-23,0.9877099990844728,1.002271056175232,0.9293389916419984,0.9502320289611816,391280346,0.1111111111111111,0.005555555555555554,0.3566666666666667,9.0,0.04001657396530556,0.03923664953139805,0.05251136009031469,0.05932606043411784,1.153580435684749,1.4485779384771982,0.7963537239131488
2022-01-24,0.9182209968566896,0.9897810220718384,0.8215559720993042,0.9889169931411744,401783919,0.22580645161290322,0.1003225806451613,0.38451612903225807,31.0,-0.07035364863390459,-0.07295103250308255,0.05304425738760502,0.06016318736032506,1.0921120047569275,1.426754003763199,0.7654522096145366
2022-01-25,0.9292920231819152,0.9403470158576964,0.8709160089492798,0.9178590178489684,299595309,0.40540540540540543,0.08351351351351351,0.3651351351351351,37.0,0.012057038951542864,0.011984931877300922,0.057898062914507095,0.05995253433567717,1.0364327260426112,1.4041125059127808,0.7381407983179029
2022-01-26,0.9269649982452391,0.9895660281181335,0.8960099816322327,0.9282609820365906,376999339,0.23809523809523808,0.07809523809523809,0.27285714285714285,42.0,-0.002504083623475206,-0.002507224084618898,0.0606162070284985,0.05932748867724967,0.9874314410345895,1.3797359387079875,0.7156669717244882
2022-01-27,0.9365220069885254,0.9548869729042052,0.8810499906539917,0.9266039729118348,309306518,0.33962264150943394,0.0949056603773585,0.38849056603773585,53.0,0.010309999580758511,0.010257214037685062,0.06098611838453816,0.056344823064215274,0.9543948684419904,1.3619739055633544,0.7007438722162767
2022-01-28,0.9566689729690552,0.9839450120925904,0.9241060018539428,0.9362639784812928,278523706,0.37735849056603776,0.0860377358490566,0.3109433962264151,53.0,0.021512538765975364,0.0212844100567636,0.0477903217562565,0.054346616792822704,0.943583573613848,1.3412047386169434,0.7035343273442918
2022-01-29,0.9679549932479858,1.005162000656128,0.9567350149154664,0.9567350149154664,222784574,0.0,0.009375000000000001,0.36375,16.0,0.01179720530070516,0.011728160765445183,0.03571957343250953,0.05056253454698801,0.9461905700819833,1.3156633377075195,0.7191737756641263
2022-01-30,0.9452559947967528,0.9873499870300292,0.9318060278892516,0.9682400226593018,192809164,0.4444444444444444,0.05722222222222222,0.41833333333333333,18.0,-0.023450468884990472,-0.0237298068437281,0.03279973020995452,0.050362943204790775,0.9401257123265948,1.291837735970815,0.7277428783422951
2022-01-31,0.9528080224990844,0.968958020210266,0.9072080254554749,0.9452459812164308,221403280,0.20833333333333334,0.055,0.30312500000000003,48.0,0.00798939942608401,0.007957653151501732,0.014587827313782827,0.04908777636877061,0.9450667159897941,1.2655944029490154,0.7467374332469028
2022-02-01,0.9670950174331664,0.989857017993927,0.9484999775886536,0.9523879885673524,207613436,0.3684210526315789,0.12280701754385964,0.3133333333333333,57.0,0.014994620738613351,0.014883312714793897,0.014848585501414996,0.0493607539464116,0.9504671437399727,1.2420295357704163,0.7652532539416698
2022-02-02,0.924892008304596,1.0286649465560913,0.9235410094261168,0.9670510292053224,324540676,0.11320754716981132,0.03037735849056604,0.2616981132075472,53.0,-0.04363894795010359,-0.04461976772165354,0.024269098679135355,0.04691998490017193,0.9501710023198807,1.2132522682348887,0.7831602933677146
2022-02-03,0.9313989877700806,0.939985990524292,0.9030399918556212,0.9245629906654358,225526726,0.19607843137254902,0.039411764705882354,0.3184313725490196,51.0,0.00703539376171336,0.007010760846378357,0.024063433379395194,0.046462951180440026,0.9494391424315315,1.188476135333379,0.7988710199596937
2022-02-04,0.9968870282173156,0.9979349970817566,0.9277679920196532,0.93122398853302,236404326,0.27450980392156865,0.05431372549019608,0.3184313725490196,51.0,0.070311479083764,0.0679497080593068,0.03511996509455639,0.048056076884888686,0.9551845788955687,1.1697091380755107,0.8166000827069769
2022-02-05,1.002953052520752,1.041651964187622,0.9846360087394714,0.9970470070838928,252522445,0.10526315789473684,0.06894736842105263,0.3252631578947368,19.0,0.006084966632863065,0.006066527984634492,0.035027985784734116,0.04808065067746458,0.9601843016488211,1.1509169737497966,0.8342776443034371
2022-02-06,1.0238540172576904,1.0289089679718018,0.9766449928283693,1.0029640197753906,223118123,0.5294117647058824,0.09529411764705883,0.29058823529411765,17.0,0.020839424820940033,0.020625254356465277,0.032896005248397316,0.04669664037353907,0.9714125905718121,1.13700244029363,0.8543628018256015
2022-02-07,1.070080041885376,1.0971800088882446,1.0018500089645386,1.023725986480713,431192583,0.2765957446808511,0.052553191489361696,0.37787234042553197,47.0,0.04514903867984832,0.044159495993668925,0.035038629405009104,0.04748284756627334,0.9881657361984253,1.1264255086580912,0.8772579532361846
2022-02-08,1.0265350341796875,1.100481033325195,0.9892920255661012,1.070567965507507,382640270,0.38181818181818183,0.066,0.40745454545454546,55.0,-0.040693224806778394,-0.041544364540392634,0.041406871184111294,0.047709026401429426,0.996657167162214,1.1139089425404867,0.8947384558105287
2022-02-09,1.0379929542541504,1.0448939800262451,0.9998630285263062,1.0259560346603394,264069777,0.32075471698113206,0.08056603773584906,0.3443396226415094,53.0,0.01116174284652538,0.011099910275574262,0.034220723759095385,0.04779322557251668,1.0128144451550074,1.1028862754503885,0.9183308086243087
2022-02-10,0.98157000541687,1.0477080345153809,0.9782090187072754,1.0379589796066284,354824893,0.22807017543859648,0.0687719298245614,0.35824561403508776,57.0,-0.05435773779199016,-0.05589093979264021,0.04398699262421499,0.04691601815297694,1.0199817333902632,1.0873843073844909,0.9380140272978994
2022-02-11,0.9162529706954956,0.9947299957275392,0.9012619853019714,0.9816340208053588,283556465,0.08163265306122448,0.06959183673469388,0.36836734693877554,49.0,-0.06654342977160799,-0.06886084067298297,0.043032398211478765,0.047199941914850045,1.0084625823157174,1.0681391716003419,0.9441303241456692
2022-02-12,0.9177860021591188,0.9394279718399048,0.8941159844398499,0.9163370132446288,180147250,0.34615384615384615,0.13192307692307692,0.35500000000000004,26.0,0.0016731530621498791,0.0016717549009064444,0.042755212025594014,0.04486105901948991,0.996295860835484,1.053473671277364,0.945724499813507
2022-02-13,0.9007099866867065,0.9336090087890624,0.8849689960479736,0.9177979826927184,149568052,0.11764705882352941,0.04470588235294118,0.33,17.0,-0.018605661267703355,-0.018780923905946937,0.04015474897502799,0.044436579890082956,0.9787038564682007,1.0373318711916606,0.9434819112844672
2022-02-14,0.9002180099487305,0.9087049961090088,0.8756909966468811,0.8999819755554199,169827736,0.4375,0.08791666666666666,0.4083333333333334,48.0,-0.0005462099291091427,-0.0005463591560944529,0.03109749110613231,0.044446868647806476,0.9544378519058228,1.0212449391682943,0.9345826993112157
2022-02-15,0.97017902135849,0.9722610116004944,0.8998569846153259,0.9002500176429749,193474566,0.2641509433962264,0.09773584905660376,0.25528301886792454,53.0,0.07771563180983687,0.07484364530327858,0.04741792449842942,0.04656001122486403,0.946386992931366,1.005905173222224,0.9408312215949711
2022-02-16,0.9798529744148254,1.0057090520858765,0.9558889865875244,0.9702550172805786,299273104,0.25,0.03339285714285714,0.31428571428571433,56.0,0.009971307195232315,0.009921921732041055,0.04734059527728037,0.045906834839874025,0.9380812815257481,0.9936169385910034,0.9441075781739313
2022-02-17,0.8968539834022522,0.9872210025787354,0.8907179832458496,0.9794420003890992,240735642,0.19607843137254902,0.07490196078431373,0.3201960784313725,51.0,-0.08470555601685115,-0.08850946876917481,0.05395635332149637,0.04803040145707893,0.925978992666517,0.9795438388983408,0.9453165401029254
2022-02-18,0.8966180086135864,0.9249860048294068,0.8768119812011719,0.8973420262336731,170019551,0.16981132075471697,0.04924528301886792,0.3992452830188679,53.0,-0.00026311394388922604,-0.0002631485644358594,0.047997897994154874,0.0478447084010841,0.9231739980833871,0.9670986394087474,0.9545810121786393
2022-02-19,0.8999239802360535,0.916566014289856,0.8729349970817566,0.8962460160255432,132969149,0.5882352941176471,0.1188235294117647,0.39705882352941174,17.0,0.0036871572851620016,0.00368037638379436,0.048037130237186476,0.04591467425248405,0.9206222806658063,0.9581701715787252,0.9608129202654543
2022-02-20,0.8464999794960022,0.9000030159950256,0.8341119885444641,0.8998889923095703,155813072,0.4444444444444444,0.08777777777777779,0.22111111111111112,18.0,-0.05936501517165704,-0.06120011600133679,0.05282497760567168,0.04178638452189104,0.9128779939242772,0.9519752363363901,0.9589303997417244
2022-02-21,0.7851570248603821,0.8779140114784241,0.7816830277442932,0.846235990524292,256859953,0.16279069767441862,0.04790697674418605,0.3206976744186047,43.0,-0.07246657545360258,-0.07522644790308315,0.058138331415752656,0.041289717430141634,0.8964407103402274,0.9464902698993682,0.94712089373675
2022-02-22,0.8112319707870483,0.8180469870567322,0.7598099708557129,0.7847800254821777,245845039,0.3,0.0842,0.34840000000000004,50.0,0.033209848604873526,0.032670314332013235,0.04803518867920037,0.04105651635375763,0.8737339888300214,0.9406076689561208,0.928903747722666
2022-02-23,0.7872809767723083,0.8469110131263733,0.7843469977378845,0.8112040162086487,233082064,0.23214285714285715,0.04857142857142858,0.2916071428571429,56.0,-0.02952422349861661,-0.029968836497676576,0.04541906291279656,0.03937538666902007,0.846223703452519,0.9362430016199748,0.9038504982021803
2022-02-24,0.7767599821090698,0.7917150259017944,0.690421998500824,0.7869089841842651,424874908,0.3333333333333333,0.11148148148148149,0.33555555555555555,54.0,-0.013363710001443763,-0.013453807969700571,0.03788597922779835,0.0392679060757212,0.829067417553493,0.9311586002508799,0.8903611235831568
2022-02-25,0.8295289874076843,0.8389149904251099,0.7708140015602112,0.7768959999084473,241005972,0.1956521739130435,0.020869565217391306,0.3076086956521739,46.0,0.06793476300791834,0.06572665534642161,0.050034039285761195,0.04139431114414011,0.8194832716669355,0.9279107332229615,0.8831488227542975
2022-02-26,0.8590059876441956,0.8791159987449646,0.8226400017738342,0.829509973526001,231979403,0.4117647058823529,0.10823529411764707,0.2570588235294118,17.0,0.03553462348389802,0.034917837783069214,0.05288486986331474,0.04192256319099447,0.8136378441538129,0.9253268659114837,0.8792977639878069
2022-02-27,0.797120988368988,0.8605830073356628,0.7866420149803162,0.8587350249290466,235640543,0.2,0.048666666666666664,0.33999999999999997,15.0,-0.07204257032587835,-0.07476942044413332,0.055406308016119656,0.04364598242206851,0.8065837025642395,0.9200085997581482,0.8767132206984524
2022-02-28,0.8673880100250244,0.8673880100250244,0.7871620059013367,0.796970009803772,276161913,0.24489795918367346,0.08265306122448979,0.3122448979591837,49.0,0.08815101180538698,0.08447993641749849,0.05626695019653954,0.046591390707824865,0.8183309861591884,0.9166563669840495,0.892734742956766
2022-03-01,0.8561310172080994,0.8931199908256531,0.84027498960495,0.867389976978302,372474801,0.45652173913043476,0.09108695652173913,0.3071739130434783,46.0,-0.012978035996370596,-0.013062986499772706,0.05642368544929316,0.04647347317820077,0.82474513564791,0.913685534397761,0.902657538724771
2022-03-02,0.8202049732208252,0.8574360013008118,0.8111910223960876,0.8561710119247437,333382423,0.35294117647058826,0.1080392156862745,0.3305882352941176,51.0,-0.041963254764944,-0.04286914555159977,0.05804625175155192,0.04697265834127213,0.8294485637119838,0.9092654327551524,0.9122182960356069
2022-03-03,0.7977120280265808,0.8498240113258362,0.7904750108718872,0.8201940059661865,414025663,0.034482758620689655,-0.009827586206896553,0.3148275862068966,58.0,-0.027423565972683472,-0.02780661117715277,0.059086072431751575,0.04699630832115282,0.8324417131287711,0.9036193331082661,0.9212305255414815
2022-03-04,0.7603030204772949,0.8089630007743835,0.7540019750595093,0.7977809906005859,280784209,0.2765957446808511,0.059148936170212774,0.2868085106382979,47.0,-0.04689537857643955,-0.04803060021644355,0.05469664762759703,0.04709593307716763,0.8225522892815726,0.8981330335140228,0.9158468273494695
2022-03-05,0.7738149762153625,0.7766789793968201,0.7463160157203674,0.7604510188102722,177046735,0.4117647058823529,0.13117647058823528,0.29294117647058826,17.0,0.01777180331282291,0.01761573122510196,0.05254815905879849,0.047240667061216095,0.8103821447917393,0.8928802331288656,0.9076045305112946
2022-03-06,0.7474219799041748,0.7811769843101501,0.7456780076026917,0.7738059759140015,173058832,0.35714285714285715,0.052142857142857144,0.2207142857142857,14.0,-0.034107631827278384,-0.034702871088354965,0.046811618577431574,0.04536675649387604,0.8032822864396232,0.8845647315184275,0.9081102352574284
2022-03-07,0.7327730059623718,0.7715209722518921,0.7226009964942932,0.7473229765892029,214364989,0.13333333333333333,0.0028888888888888896,0.2762222222222222,45.0,-0.01959933522918489,-0.019793949267602497,0.022104576878105388,0.045304451570858904,0.7840515715735299,0.8755587299664815,0.8954871269498338
2022-03-08,0.7394970059394836,0.7582629919052124,0.7269790172576904,0.7325940132141113,152444222,0.5106382978723404,0.0970212765957447,0.2987234042553191,47.0,0.009176102179529577,0.00913425753959652,0.025310312543171124,0.045080577281482806,0.7673895699637276,0.8660801629225413,0.8860491243376508
2022-03-09,0.7687780261039734,0.7790729999542236,0.7397149801254272,0.7397149801254272,162926708,0.5306122448979592,0.0810204081632653,0.2930612244897959,49.0,0.03959586033386309,0.0388320417975308,0.031567223156080876,0.04486641461027995,0.7600428632327488,0.8560367623964945,0.8878624103770865
2022-03-10,0.7312099933624268,0.7796120047569275,0.7247530221939087,0.7684699892997742,161145479,0.30357142857142855,0.08982142857142858,0.3439285714285715,56.0,-0.04886720414205192,-0.050101588059114015,0.034718918281915985,0.04509377323173297,0.7505425725664411,0.8461925943692525,0.8869642414276758
2022-03-11,0.7038040161132812,0.7311440110206604,0.7008020281791687,0.7311440110206604,147997239,0.18518518518518517,0.0612962962962963,0.37092592592592594,54.0,-0.03748031003121377,-0.03820075591901434,0.03320504230659175,0.04514729854403384,0.7424712862287249,0.8350529630978902,0.8891307725851249
2022-03-12,0.7060419917106628,0.7208639979362488,0.7028250098228455,0.7036120295524597,81992079,0.5333333333333333,0.11733333333333333,0.40599999999999997,15.0,0.0031798278301120586,0.0031747828695057505,0.03153523411120573,0.044493333615941044,0.732789431299482,0.82586869597435,0.8872953229386493
2022-03-13,0.6824730038642883,0.7156530022621155,0.6782029867172241,0.7058470249176025,84245362,0.07692307692307693,-0.018461538461538456,0.2576923076923077,13.0,-0.03338184997930427,-0.0339517425689862,0.03145061598900495,0.04336974794269369,0.7235110061509269,0.8180760304133098,0.8844055799867323
2022-03-14,0.7069069743156433,0.7083860039710999,0.6760320067405701,0.6824290156364441,140799440,0.2826086956521739,0.06717391304347826,0.26152173913043475,46.0,0.035802105450333244,0.03517610768596394,0.036001141806997726,0.04410106700198791,0.7198158587728228,0.8110467294851939,0.8875146555732009
2022-03-15,0.7169730067253113,0.7262549996376038,0.6814389824867249,0.7068589925765991,179073279,0.38333333333333336,0.05666666666666667,0.3171666666666667,60.0,0.014239543214880523,0.014139113181793098,0.03637944254804138,0.04425094505486187,0.7165981445993695,0.8049221634864807,0.8902701119515208
2022-03-16,0.7372400164604187,0.7378780245780945,0.6993770003318787,0.7169489860534668,206146303,0.3888888888888889,0.06555555555555556,0.3216666666666667,54.0,0.02826746550427961,0.02787531364354325,0.03438969355133784,0.044709148432097286,0.7120927146502903,0.799489563703537,0.8906841902370914
2022-03-17,0.7430769801139832,0.7599319815635681,0.7233819961547852,0.7372679710388184,200041284,0.28,0.0574,0.3326,50.0,0.007917318001250617,0.007886140492467487,0.02846509560055172,0.04209512001048474,0.7137879984719413,0.7919194956620534,0.9013390911347707
2022-03-18,0.7572960257530212,0.7627300024032593,0.7283380031585693,0.7429249882698059,216223119,0.2391304347826087,0.054565217391304356,0.3773913043478261,46.0,0.019135360157243708,0.018954581686780814,0.022479526876921164,0.042266264353233156,0.7214297141347613,0.7845009307066599,0.9196033884687866
2022-03-19,0.7644529938697815,0.7795619964599609,0.7556250095367432,0.756974995136261,219745801,0.35714285714285715,0.02428571428571429,0.31857142857142856,14.0,0.00945068754275269,0.009406309180161979,0.02226507791213363,0.03957685707517251,0.7297741430146354,0.7800875643889109,0.9355028542036957
2022-03-20,0.7422130107879639,0.7763530015945435,0.7366049885749817,0.7645620107650757,166871308,0.25,0.16166666666666665,0.30416666666666664,12.0,-0.02909267575660257,-0.029524258867474267,0.020776644079898047,0.03980771728858401,0.7383084297180176,0.7749407311280568,0.9527288992066338
2022-03-21,0.825169026851654,0.825169026851654,0.7330939769744873,0.7422400116920471,442243371,0.21153846153846154,0.04557692307692308,0.3278846153846154,52.0,0.11176847462646955,0.10595196787929544,0.04116228819317992,0.04476266148816063,0.7552030086517334,0.7724488993485769,0.9776737455236362
2022-03-22,0.8246020078659058,0.85002601146698,0.8055040240287781,0.8255620002746582,384824564,0.26,0.0638,0.2894,50.0,-0.0006871549552843748,-0.0006873911544604819,0.04201278336959571,0.043386789336294605,0.7705785802432469,0.771718966960907,0.9985222771935345
2022-03-23,0.8374940156936646,0.8384209871292114,0.806647002696991,0.8248370289802551,231787233,0.27450980392156865,0.040196078431372545,0.23823529411764707,51.0,0.0156342183317304,0.015513263006016213,0.04188523505766683,0.041128782588747144,0.7849005801337106,0.7734635333220164,1.0147867951350882
2022-03-24,0.8915789723396301,0.9064469933509828,0.822987973690033,0.8376749753952026,342000462,0.3157894736842105,0.08035087719298245,0.3201754385964912,57.0,0.0645795141606702,0.06257989881416195,0.044647734329085316,0.04224155863750452,0.8061151504516602,0.7761417667071024,1.0386184393499711
2022-03-25,0.8899120092391968,0.9471759796142578,0.8838520050048828,0.8915330171585083,362026711,0.34615384615384615,0.07403846153846154,0.3507692307692307,52.0,-0.0018696752078607437,-0.0018714252322104838,0.0458746402418872,0.04179105800402371,0.8250602909496852,0.7795628011226654,1.0583628281922866
2022-03-26,0.9123920202255248,0.9189890027046204,0.8790330290794373,0.8899279832839966,187726573,0.5294117647058824,0.10294117647058823,0.38176470588235295,17.0,0.025260936758845,0.024947152639957927,0.04547849401805521,0.04182343049336293,0.8461944375719342,0.7840838690598806,1.0792141899137964
2022-03-27,0.9483680129051208,0.9488289952278136,0.8973060250282288,0.9124370217323304,182786495,0.058823529411764705,0.06,0.35117647058823526,17.0,0.03943041136057235,0.03867288173698461,0.038562083177413733,0.0407550498030391,0.8756451521600995,0.7880451699097951,1.1111611181632288
2022-03-28,0.9081940054893494,0.9711130261421204,0.9039090275764464,0.948490023612976,260978608,0.4883720930232558,0.09302325581395349,0.3651162790697674,43.0,-0.042361200366413776,-0.04328460798025561,0.03376237407650267,0.041238040267090915,0.887505863394056,0.7896847705046336,1.1238735968365094
2022-03-29,0.9234150052070618,0.9618359804153442,0.9034730195999146,0.9075869917869568,297453002,0.3770491803278688,0.1078688524590164,0.3065573770491803,61.0,0.016759634643823906,0.016620741682428854,0.033161912610739294,0.03867852793930565,0.9016220058713641,0.7938945710659027,1.1356948878751292
2022-03-30,0.9269289970397948,0.954613983631134,0.8896229863166809,0.9233840107917786,284923007,0.35185185185185186,0.11277777777777777,0.3933333333333333,54.0,0.0038054307249912878,0.003798208390420463,0.03349442255828373,0.03564019377653854,0.9143984317779541,0.7958792706330617,1.1489160046229365
2022-03-31,0.9276310205459596,0.9868720173835754,0.9124850034713744,0.9269570112228394,347770069,0.34615384615384615,0.06634615384615385,0.30365384615384616,52.0,0.0007573649205134814,0.0007570782644284468,0.026018532960073053,0.035525064447598426,0.9195487243788583,0.798262604077657,1.151937620128579
2022-04-01,0.939182996749878,0.9601060152053832,0.8949649930000305,0.92781800031662,266226735,0.2608695652173913,0.06391304347826086,0.2871739130434783,46.0,0.01245320170202957,0.012376298389149661,0.025887865386228257,0.03449994084486912,0.9265874368803841,0.8022285381952922,1.1550167972892762
2022-04-02,0.9055650234222412,0.9751080274581908,0.904358983039856,0.9392619729042052,292730943,0.5,0.126,0.3875,20.0,-0.03579491264639012,-0.036451260781421135,0.029252368219663365,0.034813885508859874,0.9256121516227722,0.8058236380418141,1.1486535116691903
2022-04-03,0.9340879917144777,0.9462720155715942,0.8929010033607483,0.9054660201072692,208697698,0.35294117647058826,0.11823529411764705,0.3264705882352941,17.0,0.03149742708087899,0.031011559178873882,0.02761492869705501,0.03369563822342212,0.9235721485955375,0.811616470416387,1.1379416045139072
2022-04-04,0.8838210105895996,0.935483992099762,0.8558340072631836,0.934072971343994,258918098,0.13043478260869565,0.025434782608695656,0.32717391304347826,46.0,-0.05381396781754488,-0.05531607790794124,0.03079226850310797,0.035476861235913884,0.9200902921812875,0.8152833382288615,1.1285527975833662
2022-04-05,0.8351079821586609,0.8995749950408936,0.8342270255088806,0.8838639855384827,216485494,0.24074074074074073,0.09148148148148148,0.38370370370370366,54.0,-0.05511639556796921,-0.05669352898762591,0.03485495282213219,0.036525021790856725,0.9074750031743731,0.8182062049706776,1.1091030569816989
2022-04-06,0.7675480246543884,0.835250973701477,0.767346978187561,0.83473801612854,279034243,0.2222222222222222,0.053492063492063494,0.30682539682539683,63.0,-0.08089966680672545,-0.08435998609689584,0.04232665537228745,0.03971952492978015,0.8847062928336007,0.8193653722604116,1.0797457676212638
2022-04-07,0.8015459775924683,0.8065500259399414,0.7549239993095398,0.7674819827079773,171599721,0.203125,0.05171875,0.31859375,64.0,0.04429423546935518,0.043341284493258636,0.04943634481120964,0.040429535689583546,0.8666941438402448,0.821433671315511,1.0550993635946893
2022-04-08,0.7574219703674316,0.8089410066604614,0.7537699937820435,0.8014310002326965,142239348,0.3,0.042800000000000005,0.3318,50.0,-0.05504862909744479,-0.05662181217484815,0.04857374032321582,0.04123481484447819,0.8407282829284668,0.821055136124293,1.0239608108379163
2022-04-09,0.7887070178985596,0.788794994354248,0.7574440240859985,0.7574440240859985,104779713,0.35714285714285715,0.08428571428571428,0.2992857142857143,14.0,0.04130464754798613,0.04047439576087221,0.05529914696426216,0.04079105348391126,0.8240342821393695,0.8229717036088308,1.00129114831759
2022-04-10,0.7537890076637268,0.7893999814987183,0.7537890076637268,0.7886959910392761,95242287,0.5714285714285714,0.13214285714285715,0.5035714285714286,14.0,-0.04427247310144233,-0.04528242025929835,0.05097952988911428,0.04105448672506311,0.7982772844178336,0.8246378699938456,0.9680337436162025
2022-04-11,0.6914139986038208,0.7598680257797241,0.6842830181121826,0.7534109950065613,178042773,0.1568627450980392,0.05549019607843137,0.32803921568627453,51.0,-0.08274863181307113,-0.086373724129511,0.05470102246480455,0.04412806943896914,0.7707905684198652,0.8241502702236175,0.9352548876926604
2022-04-12,0.7248370051383972,0.7431480288505554,0.6885460019111633,0.6919950246810913,179450303,0.11320754716981132,0.01169811320754717,0.3428301886792453,53.0,0.048340077872400355,0.04720803504617461,0.061527575874397396,0.044505288349758615,0.7550375717026847,0.8255624035994212,0.9145735905738308
2022-04-13,0.745760977268219,0.7469130158424377,0.7161539793014526,0.7249320149421692,164241827,0.38461538461538464,0.053076923076923084,0.3367307692307693,52.0,0.02886714113861588,0.028458333976180937,0.05650016027126806,0.044349274114726465,0.7519251363618034,0.8268575370311737,0.9093768910441156
2022-04-14,0.7263510227203369,0.760325014591217,0.7170190215110779,0.7452549934387207,235512496,0.03389830508474576,0.013220338983050844,0.33677966101694917,59.0,-0.026027045044623054,-0.02637174271137782,0.05276169873773963,0.044576257943072045,0.7411829999514988,0.8271701375643412,0.8960466127729932
2022-04-15,0.7394559979438782,0.7420610189437866,0.7233800292015076,0.7263709902763367,176669693,0.16666666666666666,0.026190476190476188,0.32404761904761903,42.0,0.018042206610325184,0.017881377593359966,0.050200360605029096,0.04440110276453432,0.7386164324624198,0.8272440036137899,0.892864051278458
2022-04-16,0.744795024394989,0.7492190003395081,0.730413019657135,0.7393860220909119,114846208,0.5,0.13714285714285715,0.4192857142857143,14.0,0.007220208458591726,0.007194267544528558,0.04681088359382467,0.04439709862573549,0.7323432905333382,0.82730127175649,0.885219587513094
2022-04-17,0.7109889984130859,0.7449520230293274,0.7081320285797119,0.7445229887962341,123633194,0.17647058823529413,0.04470588235294118,0.29470588235294115,17.0,-0.0453897043812348,-0.04645208919847717,0.04696720853696702,0.045039430222844234,0.7262290034975324,0.8257577041784923,0.8794698491127294
2022-04-18,0.737030029296875,0.7396289706230164,0.6899780035018921,0.711093008518219,183130195,0.1702127659574468,0.06148936170212766,0.405531914893617,47.0,0.03662648921700917,0.03597168038967882,0.034093188568531656,0.04553197586991414,0.7327455793108258,0.8248436053593954,0.8883448626501248
2022-04-19,0.7595189809799194,0.7615609765052795,0.730584979057312,0.7370210289955139,176558754,0.32608695652173914,0.06869565217391305,0.3623913043478261,46.0,0.030512938128856026,0.0300566764649573,0.03141108943594097,0.045554122150712924,0.7377001472881862,0.8254204710324605,0.8937264984056537
2022-04-20,0.7413250207901001,0.7704150080680847,0.733057975769043,0.7594919800758362,169080903,0.2,0.07127272727272727,0.3603636363636364,55.0,-0.023954582631161903,-0.024246159462343073,0.0316357489639445,0.0411796865940699,0.7370664392198835,0.8226256708304087,0.8959925095406316
2022-04-21,0.7187129855155945,0.7700560092926025,0.7115300297737122,0.7412819862365723,220325412,0.32727272727272727,0.07727272727272727,0.35545454545454547,55.0,-0.03050218816357475,-0.03097706130411761,0.03229590597534383,0.04147678509656163,0.7359752910477775,0.819096036752065,0.8985213674896004
2022-04-22,0.7204470038414001,0.7312380075454712,0.7130569815635681,0.7186359763145447,143442976,0.32075471698113206,0.12075471698113208,0.36924528301886794,53.0,0.0024126714846561814,0.002409765665728889,0.031260440089628964,0.04132659981352131,0.7332597204617092,0.8151944696903228,0.8994905482372333
2022-04-23,0.7080879807472229,0.7226840257644653,0.7060210108757019,0.7202770113945007,111792484,0.5294117647058824,0.17941176470588238,0.4011764705882353,17.0,-0.017154659577011677,-0.017303505472725317,0.031206105767958278,0.03934703312366292,0.7280158570834568,0.8090781033039093,0.8998091211597115
2022-04-24,0.7006329894065857,0.7142720222473145,0.6986250281333923,0.7079129815101624,99169601,0.2777777777777778,0.08833333333333333,0.3333333333333333,18.0,-0.010528340465220443,-0.010584155547480887,0.026240258801517403,0.03933482739333906,0.7265364272253854,0.8027688026428222,0.9050381938529877
2022-04-25,0.7033140063285828,0.7054100036621094,0.6573309898376465,0.7008339762687683,217293783,0.2926829268292683,0.09658536585365854,0.38439024390243903,41.0,0.003826563925098281,0.003819261252861477,0.020694039249889957,0.038911989467653604,0.7217198525156293,0.7957995355129241,0.9069116282537818
2022-04-26,0.6552850008010864,0.7227799892425537,0.6468520164489746,0.7032639980316162,213615375,0.36363636363636365,0.0849090909090909,0.3578181818181818,55.0,-0.06828956212348991,-0.0707332015440657,0.02539548300518341,0.03944460751150217,0.7068292839186532,0.7860301017761231,0.8992394595594917
2022-04-27,0.6703289747238159,0.677528977394104,0.6508650183677673,0.655430018901825,154129144,0.42857142857142855,0.1089795918367347,0.3359183673469388,49.0,0.022957909771073925,0.022698342204261368,0.030171769016519166,0.039498190917371306,0.6966869916234698,0.7781012674172719,0.8953680205867829
2022-04-28,0.6995030045509338,0.7129709720611572,0.663561999797821,0.670432984828949,227820442,0.4482758620689655,0.1253448275862069,0.3446551724137931,58.0,0.04352195851169638,0.0426014904490251,0.03573108614269114,0.04037976989132927,0.6939427086285183,0.7706375340620677,0.9004787308641881
2022-04-29,0.636792004108429,0.7075200080871582,0.6232489943504333,0.6992989778518677,214364306,0.17647058823529413,0.0696078431372549,0.3537254901960784,51.0,-0.08965079497087225,-0.09392701129104095,0.04899866129712972,0.04313790599150432,0.6819919943809509,0.7609663009643555,0.8962183916905095
2022-04-30,0.5679720044136047,0.6392729878425598,0.5429530143737793,0.636925995349884,175022852,0.3157894736842105,0.08578947368421053,0.3215789473684211,19.0,-0.10807296456427551,-0.11437094858670903,0.06112471391728433,0.046875581281830406,0.6619754263332912,0.748977667093277,0.8838386715886543
2022-05-01,0.6019409894943237,0.604669988155365,0.5675740242004395,0.5680440068244934,174632654,0.5714285714285714,0.15285714285714286,0.355,14.0,0.05980749899071136,0.05808728690609684,0.06991904631853232,0.04855445994210976,0.6478765692029681,0.7377362668514251,0.8781953637280595
2022-05-02,0.6159589886665344,0.6443880200386047,0.5820639729499817,0.6019150018692017,208512646,0.2857142857142857,0.10523809523809524,0.3480952380952381,42.0,0.02328799569537021,0.02302096806880446,0.07144658334407106,0.04885434224668679,0.6353972809655326,0.7280827323595683,0.8726992863933732
2022-05-03,0.6698160171508789,0.7356889843940735,0.6133019924163818,0.6159980297088623,806953747,0.2916666666666667,0.080625,0.4010416666666667,48.0,0.08743606226274481,0.08382268893069306,0.07647953855084759,0.05137557251894739,0.6374731404440743,0.7192736665407816,0.8862734312377758
2022-05-04,0.7144330143928528,0.7145500183105469,0.6550390124320984,0.6696990132331848,496140518,0.2545454545454545,0.05490909090909091,0.3563636363636364,55.0,0.06661082461383372,0.06448616784263045,0.07981921809273963,0.05246357301524937,0.6437737175396511,0.7136274000008901,0.9021146294815027
2022-05-05,0.6342790126800537,0.7277060151100159,0.6186379790306091,0.7145310044288635,325775330,0.3584905660377358,0.06849056603773584,0.33226415094339623,53.0,-0.11219246605074151,-0.11900030052983478,0.09108988378702917,0.055632444573353555,0.6344560044152396,0.7069331010182699,0.8974767251687127
2022-05-06,0.6969249844551086,0.7089430093765259,0.630016028881073,0.6342419981956482,551238247,0.2765957446808511,0.057446808510638304,0.32127659574468087,47.0,0.09876721525177623,0.09418883792797832,0.09132263648459862,0.05684844489380101,0.6430464301790509,0.7045789996782938,0.9126676078518686
2022-05-07,0.7523750066757202,0.7723090052604675,0.6761869788169861,0.6967750191688538,631163186,0.6153846153846154,0.18076923076923077,0.4230769230769231,13.0,0.07956383177160053,0.07655710009218855,0.0738119142421727,0.058096267062356835,0.669389716216496,0.7029399673144022,0.9522715272172022
2022-05-08,0.7259299755096436,0.7811890244483948,0.7098360061645508,0.7520449757575989,627835795,0.21428571428571427,0.06999999999999999,0.3735714285714286,14.0,-0.03514873690836817,-0.035781321033895544,0.07839778470665988,0.05754394547617001,0.6871024285043988,0.701890234152476,0.978931455477603
2022-05-09,0.5806429982185364,0.7526230216026306,0.5806429982185364,0.725924015045166,601961290,0.24,0.037200000000000004,0.32539999999999997,50.0,-0.20013910734173446,-0.2233174506109841,0.12297104104311384,0.06977649144422748,0.6820572870118278,0.6949547668298085,0.9814412672110798
2022-05-10,0.5848659873008728,0.6588190197944641,0.5574089884757996,0.5794479846954346,585516113,0.45614035087719296,0.11052631578947368,0.35210526315789475,57.0,0.007272952735661864,0.007246632355785522,0.1166390521565546,0.06952462783385964,0.6699215684618268,0.6893239994843801,0.9718529587870632
2022-05-11,0.4451009929180145,0.6020200252532959,0.4105370044708252,0.584663987159729,666386164,0.14545454545454545,0.05272727272727273,0.3674545454545455,55.0,-0.23896926375880856,-0.2730815326572438,0.14299412566796993,0.0836597028003747,0.6314455653939929,0.6811135659615198,0.927078239151776
2022-05-12,0.4188840091228485,0.4790509939193725,0.357369989156723,0.4457359910011291,472506369,0.22388059701492538,0.06791044776119402,0.3556716417910448,67.0,-0.05890120267602961,-0.06070715306532613,0.14118769978997853,0.08322577112026124,0.6006748506001064,0.6709151327610016,0.8953067553092193
2022-05-13,0.4414289891719818,0.5063440203666687,0.4159840047359466,0.4188370108604431,272811411,0.26785714285714285,0.08464285714285714,0.3067857142857143,56.0,0.053821534262773474,0.052423113451191806,0.1343380569278516,0.08380284325645401,0.5641754227025169,0.6607707331577937,0.8538141815185244
2022-05-14,0.463375985622406,0.4710600078105926,0.4204989969730377,0.4415830075740814,177896122,0.21052631578947367,0.07631578947368421,0.42000000000000004,19.0,0.04971806788582622,0.048521621339630144,0.1297455467605227,0.0846401517367713,0.5228898482663291,0.6520048985878627,0.8019722695317536
2022-05-15,0.4911699891090393,0.4925239980220794,0.4455640017986297,0.4633280038833618,121955453,0.05,0.0040000000000000036,0.46449999999999997,20.0,0.05998153626649527,0.05825148935575602,0.13836865210487112,0.08549725019961159,0.4893527073519571,0.643728698293368,0.7601846999354116
2022-05-16,0.4571549892425537,0.4909470081329345,0.4411140084266662,0.4909470081329345,155402416,0.26666666666666666,0.058888888888888886,0.3071111111111111,45.0,-0.06925300938721302,-0.07176779952727277,0.1181735131722932,0.08604749133248081,0.47171156321253094,0.6341406971216201,0.7438594705459547
2022-05-17,0.4954510033130646,0.5062100291252136,0.4573760032653808,0.4573760032653808,164358298,0.21739130434782608,0.059782608695652176,0.26782608695652177,46.0,0.08377030760172244,0.08044598720854086,0.12546202332476303,0.08761732852547253,0.4589379940714155,0.6269560972849528,0.7320097787689706
2022-05-18,0.4330010116100311,0.5020490288734436,0.4330010116100311,0.4954720139503479,161960536,0.36065573770491804,0.06770491803278689,0.31459016393442624,61.0,-0.12604675595655768,-0.13472840127539187,0.0835129973618559,0.08990478888709987,0.45720942531313213,0.6168217966953914,0.7412342231785924
2022-05-19,0.4489319920539856,0.4623929858207702,0.4227409958839416,0.4327920079231262,155643692,0.05454545454545454,0.017272727272727273,0.32799999999999996,55.0,0.036792016685407436,0.03613134663002413,0.08050831743213112,0.09002289065442316,0.4615019943032946,0.6064688970645269,0.7609656431468931
2022-05-20,0.4350680112838745,0.4571169912815094,0.4211879968643188,0.4490610063076019,133976745,0.34,0.05,0.3014,50.0,-0.030882140314125506,-0.03136904426494593,0.07935247722669181,0.09005061152814298,0.4605932831764221,0.596260330080986,0.7724701106878313
2022-05-21,0.4341320097446441,0.4416339993476867,0.4245069921016693,0.4349400103092193,112695975,0.2777777777777778,0.05777777777777778,0.28833333333333333,18.0,-0.0021513913111383953,-0.002153708878017333,0.07621698634619326,0.09005854457220773,0.45641557233674185,0.5867742975552876,0.7778383856251594
2022-05-22,0.4443050026893616,0.4479340016841888,0.4251770079135895,0.4341660141944885,133012863,0.23529411764705882,-0.003529411764705886,0.4676470588235294,17.0,0.023432948311508328,0.023162611820293794,0.0720740336946663,0.09029062238484564,0.4497205742767879,0.5775695641835531,0.778643131780167
2022-05-23,0.4154169857501983,0.4515289962291717,0.4140639901161194,0.4440580010414123,166561653,0.38,0.0916,0.2736,50.0,-0.06501843725437517,-0.06722846887650841,0.07148911496654865,0.09077214493295835,0.4437580023493085,0.5678138643503189,0.7815201956314459
2022-05-24,0.4183180034160614,0.4212830066680908,0.3927949965000152,0.4155080020427704,129473758,0.34545454545454546,0.07290909090909091,0.3065454545454545,55.0,0.006983387211825676,0.006959116293318027,0.05980438304053769,0.09087652432743272,0.43273900236402235,0.5584033648173015,0.774957727028751
2022-05-25,0.40488201379776,0.420987993478775,0.4002349972724914,0.4182519912719726,124203274,0.4603174603174603,0.11206349206349207,0.34253968253968253,63.0,-0.032119080480831896,-0.032646216298427726,0.03610276014033577,0.09082966550800423,0.428722002676555,0.5484556317329407,0.7816894893064249
2022-05-26,0.3807789981365204,0.4113689959049225,0.3686349987983703,0.4049820005893707,162560229,0.2692307692307692,0.07057692307692308,0.3992307692307693,52.0,-0.059530961711920294,-0.061376551263453566,0.034286064214943644,0.09065969854948203,0.4189858606883457,0.5393054316441218,0.776899018819501
2022-05-27,0.3594360053539276,0.3837099969387054,0.3568809926509857,0.3805339932441711,143781836,0.2765957446808511,0.05106382978723404,0.31978723404255316,47.0,-0.05605086647909263,-0.05768299827051993,0.03665082588124801,0.09060029348359047,0.408181288412639,0.5289423326651256,0.7716933646735727
2022-05-28,0.367572009563446,0.3711920082569122,0.3561860024929046,0.3638010025024414,103254390,0.4090909090909091,0.06181818181818182,0.41,22.0,0.022635473598442202,0.022383092675275336,0.040432714198007834,0.09018685988088644,0.3986727169581822,0.5178779661655426,0.7698198089214404
2022-05-29,0.3783400058746338,0.3790419995784759,0.3538149893283844,0.3675299882888794,95337248,0.4,0.10466666666666667,0.32866666666666666,15.0,0.029294930057314872,0.028874033916284104,0.04157915100005542,0.08956849432219005,0.38924914598464966,0.5092628995577494,0.7643383139095322
2022-05-30,0.4197390079498291,0.4222689867019653,0.3771849870681762,0.3783200085163116,135622112,0.2558139534883721,0.046511627906976744,0.337906976744186,43.0,0.10942274523544104,0.10383983071424462,0.05818180280139437,0.09027579042062499,0.38986657772745403,0.5043217996756236,0.773051210513235
2022-05-31,0.4104599952697754,0.4235000014305115,0.3972760140895843,0.41975998878479,160903066,0.34,0.07139999999999999,0.34,50.0,-0.02210662460316959,-0.022354638002396485,0.058773526554681564,0.08937133179201888,0.38874400513512747,0.4979390998681386,0.7807059241543242
2022-06-01,0.3850550055503845,0.4249339997768402,0.3767699897289276,0.4105820059776306,198214668,0.38181818181818183,0.09145454545454546,0.3705454545454545,55.0,-0.06189394828281236,-0.06389227483470271,0.06249485714351431,0.08957981977523892,0.3859115753855024,0.49024230043093364,0.7871853878098193
2022-06-02,0.3951739966869354,0.3965219855308532,0.3774519860744476,0.3849479854106903,108089382,0.16279069767441862,0.03697674418604651,0.3902325581395349,43.0,0.026279339290985693,0.025939970209938806,0.05845636791923442,0.08797214948449267,0.3879680037498474,0.48108756641546885,0.806439473463334
2022-06-03,0.381195992231369,0.3962909877300262,0.3727760016918182,0.3951379954814911,87997071,0.391304347826087,0.10065217391304347,0.2897826086956522,46.0,-0.03537177185937179,-0.03601250768605795,0.055038798911043976,0.08664239893749624,0.3910765733037676,0.4699796656767527,0.8321138165427484
2022-06-04,0.3880920112133026,0.3899869918823242,0.3680900037288666,0.3812629878520965,72933964,0.3333333333333333,0.050666666666666665,0.2673333333333333,15.0,0.018090481333675745,0.0179287956458724,0.05487565391967985,0.08488735039300133,0.39400800211089,0.46177343229452766,0.8532496123761065
2022-06-05,0.3912059962749481,0.4020099937915802,0.3802399933338165,0.3880990147590637,98276525,0.4,0.13266666666666665,0.34933333333333333,15.0,0.00802383190499123,0.007991812132579285,0.054098674516583914,0.08243947428008416,0.3958460007395063,0.451582799355189,0.8765745757029082
2022-06-06,0.4130060076713562,0.4235799908638,0.3913410007953644,0.3913410007953644,109510773,0.061224489795918366,0.01612244897959184,0.31367346938775514,49.0,0.05572514635252812,0.05422787333059541,0.04049763620813317,0.08164160585362877,0.39488414355686735,0.44027049938837687,0.8969125664913725
2022-06-07,0.3993139863014221,0.4129669964313507,0.3780870139598846,0.4129669964313507,107880888,0.2631578947368421,0.03929824561403509,0.3119298245614035,57.0,-0.033152111871528334,-0.03371409876834613,0.04164601638589913,0.08162869150528256,0.39329185656138826,0.4293832997481028,0.9159458618723935
2022-06-08,0.4169119894504547,0.4299449920654297,0.3991929888725281,0.3993510007858276,171881992,0.38,0.08839999999999999,0.31920000000000004,50.0,0.044070590444454716,0.04312710254288264,0.035094399817778336,0.07274753704132374,0.3978428542613983,0.4239255994558334,0.9384732952482325
2022-06-09,0.4037829935550689,0.4174590110778808,0.4011940062046051,0.4169250130653381,153734204,0.25,0.0625,0.34589285714285717,56.0,-0.03149104901658395,-0.031997554067917336,0.03780862478570957,0.07276017336147135,0.399072710956846,0.41788949966430666,0.9549718556638147
2022-06-10,0.3688670098781585,0.4041939973831177,0.3675509989261627,0.4037309885025024,113984357,0.2909090909090909,0.09327272727272727,0.3281818181818182,55.0,-0.0864721502247926,-0.09044141673748617,0.05061560256428672,0.055873233437211976,0.3973114277635302,0.41534836689631144,0.9565739495557375
2022-06-11,0.3469319939613342,0.3791109919548034,0.3390479981899261,0.3688650131225586,103773596,0.5909090909090909,0.1431818181818182,0.3772727272727273,22.0,-0.059465919503264186,-0.061307394324762204,0.05349076117851899,0.05589350611842215,0.3914314252989633,0.41294996639092757,0.9478906820600312
2022-06-12,0.3269549906253814,0.3510980010032654,0.3249770104885101,0.3471460044384002,108432943,0.05263157894736842,-0.05947368421052631,0.4357894736842105,19.0,-0.05758189986415385,-0.059306259843273076,0.05449496026025708,0.05556839965116262,0.382252710206168,0.4091341664393742,0.9342967211290345
2022-06-13,0.3020710051059723,0.3273319900035858,0.289095014333725,0.3267619907855987,235772438,0.140625,0.064375,0.34078125,64.0,-0.07610829084398563,-0.07916041209176275,0.04428051913942244,0.05582017504579843,0.3664048526968275,0.4037573337554931,0.9074877954259389
2022-06-14,0.3089230060577392,0.3095999956130981,0.2832289934158325,0.3021529912948608,181406715,0.06896551724137931,0.05810344827586207,0.32275862068965516,58.0,0.022683411634834227,0.02242996853091516,0.05115078571667551,0.05458500115665751,0.3534918555191585,0.39768243432044975,0.8888797316964652
2022-06-15,0.3394030034542084,0.3401469886302948,0.2792190015316009,0.3088729977607727,238594693,0.25862068965517243,0.06810344827586207,0.34672413793103446,58.0,0.09866535285097,0.09409612755100676,0.06590271109543205,0.057029929009000786,0.3424191432339804,0.39375736812750495,0.8696196463886858
2022-06-16,0.3011620044708252,0.3431270122528076,0.2969470024108886,0.3394660055637359,129853331,0.203125,0.0659375,0.3646875,64.0,-0.11267136293489688,-0.11953986127294101,0.07425796386893617,0.05778503729067894,0.32775900193623136,0.3872810681660969,0.8463078339674023
2022-06-17,0.3104130029678345,0.3166059851646423,0.2994090020656585,0.301281988620758,84051417,0.22413793103448276,0.08896551724137931,0.3729310344827586,58.0,0.030717681379708983,0.03025533764298224,0.07511330775008977,0.05387277778891141,0.31940842952047077,0.3831948012113571,0.833540613053088
2022-06-18,0.2959100008010864,0.3140659928321838,0.2764889895915985,0.3103429973125458,109765578,0.3,0.10300000000000001,0.366,20.0,-0.04672163223861747,-0.04784832169288473,0.07418502338477304,0.053514895869563456,0.31211957335472107,0.37809406816959373,0.8255077231593069
2022-06-19,0.3145569860935211,0.3178040087223053,0.2855949997901916,0.2957009971141815,106912096,0.125,0.03937500000000001,0.283125,16.0,0.06301573195212606,0.06110989882896806,0.07814422312096674,0.05511323239357507,0.3103484298501696,0.374077033996582,0.8296377527763581
2022-06-20,0.319786012172699,0.326200008392334,0.3024579882621765,0.31454798579216,95398833,0.1568627450980392,0.02666666666666667,0.3333333333333333,51.0,0.016623461917400384,0.016486804573521655,0.07117357383923079,0.0553188971739404,0.31287914514541626,0.3702655007441838,0.8450129556131244
2022-06-21,0.3246099948883056,0.342518001794815,0.3157309889793396,0.3196850121021271,111643822,0.22807017543859648,0.052456140350877194,0.3466666666666667,57.0,0.015085033528613012,0.014972385860145009,0.07097959813317925,0.05516862738006137,0.3151201435497829,0.3662756671508153,0.8603360032104757
2022-06-22,0.313971996307373,0.3309130072593689,0.3129479885101318,0.3248429894447326,89396256,0.0847457627118644,0.03677966101694915,0.34796610169491526,59.0,-0.03277162979714476,-0.03332064780936463,0.06050995720107055,0.05430614612819183,0.31148714252880644,0.3628941675027211,0.8583415508502787
2022-06-23,0.3361369967460632,0.3368679881095886,0.3134219944477081,0.3139820098876953,83028157,0.21428571428571427,0.0475,0.28732142857142856,56.0,0.0705954693392179,0.0682150070787983,0.043730813306769464,0.056062990131155135,0.3164835699966976,0.3601548006137211,0.878743166708855
2022-06-24,0.3505559861660003,0.3574239909648895,0.3356480002403259,0.3360300064086914,105834579,0.26666666666666666,0.062,0.3857777777777778,45.0,0.042896169001087614,0.042001620728644266,0.0445993459956182,0.05655324158426801,0.32221828188214985,0.3583439330259958,0.8991872114624995
2022-06-25,0.3511280119419098,0.3566139936447143,0.3358629941940307,0.3505409955978393,79926291,-0.13333333333333333,-0.05,0.322,15.0,0.0016317672454140286,0.001630437359755111,0.03554058907627363,0.05554067663890645,0.33010656918798176,0.3573555668195088,0.9237482212071155
2022-06-26,0.3322980105876922,0.3589900135993957,0.3322269916534424,0.3510299921035766,77802998,0.3333333333333333,0.11083333333333334,0.24916666666666668,12.0,-0.05362716933370959,-0.055118674817227625,0.042099778848552136,0.05545505043276406,0.3326410012585776,0.3564509669939676,0.9332026900188127
2022-06-27,0.3296220004558563,0.345221996307373,0.3257589936256408,0.33228400349617,74703461,0.3269230769230769,0.09384615384615384,0.3528846153846154,52.0,-0.008053042890937445,-0.008085643783057699,0.0422824974569329,0.0552600700244986,0.3340461424418858,0.3551859666903813,0.9404823775965133
2022-06-28,0.3123599886894226,0.3368139863014221,0.3113029897212982,0.3295910060405731,80242787,0.25,0.06541666666666666,0.3802083333333333,48.0,-0.05236911293105717,-0.05379021217917509,0.047109412918932975,0.05564293170265894,0.3322961415563311,0.3529866327842076,0.9413844907817648
2022-06-29,0.2989319860935211,0.3162559866905212,0.2959989905357361,0.3124290108680725,89771813,0.10714285714285714,0.01892857142857143,0.36892857142857144,56.0,-0.04298886887607378,-0.04394025632835502,0.048310508614550336,0.05196816062893005,0.330147568668638,0.348959732055664,0.9460907329444384
2022-06-30,0.3147419989109039,0.3159359991550445,0.2842079997062683,0.2990379929542541,141724278,0.16326530612244897,0.030408163265306123,0.30795918367346936,49.0,0.05288832762258022,0.05153717588749099,0.044220246873573184,0.0531641445977343,0.3270911404064723,0.345769132177035,0.9459813209670797
2022-07-01,0.3038069903850555,0.3215419948101043,0.3005160093307495,0.3150500059127807,110957489,0.2,0.03945454545454545,0.39545454545454545,55.0,-0.03474276888272487,-0.03536065242086357,0.03853609325553914,0.05239519502131742,0.3204127124377659,0.34306086500485733,0.9339821154862105
2022-07-02,0.3078269958496094,0.3112379908561706,0.2997629940509796,0.3042120039463043,89758994,0.14285714285714285,0.03809523809523809,0.4071428571428572,21.0,0.013232103249035898,0.013145323650368109,0.039858642320624575,0.05216180004648146,0.3142268529960087,0.3401492983102798,0.9237909781291833
2022-07-03,0.3096199929714203,0.3145850002765655,0.301842987537384,0.3078590035438537,60171439,0.5,0.07333333333333333,0.43722222222222223,18.0,0.005824690965982926,0.005807793038610369,0.03716786281305023,0.05195478624467478,0.3109871361936842,0.3377634316682815,0.920724705625047
2022-07-04,0.3197200000286102,0.3201279938220978,0.300568014383316,0.3096069991588592,75740799,0.425,0.1405,0.35,40.0,0.03262065527571467,0.032099896435648666,0.04048584455779891,0.05225218618657655,0.30957256470407757,0.3354843646287918,0.9227630177239848
2022-07-05,0.3079839944839477,0.3219949901103973,0.3022240102291107,0.3196550011634826,76220618,0.2127659574468085,0.0174468085106383,0.28595744680851065,47.0,-0.0367071360678477,-0.03739779718521499,0.03751509739127935,0.05247596033165049,0.308947422674724,0.33271029790242507,0.9285778787806861
2022-07-06,0.3110480010509491,0.3124270141124725,0.3031040132045746,0.3080889880657196,73547307,0.39215686274509803,0.0927450980392157,0.3311764705882353,51.0,0.009948590257540468,0.009899428822573258,0.03269677384342516,0.05127446469462268,0.3106782819543566,0.32931169768174484,0.9434170852157336
2022-07-07,0.3224579989910126,0.3249320089817047,0.3105210065841675,0.3110530078411102,81311071,0.2542372881355932,0.06457627118644067,0.3583050847457627,59.0,0.036682434548725995,0.03602564758297946,0.029433403884759186,0.05171549736797353,0.3117805676800864,0.3267498314380645,0.9541873864414967
2022-07-08,0.3148399889469147,0.3275049924850464,0.3104279935359955,0.3224410116672516,96268713,0.02127659574468085,0.031914893617021274,0.33085106382978724,47.0,-0.02362481336463984,-0.023908353900384094,0.027145288282753068,0.050911278607533667,0.3133567103317806,0.32334743142127986,0.9691022098255586
2022-07-09,0.3218410015106201,0.3237040042877197,0.3144010007381439,0.3148750066757202,66699580,0.5,0.10833333333333334,0.3488888888888889,18.0,0.02223673233861634,0.02199310129711294,0.02778110065748926,0.051037585984177625,0.3153587111404964,0.3206160316864649,0.9836024402201144
2022-07-10,0.3098919987678528,0.3219299912452698,0.3064759969711303,0.3217940032482147,67639446,0.11764705882352941,0.01058823529411765,0.34470588235294114,17.0,-0.037127036911650424,-0.037833793758888956,0.03243310099941855,0.048952901910302216,0.3153975691114153,0.3186501979827881,0.9897924781093389
2022-07-11,0.297571986913681,0.3099370002746582,0.2970849871635437,0.3098860085010528,69830983,0.14893617021276595,0.0697872340425532,0.3414893617021277,47.0,-0.03975582429735791,-0.04056767717140152,0.03212121093237053,0.0482839617191132,0.312233567237854,0.31700486441453296,0.9849488203107201
2022-07-12,0.2927869856357574,0.3040669858455658,0.2925939857959747,0.297540009021759,64966309,0.125,0.020416666666666666,0.35000000000000003,48.0,-0.016080146950497753,-0.016210835400072336,0.030070123117721236,0.04724604362556231,0.3100625659738268,0.31586593091487886,0.981627126027036
2022-07-13,0.3100700080394745,0.3104059994220733,0.2905179858207702,0.2927779853343963,88967326,0.3333333333333333,0.07354166666666667,0.288125,48.0,0.059029339593728025,0.05735277123429191,0.038688931195602114,0.046289856807178356,0.3099228526864733,0.31613256434599557,0.9803572540134589
2022-07-14,0.3290030062198639,0.3315629959106445,0.3017640113830566,0.3100109994411468,100681766,0.1,0.0262,0.2712,50.0,0.06106039826328202,0.059268783801721514,0.04308843100379307,0.0473577853413083,0.31085785371916635,0.31680189768473305,0.9812373473485884
2022-07-15,0.3279350101947784,0.3316139876842499,0.3211790025234222,0.3289499878883362,93453695,0.06,0.0344,0.38780000000000003,50.0,-0.0032461588644931982,-0.0032514390681964967,0.041631492902256165,0.04405691348285548,0.3127285710402897,0.3164196312427521,0.9883349203462328
2022-07-16,0.339818000793457,0.344660997390747,0.3255670070648193,0.3278250098228454,110690477,0.19047619047619047,0.058095238095238096,0.38333333333333336,21.0,0.03623580962465889,0.03559473340463834,0.042812733989793766,0.03842584104816741,0.31529671379498075,0.31770816445350647,0.9924098561877575
2022-07-17,0.3371610045433044,0.3430280089378357,0.3332470059394836,0.3398489952087402,92402842,0.1875,0.0012500000000000098,0.476875,16.0,-0.007818880235739845,-0.007849607955518015,0.038802345878224384,0.0381577572752204,0.3191922860486166,0.3185997645060221,1.001859767672814
2022-07-18,0.3602429926395416,0.3661470115184784,0.3367179930210113,0.3372089862823486,131526181,0.24390243902439024,0.06341463414634146,0.36829268292682926,41.0,0.06845983902409625,0.06621820875724853,0.03552154244132256,0.03862174804850972,0.3281452868665967,0.320744197567304,1.0230747410410743
2022-07-19,0.3717359900474548,0.3762339949607849,0.3473280072212219,0.3601390123367309,148454143,0.34615384615384615,0.10134615384615385,0.37403846153846154,52.0,0.03190345861748112,0.03140511483221986,0.02991692500783338,0.03754058374209949,0.33942371606826777,0.32265016436576843,1.0519868066252842
2022-07-20,0.3447659909725189,0.3766779899597168,0.3424929976463318,0.3716889917850494,135346450,0.33962264150943394,0.07716981132075472,0.32943396226415095,53.0,-0.07255148760681729,-0.07531799828595546,0.048800099908586525,0.04026285347136424,0.34438028505870266,0.3234828303257624,1.064601434060335
2022-07-21,0.3493210077285766,0.3507980108261108,0.3341149985790252,0.3448010087013244,104121841,0.1568627450980392,0.06549019607843137,0.3756862745098039,51.0,0.013211908585324394,0.013125392516229455,0.044800282453875476,0.040244543384682835,0.3472828567028045,0.32430653075377147,1.0708475586218698
2022-07-22,0.3382230103015899,0.3570860028266907,0.3339039981365204,0.3493010103702545,95226331,0.1956521739130435,0.030652173913043482,0.315,46.0,-0.031770197558830704,-0.03228582066421093,0.04734777617739965,0.0402132618277611,0.3487525710037776,0.325114897886912,1.0727055981454523
2022-07-23,0.3354499936103821,0.3438099920749664,0.3267880082130432,0.338018000125885,76196465,0.38461538461538464,0.08692307692307694,0.17538461538461542,13.0,-0.008198781888716478,-0.008232576745478741,0.04539468507258308,0.03827980258067969,0.3481285699776241,0.32509199778238934,1.0708617017717397
2022-07-24,0.341262012720108,0.3475230038166046,0.3352580070495605,0.3354580104351043,67318793,0.2,0.11299999999999999,0.426,10.0,0.017326037324288723,0.017177653028798985,0.04582675608049691,0.03760134080640991,0.348714428288596,0.3247821986675262,1.0736870115395973
2022-07-25,0.313075989484787,0.3430739939212799,0.313075989484787,0.3412689864635467,79254566,0.11363636363636363,0.05363636363636364,0.325,44.0,-0.08259349761978418,-0.08620460900876238,0.04628621887475793,0.040690604154244185,0.3419762849807739,0.32351379791895546,1.0570686232877262
2022-07-26,0.3113279938697815,0.3131009936332702,0.3019500076770782,0.3131009936332702,75417463,0.058823529411764705,0.02137254901960784,0.2958823529411765,51.0,-0.005583295026495239,-0.005598939878563585,0.04127197541392864,0.03952574436735043,0.3333465712411063,0.3228147973616918,1.032624817590423
2022-07-27,0.3280310034751892,0.328588992357254,0.3062539994716644,0.3113600015640259,100415843,0.25,0.07022727272727274,0.38386363636363635,44.0,0.05365084391477515,0.05226112760488699,0.04362265193921233,0.040731650834018744,0.33095585874148775,0.32276176412900287,1.0253874390437705
2022-07-28,0.3367199897766113,0.3419719934463501,0.3211230039596557,0.3280690014362335,119975013,-0.0425531914893617,-0.003404255319148933,0.35425531914893615,47.0,0.026488308145785622,0.026143567393266114,0.044888170896898956,0.039704015445457874,0.32915571331977844,0.32357376416524253,1.01725093246956
2022-07-29,0.3364689946174621,0.3445850014686584,0.325967013835907,0.3367100059986114,159191994,0.25,0.05550000000000001,0.367,40.0,-0.0007454121132388636,-0.000745690070985443,0.04327592746459368,0.03873305038428163,0.32890513965061735,0.32482499778270724,1.012561046396557
2022-07-30,0.3376680016517639,0.3542830049991607,0.3307900130748749,0.3364109992980957,151837849,0.125,0.07250000000000001,0.386875,16.0,0.003563499322322361,0.0035571651021449853,0.04316513065542738,0.03767622207310981,0.3292219979422433,0.3255891978740692,1.0111576185324773
2022-07-31,0.3360809981822967,0.3548580110073089,0.3328900039196014,0.3376719951629638,136658200,0.6153846153846154,0.14615384615384613,0.36,13.0,-0.00469989297684148,-0.004710972201582296,0.04258180916833929,0.037028540983099,0.32848185300827026,0.32666499813397726,1.0055618290440405
2022-08-01,0.343176007270813,0.3438610136508941,0.3314180076122284,0.3360889852046966,133095852,0.2857142857142857,0.09023809523809524,0.3852380952380952,42.0,0.021111009330756048,0.020891259355289113,0.02126844628485141,0.03712596575736873,0.33278185554913114,0.327843298514684,1.015063773018456
2022-08-02,0.3266260027885437,0.3473770022392273,0.3209510147571563,0.3431159853935241,125403543,-0.037037037037037035,0.001296296296296299,0.3212962962962963,54.0,-0.048225995208368566,-0.049427662296976906,0.03162524779376357,0.03836294044990403,0.3349672853946686,0.32841016550858815,1.0199662512758272
2022-08-03,0.3264670073986053,0.3384140133857727,0.3188880085945129,0.3266560137271881,100042864,0.0425531914893617,0.007446808510638297,0.37170212765957444,47.0,-0.0004867811765780772,-0.00048689969299761454,0.0244792477837871,0.0379338530961051,0.33474385738372797,0.32863506575425466,1.0185883743582047
2022-08-04,0.33542400598526,0.3414230048656463,0.3260819911956787,0.3265100121498108,115920139,0.3409090909090909,0.10727272727272727,0.48068181818181815,44.0,0.027436152455425633,0.02706652672804902,0.024649715307175205,0.03752519644049766,0.33455871684210636,0.3295497328042984,1.0151994783767053
2022-08-05,0.3584310114383697,0.3589850068092346,0.3352279961109161,0.3353689908981323,119089093,0.5641025641025641,0.12102564102564102,0.29384615384615387,39.0,0.06859081354517227,0.06634078378473564,0.035301481436071154,0.03926560384771399,0.33769614781652174,0.3311291664838791,1.0198320836620183
2022-08-06,0.3491249978542328,0.3585880100727081,0.3479819893836975,0.3584659993648529,82161456,0.3333333333333333,0.092,0.34600000000000003,15.0,-0.025963193158963116,-0.026306186689087744,0.03779027928911592,0.03920138062351459,0.3393328615597316,0.3320180664459864,1.0220313165245638
2022-08-07,0.355580985546112,0.3618740141391754,0.3437890112400055,0.349124014377594,94236544,-0.14285714285714285,0.008571428571428572,0.39428571428571424,7.0,0.01849190900553821,0.018323012623261,0.03783028770570869,0.03897243380392493,0.3421185740402767,0.33337609966595966,1.026224058602512
2022-08-08,0.3623380064964294,0.3713330030441284,0.3542520105838775,0.3556329905986786,106273017,0.1702127659574468,0.07893617021276596,0.3280851063829787,47.0,0.01900276231008169,0.018824465041704205,0.03772133557725228,0.03892641261671009,0.344856002501079,0.33472599983215334,1.0302635668397593
2022-08-09,0.3458130061626434,0.3752020001411438,0.3420110046863556,0.3624489903450012,121104397,0.1509433962264151,0.061509433962264146,0.37716981132075467,53.0,-0.04560658842712062,-0.04667931143592167,0.03703492669273021,0.039285668061350074,0.34759700298309326,0.33592336674531303,1.0347508908084706
2022-08-10,0.3639769852161407,0.3648650050163269,0.336899995803833,0.3457889854907989,108677877,0.2222222222222222,0.04694444444444445,0.41888888888888887,36.0,0.052525436376891,0.05119245386136202,0.04005320793671408,0.03929591500067924,0.3529555712427412,0.33813686668872833,1.0438245752352528
2022-08-11,0.3614769876003265,0.3698740005493164,0.3595199882984161,0.363970011472702,89966072,0.2765957446808511,0.10170212765957447,0.34255319148936175,47.0,-0.0068685595995297,-0.006892256727443658,0.04047835281401641,0.03914499032601352,0.35667742575917927,0.34042653342088064,1.0477368558055582
2022-08-12,0.3653700053691864,0.3657430112361908,0.353412002325058,0.361391007900238,77094835,0.14705882352941177,0.048529411764705876,0.34794117647058825,34.0,0.01076975271566738,0.010712171980157855,0.032381748404623295,0.03798628899771206,0.3576687106064388,0.34226986666520437,1.0449903583136548
2022-08-13,0.3682659864425659,0.3734990060329437,0.3648949861526489,0.3654009997844696,78145895,0.5625,0.14250000000000002,0.34125,16.0,0.007926159867593041,0.007894912866354202,0.029741416113033298,0.036610448990499124,0.3604031375476292,0.3435786326726278,1.048968426075065
2022-08-14,0.3643009960651397,0.3830290138721466,0.3606759905815124,0.3683210015296936,105604975,0.3,0.061,0.265,10.0,-0.010766648355792663,-0.010825028128667142,0.03003303231339386,0.03668648349409138,0.3616488533360617,0.3447908322016398,1.048893472679584
2022-08-15,0.3581149876117706,0.3752749860286712,0.3515250086784363,0.3643310070037842,85536729,0.14634146341463414,0.03951219512195122,0.42121951219512194,41.0,-0.016980487344764317,-0.01712630892492564,0.03004182283963484,0.036357585362140524,0.36104556492396755,0.3454007317622502,1.0452947307954348
2022-08-16,0.3530479967594147,0.3598150014877319,0.3499920070171356,0.3579710125923157,61993563,0.15384615384615385,0.03487179487179487,0.31538461538461543,39.0,-0.014149061132981644,-0.014250113427646652,0.023796221288860157,0.036434545977707324,0.3620791350092206,0.34593029816945386,1.046682343018871
2022-08-17,0.3395969867706299,0.364096999168396,0.338124006986618,0.3530089855194092,86037322,0.08333333333333333,0.017291666666666667,0.28854166666666664,48.0,-0.03809966381979224,-0.03884443432762267,0.016635032925339552,0.03502482111412592,0.35859627808843336,0.3452420979738235,1.0386806249671858
2022-08-18,0.3331789970397949,0.3472389876842499,0.3290390074253082,0.3398190140724182,63746142,0.3888888888888889,0.06972222222222223,0.38916666666666666,36.0,-0.018898841806184175,-0.019079707308121453,0.01690285552743981,0.034576034763480194,0.3545537080083574,0.34395686487356814,1.0308086397365102
2022-08-19,0.303274005651474,0.3334999978542328,0.3011789917945862,0.3332279920578003,125998377,-0.07894736842105263,-0.011315789473684211,0.385,38.0,-0.0897565322364815,-0.09404316826267804,0.03275179489369623,0.03605192297371304,0.34568285090582707,0.34257379869619997,1.0090755691808884
2022-08-20,0.3004859983921051,0.3122529983520508,0.2947880029678345,0.3032239973545074,75438839,0.25,0.05333333333333334,0.30083333333333334,12.0,-0.00919303074914013,-0.009235547428348327,0.030291424423093825,0.03591066054654783,0.33599999547004694,0.3409459650516509,0.9854933916556111
2022-08-21,0.3067840039730072,0.308804988861084,0.2981100082397461,0.3003929853439331,61131131,0.25,0.11875000000000001,0.32875,8.0,0.0209593978242002,0.020742771324412993,0.03538060157878258,0.03582727569632822,0.32778328231402803,0.3398979981740315,0.9643577899102524
2022-08-22,0.3030300140380859,0.3068029880523681,0.2908860146999359,0.3067489862442016,72896184,0.10869565217391304,0.0482608695652174,0.34021739130434786,46.0,-0.012236589542822474,-0.012312073010158086,0.03559505569018233,0.03585456275812117,0.31991400037493023,0.3388173321882883,0.9442078960622561
2022-08-23,0.3077290058135986,0.30901899933815,0.2936460077762604,0.3030399978160858,70940068,0.5,0.1315909090909091,0.3406818181818182,44.0,0.015506687647521611,0.015387687587786044,0.0385672845696708,0.035820632603584604,0.31343985881124226,0.33769956529140466,0.9281618664234038
2022-08-24,0.3023569881916046,0.3090089857578277,0.2993760108947754,0.3076989948749542,69399573,0.3333333333333333,0.10377777777777777,0.41155555555555556,45.0,-0.017456975197352564,-0.01761114504979231,0.037627409202388516,0.03238000428294972,0.3081198590142386,0.3373422652482986,0.9133746072033073
2022-08-25,0.3072519898414612,0.3094989955425262,0.300915002822876,0.302388995885849,71448809,0.23255813953488372,0.046744186046511635,0.24186046511627907,43.0,0.01618947747539612,0.016059825346670362,0.03953597212335681,0.03251880692362478,0.3044160008430481,0.33720639844735456,0.902758673158968
2022-08-26,0.2821590006351471,0.3073959946632385,0.2804870009422302,0.3072139918804168,106667550,0.07142857142857142,0.0330952380952381,0.3454761904761905,42.0,-0.08166908607902523,-0.08519748063551387,0.036484283512240846,0.03446312298215091,0.3013995715550014,0.3356773316860198,0.8978847932362601
2022-08-27,0.2891699969768524,0.2901510000228882,0.2796930074691772,0.2822220027446747,65267730,-0.5384615384615384,-0.07307692307692307,0.33692307692307694,13.0,0.024847679237321563,0.024543995925336695,0.038809829187734866,0.03441444723346345,0.299782999924251,0.3340923319260279,0.8973058381675956
2022-08-28,0.2820360064506531,0.2948450148105621,0.2819949984550476,0.2891519963741302,51809064,0.06666666666666667,0.07733333333333332,0.3313333333333333,15.0,-0.024670576480209316,-0.024979994772890004,0.037485185827353086,0.03459329286464977,0.29624757170677185,0.3322778989871342,0.89156568224913
2022-08-29,0.2981790006160736,0.2986150085926056,0.2809189856052398,0.2820369899272918,57402405,0.07317073170731707,0.03048780487804878,0.3309756097560976,41.0,0.0572373519557865,0.0556592341452357,0.04536998977903279,0.036346967181168206,0.2955545697893415,0.33096159895261124,0.8930177117970128
2022-08-30,0.2913109958171844,0.3017449975013733,0.2848049998283386,0.2982079982757568,53897150,0.13043478260869565,0.061956521739130424,0.28804347826086957,46.0,-0.0230331605669718,-0.02330256873028522,0.04521172918398441,0.03651504433618466,0.2932091397898538,0.3294692655404408,0.8899438292336368
2022-08-31,0.288561999797821,0.3002740144729614,0.2877669930458069,0.2913790047168731,51561774,0.34,0.1024,0.3574,50.0,-0.009436636648925467,-0.009481443813294098,0.04502269724505199,0.03619884487789131,0.2912384271621704,0.32764879862467444,0.8888737831014831
2022-09-01,0.2932960093021393,0.2933419942855835,0.2840070128440857,0.2886160016059875,44105297,0.09523809523809523,0.04047619047619048,0.3595238095238095,42.0,0.016405519464223195,0.016272402854699185,0.045040653022829176,0.035446584481206675,0.289244715656553,0.3265377988417943,0.8857924463338789
2022-09-02,0.3016600012779236,0.3063839972019195,0.2906109988689422,0.2932470142841339,67192638,-0.02564102564102564,0.004102564102564103,0.28076923076923077,39.0,0.028517237570621523,0.028118189883527257,0.029929521016245283,0.03591451933156452,0.29203057289123535,0.32571089863777153,0.8965944158227489
2022-09-03,0.3027229905128479,0.3032250106334686,0.2964589893817901,0.3017370104789734,41683092,0.16666666666666666,0.016666666666666666,0.2558333333333333,12.0,0.0035237990798289154,0.003517605046605569,0.0292202770367438,0.03549791207091586,0.293966714824949,0.3246208647886911,0.9055693786544
2022-09-04,0.3123019933700561,0.3187589943408966,0.3027369976043701,0.3027369976043701,86586016,0.14285714285714285,0.028571428571428574,0.4614285714285714,7.0,0.031642799382300746,0.0311524825148621,0.026723004887958778,0.03364644785394188,0.29829042724200655,0.3230832308530807,0.923261868015835
2022-09-05,0.304625004529953,0.3132809996604919,0.2984969913959503,0.3123539984226227,51132956,0.4146341463414634,0.09634146341463415,0.2836585365853659,41.0,-0.024581939926993646,-0.024889120321919627,0.0231851369953458,0.03361589367596669,0.29921128494398935,0.3215998977422714,0.9303836445364042
2022-09-06,0.2856009900569916,0.3089469969272613,0.2831360101699829,0.3046819865703583,84354098,0.42857142857142855,0.08160714285714286,0.3735714285714286,56.0,-0.062450600541856804,-0.06448582977043289,0.033788758656522394,0.03504293401641683,0.29839556983539034,0.31926723122596734,0.9346263588955527
2022-09-07,0.2992689907550812,0.3012880086898803,0.2820799946784973,0.2855449914932251,82659305,0.12727272727272726,0.057818181818181824,0.31799999999999995,55.0,0.047856979401094346,0.04674710654884389,0.03832282886884177,0.03611529206646984,0.2999251399721418,0.31716493070125573,0.9456440827458555
2022-09-08,0.307200014591217,0.3072099983692169,0.2937969863414764,0.2992590069770813,75067076,0.2631578947368421,0.07298245614035088,0.3314035087719298,57.0,0.0265013218246406,0.026156245176597478,0.038975105066669104,0.03575879512212733,0.3019114264420101,0.3158778309822082,0.9557854234443418
2022-09-09,0.324550986289978,0.3257319927215576,0.3072049915790558,0.3072049915790558,106805291,0.14,0.0378,0.3354,50.0,0.056481024982532935,0.05494359765005834,0.042592505590467004,0.035964217271946236,0.30518156715801786,0.3145636310180028,0.9701743528658341
2022-09-10,0.3226380050182342,0.3270649909973144,0.3186340034008026,0.3245150148868561,76851659,0.3125,0.108125,0.3325,16.0,-0.005894239588089323,-0.005911679180775258,0.04299545071528929,0.03596177580007874,0.3080265692302159,0.3132689982652664,0.9832654074802148
2022-09-11,0.3264800012111664,0.3301239907741546,0.3172110021114349,0.3226380050182342,80246615,0.5,0.1625,0.3858333333333333,12.0,0.011908070757860711,0.011837727567071936,0.04195158372149147,0.03597800978021358,0.3100519989218031,0.31197266479333235,0.9938434802523431
2022-09-12,0.3230949938297272,0.3317160010337829,0.317901998758316,0.3264940083026886,88326952,0.28846153846153844,0.0626923076923077,0.32173076923076926,52.0,-0.010368192136981147,-0.010422316279118212,0.0404873573025461,0.03592894285630734,0.3126905688217708,0.31046696503957105,1.007162126836639
2022-09-13,0.2983100116252899,0.3232960104942322,0.2952310144901275,0.3230679929256439,107193864,0.36507936507936506,0.05634920634920635,0.28650793650793654,63.0,-0.07671113040364552,-0.0798131253002024,0.04522405526356513,0.03847446068656514,0.3145061433315277,0.3082672655582428,1.0202385347726977
2022-09-14,0.3031989932060241,0.3040170073509216,0.2960090041160583,0.2966519892215729,61930119,0.36507936507936506,0.08952380952380952,0.3703174603174603,63.0,0.01638892893368693,0.016256079974095387,0.04202525356140813,0.03864373152878344,0.31506757225309096,0.3064367324113846,1.0281651607944953
2022-09-15,0.2942759990692138,0.3032549917697906,0.2902700006961822,0.3032000064849853,70276407,0.41818181818181815,0.08890909090909091,0.3367272727272727,55.0,-0.02942949790980054,-0.02987123389032401,0.04196284111170028,0.038869602844501,0.31322128432137625,0.3044776658217112,1.0287167811670788
2022-09-16,0.2972550094127655,0.2998799979686737,0.2910639941692352,0.2943539917469024,63844665,0.14583333333333334,0.03833333333333334,0.3675,48.0,0.010123184877374403,0.010072288641137893,0.03368794777548557,0.0384712777843559,0.30932185905320303,0.3030662665764491,1.0206410055049
2022-09-17,0.310929000377655,0.3110080063343048,0.2973380088806152,0.2973380088806152,41414334,0.5294117647058824,0.15294117647058825,0.3911764705882353,17.0,0.046000876459248774,0.0449742035575319,0.04021682077938163,0.03939704377944316,0.30764914410454886,0.3023246000210444,1.0176120106770465
2022-09-18,0.2925229966640472,0.3169629871845245,0.2903369963169098,0.3109369874000549,84448814,0.25,0.07125,0.35375,16.0,-0.05919680599510446,-0.06102130685534075,0.04427179613462456,0.03714230478294146,0.3027981434549604,0.30196623305479686,1.0027549782363003
2022-09-19,0.3172360062599182,0.3234069943428039,0.2920149862766266,0.2925750017166137,237609174,0.2391304347826087,0.03869565217391304,0.2573913043478261,46.0,0.08448227960775712,0.08110271146273826,0.057596617339091966,0.04001924920105901,0.301961145230702,0.3025245666503906,0.9981376011015339
2022-09-20,0.3294309973716736,0.3450559973716736,0.3171179890632629,0.3173249959945678,319080992,0.2545454545454545,0.08345454545454545,0.41090909090909095,55.0,0.03844138392589569,0.03772091972314827,0.0476060889755065,0.04041434836964441,0.3064070003373282,0.30327946643034615,1.0103123826475748
2022-09-21,0.3359020054340362,0.3370670080184936,0.3101769983768463,0.3295930027961731,238190621,0.15517241379310345,0.03310344827586207,0.31793103448275867,58.0,0.019642984764611793,0.019452551089999416,0.047644678529417596,0.04043241439008874,0.3110788592270442,0.30437519947687786,1.0220243297144043
2022-09-22,0.369825005531311,0.3842340111732483,0.3303979933261871,0.336091011762619,502945862,0.25,0.07729166666666666,0.31395833333333334,48.0,0.10099076381946914,0.09621046880387463,0.05167758684169221,0.043808217164595965,0.3218715744359152,0.3064450661341349,1.0503402077781467
2022-09-23,0.4006949961185455,0.4085769951343536,0.3648839890956878,0.3698160052299499,504026246,0.26666666666666666,0.05555555555555555,0.2797777777777778,45.0,0.08347188569059827,0.08017059397936338,0.05333961715390618,0.04558277034657265,0.3366487153938838,0.30972299973169964,1.086934827847815
2022-09-24,0.3839679956436157,0.401293009519577,0.3708209991455078,0.4005999863147735,257903216,0.4117647058823529,0.1652941176470588,0.2582352941176471,17.0,-0.041744969707535495,-0.04264132527794386,0.062242485752446154,0.046536366530972886,0.3470828575747353,0.31228019992510475,1.111446891791338
2022-09-25,0.3888689875602722,0.3996700048446655,0.379393994808197,0.3840729892253876,275777346,0.11764705882352941,0.0976470588235294,0.35705882352941176,17.0,0.012764063599731479,0.012683289550512275,0.04909642695395188,0.043124446939466286,0.3608465705599104,0.31583719948927563,1.1425081375576314
2022-09-26,0.368133008480072,0.3905450105667114,0.3587549924850464,0.3888689875602722,209064739,0.04081632653061224,-0.00020408163265306112,0.2761224489795919,49.0,-0.05332381790148866,-0.05479818503299915,0.0567216102033308,0.04465157413038022,0.3681175708770752,0.31846929987271627,1.1558965684422393
2022-09-27,0.3530629873275757,0.3742510080337524,0.3387619853019714,0.368164986371994,200841595,0.16363636363636364,0.035272727272727275,0.2983636363636364,55.0,-0.040936348562484626,-0.04179783358227615,0.060698109913387824,0.04518294158534523,0.3714935694422041,0.32083686590194704,1.1578892855652647
2022-09-28,0.3491640090942383,0.3558849990367889,0.3330000042915344,0.3530159890651703,184297475,0.09433962264150944,0.008867924528301886,0.31528301886792454,53.0,-0.011043293614121819,-0.01110472345825355,0.06099445270739715,0.044365240731720906,0.3733881413936615,0.3225363661845525,1.1576621446153827
2022-09-29,0.3549380004405975,0.3630749881267547,0.3345980048179626,0.3491719961166382,201946704,0.09090909090909091,0.049818181818181824,0.3449090909090909,55.0,0.016536616592693676,0.01640137566344472,0.0470948188000788,0.04407501429406865,0.3712614263807024,0.32465726633866626,1.1435487970671847
2022-09-30,0.3524209856986999,0.3641009926795959,0.3478040099143982,0.3549529910087585,191019150,0.4807692307692308,0.11326923076923076,0.34076923076923077,52.0,-0.007091420864413278,-0.007116684496901253,0.028336499820856235,0.04404739552883422,0.36436513917786734,0.3267858992020289,1.1149965162744242
2022-10-01,0.3550960123538971,0.3672580122947693,0.3524830043315887,0.3524830043315887,120498788,-0.11764705882352941,0.009411764705882356,0.33705882352941174,17.0,0.007590429525341058,0.007561767163536425,0.027501380494540945,0.044010567655352835,0.360240570136479,0.3288458993037542,1.0954692483597783
2022-10-02,0.3542659878730774,0.3715650141239166,0.3532609939575195,0.3551250100135803,145674980,0.06666666666666667,0.006,0.27133333333333337,15.0,-0.002337464944530243,-0.002340201080292883,0.025867545535311644,0.043842644515088174,0.3552972844668797,0.3305994321902593,1.074706275546193
2022-10-03,0.3547469973564148,0.360505998134613,0.3445520102977752,0.3542869985103607,128202298,-0.07317073170731707,0.007560975609756099,0.33707317073170734,41.0,0.001357763657260147,0.001356842729692729,0.018522667260144468,0.043847547217784215,0.3533849971635001,0.3323335657517115,1.0633442829169901
2022-10-04,0.3574079871177673,0.3593510091304779,0.350598007440567,0.3546949923038482,95320015,0.28,0.056600000000000004,0.364,50.0,0.00750109171094393,0.007473098422177372,0.00950385517909484,0.043578167228531126,0.35400571141924175,0.3338370988766352,1.0604145333471748
2022-10-05,0.3538010120391845,0.3595309853553772,0.3450979888439178,0.3573949933052063,98421379,0.3191489361702128,0.0797872340425532,0.3095744680851064,47.0,-0.010092038254853719,-0.010143308109483372,0.009291747998455759,0.04331766874920088,0.35466814041137695,0.33547629912694293,1.057207741156021
2022-10-06,0.3486889898777008,0.3583729863166809,0.3477210104465484,0.3537749946117401,98500813,0.24489795918367346,0.06653061224489797,0.29877551020408166,49.0,-0.014448862460906486,-0.014554263792327752,0.008569636027444651,0.04147634571701952,0.35377542461667744,0.33757923245429994,1.0479774541953497
2022-10-07,0.3413459956645965,0.3495349884033203,0.3368270099163055,0.348715990781784,105832613,0.37209302325581395,0.09093023255813953,0.34581395348837213,43.0,-0.021058864564894253,-0.02128376549620993,0.011123639907125093,0.0410663711792308,0.35219328318323406,0.3389817992846171,1.038974021397309
2022-10-08,0.334289014339447,0.3413879871368408,0.3321540057659149,0.3413189947605133,69329530,0.2777777777777778,0.10833333333333334,0.43555555555555553,18.0,-0.020673983040022548,-0.02089068171358426,0.011153753982431758,0.04110460284910415,0.3492208548954555,0.33988476594289146,1.027468394844542
2022-10-09,0.3387050032615661,0.339356005191803,0.3310480117797851,0.3342620134353637,61607099,0.21428571428571427,0.06999999999999999,0.13357142857142856,14.0,0.013210092861846157,0.013123600467508168,0.013819136154705279,0.03996929897360346,0.346997857093811,0.34035656650861107,1.019512744100478
2022-10-10,0.320154994726181,0.3396300077438354,0.320154994726181,0.3386780023574829,84680560,0.23529411764705882,0.09509803921568627,0.34490196078431373,51.0,-0.05476744765137065,-0.05632429462146149,0.022733320762657064,0.04132504818147876,0.342056142432349,0.34027379949887593,1.0052379670021552
2022-10-11,0.3173950016498565,0.3234440088272095,0.3112429976463318,0.3200240135192871,90460621,0.2,0.05236363636363636,0.32090909090909087,55.0,-0.008620802804232386,-0.008658176876085935,0.020856218178292762,0.04128759591491348,0.3363400016512189,0.3399709661801656,0.9893197805396639
2022-10-12,0.3143059909343719,0.3206360042095184,0.3121190071105957,0.3174419999122619,58357566,0.18867924528301888,0.06981132075471698,0.3469811320754717,53.0,-0.00973238614164551,-0.009780055353925725,0.02087645251184976,0.041282676148541045,0.3306978557791028,0.3396779994169871,0.9735627751773811
2022-10-13,0.3193149864673614,0.3232389986515045,0.2886460125446319,0.3142989873886108,160091925,0.11320754716981132,0.03981132075471698,0.359811320754717,53.0,0.015936684878639085,0.01581102918160532,0.024318483378650283,0.038584610331522606,0.32650156957762577,0.34037816524505615,0.9592318277600448
2022-10-14,0.3173370063304901,0.3289499878883362,0.313946008682251,0.3193159997463226,88444861,0.32786885245901637,0.09639344262295081,0.3655737704918033,61.0,-0.00619444818031889,-0.006213713373814545,0.024084621108727014,0.038521755161125416,0.3230717139584677,0.340849432349205,0.9478428986423431
2022-10-15,0.3192850053310394,0.3252060115337372,0.3132149875164032,0.3173420131206512,60209023,0.3684210526315789,0.18473684210526314,0.35000000000000003,19.0,0.006138581261211362,0.006119816923050004,0.024290124423435783,0.03806821157421695,0.32092828410012375,0.34168306589126585,0.9392572127125934
2022-10-16,0.3226720094680786,0.3271690011024475,0.3192220032215118,0.3192979991436004,54511278,0.3333333333333333,0.16066666666666668,0.3953333333333333,15.0,0.010608090203069631,0.010552219190026354,0.023960032331118614,0.03807150901393253,0.3186378564153398,0.34253029922644296,0.9302472135601992
2022-10-17,0.3301140069961548,0.331059992313385,0.3186100125312805,0.3226700127124786,67171414,0.32,0.0956,0.3152,50.0,0.023063660031572786,0.022801713803225723,0.012870373613766993,0.03743310519707417,0.3200605724539075,0.3431697994470596,0.9326594967552874
2022-10-18,0.3195010125637054,0.3321950137615204,0.3159739971160888,0.3301090002059936,75101310,0.24528301886792453,0.053018867924528305,0.30264150943396223,53.0,-0.032149482322854084,-0.03267762751740211,0.01877297358336493,0.036122491119024554,0.32036143115588595,0.3440690666437149,0.9310962891285478
2022-10-19,0.3071790039539337,0.3201090097427368,0.3061499893665313,0.3195160031318664,61221447,0.1016949152542373,0.02830508474576271,0.3535593220338983,59.0,-0.038566414894584344,-0.03932979059237658,0.024141335698040035,0.03375070564686924,0.3193432901586805,0.3437338332335154,0.9290423556930888
2022-10-20,0.3069930076599121,0.3144220113754272,0.3039920032024383,0.3071970045566559,58503418,0.2553191489361702,0.06851063829787234,0.2742553191489362,47.0,-0.0006054980699445878,-0.0006056814579320592,0.0227344043273473,0.0329474058226864,0.31758300747190205,0.34298590024312336,0.9259360435714278
2022-10-21,0.31284099817276,0.3128710091114044,0.2970229983329773,0.3069429993629455,66219943,0.15384615384615385,0.06897435897435897,0.36153846153846153,39.0,0.019049262904796693,0.018870097433956966,0.024531406642719113,0.032934283220835206,0.3169407205922263,0.34221720000108086,0.926139073638687
2022-10-22,0.3134509921073913,0.3141070008277893,0.3096089959144592,0.31284099817276,35249086,-0.05263157894736842,0.02894736842105262,0.3931578947368421,19.0,0.001949852922711992,0.0019479544269596352,0.024350178309932302,0.027202652750157652,0.31610729013170513,0.3403380662202835,0.9288038027668201
2022-10-23,0.3156979978084564,0.31631800532341,0.3079339861869812,0.3134549856185913,44998643,0.23809523809523808,0.0880952380952381,0.33904761904761904,21.0,0.007168602932018375,0.007143030637042943,0.02407501351106845,0.022050326095251052,0.31511100275175913,0.33750483294328054,0.9336488606808044
2022-10-24,0.3144499957561493,0.3160719871520996,0.3063049912452698,0.3157100081443786,57523583,0.25,0.011785714285714288,0.3505357142857143,56.0,-0.003953151622660411,-0.0039609859802880775,0.02122895263759028,0.021060357352090418,0.3128732868603298,0.335187566280365,0.933427484594191
2022-10-25,0.3317070007324219,0.3380370140075683,0.3139640092849731,0.3144609928131103,150586338,0.2,0.046799999999999994,0.268,50.0,0.05487996568349485,0.05342698385165867,0.027771167078623985,0.02352063644563778,0.3146169994558607,0.33328216671943667,0.943995901589032
2022-10-26,0.3393149971961975,0.3415470123291015,0.3298340141773224,0.3316479921340942,121613365,0.21153846153846154,0.06346153846153847,0.28634615384615386,52.0,0.02293589356563741,0.022676819869718434,0.019922199600928506,0.022109362486565847,0.31920785563332693,0.3323215663433075,0.960539092138145
2022-10-27,0.3267480134963989,0.343529999256134,0.325901985168457,0.3393340110778808,105477586,0.2641509433962264,0.0750943396226415,0.3232075471698113,53.0,-0.03703633439028975,-0.037739598311491054,0.027880489829654125,0.021873158414463512,0.32202999932425364,0.3314444005489349,0.9715958356542176
2022-10-28,0.3337869942188263,0.3372519910335541,0.320374995470047,0.3267369866371155,85453137,0.21739130434782608,0.057173913043478256,0.3115217391304348,46.0,0.021542535628927162,0.0213137747697661,0.028040837080364294,0.022235378717575693,0.3250222844736917,0.3309318333864212,0.9821427003493223
2022-10-29,0.3386769890785217,0.3451279997825622,0.3336879909038543,0.3337419927120209,101337215,0.2222222222222222,0.09055555555555556,0.31166666666666665,18.0,0.014650046120399551,0.014543770895330975,0.02789731709894481,0.022186337402101484,0.3286259983267103,0.330389799674352,0.9946614533820953
2022-10-30,0.3592570126056671,0.3628279864788055,0.3364759981632232,0.3386990129947662,206373092,0.2857142857142857,0.08928571428571429,0.32142857142857145,14.0,0.060765933886267165,0.058991226327348045,0.03308531404925062,0.024750546476814975,0.33484871472631184,0.3306176672379176,1.0127974028845517
2022-10-31,0.3591009974479675,0.3792490065097809,0.3525139987468719,0.3592759966850281,228259692,0.16279069767441862,0.052558139534883724,0.28930232558139535,43.0,-0.0004342717114081962,-0.0004343660346768009,0.0327116583041197,0.02471647174557579,0.3412274292537144,0.33075116674105326,1.0316741513443037
2022-11-01,0.3600179851055145,0.3689180016517639,0.347007006406784,0.3590660095214844,148882730,0.43478260869565216,0.13108695652173913,0.3297826086956522,46.0,0.00255356477443347,0.0025503099676340312,0.029248065199949064,0.024714081543267638,0.34527185559272766,0.3309428999821345,1.0432973652293696
2022-11-02,0.3615730106830597,0.3641180098056793,0.3442510068416595,0.3600060045719147,211570252,0.3333333333333333,0.09491228070175439,0.3429824561403509,57.0,0.004319299706900592,0.004309998305995293,0.02892126143435228,0.02472333982478095,0.34845157180513653,0.33117043375968935,1.052182007461412
2022-11-03,0.3692219853401184,0.3837690055370331,0.3608070015907287,0.3616569936275482,273078851,0.2777777777777778,0.06962962962962962,0.3642592592592593,54.0,0.021154716837434195,0.020934062312930504,0.020312957935662394,0.02497261027548707,0.35451928206852507,0.33156423370043436,1.0692325831163998
2022-11-04,0.4148699939250946,0.4269160032272339,0.3674019873142242,0.3692289888858795,383822172,0.23529411764705882,0.058235294117647066,0.4015686274509804,51.0,0.12363296444258687,0.11656715405414328,0.042792536519998606,0.032568457097308004,0.3661025677408491,0.3335998664299647,1.0974301988148665
2022-11-05,0.4233900010585785,0.4518119990825653,0.4047119915485382,0.4148330092430115,474416254,0.15789473684210525,0.0868421052631579,0.33894736842105266,19.0,0.020536571114425195,0.02032853909250627,0.04247496387939717,0.032457397129164886,0.3782044265951429,0.33608990013599394,1.1253073253379764
2022-11-06,0.4041379988193512,0.4473299980163574,0.4041379988193512,0.4234560132026672,392151024,0.5555555555555556,0.17833333333333334,0.38222222222222224,18.0,-0.045471083849624616,-0.046537341722690626,0.04941443804477275,0.03351235870680513,0.3846159960542406,0.3381829669078191,1.1373015015244043
2022-11-07,0.4183439910411834,0.4467900097370147,0.3978799879550934,0.4040389955043793,482910557,0.23076923076923078,0.06692307692307692,0.29096153846153844,52.0,0.03515134004556275,0.034547638294143035,0.049147180955639164,0.0335280903078477,0.3930792808532715,0.3409847994645437,1.1527765503639251
2022-11-08,0.3322899937629699,0.4187099933624267,0.2977020144462585,0.4184879958629608,756994801,0.30434782608695654,0.03978260869565218,0.33956521739130435,46.0,-0.20570152582815993,-0.23029597631702206,0.1079628315232084,0.05481274094435121,0.389118139232908,0.34077096581459043,1.141875858768504
2022-11-09,0.2651059925556183,0.334879994392395,0.2577300071716308,0.3324350118637085,404531597,0.1076923076923077,0.024923076923076923,0.29384615384615387,65.0,-0.20218484597304942,-0.22587834492192535,0.1342247609282777,0.06792562710238911,0.3753371366432735,0.3389359990755717,1.107398262996506
2022-11-10,0.3197720050811767,0.3262340128421783,0.2633610069751739,0.2651790082454681,340444614,0.12903225806451613,0.013225806451612903,0.3645161290322581,62.0,0.20620436376627627,0.1874785398082386,0.16000637343352533,0.07657784679291017,0.36827285374913893,0.3390152325232823,1.0863017894744518
2022-11-11,0.3022859990596771,0.3270939886569977,0.2867850065231323,0.3197849988937378,266904457,0.0,0.03150943396226415,0.3260377358490566,53.0,-0.05468272939358976,-0.05623467174370503,0.1482237667216438,0.07725432552239446,0.3521894259112221,0.33861456612745916,1.0400894147555755
2022-11-12,0.2733759880065918,0.3027710020542145,0.2719919979572296,0.3023310005664825,153619897,-0.058823529411764705,-0.001764705882352941,0.18294117647058825,17.0,-0.09563794268677961,-0.10052549289357536,0.1463417724631738,0.07925961622555101,0.3307588526180812,0.3370832661787668,0.9812378299510971
2022-11-13,0.2621769905090332,0.2768470048904419,0.2570599913597107,0.2733640074729919,158747762,0.5714285714285714,0.17142857142857143,0.35428571428571426,14.0,-0.040965549239418086,-0.041828281114550184,0.14643813181090257,0.07954188454992558,0.31047870857375004,0.33524459898471826,0.9261259078118745
2022-11-14,0.2609480023384094,0.2666029930114746,0.2378090023994445,0.2621999979019165,199490082,0.25,0.054615384615384614,0.34403846153846157,52.0,-0.0046876278815987105,-0.0046986492654292845,0.1428407535286368,0.07950784807489995,0.28799356733049664,0.33330003221829724,0.864067025177703
2022-11-15,0.281266987323761,0.2892200052738189,0.2584440112113952,0.2609860002994537,191000834,0.2549019607843137,0.043529411764705886,0.35803921568627456,51.0,0.07786603002616954,0.07498318835028021,0.1309332433880314,0.08084955001813704,0.28070456641060965,0.3319198648134867,0.8456998094053332
2022-11-16,0.2761679887771606,0.2972509860992431,0.2655960023403168,0.2812719941139221,226688629,0.2641509433962264,0.10245283018867923,0.30150943396226415,53.0,-0.018128677649364655,-0.018295015516492884,0.09652810447067506,0.08071770178383889,0.2822848515851157,0.3301216642061869,0.8550933858397328
2022-11-17,0.2679759860038757,0.279013991355896,0.2584939897060394,0.2761589884757995,129166593,0.16071428571428573,0.05714285714285714,0.30946428571428575,56.0,-0.02966311486555029,-0.03011196351855423,0.05391714239133875,0.0806897585379593,0.2748854202883584,0.3284041633208592,0.8370339081840091
2022-11-18,0.2975769937038421,0.2980369925498962,0.2676799893379211,0.2679730057716369,249222621,0.18181818181818182,0.056363636363636366,0.3502272727272727,44.0,0.1104614191046891,0.10477562183499839,0.07033691422941948,0.08288810163481919,0.27421270523752483,0.32808409631252283,0.8358000534604342
2022-11-19,0.2986209988594055,0.3101879954338074,0.2916670143604278,0.297650009393692,367504117,0.3333333333333333,0.09166666666666666,0.22166666666666668,18.0,0.003508353057032565,0.003502213142913134,0.05554468130808673,0.08289226861344971,0.2778191353593554,0.32780502935250594,0.8475133401952839
2022-11-20,0.2561129927635193,0.2989630103111267,0.2543430030345917,0.2986139953136444,269224677,0.0,0.04,0.39705882352941174,17.0,-0.1423476790254108,-0.15355648192744717,0.08304371662515601,0.08733158421726675,0.2769528499671391,0.3259140958388646,0.8497725428361574
2022-11-21,0.2451010048389434,0.2562919855117798,0.2391400039196014,0.256089985370636,171918589,0.13725490196078433,0.02509803921568627,0.33313725490196083,51.0,-0.04299660007777795,-0.04394833484769623,0.08446343474445085,0.08757708413527439,0.2746889931815011,0.3236357629299163,0.848759700394994
2022-11-22,0.2405990064144134,0.2477509975433349,0.2268999963998794,0.2450380027294159,146152137,0.03389830508474576,0.03711864406779661,0.2916949152542373,59.0,-0.01836793132483594,-0.018538716319607258,0.07594087117900555,0.08754745837204864,0.2688792816230228,0.32113246321678157,0.8372846486140361
2022-11-23,0.2467180043458938,0.2467689961194992,0.2363959997892379,0.240680992603302,102360378,0.038461538461538464,0.03692307692307692,0.3136538461538461,52.0,0.025432349130074527,0.025114327685400607,0.07806608267382951,0.08776645928566176,0.2646721409899847,0.318874730169773,0.8300191766499335
2022-11-24,0.2421139925718307,0.2489269971847534,0.2389210015535354,0.2467879951000213,75089368,0.23529411764705882,0.07176470588235294,0.34725490196078435,51.0,-0.018661028757383957,-0.018837342665860884,0.07784501904873488,0.08700837602989721,0.2609775704996926,0.31588829656442,0.8261704322004557
2022-11-25,0.243599995970726,0.2450000047683715,0.2347059994935989,0.2420890033245086,64474014,0.24444444444444444,0.05711111111111112,0.31222222222222223,45.0,0.00613761882620012,0.006118860359521398,0.05939614548817778,0.08684305833145603,0.25326657082353315,0.31269779652357094,0.8099403757852899
2022-11-26,0.2405370026826858,0.2467440068721771,0.2384710013866424,0.243597999215126,51580086,0.2222222222222222,0.043333333333333335,0.23666666666666666,18.0,-0.012573864280393088,-0.012653584275749257,0.058243902759888375,0.0866978267116439,0.2449688570840018,0.30982409616311385,0.7906707713109327
2022-11-27,0.2404659986495971,0.248428001999855,0.2398660033941269,0.2405260056257248,50268930,-0.05555555555555555,0.04555555555555556,0.27444444444444444,18.0,-0.0002951896477331184,-0.0002952332247730545,0.02194931750726826,0.08651646219544029,0.2427335722105843,0.30671339631080624,0.7914019248269536
2022-11-28,0.2359659969806671,0.2412849962711334,0.2278539985418319,0.2404630035161972,65359827,0.16363636363636364,0.04072727272727273,0.3310909090909091,55.0,-0.01871367134730495,-0.018890987740074923,0.016721600273159727,0.08639224821143006,0.2414285710879734,0.30328969657421107,0.7960328814826683
2022-11-29,0.240555003285408,0.2418150007724762,0.2348169982433319,0.235954999923706,48892848,0.2727272727272727,0.06745454545454545,0.34818181818181815,55.0,0.019447744011680257,0.01926105323188758,0.017846888401603183,0.08556632417687679,0.24142228492668694,0.29933296293020245,0.8065342438847306
2022-11-30,0.2483000010251999,0.2494129985570907,0.2397170066833496,0.2405630052089691,70447667,0.19298245614035087,0.06894736842105263,0.308421052631579,57.0,0.03219636937088688,0.03168892935649838,0.019488012851642093,0.08593398344619631,0.24164828445230208,0.2956395963827768,0.8173745581069933
2022-12-01,0.2407490015029907,0.2484859973192215,0.2399850040674209,0.2482949942350387,46685927,0.2916666666666667,0.05479166666666666,0.3491666666666667,48.0,-0.030410791345276134,-0.03088279341680727,0.021904592936251736,0.08595155834243774,0.2414532857281821,0.29166396359602603,0.827847509000498
2022-12-02,0.2445079982280731,0.2457199990749359,0.2367420047521591,0.2408010065555572,57867943,0.3076923076923077,0.09634615384615385,0.4115384615384615,52.0,0.015613758319307891,0.015493117742948006,0.0226717605915802,0.08605526253164894,0.24158300033637453,0.28776179651419315,0.8395242289379404
2022-12-03,0.2379159927368164,0.2451339960098266,0.2374790012836456,0.2445130050182342,49127944,0.5714285714285714,0.125,0.3514285714285714,14.0,-0.026960285712648857,-0.027330381300882757,0.024683725187527036,0.08584910905412743,0.24120857034410745,0.2833849300940831,0.8511693626899172
2022-12-04,0.2401120066642761,0.2404000014066696,0.2375580072402954,0.2379090040922165,37889987,0.375,0.0875,0.27625,16.0,0.009230207276939684,0.00918786924024329,0.0250229431407104,0.08235711037984822,0.2411580000604902,0.2775596638520558,0.868851030850908
2022-12-05,0.2366870045661926,0.2453289926052093,0.2349040061235427,0.2400210052728653,71798767,0.17647058823529413,0.034509803921568626,0.2988235294117647,51.0,-0.014264185059568169,-0.01436689644669975,0.024513277786871686,0.0820399913747325,0.2412610011441367,0.271336230635643,0.8891588144308968
2022-12-06,0.2340939939022064,0.2372429966926574,0.2324299961328506,0.2366939932107925,44072524,0.11764705882352941,0.06019607843137255,0.37490196078431376,51.0,-0.010955441633725305,-0.011015894414491245,0.023278037687776865,0.08189080001100878,0.24033799980367934,0.26566809713840484,0.9046551030870323
2022-12-07,0.2215700000524521,0.2345039993524551,0.2204079926013946,0.2341029942035675,68569468,0.20833333333333334,0.025625,0.38187499999999996,48.0,-0.053499851239183216,-0.05498415116339333,0.024231100669737535,0.08153280533083627,0.23651942823614394,0.2591089641054471,0.9128183930367222
2022-12-08,0.2247180044651031,0.2259970009326934,0.2192330062389373,0.221572995185852,49488353,0.17857142857142858,0.045178571428571436,0.3457142857142857,56.0,0.014207719510338945,0.01410773577787535,0.025635600038031437,0.07151264056902344,0.23422928580215996,0.25552323112885156,0.9166653253693642
2022-12-09,0.2257169932126999,0.2260289937257766,0.2228150069713592,0.224712997674942,43827223,0.3181818181818182,0.06977272727272726,0.28659090909090906,44.0,0.004445521621530446,0.004435669478106423,0.024109385191769583,0.059173670279516734,0.2315448565142495,0.2542102644840876,0.910839918223456
2022-12-10,0.2274869978427887,0.230333000421524,0.2253170013427734,0.2257149964570999,39234108,0.21052631578947367,0.001052631578947369,0.3136842105263158,19.0,0.00784169860184547,0.007811112278461974,0.0239029772126972,0.04677693412996703,0.23005500010081698,0.2511340975761413,0.916064374854819
2022-12-11,0.2230869978666305,0.2301899939775467,0.2223320007324218,0.2274460047483444,34176351,-0.14285714285714285,-0.005,0.3692857142857143,14.0,-0.01934176466295867,-0.019531264074727203,0.023236228587304477,0.046036641033601534,0.2276228559868676,0.24849413086970645,0.9160089825470271
2022-12-12,0.2186540067195892,0.2230940014123916,0.2141959965229034,0.2230940014123916,50472899,0.06521739130434782,0.01978260869565217,0.3302173913043478,46.0,-0.01987113184288536,-0.02007121784313456,0.02349279876830329,0.042820009671970985,0.22504671343735283,0.24667006482680637,0.9123389722841486
2022-12-13,0.2235289961099624,0.225163996219635,0.2107529938220977,0.218639001250267,57964593,0.32,0.08199999999999999,0.361,50.0,0.02229544961700647,0.02205053964797334,0.02667348007902216,0.0426391578036019,0.22353742803846086,0.24538179834683732,0.9109780331893227
2022-12-14,0.2209160029888153,0.2259429991245269,0.2198999971151352,0.2235260009765625,45370899,0.25,0.06136363636363637,0.27090909090909093,44.0,-0.01168972780543276,-0.01175858985196279,0.016769433277888605,0.0426551127268929,0.22344399988651276,0.24404739836851752,0.9155762420753483
2022-12-15,0.2105019986629486,0.2282910048961639,0.2104279994964599,0.2209230065345764,102634770,0.19047619047619047,0.05261904761904762,0.310952380952381,42.0,-0.047140108389494784,-0.04828740438328569,0.023133908616970983,0.04051323892391031,0.2214131419147764,0.2416885654131571,0.9161092976669348
2022-12-16,0.1855539977550506,0.2127510011196136,0.1845249980688095,0.2104910016059875,101685228,0.1836734693877551,0.022448979591836737,0.34469387755102043,49.0,-0.11851669374334173,-0.12614921520594305,0.04870097089666215,0.04575259930877905,0.21567557113511218,0.23866809904575345,0.9036631707271715
2022-12-17,0.194595992565155,0.1951320022344589,0.1815769970417022,0.1855520009994506,64779871,0.2857142857142857,0.06357142857142857,0.19357142857142856,14.0,0.048729722450069346,0.047579643642219435,0.05542847296815364,0.046948716152100375,0.21097685609545022,0.23622209926446275,0.8931292065915087
2022-12-18,0.1888410001993179,0.1949300020933151,0.188301995396614,0.1946219950914383,51148564,0.23076923076923078,0.057692307692307696,0.3469230769230769,13.0,-0.02957405386398282,-0.030020184141708182,0.055482594793037895,0.04167340298618245,0.20608457071440558,0.2325975661476453,0.886013444283376
2022-12-19,0.1741749942302703,0.1912470012903213,0.171983003616333,0.1888539940118789,65915384,-0.09302325581395349,0.019069767441860466,0.3113953488372093,43.0,-0.0776632508489572,-0.0808448844176566,0.059415922501842904,0.043188745036397254,0.1997304260730743,0.22844936599334079,0.8742875043868424
2022-12-20,0.1789750009775161,0.1810050010681152,0.1742119938135147,0.1742119938135147,45261734,0.1875,0.03625,0.355625,48.0,0.02755852967561956,0.027185628953862746,0.06022769908862763,0.03555440387446607,0.19336556962558196,0.225878099600474,0.8560616100790684
2022-12-21,0.1718810051679611,0.1803469955921173,0.1703960001468658,0.1789399981498718,51720072,0.2,0.0656,0.30579999999999996,50.0,-0.03963679715496238,-0.04044372977447136,0.059613004524460354,0.03545123578292773,0.1863605699368885,0.2234374329447746,0.8340615423331947
2022-12-22,0.171766996383667,0.1718540042638778,0.1660400032997131,0.1717489957809448,55206447,0.16279069767441862,0.03465116279069767,0.27581395348837207,43.0,-0.0006633006607256187,-0.0006635207419342669,0.06066584215812656,0.03548477474108429,0.1808269981827054,0.22114303261041637,0.8176924954324245
2022-12-23,0.1701219975948333,0.1732529997825622,0.1694680005311966,0.1718039959669113,31676112,0.15789473684210525,0.08263157894736842,0.30736842105263157,38.0,-0.009576920033924075,-0.009623073641914427,0.042995464254361196,0.03481831770671421,0.17862242673124581,0.21858983238538102,0.8171579838916233
2022-12-24,0.1683789938688278,0.1706130057573318,0.1681140065193176,0.1701339930295944,19846142,0.3333333333333333,0.08666666666666667,0.5533333333333333,15.0,-0.010245610506859237,-0.010298458054338886,0.034203963949341804,0.034798699577924995,0.17487714120319908,0.21613199909528094,0.8091219344438914
2022-12-25,0.1658719927072525,0.1685229986906051,0.1633230000734329,0.1683740019798278,29886441,-0.125,-0.06937499999999999,0.443125,16.0,-0.01488903754543347,-0.015000991916696443,0.03399027223466931,0.03463050605129951,0.1715958544186183,0.21354106565316516,0.8035730921064402
2022-12-26,0.1715030074119568,0.1716459989547729,0.1653539985418319,0.1658730059862136,30286222,0.15151515151515152,0.06515151515151515,0.3333333333333333,33.0,0.03394795355622482,0.033384439767379204,0.025427226576054663,0.035642948030457824,0.17121414201600207,0.2112399324774742,0.8105197725068374
2022-12-27,0.169974997639656,0.1720239967107772,0.1658769994974136,0.1715060025453567,28856494,0.10526315789473684,0.04842105263157895,0.27052631578947367,38.0,-0.0089095217358518,-0.00894944885591449,0.02188664633382325,0.03558598892879977,0.16992842725345067,0.20889023244380947,0.8134819195012416
2022-12-28,0.1672410070896148,0.1702969968318939,0.1615100055932998,0.1699849963188171,46172647,0.17073170731707318,0.04365853658536586,0.39195121951219514,41.0,-0.016084662968121943,-0.01621542523325243,0.01719833376984087,0.035570342804711316,0.16926557038511544,0.20659939944744107,0.8192936225266068
2022-12-29,0.1651510000228881,0.1676259934902191,0.1615860015153885,0.1672500073909759,40661272,0.02564102564102564,0.012564102564102564,0.2853846153846154,39.0,-0.012496977285043509,-0.012575721234373768,0.017411642108692622,0.035093444791121794,0.16832042804786135,0.20408593267202374,0.8247527198180811
2022-12-30,0.1690080016851425,0.1690080016851425,0.1608989983797073,0.165133997797966,41936642,0.175,0.034499999999999996,0.33999999999999997,40.0,0.023354394836966552,0.023085853993113265,0.02030427269054012,0.0347530927677351,0.16816128577504835,0.20144286602735517,0.8347840213523009
2022-12-31,0.1728180050849914,0.1746020019054412,0.1678189933300018,0.1690549999475479,46000196,0.23076923076923078,0.03769230769230769,0.37846153846153846,13.0,0.02254333145093823,0.02229298598402778,0.021501679122470033,0.03515398291649048,0.16879543023450028,0.19917849948008853,0.8474580874697994
2023-01-01,0.1774660050868988,0.1785759925842285,0.171995997428894,0.1728100031614303,36884680,0.16666666666666666,0.008333333333333333,0.4816666666666667,6.0,0.02689534576921848,0.02654002290024184,0.021204976433687586,0.035497785034197774,0.17045171771730688,0.19694376637538272,0.865484198125972
2023-01-02,0.181194007396698,0.1826220005750656,0.1745519936084747,0.1774729937314987,39522483,0.3448275862068966,0.0696551724137931,0.32724137931034486,29.0,0.021006853160264294,0.020789251363982464,0.01930478563519781,0.03580541569673644,0.17183614628655564,0.1950530335307121,0.8809714116007283
2023-01-03,0.1843020021915435,0.1853390038013458,0.1804679930210113,0.1812029927968979,42799437,0.34146341463414637,0.07951219512195122,0.2990243902439024,41.0,0.017152856429964558,0.017007407080046107,0.01798751415467682,0.03597105118247027,0.17388286122253957,0.19319270004828767,0.9000488174712518
2023-01-04,0.1870930045843124,0.1913429945707321,0.1839800029993057,0.1843030005693435,52324895,0.15384615384615385,0.07884615384615384,0.30173076923076925,52.0,0.015143635769448993,0.015030115555068996,0.013180561920387125,0.03621425484424199,0.17671886086463925,0.19153956671555833,0.9226232673224731
2023-01-05,0.1835439950227737,0.1907310038805008,0.1827600002288818,0.1870799958705902,43347762,0.13953488372093023,0.056511627906976745,0.37953488372093025,43.0,-0.018969226398517613,-0.019151450284445405,0.015575396993881722,0.03626929364705978,0.17934643157890862,0.1898545667529106,0.9446516596691721
2023-01-06,0.1894969940185547,0.1899300068616867,0.181428000330925,0.183570995926857,44074050,0.21153846153846154,0.052884615384615384,0.3126923076923077,52.0,0.032433635298405594,0.03191876804723386,0.01665220864579898,0.03586448808052402,0.18227343048368178,0.18878546655178066,0.9655056282295292
2023-01-07,0.1943860054016113,0.1954720020294189,0.1885299980640411,0.1894959956407547,42834111,0.5333333333333333,0.14400000000000002,0.38999999999999996,15.0,0.02579994162112098,0.0254727390624435,0.016883216528766478,0.03613460626404793,0.18535457338605607,0.18777439991633094,0.9871131180216627
2023-01-08,0.1995500028133392,0.1996510028839111,0.1922840029001236,0.1943240016698837,38236365,0.625,0.14125000000000001,0.31875,8.0,0.02656568512254176,0.02621894483296958,0.016852756348474496,0.036543831235432964,0.188509430204119,0.18690216690301892,1.0085994899242343
2023-01-09,0.2006880044937133,0.2078820019960403,0.1993959993124008,0.1994719952344894,85397892,0.43478260869565216,0.10434782608695654,0.3282608695652174,46.0,0.005702839711000163,0.005686640080698032,0.01721310067714155,0.03652199099922874,0.19129428693226402,0.1860088671247164,1.028414880909972
2023-01-10,0.2040710002183914,0.2047100067138672,0.1988199949264526,0.2005989998579025,50399010,0.16666666666666666,0.07133333333333333,0.32116666666666666,60.0,0.016856990198355737,0.016716487904619343,0.01720666262328773,0.036596063048828134,0.194118429507528,0.18537500053644176,1.0471661709819788
2023-01-11,0.2107339948415756,0.2107339948415756,0.1976169943809509,0.2040590047836303,53987029,0.17543859649122806,0.0656140350877193,0.39421052631578946,57.0,0.03265037470318499,0.03212867660739462,0.018453647265321834,0.03699370845460741,0.19749571382999417,0.185111000140508,1.0669042557173025
2023-01-12,0.2125259935855865,0.2128379940986633,0.2053010016679763,0.2107969969511032,83284144,0.3392857142857143,0.08892857142857144,0.3173214285714286,56.0,0.00850360543564932,0.008467653453482443,0.010802740067844945,0.036781468393120235,0.20163599933896742,0.18474423338969545,1.0914332514706473
2023-01-13,0.2210189998149871,0.2222059965133667,0.2091069966554641,0.2125400006771087,69730976,0.14814814814814814,0.05907407407407407,0.4042592592592592,54.0,0.039962199851945934,0.03918436619653284,0.012280847856418644,0.037469753019255765,0.20613914302417205,0.18474766661723452,1.115787532252069
2023-01-14,0.2295220047235489,0.2391020059585571,0.220998004078865,0.2210090011358261,146305142,0.0,0.037083333333333336,0.36874999999999997,24.0,0.038471827832356364,0.03775023621677015,0.013661553231821692,0.03693399214497518,0.21115857149873454,0.18538166681925453,1.1390477554860496
2023-01-15,0.240335002541542,0.240335002541542,0.2250490039587021,0.2295800000429153,107565151,0.15789473684210525,0.07421052631578948,0.35526315789473684,19.0,0.04711094185072584,0.04603488792789367,0.016097629087266047,0.028637955840358966,0.21698500003133495,0.18720770031213754,1.1590602291975636
2023-01-16,0.2342890053987503,0.2413360029458999,0.2264889925718307,0.2403549998998642,98057323,0.46808510638297873,0.15574468085106383,0.3521276595744681,47.0,-0.025156540157926566,-0.02547837488259418,0.024795100203949504,0.028315464516415385,0.22178514301776883,0.18853080073992406,1.1763867874497533
2023-01-17,0.2294970005750656,0.2353640049695968,0.2294970005750656,0.2343260049819946,66725576,0.1702127659574468,0.03319148936170213,0.3148936170212766,47.0,-0.020453391807818244,-0.020665459072454512,0.029693333495552903,0.02795215454229223,0.225417428783008,0.18988600075244896,1.187119787081517
2023-01-18,0.2095939964056015,0.2324800044298172,0.2091889977455139,0.2295210063457489,102596761,0.15,0.0655,0.35866666666666663,60.0,-0.08672446315024529,-0.09071765109188294,0.049080044487121346,0.029052419333686002,0.22525457186358314,0.19106663415829334,1.1789320142467472
2023-01-19,0.2175280004739761,0.2179850041866302,0.2094800025224685,0.2095640003681183,57599865,0.12903225806451613,0.06483870967741935,0.3041935483870968,62.0,0.037854157105821296,0.03715527112050286,0.0511351306823186,0.029356523331991683,0.2259691442762102,0.1923517341415087,1.174770507189553
2023-01-20,0.239776000380516,0.2398629933595657,0.2162629961967468,0.2175099998712539,81520520,0.37254901960784315,0.08019607843137255,0.37215686274509807,51.0,0.10227648789150501,0.09737757571474252,0.061597103284879974,0.03238426236650066,0.2286487157855715,0.19461490064859385,1.174877745864027
2023-01-21,0.239666998386383,0.2452619969844818,0.2340359985828399,0.2397619932889938,100722878,0.13333333333333333,0.10200000000000001,0.4046666666666667,15.0,-0.0004545992674830357,-0.00045470262905661786,0.06058187677005177,0.03238166981200736,0.2300980005945478,0.19687823404868438,1.168732550382633
2023-01-22,0.2467110008001327,0.2543860077857971,0.2366340011358261,0.2396180033683776,121941539,0.4,0.08933333333333333,0.31533333333333335,15.0,0.029390789975988207,0.02896716121377278,0.05903412690112767,0.03229629320542326,0.23100885748863217,0.1994312008221944,1.1583385976529885
2023-01-23,0.2503030002117157,0.2542209923267364,0.24652099609375,0.2467119991779327,99493916,0.1111111111111111,0.050555555555555555,0.360925925925926,54.0,0.01455954294674111,0.014454570475417669,0.057653285687247126,0.032011601178976265,0.2332965710333415,0.20216200103362397,1.1540080224796507
2023-01-24,0.2370399981737136,0.2591499984264374,0.2356799989938736,0.2502489984035492,110474128,0.29310344827586204,0.1067241379310345,0.35344827586206895,58.0,-0.05298778690940076,-0.05444328926823813,0.06185400447354357,0.03396102929132708,0.23437414211886268,0.20453426788250603,1.1458918084743532
2023-01-25,0.2453680038452148,0.2490839958190918,0.2309039980173111,0.2370489984750747,87129537,0.07407407407407407,0.025185185185185185,0.28185185185185185,54.0,0.03513333503064775,0.03453024453652872,0.04567985564347497,0.03398665859000347,0.23948471461023596,0.2069964344302813,1.156950916905272
2023-01-26,0.2458080053329467,0.248540997505188,0.2422370016574859,0.2451969981193542,70905794,0.22807017543859648,0.04631578947368421,0.28842105263157897,57.0,0.0017932309055643803,0.0017916249865931107,0.04574599631748571,0.033815167219024916,0.24352471530437464,0.20952420135339098,1.1622748767510498
2023-01-27,0.2547279894351959,0.2585049867630005,0.2404559999704361,0.2458029985427856,87973627,0.09433962264150944,0.026792452830188683,0.32339622641509436,53.0,0.036288419859097365,0.035645502639276315,0.031505872128016595,0.03363243478496611,0.24566071374075746,0.21244043409824367,1.1563745611023888
2023-01-28,0.2573019862174988,0.2637610137462616,0.2519820034503937,0.2547439932823181,84403661,0.3333333333333333,0.096,0.3573333333333333,15.0,0.01010488399021292,0.010054170996458063,0.031249523033206182,0.03326702961914234,0.24817999771663118,0.21551213363806404,1.1515824818171505
2023-01-29,0.2621929943561554,0.2644639909267425,0.2553960084915161,0.2574360072612762,71822187,0.6923076923076923,0.19230769230769232,0.41307692307692306,13.0,0.01900882387484648,0.018830413550344587,0.03045662548696421,0.03323945244844577,0.25039171108177727,0.21861830006043112,1.1453373803225222
2023-01-30,0.2397709935903549,0.2623740136623382,0.2375629991292953,0.2622120082378387,85126947,0.3877551020408163,0.07591836734693878,0.30612244897959184,49.0,-0.0855171619701749,-0.08939657783378858,0.047633402008340944,0.038232371164575805,0.24888713870729715,0.22085006634394325,1.1269507083583576
2023-01-31,0.2422060072422027,0.2443290054798126,0.2367309927940368,0.239776998758316,61930182,0.3275862068965517,0.12931034482758622,0.3594827586206897,58.0,0.010155580603748993,0.010104359191926118,0.04271858185013911,0.03811833577325556,0.2496251400027956,0.22300806641578672,1.1193547570489346
2023-02-01,0.2510319948196411,0.2519260048866272,0.2325949966907501,0.2421610057353973,96058386,0.2708333333333333,0.10895833333333334,0.36000000000000004,48.0,0.036440002780825154,0.035791766781112094,0.042875746761868415,0.03835744386897694,0.2504342815705708,0.22533599932988482,1.1113815915580487
2023-02-02,0.2554140090942383,0.267764002084732,0.2510490119457245,0.2510490119457245,106102449,0.19298245614035087,0.06403508771929825,0.31666666666666665,57.0,0.017455999095834507,0.017305393267700597,0.043187009801142484,0.03835912731931749,0.25180656782218386,0.22770639955997465,1.1058387832260357
2023-02-03,0.2709279954433441,0.2729730010032654,0.2521950006484985,0.2553749978542328,132688284,0.40425531914893614,0.1274468085106383,0.34489361702127663,47.0,0.06074054592432998,0.05896729242737649,0.0466620926608821,0.03934915995871695,0.2541208543947765,0.2305008992552757,1.1024722906323334
2023-02-04,0.2670210003852844,0.2735869884490967,0.266294002532959,0.2708970010280609,78614505,0.09090909090909091,0.02136363636363636,0.33,22.0,-0.014420787529418333,-0.014525777668627293,0.047470539602098544,0.0392303832227339,0.25550928499017445,0.23328346610069273,1.0952738711447658
2023-02-05,0.2571020126342773,0.2700780034065246,0.2528789937496185,0.2670539915561676,83152126,0.3181818181818182,0.05136363636363636,0.3427272727272727,22.0,-0.03714684514212374,-0.037854365978675995,0.04956568356128815,0.040097842492311304,0.25478200188704897,0.2355369667212168,1.0817070688891512
2023-02-06,0.2554210126399994,0.2631529867649078,0.2551470100879669,0.2571330070495605,66235465,0.2978723404255319,0.09021276595744682,0.42851063829787234,47.0,-0.006538260735706847,-0.006559728789416454,0.032340943464165404,0.040102789955722584,0.25701771889414105,0.2375714669624964,1.081854324428255
2023-02-07,0.2791579961776733,0.2852309942245483,0.2549839913845062,0.2553629875183105,194585706,0.2909090909090909,0.0770909090909091,0.3145454545454546,55.0,0.09293277515554199,0.08886470241318367,0.04427461420913264,0.04257935030291105,0.26229657445635113,0.24022506674130756,1.0918784538784698
2023-02-08,0.2900139987468719,0.2969650030136108,0.2781170010566711,0.2791909873485565,213731969,0.2641509433962264,0.08226415094339623,0.32433962264150945,53.0,0.038888381195748334,0.03815127727567235,0.04442109362912112,0.0428463552355165,0.2678654321602413,0.2432025998830795,1.1014085881031639
2023-02-09,0.2553040087223053,0.2903090119361877,0.2492790073156356,0.2900330126285553,197237440,0.16129032258064516,0.04112903225806451,0.3143548387096774,62.0,-0.11968384345081884,-0.1274741672255814,0.07160797785217834,0.0498462709328797,0.2678497178213937,0.24491036683320996,1.0936642710751645
2023-02-10,0.2520099878311157,0.2630859911441803,0.2502540051937103,0.2553049921989441,115126614,0.16363636363636364,0.06218181818181818,0.3478181818181818,55.0,-0.012902346922301855,-0.012986305154376085,0.06671986777179921,0.04975702897700379,0.26514714530536104,0.24628623326619464,1.0765812680190732
2023-02-11,0.257189005613327,0.2572160065174103,0.2493669986724853,0.2520079910755157,62079971,-0.05555555555555555,0.003888888888888888,0.305,18.0,0.02055084334864543,0.020342524024380658,0.06765044847234045,0.04982483359614156,0.26374257462365286,0.247775000333786,1.064443847314525
2023-02-12,0.2483370006084442,0.2598010003566742,0.2459249943494796,0.2571850121021271,68975253,0.3157894736842105,0.07052631578947369,0.37,19.0,-0.03441828698615301,-0.03502454784765433,0.06743200709528413,0.049980796692414786,0.26249043004853384,0.24868560036023454,1.0555111742228027
2023-02-13,0.2446579933166504,0.249002993106842,0.2354280054569244,0.2483379989862442,90996780,0.09433962264150944,0.0560377358490566,0.310377358490566,53.0,-0.014814575688600451,-0.014925407494607855,0.06753923129414352,0.04967437606376656,0.26095285585948397,0.24919013331333792,1.0472038053423058
2023-02-14,0.2536700069904327,0.2549389898777008,0.2407819926738739,0.2446240037679672,86028993,0.24074074074074073,0.09833333333333333,0.3874074074074074,54.0,0.036835149146827284,0.03617294761031295,0.0573528032766638,0.04940570325872218,0.25731171454702106,0.2496346334616343,1.0307532692035963
2023-02-15,0.272707998752594,0.2734439969062805,0.2517609894275665,0.2536300122737884,106214843,0.3898305084745763,0.09847457627118643,0.33203389830508473,59.0,0.07505022760881364,0.07236738384516002,0.0636217033441441,0.05075407187279643,0.25483942883355276,0.2509152665734291,1.0156393921888975
2023-02-16,0.2586039900779724,0.2800720036029815,0.2580040097236633,0.2726440131664276,145083641,0.2549019607843137,0.10529411764705883,0.3523529411764706,51.0,-0.05171835347380849,-0.05310372535947849,0.04353908669107263,0.05165854185529234,0.2553108547415052,0.25188549955685935,1.0135988581743374
2023-02-17,0.271575003862381,0.2751489877700805,0.2583949863910675,0.258569985628128,99575419,0.2708333333333333,0.08166666666666667,0.38187499999999996,48.0,0.05015782540902647,0.048940462787387375,0.046233749002824294,0.04905771455563051,0.258105857031686,0.25395153313875196,1.0163587273586736
2023-02-18,0.2735140025615692,0.2775869965553283,0.2695170044898987,0.2715420126914978,70508283,-0.19047619047619047,0.0066666666666666645,0.27999999999999997,21.0,0.007139827567381074,0.0071144596752144955,0.046042996263122325,0.048761197832517866,0.26043799945286344,0.2558177332083384,1.0180607739212602
2023-02-19,0.2781600058078766,0.2824679911136627,0.2693589925765991,0.2734709978103637,106011320,0.2,0.053000000000000005,0.3905,20.0,0.016986345133322978,0.01684369036205008,0.04179391952329321,0.04577558637173227,0.26469842876706806,0.25709720005591713,1.0295655834038555
2023-02-20,0.2849929928779602,0.2905350029468536,0.2708669900894165,0.2782979905605316,136180970,0.24,0.07100000000000001,0.34759999999999996,50.0,0.024564951565334336,0.02426808499404699,0.03949079273879519,0.04589731526136925,0.27046057156154085,0.25860806653896967,1.0458319231151483
2023-02-21,0.278344988822937,0.292957991361618,0.2745800018310547,0.2851229906082153,121387968,0.19672131147540983,0.06557377049180328,0.3426229508196721,61.0,-0.02332690354204603,-0.023603282256755828,0.042232713036722026,0.04598474358320942,0.27398556896618437,0.2596625328063965,1.0551601958318224
2023-02-22,0.2713229954242706,0.279338002204895,0.2626169919967651,0.278346985578537,99013699,0.21052631578947367,0.059298245614035086,0.36087719298245613,57.0,-0.025227662363748626,-0.02555133510988163,0.034987431184056506,0.04625105914495791,0.2737877113478524,0.2603631993134817,1.0515607123808899
2023-02-23,0.2687140107154846,0.2787759900093078,0.2667180001735687,0.2713199853897095,86818704,0.11320754716981132,0.028490566037735844,0.3313207547169811,53.0,-0.009615789125084095,-0.00966231934879842,0.02711604619139849,0.04505068484617302,0.2752320000103542,0.2614189997315407,1.0528385476686795
2023-02-24,0.256846010684967,0.2694090008735657,0.2527830004692077,0.2687659859657287,79896942,0.3125,0.095625,0.40229166666666666,48.0,-0.044165914530908124,-0.04517093175696062,0.025241600216502083,0.0455465264859396,0.2731278581278665,0.2618015999595324,1.0432627538184827
2023-02-25,0.2513000071048736,0.2576600015163421,0.2457579970359802,0.2568370103836059,52253817,0.5652173913043478,0.14913043478260868,0.3595652173913043,23.0,-0.021592718396922228,-0.021829252278857857,0.024724906123448125,0.04574547158453325,0.2699544302054814,0.26198466668526327,1.0304207250792758
2023-02-26,0.255726009607315,0.2561619877815246,0.2495519965887069,0.2512960135936737,37908316,0.1111111111111111,0.03944444444444444,0.18722222222222223,18.0,0.017612424899750678,0.017459123532864967,0.02484578200545909,0.045386000376264155,0.2667495736054012,0.26201793402433393,1.0180584569475608
2023-02-27,0.2552320063114166,0.2612560093402862,0.250900000333786,0.2557199895381927,51910791,0.2830188679245283,0.08603773584905659,0.30415094339622645,53.0,-0.0019317678974343222,-0.0019336361674695455,0.01996282440489205,0.045348371564330595,0.26249800409589497,0.26194893469413116,1.0020960932801843
2023-02-28,0.244947001338005,0.2556020021438598,0.2440900057554245,0.2551679909229278,50579740,0.08196721311475409,0.016229508196721313,0.30327868852459017,61.0,-0.04029668975317524,-0.04113109411283676,0.022096434018279397,0.04579670838378776,0.2577268630266189,0.2613740682601928,0.9860460325775577
2023-03-01,0.2512190043926239,0.2542189955711365,0.2442079931497573,0.2449599951505661,50986141,0.14814814814814814,0.06592592592592593,0.37833333333333335,54.0,0.025605551488111944,0.0252832200870446,0.02708994338830989,0.042972367825196166,0.25485486430781223,0.2617556686202685,0.9736364665994404
2023-03-02,0.2425969988107681,0.2519040107727051,0.2408079952001571,0.2512269914150238,48090504,0.1724137931034483,0.05758620689655172,0.3313793103448276,58.0,-0.03432067411739548,-0.034923460664850255,0.028526832636038085,0.043447186719473056,0.2511238626071385,0.261768701672554,0.959334943416073
2023-03-03,0.2334460020065307,0.2426159977912902,0.2252070009708404,0.2425519973039627,69471117,0.07317073170731707,0.02048780487804878,0.35512195121951223,41.0,-0.03772098108837452,-0.03845082992135506,0.02741835846941046,0.04345578416392282,0.24778100422450472,0.26118250191211695,0.9486891442209954
2023-03-04,0.2254939973354339,0.2341870069503784,0.2225780040025711,0.2334470003843307,33754152,0.4666666666666667,0.12333333333333334,0.5286666666666666,15.0,-0.03406357188706255,-0.03465725634205013,0.028465133405331255,0.04367741989181977,0.24409443140029904,0.2601851681868235,0.9381565947872529
2023-03-05,0.2271859943866729,0.2312750071287155,0.2243030071258545,0.2254949957132339,38013563,0.26666666666666666,0.012,0.3253333333333333,15.0,0.00750351260447113,0.007475501288674071,0.026737397168888618,0.042094497993755406,0.24001728636877875,0.25872710148493444,0.9276851361578556
2023-03-06,0.2259649932384491,0.2307520061731338,0.2201730012893676,0.227181002497673,62268405,0.02040816326530612,0.037551020408163265,0.3248979591836735,49.0,-0.00537445607736553,-0.0053889504225698645,0.026445226363022715,0.04206274974290822,0.2358362845012119,0.2573585679133733,0.9163723843093277
2023-03-07,0.2176460027694702,0.2280060052871704,0.2139659970998764,0.225953996181488,62127121,0.10909090909090909,0.027454545454545454,0.38072727272727275,55.0,-0.036815394941287716,-0.03751018767541956,0.02593412948834394,0.04205368506956102,0.23193614184856412,0.2560433675845464,0.9058470994058381
2023-03-08,0.2023279964923858,0.2179179936647415,0.2008669972419738,0.2175640016794204,61164379,0.2,0.0392,0.369,50.0,-0.07038037033608724,-0.0729797768596804,0.025901134443478035,0.04381981338611787,0.2249517121485301,0.25427360037962593,0.8846837100378538
2023-03-09,0.193573996424675,0.2069219946861267,0.1891759932041168,0.2022520005702972,72973286,0.14285714285714285,0.07979591836734694,0.32877551020408163,49.0,-0.04326638042916742,-0.04423027573134807,0.026375455465905567,0.04029477504082277,0.21794842609337395,0.2514208003878593,0.8668671237906787
2023-03-10,0.1893420070409774,0.1951570063829422,0.1861820071935653,0.1935790032148361,101190349,0.32608695652173914,0.06565217391304348,0.3291304347826087,46.0,-0.021862385763907977,-0.02210490899316768,0.026458307455180165,0.03918468774510189,0.21164785538400915,0.24806506733099618,0.8531949204343428
2023-03-11,0.1892209947109222,0.1947859972715377,0.1815689951181411,0.1893270015716552,83489205,0.3448275862068966,0.06206896551724138,0.34310344827586203,29.0,-0.0006391203512963184,-0.0006393246757712975,0.028488074662507752,0.03287779695848949,0.20646599786622177,0.2458623001972834,0.8397627358913934
2023-03-12,0.2023909986019134,0.2031030058860778,0.1844030022621154,0.1892009973526001,71141684,0.3333333333333333,0.08600000000000001,0.5093333333333334,15.0,0.06960117671462052,0.0672858469495504,0.04439756059055783,0.03576478158637243,0.20292385561125617,0.24420833388964333,0.8309456617600797
2023-03-13,0.2129310071468353,0.2158209979534149,0.1951220035552978,0.2024119943380355,110748843,0.12727272727272726,0.06418181818181817,0.31872727272727275,55.0,0.05207745708915268,0.05076674001682174,0.05128159017115445,0.03698638764552548,0.20106185759816847,0.2427330672740936,0.828324957353791
2023-03-14,0.2227309942245483,0.2270420044660568,0.2073570042848587,0.2129250019788742,119645575,0.21818181818181817,0.03545454545454546,0.3350909090909091,55.0,0.04602423671886835,0.04499653623362971,0.052953659452491954,0.037721184532801676,0.20178828494889392,0.24187953372796372,0.8342511738750105
2023-03-15,0.2048719972372055,0.2262530028820037,0.2002959996461868,0.2228329926729202,93774828,0.18,0.04100000000000001,0.3386,50.0,-0.08018191203931901,-0.08357935896781989,0.055584609911825934,0.040416497104772804,0.2021517136267253,0.2405533338586489,0.8403613052626046
2023-03-16,0.2091690003871917,0.2102430015802383,0.2027029991149902,0.2049790024757385,51004142,0.20833333333333334,0.06145833333333334,0.33749999999999997,48.0,0.020974087273679443,0.020757159108918906,0.05192476535829526,0.03995832504309887,0.20437957133565623,0.23906996697187421,0.8548943806049081
2023-03-17,0.2272409945726394,0.2272409945726394,0.2075960040092468,0.2091819941997528,69940667,0.35185185185185186,0.09888888888888889,0.33314814814814814,54.0,0.08639900822777147,0.08286856492402399,0.05576373047648554,0.040711300144781526,0.20979371241160796,0.23755440016587573,0.8831396609160534
2023-03-18,0.2156780064105987,0.2299380004405975,0.2153649926185608,0.2272319942712783,82270493,0.2777777777777778,0.14222222222222222,0.3827777777777778,18.0,-0.05088425256977347,-0.05222452002229195,0.06284048519314704,0.040676583318565544,0.21357328551156177,0.2361235340436299,0.9044980898519781
2023-03-19,0.2210180014371872,0.2251300066709518,0.215718999505043,0.215718999505043,63720019,0.4666666666666667,0.12200000000000001,0.28800000000000003,15.0,0.024759107873161712,0.024457568260506553,0.05930673365656887,0.03977077004137895,0.21623428591660088,0.23443830062945678,0.922350509008217
2023-03-20,0.2101819962263107,0.2252359986305236,0.2096129953861236,0.2210569977760315,79112674,0.3076923076923077,0.10230769230769231,0.33442307692307693,52.0,-0.04902770426125702,-0.050270348576390476,0.060741001048231526,0.04044936085315147,0.21584157007081164,0.23232723375161482,0.9290411915357788
2023-03-21,0.2245510071516037,0.2256529927253723,0.2067209929227829,0.2102629989385604,76462590,0.25,0.058653846153846154,0.3063461538461538,52.0,0.06836461344586975,0.06612908063240003,0.06390076029294207,0.042476010505963,0.21610157191753385,0.23054026712973907,0.937370180958107
2023-03-22,0.2140620052814483,0.240103006362915,0.2107540071010589,0.2244610041379928,211957606,0.4126984126984127,0.12269841269841271,0.3944444444444445,63.0,-0.046710998998431674,-0.04783716736352808,0.05706300689792749,0.04267726924105413,0.21741443020956855,0.228175900876522,0.9528369533083292
2023-03-23,0.2196909934282302,0.222580999135971,0.2121980041265487,0.2140340059995651,76021343,0.2777777777777778,0.09296296296296297,0.3888888888888889,54.0,0.02629606379413718,0.02595626632566417,0.05731629300557534,0.04307149776027118,0.21891757207257403,0.22622076769669844,0.9677165111829342
2023-03-24,0.2092189937829971,0.2200900018215179,0.2070579975843429,0.2196560055017471,63594104,0.37777777777777777,0.08555555555555555,0.342,45.0,-0.04766695020956402,-0.04884046315444696,0.049325232331106576,0.04360737682205253,0.21634300053119657,0.224150634308656,0.9651679157565608
2023-03-25,0.2065410017967224,0.2112980037927627,0.2029950022697448,0.2092120051383972,40651505,0.21052631578947367,0.03,0.2805263157894737,19.0,-0.012799946782328542,-0.012882571923325249,0.04608709373267944,0.04361388117782721,0.21503771415778566,0.22207820067803058,0.9682972642125635
2023-03-26,0.2108290046453476,0.2116300016641616,0.2056429982185363,0.2065429985523224,30772734,0.5833333333333334,0.12833333333333333,0.3666666666666667,12.0,0.020761024742416145,0.020548451788578705,0.045675772033096494,0.04337238020928472,0.21358214318752286,0.22054430047670995,0.9684319328400767
2023-03-27,0.2002740055322647,0.2108840048313141,0.1964329928159713,0.2108190059661865,53280488,0.17307692307692307,0.09346153846153847,0.36096153846153844,52.0,-0.05006426478575987,-0.051360943818626825,0.04585051644750402,0.04406006965119823,0.21216671594551628,0.218843433757623,0.9694908926556991
2023-03-28,0.202005997300148,0.2040659934282302,0.1974090039730072,0.2002509981393814,50531386,0.3448275862068966,0.07568965517241379,0.28051724137931033,58.0,0.008648110688554977,0.008610929987416653,0.03427474713053215,0.04391615842842155,0.2089460002524512,0.21705276668071743,0.9626507113812043
2023-03-29,0.2343270033597946,0.237526997923851,0.2018579989671707,0.2019899934530258,279749230,0.1,0.03183333333333334,0.2985,60.0,0.16000023014971587,0.14842020352318108,0.06735376505262768,0.052379638756635566,0.2118409999779292,0.2163559332489967,0.9791319183936065
2023-03-30,0.2245839983224868,0.2385029941797256,0.2216980010271072,0.2343479990959167,131918255,0.12244897959183673,0.04387755102040816,0.3283673469387755,49.0,-0.04157866954133327,-0.04246779554697314,0.07005764023329883,0.052413884087046086,0.21254000067710876,0.21567716648181276,0.9854543443059905
2023-03-31,0.2254080027341842,0.2276249974966049,0.2184689939022064,0.224588006734848,74228214,0.2619047619047619,0.07714285714285715,0.3742857142857143,42.0,0.00366902547755954,0.0036623110222420317,0.0662724593061607,0.05216113288194238,0.21485271624156405,0.21481679975986478,1.0001671958698735
2023-04-01,0.2221799939870834,0.2278530001640319,0.2194419950246811,0.2254820019006729,46137695,0.05263157894736842,0.09263157894736844,0.32263157894736844,19.0,-0.014320737098706626,-0.014424268473311094,0.06636618375118422,0.051870293297897774,0.2170868579830442,0.21413623293240863,1.0137791956560986
2023-04-02,0.2140949964523315,0.2243349999189376,0.2117899954319,0.2232159972190857,44963360,0.5714285714285714,0.09857142857142856,0.3764285714285714,14.0,-0.03638940387774947,-0.03706801191100211,0.06844208733185297,0.051838244604972626,0.21755342824118476,0.21349119941393532,1.019027617243244
2023-04-03,0.214364007115364,0.2189999967813491,0.20830799639225,0.2140969932079315,63103831,0.21739130434782608,0.058478260869565216,0.30195652173913046,46.0,0.0012565014012011488,0.0012557126639460483,0.06434664669051404,0.05149273025275013,0.21956628561019895,0.213120199739933,1.030246245443332
2023-04-04,0.2181220054626464,0.2204079926013946,0.2122430056333542,0.2143409997224807,48671618,0.3728813559322034,0.08322033898305085,0.298135593220339,59.0,0.017530920408947104,0.01737902648119042,0.06440693682143243,0.05158516048621404,0.22186857249055583,0.21281806677579876,1.042526961417668
2023-04-05,0.2228920012712478,0.2237900048494339,0.216156005859375,0.2181230038404464,62049037,0.2857142857142857,0.04142857142857143,0.3812244897959184,49.0,0.021868475849027957,0.021632790592852346,0.02520923539259962,0.051747989283149075,0.2202350007636206,0.2127156337102254,1.035349386042958
2023-04-06,0.2177750021219253,0.2229049950838089,0.2161920070648193,0.2229049950838089,51920289,0.4107142857142857,0.08803571428571429,0.30375,56.0,-0.022957302730192586,-0.023224925468681365,0.02149062928353555,0.051460195005845207,0.21926228702068323,0.21271993368864056,1.0307557134801422
2023-04-07,0.2193170040845871,0.2196149975061416,0.2136349976062774,0.2178110033273697,41784835,0.10810810810810811,0.055945945945945944,0.2664864864864865,37.0,0.0070807115033271195,0.00705576097472542,0.021739591994190684,0.049585679907612173,0.2183921443564551,0.21328623394171395,1.023939240336235
2023-04-08,0.2162989974021911,0.2208079993724823,0.2148810029029846,0.2193039953708648,41570807,0.16666666666666666,0.03388888888888889,0.30666666666666664,18.0,-0.013760933380395746,-0.013856492693788297,0.021694852932640063,0.04890000969271778,0.21755200198718475,0.21404373397429782,1.0163904261421088
2023-04-09,0.216850996017456,0.2181210070848465,0.2135159969329834,0.2162649929523468,34754910,0.25,0.07083333333333335,0.3066666666666667,12.0,0.002552016522936018,0.002548765658434662,0.015999442892787923,0.048657949821185396,0.21794571621077394,0.21496070027351377,1.0138863333319164
2023-04-10,0.2207390069961547,0.220887005329132,0.2132080048322677,0.2168450057506561,47340467,0.21052631578947367,0.08631578947368422,0.35157894736842105,38.0,0.01792941259253311,0.017770576424184895,0.0170821232413355,0.048706680084738115,0.21885643047945832,0.2160113006830215,1.0131712081147635
2023-04-11,0.2199050039052963,0.2233700007200241,0.2189390063285827,0.2207770049571991,58513567,0.22641509433962265,0.043018867924528296,0.39773584905660375,53.0,-0.003778231596706094,-0.0037853871429320523,0.01620859599474738,0.047287246874818036,0.21911114454269406,0.2165951008598009,1.0116163462280792
2023-04-12,0.2149049937725067,0.2205789983272552,0.2121810019016266,0.2199189960956573,60644791,0.2830188679245283,0.07169811320754718,0.35792452830188676,53.0,-0.022737136690818005,-0.022999611633683352,0.015580721764078171,0.046618373907134775,0.21797014347144533,0.21666090041398997,1.0060428210856398
2023-04-13,0.2216259986162185,0.2224750071763992,0.2135369926691055,0.2153120040893554,70867248,0.3617021276595745,0.10574468085106382,0.3731914893617021,47.0,0.03127430743106174,0.030795229231207442,0.018311375595247436,0.046219335622776025,0.2185202858277729,0.21662406722704564,1.0087534992071763
2023-04-14,0.2276519984006881,0.2317339926958084,0.2205210030078888,0.2216430008411407,110334875,0.3508771929824561,0.09228070175438596,0.3392982456140351,57.0,0.02718994983483225,0.02682686986639683,0.020521838715619172,0.04367396574405534,0.21971099930150162,0.21738340059916172,1.0107073433202556
2023-04-15,0.232241004705429,0.2329400032758712,0.2242120057344436,0.2276480048894882,69224995,0.1111111111111111,-0.005,0.27555555555555555,18.0,0.02015798823194981,0.01995750572537679,0.019189727189949223,0.043663321994565844,0.2219884289162499,0.21815246740976962,1.0175838556951773
2023-04-16,0.2348590046167373,0.2349169999361038,0.2270009964704513,0.2321909964084625,50305952,0.23076923076923078,0.1546153846153846,0.3738461538461539,13.0,0.011272772069811587,0.011209707871074993,0.018894195595802514,0.04105305074948819,0.2245610015732901,0.21840640107790624,1.0281795792843476
2023-04-17,0.2206930071115493,0.2353110015392303,0.2195709943771362,0.2348430007696151,108617950,0.20408163265306123,0.053877551020408164,0.3461224489795919,49.0,-0.06031702948032702,-0.06221272600945824,0.03318060437245635,0.0415380550556257,0.2245544301612036,0.21857356776793793,1.027363154906341
2023-04-18,0.2223600000143051,0.2255849987268448,0.2180700004100799,0.2207439988851547,87324742,0.3333333333333333,0.06924242424242424,0.3245454545454546,66.0,0.007553446865279367,0.007525062429448571,0.03324257000211189,0.04131950147607504,0.224905143891062,0.21861830105384186,1.0287571662889823
2023-04-19,0.1991849988698959,0.2223400026559829,0.1974740028381347,0.2223400026559829,110900648,0.07547169811320754,0.04207547169811321,0.28962264150943395,53.0,-0.10422288695322113,-0.11006365471284171,0.05386515039788815,0.045106613588597314,0.22265943033354615,0.21825173447529472,1.0201954677191827
2023-04-20,0.1906549930572509,0.1999419927597046,0.1890330016613006,0.1991180032491684,123321463,0.4807692307692308,0.1346153846153846,0.36961538461538457,52.0,-0.04282453930286523,-0.04376855982362095,0.05158088474567649,0.04384530590731313,0.21823500096797938,0.2171218673388163,1.0051267688639858
2023-04-21,0.1851830035448074,0.1908659934997558,0.1831459999084472,0.190650001168251,81193217,0.0,0.02485714285714286,0.31885714285714284,35.0,-0.028701002919972463,-0.02912093112866557,0.04697258195326873,0.043351828719039184,0.21216800170285355,0.21615923394759493,0.981535684727172
2023-04-22,0.1901060044765472,0.190309002995491,0.1850969940423965,0.1851859986782074,40625049,0.4666666666666667,0.062000000000000006,0.358,15.0,0.0265845182198301,0.026237290395080146,0.048120439790934666,0.043358740377932706,0.20614871595587042,0.2151730676492055,0.9580600314345689
2023-04-23,0.1879519969224929,0.1901170015335083,0.1832630038261413,0.1900759935379028,36280295,0.07692307692307693,0.0038461538461538455,0.2907692307692308,13.0,-0.01133056033650981,-0.01139524017192291,0.0457013741189072,0.042579833871244456,0.19944771485669266,0.21446416775385535,0.9299815299943375
2023-04-24,0.1853390038013458,0.1899410039186477,0.1824419945478439,0.187962993979454,39040954,0.16279069767441862,0.07046511627906978,0.29511627906976745,43.0,-0.013902449369690095,-0.013999993542780816,0.043958827379400454,0.04258874604445857,0.19439714295523505,0.2137574344873428,0.9094286868733255
2023-04-25,0.1879670023918151,0.1886849999427795,0.180087000131607,0.1853290051221847,46493029,0.125,0.043333333333333335,0.268125,48.0,0.01417941467563999,0.01407982706733016,0.044826909870496694,0.04247844747368697,0.18948385758059358,0.21299536774555838,0.8896149225505628
2023-04-26,0.1808400005102157,0.1928160041570663,0.1734900027513504,0.187948003411293,78999214,0.12244897959183673,0.06714285714285714,0.3140816326530612,49.0,-0.03791623950433198,-0.038653762984410554,0.026257212420361435,0.04204929664132174,0.1868631435292107,0.21234756757815676,0.8799872099332325
2023-04-27,0.1838569939136505,0.1850039958953857,0.1803590059280395,0.180867001414299,51625047,-0.020833333333333332,0.015833333333333335,0.3104166666666667,48.0,0.016683219392406468,0.016545583188250636,0.024630841807260568,0.04215229422818437,0.18589200079441065,0.21174260079860685,0.877914978343053
2023-04-28,0.1836580038070678,0.1847330033779144,0.180865004658699,0.1838520020246505,36039045,0.13333333333333333,0.028,0.268,45.0,-0.0010823091487951464,-0.001082895268288421,0.022255194636217942,0.030971046058319632,0.1856741436890193,0.21005363414684924,0.8839368309105942
2023-04-29,0.1834390014410019,0.1857530027627945,0.1828500032424926,0.1836570054292678,29740883,0.46153846153846156,0.09307692307692307,0.33615384615384614,13.0,-0.001192446621035681,-0.0011931581512050987,0.018763850554672067,0.030302216205138326,0.1847217146839414,0.20868213425079976,0.8851822191062025
2023-04-30,0.1809470057487487,0.1845709979534149,0.1799000054597854,0.1834329962730407,31286653,0.21428571428571427,0.020714285714285716,0.45357142857142857,14.0,-0.013584873841862244,-0.013677992539381548,0.018910756398031657,0.030262196713491563,0.18372100165912078,0.20720010101795192,0.8866839386492534
2023-05-01,0.1771100014448166,0.1814469993114471,0.1751070022583007,0.1809239983558654,38734856,0.3409090909090909,0.07954545454545454,0.38181818181818183,44.0,-0.02120512736894864,-0.021433185850868463,0.019666057278570764,0.030345845262304404,0.1825454298939023,0.20569776793320968,0.887444874721125
2023-05-02,0.178847000002861,0.1793539971113205,0.1746010035276413,0.1771160066127777,32224719,0.04,0.00020000000000000296,0.3362,50.0,0.009807456066142084,0.009759675121243849,0.018968432363636628,0.029977654731261693,0.18124257240976602,0.20452283471822733,0.8861727965948902
2023-05-03,0.1811629980802536,0.1817290037870407,0.1747729927301406,0.178859993815422,34983153,0.06779661016949153,0.008813559322033896,0.30254237288135594,59.0,0.012949605402134523,0.012866476153595548,0.014042578662144894,0.030148970812925602,0.18128871491977144,0.20341613441705697,0.8912209222700179
2023-05-04,0.1770129948854446,0.1812690049409866,0.1757349967956543,0.1811659932136535,31539438,0.2978723404255319,0.08148936170212766,0.2976595744680851,47.0,-0.02290756522460824,-0.023174020590324227,0.014383533536300288,0.02999143120659777,0.1803110007728849,0.2020458340644836,0.8924262240187444
2023-05-05,0.1819359958171844,0.182900995016098,0.1769780069589615,0.1770080029964447,42362708,0.1,0.011200000000000002,0.3102,50.0,0.02781152273552423,0.027431806580986946,0.01908555984893134,0.030200041280954753,0.18006499963147296,0.20068063388268148,0.8972714314662745
2023-05-06,0.175256997346878,0.1828549951314926,0.1735379993915558,0.181887999176979,35756013,0.3684210526315789,0.07157894736842106,0.44947368421052625,19.0,-0.036710703895108776,-0.03740150097458363,0.02344586639259572,0.030575018707097255,0.17889614190374098,0.19926336705684655,0.8977874084236711
2023-05-07,0.1738149970769882,0.1758619993925094,0.1738139986991882,0.175255000591278,23973737,0.0,0.02153846153846154,0.23076923076923078,13.0,-0.00822791838111725,-0.00826195452789478,0.023258838955936004,0.030455714973301278,0.17787728352206095,0.1977466334899266,0.8995211720310888
2023-05-08,0.1641390025615692,0.1741079986095428,0.1612280011177063,0.1737760007381439,59600971,0.3137254901960784,0.07686274509803921,0.3007843137254902,51.0,-0.05566835243297896,-0.05727785296037646,0.03019887474532315,0.031759745292062734,0.17602428368159703,0.1960079669952392,0.8980465762693842
2023-05-09,0.1651690006256103,0.1669259965419769,0.1636199951171875,0.1641400009393692,31268479,0.24074074074074073,0.08425925925925926,0.3014814814814815,54.0,0.006275157323773373,0.006255550505218577,0.02982675460055141,0.031814186225579945,0.1740702837705612,0.19428523381551102,0.8959522056928655
2023-05-10,0.1687780022621154,0.1704390048980713,0.1622810065746307,0.1651660054922104,50284133,0.3484848484848485,0.06272727272727274,0.3715151515151515,66.0,0.02185035704542182,0.021615059383142884,0.031164653853593575,0.03193356831558915,0.1723009986536843,0.1925532003243764,0.8948228248786565
2023-05-11,0.1627060025930404,0.1689269989728927,0.1594060063362121,0.1687519997358322,39072853,0.3880597014925373,0.07985074626865671,0.35119402985074627,67.0,-0.035976250386262176,-0.03663934814629205,0.0324922666021124,0.03231157804368455,0.1702571426119123,0.1906465669473012,0.8930511854376849
2023-05-12,0.1645579934120178,0.1645620018243789,0.1581040024757385,0.1626880019903183,41124463,0.32142857142857145,0.10196428571428572,0.3267857142857143,56.0,0.01138243696890262,0.011318144443663764,0.029678777379553694,0.032444213206426015,0.1677745708397456,0.18896833360195156,0.8878448978290239
2023-05-13,0.1623380035161972,0.1646549999713897,0.1616300046443939,0.1645880043506622,23283216,0.35,0.05500000000000001,0.2665,20.0,-0.013490623273840097,-0.013582448520382285,0.027906843274378135,0.03157200230464074,0.1659290002925055,0.18699206709861751,0.887358500641615
2023-05-14,0.1629859954118728,0.1652639955282211,0.161324992775917,0.1623429954051971,24217789,0.625,0.123125,0.358125,16.0,0.003991621688330893,0.003983676302776973,0.028480544144951592,0.030912364959678716,0.16438200005463188,0.18483653366565703,0.8893371715787287
2023-05-15,0.1669580042362213,0.1685750037431717,0.1614670008420944,0.1629749983549118,32270575,0.35185185185185186,0.08499999999999999,0.34203703703703703,54.0,0.024370246132565443,0.024078029756015317,0.02127425665233784,0.03106407784606244,0.1647847145795822,0.18266043365001675,0.9021368847471094
2023-05-16,0.1695410013198852,0.1702730059623718,0.1651220023632049,0.1669549942016601,33899126,0.3442622950819672,0.06491803278688525,0.4042622950819672,61.0,0.01547093890754292,0.015352484107929871,0.021817612141980736,0.031175228039374614,0.1654092861073357,0.18048316687345503,0.9164804063046594
2023-05-17,0.172323003411293,0.1736840009689331,0.1667719930410385,0.1695419996976852,37251201,0.2222222222222222,0.07841269841269842,0.34031746031746035,63.0,0.016409022417879893,0.016275849262214016,0.021172007948709364,0.029988116967451857,0.16591571484293252,0.1788708334167798,0.9275727723386793
2023-05-18,0.1654669940471649,0.1723189949989318,0.1634790003299713,0.1723189949989318,36825289,0.14285714285714285,0.05946428571428571,0.3008928571428572,56.0,-0.03978580472953164,-0.04059889933443229,0.022422563948562294,0.030399661737775398,0.16631014219352175,0.1769743998845418,0.9397412411174869
2023-05-19,0.165022999048233,0.1672569960355758,0.1648380011320114,0.1654430031776428,27706155,0.203125,0.044687500000000005,0.36421875,64.0,-0.002683284370327832,-0.0026868908307177077,0.022117333474483424,0.023798317250047007,0.16637657157012392,0.17583566655715305,0.9462049129608493
2023-05-20,0.1646260023117065,0.1653449982404709,0.1641049981117248,0.1650390028953552,22189618,0.32142857142857145,0.09821428571428571,0.38321428571428573,28.0,-0.0024057055005435313,-0.002408603859352778,0.02132890069458029,0.022724982218025533,0.16670342854091097,0.17496803353230156,0.9527650575677024
2023-05-21,0.1616660058498382,0.1646900027990341,0.1608030050992965,0.1646319925785064,23992698,0.1,0.059,0.3875,20.0,-0.017980127199248686,-0.018143733764463,0.022588321088571752,0.022407581684638606,0.16651485860347745,0.17418413360913593,0.9559703008147222
2023-05-22,0.161418005824089,0.162321999669075,0.159630000591278,0.1616609990596771,25340320,0.078125,0.017343749999999998,0.3646875,64.0,-0.0015340270482068208,-0.0015352048723960216,0.01970943239383783,0.021653770019000266,0.16572343025888708,0.1732278669873873,0.956678813524578
2023-05-23,0.1624960005283355,0.1648470014333725,0.1612399965524673,0.161418005824089,25378706,0.10344827586206896,0.02017241379310345,0.36551724137931035,58.0,0.006678280398416447,0.006656079471738975,0.018460431978803284,0.02173360519814483,0.16471700157438,0.1723793337742487,0.9555495891989962
2023-05-24,0.1543869972229004,0.1625179946422577,0.1543760001659393,0.1624999940395355,41071113,0.17543859649122806,0.07280701754385965,0.3740350877192983,57.0,-0.04990278701672457,-0.05119097016677278,0.022105707816719236,0.02327920000434501,0.1621547149760382,0.17134760022163384,0.9463494952149615
2023-05-25,0.1503410041332245,0.1547610014677047,0.1498560011386871,0.1543859988451004,55883363,0.2972972972972973,0.06986486486486486,0.3068918918918919,74.0,-0.026206825461048355,-0.026556344357554426,0.02000725471760658,0.023247286803503197,0.1599938592740467,0.17009340027968084,0.9406235574747304
2023-05-26,0.1500509977340698,0.1509490013122558,0.1475400030612945,0.1503870040178299,38106049,0.1320754716981132,0.05622641509433962,0.27584905660377357,53.0,-0.00192899070234831,-0.0019308536009747695,0.020078498488687133,0.02250221892218256,0.15785500194345198,0.16906710018714263,0.9336825542563879
2023-05-27,0.1506150066852569,0.1516319960355758,0.1494019925594329,0.1500439941883087,29209070,0.2,0.051500000000000004,0.3445,20.0,0.003758781745568207,0.003751735177616904,0.020773105693046225,0.02217471497231362,0.15585343113967348,0.16795903394619618,0.9279252653334468
2023-05-28,0.1532510071992874,0.153901994228363,0.1503690034151077,0.1505739986896515,36516936,0.3076923076923077,0.05730769230769231,0.4076923076923077,26.0,0.017501579504218823,0.017350190671706723,0.02339172583138801,0.022585796305334818,0.15465128847530907,0.16694546739260352,0.9263581149622805
2023-05-29,0.1517390012741089,0.1542139947414398,0.1508350074291229,0.1532649993896484,31790813,0.37254901960784315,0.08274509803921568,0.3558823529411764,51.0,-0.0098662054678198,-0.009915198992797114,0.02324138537481826,0.02257747922465436,0.1532685735395976,0.16588880072037376,0.9239235733456828
2023-05-30,0.1514859944581985,0.1525020003318786,0.1495169997215271,0.1517129987478256,38411362,0.3275862068965517,0.06620689655172414,0.23344827586206898,58.0,-0.0016673815814389759,-0.001668773209239545,0.02251842097648268,0.02254904021634444,0.15169571552957803,0.16490676701068877,0.9198877540285874
2023-05-31,0.1476719975471496,0.1523689925670623,0.1460109949111938,0.1515219956636428,36713988,0.16176470588235295,0.027941176470588237,0.3101470588235294,68.0,-0.02517722463182126,-0.02549959335940002,0.01577392733768404,0.02265744718755059,0.15073642986161365,0.16392550021409985,0.9195422900326049
2023-06-01,0.1482169926166534,0.1485770046710968,0.1451719999313354,0.1476790010929107,28626822,0.24193548387096775,0.07370967741935484,0.32403225806451613,62.0,0.0036905782989071767,0.0036837848242533082,0.013258997131300382,0.02253801026344333,0.15043299964496065,0.16290449996789294,0.9234428740434407
2023-06-02,0.1518079936504364,0.1523910015821457,0.1472650021314621,0.1482059955596923,28103456,0.11864406779661017,0.06610169491525425,0.314406779661017,59.0,0.024227998223325997,0.02393915634844507,0.016501128049362525,0.022948979995356653,0.15068399906158444,0.16192599982023237,0.9305732200441645
2023-06-03,0.1510490030050277,0.1521179974079132,0.1503490060567855,0.1518110036849975,19143273,0.17647058823529413,0.04235294117647059,0.35352941176470587,17.0,-0.00499967509719168,-0.005012215288111846,0.016648059930993376,0.02271574764826044,0.15074599853583742,0.16106053342421847,0.935958644435794
2023-06-04,0.1518149971961975,0.1535830050706863,0.1502020061016082,0.1510490030050277,21580992,0.1,0.018000000000000002,0.3665,20.0,0.005071163502776255,0.0050583484596666796,0.015143899204600967,0.02195917652008561,0.15054085424968172,0.16005650013685224,0.9405482071703779
2023-06-05,0.1380529999732971,0.1519249975681305,0.1329499930143356,0.1518339961767196,61360587,0.16363636363636364,0.04163636363636364,0.3441818181818182,55.0,-0.09064978741932295,-0.09502498663701775,0.03882378825316078,0.026787064151946156,0.1485857112067086,0.1588163668910662,0.93558185541812
2023-06-06,0.1373360008001327,0.1383440047502517,0.1338180005550384,0.138044998049736,52568885,0.1694915254237288,0.0676271186440678,0.34949152542372885,59.0,-0.0051936515200906586,-0.005207185408685106,0.03866673610078078,0.02679165825689757,0.1465642835412706,0.15760040034850437,0.9299740560123615
2023-06-07,0.1252540051937103,0.1373299956321716,0.1245549991726875,0.1373299956321716,55080941,0.3220338983050847,0.09983050847457627,0.3635593220338983,59.0,-0.0879739874179496,-0.09208676674652864,0.04882178698436783,0.029611382692194245,0.14336171320506502,0.15630423376957572,0.9171966091232653
2023-06-08,0.1232630014419555,0.1254680007696151,0.1211619973182678,0.1252640038728714,58077063,0.19696969696969696,0.05954545454545455,0.328939393939394,66.0,-0.015895729231776956,-0.016023421316038813,0.047542992035205,0.02949441072787365,0.1397968573229653,0.15490736713012057,0.9024545437244272
2023-06-09,0.1242130026221275,0.1261399984359741,0.1221280023455619,0.1232779994606971,34001712,0.21052631578947367,0.04543859649122807,0.37017543859649127,57.0,0.0077071073157291,0.007677559286918165,0.04500656763859512,0.02909024427686265,0.1358547157474926,0.15342186714212097,0.8854977343069669
2023-06-10,0.1111970022320747,0.124208003282547,0.0957989990711212,0.124208003282547,101115661,0.4,0.091,0.341,20.0,-0.10478774456205053,-0.1106944319106272,0.052802279502234095,0.034117150365390786,0.1301615727799279,0.1517049004634221,0.8579918801720676
2023-06-11,0.1107200011610984,0.1128470003604888,0.1074990034103393,0.1111980006098747,31728552,0.1111111111111111,0.07055555555555555,0.39444444444444443,18.0,-0.0042896936194446456,-0.004298920752288831,0.051461915859463796,0.033856374584175224,0.12429085906062802,0.1499103007217248,0.8291015257940575
2023-06-12,0.1126080006361007,0.1130449995398521,0.1088709980249404,0.110725000500679,34798427,0.32142857142857145,0.08785714285714286,0.33749999999999997,56.0,0.01705201820089619,0.016908264431821685,0.05074657674754156,0.034299525644636494,0.12065585915531427,0.1482526339590549,0.8138530556471432
2023-06-13,0.1129079982638359,0.1165319979190826,0.1118770018219947,0.1126080006361007,31275813,0.23333333333333334,0.05616666666666667,0.36133333333333334,60.0,0.0026640880402863942,0.0026605456478453094,0.0514463619245158,0.03427885287848488,0.11716614450727185,0.14658336738745364,0.7993140463035939
2023-06-14,0.1128090023994445,0.1187359988689422,0.1108639985322952,0.1129069998860359,37121623,0.14754098360655737,0.049999999999999996,0.37868852459016394,61.0,-0.0008767834512490857,-0.000877168050682657,0.04342949330522058,0.03366451637288145,0.11538828696523387,0.1447784006595611,0.7969993206138769
2023-06-15,0.1121160015463829,0.1155449971556663,0.1078109964728355,0.1128109991550445,40855223,0.2222222222222222,0.04634920634920635,0.27809523809523806,63.0,-0.006143134309509746,-0.006162080993619097,0.0435486346707594,0.03326498622978719,0.11379585840872351,0.14286423400044435,0.796531470629448
2023-06-16,0.1160710006952285,0.1173380017280578,0.1097339987754821,0.1121160015463829,26161914,0.1509433962264151,0.014150943396226415,0.3552830188679245,53.0,0.035275956101675554,0.03466801543222963,0.04681294022467245,0.033999491595473226,0.11263271527630936,0.1409891672432422,0.7988749595349355
2023-06-17,0.1183810010552406,0.1225979998707771,0.1154820024967193,0.1160740032792091,27923586,0.3333333333333333,0.10111111111111111,0.34777777777777774,18.0,0.019901614926863154,0.01970616668994929,0.015168412803311172,0.03410457929321605,0.11365900082247592,0.13941963414351138,0.8152295157042314
2023-06-18,0.1149159967899322,0.1189349964261055,0.1146280020475387,0.1183750033378601,21581054,0.42857142857142855,0.19214285714285714,0.3628571428571429,14.0,-0.029269935499966926,-0.029706846764559966,0.0208436688088475,0.03422959455868982,0.11425842876945218,0.13774940073490136,0.8294658863114944
2023-06-19,0.1162500008940696,0.1173100024461746,0.1142000034451484,0.1149180009961128,22236099,0.22641509433962265,0.053018867924528305,0.36264150943396223,53.0,0.011608515275518982,0.011541653409244363,0.020440938597352337,0.03445925549365279,0.1147787145205906,0.1361368673543135,0.8431126464946811
2023-06-20,0.1213840022683143,0.1217110008001327,0.1136199980974197,0.1162440031766891,25332935,0.45098039215686275,0.07745098039215687,0.3456862745098039,51.0,0.04416345234201713,0.04321604075164751,0.02504578775949699,0.03585024996631905,0.11598957223551609,0.13479413390159603,0.8604942134959088
2023-06-21,0.125791996717453,0.1261910051107406,0.1212859973311424,0.1213679984211921,37786577,0.3469387755102041,0.11428571428571428,0.3557142857142857,49.0,0.036314459622076134,0.03567063023437708,0.02610454715224393,0.036768933831064096,0.11784428570951731,0.13360660026470816,0.8820244319969092
2023-06-22,0.1251289993524551,0.1287550032138824,0.124899998307228,0.125777006149292,34612127,0.16981132075471697,0.05566037735849057,0.3315094339622642,53.0,-0.005270584634148645,-0.005284523163044064,0.025984662833224377,0.036665799121349124,0.11970328539609905,0.1323610335588455,0.904369527628998
2023-06-23,0.1351529955863952,0.1386490017175674,0.1247569993138313,0.125121995806694,40241326,0.1836734693877551,0.06448979591836734,0.32244897959183677,49.0,0.08010929749150453,0.07706223739663674,0.034643610014744655,0.0389478261349117,0.12242928466626572,0.13171990017096197,0.9294668801552555
2023-06-24,0.1328019946813583,0.1355919986963272,0.1314810067415237,0.1351660043001175,31577408,0.10526315789473684,0.07,0.3778947368421052,19.0,-0.017395107632179996,-0.017548180257521518,0.03773261930385043,0.03880586578918892,0.12448942661285398,0.13113526652256643,0.9493207274751769
2023-06-25,0.1371230036020279,0.1405230015516281,0.1327580064535141,0.1327980011701584,35775701,0.5,0.11499999999999999,0.30722222222222223,18.0,0.032537229060732864,0.032019102404683815,0.03192088184997415,0.03936338007755278,0.12766185615743905,0.1307043333848317,0.9767224456251599
2023-06-26,0.1295560002326965,0.1386470049619674,0.1294769942760467,0.1371199935674667,52971674,0.28,0.0542,0.301,50.0,-0.05518405497660406,-0.056765137628992476,0.04469200037765138,0.040538373458955834,0.12956271320581433,0.1300023665030797,0.9966181131229257
2023-06-27,0.127371996641159,0.1301659941673278,0.126921996474266,0.1295460015535354,36872267,0.38,0.0728,0.4,50.0,-0.01685760279427273,-0.017001309503428066,0.04425711505797329,0.04036949713375389,0.13041814097336357,0.12913973281780874,1.0098994176901266
2023-06-28,0.118816003203392,0.1273960024118423,0.116345003247261,0.1273639947175979,44376325,0.31746031746031744,0.06380952380952382,0.3126984126984127,63.0,-0.06717326934798329,-0.06953580743712863,0.05030111592407627,0.041995254298321134,0.12942157047135486,0.12804229954878485,1.010771994313055
2023-06-29,0.1202580034732818,0.1240150034427642,0.1184049993753433,0.1188189983367919,31751209,0.2549019607843137,0.07549019607843137,0.3843137254901961,51.0,0.012136414548647556,0.01206335876580619,0.05088976274373204,0.04214294499309042,0.12872571391718726,0.1270013665159543,1.0135773925000746
2023-06-30,0.1215569972991943,0.1242899969220161,0.1157609969377517,0.1202429980039596,52557484,0.14516129032258066,0.05274193548387097,0.4170967741935484,62.0,0.010801724528888279,0.010743802633422853,0.03727106648681386,0.04213443808430616,0.1267834284475871,0.12613086650768912,1.0051736895017542
2023-07-01,0.1275279968976974,0.1275299936532974,0.1197329983115196,0.1215730011463165,43963663,0.3333333333333333,0.1391666666666667,0.3829166666666666,24.0,0.04912098629588857,0.047952657650055866,0.04415426857662195,0.043262998151321105,0.1260300001927784,0.12544123331705725,1.004693567339481
2023-07-02,0.1237320005893707,0.1277839988470077,0.1221209987998008,0.1276019960641861,44085164,0.2,0.042,0.4653333333333334,15.0,-0.02976598394603369,-0.03021798291781118,0.04145592557664789,0.043143064276875386,0.12411699976239883,0.1245053668816884,0.9968807198515498
2023-07-03,0.1282169967889785,0.1298079937696457,0.1224939972162246,0.1237249970436096,54889116,0.20967741935483872,0.05806451612903226,0.3606451612903226,62.0,0.03624766574729632,0.03560617486873535,0.040517879678822345,0.04383347734101943,0.12392571355615338,0.12374430000782008,1.001466035593735
2023-07-04,0.1242009997367858,0.1282359957695007,0.1233059987425804,0.1282069981098175,35894290,0.14285714285714285,0.04732142857142857,0.41250000000000003,56.0,-0.03132187738574377,-0.03182289707833083,0.041829944936994226,0.04404490928352245,0.12347271399838577,0.1228238334258397,1.0052830184048756
2023-07-05,0.1200520023703575,0.1251599937677383,0.1183329969644546,0.1242029964923858,37834151,0.2972972972972973,0.07945945945945945,0.32675675675675675,74.0,-0.03340550700252909,-0.033976216879467704,0.033894733157449806,0.04113734482902694,0.12364928530795227,0.12222380017240837,1.0116629096258922
2023-07-06,0.1133700013160705,0.1224000006914138,0.1133700013160705,0.1200409978628158,38788606,0.4126984126984127,0.08142857142857143,0.3325396825396825,63.0,-0.05565922202341267,-0.05726818435988981,0.039886390041080674,0.04224453969453881,0.12266528499977924,0.12142493352293963,1.0102149652534524
2023-07-07,0.1124610006809234,0.1144020035862922,0.1121639981865882,0.1133709996938705,31511650,0.5588235294117647,0.17558823529411763,0.38382352941176473,68.0,-0.00801799968770256,-0.008050316708358332,0.039003720234326605,0.039030166163538285,0.12136585691145482,0.12099850003918007,1.0030360448448188
2023-07-08,0.1118000000715255,0.1132249981164932,0.1100649982690811,0.1124790012836456,27381118,0.6111111111111112,0.1388888888888889,0.29888888888888887,18.0,-0.0058775985043322265,-0.005894939569018105,0.02958663268999876,0.038962665872149714,0.1191190002220017,0.12061639999349906,0.9875854380368004
2023-07-09,0.1105080023407936,0.1128460019826889,0.1103480011224746,0.1118080019950866,25853758,0.1875,0.06625,0.35,16.0,-0.011556330321156882,-0.011623623651412864,0.02922350535884951,0.038935286219249465,0.1172298576150621,0.12015956665078795,0.9756181790814853
2023-07-10,0.1099720001220703,0.1123590022325515,0.107804000377655,0.1104950010776519,38915735,0.2537313432835821,0.055820895522388066,0.36716417910447763,67.0,-0.004850347552843526,-0.004862148663658514,0.019744491730087608,0.033313883027906346,0.11462342951978952,0.12011873324712113,0.9542510682657126
2023-07-11,0.1085809990763664,0.1113800033926963,0.1058230027556419,0.1099710017442703,46640319,0.06153846153846154,0.024,0.3576923076923077,65.0,-0.012648683702759511,-0.012729359317970658,0.01946667221767085,0.033383658044131174,0.11239200085401532,0.12004743317763006,0.936229937442417
2023-07-12,0.1060409992933273,0.1108769997954368,0.1059110015630722,0.1085809990763664,41836736,0.18666666666666668,0.06546666666666667,0.36933333333333335,75.0,-0.02339267279400037,-0.023670624611885592,0.018530154649338902,0.03346966540587746,0.11039042898586815,0.11982853313287095,0.9212365878122081
2023-07-13,0.1217560023069381,0.1217809990048408,0.1030630022287368,0.1060440018773078,134566894,0.04054054054054054,0.05675675675675676,0.3827027027027027,74.0,0.14819742475399011,0.13819325589397224,0.056789829037058905,0.04214394330981645,0.11158842912742065,0.12012346660097435,0.9289477925083085
2023-07-14,0.1133180037140846,0.1229349970817565,0.1102780029177665,0.1217579990625381,127878402,0.23376623376623376,0.09480519480519481,0.3648051948051948,77.0,-0.06930252663504766,-0.0718210025626623,0.06476011344992069,0.04427725871893255,0.11171085813215798,0.12014043331146236,0.9298356519370058
2023-07-15,0.113597996532917,0.1154259964823722,0.1118860021233558,0.1133100017905235,42077640,0.2608695652173913,0.08652173913043479,0.3721739130434783,23.0,0.0024708590837767552,0.0024678115304883385,0.06468699482906452,0.04426286675639892,0.11196771476949961,0.12018983314434682,0.9315905666915061
2023-07-16,0.1159640029072761,0.1212119981646537,0.1123619973659515,0.113596998155117,74711225,0.14285714285714285,0.06071428571428572,0.2414285714285714,14.0,0.020827888224890678,0.02061395320472938,0.06467979257156083,0.04396143427307178,0.11274714342185425,0.12018626655141508,0.9381033844962776
2023-07-17,0.120058998465538,0.1260759979486465,0.1150489971041679,0.1159659996628761,130011947,0.14754098360655737,0.048032786885245905,0.3772131147540984,61.0,0.03531264405848611,0.034703452656999006,0.06520880000358771,0.04427774595557519,0.11418814318520679,0.120242199798425,0.9496511489030699
2023-07-18,0.1138290017843246,0.1202979981899261,0.112024001777172,0.1201220005750656,66096371,0.23636363636363636,0.06345454545454544,0.38636363636363635,55.0,-0.051891126536439236,-0.05328593789564927,0.06948908992569736,0.04503467319229808,0.11493785785777225,0.12020596663157142,0.956174315456854
2023-07-19,0.1139639988541603,0.1159600019454956,0.1120439991354942,0.1138380020856857,52814112,0.1774193548387097,0.06999999999999999,0.3141935483870968,62.0,0.0011859637501827613,0.0011852610507035867,0.06830085769480188,0.044980298354848854,0.11606971493789123,0.12012976656357445,0.9662027843570762
2023-07-20,0.1149759963154792,0.115507997572422,0.1120439991354942,0.1139710023999214,54226479,0.3333333333333333,0.0780701754385965,0.35333333333333333,57.0,0.008879975005211538,0.008840779890693345,0.03925046892438465,0.04425600316611742,0.11510114265339712,0.1199161663651466,0.9598467507951541
2023-07-21,0.1154500022530555,0.1161819994449615,0.1135009974241256,0.1149829998612403,38116590,0.3939393939393939,0.11151515151515151,0.35393939393939394,66.0,0.004122651273016142,0.0041141764308179705,0.02745178703079377,0.04370609539981393,0.11540571387325009,0.11957143321633334,0.9651612493801386
2023-07-22,0.1145299971103668,0.1168359965085983,0.1138869971036911,0.1154410019516944,36677364,0.0,-0.007499999999999998,0.28125,16.0,-0.007968862059198112,-0.008000783136662571,0.02774773690034505,0.04371410460425248,0.11553885681288578,0.11921813314159707,0.9691382826441229
2023-07-23,0.1160859987139701,0.1172050014138221,0.1139800027012825,0.1145429983735084,33042839,0.17647058823529413,0.018823529411764708,0.30470588235294116,17.0,0.0135859743548572,0.013494512473309097,0.02703752929793287,0.04116849241011061,0.11555628478527065,0.1185825665791829,0.9744795387617836
2023-07-24,0.1096569970250129,0.1161030009388923,0.1085850000381469,0.1160949990153312,47487503,0.1875,0.059687500000000004,0.38296875,64.0,-0.05538137036489588,-0.05697399946697888,0.02959374126013251,0.04219702062383628,0.11407028457948133,0.11781106665730472,0.9682476172743196
2023-07-25,0.1099369972944259,0.1101529970765113,0.1087979972362518,0.109663002192974,29342208,0.25806451612903225,0.07500000000000001,0.35,62.0,0.0025534190886982167,0.002550164652958629,0.023882489559938876,0.041611162751955345,0.11351428393806724,0.11690486644705132,0.9709970798305497
2023-07-26,0.1109620034694671,0.1123410016298294,0.1085079982876777,0.1099409982562065,34685746,0.33962264150943394,0.0769811320754717,0.3475471698113208,53.0,0.009323578051673609,0.009280381786085925,0.024420156157698596,0.04064334527966654,0.11308542745453964,0.11628506655494368,0.9724845227749667
2023-07-27,0.109934002161026,0.1126319989562034,0.1092960014939308,0.1109609976410865,28787576,0.3728813559322034,0.12576271186440677,0.4213559322033898,59.0,-0.009264444371031577,-0.009307626246769543,0.023808490452253184,0.04059031707405793,0.11236514257533203,0.11570380007227257,0.9711447895846541
2023-07-28,0.1105149984359741,0.1110749989748001,0.1083299964666366,0.1099359989166259,34819163,0.1320754716981132,0.03773584905660377,0.2884905660377358,53.0,0.005284955186995566,0.005271038821376915,0.023897536926735196,0.03873870196548897,0.1116601420300347,0.11542709991335863,0.9673650478427382
2023-07-29,0.111394003033638,0.1116349995136261,0.1099559962749481,0.1105090007185936,24439680,0.3125,0.038125,0.238125,16.0,0.00795371316204796,0.0079222491127499,0.02445346212505837,0.038692686215165153,0.1112121428762163,0.11513163323203716,0.9659564426753028
2023-07-30,0.1095499992370605,0.1123870015144348,0.1082680001854896,0.1113929972052574,32990990,0.2,0.042499999999999996,0.281,20.0,-0.01655388751960607,-0.016692434234824194,0.023504374203657297,0.03869182665732764,0.11027842866522922,0.11473139996329938,0.9611878587771561
2023-07-31,0.1097659990191459,0.1107970029115676,0.1085660010576248,0.1095469966530799,44368490,0.1935483870967742,0.05370967741935484,0.305,62.0,0.001971700443538893,0.0019697591935095697,0.00959325205548353,0.037476331013361286,0.11029400037867679,0.11413933336734768,0.9663101853215227
2023-08-01,0.1107759997248649,0.1107800006866455,0.1071520000696182,0.1097669973969459,44231175,0.2807017543859649,0.0431578947368421,0.3977192982456141,57.0,0.009201398563710494,0.009159323598025062,0.010177233737496108,0.03725152213541725,0.11041385786873949,0.11370746667186414,0.9710343665237982
2023-08-02,0.1068890020251274,0.110955998301506,0.1063240021467208,0.1107740029692649,39691365,0.2459016393442623,0.07868852459016393,0.3424590163934426,61.0,-0.03508880722712204,-0.03571921009264133,0.01642995509634232,0.036931970768114865,0.10983200051954811,0.11299653351306911,0.9719944241196126
2023-08-03,0.1063570007681846,0.1079090014100074,0.1059639975428581,0.1069009974598884,26087481,0.015151515151515152,-0.00030303030303030205,0.4125757575757576,66.0,-0.00497713746843409,-0.0049895646688619165,0.016337066640328492,0.036610154881529244,0.10932100032057078,0.11240173354744906,0.9725917641156505
2023-08-04,0.1059300005435943,0.107522003352642,0.1050390005111694,0.1063460037112236,24989698,0.16666666666666666,0.053703703703703705,0.32944444444444443,54.0,-0.004014782492042901,-0.0040228633671611285,0.015756591071718378,0.03620364360070149,0.10866600062165936,0.11193100015322363,0.9708302478572087
2023-08-05,0.1064170002937316,0.1066469997167587,0.1048069968819618,0.1059279963374137,20620976,0.0625,0.029375,0.229375,16.0,0.00459737324306797,0.004586837601211064,0.015307561255741262,0.03480999284959655,0.10795500023024417,0.111699233452479,0.9664793292979242
2023-08-06,0.1097080036997795,0.1101209968328476,0.106354996562004,0.1064150035381317,29783236,0.35294117647058826,0.07588235294117647,0.4235294117647059,17.0,0.030925541943148893,0.03045698316708918,0.01980355384073406,0.03529003206942994,0.10797757229634687,0.11160746688644087,0.9674762388990751
2023-08-07,0.111853003501892,0.111853003501892,0.1079659983515739,0.1097050011157989,48805931,0.3888888888888889,0.10462962962962964,0.3788888888888889,54.0,0.019551898947887114,0.019363216012206922,0.021109860618270568,0.035465795106563516,0.10827571579388205,0.11160923366745308,0.9701322393852873
2023-08-08,0.1131279990077018,0.1185240000486373,0.1118490025401115,0.1118490025401115,88503743,0.32727272727272727,0.08018181818181819,0.3287272727272727,55.0,0.01139884907773836,0.011334371713462346,0.02123657041663207,0.03545367107261727,0.10861171569143017,0.11169656688968337,0.9723818620020799
2023-08-09,0.112986996769905,0.1142619997262954,0.1115090027451515,0.1131329983472824,39251968,0.273972602739726,0.07260273972602739,0.31616438356164384,73.0,-0.0012463955787568315,-0.0012471729757561308,0.013259941960460249,0.03543997025788636,0.10948285779782697,0.11179706677794451,0.9792999132552009
2023-08-10,0.112525999546051,0.1133180037140846,0.1113779991865158,0.1129859983921051,31521310,0.25,0.04783333333333333,0.3401666666666667,60.0,-0.004080090957659488,-0.004088437238897775,0.013117261537183473,0.0353603920431096,0.11036414333752217,0.11192856679360068,0.9860230189584814
2023-08-11,0.1122770011425018,0.1134160012006759,0.1114929988980293,0.1125300005078315,24261445,0.19642857142857142,0.07214285714285715,0.4023214285714286,56.0,-0.0022128077471312846,-0.0022152596238831836,0.01285504467299387,0.03505590633442488,0.11127085770879468,0.11213643352190648,0.9922810474176289
2023-08-12,0.1155330017209053,0.1157919988036155,0.1118870005011558,0.1122620031237602,27171969,-0.2,-0.076,0.32,20.0,0.028999710940542434,0.028587175938891984,0.014755711291255628,0.02447766831826376,0.11257314362696236,0.11192900016903873,1.0057549290796024
2023-08-13,0.1168190017342567,0.1174499988555908,0.1133420020341873,0.1155280023813247,37123963,0.47368421052631576,0.11473684210526316,0.3889473684210526,19.0,0.011131018792864156,0.011069524908780307,0.012266989600856102,0.020678735241055683,0.11358900048903052,0.11204570010304446,1.0137738474976437
2023-08-14,0.1150140017271041,0.1183400005102157,0.1146799996495246,0.1168169975280761,34453259,0.2631578947368421,0.06614035087719299,0.373859649122807,57.0,-0.015451253480650906,-0.015571868142599598,0.014276677081668314,0.020896156775821666,0.1140405716640608,0.11209290027618404,1.0173755106976259
2023-08-15,0.1083960011601448,0.1150159984827041,0.107473000884056,0.115005999803543,48275793,0.26785714285714285,0.07821428571428571,0.3260714285714286,56.0,-0.057540825182849975,-0.05926267644200213,0.02725394961491588,0.02319575840538457,0.11336457197155268,0.11184063355127966,1.0136259816480233
2023-08-16,0.1025120019912719,0.1084019988775253,0.1005050018429756,0.1084000021219253,57838233,0.2222222222222222,0.06430555555555556,0.3501388888888889,72.0,-0.05428243759822704,-0.05581131433711015,0.032859709458402574,0.024092838376975068,0.11186814414603366,0.1112557336688041,1.0055045295827416
2023-08-17,0.0933049991726875,0.1040000021457672,0.0884599983692169,0.1025749966502189,63166150,0.08695652173913043,0.03130434782608696,0.3698550724637681,69.0,-0.08981390119927912,-0.09410619620275362,0.04407931182317,0.027770326649115357,0.10912228694983887,0.11057160024841621,0.9868925357386414
2023-08-18,0.0953890010714531,0.0967499986290931,0.0926679968833923,0.093359999358654,42818562,0.4074074074074074,0.07777777777777778,0.3764814814814815,54.0,0.02233537235136307,0.022089590936775923,0.04718279712217444,0.028231557331705404,0.10670971551111763,0.10995243365565929,0.9705079911673719
2023-08-19,0.0967150032520294,0.097921997308731,0.0949530005455017,0.0954110026359558,26344650,-0.14285714285714285,-0.030476190476190476,0.3242857142857143,21.0,0.013900996610532124,0.013805263923474989,0.04474185709900776,0.02833548622760508,0.10402143001556394,0.10934373388687765,0.9513250217262569
2023-08-20,0.097289003431797,0.0974740013480186,0.0961600020527839,0.0967179983854293,21318738,0.29411764705882354,0.06823529411764706,0.29470588235294115,17.0,0.005934965211879417,0.00591742268116563,0.04407944247999488,0.028359068778236258,0.10123143025806969,0.10873836725950237,0.9309633095417232
2023-08-21,0.0963189974427223,0.0972850024700164,0.0938910022377967,0.0972850024700164,27043320,0.12962962962962962,0.004259259259259259,0.29814814814814816,54.0,-0.009970355896950944,-0.01002039276336685,0.044350259915418064,0.02836710242321407,0.09856071536030085,0.10813133393724755,0.9114907933855614
2023-08-22,0.0968279987573623,0.0970870032906532,0.09357900172472,0.0964130014181137,27916075,0.171875,0.02734375,0.3175,64.0,0.005284537091892805,0.005270622924185232,0.04280411470919246,0.028213815986362824,0.09690814358847478,0.10748940060536062,0.9015599960805983
2023-08-23,0.0985580012202262,0.0995910018682479,0.0961939990520477,0.0968549996614456,24241990,0.26153846153846155,0.07061538461538461,0.3067692307692308,65.0,0.017866758427994123,0.017709023931405266,0.04039450009306189,0.026825977923045936,0.09634328633546826,0.1071194340785344,0.8994006285062557
2023-08-24,0.0972540006041526,0.0987669974565506,0.0956929996609687,0.0985630005598068,19667146,0.28169014084507044,0.08394366197183098,0.34774647887323945,71.0,-0.013230794049484018,-0.013319100782116894,0.013461518852947912,0.026857840419455374,0.09690742939710613,0.10669666752219195,0.9082516975232638
2023-08-25,0.0969320014119148,0.0975890010595321,0.0956880003213882,0.0972649976611137,22762098,0.3090909090909091,0.07581818181818181,0.41654545454545455,55.0,-0.0033109094766025082,-0.003316402665702845,0.011683402900522237,0.02673987457027572,0.09712785801717208,0.10622900078694021,0.9143252529690835
2023-08-26,0.0955900028347969,0.0969289988279342,0.0954120010137558,0.0969289988279342,15744538,0.3,0.055499999999999994,0.3315,20.0,-0.01384474226850052,-0.01394147457304085,0.011832287191985943,0.026781918286048922,0.09696714367185318,0.10575086747606591,0.9169394633457668
2023-08-27,0.0951770022511482,0.0957750007510185,0.0947299972176551,0.0955889970064163,15182825,0.3888888888888889,0.09444444444444444,0.36666666666666664,18.0,-0.004320541598502481,-0.004329902109736632,0.01136143302532973,0.026716433298868192,0.09666542921747477,0.10523960093657173,0.9185271357664627
2023-08-28,0.0972800031304359,0.0975110009312629,0.0928229987621307,0.0951770022511482,21720104,0.2641509433962264,0.05132075471698114,0.3350943396226415,53.0,0.022095683090946894,0.021855110775778255,0.014180175165665394,0.02706726152137561,0.09680271574429099,0.10476913427313166,0.9239621613358727
2023-08-29,0.1005859971046447,0.101511999964714,0.095039002597332,0.0972789973020553,32977362,0.25,0.07906250000000001,0.369375,64.0,0.033984311963642044,0.0334196037889743,0.01871948196596834,0.027825565122635978,0.09733957265104563,0.10447033420205112,0.9317436705312513
2023-08-30,0.096839003264904,0.1006579995155334,0.0962100028991699,0.1005889996886253,21900094,0.07272727272727272,0.02618181818181818,0.3352727272727273,55.0,-0.037251644837228426,-0.03796321476661347,0.023780254401476002,0.02853340726850733,0.09709400151457101,0.10403943434357639,0.9332423049699693
2023-08-31,0.093189001083374,0.096899002790451,0.0925260037183761,0.096839003264904,33023839,0.10344827586206896,0.04689655172413793,0.32982758620689656,58.0,-0.03769144723170459,-0.038420138819420455,0.02731151623095151,0.029083594172200085,0.09651328729731692,0.10345320105552669,0.9329173608220698
2023-09-01,0.0920120030641555,0.0947529971599578,0.0908309966325759,0.093189001083374,34179429,0.2222222222222222,0.07796296296296296,0.3261111111111111,54.0,-0.0126302246567217,-0.012710663972975872,0.027382683521554717,0.028565135766141378,0.09581043039049417,0.10295730109016096,0.9305841293041647
2023-09-02,0.0942310020327568,0.0942889973521232,0.0917920023202896,0.0920139998197555,14041446,0.0,0.014545454545454544,0.41181818181818186,11.0,0.024116407584933386,0.023830199438477605,0.029526048958166833,0.02904591529200379,0.09561628741877415,0.10255310113231336,0.9323588108311871
2023-09-03,0.0944579988718032,0.094881996512413,0.0932900011539459,0.0942550003528595,13888119,0.4166666666666667,0.1075,0.5691666666666667,12.0,0.002408940095611989,0.0024060432507043866,0.029548948849216564,0.029069714521741806,0.09551357265029632,0.102170701076587,0.9348430777498482
2023-09-04,0.0938669964671135,0.0959969982504844,0.0927819982171058,0.0944570004940033,17570965,0.3448275862068966,0.07965517241379311,0.3603448275862069,58.0,-0.00625677456381224,-0.006276430207964226,0.027768644488343507,0.029029004160531814,0.09502600026982168,0.10175236761569972,0.9338947338180639
2023-09-05,0.094030000269413,0.0940990000963211,0.0931740030646324,0.093869000673294,16951023,0.18032786885245902,0.04967213114754099,0.3365573770491804,61.0,0.001736540087938332,0.0017350340454831453,0.022531442248611647,0.02831194000493209,0.09408942929335999,0.10122976750135418,0.9294640461571873
2023-09-06,0.0940560027956962,0.0945219993591308,0.091507002711296,0.094029001891613,18571446,0.36231884057971014,0.07869565217391304,0.33449275362318837,69.0,0.0002765343635935391,0.00027649613501393,0.018851826320085568,0.027954513005280752,0.09369185779775889,0.100636534144481,0.9309924928778665
2023-09-07,0.0976359993219375,0.0977829992771148,0.0937070026993751,0.0940579995512962,25478722,0.2857142857142857,0.06952380952380952,0.3196825396825397,63.0,0.03806239282800061,0.0373558916347373,0.017619723412888023,0.02889173609957651,0.09432714326041082,0.10012013415495552,0.9421396011557585
2023-09-08,0.0960350036621093,0.0982130020856857,0.0948560014367103,0.0976490005850792,17466843,0.36666666666666664,0.07933333333333333,0.3145,60.0,-0.016397595875976,-0.016533524434034167,0.018363702304723565,0.028959643636013284,0.09490185763154708,0.09955506771802898,0.9532599375085431
2023-09-09,0.0941969975829124,0.0964440032839775,0.0941829979419708,0.0960410013794899,12317051,0.0,0.030909090909090907,0.28909090909090907,11.0,-0.019138918197616372,-0.019324438208376607,0.01866594397023553,0.029068902063349018,0.09489699985299789,0.09894410098592436,0.9590970953033147
2023-09-10,0.0919400006532669,0.0942490026354789,0.0901359990239143,0.094200000166893,26142477,-0.1875,-0.009375000000000003,0.2475,16.0,-0.02396039138783468,-0.02425211079806409,0.020690614288457435,0.029249754945610017,0.09453728582177841,0.09826620096961652,0.9620529224591569
2023-09-11,0.0885410010814666,0.0921870023012161,0.0876109972596168,0.0919419974088668,25150378,0.3275862068965517,0.07948275862068967,0.2925862068965517,58.0,-0.03696975796877511,-0.03767046369867942,0.024375970984179988,0.02899684959424162,0.09377642933811456,0.09736646761496857,0.9631285968897355
2023-09-12,0.0895619988441467,0.092119000852108,0.0884810015559196,0.0885490030050277,17844378,0.3611111111111111,0.07333333333333333,0.3609722222222222,72.0,0.011531355532570453,0.011465376188772088,0.025306260082415946,0.029006324341368878,0.0931381434202194,0.0964579008519649,0.965583353956247
2023-09-13,0.0909610018134117,0.091729000210762,0.0892039984464645,0.0895629972219467,18180389,0.26153846153846155,0.06861538461538462,0.3283076923076923,65.0,0.015620497390857802,0.015499753187905663,0.026649720828315508,0.029311400230538343,0.09269600042275017,0.09565613418817516,0.9690544282335118
2023-09-14,0.0932080000638961,0.0937630012631416,0.0907310023903846,0.0909560024738311,19231206,0.23529411764705882,0.06323529411764706,0.4261764705882353,68.0,0.024702874920987217,0.024402692441720258,0.023499909035107628,0.028207567353820788,0.09206342910017282,0.09514986748496687,0.9675623469966294
2023-09-15,0.0963509976863861,0.0967129990458488,0.093128003180027,0.0932160019874572,18124261,0.3055555555555556,0.056805555555555554,0.34791666666666665,72.0,0.033720255990209,0.033164194018196654,0.02722184595232218,0.027348861970014685,0.09210857110364093,0.09494450067480402,0.9701306600065602
2023-09-16,0.0974339991807937,0.0978659987449646,0.0955059975385665,0.0963499993085861,15882369,0.19047619047619047,0.0638095238095238,0.37666666666666665,21.0,0.011240168969839592,0.011177467681839854,0.025936260149359458,0.021193172008517204,0.09257099990333825,0.09508213400840757,0.9735898428105614
2023-09-17,0.0949259996414184,0.0974349975585937,0.0940010026097297,0.0974330008029937,15025807,0.3157894736842105,0.0736842105263158,0.3826315789473684,19.0,-0.025740496751258113,-0.026077580385701994,0.026284212017185084,0.021398652409437155,0.09299757118735992,0.09506670062740641,0.9782349715895159
2023-09-18,0.0965270027518272,0.0982669964432716,0.0942040011286735,0.0949219986796379,16647534,0.2542372881355932,0.04474576271186441,0.34254237288135597,59.0,0.016865801955803006,0.016725153547234275,0.018647591770282877,0.02147089113927616,0.09413842856883999,0.09506043394406634,0.9903008503435945
2023-09-19,0.0970899984240531,0.0978159978985786,0.0954869985580444,0.0965270027518272,14854772,0.453125,0.11703125,0.35796875,64.0,0.005832519980687456,0.005815576685508028,0.018813125455884965,0.02146992066479771,0.09521385708025518,0.09505380044380819,1.0016838530989784
2023-09-20,0.1001529991626739,0.1001539975404739,0.0939740017056465,0.0970899984240531,31942224,0.30434782608695654,0.07898550724637682,0.32217391304347825,69.0,0.031548056322369566,0.031060641219873987,0.020226672703439835,0.022113714932151137,0.09652699955872121,0.09518160050113991,1.0141350749566895
2023-09-21,0.0975650027394294,0.1027159988880157,0.0971089974045753,0.1001529991626739,105604909,0.32857142857142857,0.08428571428571428,0.3452857142857143,70.0,-0.025840428593066123,-0.026180157745157678,0.024393960294736592,0.022657850023420894,0.09714942851236882,0.09520616730054215,1.0204110854047121
2023-09-22,0.1018600016832351,0.1023399978876113,0.0965989977121353,0.0975629985332489,25615474,0.2641509433962264,0.09188679245283018,0.35547169811320756,53.0,0.044021922033626204,0.04308048735648981,0.026403825700078914,0.02377770844644109,0.09793642908334725,0.09531623398264245,1.0274894946141278
2023-09-23,0.1005470007658004,0.1027960032224655,0.0997359976172447,0.1018579974770546,15488359,0.17391304347826086,0.017826086956521738,0.3452173913043478,23.0,-0.012890250301760942,-0.012974050494076407,0.0274672816698476,0.02377057632559525,0.09838114359549108,0.09542600065469738,1.0309679009967838
2023-09-24,0.1011049970984458,0.1026830002665519,0.1001849994063377,0.1005470007658004,15843402,-0.043478260869565216,0.009565217391304347,0.2839130434782609,23.0,0.005549606934025952,0.005534264601899931,0.023980836887540453,0.023768668953125835,0.09926385751792355,0.09556510051091507,1.0387040560542917
2023-09-25,0.0976530015468597,0.101842001080513,0.097520001232624,0.101112000644207,22082167,0.26229508196721313,0.046557377049180323,0.35950819672131146,61.0,-0.0341426798937039,-0.03473915743191388,0.028654440109757512,0.024523040943823578,0.0994247144886425,0.09563386713465048,1.0396391724769907
2023-09-26,0.0956630036234855,0.0988840013742446,0.0950589999556541,0.0976520031690597,17877359,0.42424242424242425,0.10787878787878788,0.3243939393939394,66.0,-0.020378256600943168,-0.02058875794888758,0.029733350164675203,0.024816212653710226,0.0992208580885614,0.09565006718039507,1.0373318180888662
2023-09-27,0.0956169962882995,0.0969159975647926,0.0939820036292076,0.0956429988145828,22905890,0.453125,0.1034375,0.36640625,64.0,-0.00048093132604398736,-0.0004810470106065462,0.026026711494087525,0.0244759048467582,0.09857285767793648,0.09559463361899052,1.0311547201573699
2023-09-28,0.0975269973278045,0.0982540026307106,0.0954940021038055,0.0956169962882995,20913650,0.25862068965517243,0.04793103448275862,0.33586206896551724,58.0,0.01997553901134963,0.019778645647200336,0.02606719847776995,0.023943517873174208,0.09856742833341865,0.09549266695976252,1.0321989265935125
2023-09-29,0.1015599966049194,0.1021229997277259,0.0973030030727386,0.0975269973278045,23629998,0.12962962962962962,0.05148148148148149,0.33148148148148143,54.0,0.04135264478162215,0.04052048806210803,0.025369776562776166,0.02405628628423057,0.09852457046508782,0.09565003340442971,1.0300526508809875
2023-09-30,0.1032940000295639,0.1053289994597435,0.1009489968419075,0.1015589982271194,19828930,0.0,0.04105263157894737,0.23421052631578948,19.0,0.01707368533488607,0.016929568065076048,0.025421422141547658,0.0229806389888011,0.09891699893133976,0.09598686670263604,1.0305263868835428
2023-10-01,0.1062529981136322,0.1072999984025955,0.1030149981379509,0.1032759994268417,20069516,0.2631578947368421,0.09894736842105263,0.3642105263157895,19.0,0.028646369423406925,0.028243733474242142,0.027067845148409098,0.02320399747355007,0.09965242764779496,0.09646156653761859,1.0330790927901008
2023-10-02,0.1013730019330978,0.1063589975237846,0.1005249992012977,0.1062560006976127,22859316,0.22058823529411764,0.06720588235294118,0.3538235294117647,68.0,-0.04592807983936131,-0.04701622236632844,0.03042038629791403,0.024753509830165003,0.10018385627440039,0.0966996332009633,1.0360313990663865
2023-10-03,0.101121000945568,0.102912001311779,0.1004559993743896,0.1013699993491172,17385691,0.13846153846153847,0.04692307692307692,0.27476923076923077,65.0,-0.002485878712520595,-0.002488973639146019,0.02856150761568458,0.02476983681487121,0.10096357017755506,0.09692173327008878,1.041702070021829
2023-10-04,0.0994620025157928,0.1011959984898567,0.0975669994950294,0.101121999323368,30018546,0.3114754098360656,0.07114754098360655,0.29327868852459016,61.0,-0.01640607207466438,-0.016542141976218786,0.029960356641774915,0.02496216782659032,0.10151285678148265,0.09710823347171144,1.045357877002822
2023-10-05,0.1002309992909431,0.1008810028433799,0.0978460013866424,0.0994599983096122,21504984,0.1746031746031746,0.05174603174603175,0.313968253968254,63.0,0.007731563367912253,0.007701828000762042,0.029351497875713072,0.02498432290923202,0.10189914277621674,0.09731493343909575,1.0471069462323581
2023-10-06,0.1008550003170967,0.1016540005803108,0.0983050018548965,0.1002290025353431,21796909,0.22033898305084745,0.0411864406779661,0.24983050847457627,59.0,0.006225629102452501,0.006206329931825588,0.024717018881744608,0.024992618644388856,0.1017984290208135,0.09754156668980911,1.0436415209993664
2023-10-07,0.0999749973416328,0.1010790020227432,0.099769003689289,0.1008530035614967,18386418,-0.17647058823529413,0.03882352941176471,0.3864705882352941,17.0,-0.008725427323356238,-0.008763716754818972,0.023488777791725604,0.024168466143967282,0.10132428577968047,0.09761953329046562,1.0379509342478765
2023-10-08,0.1013680025935173,0.1028449982404708,0.0994890034198761,0.0999820008873939,29526269,0.15384615384615385,0.07999999999999999,0.39923076923076917,13.0,0.013933536273317948,0.01383735693921266,0.02057515626417124,0.024053649465167304,0.10062642927680691,0.09779729992151256,1.0289285016822025
2023-10-09,0.0966930016875267,0.1013970002532005,0.0953690037131309,0.1013640016317367,35429406,0.22,0.044199999999999996,0.2956,50.0,-0.04611909859501939,-0.04721645662174316,0.020640545070648057,0.025399759494473453,0.09995785781315392,0.09788050005833303,1.021223407661208
2023-10-10,0.0952640026807785,0.096850000321865,0.0948389992117881,0.0966859981417656,27939804,0.08571428571428572,0.03471428571428572,0.3385714285714286,70.0,-0.014778722159915492,-0.01488901548614608,0.020745513909155893,0.02513656263158323,0.09912114377532684,0.09799130012591675,1.0115300404011198
2023-10-11,0.0950250029563903,0.0954879969358444,0.0934259966015815,0.0952550023794174,24518124,0.2714285714285714,0.07971428571428571,0.35714285714285715,70.0,-0.002508814637876111,-0.0025119669868630184,0.020518213207359734,0.024059089100030424,0.09848728669541221,0.09820743352174754,1.002849612943023
2023-10-12,0.0936949998140335,0.0952439978718757,0.0935700014233589,0.0950149968266487,19223601,0.29850746268656714,0.0735820895522388,0.36761194029850747,67.0,-0.01399634939203509,-0.014095221944200577,0.01963525794235845,0.024177666681590746,0.0975535724844251,0.09834520022074376,0.9919505198571787
2023-10-13,0.095100998878479,0.0964369997382164,0.0936719998717308,0.0936930030584335,18005389,0.08333333333333333,0.0465,0.3143333333333333,60.0,0.015006126978346135,0.014894648907399586,0.021028558642849988,0.02416583747920245,0.09673157227890829,0.09848320012291269,0.9822139426641471
2023-10-14,0.095379002392292,0.0958580002188682,0.0946469977498054,0.0951049998402595,16079791,0.4117647058823529,0.07941176470588236,0.2752941176470588,17.0,0.0029232449405522942,0.002918980568575605,0.02145345778074187,0.02377845643869235,0.09607500157185962,0.09855556686719254,0.9748307947061421
2023-10-15,0.09442900121212,0.0958499982953071,0.0944230034947395,0.095379002392292,21170676,0.36363636363636365,0.1390909090909091,0.2890909090909091,11.0,-0.009960275913399208,-0.010010211318500562,0.01944365449734961,0.023045317725133695,0.09508371566023144,0.09849150031805035,0.9654002157870026
2023-10-16,0.094880998134613,0.0976860001683235,0.0941760018467903,0.0944470018148422,37539361,0.1388888888888889,0.03944444444444445,0.3108333333333333,72.0,0.004786632461331042,0.004775212962302272,0.011022107369082232,0.022961297144457875,0.09482485800981519,0.09840640028317765,0.9636045799556117
2023-10-17,0.0916500017046928,0.0949029996991157,0.0914530009031295,0.0948750004172325,29369638,0.2191780821917808,0.02671232876712329,0.33,73.0,-0.034053145450010924,-0.03464646227685448,0.016047123388308757,0.02333573220407408,0.09430857215608866,0.09829720035195347,0.9594227690963374
2023-10-18,0.0900510028004646,0.0920649990439415,0.0900119990110397,0.0916429981589317,28056766,0.08333333333333333,0.03483333333333334,0.308,60.0,-0.017446796230079276,-0.017600785285089314,0.016579518066985693,0.023269446299275458,0.09359800070524213,0.09808133368690804,0.9542896409221203
2023-10-19,0.0896010026335716,0.0903109982609748,0.0881199985742569,0.0900510028004646,27582309,0.3088235294117647,0.0763235294117647,0.33735294117647063,68.0,-0.004997169969224169,-0.005009697575553148,0.016347657982525365,0.023222906472801803,0.09301314396517614,0.097831700493892,0.9507464706798519
2023-10-20,0.091277003288269,0.0924450010061264,0.0892509967088699,0.0896070003509521,38702560,0.25806451612903225,0.05290322580645162,0.31612903225806455,62.0,0.01870515513706361,0.018532365106688032,0.017173717260169495,0.022702124185633075,0.09246685888086041,0.09753583396474517,0.9480296125245931
2023-10-21,0.09409199655056,0.0942760035395622,0.091228999197483,0.091277003288269,37848517,0.0,0.007857142857142852,0.43,14.0,0.03084011482498772,0.030374115244704663,0.021977026195243606,0.023064125845223223,0.09228300090347015,0.09742006709178286,0.9472689114094646
2023-10-22,0.0941779986023902,0.0948230028152465,0.0924509987235069,0.0940959975123405,30628134,0.5,0.13214285714285715,0.3178571428571429,14.0,0.000914020904891677,0.0009136034421448064,0.021694556809733853,0.021504137164715716,0.09224714338779445,0.09716400032242135,0.9493963101734059
2023-10-23,0.0981340035796165,0.0984520018100738,0.0933670029044151,0.0945440009236335,55818998,0.2222222222222222,0.035555555555555556,0.31253968253968256,63.0,0.04200561740463549,0.04114733429997928,0.026872827048576572,0.022834086451461507,0.0927118584513664,0.09708356708288188,0.9549696332461365
2023-10-24,0.1007499992847442,0.1025329977273941,0.0972170010209083,0.0981319993734359,72095278,0.2714285714285714,0.07914285714285714,0.3355714285714286,70.0,0.026657382861235535,0.02630826560886052,0.021239775794877746,0.02334244541733658,0.09401185810565944,0.09707173382242516,0.9684782006432151
2023-10-25,0.1007929965853691,0.1030900031328201,0.0986950024962425,0.100780002772808,41578183,0.10256410256410256,0.03910256410256411,0.3655128205128205,78.0,0.0004267722176689581,0.00042668117630776585,0.017621687848212143,0.022408142633173086,0.09554642864636008,0.09717640032370882,0.9832266715795289
2023-10-26,0.1011409983038902,0.1035069972276687,0.0985850021243095,0.1008049994707107,47576859,0.2903225806451613,0.03951612903225807,0.31758064516129036,62.0,0.0034526378846804207,0.0034466912143675133,0.01616287988202362,0.022034169730101794,0.09719499945640561,0.09735900014638897,0.9983155056056783
2023-10-27,0.0993010029196739,0.1013860031962394,0.0984990000724792,0.1011470034718513,33467655,0.208955223880597,0.06597014925373135,0.357910447761194,67.0,-0.018192379105136047,-0.018359895222019952,0.0209905712097946,0.02233923766372353,0.09834128511803487,0.09748180036743478,1.0088168739945351
2023-10-28,0.1017989963293075,0.1022050008177757,0.0992640033364296,0.0993060022592544,25949531,0.7,0.13,0.344,10.0,0.025155772209614735,0.0248445739310911,0.020277397823991548,0.022502597063158797,0.09944228508642737,0.09762420033415156,1.0186232998175944
2023-10-29,0.10640499740839,0.1071769967675209,0.1006169989705085,0.1018000021576881,34724407,0.25,0.078125,0.3575,16.0,0.04524603625936208,0.044252299101317075,0.023026467056390113,0.02273525699262191,0.1011889992015702,0.09778570036093391,1.034803645400856
2023-10-30,0.1122910007834434,0.1123000010848045,0.1054119989275932,0.10640499740839,57954953,0.234375,0.05984375,0.30171875,64.0,0.055316982457717545,0.053841179105666076,0.025564784072905303,0.024524465699661522,0.10321142737354548,0.09808560038606323,1.0522587104254557
2023-10-31,0.1093659996986389,0.1135729998350143,0.1068229973316192,0.1122879981994628,51728439,0.30666666666666664,0.07853333333333333,0.33199999999999996,75.0,-0.026048401602951632,-0.026393670211899006,0.030436374212672528,0.024597198501206837,0.10444228457553043,0.09818936710556345,1.0636822260321168
2023-11-01,0.1142600029706955,0.1154029965400695,0.1070950031280517,0.1093610003590583,49803302,0.2702702702702703,0.0777027027027027,0.3472972972972973,74.0,0.04474885508788984,0.04377652647344216,0.03211863283950765,0.02407025378164043,0.10636614263057706,0.0986189338068167,1.078557012580731
2023-11-02,0.1113049983978271,0.1151069998741149,0.1091369986534118,0.114266999065876,52553149,0.4177215189873418,0.09632911392405064,0.31506329113924053,79.0,-0.025862108314720245,-0.026202412787897002,0.036058043892039815,0.024672160121704402,0.10781814264399661,0.09895840038855867,1.0895299663358573
2023-11-03,0.1117319986224174,0.1131549999117851,0.1073829978704452,0.1112980023026466,43289007,0.23214285714285715,0.06535714285714286,0.41696428571428573,56.0,0.003836307719659704,0.0038289678571914332,0.03366812762175837,0.024388818139803432,0.10959399917295998,0.09936740025877948,1.1029170420836982
2023-11-04,0.1148089990019798,0.1153889968991279,0.110335998237133,0.111735001206398,40122764,0.125,0.051875,0.29125,16.0,0.02753911518186203,0.027166734967188497,0.033771314377951014,0.024750304381363185,0.11145257098334173,0.09985333358248072,1.1161627457462882
2023-11-05,0.1216460019350051,0.1229849979281425,0.1146629974246025,0.1148149967193603,71532992,0.375,0.164375,0.419375,16.0,0.059551106554873945,0.057845334046946605,0.03591039052191678,0.026597866495104643,0.11362985734428675,0.10054636696974434,1.1301239494658162
2023-11-06,0.1292120069265365,0.1298519968986511,0.119436003267765,0.121638998389244,58815224,0.2631578947368421,0.06842105263157895,0.37543859649122807,57.0,0.06219690636091668,0.06033931651925869,0.03702416853663735,0.028197170894361696,0.11604714393615718,0.10152093395590779,1.1430858583960464
2023-11-07,0.1237849965691566,0.1295879930257797,0.1189550012350082,0.1292130053043365,56822887,0.21875,0.07109375,0.35703125,64.0,-0.04200082087158841,-0.04290835787133924,0.04080964647626708,0.029693917659059717,0.11810700063194544,0.1022681670884291,1.1548755003091122
2023-11-08,0.1275420039892196,0.1279139965772628,0.123088002204895,0.1237749978899955,40974741,0.18309859154929578,0.04746478873239437,0.3043661971830986,71.0,0.030351072619402952,0.02989959136963638,0.03965199595120465,0.02816782731795849,0.12000442934887745,0.1032964671651522,1.1617476632285233
2023-11-09,0.1237550005316734,0.131400004029274,0.1173020005226135,0.1275269985198974,84773357,0.2692307692307692,0.06474358974358974,0.36115384615384616,78.0,-0.029692206011333377,-0.030141944427577113,0.04036751396032572,0.028749837313983267,0.12178300108228406,0.10424616709351536,1.1682252161178939
2023-11-10,0.1280850023031234,0.1280850023031234,0.1206749975681305,0.1237590014934539,56913637,0.056338028169014086,0.055492957746478874,0.3152112676056338,71.0,0.03498849947757687,0.03439031503973018,0.04059144166907625,0.02904059535207882,0.12411914446524207,0.1053481670717398,1.178180389040083
2023-11-11,0.1331399977207183,0.1359979957342147,0.1252080053091049,0.1280909925699234,71611275,0.3076923076923077,0.02307692307692307,0.44384615384615383,13.0,0.03946594313697904,0.03870706504423154,0.04118413474092624,0.029132869723844827,0.126737858567919,0.10666300033529595,1.1882082649983365
2023-11-12,0.1457380056381225,0.1479610055685043,0.1289239972829818,0.1331380009651184,97732312,0.23529411764705882,0.03294117647058824,0.29000000000000004,17.0,0.09462226327981815,0.09040933871307508,0.04738998103344711,0.032486642739992515,0.13017957338265004,0.1083509005606174,1.2014627724281857
2023-11-13,0.1336629986763,0.1472309976816177,0.132763996720314,0.145796000957489,75096702,0.25396825396825395,0.054603174603174605,0.2977777777777778,63.0,-0.08285420751403438,-0.08648883082869613,0.060297721755544036,0.037303873042681665,0.13081542934690196,0.10962703377008434,1.1932771037229288
2023-11-14,0.129173994064331,0.1363130062818527,0.1246820017695427,0.1336400061845779,63564471,0.2923076923076923,0.06615384615384615,0.36646153846153845,65.0,-0.03358449725372614,-0.034161410181212375,0.05922442906131314,0.038031967997734055,0.13158528613192688,0.11078520019849138,1.1877514857234401
2023-11-15,0.1424160003662109,0.14478699862957,0.1290079951286316,0.1291760057210922,69611397,0.2077922077922078,0.06207792207792208,0.42181818181818176,77.0,0.10251294308733039,0.09759206803170446,0.06855244541975529,0.04119843540967076,0.13371014275721135,0.11236970027287797,1.1899127828276694
2023-11-16,0.135805994272232,0.1467629969120025,0.1335619986057281,0.1424199938774109,74946054,0.19696969696969696,0.026212121212121207,0.3190909090909091,66.0,-0.0464133670162189,-0.04752500019402295,0.07077122250321279,0.041780803554991426,0.13543171329157686,0.11384156669179595,1.1896508211120465
2023-11-17,0.1358910053968429,0.1397749930620193,0.1288630068302154,0.1358139961957931,54785039,0.1746031746031746,0.04746031746031747,0.3531746031746032,63.0,0.0006259747595565024,0.0006257789190799031,0.07024085281817112,0.0414500617678107,0.13654685659067964,0.11536956677834188,1.1835604518913156
2023-11-18,0.1342640072107315,0.1359750032424926,0.1269749999046325,0.1359239965677261,41644996,-0.15384615384615385,0.0007692307692307699,0.19615384615384615,13.0,-0.011972817342546405,-0.012045068801551836,0.06920908477182525,0.04157935934752956,0.13670742937496727,0.11685833359758055,1.1698560570420258
2023-11-19,0.1413259953260421,0.1422619968652725,0.1311769932508468,0.1342740058898925,42245547,0.17647058823529413,0.045294117647058825,0.2658823529411765,17.0,0.05259777554699796,0.051261180641557776,0.06200582947663683,0.04214201985719787,0.1360771421875272,0.11852663333217298,1.1480722801445697
2023-11-20,0.1416299939155578,0.1500439941883087,0.1383599936962127,0.1412699967622757,80312064,0.2537313432835821,0.05149253731343284,0.354179104477612,67.0,0.0021510450983512897,0.002148734913125625,0.05041293829299896,0.0420921156258625,0.13721528436456404,0.12011123324433956,1.1424017609196477
2023-11-21,0.1244290024042129,0.1425800025463104,0.1244290024042129,0.1416359990835189,78856575,0.21875,0.03421875,0.3375,64.0,-0.12145020299584586,-0.1294826888360806,0.07202582296098352,0.04952665346579289,0.13653742841311858,0.12111960003773367,1.127294247756611
2023-11-22,0.1323989927768707,0.1344889998435974,0.1238560006022453,0.1243719980120658,49170721,0.1,0.06185714285714286,0.3365714285714286,70.0,0.06405251363156439,0.06208474461842263,0.06441639817005904,0.05013491683644133,0.13510642732892714,0.12226176634430881,1.1050586897987855
2023-11-23,0.1306080073118209,0.1339460015296936,0.1286240071058273,0.1323769986629486,38222051,0.16129032258064516,0.07306451612903227,0.39967741935483875,62.0,-0.01352718345877535,-0.013619509356576544,0.06240457980691801,0.05021649666545602,0.13436385776315413,0.1232570332785447,1.090111080797389
2023-11-24,0.1335130035877227,0.1350889950990677,0.1305190026760101,0.1306069940328598,40543532,0.29850746268656714,0.04746268656716418,0.2808955223880597,67.0,0.022242099360464396,0.021998351556264423,0.06327530513323656,0.05024908987976499,0.13402414321899409,0.12434770017862315,1.0778176277202627
2023-11-25,0.1403679996728897,0.1416649967432022,0.1331509947776794,0.1335169970989227,46815072,0.4,0.10400000000000001,0.316,15.0,0.051343284181776694,0.05006866480744022,0.06601328116264574,0.05077771328947495,0.13489614214215953,0.12565526689092313,1.0735414875944522
2023-11-26,0.1363279968500137,0.1408219933509826,0.1344980001449585,0.1403670012950897,56025159,0.3125,0.12687500000000002,0.331875,16.0,-0.028781508835993508,-0.029203819356498115,0.06386033249149238,0.05103133169913041,0.13418214235986978,0.12688950002193447,1.0574723861050337
2023-11-27,0.131848007440567,0.1383280009031295,0.1295109987258911,0.1363209933042526,50257130,0.18181818181818182,0.0453030303030303,0.2534848484848485,66.0,-0.032861844323697764,-0.033413923334361016,0.0645938727117828,0.05157473622993864,0.1327847157205854,0.12789113372564312,1.038263653252462
2023-11-28,0.133092001080513,0.1348160058259964,0.1289670020341873,0.1318430006504058,78296881,0.3384615384615385,0.08184615384615385,0.3358461538461538,65.0,0.009435058322794676,0.009390826164354538,0.037508226099797946,0.051135110739852434,0.13402228696005683,0.12878070051471388,1.0407016456999632
2023-11-29,0.1338710039854049,0.1338929980993271,0.1305429935455322,0.1330640017986297,126605542,0.10526315789473684,0.035921052631578944,0.31197368421052635,76.0,0.005853115878997617,0.005836052944764191,0.029581598938917163,0.05037916778186196,0.1342325742755617,0.12950003395477924,1.0365447033198079
2023-11-30,0.1335960030555725,0.1358170062303543,0.1316380053758621,0.1339180022478103,121744855,0.4057971014492754,0.09478260869565218,0.3557971014492754,69.0,-0.002054223257057064,-0.0020563360676042176,0.02890655612688022,0.05003667934115841,0.13465943081038337,0.1303077007333437,1.0333958012653826
2023-12-01,0.1392350047826767,0.1392379999160766,0.1332210004329681,0.1335979998111724,156340688,0.4444444444444444,0.09031746031746031,0.38730158730158726,63.0,0.042209359547669356,0.041342844020364054,0.031781438610247834,0.0499763829657328,0.13547685955251965,0.13114020079374308,1.0330688738657434
2023-12-02,0.1480659991502761,0.148158997297287,0.138931006193161,0.1392499953508377,161527081,0.0,-0.010952380952380951,0.320952380952381,21.0,0.06342510190869866,0.06149492714022997,0.034591578758749464,0.05055364272083057,0.13657657376357485,0.1323655674854914,1.031813456913899
2023-12-03,0.1512449979782104,0.154677003622055,0.1469939947128296,0.148058995604515,120331478,0.20833333333333334,0.037083333333333336,0.24291666666666667,24.0,0.021470147408439333,0.021242910578741597,0.03067238665528356,0.05058609404277878,0.1387075739247458,0.13368266746401783,1.0375883168405544
2023-12-04,0.1527850031852722,0.1593389958143234,0.1475789994001388,0.1512340009212494,170919353,0.27631578947368424,0.06144736842105263,0.3076315789473684,76.0,0.010182189346081172,0.0101307000768311,0.022613281921309434,0.050483339056286776,0.14169857331684654,0.1349485342701276,1.0500193579961923
2023-12-05,0.1537380069494247,0.1547379940748214,0.1499139964580536,0.1529050022363662,75466044,0.2903225806451613,0.06451612903225806,0.37048387096774194,62.0,0.00623754782396313,0.006218174840738626,0.022915790763996097,0.049652493742140515,0.14464800272669104,0.13601826777060821,1.063445411396039
2023-12-06,0.1529030054807663,0.1574060022830963,0.1515460014343261,0.1537400037050247,80128347,0.38095238095238093,0.08285714285714285,0.3834920634920635,63.0,-0.005431327524189178,-0.005446130808849202,0.024471321772181972,0.048695800054958466,0.14736686008317126,0.13680796772241585,1.077180390415414
2023-12-07,0.1640489995479583,0.1647109985351562,0.1529269963502884,0.1529269963502884,103717090,0.2898550724637681,0.08014492753623188,0.3378260869565217,69.0,0.07289584682881878,0.07036139167611045,0.028982798801375196,0.04919273118812917,0.1517172881535121,0.1381501011550426,1.098206131483345
2023-12-08,0.184588998556137,0.1850630044937133,0.163109004497528,0.1640350073575973,148345583,0.14285714285714285,0.041428571428571426,0.29410714285714284,56.0,0.1252064874810408,0.11796656324175765,0.04455828278419898,0.05294369005466097,0.15819643012114928,0.1400516676406065,1.12955763245251
2023-12-09,0.2002290040254593,0.2222940027713775,0.1840689927339553,0.1845649927854538,327541231,0.2,0.095,0.49800000000000005,20.0,0.08472880611336042,0.08133000746752768,0.046710849282069394,0.05376594256920409,0.1656482879604612,0.14260080109039935,1.161622422131074
2023-12-10,0.2012999951839447,0.204022005200386,0.1899619996547699,0.200201004743576,119786241,0.23076923076923078,0.0038461538461538455,0.4084615384615385,13.0,0.005348831272961929,0.0053345770812211575,0.04831189093855813,0.05368560140404478,0.17279900184699465,0.1450413008530934,1.191377909813536
2023-12-11,0.2020960003137588,0.2080589979887008,0.17917400598526,0.2012999951839447,176363995,0.11940298507462686,0.03402985074626865,0.36880597014925376,67.0,0.003954322647085506,0.0039465248631628735,0.049018472393999646,0.05353275489673461,0.179843430008207,0.14733983427286143,1.220602906849695
2023-12-12,0.1980389952659607,0.2140789926052093,0.1937720030546188,0.2021030038595199,161236187,0.203125,0.0496875,0.33578125000000003,64.0,-0.02007464294938799,-0.020278876493203164,0.052925590647027676,0.05186705860496018,0.18617214262485499,0.14908320059378935,1.248780156874434
2023-12-13,0.2005719989538192,0.2033859938383102,0.1848440021276474,0.1980389952659607,121874107,0.32894736842105265,0.0681578947368421,0.35750000000000004,76.0,0.012790428897383244,0.012709322222307494,0.05095422210295588,0.04854461069137609,0.19298199883529113,0.15131350060304,1.2753785886004014
2023-12-14,0.2159769982099533,0.2175309956073761,0.1969480067491531,0.2005800008773803,143266296,0.15789473684210525,0.05210526315789474,0.3436842105263158,76.0,0.07680533342882545,0.07399863293174493,0.05134713301361232,0.04889580001390151,0.2004002843584333,0.15420693407456076,1.2995543005967394
2023-12-15,0.1959069967269897,0.216279000043869,0.1954009979963302,0.2159799933433532,95183075,0.0,0.0228125,0.3109375,64.0,-0.09292656926110887,-0.09753187212325791,0.06015775783109771,0.0507661030533513,0.20201714123998366,0.15598996728658673,1.2950649631769922
2023-12-16,0.1980170011520385,0.2034990042448043,0.1938679963350296,0.1959200054407119,70525021,-0.125,0.0024999999999999953,0.369375,16.0,0.010770439342650207,0.01071285129089877,0.05115693491085232,0.04956490522700987,0.20170114082949495,0.1580636675159136,1.2760752929460402
2023-12-17,0.1906359940767288,0.2004410028457641,0.1900489926338195,0.1980179995298385,61086175,0.45454545454545453,0.10318181818181818,0.2727272727272727,22.0,-0.03727461294923118,-0.037987071868894634,0.05277490185250648,0.05038042706348121,0.20017771209989269,0.1598885004719098,1.2519831727051636
2023-12-18,0.1953060030937194,0.1956489980220794,0.1779800057411193,0.1906139999628067,81923860,0.36065573770491804,0.08885245901639344,0.3757377049180328,61.0,0.02449699512208059,0.024201755673561073,0.05406428502799207,0.050236091479426925,0.19920771249702993,0.1619232336680094,1.2302602164274015
2023-12-19,0.1924459934234619,0.2046719938516616,0.1915010064840316,0.1953170001506805,77086428,0.0,0.06599999999999999,0.267,10.0,-0.014643736623318748,-0.014752014496350442,0.053841856576565456,0.049924152287243034,0.19840871223381581,0.16362723360459006,1.2125653405182917
2023-12-20,0.1979929953813552,0.2032680064439773,0.189627006649971,0.1924590021371841,78617580,,,,,0.028823681175256244,0.028416092485967912,0.054974147352083606,0.05000669033056936,0.19804028315203523,0.16550600032011664,1.19657464242379
2023-12-21,0.2233030050992965,0.2292339950799942,0.1951799988746643,0.1980179995298385,156816234,,,,,0.12783285423401747,0.12029796322574178,0.0670742222251889,0.04644867212440052,0.19908685556479858,0.16880180040995277,1.1794119202597093
2023-12-22,0.2401770055294037,0.2522670030593872,0.2233060002326965,0.2233060002326965,334385467,,,,,0.07556548745326475,0.07284655811204685,0.053255753693218555,0.04682895395156743,0.20541114253657197,0.1723944008350372,1.1915186429582953
2023-12-23,0.2353419959545135,0.2423290014266967,0.2291589975357055,0.2401410043239593,117343370,,,,,-0.020131026133133556,-0.020336416392029922,0.05625169917592787,0.047010210984499,0.21074328465121125,0.17588553378979363,1.1981842969705356
2023-12-24,0.231331005692482,0.2470380067825317,0.2281440049409866,0.2353360056877136,131172118,,,,,-0.017043240607200194,-0.017190148212662126,0.052836408688631986,0.04748415428876239,0.21655685773917605,0.17914613385995226,1.2088279722992497
2023-12-25,0.2381269931793213,0.2390509992837906,0.2282190024852752,0.2313529998064041,87475902,,,,,0.02937776311694895,0.028954506212782154,0.05281538728735357,0.04715269711319493,0.22267414203711916,0.1824047669768333,1.2207693128184547
2023-12-26,0.234494000673294,0.2419829964637756,0.2228830009698867,0.2381490021944046,114650273,,,,,-0.015256533740765188,-0.015374112076479212,0.05290039681947855,0.04674499899389913,0.2286810002156666,0.185676967104276,1.2316067188195698
2023-12-27,0.2292259931564331,0.2347529977560043,0.2240480035543441,0.234496995806694,84380421,,,,,-0.0224654255619976,-0.022721617479073267,0.056292730062732735,0.046378173387106474,0.23314285704067775,0.18892289996147152,1.2340635099727155
2023-12-28,0.2342129945755005,0.2375040054321289,0.2223879992961883,0.2292480021715164,112719946,,,,,0.021755828605633187,0.02152254797803972,0.03592782437817309,0.0463494734586642,0.23470142696584975,0.19229359974463778,1.2205368627844544
2023-12-29,0.2264229953289032,0.2424049973487854,0.2221380025148391,0.2341919988393783,117150704,,,,,-0.03326032042208538,-0.033826023930130615,0.02384214833357809,0.047289308701421506,0.23273656836577825,0.1953786661227544,1.1912076839523116
2023-12-30,0.2217669934034347,0.2272800058126449,0.2189889997243881,0.2264229953289032,58754249,,,,,-0.020563290926812305,-0.02077765923071085,0.023879444542568292,0.04767844451503206,0.23079728228705268,0.19831769913434977,1.163775514210155
2023-12-31,0.2227769941091537,0.2318869978189468,0.2204470038414001,0.2217060029506683,57103517,,,,,0.004554332861796073,0.00454399326929954,0.023972098917347376,0.04750077826231009,0.2295752806322915,0.201102432111899,1.1415838099091185
2024-01-01,0.2389809936285019,0.2394900023937225,0.2204879969358444,0.2227839976549148,60953802,,,,,0.07273641330939573,0.07021277951858611,0.03591753929680241,0.04781642520120459,0.22969728069646014,0.20413293192783985,1.1252338293835764
2024-01-02,0.2269590049982071,0.2438900023698806,0.2252220064401626,0.2389899939298629,97317727,,,,,-0.050305208158030745,-0.05161461775166929,0.04086067023688751,0.04936389311288429,0.2286208527428763,0.20665673216183975,1.1062831118602792
2024-01-03,0.2047280073165893,0.2299969941377639,0.1887910068035125,0.226962000131607,149723580,,,,,-0.09795160003364223,-0.10308710185979117,0.05546116911411217,0.05376433352373847,0.22512114048004148,0.20838816563288365,1.0802971454561208
2024-01-04,0.2078659981489181,0.2096849977970123,0.1987700015306472,0.2047249972820282,70850705,,,,,0.015327608925906455,0.015211327830240621,0.0547940273569365,0.05376900445384571,0.22135728384767256,0.2101924320062001,1.053117287501308
2024-01-05,0.1965249925851822,0.2079119980335235,0.1899559944868087,0.2077949941158294,71929090,,,,,-0.0545592144204895,-0.05610402047092916,0.0565497917168554,0.055052714048443356,0.21708614059856957,0.21164649824301396,1.0257015466861623
2024-01-06,0.1898249983787536,0.1965630054473877,0.1804639995098114,0.1965339928865432,54876166,,,,,-0.0340923264684746,-0.03468702539162271,0.056815959635987005,0.054309323110627965,0.21252299845218656,0.2125056982040405,1.0000814107494165
2024-01-07,0.1780209988355636,0.1936060041189193,0.1772810071706771,0.1898099929094314,50496420,,,,,-0.06218358827343562,-0.0642010722381872,0.05735793118783356,0.051329702530829246,0.20612928484167367,0.21228676488002138,0.9709945175252553
2024-01-08,0.1951680034399032,0.2000979930162429,0.1656740009784698,0.1779969930648803,153140754,,,,,0.09632012356125541,0.09195922941902201,0.06402102453162596,0.05195198363564978,0.19987028624330244,0.21211806486050286,0.9422596155341364
2024-01-09,0.1857160031795501,0.2014839947223663,0.1801639944314956,0.1951840072870254,113123259,,,,,-0.0484300709837594,-0.049642101497951556,0.06390878970776237,0.05269055785008982,0.19397842884063715,0.21159859846035636,0.916728325480755
2024-01-10,0.1990949958562851,0.2043000012636184,0.1797820031642913,0.1857240051031112,93322422,,,,,0.07204006357922865,0.06956343469208451,0.06370860660553583,0.05431231924591797,0.19317371291773652,0.21149856497844058,0.9133570856021078
2024-01-11,0.2026689946651458,0.2069839984178543,0.196393996477127,0.1991530060768127,96481804,,,,,0.017951223703485564,0.017792003133162263,0.06384553056584116,0.054278970778077876,0.1924312838486262,0.21165289829174674,0.9091833157104937
2024-01-12,0.1866679936647415,0.2040939927101135,0.1819269955158233,0.2026669979095459,78401599,,,,,-0.0789514006661034,-0.0822424761126101,0.06805265362889358,0.05628990633913722,0.19102314114570612,0.2111894314487775,0.9045108925918834
2024-01-13,0.1892700046300888,0.1916009932756424,0.1814219951629638,0.1866479963064193,48904203,,,,,0.013939245364261943,0.013842987559629982,0.06727118137303141,0.05451831334129564,0.1909438563244683,0.21029919832944868,0.907962835052472
2024-01-14,0.1837449967861175,0.1926970034837722,0.1833830028772354,0.1892649978399276,42170003,,,,,-0.02919114338676876,-0.029625682166328535,0.0629371637757278,0.05186328751021207,0.19176157031740457,0.2098937983314196,0.9136123689305746
2024-01-15,0.1882849931716919,0.1908019930124282,0.1836739927530288,0.1836739927530288,42349352,,,,,0.02470813608524547,0.0244078267600488,0.05142094980327845,0.0520402554151303,0.19077828313623152,0.20956939806540803,0.9103346428312417
2024-01-16,0.1958539932966232,0.1973250061273574,0.1876119971275329,0.188286006450653,63203761,,,,,0.040199699388837384,0.03941271336317416,0.04955517533246636,0.0520967780524609,0.19222656743867056,0.20974333137273785,0.9164847634514873
2024-01-17,0.1907919943332672,0.1985200047492981,0.1890980005264282,0.1958640068769455,48458024,,,,,-0.025845778674982278,-0.026185649757723754,0.042279331782288376,0.052131861106789905,0.19104042436395371,0.2095928644140561,0.9114834367001561
2024-01-18,0.1786990016698837,0.1932629942893982,0.1769019961357116,0.1908220052719116,52426194,,,,,-0.06338312414859504,-0.06548096418937888,0.045993325530078975,0.05340782226752604,0.18761613965034485,0.2091346313556035,0.8971069900485801
2024-01-19,0.1728170067071914,0.1791200041770935,0.1680240035057068,0.1787209957838058,59570109,,,,,-0.032915656538240134,-0.03346956555192413,0.03755641388597863,0.05336884587815196,0.18563742722783766,0.2082954317331314,0.8912217886068513
2024-01-20,0.1718540042638778,0.1737329959869384,0.1700669974088668,0.1728139966726303,41006491,,,,,-0.005572382381007435,-0.005587966022677582,0.03610295020589644,0.04788233011470908,0.18314942717552182,0.20658046503861743,0.8865767009541996
2024-01-21,0.1700530052185058,0.1743459999561309,0.1700530052185058,0.1718540042638778,34757739,,,,,-0.010479820083834746,-0.010535120093743107,0.0354219691390241,0.04533616553829879,0.1811934283801487,0.2042429983615875,0.8871463395742345
2024-01-22,0.1610649973154068,0.1715189963579177,0.1601089984178543,0.1700939983129501,51297303,,,,,-0.05285415504154167,-0.054302190306076095,0.0347724902077225,0.04598371391142593,0.17730485754353656,0.2017670984069506,0.8787600106431855
2024-01-23,0.1597850024700164,0.1650480031967163,0.1491740047931671,0.1610729992389679,58792610,,,,,-0.007947070230807762,-0.007978816498508597,0.02355802321753642,0.04598304425470726,0.172152144568307,0.1993822316328684,0.8634277144881125
2024-01-24,0.163115993142128,0.1640709936618805,0.1581159979104995,0.1598210036754608,35180152,,,,,0.02084670413755907,0.020632385047628644,0.030219833988017503,0.045749883503380114,0.16819843011242996,0.19688186496496193,0.8543114427647431
2024-01-25,0.1609610021114349,0.1637109965085983,0.1586569994688034,0.1631300002336502,29967735,,,,,-0.013211402445469367,-0.013299449364782336,0.023509339177780666,0.045747131363984665,0.16566443017550875,0.19443076501289996,0.8520484408139697
2024-01-26,0.1667290031909942,0.168846994638443,0.1598969995975494,0.1609590053558349,42403696,,,,,0.03583477366502752,0.035207646238908534,0.028322579015864786,0.04651873015670551,0.16479471538748053,0.19234753201405203,0.8567550290972352
2024-01-27,0.1676310002803802,0.1683759987354278,0.1643290072679519,0.1667300015687942,27942299,,,,,0.005409959108030549,0.005395377844972505,0.028595470053359735,0.046226852860403,0.16419142910412377,0.19012813220421468,0.8635830331924128
2024-01-28,0.1639540046453476,0.1684399992227554,0.1623409986495971,0.1676640063524246,33160602,,,,,-0.021935057530423574,-0.02217920780879893,0.029396687199125606,0.04607850461242936,0.1633201433079583,0.1880458325147628,0.8685124319101122
2024-01-29,0.1688780039548874,0.1690910011529922,0.1629700064659118,0.1639730036258697,36285005,,,,,0.03003280901976746,0.02959065515148504,0.022293139017864814,0.04661542924801226,0.1644362871135984,0.18628286619981127,0.8827236260001511
2024-01-30,0.1643680036067962,0.1710139960050583,0.1639160066843032,0.1688780039548874,37482109,,,,,-0.026705670617091948,-0.02706874574265226,0.025355012210721662,0.0466540872654032,0.16509100156170978,0.1843358998497327,0.8955987504131804
2024-01-31,0.1592559963464737,0.164790004491806,0.1577810049057006,0.164354994893074,36990701,,,,,-0.03110098771140124,-0.03159489100691262,0.027270583477602476,0.044248782864078205,0.16453957344804487,0.18167839994033175,0.9056639286898401
2024-02-01,0.158841997385025,0.1604429930448532,0.1551059931516647,0.1592170000076294,29552181,,,,,-0.0025995816229613666,-0.0026029664025483223,0.026922276176399782,0.04369545262132397,0.16423685848712918,0.17940783301989235,0.9154386167125654
2024-02-02,0.1608390063047409,0.164121001958847,0.1584630012512207,0.1588310003280639,30886268,,,,,0.012572297960187884,0.012493922842091604,0.02275108089031359,0.04034466953948795,0.16339543036052157,0.1779448663194974,0.918236270256583
2024-02-03,0.1656560003757476,0.1680909991264343,0.1608420014381408,0.1608420014381408,35037673,,,,,0.029949165825359225,0.02950944745600461,0.02617916758781404,0.04071163325950212,0.16311328751700263,0.17653786639372504,0.9239563774562556
2024-02-04,0.1589049994945526,0.1656550019979477,0.1587069928646087,0.1656550019979477,24196778,,,,,-0.04075313218888599,-0.04160681510813725,0.02952851055333604,0.04019843353381385,0.16239200106688906,0.1752838666240374,0.9264514994708565
2024-02-05,0.1597779989242553,0.1620589941740036,0.1564050018787384,0.1588940024375915,24134926,,,,,0.005493844954403748,0.005478808833816817,0.02610066029586743,0.03991522460644718,0.16109200034822732,0.1742822999755541,0.9243164702945914
2024-02-06,0.1622219979763031,0.162323996424675,0.1578380018472671,0.1597770005464553,25108586,,,,,0.015296217680172752,0.015180409995706325,0.02581612528016835,0.03851290389348309,0.16078542811529975,0.17375566661357877,0.9253535798223836
2024-02-07,0.1681060045957565,0.1684709936380386,0.1605850011110305,0.162223994731903,30629525,,,,,0.03627132382078613,0.035629005128539885,0.025419355015601205,0.03492465753001088,0.16204971500805443,0.17285359998544053,0.9374969050208031
2024-02-08,0.1689009964466095,0.1701869964599609,0.1664739996194839,0.1681019961833953,33944560,,,,,0.004729110377494905,0.004717963265148283,0.02507178431743206,0.033923128289064255,0.16348671487399508,0.17229309976100918,0.9488871875935275
2024-02-09,0.1743959933519363,0.175463005900383,0.168623998761177,0.1689019948244094,47669759,,,,,0.03253383355298212,0.03201581389048959,0.026594335050499823,0.03177179459569965,0.1654234273093087,0.1714697996775309,0.9647379749693934
2024-02-10,0.175363004207611,0.1776939928531646,0.171327993273735,0.1743890047073364,35699873,,,,,0.005544914404789214,0.005529597959743676,0.025415281406020927,0.031554381055764906,0.16681014214243203,0.17055959999561307,0.9780167293234888
2024-02-11,0.1793690025806427,0.1793700009584427,0.1724790036678314,0.1753569990396499,36644782,,,,,0.022844033672512865,0.022587015593155513,0.01304826401793729,0.02832453398066333,0.16973357115473062,0.17031630029280978,0.9965785474609458
2024-02-12,0.1832329928874969,0.1836110055446624,0.1743340045213699,0.1794600039720535,64496020,,,,,0.021542129639244623,0.02131337734161303,0.011985519189075327,0.028494847414776783,0.17308428457805086,0.17011506656805672,1.017454174223929
2024-02-13,0.1778980046510696,0.185152992606163,0.1735160052776336,0.1832049936056137,55441678,,,,,-0.029115871286907957,-0.029548149723797868,0.02224566979455863,0.02849217255339399,0.1753237141030175,0.1699201668302218,1.0318005059293212
2024-02-14,0.1836609989404678,0.1844359934329986,0.1749520003795623,0.1778859943151474,45982344,,,,,0.032394934955576105,0.03188128276308821,0.02165246767892666,0.02875415261087647,0.177545856152262,0.16976603368918097,1.0458267316141983
2024-02-15,0.1877869963645935,0.1916919946670532,0.1831949949264526,0.1836580038070678,59704288,,,,,0.022465289026676327,0.022216661196427068,0.021595145766685392,0.028087973450108165,0.18024385614054544,0.16949713379144665,1.063403563875728
2024-02-16,0.1943069994449615,0.197282001376152,0.1867969930171966,0.1877219974994659,63390931,,,,,0.034720205374120905,0.03413105719892406,0.021883481124064824,0.028409685419076267,0.18308828558240614,0.16961430062850313,1.0794389677284013
2024-02-17,0.1904499977827072,0.1944079995155334,0.1840550005435943,0.1943230032920837,39555796,,,,,-0.01985003974777977,-0.020049698358456432,0.02562998575578281,0.025861926930148514,0.18524357037884845,0.17000600049893058,1.0896296003388053
2024-02-18,0.1962449997663498,0.1970109939575195,0.1900739967823028,0.1904529929161071,38576106,,,,,0.030427944610712965,0.02997419615811971,0.026292164306532674,0.02544164387874799,0.18765442711966376,0.17078693360090252,1.0987633723676862
2024-02-19,0.203695997595787,0.2040929943323135,0.1961610019207,0.1962610036134719,59196392,,,,,0.037967835299286046,0.037264797075998383,0.02779662398387832,0.026066278008568658,0.19057771350656233,0.17184833337863284,1.1089878485272424
2024-02-20,0.19650599360466,0.2040310055017471,0.1902360022068023,0.203696995973587,66233216,,,,,-0.0352977185413077,-0.03593574186731201,0.029556683573481644,0.027006258906038853,0.19323599764278954,0.1727300996581713,1.118716413787747
2024-02-21,0.1889089941978454,0.1971839964389801,0.1819799989461898,0.19650499522686,51776147,,,,,-0.03866039537755073,-0.03942754573431771,0.034351447883735946,0.02600123103086284,0.19398571125098638,0.1736582328875859,1.1170545042719573
2024-02-22,0.1888079941272735,0.1941799968481063,0.1844999939203262,0.1889380067586898,41886051,,,,,-0.0005346493479613246,-0.0005347923238875573,0.03340666542109888,0.025905331741183413,0.19413156807422635,0.17462566594282783,1.111701232611389
2024-02-23,0.1854850053787231,0.1903149932622909,0.1825080066919326,0.1888349950313568,44395644,,,,,-0.017599830790588356,-0.017756549348423252,0.03039233846149788,0.026082839335634284,0.19287128320762087,0.17537129968404766,1.0997881840135844
2024-02-24,0.1970980018377304,0.197279006242752,0.1820559948682785,0.1855140030384063,48440107,,,,,0.06260881538804663,0.06072703105529715,0.03866134611665142,0.02780667985523304,0.19382099807262418,0.17657586634159086,1.0976641490614132
2024-02-25,0.2074359953403473,0.2107540071010589,0.1939979940652847,0.1971019953489303,95825884,,,,,0.05245103149816854,0.05112175959956008,0.04165728529108349,0.028511137574659156,0.19541971172605238,0.17793276607990263,1.0982783892557317
2024-02-26,0.211568996310234,0.2124609947204589,0.1970960050821304,0.2074970006942749,74995831,,,,,0.01992422271315797,0.019728333078744418,0.0400966719347756,0.02859839319125974,0.19654442582811624,0.17939736594756442,1.0955814473082268
2024-02-27,0.2084340006113052,0.2120729982852935,0.2027769982814788,0.2116200029850006,76460237,,,,,-0.014817840768747481,-0.01492872167839194,0.03716471137651768,0.028366353952980664,0.19824842682906554,0.180880032479763,1.0960216233444438
2024-02-28,0.2110520005226135,0.2238540053367614,0.2011840045452118,0.2084269970655441,143179959,,,,,0.01256033038578197,0.012482103789612235,0.03063118962147791,0.0280879584128001,0.20141171344688955,0.18228583236535387,1.1049224771522663
2024-02-29,0.2116920053958892,0.2310449928045272,0.2063550055027008,0.2110349982976913,138632550,,,,,0.0030324511101098572,0.0030278625043835172,0.030342116110918294,0.02734078331831628,0.20468085791383467,0.18386329909165697,1.1132230245243235
2024-03-01,0.2282499969005584,0.2283920049667358,0.2116239964962005,0.2116239964962005,88057546,,,,,0.07821736807539703,0.07530909230431704,0.03316812431240837,0.02886772393368473,0.210790142416954,0.18616309911012646,1.132287458817277
2024-03-02,0.2477319985628128,0.2478329986333847,0.2263869941234588,0.2283280044794082,145342491,,,,,0.08535378719300546,0.08190600498840742,0.0371978405685232,0.03140555935612333,0.2180235705205372,0.18912609914938605,1.152794730611589
2024-03-03,0.2508209943771362,0.2570889890193939,0.2292879968881607,0.2477779984474182,172680535,,,,,0.012469103031678586,0.012392004008681007,0.03687374588806802,0.03140582456141114,0.22422142752579274,0.19212549875179924,1.1670571006061887
2024-03-04,0.2508389949798584,0.2647289931774139,0.2430180013179779,0.2508659958839416,200373614,,,,,7.176673055986349e-05,7.176415545125988e-05,0.038254068489332514,0.03139062812912167,0.22983142733573908,0.1949649319052696,1.1788347016550165
2024-03-05,0.2315859943628311,0.2584939897060394,0.2032160013914108,0.2508389949798584,315051946,,,,,-0.07675441618865231,-0.07986000856840769,0.053992795265287635,0.034356934527527944,0.2331388550145285,0.1973876317342122,1.1811219019459958
2024-03-06,0.259207010269165,0.259207010269165,0.2211560010910034,0.2315829992294311,174093469,,,,,0.119268939308391,0.11267573942386325,0.06529678341022652,0.03887320581013298,0.24001814212117872,0.20070193211237586,1.1958935302465805
2024-03-07,0.2806960046291351,0.2845880091190338,0.2590419948101043,0.259207010269165,325994800,,,,,0.08290282866059662,0.07964523976495154,0.06655647523751802,0.040563984630928286,0.2498758562973567,0.20465106566747027,1.220984877270908
2024-03-08,0.2717559933662414,0.2808679938316345,0.2591269910335541,0.2806920111179352,147210946,,,,,-0.031849442512391746,-0.03236766920517444,0.06949632976440658,0.041450978489510765,0.2560909986495971,0.2081060652931531,1.2305792158861348
2024-03-09,0.2695980072021484,0.2774730026721954,0.2666189968585968,0.2717559933662414,99213907,,,,,-0.007940896306874556,-0.007972593136290031,0.06539562468616789,0.04163454283774677,0.2592147141695022,0.21146263231833773,1.2258180621684405
2024-03-10,0.2628319859504699,0.2737790048122406,0.2562470138072967,0.2695980072021484,98532015,,,,,-0.025096703502727302,-0.025416995982977093,0.066909766261304,0.04217006859387032,0.26093057010854986,0.21441049873828885,1.216967320369157
2024-03-11,0.2917500138282776,0.3007299900054931,0.25238698720932,0.2628349959850311,352837336,,,,,0.11002476648050452,0.10438232721992924,0.07616728393241345,0.04526065793765711,0.26677500137260973,0.2182900657256444,1.2221124240619503
2024-03-12,0.3169629871845245,0.3188959956169128,0.2762230038642883,0.2917500138282776,284253523,,,,,0.08641978461425914,0.08288768882571036,0.06389085350644866,0.04683055190753637,0.2789717146328517,0.22287653187910714,1.2516872560820884
2024-03-13,0.3188790082931518,0.3289999961853027,0.3056299984455108,0.3169629871845245,238580604,,,,,0.006044936431369052,0.006026739100787249,0.057403194587038554,0.046887395856289774,0.2874962857791355,0.22739806572596227,1.2642864171307318
2024-03-14,0.3117659986019134,0.3203180134296417,0.2936969995498657,0.3188819885253906,193379725,,,,,-0.0223062964517855,-0.022558844556489172,0.05551890753169701,0.04665738129502822,0.29193485634667526,0.2318603321909904,1.2590978956512477
2024-03-15,0.2985639870166778,0.3205789923667907,0.2744140028953552,0.3117659986019134,249793643,,,,,-0.04234589931050481,-0.0432686302090158,0.05719643874663014,0.0479255001207654,0.295764569725309,0.23569043179353072,1.254885773150114
2024-03-16,0.2671560049057007,0.3103460073471069,0.2613300085067749,0.2985639870166778,164587243,,,,,-0.10519682036943945,-0.11115149591856391,0.07435532640244438,0.053238921331956054,0.295415712254388,0.23833606541156763,1.239492276354622
2024-03-17,0.2754270136356354,0.2806479930877685,0.2530870139598846,0.2671560049057007,128463665,,,,,0.03095947153744172,0.03048989440517865,0.07433564779447249,0.05319026859221726,0.2972150019236973,0.2410400658845901,1.2330522763215794
2024-03-18,0.2517150044441223,0.2754560112953186,0.2462700009346008,0.275424987077713,123273772,,,,,-0.0860918066042784,-0.09002515743535908,0.06777947183035446,0.05608300697841331,0.29149571486881803,0.24308223277330393,1.1991650378687448
2024-03-19,0.2301689982414245,0.2526539862155914,0.2193139940500259,0.2517150044441223,170228493,,,,,-0.08559682904195232,-0.08948369870565955,0.05352197310407452,0.058742041647852065,0.27909657359123224,0.24421303272247308,1.14284061943738
2024-03-20,0.2505120038986206,0.2521759867668152,0.2193019986152649,0.2301689982414245,114745691,,,,,0.08838290913469726,0.08469302506082879,0.07145142905946712,0.06025042468143805,0.26932985867772785,0.24577356626590088,1.0958455084072856
2024-03-21,0.2485460042953491,0.2557049989700317,0.2425220012664795,0.2505120038986206,91301325,,,,,-0.007847925738788675,-0.007878882780066992,0.07207210371979704,0.05977855671912833,0.2602984309196472,0.24750823328892385,1.05167584714563
2024-03-22,0.240446001291275,0.2544150054454803,0.2346010059118271,0.2485450059175491,73062265,,,,,-0.032589552292495494,-0.03313241887122772,0.07191841861229788,0.0596177790935982,0.25199586153030396,0.24922613352537148,1.0111133129008338
2024-03-23,0.248442992568016,0.2556059956550598,0.2376880049705505,0.240446001291275,53626465,,,,,0.03325899051676684,0.03271787557365621,0.06543613860044006,0.05976178388501081,0.24932257405349184,0.2512139668067296,0.9924709888654684
2024-03-24,0.2561030089855194,0.2582600116729736,0.2478930056095123,0.248442992568016,59524402,,,,,0.03083208883585775,0.03036632934244944,0.06542329318788707,0.05966044297404588,0.24656200196061812,0.25356790026028947,0.9723707208503926
2024-03-25,0.2682009935379028,0.273142009973526,0.253387987613678,0.2560999989509582,90614575,,,,,0.04723874428616104,0.04615693291058189,0.05757339970291248,0.05929780448751589,0.24891714325972963,0.25593799998362854,0.9725681347656542
2024-03-26,0.2801209986209869,0.2857950031757355,0.2675839960575104,0.2682009935379028,113409705,,,,,0.04444429875461875,0.04348497244947046,0.03837503234508639,0.059132536764384125,0.25605314331395285,0.25836083342631655,0.9910679568502714
2024-03-27,0.2706570029258728,0.2897509932518005,0.2664839923381805,0.2801209986209869,128153319,,,,,-0.033785384679137165,-0.034369300376295785,0.03535638360968557,0.05964866420254025,0.258931000317846,0.26033043364683783,0.9946243959671258
2024-03-28,0.2726339995861053,0.2752600014209747,0.2625100016593933,0.2706570029258728,77855373,,,,,0.007304435646817264,0.007277887458061083,0.03445666508441139,0.05948919344304591,0.2623721425022397,0.26247043361266453,0.9996255154949382
2024-03-29,0.2684800028800964,0.2827750146389007,0.2647059857845306,0.2726379930973053,98156113,,,,,-0.015236532172492212,-0.015353800832149486,0.030947599265261874,0.0596490730246615,0.26637699987207136,0.26438470035791395,1.007535608193138
2024-03-30,0.260235995054245,0.2709180116653442,0.259205013513565,0.2684800028800964,59093018,,,,,-0.030706226673921644,-0.031187541391468582,0.034348451943311584,0.06007345967764604,0.26806171451296124,0.2660028333465258,1.0077400723162724
2024-03-31,0.2679220139980316,0.2679669857025146,0.2597579956054687,0.260235995054245,43764486,,,,,0.029534803370242946,0.029107053004865185,0.034206389575548515,0.05883826958506785,0.26975014380046297,0.26732523391644153,1.0090710100520455
2024-04-01,0.251690000295639,0.2697769999504089,0.2456579953432083,0.2679220139980316,87047790,,,,,-0.06058484504566275,-0.062497772930125615,0.03766080832792191,0.058262595135459755,0.2673914304801396,0.26745716730753577,0.9997542154952961
2024-04-02,0.2341019958257675,0.2516910135746002,0.2306549996137619,0.2516869902610779,89597167,,,,,-0.06987963148799059,-0.07244127270244506,0.036153523203125884,0.059707707795920786,0.26081728722367964,0.26689986735582344,0.9772102541960627
2024-04-03,0.2325569987297058,0.2438849955797195,0.2270119935274124,0.2341019958257675,64861546,,,,,-0.006599675028877372,-0.006621549178758598,0.0365555563685206,0.05971104722735155,0.25537442948137007,0.2662904674808184,0.9590070267902674
2024-04-04,0.2371609956026077,0.2416049987077713,0.2257380038499832,0.2325569987297058,63927842,,,,,0.01979728366830602,0.019603866042809674,0.038431312889863206,0.05800582281155402,0.2503068574837276,0.26647630085547763,0.9393212705225916
2024-04-05,0.2297679930925369,0.2379290014505386,0.222009003162384,0.2371609956026077,65427151,,,,,-0.031172927450762944,-0.03166914271870787,0.03860308315857222,0.05427169760114854,0.24477657037121908,0.26549500028292333,0.9219630129018408
2024-04-06,0.2338840067386627,0.2357860058546066,0.2284300029277801,0.2297679930925369,29024108,,,,,0.01791378159649981,0.017755220628534008,0.0410668496135756,0.05211521853229738,0.24101200061185019,0.26393460035324096,0.9131504557920335
2024-04-07,0.2354329973459243,0.2372590005397796,0.2324389964342117,0.2338840067386627,35572315,,,,,0.006622900936498866,0.0066010658826694745,0.03776327667559768,0.051922739420240525,0.236370712518692,0.26272383381923037,0.8996926890208564
2024-04-08,0.24549600481987,0.2473520040512085,0.2309200018644333,0.2354329973459243,55234800,,,,,0.04274255345422118,0.04185431281237833,0.038080478604648645,0.052609565197208275,0.23548585602215355,0.2619204337398211,0.8990740151876567
2024-04-09,0.2318000048398971,0.2460090070962906,0.2309570014476776,0.24549600481987,56425210,,,,,-0.055789095183126025,-0.05740572167073109,0.03372230462531391,0.05339533396496014,0.2351570001670292,0.26088603436946867,0.9013782617202045
2024-04-10,0.2305230051279068,0.2328130006790161,0.2199230045080185,0.231805995106697,61780036,,,,,-0.005509058176561776,-0.00552428900164882,0.03369659194752799,0.049302867512540954,0.2348664296524865,0.2588451340794563,0.9073627382942837
2024-04-11,0.2279980033636093,0.2344329953193664,0.2269009947776794,0.2305230051279068,46521040,,,,,-0.010953361305074516,-0.01101379104468314,0.03250381044391144,0.046228399492798264,0.233557430761201,0.2558796346187591,0.9127628742677529
2024-04-12,0.1940670013427734,0.2320619970560073,0.1795230060815811,0.2279980033636093,164924426,,,,,-0.14882148755804236,-0.16113340455507336,0.067636421792326,0.05359482246284273,0.22845728908266336,0.2517192343870799,0.9075877321768523
2024-04-13,0.1683519929647445,0.1940920054912567,0.1482460051774978,0.1940670013427734,263708736,,,,,-0.13250582633886032,-0.14214648342443803,0.07742842256478835,0.05829785151562225,0.2190955728292465,0.24693876753250754,0.8872465632614948
2024-04-14,0.1795469969511032,0.1817100048065185,0.1624860018491745,0.1683519929647445,138407904,,,,,0.06649760296394658,0.06438001135425912,0.08662433875283784,0.06013463610305039,0.21111185848712918,0.24297153453032172,0.868874861803136
2024-04-15,0.1703280061483383,0.1878259927034378,0.165022999048233,0.1795469969511032,101253861,,,,,-0.051345836796566235,-0.05271096912585141,0.07900425998225867,0.05788226022581293,0.20037357296262465,0.23974393457174298,0.8357816155831178
2024-04-16,0.1743109971284866,0.1801519989967346,0.1651249974966049,0.1703280061483383,83995189,,,,,0.02338424003319539,0.023115017654484076,0.0838377616396267,0.05769775112145682,0.19216085757528029,0.23637340068817136,0.8129546599398586
2024-04-17,0.1684720069169998,0.1758739948272705,0.1625719964504242,0.1743019968271255,65314337,,,,,-0.0334975435151853,-0.034071438707581815,0.08252445766461552,0.05607887833883327,0.18329642925943643,0.23359863410393394,0.784663959883786
2024-04-18,0.1746589988470077,0.1760549992322921,0.1633390039205551,0.1684720069169998,53997837,,,,,0.03672415401958151,0.03606589002369626,0.08750486062215729,0.0548757680450598,0.1756765714713505,0.2317483007907867,0.758049016419518
2024-04-19,0.1751389950513839,0.1785939931869506,0.1602360010147094,0.1746589988470077,76797388,,,,,0.002748190517206872,0.0027444211460349176,0.06907458385210075,0.05200536533021323,0.17297257057258056,0.2292358671625455,0.7545615470808065
2024-04-20,0.1915919929742813,0.1919050067663192,0.1730529963970184,0.1751389950513839,49262364,,,,,0.09394251644569662,0.08978815823692364,0.05098991286764004,0.05522510936843582,0.17629257057394296,0.2273374001185099,0.7754666433329601
2024-04-21,0.1873989999294281,0.1925050020217895,0.1837199926376342,0.1915919929742813,39829154,,,,,-0.021885011893039152,-0.02212804110719537,0.048428174469419265,0.05509344980168213,0.17741428528513223,0.22556916673978167,0.786518334262407
2024-04-22,0.1954409927129745,0.1977059990167617,0.1869930028915405,0.1873960047960281,49580988,,,,,0.042913744398715536,0.04201847307699627,0.04206818645442612,0.05535780659804012,0.18100185479436598,0.22380243341128028,0.8087573134727273
2024-04-23,0.1937929987907409,0.1965219974517822,0.1900549978017807,0.1954409927129745,50924298,,,,,-0.008432181495587443,-0.008467933457860026,0.043309641091167146,0.05488175573648607,0.18378499788897376,0.22172543307145434,0.8288855064711782
2024-04-24,0.2118069976568222,0.2576369941234588,0.1937420070171356,0.1937929987907409,673056354,,,,,0.09295484861934011,0.08888489875224409,0.04492997023373271,0.056888139688116235,0.1899757108518055,0.21984563320875164,0.8641322917313371
2024-04-25,0.2004420012235641,0.2120710015296936,0.1969359964132309,0.2118010073900222,146553179,,,,,-0.053657322746588965,-0.05515053741121574,0.055722706548247486,0.05666770199121843,0.1936589969055993,0.21718966662883757,0.8916584288356103
2024-04-26,0.1978079974651336,0.212909996509552,0.1933120042085647,0.2004420012235641,149207310,,,,,-0.01314097715225182,-0.013228083744577974,0.05684698825380333,0.05650028575606677,0.19689742582184924,0.21476136644681293,0.916819580166958
2024-04-27,0.1983619928359985,0.2020390033721923,0.1911270022392273,0.1978079974651336,91847295,,,,,0.002800672257766257,0.002796757682476865,0.04704528516309445,0.056457704367290265,0.19786456865923743,0.21228563288847602,0.9320676390907026
2024-04-28,0.1929689943790435,0.2008929997682571,0.1922139972448349,0.1983619928359985,48984766,,,,,-0.027187660195639562,-0.0275640830189013,0.04760846253400355,0.056537104406689985,0.19866028215203962,0.20976859927177427,0.9470449001504615
2024-04-29,0.1906590014696121,0.1944430023431778,0.1847999989986419,0.1929689943790435,70912831,,,,,-0.011970798297751162,-0.012043025292256024,0.04474700263492943,0.05640938115526731,0.197977140545845,0.2074493661522865,0.9543395779792933
2024-04-30,0.1779779940843582,0.1924050003290176,0.1709609925746917,0.1906590014696121,86377927,,,,,-0.06651145389154389,-0.0688265859112469,0.0512046623420105,0.05687783319699147,0.19571785415921888,0.20445123215516406,0.9572838084472038
2024-05-01,0.1806659996509552,0.1827069967985153,0.1664479970932006,0.1779779940843582,108345574,,,,,0.015103022036100366,0.014990106885976599,0.030216644084326887,0.05633923042350735,0.19126914015838076,0.20208376546700793,0.9464844428069965
2024-05-02,0.1812559962272644,0.1841569989919662,0.1751749962568283,0.1806659996509552,57425956,,,,,0.00326567576328185,0.00326035502491035,0.0277304439731066,0.05517816722698815,0.1885282823017665,0.20032223214705783,0.9411251076883302
2024-05-03,0.1919790059328079,0.1942790001630783,0.1802179962396621,0.1812559962272644,51707267,,,,,0.059159475706936915,0.05747564612857196,0.03886023844596725,0.05648014612886344,0.18769556922572,0.19896963238716123,0.9433377695571965
2024-05-04,0.192793995141983,0.195945993065834,0.1899909973144531,0.1919779926538467,39991569,,,,,0.004245199651988774,0.004236214212958611,0.03890766413306798,0.0563056660824623,0.18690014098371774,0.19749073237180706,0.9463742360925024
2024-05-05,0.1965789943933487,0.1999630033969879,0.1912360042333603,0.192793995141983,52737076,,,,,0.01963235031556998,0.019442121454668698,0.03822691232628501,0.05630374207556115,0.1874158552714756,0.19638443241516745,0.9543315270289257
2024-05-06,0.1939619928598404,0.2023770064115524,0.1929939985275268,0.1965779960155487,64732662,,,,,-0.013312722153170475,-0.013402130840703115,0.03831730918133926,0.05615286750748039,0.18788771118436537,0.1950536986192067,0.9632614634556039
2024-05-07,0.1907799988985061,0.198181003332138,0.1907519996166229,0.1939619928598404,52102355,,,,,-0.01640524473077376,-0.016541300832816845,0.02482839341442681,0.056129351793794545,0.18971656901495795,0.1935652653376261,0.9801168028987274
2024-05-08,0.1871629953384399,0.1937119960784912,0.1857140064239502,0.1907799988985061,58821932,,,,,-0.01895902914849279,-0.019141055914256095,0.026929906364680838,0.0553982524006334,0.1906447112560272,0.19162083168824512,0.9949059795659064
2024-05-09,0.1934690028429031,0.1944320052862167,0.1845459938049316,0.1871629953384399,43871686,,,,,0.033692597690372805,0.03313743758221086,0.028895421972926782,0.055138401910379824,0.19238942648683272,0.19034313162167865,1.010750557940915
2024-05-10,0.183348000049591,0.1942020058631897,0.1818580031394958,0.1934709995985031,50362768,,,,,-0.052313304170644614,-0.05373132098233055,0.02857274869774778,0.055821517123130354,0.1911564256463732,0.18877063145240144,1.0126385877698
2024-05-11,0.178725004196167,0.1854220032691955,0.1785729974508285,0.183348000049591,38789706,,,,,-0.025214323865946797,-0.02553765149779333,0.028909870108187286,0.05591476004742248,0.18914656979697092,0.18712819814682005,1.0107860368995123
2024-05-12,0.1769829988479614,0.1811359971761703,0.175923004746437,0.1787309944629669,27177067,,,,,-0.009746847432123062,-0.009794658877123216,0.025747307041079227,0.047883652840945354,0.1863471418619156,0.18655873139699294,0.9988658288277749
2024-05-13,0.1775829941034317,0.1804340034723281,0.1700630038976669,0.1769829988479614,50043499,,,,,0.0033901293309293035,0.0033843957971156084,0.0266857378194454,0.04003721612237208,0.18400728489671433,0.18686643143494924,0.984699517637922
2024-05-14,0.1713069975376129,0.178393006324768,0.1707990020513534,0.1775829941034317,47105186,,,,,-0.035341202559989626,-0.03598081794888624,0.028135923891888945,0.038799942137240744,0.18122542755944385,0.18659176478783288,0.9712402246986039
2024-05-15,0.1798940002918243,0.1831900030374527,0.1701070070266723,0.1713069975376129,60140845,,,,,0.05012639809022401,0.048910536057992206,0.03698514564468068,0.03861635790883657,0.18018699969564161,0.1869106312592824,0.9640275594901087
2024-05-16,0.1741189956665039,0.181330993771553,0.1707320064306259,0.1798810064792633,73954547,,,,,-0.03210226364388025,-0.03262884154651481,0.033694079236719354,0.03889654301555757,0.17742271295615603,0.18690423121054964,0.949270713707318
2024-05-17,0.1830379962921142,0.1849330067634582,0.1728489995002746,0.1741189956665039,54837056,,,,,0.05122359333322346,0.049954812687003525,0.036528838928890375,0.03938349807733191,0.1773784267050879,0.18738976418972011,0.9465747901016816
2024-05-18,0.182901993393898,0.1865770071744918,0.1824149936437606,0.1830379962921142,40199239,,,,,-0.0007430309606271113,-0.0007433071449488122,0.03482978228889414,0.03888039543545105,0.17797513944762092,0.18766453067461647,0.9483685532254597
2024-05-19,0.1749320030212402,0.1829469949007034,0.1748609989881515,0.182901993393898,40901732,,,,,-0.04357519688423306,-0.044553109903454007,0.03921003409138534,0.039778332683569215,0.17768214004380362,0.18765763094027835,0.9468420716680079
2024-05-20,0.1885509938001632,0.1885509938001632,0.173003003001213,0.1749320030212402,67118264,,,,,0.07785305457955216,0.07497115018936194,0.04888779027948378,0.03870196934899877,0.1792489971433367,0.18755626430114108,0.9557078661768065
2024-05-21,0.1882009953260421,0.1952989995479583,0.1858260035514831,0.1885479986667633,86780832,,,,,-0.001856253669455965,-0.00185797864328852,0.04527380796360201,0.03848831321912585,0.18166242539882657,0.18758299748102822,0.9684375867658238
2024-05-22,0.1852969974279403,0.1892060041427612,0.182667002081871,0.1882009953260421,51235425,,,,,-0.015430300424664867,-0.015550586481226321,0.04337146462300325,0.037756635709577095,0.18243428213255744,0.1872448643048604,0.9743086028545452
2024-05-23,0.1813420057296753,0.1874909996986389,0.173102006316185,0.1852969974279403,85609406,,,,,-0.02134406791887211,-0.021575146557949672,0.04198499052486659,0.03791225078444408,0.18346614071301048,0.18682983120282487,0.9819959667674124
2024-05-24,0.1884779930114746,0.1888210028409958,0.1780979931354522,0.1813420057296753,52530803,,,,,0.03935098905014245,0.03859646936341532,0.04017485938147785,0.034723071523340684,0.18424328310149055,0.18605219771464662,0.9902773811039284
2024-05-25,0.1935440003871917,0.1952400058507919,0.1884640008211136,0.1884790062904358,49502648,,,,,0.026878508704242465,0.026523626679265784,0.040932237191792974,0.0337536808035985,0.1857635698148182,0.1858222643534342,0.9996841361350307
2024-05-26,0.1894000023603439,0.1940490007400512,0.187512993812561,0.1935440003871917,35757912,,,,,-0.021411141748427065,-0.021643685587827286,0.03672192937196573,0.033892058163858936,0.18783042686326157,0.18554199784994121,1.0123337521415023
2024-05-27,0.1965299993753433,0.1995780020952224,0.1893469989299774,0.1894000023603439,50691598,,,,,0.037645179124307315,0.0369538950192705,0.027363560316911995,0.03460579179186536,0.188970284802573,0.1854809314012527,1.0188124643054102
2024-05-28,0.1941599994897842,0.1972440034151077,0.189532995223999,0.1965299993753433,59730044,,,,,-0.012059227054861621,-0.012132529442930452,0.028115600384870657,0.034300040837579746,0.18982157111167905,0.18552063157161075,1.0231830794431516
2024-05-29,0.1892150044441223,0.1954250037670135,0.1891160011291504,0.1941599994897842,47323233,,,,,-0.02546866017025362,-0.025798600644255595,0.02956049649970246,0.03456037194090903,0.19038128639970503,0.18547249833742774,1.0264663931649143
2024-05-30,0.189762994647026,0.1947540044784546,0.1864240020513534,0.1892160028219223,47311495,,,,,0.00289612446176557,0.002891938772886437,0.027550023897156967,0.03204217173348633,0.19158428481646944,0.18586533168951666,1.030769337535771
2024-05-31,0.1882510036230087,0.1906729936599731,0.185478001832962,0.189762994647026,37763200,,,,,-0.007967786484555206,-0.00799969892265084,0.023883255511506326,0.031999064687383005,0.1915518577609743,0.18611816515525179,1.0291948537166695
2024-06-01,0.1881210058927536,0.1892769932746887,0.186149001121521,0.1882510036230087,21968329,,,,,-0.0006905553104802342,-0.0006907938536231284,0.020833707876904382,0.03199915086360369,0.19077714426176887,0.1863469988107681,1.023773634559575
2024-06-02,0.1826180070638656,0.189299002289772,0.1822579950094223,0.1881210058927536,29131972,,,,,-0.029252442079887753,-0.029688826036556065,0.022145977474139357,0.030645452190281378,0.1898082877908434,0.18603496551513668,1.0202828659938108
2024-06-03,0.1837390065193176,0.1888680011034011,0.181095004081726,0.1826180070638656,34891020,,,,,0.006138493533444089,0.006119729730517354,0.013889212004304525,0.030659887781675815,0.18798100309712543,0.18573313256104784,1.0121026900536378
2024-06-04,0.1862149983644485,0.1868840008974075,0.1793439984321594,0.1837390065193176,34749637,,,,,0.013475591775721218,0.013385603517518678,0.016263869497125813,0.030536222017596606,0.1868460029363632,0.18538766602675116,1.0078664181974306
2024-06-05,0.1886070072650909,0.1897789984941482,0.1859789937734604,0.1862149983644485,33705840,,,,,0.012845414825077173,0.012763612264496309,0.014901440599944828,0.03056723284582738,0.18675914619650155,0.18520916650692618,1.008368806570475
2024-06-06,0.1857610046863556,0.188850000500679,0.1836950033903122,0.1886070072650909,32570830,,,,,-0.015089590890624671,-0.015204597165633226,0.015767634687352632,0.03054466286726386,0.1861874333449772,0.1850418666998545,1.0061908511060411
2024-06-07,0.1747180074453354,0.1928579956293106,0.1657820045948028,0.1857600063085556,94836364,,,,,-0.0594473380442011,-0.061287638235216366,0.02724490275365139,0.03233018839529543,0.18425414817673816,0.18462703377008435,0.9979803304763561
2024-06-08,0.1662289947271347,0.1765110045671463,0.1638270020484924,0.1747139990329742,47645894,,,,,-0.04858693641442002,-0.0498069641705301,0.03039303540532339,0.032739744258133,0.18112671801022118,0.18371903349955873,0.9858897826754364
2024-06-09,0.1703300029039383,0.1712760031223297,0.1658319979906082,0.1661950051784515,27511471,,,,,0.024670835455242957,0.024371424873892437,0.03353703541189543,0.031828503924959464,0.1793712888445173,0.18328510026137032,0.9786463197975624
2024-06-10,0.1665080040693283,0.1717749983072281,0.1660729944705963,0.1703239977359771,38501289,,,,,-0.022438788055240577,-0.02269436816786898,0.032999745004135175,0.031761562985522844,0.1769097170659474,0.18287786692380903,0.9673653791010801
2024-06-11,0.1591919958591461,0.1680680066347122,0.1559630036354065,0.1665219962596893,66705927,,,,,-0.04393787704725638,-0.04493238587384353,0.03226712666870977,0.032679782090644136,0.1730492881366185,0.18228483349084854,0.9493345377266743
2024-06-12,0.1659179925918579,0.1695400029420852,0.1556220054626464,0.1591960042715072,53987521,,,,,0.04225084745255048,0.04138265087755161,0.03864727325094422,0.03367818956304578,0.16980800032615662,0.18189600010712942,0.9335444442216791
2024-06-13,0.1558510065078735,0.1668059974908828,0.1557459980249405,0.16593599319458,41903647,,,,,-0.06067446891518391,-0.06259318138138782,0.04201624774782036,0.03492431661001931,0.16553514344351633,0.1813808004061381,0.9126387306311305
2024-06-14,0.1512060016393661,0.1590210050344467,0.1482020020484924,0.1558479964733123,54697968,,,,,-0.029804137763285832,-0.03025730803610988,0.039094866484928346,0.03382858288726198,0.16217628547123497,0.18042453378438947,0.8988593849716608
2024-06-15,0.1522669941186905,0.1547649949789047,0.1499239951372146,0.151201993227005,25731437,,,,,0.007016867504075153,0.006992363848450322,0.03791046531318491,0.03351665569766819,0.16018171395574293,0.1796961337327957,0.8914032295983046
2024-06-16,0.1555539965629577,0.1559890061616897,0.1502600014209747,0.1522690057754516,25219291,,,,,0.021587097475011863,0.021357395933464918,0.037435600356983095,0.0322999665131529,0.15807085590703143,0.17878000040849046,0.8841640874027231
2024-06-17,0.1452170014381408,0.1564089953899383,0.1419209986925125,0.1555580049753189,56501545,,,,,-0.06645277751274736,-0.06876373079105819,0.043058716888265305,0.03428643081538571,0.15502928410257608,0.17752383400996524,0.873287155874932
2024-06-18,0.1339879930019378,0.1453939974308014,0.1296399980783462,0.1452140063047409,95285323,,,,,-0.07732571479232964,-0.08047899385753803,0.04832571823055678,0.03619272946326955,0.15142871226583204,0.17615903367598848,0.8596136633239984
2024-06-19,0.1385429948568344,0.1407629996538162,0.1325480043888092,0.13400499522686,40242606,,,,,0.03399559731319157,0.03343051815956273,0.04657732272085896,0.03357362245121279,0.14751799830368584,0.17449210037787752,0.8454136203542914
2024-06-20,0.1381250023841858,0.1461199969053268,0.1380500048398971,0.1385429948568344,39241769,,,,,-0.003017059600022076,-0.0030216200995129405,0.044102050438362274,0.03356423618659304,0.1449857120003019,0.17282290061314898,0.8389265050286446
2024-06-21,0.1391420066356659,0.1419340074062347,0.1365129947662353,0.1381160020828247,39689157,,,,,0.0073629265804562305,0.00733595256076939,0.04454068955391209,0.03370087236343544,0.1432622841426304,0.17128440092007316,0.8364000654646958
2024-06-22,0.1339550018310547,0.1391569972038269,0.1337109953165054,0.1391569972038269,30435036,,,,,-0.03727849648016812,-0.037991105769757824,0.04460930662201214,0.03403449726992151,0.14064628524439673,0.16970483412345247,0.8287700581474481
2024-06-23,0.1322890073060989,0.1364540010690689,0.1320199966430664,0.1339540034532547,22600452,,,,,-0.012436971387279283,-0.012514957800419394,0.04130473788301352,0.03276871708463569,0.13732271535055976,0.1678318679332733,0.8182159743652297
2024-06-24,0.1352390050888061,0.1353099942207336,0.1291060000658035,0.1323069930076599,50899343,,,,,0.022299644110876704,0.022054642654855346,0.038772537222590914,0.03259820642618486,0.13589728730065478,0.16588836808999377,0.8192092602112467
2024-06-25,0.1411029994487762,0.1428660005331039,0.1343369930982589,0.135234996676445,28752254,,,,,0.04336022995820943,0.042446495064327024,0.027946899119823013,0.03401043249174976,0.13691371679306027,0.16427846799294152,0.833424601932269
2024-06-26,0.1406829953193664,0.1426299959421157,0.1393589973449707,0.1411170065402984,24427112,,,,,-0.002976578322576806,-0.0029810171423501988,0.0255810075941674,0.03287961323202789,0.13721943114485055,0.1624169011910756,0.8448593104446597
2024-06-27,0.1426649987697601,0.1440279930830001,0.1375440061092376,0.1406829953193664,26820638,,,,,0.014088436529904103,0.013990116878665653,0.025810445422108627,0.03319689216934946,0.13786800205707547,0.16070040116707482,0.8579194641445775
2024-06-28,0.1396449953317642,0.1446869969367981,0.1396439969539642,0.1426649987697601,29761609,,,,,-0.02116849587521985,-0.021395761453477814,0.02753358204817644,0.03313556234617401,0.1379398575850895,0.1590480675299962,0.8672840841594902
2024-06-29,0.1389580070972442,0.142302006483078,0.1380899995565414,0.1396519988775253,16863263,,,,,-0.004919533513448537,-0.004931674252659195,0.02213357329759809,0.033060275672108584,0.1386545726231166,0.1573545679450035,0.8811601368418953
2024-06-30,0.1441989988088607,0.1445939987897873,0.137131005525589,0.1389510035514831,24880227,,,,,0.0377163707302508,0.037022501480613486,0.023394677567002576,0.03417543498992013,0.14035599998065398,0.15588616778453188,0.9003749465100462
2024-07-01,0.1466760039329528,0.1487649977207183,0.1437380015850067,0.1441899985074997,26473982,,,,,0.01717768600720615,0.017031817643349236,0.023121597715220658,0.03447385555041517,0.14198985695838923,0.15450466771920518,0.9190004357437265
2024-07-02,0.1497689932584762,0.150966003537178,0.1466809958219528,0.1467600017786026,26728300,,,,,0.021087221103577747,0.020867962667607313,0.0194739634901835,0.03462736067372616,0.14322785607406066,0.15340970059235887,0.933629721725659
2024-07-03,0.142547994852066,0.150745004415512,0.141427993774414,0.1497740000486374,33600897,,,,,-0.048214241474855535,-0.04941531308289949,0.02941411156125271,0.035399203139365065,0.143494284578732,0.15203666687011716,0.9438136702991339
2024-07-04,0.1313100010156631,0.1429000049829483,0.1313100010156631,0.1425399929285049,62492717,,,,,-0.07883656201594091,-0.08211780137595119,0.04238877072785703,0.037593091840571316,0.14187214204243245,0.1502065002918243,0.944513997508765
2024-07-05,0.1305550038814544,0.1333819925785064,0.1157890036702156,0.1312360018491745,106637909,,,,,-0.005749730625001059,-0.005766323961510845,0.042213322190063615,0.03732952997078626,0.14057357183524535,0.14827143351236977,0.9480826380728139
2024-07-06,0.1388020068407058,0.1392389982938766,0.1290100067853927,0.1305640041828155,37846710,,,,,0.0631688002302826,0.06125388283045438,0.05011076924940993,0.03965908115854975,0.14055128608431128,0.14670613358418141,0.9580464200814179
2024-07-07,0.1265199929475784,0.1387919932603836,0.1260949969291687,0.1387919932603836,36004620,,,,,-0.08848585242159124,-0.09264816377881574,0.05749763346681745,0.041438740531483116,0.1380257138184138,0.14509953310092286,0.951248504172726
2024-07-08,0.1332689970731735,0.1369919925928115,0.1224619969725608,0.1265220046043396,59638595,,,,,0.05334338050739085,0.05196927734160398,0.06242037224015898,0.04228912815166657,0.13611042712415963,0.14400086651245747,0.9452056117480707
2024-07-09,0.1395789980888366,0.1408209949731826,0.1328800022602081,0.1332689970731735,39039605,,,,,0.04734785399636854,0.04626111548331071,0.06542906689723985,0.04303783269002789,0.13465471352849684,0.14297583301862074,0.9418005175109546
2024-07-10,0.1393540054559707,0.1415469944477081,0.1369549930095672,0.1395809948444366,25786438,,,,,-0.0016119375833509864,-0.001613238152549445,0.06309046623444563,0.04293859984739828,0.13419842932905465,0.14207069973150882,0.9445890643367597
2024-07-11,0.1372109949588775,0.1429049968719482,0.136813998222351,0.1393630057573318,26624483,,,,,-0.015378176537381938,-0.015497647103125923,0.053504816113578844,0.04234900072541164,0.13504142846379955,0.14133799970149988,0.9554502593004115
2024-07-12,0.1381459981203079,0.1386220008134842,0.134113997220993,0.1371999979019165,27744068,,,,,0.006814345757864437,0.0067912330430881344,0.0532434909901119,0.04150643668368589,0.1361258562122072,0.1404122665524482,0.9694726789511664
2024-07-13,0.1434160023927688,0.1446709930896759,0.1380009949207306,0.138150006532669,26477140,,,,,0.0381480777160943,0.03743843132843211,0.04993721107694507,0.04082449108949869,0.1367849984339305,0.13999776641527806,0.9770512911483354
2024-07-14,0.151988998055458,0.1533060073852539,0.1434070020914077,0.1434070020914077,28522880,,,,,0.05977712054203432,0.05805862237588732,0.029145463866991645,0.04194306985841146,0.14042342773505614,0.14002386629581448,1.0028535238299845
2024-07-15,0.1580879986286163,0.1595969945192337,0.1520140022039413,0.1520140022039413,46360981,,,,,0.04012790827749835,0.0393436943191515,0.027636646425570264,0.04253615855068476,0.14396899938583368,0.14021789977947868,1.0267519311889164
2024-07-16,0.1586560010910034,0.1621560007333755,0.1533579975366592,0.1580650061368942,48826456,,,,,0.003592951187404436,0.003586511957569942,0.026700877388648687,0.04236990765812235,0.14669428552900038,0.14032129993041353,1.04541709349719
2024-07-17,0.1548320055007934,0.1623879969120025,0.154790997505188,0.1586470007896423,35519846,,,,,-0.024102432709220967,-0.024397649623176434,0.03063239443012197,0.040600596375371646,0.14890542839254645,0.1406418000658353,1.0587565597343243
2024-07-18,0.151880994439125,0.1574040055274963,0.1496499925851822,0.1548060029745102,32231120,,,,,-0.019059438338498214,-0.01924341079214781,0.03128073883749367,0.037742578398532935,0.1510011426040104,0.14123823344707487,1.06912369914761
2024-07-19,0.1579860001802444,0.1593829989433288,0.1499789953231811,0.1518760025501251,36826331,,,,,0.040195982148156784,0.039409139773098394,0.032350261649131566,0.03791773927569838,0.15383542861257274,0.14188633362452185,1.0842159683939128
2024-07-20,0.1582369953393936,0.1612520068883896,0.1567270010709762,0.1579840034246444,28624364,,,,,0.0015887177272848607,0.0015874570503396134,0.03180955910764617,0.03789605685255982,0.1559527133192334,0.14255673338969546,1.0939694647247455
2024-07-21,0.1593450009822845,0.1607459932565689,0.1516699939966201,0.1582369953393936,33450490,,,,,0.007002190862600788,0.0069777893672271635,0.02520420986622592,0.03789519916909165,0.15700357088020866,0.14323016653458273,1.096162733583783
2024-07-22,0.1510799974203109,0.1597169935703277,0.1510470062494278,0.1593450009822845,29926010,,,,,-0.05186860906224777,-0.053262188295332,0.02922859242330499,0.038582257546807615,0.15600242785045074,0.14380099972089128,1.0848493971060122
2024-07-23,0.1436090022325515,0.1524969935417175,0.142546996474266,0.1510799974203109,38713630,,,,,-0.0494505911790214,-0.05071513647833468,0.033066376984897825,0.039758870616659815,0.1538528565849576,0.14417833288510634,1.0671010928359168
2024-07-24,0.1398980021476745,0.1466509997844696,0.1391579955816269,0.1436080038547516,28403649,,,,,-0.02584099901249659,-0.02618074329563033,0.03316443718714236,0.03992568983880723,0.15171942753451204,0.14433363278706862,1.0511716819207306
2024-07-25,0.1371770054101944,0.1399050056934356,0.1329140067100525,0.1398980021476745,39102626,,,,,-0.019449861296860105,-0.019641498800870263,0.03317428743495502,0.03931462016513284,0.14961885767323624,0.1442027663191159,1.0375588589065947
2024-07-26,0.1426829993724823,0.1429879963397979,0.1365920007228851,0.1371770054101944,27636511,,,,,0.040137878398960325,0.03935327974955747,0.03315914864699664,0.03999277310986312,0.14743271470069882,0.14426943312088641,1.0219262078694233
2024-07-27,0.1431200057268142,0.1459340006113052,0.1407240033149719,0.1426829993724823,26524091,,,,,0.0030627780201835098,0.0030580972705457504,0.033282894698882404,0.03991506847451394,0.1452731447560446,0.1442846000194549,1.006851353065098
2024-07-28,0.139164999127388,0.1431210041046142,0.1375979930162429,0.1431200057268142,19265828,,,,,-0.027634198163570933,-0.02802320598169448,0.03215580427789257,0.04005626745695569,0.14239028734820228,0.1442686001459757,0.9869804462241064
2024-07-29,0.138931006193161,0.1448139995336532,0.138833999633789,0.139164999127388,30771176,,,,,-0.0016814065008745605,-0.001682821651303039,0.028825442117839068,0.040047186270416986,0.14065471717289513,0.1442677001158396,0.9749563974469447
2024-07-30,0.137592002749443,0.1424479931592941,0.1359580010175705,0.138931006193161,26198260,,,,,-0.009637902153075473,-0.009684647324768815,0.023271823003004406,0.039461609366840164,0.13979514581816535,0.144047466913859,0.9704797231995995
2024-07-31,0.1357070058584213,0.1417620033025741,0.1355900019407272,0.137592002749443,32673473,,,,,-0.013699901544818038,-0.01379461119944051,0.021923655394931595,0.03936193052236054,0.13919643206255775,0.14368183364470793,0.9687824029776684
2024-08-01,0.1347299963235855,0.1367979943752288,0.1262950003147125,0.1357070058584213,38689995,,,,,-0.007199403808636595,-0.007225444576847985,0.020960967291845885,0.03911800746940341,0.13884685933589933,0.14318053374687825,0.9697327960891652
2024-08-02,0.1240710020065307,0.1354880034923553,0.1236400008201599,0.1347299963235855,39517135,,,,,-0.07911374310034669,-0.08241874991959544,0.029256800345894035,0.040877518995156806,0.1361880025693348,0.1425646339853604,0.9552719967233921
2024-08-03,0.1206279993057251,0.1263249963521957,0.1171009987592697,0.1240710020065307,34840255,,,,,-0.027750261101497142,-0.028142574500183395,0.027487442650502642,0.03846596139845419,0.1329748587948935,0.1422085672616958,0.9350692532482224
2024-08-04,0.1146320030093193,0.1223499998450279,0.110445000231266,0.1206279993057251,39413941,,,,,-0.04970650537947885,-0.050984400394400886,0.029298789415992607,0.039458182155080186,0.12947014506374083,0.14167780056595797,0.9138350859947612
2024-08-05,0.1102500036358833,0.1151190027594566,0.0950540006160736,0.1146320030093193,153298380,,,,,-0.038226666710863944,-0.03897647636081353,0.027085473766309875,0.03792671605484324,0.12537285898412973,0.14072606712579724,0.8909000410851883
2024-08-06,0.1125880032777786,0.1160269975662231,0.1096379980444908,0.1102500036358833,44132221,,,,,0.021206345258879766,0.020984619897889138,0.03326681815045586,0.034683556098387254,0.12180085905960626,0.14026166747013724,0.8683830818248227
2024-08-07,0.1096720024943351,0.1171929985284805,0.1086089983582496,0.1125880032777786,38644153,,,,,-0.025899746851794636,-0.026241051326187495,0.032667644249801814,0.03324990011268198,0.11808157286473679,0.13947510098417598,0.8466139979933309
2024-08-08,0.1223179996013641,0.1225979998707771,0.1079659983515739,0.1096720024943351,35316922,,,,,0.11530743325017889,0.10913009179501376,0.06245976511607224,0.03828902364604787,0.11630843047584803,0.13889973436792688,0.8373553124857857
2024-08-09,0.120168998837471,0.1223350018262863,0.1182800009846687,0.1223179996013641,27748475,,,,,-0.017568965899513733,-0.01772513200221543,0.05495029528011627,0.038361512504203714,0.11575100145169666,0.13826023414731023,0.837196625375081
2024-08-10,0.1210749968886375,0.1224839985370636,0.1182319968938827,0.120168998837471,19115569,,,,,0.007539365892461847,0.007511086921493204,0.05404556892954707,0.03837310363621294,0.11581485824925555,0.1377223675449689,0.840929910760065
2024-08-11,0.1153319999575614,0.1239769980311393,0.1151859983801841,0.1210749968886375,24492222,,,,,-0.04743338491561888,-0.04859523733030262,0.05367229090303197,0.03915201115129178,0.11591485781329014,0.13696190093954402,0.84632921285501
2024-08-12,0.1197249963879585,0.1206109970808029,0.1144749969244003,0.1153319999575614,29536729,,,,,0.038090004786300424,0.03738249079800987,0.05195639031978409,0.03914987143830223,0.11726842820644374,0.13617220073938366,0.8611774471566386
2024-08-13,0.1211320012807846,0.1216529980301857,0.116006001830101,0.1197249963879585,25434872,,,,,0.011751972731465665,0.011683454593005118,0.05180040147381579,0.037409413618246956,0.11848899934973031,0.13514363418022787,0.8767634529622986
2024-08-14,0.1195719987154007,0.1220880001783371,0.1174219995737075,0.1211320012807846,24045515,,,,,-0.012878533739138165,-0.012962181000241843,0.05045858542540128,0.03635175326813662,0.11990328452416825,0.13385976751645404,0.895738030543268
2024-08-15,0.1156319975852966,0.1218160018324852,0.1148910000920295,0.1195719987154007,27054678,,,,,-0.03295086786566048,-0.033505975993983604,0.029169978349099585,0.036528438525394086,0.11894814137901576,0.1324256340662638,0.8982259531375617
2024-08-16,0.1157170012593269,0.1201099976897239,0.1134549975395202,0.1156319975852966,29506494,,,,,0.0007351224211757934,0.0007348523510370403,0.028981255950327953,0.03648793914656585,0.11831214172499517,0.13112180059154824,0.9023071769243326
2024-08-17,0.1183940023183822,0.118706002831459,0.1148200035095214,0.1157170012593269,17912725,,,,,0.023134034151611083,0.02287049906309196,0.030654226697684715,0.03691598334118463,0.11792914250067299,0.13000556752085682,0.9071084011979225
2024-08-18,0.1187819987535476,0.1206950023770332,0.1170860007405281,0.1183940023183822,19040973,,,,,0.0032771629269023883,0.0032718047317386004,0.02321930374392548,0.035880514605062815,0.11842199947152816,0.12869876747330028,0.9201486680600565
2024-08-19,0.1239269971847534,0.1246339976787567,0.1174229979515075,0.1187819987535476,25338482,,,,,0.043314630880061156,0.04240279004922255,0.024459094714233017,0.037069811104302006,0.11902228529964172,0.1275551008681456,0.9331048659722022
2024-08-20,0.1280370056629181,0.12984000146389,0.123488999903202,0.1239269971847534,33448285,,,,,0.0331647548276941,0.03262666902480545,0.0266095495456869,0.0377207273801887,0.12000871449708936,0.12651150102416672,0.9485992461204363
2024-08-21,0.1347749978303909,0.1376589983701706,0.1268859952688217,0.1280370056629181,34971512,,,,,0.0526253494650748,0.051287376361860114,0.02916443560503281,0.038154234621633976,0.12218057151351654,0.12596800103783604,0.9699333998069725
2024-08-22,0.1357139945030212,0.1369310021400451,0.1344459950923919,0.1347749978303909,23507102,,,,,0.006967142925218273,0.006942984530035193,0.0200499097373335,0.03714880088082424,0.1250494282160486,0.12570483411351838,0.9947861520036859
2024-08-23,0.1441570073366165,0.1451559960842132,0.1354169994592666,0.1357139945030212,31069084,,,,,0.062211807002757746,0.060353344556093196,0.021673574858916057,0.03853107183565148,0.12911228622708998,0.12584680095314976,1.0259480991905061
2024-08-24,0.14648999273777,0.1484169960021972,0.1421660035848617,0.1441570073366165,26210107,,,,,0.016183642018218647,0.016054082840905533,0.022265382306337893,0.038422680086276036,0.13312599914414538,0.12615723386406896,1.055238729216155
2024-08-25,0.1418009996414184,0.1466670036315918,0.1414200067520141,0.14648999273777,23120916,,,,,-0.03200896531372832,-0.0325324534361856,0.0316684009168671,0.03826630085279388,0.13641442784241264,0.1261278338730335,1.0815568907631772
2024-08-26,0.1345099955797195,0.1428859978914261,0.1343020051717758,0.1418009996414184,24733417,,,,,-0.05141715559224658,-0.05278615087217812,0.04189032168390637,0.03944221953836489,0.13792628475597923,0.125840833534797,1.0960375967141096
2024-08-27,0.1282079964876175,0.1363240033388137,0.1261460036039352,0.1345099955797195,25048909,,,,,-0.04685152999181397,-0.047984595218649284,0.04605407141841434,0.04005872597228337,0.13795071201665057,0.1254756001134713,1.0994226119811155
2024-08-28,0.1269010007381439,0.1312289983034134,0.1251560002565384,0.1282079964876175,30743409,,,,,-0.010194338771995604,-0.010246656913114176,0.04017256105468583,0.04008148702182573,0.1368258552891867,0.12507459993163741,1.0939539711817765
2024-08-29,0.1266590058803558,0.132652997970581,0.1254139989614486,0.1269010007381439,21362153,,,,,-0.001906957836269818,-0.001908778395218753,0.03973873858673342,0.04006203328631484,0.1355322854859488,0.12471016670266784,1.0867781598679354
2024-08-30,0.1284579932689666,0.1291120052337646,0.1221570000052452,0.1266590058803558,23614334,,,,,0.01420339103490309,0.014103467929594143,0.028323567920518683,0.04012080410480804,0.13328956919057025,0.12446853294968602,1.0708696088227372
2024-08-31,0.1232990026473999,0.1288989931344986,0.1232950016856193,0.1284579932689666,15669362,,,,,-0.040160915566886835,-0.04098962895229523,0.025467978520698504,0.0407460860154117,0.12997657060623166,0.1240874998271465,1.0474590171233091
2024-09-01,0.1185000017285347,0.123378001153469,0.1177690029144287,0.1232990026473999,21210865,,,,,-0.03892165237207135,-0.03969934614673393,0.025978002731706796,0.03856115598601933,0.12664785661867684,0.12390179981787997,1.0221631711955212
2024-09-02,0.125558003783226,0.1258669942617416,0.1181709989905357,0.1185000017285347,22210856,,,,,0.05956119790495973,0.05785485817652163,0.037717907316871205,0.03969450957302635,0.1253690006477492,0.12406613330046333,1.0105013939954959
2024-09-03,0.1193939968943595,0.1269250065088272,0.1193939968943595,0.125558003783226,20243659,,,,,-0.04909290290652102,-0.0503389109106113,0.03812306667306508,0.03966533614955281,0.12410985784871234,0.12422486642996468,0.9990741903408109
2024-09-04,0.1224310025572776,0.1243970021605491,0.1149910017848014,0.1193939968943595,28691194,,,,,0.025436837210544683,0.025118704444776638,0.040388069571491256,0.03914066234847047,0.12347128668001717,0.12463089972734448,0.9906956216326432
2024-09-05,0.1177280023694038,0.1224580034613609,0.1161440014839172,0.1224310025572776,21520807,,,,,-0.03841347444388987,-0.03917072782421414,0.04230397472529074,0.039749818964978374,0.12219542903559544,0.12480223303039865,0.9791125212145181
2024-09-06,0.1161800026893615,0.1210549995303154,0.1119699999690055,0.1177280023694038,33176279,,,,,-0.013148950537570703,-0.013236163335831812,0.04089843152662272,0.03950716074391176,0.12044143038136615,0.12501916637023286,0.9633837264975023
2024-09-07,0.120738998055458,0.1224860027432441,0.1155640035867691,0.1161800026893615,22942654,,,,,0.039240792395970114,0.03849043925662936,0.04323645623629245,0.03471109209891479,0.12007571543966016,0.12496653298536932,0.9608629812408914
2024-09-08,0.1251749992370605,0.1268240064382553,0.120227001607418,0.120738998055458,27726082,,,,,0.036740417371733836,0.03608157715177846,0.041984270306918946,0.035173824281010374,0.1210292865123067,0.12513339966535564,0.9672020966103009
2024-09-09,0.1279129981994629,0.1289789974689483,0.1241429969668388,0.1251759976148605,24331996,,,,,0.021873369115961383,0.021637579130059714,0.03668956769871007,0.03535310504870644,0.12136571428605482,0.12536133304238314,0.9681271835632327
2024-09-10,0.1294430047273636,0.1294430047273636,0.1259659975767135,0.1279129981994629,21062636,,,,,0.011961306117732162,0.01189033507276572,0.02828579231323074,0.03407993277423662,0.12280128683362682,0.1258316998680432,0.97591693478198
2024-09-11,0.1270799934864044,0.1296309977769851,0.1226830035448074,0.1294430047273636,24092957,,,,,-0.01825522550203651,-0.018423908178403885,0.029562122373634748,0.03370737343102407,0.12346542839493066,0.1260768664379914,0.9792869372721511
2024-09-12,0.1300320029258728,0.1304190009832382,0.1267170011997223,0.1270799934864044,19596575,,,,,0.02322953722675658,0.022963838366577026,0.022447525096347953,0.033881732239552646,0.12522314276014052,0.12637353315949434,0.9908969040384276
2024-09-13,0.1332699954509735,0.1335929930210113,0.1271619945764541,0.1300320029258728,22561860,,,,,0.02490150464687213,0.024596514945698925,0.01903584214497656,0.03398965532982419,0.12766457029751366,0.1268301330506801,1.006579171895216
2024-09-14,0.1312599927186966,0.1337150037288665,0.1305609941482544,0.1332699954509735,16663791,,,,,-0.015082185044542507,-0.015197077884518535,0.020884449618887725,0.033460396915954205,0.12916756953511918,0.12735106622179346,1.0142637464076045
2024-09-15,0.126470997929573,0.1316179931163787,0.1262149959802627,0.1312599927186966,17413691,,,,,-0.0364848015753505,-0.0371670170698235,0.02476056526374211,0.03430171572308742,0.12935271220547812,0.12770953277746833,1.0128665369943293
2024-09-16,0.1236540004611015,0.1278350055217743,0.122418999671936,0.126470997929573,23011699,,,,,-0.022273861316727928,-0.02252566995698881,0.024389466607928362,0.03439437558595436,0.1287442839571408,0.12788486604889232,1.0067202471629435
2024-09-17,0.123988002538681,0.1273339986801147,0.1223250031471252,0.1236540004611015,20510480,,,,,0.0027011020778464623,0.0026974606573873777,0.023572433319421476,0.03439348580071231,0.12796499793018612,0.12805839950839676,0.9992706329411487
2024-09-18,0.1275250017642974,0.1275359988212585,0.1194690018892288,0.123988002538681,27478413,,,,,0.028526947391647406,0.02812763044012486,0.025976799800069506,0.03390231431231531,0.1280285705413137,0.12817833299438156,0.9988316086691935
2024-09-19,0.1315000057220459,0.1333750039339065,0.1275250017642974,0.1275250017642974,27157650,,,,,0.03117038935702543,0.030694457487571273,0.027225349838057782,0.03384184969263269,0.12823828522648126,0.1282937663296858,0.9995675463836491
2024-09-20,0.1328449994325637,0.1352629959583282,0.1304430067539215,0.1315000057220459,27264172,,,,,0.010228088608305708,0.010176135662596288,0.02569834636890863,0.032537944861143836,0.1281775715095656,0.12822943304975823,0.9995955566599714
2024-09-21,0.1362659931182861,0.1363860070705413,0.1320250034332275,0.1328449994325637,19801634,,,,,0.025751768605027703,0.02542577654537702,0.02639215786240897,0.03285677824794538,0.12889271442379266,0.1282478330036004,1.0050284001303489
2024-09-22,0.132188007235527,0.136473000049591,0.1298249959945678,0.1362659931182861,20356851,,,,,-0.029926658804880102,-0.03038360086345612,0.02463715715232954,0.03125987831935425,0.12970943003892893,0.12784886633356407,1.0145528369450736
2024-09-23,0.1341370046138763,0.1354469954967498,0.130404993891716,0.132188007235527,26533571,,,,,0.01474413162819399,0.014636493648646673,0.021142509550636096,0.031231314192049706,0.13120700206075392,0.12743710006276762,1.029582452803222
2024-09-24,0.1385959982872009,0.1394329965114593,0.1313869953155517,0.1341370046138763,27815835,,,,,0.033242084733889676,0.03270151382763052,0.022052785561517952,0.03137028847218573,0.13329385859625678,0.12733026668429373,1.0468356194269925
2024-09-25,0.1372079998254776,0.1422220021486282,0.136814996600151,0.1385959982872009,32971870,,,,,-0.010014708064276623,-0.010065192594444718,0.023220319572331463,0.029860572669491867,0.1346771440335682,0.1274202001591523,1.056952852572447
2024-09-26,0.1436399966478347,0.1439429968595504,0.1347710043191909,0.1372079998254776,31772236,,,,,0.04687770997710272,0.045812124662788084,0.02595810222597971,0.02949970484156287,0.13641142845153803,0.1279346001644929,1.0662590751536019
2024-09-27,0.1442520022392273,0.1469630002975464,0.1431179940700531,0.1436399966478347,29700755,,,,,0.004260690654936949,0.004251639612528752,0.026146761965908313,0.02938036288896562,0.13804100028106142,0.12851296688119568,1.0741406383425416
2024-09-28,0.14130699634552,0.1450580060482025,0.1393689960241317,0.1442549973726272,24296110,,,,,-0.0204157020214063,-0.020626983045867537,0.02787434829869933,0.029713016678812744,0.1387611435992377,0.12900123323003448,1.0756574966364807
2024-09-29,0.1412709951400756,0.1435039937496185,0.138943001627922,0.1413149982690811,20492950,,,,,-0.00025477298630249834,-0.00025480544645320317,0.023439273670477923,0.029654375151084583,0.14005871329988748,0.12942833329240477,1.0821333299832157
2024-09-30,0.1342930048704147,0.1412789970636367,0.1337099969387054,0.1412709951400756,27836648,,,,,-0.0493943591374999,-0.05065598081762488,0.03234938707582422,0.03019825961253727,0.14008099905082155,0.12979480003317195,1.0792497004118866
2024-10-01,0.1248589977622032,0.1370549947023391,0.1226809993386268,0.1342930048704147,41492485,,,,,-0.07024943046970167,-0.07283893361430757,0.038641109633845226,0.03233855209939832,0.1381185704043933,0.13000676656762755,1.0623952433471693
2024-10-02,0.1212470009922981,0.1283960044384002,0.1196909993886947,0.1248589977622032,31959008,,,,,-0.028928606144862923,-0.029355287281327677,0.03892472055740514,0.031013131315566735,0.13583842771393909,0.12986306647459664,1.0460127840929379
2024-10-03,0.1219940036535263,0.1241450011730194,0.1187240034341812,0.1212470009922981,35579493,,,,,0.006160999077211571,0.0061420977168445004,0.030009081958485076,0.029607520838262857,0.13274614300046644,0.12994973336656884,1.021519164075615
2024-10-04,0.1259060055017471,0.1275960057973861,0.1215220019221305,0.1219940036535263,29471037,,,,,0.03206716503321938,0.031563747338134114,0.03547182605491951,0.029813346508600156,0.13012528632368356,0.13006556679805117,1.0004591493898236
2024-10-05,0.1258399933576584,0.1276679933071136,0.123538002371788,0.1259060055017471,15566217,,,,,-0.0005242970247976153,-0.0005244345165424967,0.03616594318751683,0.028839788718245957,0.12791571446827477,0.13033596649765966,0.9814306664965855
2024-10-06,0.126812994480133,0.1278979927301406,0.1249189972877502,0.1258399933576584,16137628,,,,,0.007732050014570335,0.007702310913631172,0.036881829577648635,0.028705862584491513,0.12585028580256868,0.13069039955735204,0.9629650397337769
2024-10-07,0.1247010007500648,0.1295900046825409,0.1246490031480789,0.126812994480133,27920918,,,,,-0.016654395227604812,-0.01679463896469424,0.033561855716888786,0.028111967660528626,0.12447999949966156,0.13082246631383893,0.9515185197704346
2024-10-08,0.1211939975619316,0.1262699961662292,0.1205139979720115,0.1247010007500648,26216046,,,,,-0.028123296260967434,-0.028526330572697114,0.022076915362529655,0.027810938295239448,0.1239564280424799,0.1306897662580013,0.9484784585027968
2024-10-09,0.1186520010232925,0.1238989979028701,0.1178800016641616,0.1211939975619316,27012086,,,,,-0.020974607569488768,-0.021197699678170288,0.020703794983161525,0.027703914605013574,0.12358571376119339,0.13038106635212895,0.9478808328459065
2024-10-10,0.1183549985289573,0.1203859969973564,0.1157120019197464,0.1186520010232925,24920905,,,,,-0.002503139363632778,-0.002506277454783133,0.02031540763778683,0.02757032385534854,0.12306585588625496,0.13001146614551543,0.9465769407485446
2024-10-11,0.121298998594284,0.1222890019416809,0.1179820001125335,0.1183549985289573,20038641,,,,,0.024874319647821386,0.024569990094805347,0.018331252189162196,0.027856075747591053,0.12240771204233165,0.12981876631577807,0.9429123039467239
2024-10-12,0.1218409985303878,0.1239769980311393,0.1208140030503273,0.121298998594284,16950419,,,,,0.004468296872892186,0.004458343672641841,0.018642841872442306,0.027497054850475124,0.12183642706700729,0.12954573283592857,0.9404896973435225
2024-10-13,0.1207010000944137,0.1227250024676323,0.1190679967403411,0.1218409985303878,17094204,,,,,-0.009356443641503565,-0.009400490121210836,0.01786422784369315,0.02705291248751624,0.12096328501190454,0.12912676632404324,0.9367793251195304
2024-10-14,0.1266659945249557,0.1271660029888153,0.1197919994592666,0.1207010000944137,25991722,,,,,0.0494195940868436,0.048237243800794874,0.026687127591411335,0.028529848515101056,0.1212439984083175,0.12897363305091852,0.9400681018301672
2024-10-15,0.1256870031356811,0.1281719952821731,0.1225859969854354,0.1266659945249557,35823639,,,,,-0.007728920401613548,-0.007758943303361805,0.023682921791547153,0.027745424302370116,0.12188585634742458,0.12894749989112214,0.9452362895778506
2024-10-16,0.1230480000376701,0.125899001955986,0.1223979964852333,0.1256870031356811,26415632,,,,,-0.020996626796504603,-0.021220190897301722,0.02368710122942647,0.027710214473119273,0.12251385620662138,0.12892729987700777,0.9502553479635066
2024-10-17,0.1197120025753974,0.1237519979476928,0.1176809966564178,0.1230480000376701,27865949,,,,,-0.027111350540044654,-0.0274856437766384,0.026727494395631077,0.02814724521021172,0.1227077139275414,0.12878476654489832,0.9528123334739418
2024-10-18,0.1232009977102279,0.1237379983067512,0.1195600032806396,0.1197120025753974,21363452,,,,,0.02914490660728064,0.028728269684920458,0.027361067667209495,0.028169008506463963,0.12297942808696195,0.1286406330764293,0.9559920932128508
2024-10-19,0.1233349964022636,0.1264369934797287,0.1218639984726905,0.1232009977102279,18384365,,,,,0.0010876429130133314,0.0010870518579925985,0.02734482211664679,0.027526177162588976,0.12319285635437278,0.12836846609910324,0.9596816110528673
2024-10-20,0.1303409934043884,0.1305609941482544,0.1218369975686073,0.1233349964022636,25319008,,,,,0.05680461512541313,0.055249841291966265,0.033237525311512625,0.029388547756520434,0.12456999825579773,0.12828499923149742,0.971041033651988
2024-10-21,0.1257109940052032,0.1313789933919906,0.124949000775814,0.1303409934043884,29361383,,,,,-0.035522204321555506,-0.036168468489281014,0.0327744165552404,0.029655495115586575,0.1244335696101188,0.127933165927728,0.9726451206594372
2024-10-22,0.1241479963064193,0.1281660050153732,0.1226359978318214,0.1257109940052032,26290733,,,,,-0.01243326179346893,-0.012511201496532252,0.03298434252707332,0.029256761615792805,0.12421371149165283,0.1276651655634244,0.9729647938297087
2024-10-23,0.1208230033516883,0.1243610009551048,0.1181069985032081,0.1241479963064193,22500408,,,,,-0.02678249390770937,-0.02714768005916368,0.03363682629157303,0.029427032964963386,0.12389585482222687,0.12722136552135146,0.973860438571016
2024-10-24,0.1220249980688095,0.1230190023779869,0.1197950020432472,0.1212100014090538,18918505,,,,,0.00994839296969352,0.009899233478109074,0.03195413817304224,0.028746767765322003,0.12422628274985716,0.12666899884740507,0.9807157542905144
2024-10-25,0.1140720024704933,0.1222790032625198,0.1114370003342628,0.1220249980688095,31675190,,,,,-0.0651751339822314,-0.06739607630989038,0.03883494294502849,0.03096694256746016,0.12292214057275222,0.12589779893557226,0.9763644925647761
2024-10-26,0.1144710034132003,0.1152340024709701,0.1117020025849342,0.1140699982643127,25618056,,,,,0.0034977990573121787,0.0034916959855946423,0.0389700620579514,0.029444465104406813,0.1216558558600289,0.12492549916108445,0.9738272544595598
2024-10-27,0.1158260032534599,0.1168240010738372,0.11387400329113,0.1144710034132003,15831578,,,,,0.011837057419410657,0.011767547446571129,0.028871106270282478,0.029580148300599907,0.11958228583846768,0.12397796586155888,0.9645446673322607
2024-10-28,0.1183390021324157,0.1192359998822212,0.1133439987897872,0.1158260032534599,25233849,,,,,0.021696327321738318,0.0214643119349407,0.030614308784201946,0.02992324532201044,0.11852914414235519,0.12321236605445539,0.9619906502726326
2024-10-29,0.1237829998135566,0.1242950037121772,0.1183250024914741,0.1183390021324157,26727150,,,,,0.04600341039760769,0.044976626055779,0.0365382555240771,0.03132484667771762,0.11847700178623195,0.12262943287690477,0.9661383813554694
2024-10-30,0.1207489967346191,0.1238930001854896,0.1202509999275207,0.1237829998135566,22737440,,,,,-0.024510660458280653,-0.024816047177844427,0.036263593278157286,0.03034930856733756,0.11846642941236492,0.1221779659390449,0.969621883142729
2024-10-31,0.1143179982900619,0.1209810003638267,0.1137000024318695,0.1207489967346191,25299244,,,,,-0.05325922880080891,-0.05472996012290494,0.041189894127129006,0.029076953118214472,0.11736542944397241,0.12182659928997351,0.9633809868123909
2024-11-01,0.114605002105236,0.1173470020294189,0.1123080030083656,0.1143179982900619,26393605,,,,,0.0025105741831297212,0.0025074279565551363,0.032271422490903985,0.028657715521065285,0.11744157224893566,0.12160519932707145,0.96576110971261
2024-11-02,0.11370600014925,0.1171069964766502,0.1132989972829818,0.114605002105236,17818134,,,,,-0.007844351812501982,-0.007875280590501065,0.0323912991749337,0.028636709319857616,0.1173322860683713,0.12132893254359557,0.9670594112101975
2024-11-03,0.1094919964671135,0.11404799669981,0.1059390008449554,0.11370600014925,34698456,,,,,-0.0370605216664488,-0.037764716164625456,0.0344903103783584,0.028603282107066974,0.11642742795603613,0.12078179890910778,0.9639484509056827
2024-11-04,0.109265998005867,0.1113810017704963,0.1058899983763694,0.1094919964671135,32041955,,,,,-0.0020640637538686946,-0.0020661968692215365,0.03220729194148958,0.028596986972908522,0.1151312845093863,0.1202293323973814,0.9575973035336747
2024-11-05,0.1141159981489181,0.1153070032596588,0.1092370003461837,0.109265998005867,28789257,,,,,0.044387094169868524,0.0434302005947786,0.0317583513892839,0.029848196341226367,0.1137502842715808,0.11980609918634093,0.9494532001635311
2024-11-06,0.1218860000371933,0.122137002646923,0.1141159981489181,0.1141159981489181,48375225,,,,,0.06808862923965808,0.06587072327429573,0.042242760602111976,0.03229553142423187,0.11391271331480568,0.1197122658292452,0.9515542331918446
2024-11-07,0.1225500032305717,0.1249039992690086,0.1201829984784126,0.1218860000371933,40807149,,,,,0.005447739635198401,0.00543295437482433,0.03430905753004808,0.03188127525279675,0.11508871402059281,0.11975746601819988,0.9610149400046796
2024-11-08,0.1313840001821518,0.1314260065555572,0.120908997952938,0.1225500032305717,55116961,,,,,0.07208483654593922,0.06960519808629205,0.04067157720705372,0.034002739642823195,0.11748571374586647,0.12018186599016185,0.9775660643801612
2024-11-09,0.1338620036840438,0.1338649988174438,0.1287029981613159,0.1313840001821518,36338557,,,,,0.018860770706147445,0.018685111643536402,0.038889873576538225,0.0340958505769473,0.1203651428222656,0.12069876616199807,0.9972359009926854
2024-11-10,0.1455069929361343,0.1499249935150146,0.1334230005741119,0.1338620036840438,108197816,,,,,0.08699249175723023,0.08341470080816092,0.033809276676025006,0.03689182112606224,0.12551014231784,0.12150569930672642,1.0329568327573249
2024-11-11,0.1592209935188293,0.1592749953269958,0.1420120000839233,0.1455069929361343,124437834,,,,,0.09424976975996135,0.0900689866798543,0.03232113488037541,0.03994775938469216,0.13264657024826318,0.12275169913967444,1.08060883212158
2024-11-12,0.1547179967164993,0.1632460057735443,0.1447699964046478,0.1592209935188293,177077174,,,,,-0.028281426354731742,-0.028689049731313337,0.045129296219796125,0.040405380742336336,0.13844685575791765,0.1238855990270773,1.1175379289053422
2024-11-13,0.1458269953727722,0.1558399945497512,0.1396449953317642,0.1547240018844604,131581479,,,,,-0.05746585098318413,-0.05918312793776352,0.057771460443558714,0.04148722237150278,0.14186699794871463,0.12452429905533786,1.1392716042165374
2024-11-14,0.1454129964113235,0.1550730019807815,0.1420640051364898,0.1458269953727722,112487935,,,,,-0.0028389734040011882,-0.0028430109324299926,0.05833535114468104,0.04144602167692922,0.14513313983167914,0.12518183216452594,1.159378620061506
2024-11-15,0.1853449940681457,0.1896090060472488,0.1454129964113235,0.1454129964113235,525499026,,,,,0.27461092641175133,0.24264097628540857,0.10141791236636241,0.05969883115584367,0.152841853243964,0.12725839863220847,1.2010354906766874
2024-11-16,0.196943998336792,0.2178689986467361,0.1832920014858245,0.186146005988121,558411813,,,,,0.0625806179819548,0.060700494685738064,0.10055358631873622,0.059774315564525844,0.1618535667657852,0.1298327984909216,1.2466308101423431
2024-11-17,0.1836999952793121,0.1978709995746612,0.1798010021448135,0.1969269961118698,178720239,,,,,-0.0672475585411415,-0.06961544939959054,0.1096135845107378,0.0617499434804879,0.16730970995766772,0.13184943174322442,1.2689452487250903
2024-11-18,0.2158980071544647,0.2300750017166137,0.1820340007543563,0.1836999952793121,587264551,,,,,0.1752749738844368,0.1615021405448171,0.11872612308853357,0.06734633993026305,0.17540642619132996,0.13493486543496444,1.2999340505947434
2024-11-19,0.2240120023488998,0.2369879931211471,0.2051129937171936,0.2158980071544647,387641278,,,,,0.03758253863191041,0.03689352526622609,0.11459570830360083,0.06708535309907421,0.18530556985310143,0.1380572323997815,1.3422373216674357
2024-11-20,0.2115380018949508,0.2276750057935714,0.2089589983224868,0.2240120023488998,228550117,,,,,-0.055684518343444345,-0.05729497199782463,0.11428980958241043,0.0677814190957328,0.19469285649912696,0.14091813266277306,1.3816025859854428
2024-11-21,0.214368000626564,0.2216459959745407,0.2034280002117157,0.2115380018949508,243630613,,,,,0.013378204891140832,0.013289506912212977,0.11312952084855281,0.06755280148622808,0.20454357138701845,0.14392546614011123,1.42117706388316
2024-11-22,0.2592160105705261,0.2616649866104126,0.214367002248764,0.2143889963626861,480009137,,,,,0.2092103756758399,0.18996756449819516,0.09953841860350521,0.07386176520835087,0.21509657374450136,0.14853856638073915,1.4480856991251583
2024-11-23,0.2937569916248321,0.319034993648529,0.2589519917964935,0.2592160105705261,973660409,,,,,0.13325172692181475,0.12509113470425196,0.1038003405268414,0.07598927801466744,0.22892700135707852,0.1542629661659399,1.484004923844281
2024-11-24,0.2840979993343353,0.3262200057506561,0.2568489909172058,0.2937569916248321,623351599,,,,,-0.032880893275325396,-0.03343361973359242,0.09712380239607854,0.07474202517624702,0.24326957336493898,0.15993049939473464,1.5210955651711553
2024-11-25,0.259880006313324,0.2929689884185791,0.2571650147438049,0.2840979993343353,353136238,,,,,-0.08524520791331192,-0.08909923641199713,0.10058265049773675,0.07774361083201593,0.2495527161019189,0.16477746615807212,1.51448327201804
2024-11-26,0.2974649965763092,0.2976660132408142,0.2515459954738617,0.259880006313324,446898300,,,,,0.1446244010694342,0.13507654919078702,0.10878675234137916,0.08011593028726718,0.2600460009915488,0.17083209926883378,1.522231489893018
2024-11-27,0.2931100130081177,0.3089399933815002,0.2868799865245819,0.2974649965763092,454692848,,,,,-0.014640322788615379,-0.01474854993341363,0.10346989308867133,0.08054308757497007,0.2716991454362869,0.17665779963135717,1.5379968843903777
2024-11-28,0.3240689933300018,0.3289560079574585,0.2833639979362488,0.2931109964847564,337633464,,,,,0.10562239073363444,0.10040842593693744,0.10403447888898279,0.08152284549549618,0.28737071582249235,0.18333399941523867,1.56747093686435
2024-11-29,0.4408630132675171,0.4666959941387176,0.3195700049400329,0.3240689933300018,1932840725,,,,,0.3603986260375831,0.30777776418096014,0.13396848684228996,0.0950167824028185,0.31332028763634817,0.19400446663300194,1.6150158451199779
2024-11-30,0.4426259994506836,0.4767380058765411,0.3988499939441681,0.4408630132675171,1788860026,,,,,0.00399894327741368,0.003990968756447386,0.13437110644262976,0.09352363661927805,0.334587288754327,0.20494806667168933,1.6325466943306641
2024-12-01,0.4875769913196563,0.517549991607666,0.4243330061435699,0.4426249861717224,1717511873,,,,,0.10155524511609948,0.09672304044296785,0.12839074736309275,0.0936250256636627,0.3636557161808014,0.21738046631217,1.6728996967858754
2024-12-02,0.5018870234489441,0.5493900179862976,0.458074003458023,0.4875830113887787,1874382870,,,,,0.029349276902006505,0.02892683259273391,0.10923909916996329,0.09310372191579948,0.3982281472001757,0.23031983375549314,1.7290223803432123
2024-12-03,0.5076709985733032,0.6027629971504211,0.501891016960144,0.501891016960144,2378210247,,,,,0.01152445640975519,0.011458555692002237,0.11146547233771648,0.09193941703362968,0.42825757605688913,0.2435924671590328,1.758090391922075
2024-12-04,0.4787189960479736,0.5366659760475159,0.4678399860858917,0.5076709985733032,1075403191,,,,,-0.05702906529365048,-0.058719818980267256,0.11847440121266596,0.0936359983787105,0.45477314506258276,0.25590756709376966,1.7770992480888412
2024-12-05,0.4526810050010681,0.4928910136222839,0.4473739862442016,0.4787189960479736,892391235,,,,,-0.05439097103281887,-0.055926083975739734,0.12628247628749684,0.09558553717688754,0.4731462895870208,0.2671930673221747,1.7708030164439592
2024-12-06,0.5004770159721375,0.5127999782562256,0.4324190020561218,0.4501529932022095,857895312,,,,,0.10558430869207025,0.10037398135825754,0.06415102976785267,0.09604020684867057,0.48166257568768095,0.27981276785333953,1.7213745440670476
2024-12-07,0.510837972164154,0.5246350169181824,0.4671800136566162,0.5004770159721375,923904527,,,,,0.020702161860302937,0.020490784442416584,0.0638478476144631,0.09585419870338721,0.4914071432181767,0.29275570015112556,1.6785570459072319
2024-12-08,0.4983629882335663,0.5162820219993591,0.4856460094451904,0.5157300233840942,495163777,,,,,-0.02442062769480069,-0.02472375646250756,0.055649922051070326,0.09665076818661347,0.49294799992016386,0.30498833308617274,1.6162847769684494
2024-12-09,0.418749988079071,0.4983629882335663,0.3717890083789825,0.4983629882335663,785273139,,,,,-0.1597490223675746,-0.1740546488757537,0.08507131228541692,0.10450839349528744,0.48107128058161047,0.31448459923267363,1.5297133206376397
2024-12-10,0.4251990020275116,0.4330910146236419,0.3723680078983307,0.418749988079071,944481961,,,,,0.015400630763057643,0.01528324472759351,0.08536281370509494,0.1042277118144859,0.4692895667893546,0.3238076662023862,1.4492849174733229
2024-12-11,0.4544399976730346,0.4633580148220062,0.4020099937915802,0.4252069890499115,537733966,,,,,0.06877014175971907,0.0665085871822128,0.0901838791419627,0.10389248995740166,0.4658211384500776,0.33364829967419307,1.3961442000602162
2024-12-12,0.4282189905643463,0.4764280021190643,0.4236840009689331,0.4543730020523071,573451492,,,,,-0.057699602242217374,-0.05943116165576983,0.09050713596836962,0.10469047416740034,0.46232656495911734,0.3427649994691213,1.3488149772443934
2024-12-13,0.4378660023212433,0.4547140002250671,0.4168089926242828,0.4282149970531463,400353418,,,,,0.02252822030191437,0.02227820787124128,0.07901455149408247,0.10323835292715947,0.45338213443756104,0.35249963303407034,1.2861917912797942
2024-12-14,0.4211249947547912,0.4378660023212433,0.40761598944664,0.4378660023212433,246870403,,,,,-0.03823317516706837,-0.038983243525176556,0.07722615237934916,0.10392366246893453,0.4405659948076521,0.3616900329788526,1.2180761277251209
2024-12-15,0.4307489991188049,0.4342209994792938,0.4073509871959686,0.4211249947547912,269172844,,,,,0.022853082775619704,0.022595862555918615,0.07955469955570722,0.09627988282576401,0.4309068535055433,0.3698701664805412,1.1650219254118004
2024-12-16,0.4136860072612762,0.4357390105724334,0.4020490050315857,0.4307489991188049,353781732,,,,,-0.039612377260155984,-0.04041830232757671,0.04532863222557677,0.09686781931424539,0.43018342767442974,0.3770949001113573,1.1407829369938316
2024-12-17,0.4130190014839172,0.4418880045413971,0.4046030044555664,0.4136770069599151,497935824,,,,,-0.0016123479297130983,-0.0016136491615166863,0.04471690912231218,0.09536777012798504,0.4284434275967734,0.38473886698484416,1.1135953873192928
2024-12-18,0.3673520088195801,0.4142520129680633,0.3661839962005615,0.4130190014839172,464840765,,,,,-0.11056874502205039,-0.11717305987924591,0.04993098456749515,0.09538763782018517,0.4160022863319942,0.3897873337070147,1.0672545010010102
2024-12-19,0.3334949910640716,0.3823220133781433,0.3224579989910126,0.3673520088195801,606760645,,,,,-0.09216505406980613,-0.09669269451431457,0.055246068028734614,0.09755498502169718,0.4024702864033835,0.39343676666418703,1.0229605377651625
2024-12-20,0.34757000207901,0.3547280132770538,0.2836160063743591,0.3334969878196716,651060423,,,,,0.04220456496221936,0.04133824360449308,0.058927739318684114,0.09675378187087262,0.3895708577973502,0.39797116667032234,0.9788921671304621
2024-12-21,0.3285279870033264,0.3745749890804291,0.3246369957923889,0.34757000207901,399136026,,,,,-0.05478612930282445,-0.05634405889642498,0.05958358761085546,0.09766570450839215,0.3763427138328552,0.40177649954954775,0.9366966815002679
2024-12-22,0.3475880026817322,0.3557550013065338,0.317764014005661,0.3285279870033264,369728362,,,,,0.05801641392035428,0.05639584741817945,0.06608817086111635,0.09227375071385764,0.36446257148470196,0.4047222326199213,0.9005252049668653
2024-12-23,0.3750270009040832,0.3780330121517181,0.3352780044078827,0.3475880026817322,414983910,,,,,0.07894115450088024,0.07598014771825093,0.07696701115834659,0.09057748996133608,0.35893985629081726,0.40743123292922967,0.8809826721192106
2024-12-24,0.3967519998550415,0.4126110076904297,0.3629550039768219,0.375025987625122,381202987,,,,,0.057929159496744376,0.05631337419698175,0.08150308644171055,0.09063905734499877,0.3566159989152636,0.4111863662799199,0.8672855623634493
2024-12-25,0.3810209929943084,0.3992359936237335,0.3783020079135895,0.3967519998550415,183934875,,,,,-0.039649470869663195,-0.04045692665487057,0.06807316963671037,0.08920798363171739,0.35856871094022474,0.41522439916928605,0.863554048503872
2024-12-26,0.3464410006999969,0.3832100033760071,0.3442850112915039,0.3810209929943084,196832756,,,,,-0.09075613399293214,-0.09514194134943274,0.06768766462565919,0.0882191884180008,0.36041814088821406,0.4168569326400756,0.8646087246422451
2024-12-27,0.3325369954109192,0.3688069880008697,0.3294529914855957,0.3464399874210357,260720536,,,,,-0.0401338330653247,-0.04096141368170133,0.06756062998336633,0.08855154264411347,0.35827056850705824,0.4181711653868357,0.8567557932303499
2024-12-28,0.3443830013275146,0.3499619960784912,0.3283950090408325,0.3325369954109192,154893492,,,,,0.03562312187838579,0.03500329568190844,0.06506296815785481,0.08689092815893026,0.3605355705533708,0.41884829898675274,0.8607784045573353
2024-12-29,0.3253040015697479,0.3479639887809753,0.3218590021133423,0.3443830013275146,159371149,,,,,-0.05540052698368292,-0.056994279411111126,0.06475233763256937,0.06552582266774473,0.35735214182308733,0.41499633193016044,0.8610971093672847
2024-12-30,0.3285830020904541,0.3489899933338165,0.3109939992427826,0.3253009915351867,241918064,,,,,0.01007980382929019,0.010029341424117239,0.05418323441340196,0.06557995419061646,0.3507172848497118,0.41119489868481945,0.8529222662330165
2024-12-31,0.3337010145187378,0.3513999879360199,0.317218005657196,0.3285830020904541,227972429,,,,,0.015576010918771699,0.015455949969545232,0.04636954630995375,0.0626347977363109,0.34171000123023987,0.4060656994581222,0.8415140744126817
2025-01-01,0.3762699961662292,0.3847939968109131,0.3272959887981415,0.3337010145187378,293751245,,,,,0.12756623383025723,0.12006153464295731,0.07063422181569087,0.06679239070815436,0.34103128739765715,0.401878465215365,0.8485930870043008
2025-01-02,0.3922429978847503,0.406823992729187,0.376242995262146,0.3762690126895904,355149024,,,,,0.04245090461973633,0.04157457969192624,0.05835458369437913,0.06734388313344365,0.3475744298526219,0.39803086519241326,0.8732348675638506
2025-01-03,0.4182330071926117,0.425830990076065,0.3921970129013061,0.3922500014305115,362071902,,,,,0.06625997009001505,0.06415717039200704,0.05410177594069572,0.06792457386316841,0.3598167172500065,0.3960146655639012,0.9085944247485104
2025-01-04,0.4097689986228943,0.4303439855575561,0.4059900045394897,0.4182330071926117,247562926,,,,,-0.02023754324540772,-0.020445127765724602,0.057659972471682086,0.06730437900801796,0.36915757400648935,0.3945842653512954,0.9355608077220999
2025-01-05,0.4051510095596313,0.4154700040817261,0.396723985671997,0.4097689986228943,220267450,,,,,-0.011269737532079382,-0.011333722205288194,0.04875519663673439,0.06439703669098029,0.38056428943361553,0.39140673180421187,0.9722987841302129
2025-01-06,0.4149760007858276,0.4310150146484375,0.3974440097808838,0.4051519930362701,277481613,,,,,0.02425019559219499,0.023960828406206662,0.04801826044944944,0.06445129172687597,0.39290614639009747,0.38821133275826764,1.0120934481702861
2025-01-07,0.3736410140991211,0.4247840046882629,0.3719910085201263,0.4149749875068664,346570360,,,,,-0.09960813784033695,-0.10492520801832063,0.07137165414566479,0.06683420038415452,0.3986118606158665,0.3840539336204528,1.037905944246364
2025-01-08,0.3591890037059784,0.3813750147819519,0.341821014881134,0.3736410140991211,310456946,,,,,-0.0386788651347274,-0.03944675843970864,0.0566011980985813,0.059532465595288554,0.3961717188358307,0.38206856747468304,1.0369126187332387
2025-01-09,0.3419679999351501,0.3628979921340942,0.3363380134105682,0.3591890037059784,234679223,,,,,-0.04794412855947261,-0.04913155742492473,0.054049749613358664,0.059931709791203325,0.3889895762716021,0.379294200738271,1.0255616234428568
2025-01-10,0.3732900023460388,0.384880006313324,0.3393580019474029,0.3419679999351501,320981441,,,,,0.09159337252850719,0.08763843849659408,0.06046219970272161,0.06094417136341026,0.382569147007806,0.3765892008940378,1.0158792288774388
2025-01-11,0.3773039877414703,0.3850420117378235,0.3591229915618896,0.3732750117778778,184677739,,,,,0.01075299464278312,0.010695592327115078,0.06124187199721032,0.060186382804629054,0.37793128831045963,0.37489203413327526,1.0081070118873316
2025-01-12,0.3605409860610962,0.3781790137290954,0.353967010974884,0.3773039877414703,145409603,,,,,-0.04442837135307498,-0.04544555354120878,0.06254270231678158,0.06042784286122463,0.3715584278106689,0.37231453359127037,0.9979691746832758
2025-01-13,0.3490979969501495,0.3728919923305511,0.3243780136108398,0.3605409860610962,270540549,,,,,-0.031738386350914416,-0.032252966185585485,0.06001478949402469,0.060315388056009334,0.36214728440557203,0.369913633664449,0.9790049661540134
2025-01-14,0.3724220097064972,0.3773239850997925,0.3458040058612823,0.3490979969501495,186216659,,,,,0.06681222166874345,0.0646749696424975,0.05634969182293882,0.061487284056914275,0.36197314092091143,0.36796940068403877,0.9837044608818544
2025-01-15,0.4454720020294189,0.4489929974079132,0.3706650137901306,0.3724220097064972,559239188,,,,,0.19614842952083267,0.1791067527785867,0.08461215685347333,0.06963165997134703,0.3742992835385458,0.3690289338429769,1.0142816706556983
2025-01-16,0.4637610018253326,0.4830250144004822,0.4268420040607452,0.4454770088195801,637648071,,,,,0.0410553294316931,0.040234938491004804,0.07694411646716738,0.06996546312200709,0.39169828380857197,0.3707203338543574,1.0565869957444958
2025-01-17,0.4695279896259308,0.4949109852313995,0.463450014591217,0.4637610018253326,435214084,,,,,0.012435258199589239,0.01235857543522293,0.07498629012230132,0.06613025379961904,0.40544656770569937,0.37412619988123574,1.0837160504514416
2025-01-18,0.4455989897251129,0.474155992269516,0.4350680112838745,0.4695279896259308,340690873,,,,,-0.050963947686871514,-0.052308491301254624,0.08156933704784333,0.06417056797204901,0.41520299656050547,0.3778629998366038,1.0988188754655743
2025-01-19,0.3963119983673095,0.4573619961738586,0.3914119899272918,0.4455989897251129,454305357,,,,,-0.11060840014069206,-0.11721764567770293,0.0951067180271321,0.06789300147389687,0.4203131411756788,0.3794877330462138,1.1075803104404782
2025-01-20,0.4288929998874664,0.4765720069408417,0.3856790065765381,0.3962459862232208,680190176,,,,,0.0822104848058629,0.07900569459747607,0.09547947199658093,0.06821536473375656,0.4317124273095812,0.3828332334756851,1.1276775095780722
2025-01-21,0.4239520132541656,0.4431929886341095,0.4066660106182098,0.4288870096206665,339673810,,,,,-0.011520324730404097,-0.011587197766869823,0.09513495046174354,0.06770999976692021,0.43907385638781954,0.38537870049476625,1.1393308862791771
2025-01-22,0.4050010144710541,0.4300499856472015,0.4041019976139068,0.4239520132541656,229509181,,,,,-0.0447008109187822,-0.045730700569490995,0.06508873393593757,0.06705393578386558,0.43329228673662457,0.38637783428033196,1.121421179720818
2025-01-23,0.4100160002708435,0.4219540059566498,0.3901689946651459,0.4049960076808929,275650082,,,,,0.012382649970245518,0.012306612017531601,0.06202207485266129,0.06631480966168665,0.4256144293716976,0.38681996762752535,1.1002907424404935
2025-01-24,0.4000920057296753,0.4258289933204651,0.3925040066242218,0.4099969863891601,227687863,,,,,-0.024203920175341342,-0.024501649004802586,0.06060353300343721,0.06603344726405301,0.41569500310080393,0.38745566805203757,1.0728840416524081
2025-01-25,0.4027020037174225,0.4088990092277527,0.3944700062274933,0.4000929892063141,146018042,,,,,0.00652349447219569,0.006502308569628873,0.059913526758490494,0.0634543062230194,0.40956686224256245,0.38933103481928505,1.051975890986112
2025-01-26,0.38229700922966,0.4178969860076904,0.38229700922966,0.402756005525589,168864398,,,,,-0.050670208490148916,-0.05199902597872721,0.04430996606603854,0.06376134197885286,0.40756472093718393,0.39098970194657645,1.0423924694386766
2025-01-27,0.3868730068206787,0.387800008058548,0.3473829925060272,0.3822979927062988,365539080,,,,,0.011969744676369576,0.011898673853510401,0.026914251649123474,0.06352113351649581,0.40156186478478567,0.3924060354630152,1.0233325394981938
2025-01-28,0.3635219931602478,0.3912929892539978,0.3580119907855987,0.3868730068206787,157857868,,,,,-0.06035834304473575,-0.062256692404418855,0.032219004916019624,0.0637020376605988,0.39292900477136883,0.3936799685160319,0.9980924512174348
2025-01-29,0.3692249953746795,0.3848359882831573,0.3544799983501434,0.3635219931602478,156208319,,,,,0.015688190320627182,0.015566402762344006,0.033004715169508626,0.06372901629975733,0.38781814490045813,0.3950347016255061,0.9817318410373749
2025-01-30,0.3880540132522583,0.39478200674057,0.366252988576889,0.3692150115966797,147563078,,,,,0.05099605420394582,0.04973833756231064,0.04009830427349774,0.06424885646336462,0.3846807181835174,0.3968464682499568,0.9693439376691726
2025-01-31,0.3789210021495819,0.401418000459671,0.3746170103549957,0.3880529999732971,147919829,,,,,-0.023535412058061533,-0.02381679359133609,0.04005175402303499,0.060634402928958976,0.3816562891006469,0.39693483511606853,0.9615086793504682
2025-02-01,0.3489280045032501,0.3853740096092224,0.3451919853687286,0.3789179921150207,120071841,,,,,-0.07915369556235852,-0.08246213565632704,0.048079789314754304,0.061933270726029166,0.373974289212908,0.39549100200335185,0.9455949372262545
2025-02-02,0.300381988286972,0.3560500144958496,0.2877469956874847,0.3488419950008392,274692517,,,,,-0.1391290340406769,-0.14981065110551767,0.06860155307068205,0.06601149555102326,0.36227214336395264,0.3915626347064972,0.9251958978044476
2025-02-03,0.3127979934215545,0.317654013633728,0.2327519953250885,0.3003830015659332,560479156,,,,,0.04133405336780971,0.040502634763453504,0.07256008341536338,0.06664664823894342,0.3516899985926492,0.3883302678664525,0.9056466304439499
2025-02-04,0.2921069860458374,0.3168529868125915,0.2786720097064972,0.3127979934215545,234487584,,,,,-0.06614814612263853,-0.06843746802626754,0.07304883984658034,0.06752522661900058,0.341487854719162,0.3845621337493261,0.8879913666740737
2025-02-05,0.2817650139331817,0.2984910011291504,0.2789010107517242,0.2921069860458374,149720369,,,,,-0.035404740751502684,-0.03604668609239564,0.07008080949556382,0.06734535799554656,0.3289935716560909,0.38012176752090454,0.8654952169714882
2025-02-06,0.2668319940567016,0.2964819967746734,0.2645620107650757,0.2817659974098205,153491398,,,,,-0.05299813368604145,-0.054454215033524996,0.05825345691529112,0.06557444274281739,0.31167614034243984,0.3765614668528239,0.8276899464709596
2025-02-07,0.2696210145950317,0.2949770092964172,0.2611919939517975,0.2668319940567016,179170092,,,,,0.010452346796679057,0.01039809870570273,0.062444210060699404,0.06546603420368236,0.2960618564060756,0.37357586721579233,0.792507981344144
2025-02-08,0.2760539948940277,0.2775500118732452,0.2647460103034973,0.2696210145950317,100253886,,,,,0.023859343117814014,0.023579156946025016,0.06564527722990328,0.06529626564305804,0.28565128360475806,0.3713787337144216,0.7691643534559919
2025-02-09,0.2756609916687011,0.2869150042533874,0.2593399882316589,0.2760539948940277,133202998,,,,,-0.0014236462163044195,-0.0014246605634075959,0.041233482303690505,0.06281616382259153,0.2821197126592908,0.36812443335851036,0.766370517939892
2025-02-10,0.2900049984455108,0.296889990568161,0.2692089974880218,0.2756609916687011,140253821,,,,,0.0520349531138915,0.05072633915699995,0.04353128393340777,0.06369233826881807,0.278863570519856,0.365214467048645,0.7635611282690851
2025-02-11,0.2860729992389679,0.313069999217987,0.2830159962177276,0.2900049984455108,142661294,,,,,-0.013558384261027512,-0.013651138505559659,0.03565582234827939,0.06332452001373548,0.27800157240458895,0.36273220082124075,0.7664099624328412
2025-02-12,0.3028160035610199,0.305184006690979,0.2785399854183197,0.2860729992389679,181776001,,,,,0.058527034591146165,0.05687835174007983,0.03848031989773092,0.06421802397179535,0.28100885663713726,0.36118946770826976,0.7780095538779834
2025-02-13,0.2933000028133392,0.307110995054245,0.2859619855880737,0.3028160035610199,130520996,,,,,-0.0314250258763592,-0.03192938651007994,0.032666116632564815,0.06302825100265529,0.2847900007452283,0.3585520674784978,0.7942779489405873
2025-02-14,0.2966060042381286,0.3081499934196472,0.2909539937973022,0.2933000028133392,125644536,,,,,0.011271740174150002,0.01120868747755056,0.03265467739358843,0.05240350996223596,0.2886449992656708,0.35358986755212146,0.8163271229007223
2025-02-15,0.2842999994754791,0.302249014377594,0.2815670073032379,0.2966080009937286,77208426,,,,,-0.04148939868651369,-0.042374656240976416,0.03832680011612477,0.05164434264580169,0.28982299992016386,0.3476078341404597,0.8337642925592222
2025-02-16,0.275422990322113,0.2853100001811981,0.2741929888725281,0.2842999994754791,66754589,,,,,-0.03122409134626747,-0.03172195425544968,0.04070538386237668,0.051427136767735866,0.2897889997277941,0.3411376674969991,0.8494781647949894
2025-02-17,0.2699410021305084,0.2833490073680877,0.2667300105094909,0.2754270136356354,90864422,,,,,-0.019903887417652588,-0.020104638062846198,0.03425007598862095,0.051016029167833994,0.2869227145399366,0.3352824012438456,0.8557643153219433
2025-02-18,0.2570509910583496,0.2714999914169311,0.245167002081871,0.2699410021305084,126649620,,,,,-0.04775121589689768,-0.048928950491550646,0.037295369679042005,0.0477987405572078,0.2827767133712768,0.33064036766688026,0.855239532204289
2025-02-19,0.2613959908485412,0.2640779912471771,0.252252995967865,0.2570509910583496,81821197,,,,,0.01690326021425559,0.016761989842124955,0.025610811412189627,0.044863902875528036,0.2768595686980656,0.32505713403224945,0.8517258651231384
2025-02-20,0.2709409892559051,0.2719840109348297,0.2604140043258667,0.2613959908485412,98275896,,,,,0.03651547361678742,0.035864581500825,0.032646486916195545,0.045868523759487495,0.27366542390414644,0.3199567665656407,0.8553200072673026
2025-02-21,0.2634179890155792,0.2893980145454407,0.2555449903011322,0.2709499895572662,137210734,,,,,-0.02776619462779162,-0.028158962940539992,0.031487425794869156,0.045572806858667755,0.2689242788723537,0.31523733238379154,0.8530851242737547
2025-02-22,0.2662979960441589,0.2717320024967193,0.2620539963245392,0.2634179890155792,84152424,,,,,0.010933220769555385,0.010873885205481397,0.030745288874772556,0.04554466382744381,0.2663525640964508,0.31044673224290203,0.8579654299213214
2025-02-23,0.2597360014915466,0.2683619856834411,0.2554669976234436,0.2662979960441589,71360694,,,,,-0.024641546876395415,-0.02495023131953221,0.030021878580307942,0.045548172909367704,0.26411156569208416,0.30576819876829775,0.8637640106328396
2025-02-24,0.2272530049085617,0.2610740065574646,0.2271859943866729,0.2597360014915466,134179389,,,,,-0.12506158713636029,-0.13360178040038145,0.05643765095154193,0.05026894200335862,0.2580132803746632,0.2999198988080024,0.860273964482209
2025-02-25,0.2315820008516311,0.236968994140625,0.2105930000543594,0.2272489964962005,165084520,,,,,0.019049235211702653,0.01887007025853432,0.05737472559688202,0.05033333667391712,0.2543748532022748,0.29489606519540146,0.8625915474108587
2025-02-26,0.2353119999170303,0.2411970049142837,0.2263610064983368,0.2315820008516311,118425540,,,,,0.016106601772513995,0.015978266656699623,0.05730335035542545,0.0504187296142506,0.25064856878348757,0.2898440316319465,0.8647705021636236
2025-02-27,0.2375189960002899,0.2430610060691833,0.2306260019540786,0.2353119999170303,84175264,,,,,0.00937902055159845,0.009335310629965296,0.0541688119063271,0.04987320700689621,0.24587399831839968,0.28564393172661456,0.8607709494550786
2025-02-28,0.2378180027008056,0.2419549971818924,0.2128649950027465,0.2375179976224899,155748823,,,,,0.0012588748923278992,0.0012580831737107668,0.05446271439677924,0.04964676774288627,0.24221685741628912,0.28126369863748546,0.8611735484872403
2025-03-01,0.2532219886779785,0.2573690116405487,0.23471100628376,0.2378180027008056,121815313,,,,,0.06477216107374506,0.0627608430103143,0.061574935738059736,0.05028214200469497,0.24034885636397765,0.2767692978183428,0.8684086647563428
2025-03-02,0.2906120121479034,0.2985860109329223,0.2443419992923736,0.2532219886779785,397583053,,,,,0.1476570959146586,0.13772255634010822,0.08129536158896117,0.05736998020339605,0.24475971502917152,0.27382566481828685,0.8938523538018113
2025-03-03,0.2378959953784942,0.2979719936847687,0.2362450063228607,0.2906120121479034,226786261,,,,,-0.18139655129802412,-0.2001555020057898,0.10276956482645576,0.06595889902002786,0.24628014223916186,0.2701245978474616,0.9117279366695638
2025-03-04,0.2390380054712295,0.2425809949636459,0.2181120067834854,0.2378910034894943,222337844,,,,,0.00480045950718222,0.0047889740437768264,0.10262567022484642,0.06071342801541538,0.24734528575624734,0.26807979842027024,0.9226554451838356
2025-03-05,0.2500289976596832,0.2543169856071472,0.2352070063352584,0.2390460073947906,125813108,,,,,0.045980103317823984,0.04495434377713592,0.10374284465802704,0.06084039414066615,0.24944771400519777,0.2659874985615412,0.9378174363615189
2025-03-06,0.2405260056257248,0.2595990002155304,0.2405200004577636,0.2500270009040832,108620628,,,,,-0.03800755961471736,-0.038748686574663516,0.10527180015616291,0.06005077172571009,0.2498772868088313,0.26426813254753745,0.9455445285817144
2025-03-07,0.2330649942159652,0.2474649995565414,0.2270410060882568,0.2405260056257248,132444406,,,,,-0.031019562272902257,-0.03151085539928363,0.10602566423783454,0.05997942080392148,0.24919828559671126,0.26264479855696354,0.9488034294448974
2025-03-08,0.2244559973478317,0.2358839958906173,0.2236399948596954,0.2330649942159652,75026573,,,,,-0.03693818068686938,-0.03763767473439023,0.10239403599464852,0.05959143632655391,0.24508885826383311,0.2612322653333346,0.9382028592490198
2025-03-09,0.2011090070009231,0.2263810038566589,0.1997070014476776,0.2244559973478317,113534298,,,,,-0.10401589007545464,-0.10983260062367674,0.08033162793312816,0.0624417232957224,0.2323027146714074,0.2589485317468643,0.8970999491840929
2025-03-10,0.1842270046472549,0.2138780057430267,0.1816869974136352,0.201106995344162,145126452,,,,,-0.08394453637569166,-0.08767836633287555,0.05222981838069222,0.0636841651555758,0.22463571599551607,0.25588763207197185,0.8778685948070137
2025-03-11,0.1907339990139007,0.199410006403923,0.1755910068750381,0.1842219978570938,132859069,,,,,0.03532052414956732,0.03471106394344244,0.05716564351351415,0.06425920082192088,0.21773514364446905,0.25305673231681186,0.8604202767143839
2025-03-12,0.195384994149208,0.2005150020122528,0.1862760037183761,0.1907339990139007,99279554,,,,,0.02438471986826185,0.024092159054966963,0.05285082815033479,0.06353868838055328,0.2099288574286869,0.24990273217360176,0.8400422660559552
2025-03-13,0.1955650001764297,0.2004480063915252,0.1888220012187957,0.195384994149208,95553534,,,,,0.0009212889045318029,0.0009208647783841494,0.0545113084558192,0.06359051565462717,0.20350585665021617,0.24688579887151715,0.8242914642333214
2025-03-14,0.1986400038003921,0.2047230005264282,0.1943310052156448,0.1955630034208297,77009930,,,,,0.015723690952820224,0.015601354445480171,0.05707855109384206,0.062470313071885615,0.1985880008765629,0.24341326554616288,0.8158470756759189
2025-03-15,0.1999209970235824,0.2034029960632324,0.1983020007610321,0.198634997010231,62874172,,,,,0.00644881795550889,0.0064281132950490694,0.05760107496144426,0.0624843796691294,0.19508300083024155,0.24030063201983767,0.8118289127684722
2025-03-16,0.1864050030708313,0.201556995511055,0.184918999671936,0.1999319940805435,87114204,,,,,-0.06760667540666965,-0.07000053122697605,0.04801893509630991,0.06316486854210206,0.19298242884022843,0.2366272653142611,0.815554490662483
2025-03-17,0.19132000207901,0.1945260018110275,0.1863580048084259,0.1864040046930313,70434804,,,,,0.02636731271805548,0.02602568727871686,0.035224001291077986,0.06339477898160535,0.19399571418762201,0.2335279320677121,0.8307173898639774
2025-03-18,0.186488002538681,0.19132000207901,0.1804929971694946,0.19132000207901,77470903,,,,,-0.025256112731660507,-0.025580522215431667,0.03421834958680561,0.0633428092907607,0.19338914326259063,0.23056343247493105,0.8387676275751909
2025-03-19,0.1997160017490387,0.2008329927921295,0.1853979974985122,0.186488002538681,107459435,,,,,0.07093217274185748,0.06852945868689131,0.04309865206252373,0.0650441217485236,0.19400785863399503,0.22822259912888207,0.8500817157219156
2025-03-20,0.1952710002660751,0.201566994190216,0.1927970051765442,0.1997240036725998,76790689,,,,,-0.02225661160866388,-0.02250802743397767,0.04419477995048991,0.06467729346737125,0.19396585864680152,0.22616326610247292,0.8576364410961284
2025-03-21,0.1871850043535232,0.1965399980545044,0.1870730072259903,0.1952680051326751,63899399,,,,,-0.04140909762091649,-0.04229088283045069,0.04611672835558307,0.06475964626925494,0.19232943015439166,0.22368956655263897,0.8598051000699329
2025-03-22,0.1878339946269989,0.1912370026111602,0.1864950060844421,0.1871850043535232,43798603,,,,,0.0034671061163105144,0.0034611095603662434,0.04597021745764524,0.06421673103085988,0.19060271552630834,0.2209193333983421,0.8627706439011857
2025-03-23,0.1916289925575256,0.1916860044002533,0.1872099936008453,0.1878339946269989,53146041,,,,,0.020203999484027513,0.02000260679309175,0.03791671979225584,0.06440603122910954,0.19134899973869324,0.2185263668497403,0.8756334647263213
2025-03-24,0.2033960074186325,0.20728699862957,0.1908140033483505,0.1916289925575256,76604038,,,,,0.06140519085375096,0.05959368197229244,0.04296137353275646,0.06557003655443307,0.19307414335863932,0.2164296338955561,0.892087372156312
2025-03-25,0.2116689980030059,0.2144690006971359,0.2010769993066787,0.2033929973840713,76281763,,,,,0.04067430176908937,0.039868870139814605,0.041337487092771,0.0660915870543494,0.19667142842497146,0.2148274004459381,0.9154857714459211
2025-03-26,0.2068500071763992,0.2179220020771026,0.203684002161026,0.2116689980030059,68918551,,,,,-0.022766635039006777,-0.023029796750200174,0.036974184527391735,0.06171590838189214,0.1976905720574515,0.21414730052153266,0.9231522955274123
2025-03-27,0.2117930054664611,0.2155829966068267,0.2061219960451126,0.2068500071763992,70743427,,,,,0.023896534293308402,0.023615480783166675,0.03532513188695456,0.06178030259835098,0.2000508585146495,0.21348766734202698,0.9370604916215114
2025-03-28,0.1995169967412948,0.2154480069875717,0.1968960016965866,0.2117940038442611,73367486,,,,,-0.057962295299267,-0.0597099789852169,0.04005170398597807,0.06252052514796437,0.2018125717129026,0.21229450056950244,0.9506255280825412
2025-03-29,0.1839620023965835,0.200435996055603,0.1806640028953552,0.1995169967412948,66970149,,,,,-0.07796325425287354,-0.08117020183020021,0.052790471921625316,0.06394729502118693,0.20125942996570037,0.2105092674493789,0.9560597136850385
2025-03-30,0.1793909966945648,0.1871799975633621,0.1776099950075149,0.1839620023965835,45710759,,,,,-0.02484755352991097,-0.02516146485257677,0.05227143473318044,0.06398993575629455,0.19951114484242025,0.2085617005825042,0.9566049005411534
2025-03-31,0.1800969988107681,0.1815280020236969,0.1726949959993362,0.1793889999389648,70773544,,,,,0.003935549326398835,0.003927825311011872,0.04352312482143454,0.0625884075797144,0.19618271504129675,0.20612420092026387,0.951769438840358
2025-04-01,0.1890340000391006,0.1933999955654144,0.1792329996824264,0.1800969988107681,62039656,,,,,0.04962326572539277,0.048431305240023016,0.04547672247366319,0.05714040615211951,0.192949143903596,0.20273826718330376,0.9517154634114682
2025-04-02,0.1773470044136047,0.1950840055942535,0.1740230023860931,0.1890310049057006,114353440,,,,,-0.061824833749899444,-0.06381860300738564,0.04898220224231799,0.04623241197578418,0.1887344292231968,0.20071996748447413,0.9402872648322623
2025-04-03,0.1806820034980774,0.1812500059604644,0.168840005993843,0.1773470044136047,79791858,,,,,0.018804936094070523,0.018630309119349476,0.04823933278484725,0.04645147499117147,0.18429000037057056,0.19877476741870242,0.9271297497351818
2025-04-04,0.186036005616188,0.1918220072984695,0.1767410039901733,0.1806800067424774,130150064,,,,,0.029632182588497757,0.029201634181614252,0.04857326752711669,0.045902478500143354,0.1823641444955553,0.19664166768391925,0.9273931951629216
2025-04-05,0.1831569969654083,0.1897419989109039,0.1805579960346222,0.186036005616188,50479247,,,,,-0.015475545399095458,-0.015596541596518897,0.03765470521381651,0.04559352670555613,0.18224914371967316,0.19472936739524202,0.935909904897715
2025-04-06,0.1620710045099258,0.1847649961709976,0.1586849987506866,0.1831569969654083,84825306,,,,,-0.11512523575315492,-0.1223091533131956,0.059670937264136775,0.04994020419781829,0.17977485912186755,0.19236290107170737,0.9345609684626904
2025-04-07,0.1667290031909942,0.1734739989042282,0.1477739959955215,0.1620710045099258,164016113,,,,,0.028740481341208435,0.02833522032109564,0.06160915053433364,0.05022902486065516,0.17786514546189985,0.19043866793314612,0.933976000737097
2025-04-08,0.1547410041093826,0.1730210036039352,0.153220996260643,0.1667290031909942,96016177,,,,,-0.07190110210086786,-0.07461698086222751,0.059332057244884856,0.04818314406216803,0.1729661460433687,0.18889306783676144,0.9156828676891599
2025-04-09,0.1803510040044784,0.1845549941062927,0.1493020057678222,0.1547430008649826,151190279,,,,,0.16550235047584883,0.1531521962019362,0.08773869785791676,0.05425662341435331,0.17339528884206495,0.18876386781533555,0.9185830468980143
2025-04-10,0.1764290034770965,0.1811220049858093,0.1702380031347274,0.1803459972143173,85569069,,,,,-0.021746485687900607,-0.021986425450228123,0.0878294149484123,0.0539669989795148,0.17278771741049623,0.18828703463077542,0.9176825039988927
2025-04-11,0.1801649928092956,0.1853500008583068,0.1754609942436218,0.1764290034770965,83552975,,,,,0.021175596180727174,0.0209545089009879,0.08737328791719955,0.05391650501208921,0.1719490012952259,0.18777970125277835,0.9156953608300714
2025-04-12,0.1910350024700164,0.1960330009460449,0.1771049946546554,0.1801639944314956,110329896,,,,,0.060333639133917094,0.058583612499280575,0.09026523801840702,0.05506573294904837,0.17307443065302705,0.18762870132923123,0.9224304673373724
2025-04-13,0.1827300041913986,0.1914809942245483,0.1797520071268081,0.1910350024700164,67195690,,,,,-0.043473699433282165,-0.04444699380790849,0.07538783332125464,0.0555390303443444,0.1760257163218089,0.18709836800893145,0.940819089952757
2025-04-14,0.1887460052967071,0.1999090015888214,0.1827300041913986,0.1827310025691986,122252182,,,,,0.03292289699182138,0.032392547460055314,0.07550376774170131,0.05588872136876897,0.17917100233691072,0.18672586828470228,0.9595403356953596
2025-04-15,0.1796099990606308,0.1988279968500137,0.1786960065364837,0.1887460052967071,102298268,,,,,-0.04840370646104308,-0.049614395538897064,0.0708560349024316,0.055151440702436834,0.18272371590137476,0.1864993681510289,0.9797551472314019
2025-04-16,0.1814090013504028,0.1854290068149566,0.1773770004510879,0.1796150058507919,83597693,,,,,0.010016158895278071,0.00996632963140286,0.040692699584977475,0.05495527932460771,0.18287485837936396,0.18616900146007534,0.9823056306104869
2025-04-17,0.1866859942674636,0.1897449940443039,0.179408997297287,0.1814090013504028,65268351,,,,,0.02908892545452013,0.028673872412946517,0.04046163126935351,0.05503745020439566,0.18434014277798785,0.18617560118436807,0.9901412516210296
2025-04-18,0.189410001039505,0.1921409964561462,0.1854339987039566,0.1866859942674636,52629664,,,,,0.014591382619409288,0.014485952737101241,0.04019136319938116,0.05358349249781247,0.18566085823944634,0.18583206782738362,0.9990786865262872
2025-04-19,0.1932059973478317,0.1943549960851669,0.1893409937620163,0.1894119977951049,39363946,,,,,0.020041160907522393,0.01984298031289009,0.034140063558942814,0.0535760707995695,0.1859710003648485,0.1857632343967755,1.0011184450397177
2025-04-20,0.1930209994316101,0.1959040015935897,0.1893920004367828,0.1932059973478317,45399661,,,,,-0.0009575164268246228,-0.0009579751385178065,0.027712963533176135,0.05298868211011978,0.18744114254202157,0.18595776756604507,1.0079769454935497
2025-04-21,0.1931139975786209,0.2032559961080551,0.191891998052597,0.1930209994316101,75649890,,,,,0.0004818032612237122,0.0004816872313000171,0.02553777780298715,0.052986747710329636,0.18806514143943787,0.18613376766443246,1.0103762675587555
2025-04-22,0.2094829976558685,0.2097479999065399,0.1896580010652542,0.1931139975786209,104079405,,,,,0.0847634054625348,0.08136190373246258,0.028179195764012427,0.054898345953754875,0.19233271266732896,0.18672890116771057,1.0300104133027876
2025-04-23,0.2138459980487823,0.2214069962501526,0.2083230018615722,0.2094829976558685,108520887,,,,,0.02082746782190492,0.020613541379114923,0.02770608421073411,0.05396530806496667,0.19696656933852602,0.18707723418871555,1.0528623121498286
2025-04-24,0.2257820069789886,0.2258529961109161,0.2070820033550262,0.2138469964265823,102910998,,,,,0.05581590976270445,0.054313842210972484,0.0300958377963801,0.054380727996175174,0.20255171401160102,0.18754766782124832,1.0800012410959599
2025-04-25,0.2277979999780655,0.2334100008010864,0.2211540043354034,0.2257820069789886,96117844,,,,,0.008928935596114629,0.008889308362002465,0.030559515302691822,0.05418295332154468,0.2080357138599668,0.1882459342479705,1.105127261797473
2025-04-26,0.2286490052938461,0.2383880019187927,0.226633995771408,0.2278040051460266,72629607,,,,,0.003735789233718201,0.0037288285036130033,0.03171756487983819,0.05404624539678528,0.2130990007093974,0.18880780090888336,1.1286557000483086
2025-04-27,0.2216520011425018,0.2304169982671737,0.218991994857788,0.2286490052938461,63937550,,,,,-0.030601507066921885,-0.031079510210941238,0.03724014547584729,0.05315431922660242,0.2171891438109534,0.1895456343889236,1.145840918526822
2025-04-28,0.2304850071668625,0.2354499995708465,0.2157240062952041,0.2216520011425018,100842600,,,,,0.03985078401652631,0.03907722595229898,0.036764532107129905,0.051040587519303196,0.22252785946641646,0.1910964012145996,1.164479592771188
2025-04-29,0.2266280055046081,0.2357600033283233,0.2239020019769668,0.2304850071668625,73663231,,,,,-0.016734284410361067,-0.016875884487867056,0.02989291343033503,0.050879837326786984,0.2249771463019507,0.19267096817493437,1.167675381678075
2025-04-30,0.2198220044374466,0.2305700033903122,0.2136330008506775,0.2266280055046081,98732271,,,,,-0.030031597604220694,-0.03049178286499254,0.033271368173766136,0.05135581171101949,0.22583086150033133,0.19399513502915697,1.1641057981499874
2025-05-01,0.2173269987106323,0.2276390045881271,0.2159640043973922,0.2198230028152465,83163186,,,,,-0.011350118170377677,-0.01141502234231483,0.02490861791326029,0.05083636223178836,0.22462300317628042,0.1949382349848747,1.1522778135018457
2025-05-02,0.2154749929904937,0.2234970033168792,0.2131330072879791,0.2173299938440323,72292281,,,,,-0.008521747095971866,-0.008558264793815032,0.024093944025250762,0.04924622935990467,0.22286257360662728,0.19620916793743767,1.1358417955153257
2025-05-03,0.2074870020151138,0.2155629992485046,0.2050919979810714,0.2154749929904937,47493043,,,,,-0.03707154535437118,-0.037776164185264596,0.025789665222262222,0.04983999551869375,0.21983943028109412,0.19710266788800554,1.1153549195285763
2025-05-04,0.19964699447155,0.2093880027532577,0.199082002043724,0.2074870020151138,45309426,,,,,-0.03778553580427524,-0.0385179174085215,0.02675203052735412,0.05021995396946353,0.21669585789952955,0.19755636751651762,1.0968811616836986
2025-05-05,0.1994200050830841,0.204813003540039,0.1952459961175918,0.1996369957923889,57391370,,,,,-0.0011369536970325944,-0.001137600519204912,0.014921428300732604,0.05011100755551321,0.2122580004589898,0.1980984677871068,1.0714772447765726
2025-05-06,0.1993889957666397,0.2020809948444366,0.1913670003414154,0.199413001537323,73333052,,,,,-0.00015549752108112713,-0.00015550961207408753,0.016846360680787972,0.044206654538453447,0.20836671335356574,0.19934240082899726,1.0452704115483682
2025-05-07,0.1992519944906234,0.2021989971399307,0.1946409940719604,0.1993889957666397,64700753,,,,,-0.000687105501933849,-0.0006873416671056988,0.017014984483196573,0.04403880526022528,0.20542814050401956,0.2004265005389849,1.0249549832561278
2025-05-08,0.2250290066003799,0.2265309989452362,0.1992509961128235,0.1992509961128235,110820358,,,,,0.12936890381275234,0.1216589845082843,0.05418078615085781,0.04618567535936134,0.20652842734541207,0.2027694339553515,1.0185382644550278
2025-05-09,0.2325610071420669,0.239886999130249,0.2236350029706955,0.2250279933214187,134841077,,,,,0.03347124290986536,0.032923274798394735,0.05471969694172293,0.038060035454820694,0.20896928650992255,0.2045097673932711,1.0218058979455775
2025-05-10,0.2530759871006012,0.2531140148639679,0.2308779954910278,0.2325610071420669,105849692,,,,,0.08821332608867705,0.0845372009868742,0.0560967127046682,0.04003780835242641,0.21548199866499215,0.20706466684738792,1.040650739432083
2025-05-11,0.2395160049200058,0.2564440071582794,0.2360240072011947,0.2530730068683624,106428189,,,,,-0.05358067486349516,-0.05506954689784013,0.05962413094500107,0.04181946063092803,0.22117757158620013,0.20904303391774492,1.0580480365264406
2025-05-12,0.2425139993429184,0.258432000875473,0.2313289940357208,0.2395170032978058,173311912,,,,,0.012516885558081503,0.012439196953897445,0.05880910606912065,0.04078743660420251,0.22733385648046217,0.21075900048017499,1.0786436449334287
2025-05-13,0.2479739934206009,0.2508710026741028,0.2264579981565475,0.2425100058317184,118811057,,,,,0.022514139771213637,0.02226443746630898,0.057621882324616264,0.039634314850597575,0.23427457043102806,0.2129338001211484,1.100222558831608
2025-05-14,0.2371799945831298,0.2503510117530823,0.2351309955120086,0.2479619979858398,93636710,,,,,-0.04352875351393348,-0.04450455172872374,0.06371500009890271,0.04062229136261349,0.23969285615852898,0.21454826643069583,1.1171978228775643
2025-05-15,0.2252929955720901,0.2395720034837722,0.2205570042133331,0.2371799945831298,107758231,,,,,-0.05011805077376963,-0.051417566081346705,0.052500474628077415,0.0407111244305295,0.23973056886877328,0.2160710329810778,1.109498878962491
2025-05-16,0.2230580002069473,0.2306289970874786,0.2206300050020218,0.2252929955720901,70631462,,,,,-0.009920394371193964,-0.009969929360123468,0.05050543306946781,0.04083291696836288,0.2383729964494705,0.21745933294296263,1.0961727566413224
2025-05-17,0.2158190011978149,0.2232950031757354,0.2118680030107498,0.2230560034513473,68558845,,,,,-0.03245343813006585,-0.03299172927246099,0.03128483488937562,0.04124847110609912,0.2330505698919296,0.21843043317397434,1.0669326911342554
2025-05-18,0.2276249974966049,0.2310499995946884,0.2139330059289932,0.2158190011978149,83921271,,,,,0.054703229248887375,0.05325942806580911,0.03857646816581797,0.04215874120368543,0.23135185454572946,0.219704266389211,1.0530148474034842
2025-05-19,0.2222879976034164,0.2284069955348968,0.2104440033435821,0.2276249974966049,69735773,,,,,-0.023446457778733665,-0.023725699424809385,0.03791226889210184,0.04241955246977724,0.2284624257258006,0.22067366639773048,1.0352953728245584
2025-05-20,0.2243179976940155,0.2272679954767227,0.2164929956197738,0.2222879976034164,53271324,,,,,0.009132297346170049,0.00909085006690632,0.03619025487705291,0.04241322178313586,0.22508299776485985,0.22171689967314398,1.0151819644631428
2025-05-21,0.23089499771595,0.2327820062637329,0.2217990010976791,0.2243179976940155,86506521,,,,,0.029319983637273506,0.028898374146011582,0.03661925226699108,0.042625416145076055,0.22418514106954843,0.2229762663443883,1.005421539901888
2025-05-22,0.2411119937896728,0.2423489987850189,0.230454996228218,0.23089300096035,89261243,,,,,0.04424953409467913,0.04329847823242341,0.03347137375581795,0.04083228066806015,0.22644499795777456,0.22403056621551512,1.0107772425122417
2025-05-23,0.2236769944429397,0.2474959939718246,0.2235960066318512,0.2411119937896728,99162692,,,,,-0.07231079247738303,-0.07505850797620554,0.046391683949367754,0.04321223601558226,0.22653342570577345,0.22435826609532036,1.0096950277264531
2025-05-24,0.2208790034055709,0.2290350049734115,0.2195969969034195,0.2236700057983398,51725347,,,,,-0.012509069358416225,-0.012587966409456272,0.04454867056121567,0.04210469704257724,0.22725628316402433,0.2241948326428731,1.0136553125915615
2025-05-25,0.2215970009565353,0.221668004989624,0.2116419970989227,0.2208790034055709,55206741,,,,,0.003250637407332224,0.0032453655071564232,0.038848616785721324,0.04207282268562684,0.22639514080115725,0.22398813267548875,1.0107461413107799
2025-05-26,0.218967005610466,0.2280499935150146,0.2157139927148819,0.2215970009565353,58915988,,,,,-0.01186837066709745,-0.011939362038600923,0.038090824958348986,0.042110356951393556,0.2259207133735929,0.22366539935270943,1.0100834283148417
2025-05-27,0.2220740020275116,0.2265750020742416,0.2138739973306656,0.218967005610466,56480084,,,,,0.014189336006963593,0.014089609638985678,0.03838243561898377,0.04182065340662398,0.22560014256409233,0.22367946604887642,1.0085867359625948
2025-05-28,0.217289999127388,0.2242709994316101,0.2126449942588806,0.2220740020275116,57981994,,,,,-0.021542381622549955,-0.02177780593283379,0.03643712854985125,0.041336115950860425,0.2236565713371549,0.2232396324475606,1.0018676741446986
2025-05-29,0.2095669955015182,0.2229550033807754,0.209535002708435,0.217289999127388,64290603,,,,,-0.03554237957054862,-0.03618938702167497,0.029209159474694667,0.04172491881424417,0.21915014301027572,0.22267093211412428,0.9841883757775619
2025-05-30,0.1924050003290176,0.2104099988937378,0.192124992609024,0.2095659971237182,106590789,,,,,-0.08189264312078304,-0.08544094870783268,0.032542490980778584,0.044128005321584896,0.21468271527971536,0.22175703197717664,0.9680987942777419
2025-05-31,0.1938710063695907,0.1972350031137466,0.1867869943380355,0.1924040019512176,55556310,,,,,0.007619375993691335,0.007590495158282176,0.03431065693288695,0.044160836957353934,0.21082442998886106,0.2209751655658086,0.9540639078108325
2025-06-01,0.1954150050878524,0.1981109976768493,0.1903509944677353,0.1938710063695907,43666077,,,,,0.007964051702080033,0.007932506019268964,0.0348502506696278,0.04420227129830645,0.2070841448647635,0.22030649930238722,0.9399820047093798
2025-06-02,0.1990340054035186,0.1992129981517791,0.1905619949102401,0.1954150050878524,47121336,,,,,0.018519562067606854,0.018350163243140205,0.03750218558103376,0.04387745831222284,0.20423657340662812,0.22002473274866738,0.9282437063106267
2025-06-03,0.197404995560646,0.2026309967041015,0.1965959966182708,0.1990340054035186,50214855,,,,,-0.008184580517133,-0.008218258079951773,0.035655940936763796,0.04333869558243378,0.20071242962564734,0.21994999945163723,0.9125366225326139
2025-06-04,0.1916310042142868,0.2007900029420852,0.1897229999303817,0.1973980069160461,46650272,,,,,-0.029249469244486903,-0.02968576362262098,0.03596308567907487,0.0436681544700276,0.19704685892377574,0.219690366089344,0.8969299038067078
2025-06-05,0.1814469993114471,0.1937420070171356,0.1777479946613311,0.1916310042142868,77746794,,,,,-0.05314382682799956,-0.05460807360075432,0.03812846138461762,0.044736343978123816,0.19302971661090845,0.2190922995408376,0.8810429075574552
2025-06-06,0.1872899979352951,0.1916690021753311,0.1808249950408935,0.1814469993114471,55124404,,,,,0.03220223341262707,0.0316946104703417,0.029689867381368563,0.04518603626012852,0.19229900198323382,0.21869356632232664,0.879307998022262
2025-06-07,0.1910959929227829,0.1936430037021637,0.1868959963321685,0.1872899979352951,29944539,,,,,0.020321400125182798,0.020117675825123707,0.030849243560308204,0.038975046652603804,0.1919025714908327,0.21756246586640673,0.8820573471927351
2025-06-08,0.1905550062656402,0.1934230029582977,0.1870560050010681,0.1910959929227829,39914883,,,,,-0.002830968085036134,-0.0028349828540976886,0.03053482029477955,0.03830206302792668,0.19120828594480238,0.2161622658371925,0.88455903811082
2025-06-09,0.199426993727684,0.1997919976711273,0.1879159957170486,0.1905550062656402,56326297,,,,,0.04655866899490402,0.04550732343942788,0.03516270045059504,0.03567073859926964,0.1912644271339689,0.21437396605809528,0.8921998815944671
2025-06-10,0.2079080045223236,0.2079080045223236,0.1974709928035736,0.1994290053844452,74738029,,,,,0.042526894860684505,0.041647472785560864,0.038083536662276346,0.035635042506601974,0.1927648569856371,0.2133203660448392,0.9036401941346688
2025-06-11,0.1971919983625412,0.2088329941034317,0.195384994149208,0.2079080045223236,87671804,,,,,-0.05154205671110568,-0.05291783082323624,0.04259923958767017,0.03653640994551921,0.19355928472110204,0.21180963267882663,0.9138360813580271
2025-06-12,0.1811950057744979,0.1973749995231628,0.1790030002593994,0.1971919983625412,104858669,,,,,-0.0811239437750031,-0.08460403381228762,0.05030009650867775,0.038738677468147804,0.19352328564439497,0.2095836664239565,0.9233700743307268
2025-06-13,0.1807339936494827,0.1813479959964752,0.1689459979534149,0.1811950057744979,151656419,,,,,-0.0025442871509877563,-0.002547529350099044,0.04830707273145578,0.0382210562383819,0.19258671360356464,0.20770213305950158,0.9272254972383613
2025-06-14,0.1772419959306717,0.1810649931430816,0.1740960031747818,0.1807339936494827,47439458,,,,,-0.019321200446571374,-0.01951029448508276,0.047169193032957184,0.03743763534509135,0.19060757117612018,0.20610043307145431,0.9248285815587646
2025-06-15,0.176483005285263,0.1792149990797042,0.1713649928569793,0.1772419959306717,46691711,,,,,-0.004282228043209213,-0.004291423041157129,0.04713165109167907,0.037441667038981295,0.18859728532178058,0.2045479332407315,0.9220199995852382
2025-06-16,0.1762019991874694,0.1862590014934539,0.1742890030145645,0.176483005285263,63770269,,,,,-0.0015922558511477503,-0.001593524837708579,0.04064203469551433,0.037151109803918,0.1852794289588928,0.2032273665070533,0.9116854296907025
2025-06-17,0.1696629971265792,0.178955003619194,0.1660979986190796,0.1762000024318695,81454736,,,,,-0.0371108278625889,-0.03781695985322074,0.03133957836048029,0.035773036950473125,0.17981585647378642,0.20129529982805247,0.8932938654175537
2025-06-18,0.1706790030002594,0.1723340004682541,0.1653909981250763,0.1696629971265792,63598359,,,,,0.005988376315916311,0.005970517252859283,0.031762719337118786,0.03578516201011741,0.17602828570774617,0.19957500000794726,0.8820157118914522
2025-06-19,0.1691800057888031,0.1724780052900314,0.1675640046596527,0.1706790030002594,49862557,,,,,-0.008782551954876539,-0.008821345871041405,0.014601345862786315,0.0356253270449888,0.17431185713836123,0.19773706694444018,0.8815335426581353
2025-06-20,0.167166993021965,0.1720850020647049,0.1615339964628219,0.1691810041666031,84008509,,,,,-0.01189864462678325,-0.011970000085756754,0.01425128454550191,0.034883867875689326,0.17237371419157296,0.19561280012130736,0.8811985416326391
2025-06-21,0.1617459952831268,0.1692879945039749,0.157708004117012,0.167166993021965,64746558,,,,,-0.03242863702241683,-0.03296609661480027,0.01632402083248342,0.033561932028149145,0.17015999981335228,0.1929672668377558,0.881807586342716
2025-06-22,0.1597480028867721,0.1644040048122406,0.1527010053396225,0.1618739962577819,110716171,,,,,-0.01235265449915679,-0.012429582703894248,0.015878339510035266,0.03147115367831634,0.1677692851849964,0.19083630045255023,0.8791266901902175
2025-06-23,0.1794379949569702,0.1798390001058578,0.1585550010204315,0.1597480028867721,88539335,,,,,0.12325657732418827,0.11623212457011865,0.05226649403627091,0.03913356324790165,0.1682315702949251,0.18945493350426354,0.887976719229321
2025-06-24,0.1827719956636428,0.1837670058012008,0.177616000175476,0.1794379949569702,76270896,,,,,0.018580238301660223,0.018409734437502222,0.04925363367651662,0.039366719838081106,0.1701042843716485,0.18816076666116713,0.9040369434610455
2025-06-25,0.1756509989500045,0.184812992811203,0.1754159927368164,0.1827719956636428,57692523,,,,,-0.03896109296056027,-0.03974038483820677,0.052871999328119514,0.039825655777979,0.17081456950732637,0.18671689977248507,0.9148318642579449
2025-06-26,0.1719509959220886,0.1799239963293075,0.1704169958829879,0.1756490021944046,57049440,,,,,-0.021064514577392335,-0.021289537067756274,0.05358513598742382,0.03969257635146086,0.17121042524065283,0.1850461329023043,0.9252310359333147
2025-06-27,0.1747449934482574,0.1759369969367981,0.1693910062313079,0.1719509959220886,45880960,,,,,0.01624880106792026,0.016118202118223304,0.053387935784072804,0.039858987392719196,0.17229299673012322,0.18362796604633327,0.9382720967820882
2025-06-28,0.1764679998159408,0.1772029995918274,0.173223003745079,0.1747449934482574,29301066,,,,,0.009860118643076232,0.009811824868663215,0.050510476725325174,0.03959177489354392,0.1743961402348109,0.18252466619014737,0.9554661508222211
2025-06-29,0.1859489977359771,0.187291994690895,0.1755920052528381,0.1764679998159408,45332069,,,,,0.053726442924072026,0.05233287461459564,0.051122447290528936,0.03798480990756799,0.17813913949898305,0.18230946610371268,0.9771250133421092
2025-06-30,0.1854590028524398,0.1869670003652572,0.1771419942378997,0.1859489977359771,64516672,,,,,-0.002635103654782922,-0.002638581651683789,0.029770261247979674,0.0379496543977155,0.17899928348405014,0.18202906598647434,0.9833555015733074
2025-07-01,0.1711570024490356,0.1918309926986694,0.169977992773056,0.1854609996080398,130605176,,,,,-0.07711677612536061,-0.08025257049567208,0.04273741794663888,0.040523579407887325,0.17733999873910625,0.18122046589851373,0.9785870368439478
2025-07-02,0.1811890006065368,0.1840129941701889,0.1709289997816085,0.1711570024490356,84233660,,,,,0.05861284092357488,0.056959410467911725,0.046730075084760715,0.0418625720489894,0.17813114183289658,0.180625632405281,0.9861897199242055
2025-07-03,0.1822399944067001,0.1886769980192184,0.1811890006065368,0.1811890006065368,58822950,,,,,0.005800538645530651,0.005783780294986051,0.04534604689195185,0.04188195058738669,0.17960099875926966,0.18012013236681615,0.9971178479566667
2025-07-04,0.1734890043735504,0.1831250041723251,0.1718329936265945,0.1822360008955001,57402341,,,,,-0.04801904248098454,-0.04921024699690273,0.0499574490470567,0.04246397639298394,0.17942157174859721,0.1795153990387916,0.9994773301304691
2025-07-05,0.1746399998664856,0.1762630045413971,0.1725880056619644,0.1734890043735504,31143357,,,,,0.006634400243930916,0.00661248946715163,0.04985625556448289,0.04137097248892344,0.17916042889867503,0.17928849905729288,0.9992856755492335
2025-07-06,0.1770679950714111,0.1790080070495605,0.1736219972372055,0.1746399998664856,35503174,,,,,0.013902858490504766,0.01380710027462696,0.044794218348834104,0.04100672287846836,0.17789171423230848,0.17894776562849674,0.9940985494148016
2025-07-07,0.1761499941349029,0.1789190024137497,0.1733549982309341,0.1770679950714111,42014882,,,,,-0.005184454345563583,-0.005197940260595154,0.044763203935687,0.04079858084150126,0.17656185584408893,0.17844956566890074,0.9894216059437527
2025-07-08,0.1793359965085983,0.1805299967527389,0.1731420010328292,0.1761499941349029,47970020,,,,,0.018086871869297028,0.01792525031189347,0.031545951546060075,0.040972163481893746,0.17773028356688364,0.17807559867699935,0.998060851050446
2025-07-09,0.1924329996109008,0.1935379952192306,0.1785469949245453,0.1793359965085983,76315698,,,,,0.07303053127805592,0.07048691737054999,0.035327878097859276,0.04220662120878797,0.17933656913893561,0.17784246553977326,1.008401275784316
2025-07-10,0.2117889970541,0.2121720016002655,0.1905200034379959,0.1924329996109008,103795582,,,,,0.1005856453016738,0.09584244294686646,0.04818856301252475,0.04515983520499188,0.1835578552314213,0.17797183195749913,1.0313871201553746
2025-07-11,0.2183769941329956,0.2353619933128357,0.2110230028629303,0.2117889970541,193899068,,,,,0.031106418041220163,0.03063241798288762,0.03676713294699125,0.04431285894447752,0.18997042519705634,0.17867799848318094,1.0631998724506553
2025-07-12,0.2188459932804107,0.2268870025873184,0.2128559947013855,0.2183769941329956,107958173,,,,,0.0021476582241510833,0.002145355302896276,0.03733330150404904,0.04108486160174032,0.19628556711333137,0.1799330314000447,1.090881232790049
2025-07-13,0.264165997505188,0.2695960104465484,0.2176219969987869,0.2188459932804107,470865309,,,,,0.20708628723537137,0.1882094285704266,0.06832043624849767,0.0527693239415181,0.2087281388895852,0.18271409819523488,1.1423756620386984
2025-07-14,0.2794339954853058,0.3072470128536224,0.2629410028457641,0.264165997505188,664671851,,,,,0.05779698418536228,0.05618842862030705,0.0626917483707021,0.052987794938351575,0.22348299622535703,0.18612049818038934,1.2007435957363262
2025-07-15,0.2837789952754974,0.2925949990749359,0.2695060074329376,0.2794339954853058,357800862,,,,,0.015549288420134477,0.015429636970886349,0.06301642108592109,0.05286014241543482,0.23840342462062836,0.18969703118006384,1.256758859838621
2025-07-16,0.2842519879341125,0.2962799966335296,0.2747519910335541,0.2837789952754974,256141379,,,,,0.0016667641597500893,0.0016653766499217875,0.0673403330820834,0.05282643437356731,0.2515204229525157,0.19329869747161862,1.3012008163657987
2025-07-17,0.3202089965343475,0.3278299868106842,0.2789779901504516,0.2842519879341125,511390667,,,,,0.126496946816673,0.11911277055952331,0.07016565096351811,0.05504290808276231,0.2670089943068368,0.19831689745187756,1.3463754109587542
2025-07-18,0.293965995311737,0.3348079919815063,0.2893730103969574,0.3202239871025085,389538993,,,,,-0.08195585229222468,-0.08550979833305011,0.08916594504392701,0.058348801074542406,0.277807423046657,0.20242646386226015,1.3723868793938394
2025-07-19,0.2919709980487823,0.2961879968643188,0.2827540040016174,0.2939670085906982,142771778,,,,,-0.0067864899164241654,-0.006809622859512274,0.08990200033255026,0.05831791569409477,0.28825385229928147,0.2065194969375928,1.3957706491333726
2025-07-20,0.2919630110263824,0.3062660098075866,0.2868779897689819,0.2919920086860657,145305124,,,,,-2.735553343746755e-05,-2.7355907606896124e-05,0.06260211909902974,0.05814544743499886,0.2922248542308807,0.21067936420440672,1.3870596929813988
2025-07-21,0.298330008983612,0.3110100030899048,0.2869960069656372,0.2919630110263824,203196360,,,,,0.021807549986714747,0.02157316679577194,0.060056551887832925,0.05732480245909529,0.2949242847306387,0.21523216466108955,1.3702612023395042
2025-07-22,0.2965779900550842,0.299703985452652,0.2798520028591156,0.298330008983612,161262803,,,,,-0.0058727545864287745,-0.005890067024052747,0.06023703868506977,0.0572079514233847,0.296752712556294,0.21979316423336662,1.3501453222685995
2025-07-23,0.2674550116062164,0.296752005815506,0.2589179873466491,0.2965779900550842,179322619,,,,,-0.09819669505299,-0.10335884816819164,0.07325673529155341,0.058584782908038854,0.29435314450945166,0.22272706478834145,1.3215867806149952
2025-07-24,0.2616739869117737,0.2731159925460815,0.2504810094833374,0.2674660086631775,142166447,,,,,-0.021614942489671107,-0.021851967098724643,0.04689891640795947,0.05892396366236498,0.2859910002776554,0.22535713116327916,1.269056802424614
2025-07-25,0.2668339908123016,0.2692559957504272,0.2522099912166595,0.2616739869117737,132368622,,,,,0.019719208475497574,0.0195273035897505,0.042325527443108975,0.05811877852245985,0.2821149996348789,0.22839656422535573,1.2351980888666956
2025-07-26,0.2747330069541931,0.2809000015258789,0.2651790082454681,0.2668319940567016,94229357,,,,,0.0296027358352855,0.029173034478927773,0.045394555469585256,0.057793409182419216,0.27965242947850905,0.23182263125975922,1.2063206597165923
2025-07-27,0.2862850129604339,0.2904689908027649,0.2736009955406189,0.2747310101985931,127499907,,,,,0.04204811840525191,0.04118812115675943,0.049217878139355395,0.05798180842700227,0.27884128689765925,0.23554063191016508,1.1838351822203186
2025-07-28,0.2639020085334778,0.2875120043754577,0.2637749910354614,0.2862780094146728,119858285,,,,,-0.07818433873117059,-0.08141000896282678,0.05568310335860287,0.060671791492317224,0.27392300111906864,0.2384550988674163,1.1487403809778582
2025-07-29,0.2605009973049164,0.2727510035037994,0.2556650042533874,0.2639060020446777,93435672,,,,,-0.012887401833207246,-0.012971164832735598,0.05550068613098742,0.06039820335073452,0.2687691450119018,0.24094016551971428,1.1155016202141295
2025-07-30,0.2536619901657104,0.2621780037879944,0.242805004119873,0.2605009973049164,102171914,,,,,-0.026253285822168793,-0.026604056203045675,0.0418518378031343,0.060745555761999886,0.26679871337754385,0.24321359843015664,1.09697284650044
2025-07-31,0.2443030029535293,0.2668980062007904,0.2436719983816146,0.2536619901657104,112047245,,,,,-0.036895504943673774,-0.037593363147291836,0.04315026554729654,0.05902429188444709,0.26431714424065184,0.2456517984469731,1.0759829397207035
2025-08-01,0.2366070002317428,0.2462559938430786,0.2310619950294494,0.2442969977855682,137165222,,,,,-0.03150187524813364,-0.03200873237664467,0.041681448887779984,0.058915185816975205,0.2599990027291434,0.24749906510114666,1.0505049892729426
2025-08-02,0.227525994181633,0.2401269972324371,0.2239859998226165,0.2366050034761428,82858403,,,,,-0.038380124177287644,-0.039136045882035016,0.03672327469570912,0.05956423538070864,0.25325514376163477,0.24900859842697776,1.017053810035007
2025-08-03,0.2433950006961822,0.244047001004219,0.224818006157875,0.227525994181633,80597456,,,,,0.06974590561235416,0.0674211488826963,0.04519500949060593,0.059548271099216225,0.24712799915245598,0.2513387983043988,0.9832465215066275
2025-08-04,0.2482849955558776,0.2505930066108703,0.2417729943990707,0.2433950006961822,96271052,,,,,0.020090777730473297,0.019891621111086513,0.03927506220000118,0.05956168807453518,0.2448969972985131,0.2537936314940452,0.964945400153822
2025-08-05,0.237428992986679,0.2489559948444366,0.233814999461174,0.2482849955558776,85385040,,,,,-0.04372395740182944,-0.044708660122642414,0.04161080818438405,0.06044288399246975,0.24160099668162202,0.2558056647578875,0.9444708619345479
2025-08-06,0.242808997631073,0.2466569989919662,0.2310490012168884,0.237428992986679,73849287,,,,,0.02265942577912483,0.022406514413324956,0.043086149238745236,0.060417151742196126,0.24005056917667383,0.25802763154109315,0.9303289254059741
2025-08-07,0.2639200091361999,0.2640079855918884,0.2420819997787475,0.242808997631073,135319274,,,,,0.08694493083490773,0.08337094525030925,0.05179589786634833,0.061851627340197085,0.24285299863134105,0.2608470986286799,0.931016675700297
2025-08-08,0.265978991985321,0.2689850032329559,0.2566210031509399,0.2639200091361999,217890615,,,,,0.007801541292227432,0.007771266626385704,0.04835426304113147,0.06088979903414388,0.24704899745328082,0.26329863170782725,0.9382843953683054
2025-08-09,0.2701239883899688,0.2771100103855133,0.2656660079956054,0.265978991985321,115974956,,,,,0.015583924029896945,0.015463741685981866,0.0418030585664306,0.05874898812187075,0.25313442519732876,0.26524313141902284,0.9543486530380116
2025-08-10,0.2663399875164032,0.2761400043964386,0.2603349983692169,0.2701239883899688,84209930,,,,,-0.014008385172007642,-0.014107428646907888,0.03912893193589977,0.05872538941882919,0.25641228045736036,0.2668418978651364,0.9609146183893235
2025-08-11,0.2535519897937774,0.2795900106430053,0.2505339980125427,0.2663399875164032,154332798,,,,,-0.048013810625556985,-0.04920475125561738,0.045292250796709975,0.05960206743662586,0.25716470820563175,0.26799876441558196,0.9595742307485046
2025-08-12,0.271261990070343,0.2767960131168365,0.2499089986085891,0.2535519897937774,223831201,,,,,0.06984760912730259,0.06751621695457481,0.04545257426811869,0.050122017840342106,0.26199799350329805,0.26823529750108716,0.9767468932840063
2025-08-13,0.2807289958000183,0.2815609872341156,0.2678869962692261,0.271261990070343,161217035,,,,,0.034899860932305016,0.03430466931407521,0.045820824737683466,0.0494440342502758,0.26741513609886164,0.2682784641782442,0.9967819702486109
2025-08-14,0.2538970112800598,0.2894600033760071,0.2480649948120117,0.2807289958000183,215482869,,,,,-0.0955796690808266,-0.1004610588230622,0.055577533943695585,0.052633753429421073,0.2659832792622702,0.267282398045063,0.9951395273602202
2025-08-15,0.2538639903068542,0.2661429941654205,0.2468190044164657,0.2538970112800598,128303629,,,,,-0.00013005656521569708,-0.00013006502330413616,0.055342078595498244,0.05262845230046906,0.26425256473677494,0.26626946479082103,0.9924253422913869
2025-08-16,0.2607710063457489,0.2635299861431122,0.252375990152359,0.2538639903068542,74117370,,,,,0.02720754538895398,0.02684399951551592,0.056259852832513266,0.04766128843737901,0.26291642444474356,0.2642881984512011,0.9948095525471946
2025-08-17,0.2651819884777069,0.2748450040817261,0.259196013212204,0.2607710063457489,81967079,,,,,0.016915155537305493,0.016773687369257082,0.056639272729944984,0.04544689499477592,0.2627509960106441,0.2633287315567334,0.9978060292066351
2025-08-18,0.2552239894866943,0.2661789953708648,0.2485419958829879,0.2651819884777069,127670800,,,,,-0.037551566183575025,-0.038274789511065395,0.05520935329470885,0.04588840035952854,0.26298985310963224,0.26210383127133047,1.0033804230712848
2025-08-19,0.2376600056886673,0.258228987455368,0.2374680042266845,0.2552239894866943,120239924,,,,,-0.0688179188537551,-0.07130044494542906,0.05215612416181216,0.04746755485380012,0.25818956962653566,0.26029373109340664,0.9919162038285283
2025-08-20,0.2566699981689453,0.2596380114555359,0.2372439950704574,0.2376630008220672,113288368,,,,,0.07998818490806969,0.07695010117635172,0.061124989146303675,0.0496384550744116,0.2547525699649538,0.2589050640662511,0.9839613252978525
2025-08-21,0.248212993144989,0.2584899961948395,0.2466109991073608,0.2566699981689453,74513762,,,,,-0.03294894254991865,-0.03350398507774027,0.04919567723972014,0.04991054918748515,0.25394056737422943,0.2572928975025813,0.9869707630451858
2025-08-22,0.2663649916648865,0.2691330015659332,0.2396380007266998,0.248212993144989,151492768,,,,,0.07313073457558406,0.07058029646483821,0.0566362593322346,0.04827907441991281,0.2557264247110912,0.25725656350453696,0.9940520903622395
2025-08-23,0.2637619972229004,0.2668460011482239,0.2568449974060058,0.2663649916648865,77263543,,,,,-0.009772284359578665,-0.009820346504674006,0.05617434416622317,0.04814223999491301,0.2561537091221128,0.2573261638482412,0.9954437018428495
2025-08-24,0.2712549865245819,0.2809500098228454,0.2530570030212402,0.2637619972229004,179755439,,,,,0.028408145906437587,0.028012117329644128,0.056836022783835864,0.0482840198410956,0.2570212802716664,0.25747353037198384,0.9982435083728255
2025-08-25,0.246285006403923,0.2737700045108795,0.2429050058126449,0.2712549865245819,189174215,,,,,-0.09205353398506477,-0.09656986025227407,0.067248842180364,0.051089654817910106,0.25574428268841337,0.25652526368697487,0.9969555396324844
2025-08-26,0.2548330128192901,0.2588500082492828,0.2442390024662017,0.2462760061025619,121742381,,,,,0.034707782419153066,0.034119051026163985,0.06151019373121134,0.05089166987857796,0.25819756942135946,0.2554768636822701,1.0106495190988138
2025-08-27,0.2470979988574981,0.256301999092102,0.2470590025186538,0.2548129856586456,92724141,,,,,-0.03035326497229429,-0.03082346451133177,0.055104134391817536,0.049038541613579054,0.25683014094829554,0.254916730026404,1.007506023326493
2025-08-28,0.2526740133762359,0.2559379935264587,0.245955005288124,0.2470979988574981,89926176,,,,,0.022566004356650016,0.02231515878947709,0.05439863240799001,0.049194042911185114,0.2574674295527594,0.25465583056211466,1.0110407799595187
2025-08-29,0.2365439981222152,0.253039002418518,0.2326840013265609,0.2526710033416748,122447145,,,,,-0.06383725432818,-0.06596594403779986,0.050260291755803925,0.0504099038006877,0.2532072876180921,0.25408523082733153,0.9965446901168526
2025-08-30,0.2336149960756302,0.2370229959487915,0.2305160015821457,0.2365439981222152,57398599,,,,,-0.012382483046860737,-0.012459784777826912,0.050207658105879224,0.05001089257010118,0.24890057316848208,0.25372896393140154,0.9809702814842026
2025-08-31,0.2316129952669143,0.2392459958791732,0.2315199971199035,0.2336149960756302,56755234,,,,,-0.008569658807638159,-0.008606589473851482,0.046462935449664795,0.04970001169227367,0.24323743156024383,0.2535624970992406,0.9592799974084665
2025-09-01,0.2271540015935897,0.2371950000524521,0.2229360044002533,0.2316129952669143,97702118,,,,,-0.01925191489443845,-0.019439646374053335,0.03325860910364515,0.04930342146130665,0.24050443087305334,0.2535500973463058,0.9485479729260986
2025-09-02,0.2332880049943924,0.234603002667427,0.2261269986629486,0.2271540015935897,76964188,,,,,0.027003721518308543,0.026645554618831856,0.031628166956888186,0.04792181069393157,0.23742657261235367,0.2532131974895795,0.9376548101215163
2025-09-03,0.2328329980373382,0.2366040050983429,0.2307250052690506,0.2332880049943924,54441872,,,,,-0.0019504087107484747,-0.001952313234620842,0.030728265697783683,0.047752582574992444,0.23538871535233086,0.25269813090562815,0.9315016082973656
2025-09-04,0.2274090051651001,0.2339289933443069,0.2254509925842285,0.2328329980373382,46504030,,,,,-0.023295636434524147,-0.023571268876685213,0.027816691043029022,0.047256219903325555,0.23177942846502572,0.25236413131157553,0.918432533420784
2025-09-05,0.2297009974718094,0.2358849942684173,0.2272319942712783,0.2274090051651001,71499874,,,,,0.010078722718325439,0.01002827110121877,0.017578768963121078,0.04709461650772526,0.2308018569435392,0.25192719797293345,0.9161450561933216
2025-09-06,0.2271319925785064,0.230333998799324,0.2250110059976577,0.2297009974718094,31816962,,,,,-0.011184125979332271,-0.011247138584081147,0.017489479848744206,0.044274411762268574,0.2298757135868072,0.25070093075434363,0.9169320309068074
2025-09-07,0.2307520061731338,0.2325489968061447,0.2271270006895065,0.2271319925785064,41284941,,,,,0.01593792910250702,0.015812253886967918,0.018807852625253956,0.044378634768595986,0.22975271514483858,0.2495266978939374,0.9207540398843259
2025-09-08,0.2363680005073547,0.2388720065355301,0.2304189950227737,0.2307540029287338,70902821,,,,,0.02433779201905284,0.024046347239120816,0.018703226897245975,0.044540709198650066,0.23106900070394784,0.24840149829785027,0.9302238605134354
2025-09-09,0.2331890016794204,0.2431620061397552,0.2318129986524582,0.2363680005073547,84244865,,,,,-0.013449362101091156,-0.013540623971256447,0.017311159876137443,0.04453659130021148,0.23105485737323758,0.2472964654366175,0.9343233311697183
2025-09-10,0.2394250035285949,0.2423039972782135,0.2321880012750625,0.2331890016794204,76898461,,,,,0.02674226401872737,0.02639093939101408,0.01991399109586598,0.044051895480510854,0.23199657244341707,0.24682556589444477,0.9399211609328616
2025-09-11,0.2441020011901855,0.2449319958686828,0.2384179979562759,0.2394250035285949,76923991,,,,,0.01953429087464542,0.0193459454590248,0.016292097214583523,0.04227614192759737,0.23438128616128642,0.24592023293177284,0.953078497718861
2025-09-12,0.2483880072832107,0.2491700053215026,0.2410980015993118,0.2441029995679855,81281505,,,,,0.017558258728431753,0.017405893431068145,0.016522223649872034,0.041865414673457606,0.23705085899148662,0.2448421999812126,0.968178112309382
2025-09-13,0.2529740035533905,0.2600769996643066,0.2475589960813522,0.2483880072832107,107535512,,,,,0.018463034187278016,0.018294661659133273,0.013299515120138312,0.03786085089677448,0.24074257484504152,0.24481143305699027,0.9833796234058989
2025-09-14,0.2395689934492111,0.253387987613678,0.2388409972190857,0.2529740035533905,92478920,,,,,-0.05298967449574421,-0.05444528247191442,0.029533599521378424,0.03913840294753639,0.2420021444559097,0.24433493316173552,0.990452496187757
2025-09-15,0.2328359931707382,0.2431029975414276,0.2287189960479736,0.2395689934492111,97130032,,,,,-0.028104639843136936,-0.028507134476428834,0.030649413989344877,0.039039629723718904,0.24149757197925018,0.24340376605590178,0.9921685925097239
2025-09-16,0.237536996603012,0.2400979995727539,0.2301499992609024,0.2328359931707382,69886049,,,,,0.020190192110145944,0.019989072767226883,0.031188030711606484,0.039102358366012765,0.24211871411119182,0.2424822663267453,0.9985007059647669
2025-09-17,0.2441640049219131,0.2469770014286041,0.2323199957609176,0.237536996603012,85220194,,,,,0.027898846974042435,0.027516764306411142,0.03133349291299707,0.03893923031995516,0.2427957143102373,0.2421136001745859,1.0028173309353936
2025-09-18,0.2462660074234008,0.2504729926586151,0.2410870045423507,0.2441640049219131,79850015,,,,,0.00860897781456349,0.008572131884567567,0.030642273274769295,0.03666465816076769,0.24310485805783946,0.24240046689907704,1.0029058985231067
2025-09-19,0.2341479957103729,0.2489250004291534,0.2326859980821609,0.2462660074234008,75236155,,,,,-0.04920700116030885,-0.050458906964845875,0.03509515646368764,0.03492377818178091,0.2410705706902912,0.2416497334837913,0.9976032963697063
2025-09-20,0.2356230020523071,0.2385240048170089,0.2327159941196441,0.2341479957103729,50242996,,,,,0.006299461746231305,0.006279703073007935,0.03384146032162586,0.03448046638013145,0.23859185619013643,0.24123006711403522,0.9890635070683306
2025-09-21,0.2313130050897598,0.2376309931278228,0.2301910072565078,0.2356230020523071,50692237,,,,,-0.018291919400935663,-0.01846128508695371,0.028265206175462545,0.03176646252865061,0.23741242928164338,0.240061667561531,0.9889643427591014
2025-09-22,0.2140509933233261,0.2319329977035522,0.206713005900383,0.2313109934329986,159347489,,,,,-0.07462620512727014,-0.07755752053205023,0.03907441140983664,0.03443772992419013,0.23472885787487024,0.23840463409821186,0.9845817752777937
2025-09-23,0.2110590040683746,0.2174710035324096,0.2096689939498901,0.2140509933233261,72930629,,,,,-0.01397792744849391,-0.014076538675189054,0.03645755477166074,0.03381553170644836,0.2309462875127792,0.23639810134967162,0.9769379965161891
2025-09-24,0.2129790037870407,0.2182070016860962,0.2084580063819885,0.2110590040683746,71720848,,,,,0.009096980852066006,0.009055852562421423,0.0332357583488508,0.029543953657506096,0.22649128735065457,0.2352879012624422,0.9626134031346737
2025-09-25,0.2024450004100799,0.2134349942207336,0.200981006026268,0.2129839956760406,125958764,,,,,-0.04946029040258748,-0.05072534033829284,0.032429089561595736,0.02974586211314144,0.22023114349160874,0.2335416341821352,0.9430059195349048
2025-09-26,0.2086589932441711,0.2106740027666092,0.2004680037498474,0.2024450004100799,83207647,,,,,0.030694721141563797,0.030233061422932285,0.03711491447636379,0.03019256169516684,0.2165898574250085,0.23226033399502433,0.9325305518145361
2025-09-27,0.2059500068426132,0.2086730003356933,0.2045300006866455,0.2086589932441711,43242996,,,,,-0.012982840372415039,-0.013067854058867092,0.035837273725408236,0.029750895196199695,0.2123508581093379,0.23070286711057025,0.920451751505816
2025-09-28,0.2080429941415786,0.2086510062217712,0.2002640068531036,0.2059500068426132,51685913,,,,,0.01016259883188475,0.010111306838299073,0.03752659106174696,0.027707326758259827,0.20902657083102633,0.22975283364454901,0.9097888696964307
2025-09-29,0.2077630013227462,0.2105029970407486,0.2038010060787201,0.2080450057983398,95228753,,,,,-0.0013458411324432928,-0.0013467475900100462,0.025544325172380714,0.02766845169791797,0.2081282862595149,0.22889110048611955,0.9092895521822014
2025-09-30,0.2078990042209625,0.2102259993553161,0.201663002371788,0.2077630013227462,107192472,,,,,0.0006546059565486484,0.0006543917955250984,0.025205311344551076,0.02766589813611119,0.2076768577098846,0.22810063411792117,0.9104615535725424
2025-10-01,0.2208320051431656,0.2216269969940185,0.2056590020656585,0.2078990042209625,106711733,,,,,0.06220809460182619,0.06034984957760165,0.034682263525703305,0.029840503944600482,0.20879871504647385,0.22788990090290703,0.9162262751407881
2025-10-02,0.2250970005989074,0.2273979932069778,0.2191700041294098,0.2208320051431656,101740036,,,,,0.01931330312821644,0.019129168346361358,0.024461738676225378,0.02963172058586669,0.2120347150734492,0.22761686742305753,0.9315421896188092
2025-10-03,0.224930003285408,0.2304479926824569,0.2207880020141601,0.2250970005989074,93541126,,,,,-0.0007418904430315232,-0.0007421657799345545,0.024077556532007206,0.029631472734549497,0.2143591450793402,0.22735343426465984,0.9428454237898465
2025-10-04,0.219757005572319,0.2252880036830902,0.2160200029611587,0.224928006529808,81474263,,,,,-0.022998255624106734,-0.023266841499911088,0.02599004804058883,0.029623581042798365,0.21633157346929818,0.22709836761156715,0.9525897334467649
2025-10-05,0.218759000301361,0.2300709933042526,0.2178069949150085,0.219757005572319,84074591,,,,,-0.004541403667013388,-0.0045517471685376145,0.026496883806489402,0.029553538159075448,0.21786243149212423,0.22673363437255217,0.960873899873843
2025-10-06,0.229312002658844,0.2307070046663284,0.216497004032135,0.218759000301361,103681283,,,,,0.04824031168064047,0.047112864651247414,0.029998425247227577,0.030793206799195692,0.2209408602544239,0.22680630137523008,0.9741389851814463
2025-10-07,0.2190800011157989,0.2303130030632019,0.2186879962682724,0.229312002658844,95989779,,,,,-0.04462043601907584,-0.04564656826873143,0.037598438487273754,0.03175620462684229,0.2225381455251148,0.2264172345399856,0.9828675187966499
2025-10-08,0.2242060005664825,0.2266940027475357,0.2158659994602203,0.21909199655056,90802648,,,,,0.023397842909331334,0.02312830961775609,0.030913440478003255,0.031730941290158084,0.22302014487130295,0.22601183454195653,0.9867631282374366
2025-10-09,0.2205770015716552,0.2242980003356933,0.2128680050373077,0.2242060005664825,80874407,,,,,-0.016186002986798842,-0.016318427223427745,0.030573069674717908,0.03177052925888763,0.22237443072455268,0.22559143453836436,0.9857396898938351
2025-10-10,0.1759479939937591,0.2251899987459182,0.1208859980106353,0.2205699980258941,310168512,,,,,-0.20232847150838706,-0.22605838470201162,0.08958403076302154,0.0514001874992599,0.21537700082574565,0.22347553422053648,0.9637609842928094
2025-10-11,0.1819410026073455,0.1927150040864944,0.1752949953079223,0.1758850067853927,214371229,,,,,0.03406125001799665,0.03349401032604921,0.09332295255192868,0.05174501994930397,0.2099747146878923,0.22140350093444183,0.9483802821621433
2025-10-12,0.2032530009746551,0.2070250064134597,0.1795089989900589,0.1819410026073455,122301983,,,,,0.11713686338919382,0.11076904023487359,0.10710299635123162,0.05606475416917216,0.2077595719269343,0.21989900072415663,0.9447954344619777
2025-10-13,0.2133129984140396,0.214710995554924,0.1997909992933273,0.2032549977302551,129349266,,,,,0.04949495156845907,0.048309049946313125,0.10721114314360128,0.056789009832023285,0.20547399989196227,0.21857696721951161,0.9400533025312299
2025-10-14,0.2054409980773925,0.2139119952917099,0.1921049952507019,0.2133129984140396,146708330,,,,,-0.03690351921905666,-0.03760168447563032,0.10681186274671715,0.05637203495978917,0.20352557088647563,0.21743936737378433,0.9360106835511967
2025-10-15,0.1964620053768158,0.2081789970397949,0.1946599930524826,0.2054409980773925,106098147,,,,,-0.04370594372401848,-0.04468982298007484,0.10646781330343452,0.05668009985817544,0.19956214300223754,0.2162269011139869,0.9229293023860878
2025-10-16,0.1849240064620971,0.1988440006971359,0.1836320012807846,0.1964620053768158,125694839,,,,,-0.05872890736602587,-0.06052409094623461,0.1075962227366542,0.057326091477960785,0.19446885798658636,0.21447313477595645,0.9067282864575695
2025-10-17,0.1772409975528717,0.1874639987945556,0.1705539971590042,0.1849279999732971,113772683,,,,,-0.041546844329268584,-0.04243459023040401,0.0640216912038857,0.05723964662908154,0.19465357278074533,0.21224236786365505,0.9171287275959491
2025-10-18,0.1798730045557022,0.1815090030431747,0.1769430041313171,0.1772409975528717,64539429,,,,,0.014849876942524931,0.014740697064679708,0.06281864317694957,0.05732220104472011,0.19435814448765343,0.2100292677680651,0.9253860024036399
2025-10-19,0.183566004037857,0.1882230043411255,0.1768639981746673,0.1798730045557022,62222521,,,,,0.02053114913645171,0.020323226208548817,0.04154576471024401,0.05707575199556228,0.19154571635382514,0.20834320137898124,0.9193758907707237
2025-10-20,0.1868879944086074,0.1910170018672943,0.1798110008239746,0.183566004037857,85339005,,,,,0.01809698036497709,0.017935179175310248,0.03494829016387475,0.05721659495896383,0.1877707157816205,0.20671870112419125,0.9083392782582003
2025-10-21,0.1812549978494644,0.1951680034399032,0.1777199953794479,0.1868769973516464,95907674,,,,,-0.030141029534658914,-0.030604609327888464,0.034420078566849845,0.05733799912149982,0.18431557289191652,0.20505010088284809,0.8988806740320606
2025-10-22,0.1784950047731399,0.1845680028200149,0.1754820048809051,0.1812530010938644,100214221,,,,,-0.01522712812927074,-0.015344251332572357,0.03233645844880011,0.05584598569569162,0.18174885851996284,0.20386490126450854,0.8915161824945491
2025-10-23,0.1814880073070526,0.185709998011589,0.1781830042600631,0.1784950047731399,52493607,,,,,0.01676799044161892,0.01662895971467192,0.026302867870232217,0.05597513187828099,0.1812580014978136,0.20287920137246446,0.8934282088632799
2025-10-24,0.1857170015573501,0.1862410008907318,0.1808360069990158,0.1814880073070526,71329325,,,,,0.0233017834789635,0.023034441979144282,0.02089437931267605,0.05615433764369549,0.1824688592127391,0.2019704679648081,0.9034432659953681
2025-10-25,0.1852770000696182,0.1868840008974075,0.1825879961252212,0.1857170015573501,39042834,,,,,-0.0023692041333976954,-0.0023720151382845087,0.02079404169698051,0.05547355377742598,0.18324085857186995,0.20139820128679273,0.9098435706033612
2025-10-26,0.1907700002193451,0.1917389929294586,0.183239996433258,0.1852779984474182,57342180,,,,,0.029647501566103074,0.029216512177763557,0.022167586234357068,0.055452889762986686,0.18427000088351111,0.20080190151929853,0.9176705971870561
2025-10-27,0.1857150048017501,0.193133994936943,0.1846899986267089,0.1907700002193451,63642711,,,,,-0.02649785297364793,-0.02685524870097207,0.02433779030236483,0.05559625974382167,0.18410243093967435,0.20012740145126973,0.9199261550622921
2025-10-28,0.1845500022172927,0.198753997683525,0.1820369958877563,0.1857150048017501,148407149,,,,,-0.00627306655001314,-0.00629282490564401,0.02088150334802196,0.05553894839318303,0.1845731458493641,0.1993443017204602,0.9259012886568003
2025-10-29,0.1837349981069564,0.1895589977502823,0.1813410073518753,0.1845719963312149,82330222,,,,,-0.004416169604683606,-0.004425949685958883,0.019694061390281393,0.05553673235175118,0.1853217163256236,0.19854336827993388,0.9334067308877899
2025-10-30,0.1737170070409774,0.1865770071744918,0.167834997177124,0.1837349981069564,110315786,,,,,-0.0545241307818084,-0.056066912924601184,0.028983100981428474,0.056329268329374224,0.18421157343046998,0.19740396837393437,0.9331705686966001
2025-10-31,0.1773560047149658,0.1788929998874664,0.1733649969100952,0.1737010031938552,55423734,,,,,0.020947849240402938,0.02073145975890091,0.028605873273079004,0.0551729401456779,0.1830171453101294,0.19595476835966105,0.933976482645293
2025-11-01,0.178969994187355,0.1809400022029876,0.1755210012197494,0.1773560047149658,54413325,,,,,0.009100280957406115,0.00905912291205727,0.029206163539733057,0.05503701666388756,0.18211614446980606,0.19441720147927596,0.9367285563423711
2025-11-02,0.1786900013685226,0.1805779933929443,0.1735749989748001,0.178969994187355,44116843,,,,,-0.0015644679439353881,-0.0015656930017850627,0.025254971704298402,0.055033660908987904,0.18039043034826,0.19287586808204646,0.9352669784046009
2025-11-03,0.1599469929933548,0.1786970049142837,0.1558589935302734,0.1786839962005615,127845801,,,,,-0.1048911983413835,-0.11081000199682825,0.04620331864012653,0.05812333344547093,0.17670928580420356,0.19088220099608097,0.9257504622331529
2025-11-04,0.1543630063533783,0.1627029925584793,0.1462330073118209,0.1599449962377548,109235402,,,,,-0.0349114824572444,-0.0355354538263281,0.04593743679894125,0.05828739490812958,0.17239685782364433,0.18873566786448154,0.9134301945906218
2025-11-05,0.1618220061063766,0.1626109927892685,0.1475230008363723,0.1543640047311782,70341878,,,,,0.048321161457056894,0.047189990724098026,0.05342015814226778,0.058290076489665006,0.16926643039499004,0.18648600131273263,0.9076629302117655
2025-11-06,0.1572979986667633,0.1618259996175766,0.1538069993257522,0.1618240028619766,61675469,,,,,-0.02795668863874634,-0.028354916500785882,0.05111849668131516,0.05802690379132887,0.16692085777010238,0.18442660123109814,0.9050801601062963
2025-11-07,0.1805890053510666,0.1864050030708313,0.1572400033473968,0.1572979986667633,104597610,,,,,0.14806931354317743,0.1380816737255691,0.07711135896433824,0.06386315563352923,0.16738271500383103,0.18297270139058427,0.91479610746155
2025-11-08,0.1777919977903366,0.184808000922203,0.1744800060987472,0.1805890053510666,67182450,,,,,-0.015488249438511348,-0.015609445411474415,0.0773293241303234,0.0638598004307056,0.167214429804257,0.18154653459787365,0.9210554758020453
2025-11-09,0.1777449995279312,0.1817999929189682,0.1698849946260452,0.1777919977903366,68241370,,,,,-0.000264344081789436,-0.00026437902684470595,0.07732914300137389,0.048674958843841376,0.16707942954131536,0.18160643478234606,0.920008312158976
2025-11-10,0.1886480003595352,0.1917729973793029,0.1770009994506836,0.1777449995279312,94939551,,,,,0.061340689530287706,0.059532910380102194,0.062258755921861766,0.04951153653170825,0.17117957345076967,0.18183000137408573,0.9414264541449102
2025-11-11,0.1777839958667755,0.1909330040216446,0.1761790066957473,0.1886480003595352,83302385,,,,,-0.057588760400611116,-0.05931353958612583,0.06652407310285278,0.04615748591580298,0.1745254290955407,0.1809810345371564,0.9643299340280304
2025-11-12,0.1716749966144561,0.1840970069169998,0.1708029955625534,0.1777839958667755,73686142,,,,,-0.03436191892602791,-0.034966172244511005,0.06819102432925427,0.0453717709790776,0.17593299916812352,0.17959310114383695,0.9796200302105033
2025-11-13,0.1681369990110397,0.1796520054340362,0.1632740050554275,0.1716769933700561,94051544,,,,,-0.02060869476154381,-0.020824017394273867,0.0675702761805864,0.04508711624040115,0.17748142778873444,0.17834963450829186,0.9951319960820157
2025-11-14,0.1608189940452575,0.1681360006332397,0.158050000667572,0.1681350022554397,90977064,,,,,-0.04352406078867688,-0.044499645450817374,0.038777226346693755,0.045081600709065875,0.17465714045933314,0.17716153413057326,0.985863784237755
2025-11-15,0.1634690016508102,0.1673610061407089,0.1607860028743744,0.1608189940452575,61679497,,,,,0.016478200359883566,0.016343908071630754,0.04073934525992355,0.04408887989108454,0.1726109981536865,0.17644636730353033,0.9782632580740749
2025-11-16,0.1589830070734024,0.1662079989910125,0.1557510048151016,0.1634690016508102,73314496,,,,,-0.027442478586799046,-0.027826057255982736,0.04074811920456777,0.04373022118713378,0.1699307135173252,0.17583776762088138,0.9664062266970301
2025-11-17,0.1523420065641403,0.1622949987649917,0.1505209952592849,0.1589850038290023,82522716,,,,,-0.04177176310544917,-0.042669286281699186,0.02411557386318037,0.044152974845353424,0.16474414297512596,0.1749200676878293,0.9418252871313554
2025-11-18,0.1568479984998703,0.1602749973535537,0.1507090032100677,0.1523440033197403,75347152,,,,,0.029578131714005362,0.029149137480204597,0.029170921523761176,0.044360147690162596,0.16175328620842522,0.17402946750322976,0.9294591802702797
2025-11-19,0.1519619971513748,0.1584009975194931,0.1456419974565506,0.1568499952554702,72917644,,,,,-0.03115118710615583,-0.03164670310971924,0.02887268605558227,0.044390437365283135,0.158937143427985,0.17286526759465531,0.9194278621699196
2025-11-20,0.1440609991550445,0.1552679985761642,0.1420760005712509,0.1519639939069748,70463871,,,,,-0.05199324926257598,-0.053393655721431676,0.03196994531969983,0.04500093521696528,0.15549771487712857,0.17162546763817466,0.9060293732451932
2025-11-21,0.1367489993572235,0.1457740068435669,0.1318159997463226,0.1440750062465667,101105773,,,,,-0.05075627574921582,-0.05208969116331068,0.03297022402959346,0.04571188117372207,0.15205914420740943,0.1702339341243108,0.8932363866793475
2025-11-22,0.1356939971446991,0.1382859945297241,0.1327760070562362,0.1367589980363845,44814871,,,,,-0.007714880675422586,-0.007744794320129367,0.029201323544518,0.04545875865383924,0.14809128642082212,0.168707467118899,0.8777992400090546
2025-11-23,0.1436440050601959,0.1459590047597885,0.1352420002222061,0.1356939971446991,51053812,,,,,0.05858776425473855,0.05693572195320398,0.04294795609188956,0.04670466580348088,0.14590000041893547,0.16730503390232718,0.8720598359527665
2025-11-24,0.1436710059642791,0.1471160054206848,0.1392399966716766,0.1436550021171569,64009925,,,,,0.0001879709777785621,0.0001879533134478716,0.04128457803478285,0.046718703402471744,0.14466128604752673,0.16591816743214918,0.8718833403622586
2025-11-25,0.1463759988546371,0.1473429948091507,0.1401380002498626,0.1436710059642791,53534086,,,,,0.01882768810730351,0.018652640930259548,0.03986071619314901,0.04646391466903069,0.14316528609820772,0.16443836738665893,0.8706318870313893
2025-11-26,0.1462839990854263,0.1482529938220977,0.1416810005903244,0.1463759988546371,50693911,,,,,-0.0006285167645697642,-0.0006287143640321581,0.03874503672223803,0.04635967767275019,0.14235414351735792,0.16312400052944817,0.8726744259294895
2025-11-27,0.1443500071763992,0.1474300026893615,0.1440750062465667,0.1462969928979873,35448866,,,,,-0.013220802829554179,-0.013308975649220104,0.03301489778986617,0.04636869738436504,0.14239543037755145,0.1617840006947517,0.8801576779289695
2025-11-28,0.1434530019760131,0.147147998213768,0.1418150067329406,0.1443500071763992,39353103,,,,,-0.00621409875851231,-0.006233486630701714,0.02428567721141031,0.04636481285156556,0.14335314503737853,0.16044126749038692,0.8934929727226678
2025-11-29,0.1396529972553253,0.1439319998025894,0.1389580070972442,0.1434530019760131,28608017,,,,,-0.02648954478710186,-0.026846714409476922,0.027106609727078804,0.045626699280746676,0.1439187164817537,0.15930580049753187,0.9034116525090586
2025-11-30,0.1369750052690506,0.1409399956464767,0.1369750052690506,0.1396529972553253,29198676,,,,,-0.019176043757790362,-0.019362288892312524,0.0149282853952524,0.045364495878442775,0.1429660022258758,0.15795976718266802,0.9050785828301892
2025-12-01,0.1304569989442825,0.1369789987802505,0.1287339925765991,0.1369750052690506,63642976,,,,,-0.04758537013351616,-0.048754803434822115,0.021241241403969803,0.04581369542837509,0.14107828693730487,0.15634266734123228,0.9023658693847695
2025-12-02,0.1388580054044723,0.1403450071811676,0.1286949962377548,0.1304560005664825,51316139,,,,,0.06439674780329585,0.06240820468953631,0.03460895986861905,0.047695990437626345,0.14000428787299563,0.1550149341424306,0.9031664506876292
2025-12-03,0.1438439935445785,0.1444849967956543,0.1373070031404495,0.1388580054044723,47472490,,,,,0.03590709895034694,0.035277466988592465,0.03826992969678009,0.04421062400071121,0.13965571565287452,0.15447816749413806,0.9040482413683085
2025-12-04,0.1385769993066787,0.1440230011940002,0.1374119967222213,0.1438419967889785,39187539,,,,,-0.03661601786846613,-0.03730321131874168,0.0404235206438454,0.04425589787551532,0.13883100024291442,0.15395196725924806,0.9017812679790533
2025-12-05,0.1328770071268081,0.1396529972553253,0.1309680044651031,0.1385769993066787,48015106,,,,,-0.04113231061711886,-0.042002180892469564,0.0426806147436592,0.043719161824736924,0.13732014383588514,0.1529871339599291,0.8975927601327082
2025-12-06,0.1336760073900222,0.1352860033512115,0.1320589929819107,0.1328770071268081,33560036,,,,,0.0060130814238732455,0.005995074996456477,0.04244512583795402,0.043578503998697664,0.13646628814084183,0.1521997342507044,0.8966263233814433
2025-12-07,0.1327980011701584,0.1364579945802688,0.1303640007972717,0.1336760073900222,37168201,,,,,-0.006568166098064876,-0.006589831420744242,0.04206023530467446,0.0341312295028368,0.13586957326957153,0.15060670077800747,0.9021482614498122
2025-12-08,0.1335110068321228,0.1361750066280365,0.1325130015611648,0.1327999979257583,35971749,,,,,0.005369099351509199,0.00535473712280557,0.03725260735280092,0.034232103765480804,0.13630586011069154,0.149130667746067,0.9140028819745314
2025-12-09,0.1382039934396743,0.1417649984359741,0.1319659948348999,0.1335110068321228,43703046,,,,,0.03515055963477587,0.03454688438401331,0.03081816462684179,0.03513571112766076,0.13621242983000614,0.1478126342097918,0.9215208872922096
2025-12-10,0.1351989954710006,0.1417409926652908,0.1348599940538406,0.1382019966840744,51685210,,,,,-0.0217432065013764,-0.021983073373307165,0.027054508405788203,0.032774686343899566,0.1349774301052093,0.1460310007135073,0.9243066845102048
2025-12-11,0.129940003156662,0.1352719962596893,0.1269450038671493,0.1351979970932006,54347516,,,,,-0.038898161158798183,-0.0396749038874289,0.027481639451494875,0.03196470178429901,0.13374357351234975,0.14443620095650353,0.9259698927738079
2025-12-12,0.1229379996657371,0.1310960054397583,0.1218840032815933,0.129938006401062,52921412,,,,,-0.0538864346684903,-0.05539266921629014,0.030451563529081405,0.032713711243942165,0.13232371530362536,0.14281163439154623,0.9265611717658369
2025-12-13,0.1220310032367706,0.1231850013136863,0.1208090037107467,0.1229379996657371,32003782,,,,,-0.00737767355441421,-0.007405023188764002,0.02960680711927857,0.03266831213537666,0.13066014328173223,0.14127476786573726,0.924865390017184
2025-12-14,0.118998996913433,0.1234650015830993,0.1183279976248741,0.1220310032367706,36939302,,,,,-0.024846196809959364,-0.0251600735634376,0.02976610784896112,0.032164936353469696,0.12868885695934293,0.13988076796134308,0.9199896371380153
2025-12-15,0.1154709979891777,0.121800996363163,0.1118139997124672,0.118998996913433,51615111,,,,,-0.02964729968960811,-0.030095665006869367,0.028584407100462225,0.03196833146058983,0.1261117128389222,0.13828083450595532,0.9119970478156968
2025-12-16,0.1168619990348815,0.1180410012602806,0.113206997513771,0.1154709979891777,40502051,,,,,0.01204632392485383,0.011974344446949631,0.021768899930978677,0.03209676311820178,0.12306285649538036,0.13687680090467133,0.8990775330955333
2025-12-17,0.1113590002059936,0.1186629980802536,0.1107480004429817,0.1168600022792816,40713203,,,,,-0.047089720134304236,-0.04823452470665263,0.023558713763987445,0.032305936703644275,0.11965714288609364,0.1355107006927331,0.883008812399347
2025-12-18,0.107294000685215,0.1143779978156089,0.1052990034222602,0.1113620027899742,52842098,,,,,-0.03650355618548207,-0.03718648203798566,0.023366112605347406,0.03176811472423489,0.11642199967588693,0.1338589007655779,0.869736707906876
2025-12-19,0.1147829964756965,0.1157089993357658,0.1066320016980171,0.107294000685215,43226603,,,,,0.06979883071424586,0.06747062211969285,0.03942436810969067,0.03474016641897076,0.11525699922016686,0.1326196007430553,0.8690796727964238
2025-12-20,0.1147980019450187,0.1150510013103485,0.113145999610424,0.1147829964756965,21537748,,,,,0.00013072902592670133,0.00013072048163224154,0.03960331393372726,0.03376100163995674,0.11422371332134515,0.1316441675027211,0.8676701405626963
2025-12-21,0.1114469990134239,0.1150159984827041,0.1104070022702217,0.1147980019450187,26128107,,,,,-0.029190429056419664,-0.02962494635713044,0.03994652644488884,0.03297956081283613,0.1131448564784867,0.13080076749126113,0.8650167628874652
2025-12-22,0.111795000731945,0.1134160012006759,0.1106050014495849,0.1114469990134239,45282781,,,,,0.003122575947327011,0.0031177108322168606,0.039036140128449116,0.033028649932348435,0.11261971401316773,0.13000413427750265,0.8662779429212097
2025-12-23,0.1136649996042251,0.1140220016241073,0.1088239997625351,0.111795000731945,36405050,,,,,0.01672703484088589,0.016588678720394223,0.03940036384973624,0.03112488445410051,0.11216299980878826,0.12900483409563696,0.869448037316469
2025-12-24,0.1129639968276023,0.1144760027527809,0.1103620007634162,0.1136709973216056,31306169,,,,,-0.006167270303643613,-0.006186366469772989,0.03441582937770862,0.031090192200879115,0.11239228504044664,0.1279812671244144,0.8781932509793543
2025-12-25,0.1144250035285949,0.1188020035624504,0.1125079989433288,0.1129639968276023,31943732,,,,,0.01293338357372642,0.012850461577732357,0.029795822546590824,0.030936242037185153,0.11341099973235806,0.12691623394687965,0.8935893873105771
2025-12-26,0.1181410029530525,0.1202400028705596,0.1142380014061927,0.1144289970397949,38093590,,,,,0.03247541454983627,0.031959233995542284,0.019444679581038224,0.031772404194234424,0.1138907149434089,0.12597813407580052,0.9040514513009165
2025-12-27,0.119949996471405,0.1201049983501434,0.116077996790409,0.1181410029530525,20830549,,,,,0.015312156432863322,0.015196108495618066,0.019760798360047648,0.03200637871474581,0.1146267141614641,0.12516480038563407,0.9158063114254006
2025-12-28,0.1197910010814666,0.1215410009026527,0.1183559969067573,0.119948998093605,23500540,,,,,-0.001325513919263055,-0.0013263931899143463,0.012895114017910402,0.0320185913174085,0.11581871445689877,0.12437606702248251,0.9311977555614708
2025-12-29,0.1172349974513053,0.1217959970235824,0.1165240034461021,0.1197910010814666,33962103,,,,,-0.021337192335699973,-0.021568121045923906,0.017679277960258286,0.031914464737143225,0.11659585684537883,0.12362880036234851,0.9431124180097473
2025-12-30,0.114776998758316,0.117927998304367,0.1139430031180381,0.1172349974513053,31152991,,,,,-0.020966424245543736,-0.02118934106989746,0.019824694028519562,0.03194290390527076,0.1167547138673918,0.1228888668119907,0.9500837374146869
2025-12-31,0.1102719977498054,0.1149069964885711,0.1097550019621849,0.114776998758316,31342482,,,,,-0.03925003317081599,-0.040041084063144244,0.025342861573387932,0.03157725106540337,0.11637014257056368,0.12221603343884145,0.9521675617855563
2026-01-01,0.120007999241352,0.1211820021271705,0.109275996685028,0.1102719977498054,37154313,,,,,0.08829078723717765,0.08460838040533618,0.04204343878106848,0.03343171480122932,0.11716771338667183,0.12158769990007078,0.9636477495911873
2026-01-02,0.1273330003023147,0.1273979991674423,0.1192720010876655,0.120007999241352,45333262,,,,,0.06103760672012504,0.05924730360325345,0.04585658390505094,0.03468699189257702,0.11848085586513786,0.121037333458662,0.9788786028205319
2026-01-03,0.1278679966926574,0.1296460032463073,0.124500997364521,0.1273330003023147,37218863,,,,,0.004201553321389495,0.004192751441997386,0.045865519313761295,0.03413885259682655,0.1196119987538882,0.12068036670486126,0.9911471270750619
2026-01-04,0.1358290016651153,0.137935996055603,0.1278679966926574,0.1278679966926574,54044872,,,,,0.062259558125344894,0.06039829797215612,0.04932285236499861,0.035175262897871706,0.12190314169440944,0.12077876652280484,1.0093093778316762
2026-01-05,0.136820986866951,0.1384207308292389,0.1339920312166214,0.1358419209718704,51424316,,,,,0.007303191436843548,0.0072766522696730415,0.04660088671813185,0.03518265204877105,0.12470114018235881,0.1208835991720358,1.0315803056532926
