Date,Close,High,Low,Open,Volume,sentiment_score_mean,sentiment_polarity_mean,sentiment_subjectivity_mean,news_count,return,log_return,vol_7d,vol_30d,ma_7,ma_30,ma_ratio
2021-10-12,443.8675231933594,443.8675231933594,392.5707702636719,413.48675537109375,3142304145,1.0,0.16,0.5,1.0,,,,,,,
2021-10-13,470.7496948242188,471.6569213867188,434.4466247558594,444.4056396484375,5149146903,1.0,0.16,0.5,1.0,0.060563502004963965,0.05880037253680267,,,,,
2021-10-14,472.02239990234375,482.6448669433594,461.8553466796875,470.5386657714844,2486819344,1.0,0.16,0.5,1.0,0.0027035706918518976,0.0026999226183461373,,,,,
2021-10-15,473.70263671875,476.7559509277344,453.9000854492188,472.6004028320313,2804538828,0.0,0.0,0.0,1.0,0.0035596548315373067,0.003553334255216532,,,,,
2021-10-16,465.6424560546875,483.5578002929688,463.511474609375,473.9946899414063,1904086807,0.0,0.0,0.0,1.0,-0.01701527506769618,-0.017161698190391497,,,,,
2021-10-17,470.6255493164063,472.2980041503906,455.4051818847656,465.72210693359375,1646437501,0.0,0.0,0.0,1.0,0.010701544064387392,0.010644687815119725,,,,,
2021-10-18,485.1110229492188,487.4996948242188,467.5847778320313,470.9144287109375,1999805026,1.0,0.14,0.45,1.0,0.03077919091696768,0.030315012278538125,,,468.8173261369978,,
2021-10-19,488.14886474609375,497.2583312988281,481.9736328125,485.0994262695313,1844483840,1.0,0.1,0.4,1.0,0.006262157842562344,0.006242632005657604,0.02432885017403526,,475.1432320731027,,
2021-10-20,501.0203247070313,505.2679443359375,482.24603271484375,488.0538330078125,1890415594,1.0,0.1,0.4,1.0,0.026367898996615624,0.02602625849565395,0.015854846103912065,,479.4676077706473,,
2021-10-21,471.2569274902344,504.6486206054688,467.42236328125,501.3478393554688,3081793454,1.0,0.1,0.4,1.0,-0.05940556849505241,-0.06124322964079995,0.03110775057277495,,479.3582545689174,,
2021-10-22,478.6431579589844,498.0141906738281,470.9593811035156,470.9593811035156,1962748496,1.0,0.1,0.4,1.0,0.01567346820361193,0.015551907936222097,0.03167645264212641,,480.0640433175223,,
2021-10-23,485.9064331054688,485.9064331054688,473.1125793457031,478.9422607421875,1170864603,1.0,0.1,0.4,1.0,0.015174718421665734,0.01506073405601,0.03084596013316906,,482.9588971819197,,
2021-10-24,476.6331176757813,486.8027038574219,468.1982116699219,485.9901428222656,1246191889,1.0,0.1,0.4,1.0,-0.019084570192703487,-0.019269031280415995,0.032153456041524586,,483.817121233259,,
2021-10-25,484.6450805664063,488.8943176269531,474.8721618652344,475.92425537109375,1337787876,1.0,0.1,0.4,1.0,0.016809496850940464,0.01666978078943959,0.030509022037472366,,483.75055803571433,,
2021-10-26,478.0250549316406,489.774169921875,475.2862854003906,484.7068786621094,1486193826,1.0,0.1,0.4,1.0,-0.013659533337321506,-0.013753683107201105,0.030747314187629153,,482.30429949079246,,
2021-10-27,449.0079956054688,486.1675109863281,440.4450073242188,478.1210632324219,2340091135,0.0,0.0,0.0,1.0,-0.06070196326910393,-0.06262245212449252,0.034792535791114354,,474.8739667619978,,
2021-10-28,492.0155334472656,494.9148864746094,447.6197204589844,448.8858337402344,2626956133,0.0,0.0,0.0,1.0,0.09578345655917087,0.09146959287294516,0.04713425723772835,,477.83948189871654,,
2021-10-29,529.6221313476562,533.4754028320312,488.8721618652344,492.43255615234375,2667451365,1.0,0.2,0.33,1.0,0.07643376142395986,0.07365350450690618,0.05371988498196174,,485.1221923828125,,
2021-10-30,527.9212036132812,539.9388427734375,511.9313049316406,529.8226928710938,2194893915,1.0,0.2,0.33,1.0,-0.003211587344446709,-0.003216755559498137,0.054128364281349615,,491.12430245535717,,
2021-10-31,524.3644409179688,534.7709350585938,510.5654602050781,528.5473022460938,2076289915,1.0,0.2,0.33,1.0,-0.006737298428191041,-0.006760096479126187,0.053127104216130414,,497.9430629185268,,
2021-11-01,551.2559204101562,552.0736694335938,512.17626953125,524.7382202148438,2535579529,0.0,0.0,1.0,1.0,0.0512839494705446,0.05001222616696396,0.05490940967167879,,507.45889718191967,,
2021-11-02,554.4476318359375,564.022705078125,538.3999633789062,551.74755859375,2401108112,0.0,-0.02500000000000001,0.815,2.0,0.0057898905165616465,0.005773193518657493,0.05348124874252769,,518.3764081682477,,
2021-11-03,568.5787963867188,570.2593383789062,538.531005859375,554.557373046875,2567651316,0.0,0.0,0.35000000000000003,3.0,0.02548692381278439,0.02516754741320046,0.03884213123180542,,535.4579511369977,,
2021-11-04,559.7373046875,569.1212768554688,544.8768310546875,568.578125,2260479871,0.0,0.0,0.0,3.0,-0.015550160778780131,-0.015672332712689894,0.03296147610345168,,545.1324898856027,,
2021-11-05,608.6480712890625,615.5808715820312,555.0560913085938,559.3905029296875,3675930507,0.5,0.119,0.373,10.0,0.08738164526816594,0.08377264612075842,0.035880132966591205,,556.4219098772321,,
2021-11-06,636.1139526367188,636.1139526367188,596.7644653320312,608.2634887695312,2779927044,0.0,0.0,0.0,1.0,0.045126046796609254,0.04413749708701808,0.03526105958737221,,571.8780168805804,,
2021-11-07,650.4540405273438,669.3458251953125,632.0792846679688,638.18603515625,3017167868,0.0,0.0,0.0,1.0,0.022543268908321812,0.022292924820244878,0.03225732828464653,,589.8908168247768,,
2021-11-08,654.3150024414062,655.7136840820312,632.6870727539062,650.4674072265625,2828112534,0.0,0.03,0.14625,8.0,0.005935795111569053,0.005918247684148926,0.03218173407601182,,604.613542829241,,
2021-11-09,635.1906127929688,657.0405883789062,632.3316650390625,654.0003662109375,2198989754,0.2,0.05,0.209,10.0,-0.029228108139168207,-0.02966375913266946,0.03789566870894769,,616.1482543945312,,
2021-11-10,615.278076171875,662.3065185546875,578.0742797851562,635.0383911132812,3653998344,0.3333333333333333,0.05833333333333334,0.22999999999999998,12.0,-0.03134891514460081,-0.03185080948346523,0.04232398461305498,,622.819580078125,523.4316986083984,1.1898774601040794
2021-11-11,629.892333984375,634.8444213867188,606.4091796875,615.4552001953125,2341652507,0.0,0.049,0.328,10.0,0.02375228108797023,0.023474584351617252,0.04072582716002209,0.03696253161351161,632.8417271205357,529.6325256347657,1.1948694547452001
2021-11-12,626.6425170898438,634.5205688476562,604.1627197265625,629.1442260742188,2209163398,0.7,0.144,0.376,10.0,-0.005159321235066572,-0.0051726764887034225,0.028375669551054847,0.035981934885037016,635.4123622349331,534.8289530436198,1.188066499801311
2021-11-13,650.1041259765625,655.3208618164062,620.5878295898438,627.07958984375,2106170805,0.0,0.0,0.0,1.0,0.03744018040090147,0.03675631401554769,0.026732133555921255,0.03629472772352687,637.4109584263393,540.7650105794271,1.1787207862124005
2021-11-14,650.9180908203125,659.99267578125,634.5494995117188,650.062255859375,2101401990,1.0,0.29,0.79,1.0,0.0012520530346231684,0.0012512698698634622,0.02536326298728787,0.036312722377562896,637.4772513253348,546.6721923828125,1.166105136145164
2021-11-15,633.0486450195312,660.044189453125,631.9422607421875,650.943115234375,2146877925,0.4,0.062,0.28500000000000003,10.0,-0.027452679611748798,-0.02783654617640555,0.027214355404777405,0.036644856021668705,634.4392002650669,552.2523986816407,1.1488210857564873
2021-11-16,589.8228759765625,635.2603759765625,574.1801147460938,634.9476318359375,3772957260,0.2857142857142857,0.041428571428571426,0.19428571428571426,7.0,-0.06828190753276964,-0.07072498594513538,0.0363714957723047,0.03951280847536532,627.9580950055804,556.2256429036458,1.1289628642927572
2021-11-17,578.0927734375,593.1080932617188,554.3214111328125,589.3280639648438,2704847734,0.5454545454545454,0.12727272727272726,0.35818181818181816,11.0,-0.019887500157807714,-0.020087918148709114,0.03548625295934291,0.03958188269483833,622.6459089006696,559.3250345865886,1.1132094406624997
2021-11-18,532.2376098632812,587.9127197265625,518.423095703125,578.0348510742188,2917116815,0.36363636363636365,0.10636363636363635,0.30272727272727273,11.0,-0.07932146133145934,-0.08264433875849315,0.04150461942683774,0.04275105102961149,608.6952340262277,560.7946594238281,1.0854155327577721
2021-11-19,581.5308227539062,585.8994750976562,525.2415161132812,531.505126953125,2481119529,0.3,0.156,0.406,10.0,0.09261505007751558,0.08857395143844277,0.05973696235617142,0.04536401626480778,602.2507062639509,563.4783426920573,1.0688089685695032
2021-11-20,603.8400268554688,604.8842163085938,574.0227661132812,581.478515625,2336197759,1.0,0.09,0.2,1.0,0.03836289192018172,0.03764533050497857,0.059855432328399065,0.04395804852245928,595.6415492466518,567.8977793375651,1.0488534572919954
2021-11-21,585.2942504882812,605.1771240234375,580.5870971679688,604.4089965820312,2055539646,1.0,0.09,0.2,1.0,-0.030713062305203098,-0.031194593593363115,0.06004557084361802,0.04451577506174558,586.2667149135044,571.4528157552083,1.0259232236675895
2021-11-22,559.1270141601562,585.1484985351562,554.270263671875,584.8157958984375,2251971535,0.3333333333333333,0.07333333333333333,0.27,9.0,-0.04470783081551721,-0.04573804897154953,0.061047252972431215,0.04549545233355083,575.7064819335938,573.8935017903646,1.0031590881192647
2021-11-23,591.4395751953125,605.0904541015625,559.0416259765625,559.5701904296875,2927434189,0.3333333333333333,0.07555555555555556,0.2577777777777778,9.0,0.05779109257257353,0.05618285890392087,0.06153134978564393,0.046205936959082684,575.9374389648438,577.7203837076823,0.9969138275312426
2021-11-24,581.3953247070312,594.8309936523438,577.5083618164062,591.195556640625,2917418688,0.7,0.16899999999999998,0.363,10.0,-0.016982716256287556,-0.017128576340802414,0.061377167579684276,0.04637864119189038,576.4092320033482,580.9453918457032,0.992191762072605
2021-11-25,603.730224609375,646.9588012695312,587.8598022460938,590.3569946289062,2537227998,0.5555555555555556,0.14,0.28444444444444444,9.0,0.03841602942644662,0.0376965035072951,0.049881807301406046,0.04657129755020107,586.6224626813616,585.1355641682943,1.0025411179974693
2021-11-26,585.1473388671875,657.512939453125,566.5331420898438,639.0036010742188,4254504824,0.25,0.013750000000000002,0.2775,8.0,-0.030780114999561237,-0.03126377332861074,0.04148313606182502,0.04527033151885128,587.1391078404018,589.6735422770182,0.9957019702345307
2021-11-27,600.3367919921875,621.3866577148438,584.7943115234375,587.1033325195312,2485529516,0.25,0.013750000000000002,0.2775,8.0,0.025958339235389705,0.025627140890437862,0.0399277209529364,0.042645564309508624,586.6386457170759,593.2842508951823,0.9887986152201426
2021-11-28,611.3668212890625,612.737548828125,574.55126953125,601.0064086914062,2731676788,0.25,0.013750000000000002,0.2775,8.0,0.018373068990611863,0.01820632347955732,0.037985072697167874,0.04080245074848309,590.363298688616,596.0090738932291,0.9905273670286026
2021-11-29,624.31005859375,628.4968872070312,602.4429321289062,611.7626342773438,2425803182,0.2222222222222222,0.014444444444444446,0.13777777777777778,9.0,0.021170984184906816,0.02094999253156784,0.03038199044337546,0.04087752844457927,599.6751621791294,599.2220357259115,1.0007561912383096
2021-11-30,622.6698608398438,635.1295166015625,604.8676147460938,623.9569702148438,2781531694,0.2727272727272727,0.02,0.19727272727272727,11.0,-0.0026272166070826497,-0.00263067379715191,0.024992071221073282,0.040841444376497185,604.1366315569196,602.4988830566406,1.0027182598114877
2021-12-01,627.9715576171875,650.253173828125,619.1972045898438,621.8128662109375,2806563703,1.0,0.18,0.55,1.0,0.008514458641362355,0.008478415088101819,0.02256830229320416,0.039983455606402256,610.7903791155134,605.0560709635416,1.0094773169416182
2021-12-02,619.4701538085938,629.8849487304688,606.6478271484375,627.5718383789062,2378758113,-1.0,-0.08,0.05,1.0,-0.013537880347402997,-0.013630352986978659,0.020714361524253933,0.04011624418264146,613.0389404296875,607.2234883626302,1.0095771197565802
2021-12-03,594.635986328125,628.3163452148438,579.84521484375,620.2990112304688,2483348354,0.5,0.15,0.39,2.0,-0.04008936883848979,-0.04091509139372811,0.023554169654739804,0.040706557228305566,614.3944614955357,608.0920613606771,1.0103642203793224
2021-12-04,569.0772705078125,596.148681640625,495.13226318359375,596.148681640625,4458419873,0.5,0.15,0.39,2.0,-0.04298212084024289,-0.043933205196115474,0.026553811840999312,0.041437945266839436,609.9288155691964,608.4033935546875,1.0025072542833735
2021-12-05,557.7830810546875,581.8065795898438,543.6355590820312,568.6514282226562,2394235567,0.5,0.15,0.39,2.0,-0.019846495438214706,-0.020046082275917497,0.02417826800148585,0.03847759976129811,602.2739955357143,606.7078938802083,0.9926918729932177
2021-12-06,589.2561645507812,593.3837280273438,534.263671875,557.9497680664062,3567503629,0.0,0.0,0.0,2.0,0.056425310421002184,0.054890860280104814,0.03368130003655252,0.03897781921872353,597.2662963867188,605.1459676106771,0.9869788916299485
2021-12-07,579.6898803710938,593.7992553710938,573.3385009765625,589.1107788085938,2112954675,0.0,0.0,0.75,1.0,-0.016234508445033158,-0.016367731923467528,0.0336991608730916,0.03876664737681229,591.1262991768973,602.7871622721354,0.9806550905110788
2021-12-08,607.5927734375,607.7808837890625,567.6162109375,579.1826782226562,2245501623,0.0,-0.005000000000000001,0.2225,4.0,0.04813417313502866,0.04701160550459086,0.039848308755914066,0.03983459210049867,588.2150442940848,601.2297546386719,0.978353183214612
2021-12-09,571.6489868164062,616.6473388671875,568.03955078125,606.6359252929688,2132955304,0.6,0.1,0.326,10.0,-0.05915769277132643,-0.06097973343063559,0.04526493377798423,0.04096604109942295,581.3834490094866,599.1117004394531,0.9704091049849926
2021-12-10,552.9668579101562,594.5972290039062,551.73583984375,570.9810180664062,2089946472,0.4444444444444444,0.11666666666666664,0.20666666666666667,9.0,-0.03268111959804809,-0.033227075321916294,0.044518735955667396,0.040999625713188215,575.4307163783482,597.0346598307292,0.9638145908337948
2021-12-11,564.322509765625,572.1915283203125,542.565673828125,553.6710815429688,1824951693,1.0,0.09,0.32,1.0,0.020535863394029574,0.020327845613545253,0.04304760277338356,0.040932048519081256,574.75146484375,594.8489990234375,0.966214057327689
2021-12-12,570.823974609375,574.18505859375,559.5152587890625,564.1414184570312,1307635490,1.0,0.09,0.32,1.0,0.011520832026442163,0.011454972595436135,0.0423904538163032,0.04102339108644161,576.6144496372768,592.9883809407552,0.9723874331609977
2021-12-13,521.0115966796875,572.8823852539062,511.99847412109375,571.1774291992188,1900967743,0.36363636363636365,0.09272727272727273,0.2781818181818182,11.0,-0.08726399055641454,-0.09130858648105383,0.04833537638728686,0.04333019175181686,566.8652256556919,588.6852966308594,0.962934234810947
2021-12-14,511.2293701171875,536.2976684570312,510.4207763671875,520.6317138671875,2232411089,-0.09090909090909091,-0.02090909090909091,0.3109090909090909,11.0,-0.018775448809278616,-0.018953945314097647,0.04833441335354691,0.04334845285610797,557.0851527622768,584.0290059407552,0.9538655564973574
2021-12-15,541.0269775390625,546.578125,503.0374755859375,528.4280395507812,2079796859,0.16666666666666666,0.008333333333333333,0.04833333333333334,6.0,0.05828618065320579,0.05665078897049276,0.05057890835890739,0.04474089349583301,547.5757533482143,580.9616170247396,0.9425334433494881
2021-12-16,526.2465209960938,545.1519775390625,525.1216430664062,541.40380859375,1500825557,0.5555555555555556,0.08888888888888889,0.17222222222222222,9.0,-0.027319259771850457,-0.027699369623374253,0.047157896202334,0.043233433142790226,541.0896868024554,578.8424051920573,0.9347789345580586
2021-12-17,525.706298828125,535.4282836914062,511.7005004882813,526.1488037109375,1804795681,-0.4444444444444444,-0.0044444444444444444,0.20666666666666667,9.0,-0.001026557224447222,-0.0010270844951947042,0.04628435423364121,0.04312576295805793,537.1953212193081,577.0961893717448,0.930859241687465
2021-12-18,533.891357421875,537.8184204101562,517.3238525390625,526.17236328125,1294574825,1.0,0.11,0.385,2.0,0.015569641474708629,0.01544967819474111,0.04583495437559709,0.040532735643786295,532.8480137416294,577.1513142903646,0.9232379803150788
2021-12-19,529.9720458984375,543.7507934570312,527.772705078125,534.0184936523438,1199582659,1.0,0.11,0.385,2.0,-0.007341028224100876,-0.007368106173175002,0.045054397709354724,0.036937101687175546,527.0120239257812,575.4326883951823,0.9158534691443393
2021-12-20,523.1624755859375,534.7802124023438,506.370361328125,529.72802734375,1467380399,0.6,0.12,0.318,5.0,-0.012848923570970672,-0.01293218497129503,0.028268569754436326,0.03615955819041351,527.3192923409598,572.7434366861979,0.9206902402792165
2021-12-21,528.7109985351562,535.1061401367188,517.76025390625,523.388427734375,1461697111,0.2,0.028000000000000004,0.316,5.0,0.010605735709550812,0.010549889408299517,0.02704206057979715,0.03591039220624124,529.816667829241,570.8573282877604,0.9281069745016369
2021-12-22,533.6449584960938,544.6470947265625,527.6388549804688,528.7727661132812,1597323976,0.0,0.06249999999999999,0.20375,8.0,0.00933205470400189,0.009288780100479708,0.01527062085957228,0.03506815742488666,528.7620936802456,570.0079264322917,0.9276398961498555
2021-12-23,548.725830078125,552.5286865234375,524.7810668945312,533.7183227539062,1867124970,0.1111111111111111,0.0,0.3188888888888889,9.0,0.028260121906767077,0.02786817189882996,0.01405667436398188,0.03381941935475648,531.9734235491071,568.5841349283854,0.9356107405566468
2021-12-24,541.9020385742188,554.1250610351562,538.2337036132812,549.0022583007812,1677259160,0.42857142857142855,0.028571428571428574,0.13285714285714284,7.0,-0.012435703095906248,-0.012513673537519832,0.015596512477085059,0.03376102477405953,534.2871006556919,567.2676920572917,0.9418606208966527
2021-12-25,547.3262329101562,550.865966796875,540.54541015625,542.4671020507812,1305388019,0.0,0.0,0.0,1.0,0.01000954775923879,0.009959784035455714,0.015073707434899419,0.032997829859326665,536.2063685825893,565.3875590006511,0.9483872788611747
2021-12-26,546.9949951171875,549.4100341796875,537.4617309570312,547.3241577148438,1576727325,0.0,0.0,0.0,1.0,-0.0006051926128363139,-0.0006053758158047474,0.014461577809764483,0.03257295694037316,538.6382184709821,564.1158142089844,0.9548362320355661
2021-12-27,562.6414794921875,571.5488891601562,543.50634765625,546.5078735351562,2180356553,0.3333333333333333,0.011111111111111115,0.23111111111111113,9.0,0.028604437910163982,0.028202968864405292,0.01454698238410185,0.03265226522747021,544.278076171875,562.8593037923177,0.9669877934054746
2021-12-28,534.9280395507812,563.59033203125,530.0599365234375,563.59033203125,2791585162,0.2857142857142857,-0.032857142857142856,0.2814285714285714,7.0,-0.04925594886182061,-0.05051038921340174,0.027222098638631058,0.033571485730000857,545.1662248883929,560.3113444010417,0.9729701715591026
2021-12-29,514.0007934570312,540.6157836914062,511.7453308105469,534.8500366210938,2159325741,0.25,0.02125,0.1875,8.0,-0.03912160991097824,-0.03990742319207457,0.031013823887958442,0.03382135965286497,542.3599155970982,556.6343688964844,0.9743557816458854
2021-12-30,518.9097290039062,527.5682983398438,509.0034790039063,514.5702514648438,1950603827,0.0,0.02857142857142857,0.19714285714285715,7.0,0.009550443519471763,0.00950512633807785,0.02840160310776347,0.03394136041259139,538.1004725864956,553.1756978352864,0.9727478533352352
2021-12-31,511.7083129882813,527.6973266601562,507.8857116699219,519.123046875,2020489898,0.16666666666666666,0.07833333333333332,0.2383333333333333,6.0,-0.01387797455532147,-0.013975173979414966,0.02844581216539326,0.03385680453289061,533.7870832170759,549.3002563476563,0.9717582998527458
2022-01-01,527.3527221679688,527.3527221679688,511.9035339355469,511.9103698730469,1622547014,0.75,0.24000000000000002,0.42000000000000004,4.0,0.030572904099069653,0.030114865181799608,0.03145050006195586,0.034489697123795834,530.9337245396206,546.2296752929688,0.9719972175712639
2022-01-02,531.3966674804688,533.3710327148438,518.7535400390625,527.2916259765625,1462276185,0.75,0.24000000000000002,0.42000000000000004,4.0,0.007668388049416386,0.00763913541364341,0.03180841814084598,0.03389817263004953,528.7053920200893,544.1216979980469,0.9716675404883176
2022-01-03,512.135986328125,532.0955810546875,510.6521606445313,531.3888549804688,1949153130,0.0,0.036,0.26799999999999996,10.0,-0.03624539318935727,-0.03691857402715834,0.030260268343437986,0.03363459504478392,521.4903215680804,542.2236551920573,0.9617623955992235
2022-01-04,507.506103515625,519.70166015625,503.2153625488281,512.1303100585938,2200879165,-0.09090909090909091,0.06272727272727273,0.1890909090909091,11.0,-0.009040338769581435,-0.009081450596246796,0.025473404714766435,0.03350809334435509,517.5729021344866,540.5477559407552,0.9574970878081184
2022-01-05,475.0569458007813,515.2391967773438,462.05755615234375,507.5978088378906,2870757788,0.2222222222222222,0.09333333333333332,0.23555555555555557,9.0,-0.06393845806003129,-0.06607405473011328,0.03208142867986471,0.03356118106041897,512.0094953264509,536.7411153157552,0.953922628090909
2022-01-06,473.2756042480469,481.0628356933594,460.2485046386719,475.0790710449219,4400228627,0.14285714285714285,0.03642857142857143,0.375,14.0,-0.0037497432012739695,-0.0037567911123994003,0.031025268652511442,0.033521098979210594,505.4903346470424,533.1939727783204,0.9480421018509976
2022-01-07,447.7884826660156,474.2962036132813,439.260009765625,473.00006103515625,4613172287,-0.09090909090909091,0.051818181818181826,0.2972727272727273,11.0,-0.053852599528187994,-0.055356907615837156,0.034908180349191555,0.033065826051016066,496.3589303152902,527.8671630859375,0.9403102996851544
2022-01-08,430.24615478515625,458.4837951660156,419.1954650878906,447.8568115234375,4068139021,-1.0,-0.29,0.54,1.0,-0.0391754780659318,-0.03996348612941066,0.02777418146738745,0.032162590343851834,482.486563546317,523.1537353515625,0.9222653513542879
2022-01-09,438.8030700683594,444.4932556152344,428.239501953125,430.2531127929688,3347862691,-1.0,-0.29,0.54,1.0,0.019888417799982516,0.01969322699844273,0.030654095784856988,0.0322658761783448,469.25890677315846,519.348275756836,0.9035534123788449
2022-01-10,424.9337768554688,445.0361633300781,408.6987915039063,438.78564453125,4156063326,0.3076923076923077,0.05538461538461538,0.24923076923076926,13.0,-0.03160710158825897,-0.03211738726633174,0.030457428955880744,0.03211488894065929,456.8014482770647,514.7019846598307,0.8875066774396979
2022-01-11,463.518310546875,467.2810668945313,422.00091552734375,424.8912048339844,4600615710,0.0,-0.05,0.1453846153846154,13.0,0.0908012866779706,0.08691255156136438,0.052978380356635456,0.03646893529477592,450.5174778529576,511.1251291910807,0.881423064770769
2022-01-12,487.0074157714844,489.3273010253906,457.1161193847656,463.562744140625,4131335431,0.5416666666666666,0.12125000000000001,0.33166666666666667,24.0,0.05067567923453997,0.04943346124238865,0.05164657094623372,0.0342251539168903,452.2246878487723,509.9916564941406,0.8867295809455423
2022-01-13,475.0291137695313,488.2112426757813,467.8756103515625,487.0425720214844,4151007744,0.2727272727272727,0.05909090909090909,0.24545454545454543,22.0,-0.02459572814302602,-0.024903256120763967,0.05275176815179611,0.03434231574371952,452.4751892089844,508.7849812825521,0.8893249719525501
2022-01-14,489.867431640625,491.66064453125,468.9396057128906,475.127197265625,3112235914,0.358974358974359,0.08205128205128205,0.3076923076923077,39.0,0.031236649377858416,0.030758712525118494,0.04730715036432846,0.033109074290951744,458.48646763392856,507.0796630859375,0.9041704903795883
2022-01-15,494.9880676269531,501.3111267089844,486.305908203125,489.9179992675781,1766015929,0.4,0.1,0.39,5.0,0.010453105586502254,0.010398849646151035,0.04140081384615508,0.03287117443541573,467.73531232561385,506.0377146402995,0.9243091943415489
2022-01-16,498.4279174804688,505.3009643554688,489.5021362304688,494.9241027832031,1771927950,0.2,0.046,0.336,5.0,0.006949359143154421,0.0069253236368988095,0.041698064537945854,0.032911674537937384,476.2531476702009,505.12843526204426,0.942835751115726
2022-01-17,475.7098693847656,498.9439086914063,468.5765075683594,498.5061645507813,2134608006,0.40625,0.0975,0.31125,32.0,-0.04557940536425387,-0.04665082981038856,0.04486279460831265,0.03373355701965399,483.50687517438615,503.189052327474,0.960885124463561
2022-01-18,472.0050659179688,479.662109375,458.1524658203125,475.7364196777344,2106859289,0.3170731707317073,0.08317073170731708,0.3353658536585366,41.0,-0.007787947455427435,-0.007818431895504742,0.03254851064197011,0.03373527842585485,484.7192687988282,501.25681966145834,0.9670078286938831
2022-01-19,462.8220825195313,472.7742919921875,454.7586059570313,471.9172058105469,1780063381,0.3617021276595745,0.06489361702127659,0.3302127659574468,47.0,-0.019455264490812585,-0.019647009185934792,0.025739563381524024,0.03381970859646949,481.2642211914063,499.24547322591144,0.9639831445675051
2022-01-20,440.0054321289063,478.35394287109375,439.9780578613281,462.8569641113281,1881741995,0.17391304347826086,0.03934782608695652,0.3517391304347826,46.0,-0.04929896660594657,-0.05055563663546324,0.030120638372141264,0.03473559627638954,476.2608380998885,496.2886210123698,0.95964488794519
2022-01-21,383.0739135742188,444.1802368164063,376.7701721191406,440.067138671875,3647221590,0.45,0.07875,0.39875,40.0,-0.12938821750275242,-0.1385591161888681,0.051470757089994955,0.04216707426006422,461.004621233259,491.26958618164065,0.9383943850796586
2022-01-22,358.0961608886719,388.9119873046875,340.0548095703125,383.47454833984375,4226932408,0.14285714285714285,0.044285714285714296,0.37214285714285716,14.0,-0.06520348110497898,-0.06742640022785419,0.04830533368565543,0.04271992074466701,441.4486345563617,484.91526387532554,0.9103624229693472
2022-01-23,383.9339599609375,388.5939025878906,357.170654296875,358.3265991210937,2786834863,0.1111111111111111,0.005555555555555554,0.3566666666666667,9.0,0.07215324232503662,0.06966900236231408,0.06330786569512153,0.04538538372983437,425.0923549107143,479.6496612548828,0.8862559264580047
2022-01-24,371.3689575195313,384.0406188964844,337.8539428710937,384.0406188964844,3210871602,0.22580645161290322,0.1003225806451613,0.38451612903225807,31.0,-0.032726988888100994,-0.033274495442162544,0.06317976269808531,0.045367301294157794,410.18651035853793,473.78441874186205,0.8657661462312145
2022-01-25,384.6193542480469,387.1768493652344,358.08355712890625,371.3868408203125,2325661159,0.40540540540540543,0.08351351351351351,0.3651351351351351,37.0,0.03567987162152253,0.03505809185931854,0.06817717633990968,0.046161639522284754,397.7028372628348,468.37189737955737,0.8491176338458795
2022-01-26,375.7554626464844,400.1520690917969,367.5751037597656,384.5862426757813,2226973227,0.23809523809523808,0.07809523809523809,0.27285714285714285,42.0,-0.02304588030649657,-0.02331558843762347,0.06810513507670374,0.045579087451703124,385.2647487095424,462.1423634847006,0.8336494966713797
2022-01-27,390.0882873535156,391.8043823242188,360.3316955566406,375.5421752929688,1952844398,0.33962264150943394,0.0949056603773585,0.38849056603773585,53.0,0.03814402219487034,0.03743452482488751,0.0716572620171503,0.04594047561904111,378.13372802734375,457.31437174479174,0.8268573029634952
2022-01-28,386.0843811035156,393.3755798339844,376.7521667480469,390.0006713867188,1592850476,0.37735849056603776,0.0860377358490566,0.3109433962264151,53.0,-0.010264102716756263,-0.010317141864025749,0.04792181304620256,0.0456043101371197,378.5637948172433,453.05049133300787,0.8355885316521724
2022-01-29,389.1327819824219,396.7722778320313,381.6837768554688,386.0657348632813,1330610935,0.0,0.009375000000000001,0.36375,16.0,0.00789568557576259,0.007864677762094707,0.037229737351786356,0.0455816658784507,382.99759783063615,448.7245930989584,0.8535248651864568
2022-01-30,377.6129150390625,389.2471923828125,373.0362854003906,389.20220947265625,1289330238,0.4444444444444444,0.05722222222222222,0.41833333333333333,18.0,-0.029603948772118027,-0.030050990581637425,0.029757942036645495,0.04572920688371633,382.09459141322543,444.2547465006511,0.860079930316885
2022-01-31,375.2773132324219,384.9773864746094,366.1120300292969,377.6489868164063,1386778184,0.20833333333333334,0.055,0.30312500000000003,48.0,-0.006185174589166342,-0.006204382023362668,0.026671537174280807,0.04510351245346352,382.6529279436384,439.1855662027995,0.8712784694908292
2022-02-01,385.46380615234375,387.7675476074219,374.3268432617188,375.0991821289063,1392647608,0.3684210526315789,0.12280701754385964,0.3133333333333333,57.0,0.027143908146701756,0.026782045907565288,0.025071245591415804,0.04551481440609005,382.77356392996654,434.32113749186203,0.8813146100611754
2022-02-02,367.4716796875,386.1147155761719,366.8953857421875,385.48876953125,1290849744,0.11320754716981132,0.03037735849056604,0.2616981132075472,53.0,-0.04667656516039498,-0.047801046925631904,0.030117608978842737,0.045773593292269654,381.5901663643973,429.49899393717453,0.8884541564728667
2022-02-03,370.8777465820313,370.8777465820313,360.4913330078125,367.370849609375,1202744039,0.19607843137254902,0.039411764705882354,0.3184313725490196,51.0,0.009268923519297756,0.009226230656180634,0.025274704674555806,0.04592274368562272,378.8458033970424,424.9447153727214,0.8915178603050861
2022-02-04,399.0296020507813,399.2165222167969,369.817626953125,370.7108459472656,1711084752,0.27450980392156865,0.05431372549019608,0.3184313725490196,51.0,0.07590602490495701,0.0731631204765309,0.0393450833051165,0.047127926938297496,380.6951206752232,422.41047058105477,0.9012445173329885
2022-02-05,414.2000122070313,430.3477783203125,396.9337158203125,399.14886474609375,2039010962,0.10526315789473684,0.06894736842105263,0.3252631578947368,19.0,0.03801825748837406,0.03731337369149028,0.041265948114684314,0.047781708776610934,384.2761535644531,420.44128417968756,0.9139829222865321
2022-02-06,419.5455627441406,421.1134338378906,408.6130676269531,414.2172546386719,1427593921,0.5294117647058824,0.09529411764705883,0.29058823529411765,17.0,0.012905722789881002,0.01282315360074618,0.03753067888971803,0.046889738370169104,390.2665318080357,419.49985351562503,0.9303138690929234
2022-02-07,433.2292785644531,438.6415710449219,414.2497253417969,419.66644287109375,1755674427,0.2765957446808511,0.052553191489361696,0.37787234042553197,47.0,0.03261556559151946,0.032094967523261984,0.03669937452030194,0.046732427552037256,398.5453839983259,419.59929097493495,0.9498237784728127
2022-02-08,408.7767639160156,444.2886047363281,407.164306640625,433.4591064453125,2247004672,0.38181818181818183,0.066,0.40745454545454546,55.0,-0.05644243327566234,-0.05809790201855539,0.0468907794060652,0.04776210270194883,401.8758065359933,418.5984141031902,0.9600509533629659
2022-02-09,422.4655456542969,427.3935241699219,407.9497985839844,408.5169067382813,1601745132,0.32075471698113206,0.08056603773584906,0.3443396226415094,53.0,0.0334871816273139,0.03293869718644052,0.04022145061435878,0.04784137158762314,409.73207310267856,418.5161397298178,0.9790114029226926
2022-02-10,415.1192321777344,434.1714477539063,411.2454833984375,422.5140380859375,2037888603,0.22807017543859648,0.0687719298245614,0.35824561403508776,57.0,-0.01738914226764887,-0.01754210930624725,0.04260955594962043,0.044999916994612726,416.05228533063615,416.90283711751306,0.9979598320971916
2022-02-11,400.4223937988281,419.2860107421875,393.9773254394531,415.1871948242188,1714654174,0.08163265306122448,0.06959183673469388,0.36836734693877554,49.0,-0.03540389661497001,-0.03604581097285175,0.03797460497737,0.04422061295285051,416.25125558035717,414.01666971842457,1.0053973330674157
2022-02-12,403.3897399902344,407.1397399902344,394.7994995117188,400.4990234375,1372516416,0.34615384615384615,0.13192307692307692,0.35500000000000004,26.0,0.007410540063094162,0.007383216914241461,0.03468061610458374,0.04415074758508085,414.7069309779576,411.628690592448,1.0074781968698032
2022-02-13,398.88677978515625,406.7127685546875,395.65533447265625,403.2715759277344,1151509777,0.11764705882352941,0.04470588235294118,0.33,17.0,-0.011162803013252454,-0.011225574674421519,0.03394534857879654,0.04362574891696025,411.75567626953125,408.5960021972657,1.0077330029057407
2022-02-14,403.6607971191406,403.9344787597656,391.3836669921875,398.6431274414063,1269083662,0.4375,0.08791666666666666,0.4083333333333334,48.0,0.011968351863041793,0.011897297513660714,0.030755782743121587,0.04364702949047571,407.5316074916295,405.55175984700526,1.0048818618007505
2022-02-15,432.4093933105469,436.24810791015625,403.0949401855469,403.6642150878906,2538883559,0.2641509433962264,0.09773584905660376,0.25528301886792454,53.0,0.07121968840318438,0.0687978949899083,0.034871052017747664,0.04572998419656899,410.90769740513394,403.35114237467457,1.0187344331937953
2022-02-16,427.9181213378906,433.4287414550781,423.0782470703125,432.491943359375,1670788158,0.25,0.03339285714285714,0.31428571428571433,56.0,-0.01038661981477984,-0.010440937193707776,0.03353547185272906,0.045058473587898704,411.6866367885045,401.7580841064454,1.0247127639115
2022-02-17,402.4500427246094,431.0183715820313,400.8066711425781,427.5499267578125,1644013199,0.19607843137254902,0.07490196078431373,0.3201960784313725,51.0,-0.0595162423448089,-0.06136090029428152,0.04101108675825807,0.046278118166990234,409.8767525809152,399.4395833333334,1.0261295316815708
2022-02-18,399.5691833496094,410.9429321289063,393.8162841796875,402.64984130859375,1554511893,0.16981132075471697,0.04924528301886792,0.3992452830188679,53.0,-0.00715830306662768,-0.007184046645148911,0.038687541614152804,0.04620089033981692,409.75486537388394,397.3311533610027,1.0312679031276297
2022-02-19,400.0435791015625,406.3809509277344,393.93365478515625,399.52142333984375,1192395484,0.5882352941176471,0.1188235294117647,0.39705882352941174,17.0,0.0011872681170661536,0.0011865638716388987,0.038552970686596084,0.045396475829841645,409.27684238978793,395.99909159342457,1.033529750643963
2022-02-20,380.825927734375,400.1314392089844,376.0079650878906,400.0033874511719,1431745519,0.4444444444444444,0.08777777777777779,0.22111111111111112,18.0,-0.048038894688292366,-0.04923110079040423,0.04265927295325612,0.03863644251129875,406.6967206682478,395.9241587320964,1.027208650188585
2022-02-21,356.6612548828125,393.62408447265625,356.1849670410156,380.7365417480469,2164511484,0.16279069767441862,0.04790697674418605,0.3206976744186047,43.0,-0.0634533289141418,-0.06555592269014024,0.0468909008422167,0.038525559298534025,399.9825003487723,395.87632853190104,1.0103723600552195
2022-02-22,374.3074645996094,374.8593444824219,350.1475830078125,356.7254638671875,2037210077,0.3,0.0842,0.34840000000000004,50.0,0.04947610505827127,0.04829109209012563,0.040837188750557765,0.037370302807397705,391.6822248186384,395.5554453531901,0.9902081476059739
2022-02-23,366.53948974609375,383.2476196289063,366.53948974609375,374.2992858886719,1644707704,0.23214285714285715,0.04857142857142858,0.2916071428571429,56.0,-0.020752925303867187,-0.020971293730795867,0.04059322486545834,0.03706845093855295,382.9138488769531,395.39446309407555,0.9684350303758479
2022-02-24,361.2346496582031,368.1685180664063,324.4836730957031,366.3491821289063,2972951900,0.3333333333333333,0.11148148148148149,0.33555555555555555,54.0,-0.014472765517203445,-0.01457851757811062,0.03672201170004862,0.03653342965152107,377.0259355817522,394.61497294108074,0.9554273442078572
2022-02-25,374.9149475097656,376.8026123046875,357.3665466308594,361.2160034179688,1839035023,0.1956521739130435,0.020869565217391306,0.3076086956521739,46.0,0.037870945836748104,0.037171447377082674,0.04185155492051921,0.03698794727684272,373.50390189034596,394.5869557698568,0.9465693085612097
2022-02-26,373.6387634277344,385.2103271484375,371.47503662109375,374.8885803222656,1319208551,0.4117647058823529,0.10823529411764707,0.2570588235294118,17.0,-0.00340392958591762,-0.003409736134697205,0.041699080160363944,0.03630508445598444,369.7317853655134,394.03863830566405,0.9383135292400049
2022-02-27,360.5310363769531,380.9590759277344,359.6255187988281,373.5999755859375,1600855952,0.2,0.048666666666666664,0.33999999999999997,15.0,-0.03508128260176202,-0.03571141186615474,0.03983745525414975,0.03681179672123937,366.83251517159596,393.186860148112,0.9329724676796461
2022-02-28,395.6124267578125,396.4573364257813,356.6175842285156,360.3821716308594,1868349380,0.24489795918367346,0.08265306122448979,0.3122448979591837,49.0,0.09730477224207701,0.09285696608205429,0.046080915235165214,0.040686320061950214,372.39696829659596,393.40284830729166,0.9466046570301195
2022-03-01,408.4822998046875,418.4899597167969,391.3292236328125,395.6241149902344,2885318336,0.45652173913043476,0.09108695652173913,0.3071739130434783,46.0,0.03253151866929027,0.03201357194333827,0.044492945102756185,0.04065455755585304,377.27908761160717,394.43182779947915,0.9565127888295261
2022-03-02,409.0003051757813,414.912841796875,404.5347900390625,408.5185241699219,2045870796,0.35294117647058826,0.1080392156862745,0.3305882352941176,51.0,0.0012681219512853392,0.001267318563767511,0.04245340044903125,0.040621511241424726,383.34491838727683,395.55592753092446,0.9691295002962812
2022-03-03,402.5506896972656,412.8005981445313,397.9063415527344,409.0327453613281,1598018507,0.034482758620689655,-0.009827586206896553,0.3148275862068966,58.0,-0.015769219232596332,-0.01589487612831162,0.04261227929522415,0.04050227394952672,389.24720982142856,396.1254903157552,0.9826361073385005
2022-03-04,374.2808837890625,402.9167175292969,372.868408203125,402.5751953125,1740563403,0.2765957446808511,0.059148936170212774,0.2868085106382979,47.0,-0.07022669847979435,-0.07281448435580398,0.052424563575068396,0.04178808333893756,389.15662928989957,396.3524637858073,0.9818448599330609
2022-03-05,384.8733520507813,386.8440551757813,368.17572021484375,374.441650390625,1321262776,0.4117647058823529,0.13117647058823528,0.29294117647058826,17.0,0.02830085297032836,0.027907782748266642,0.053435725289243584,0.04205919246198042,390.7615705217634,396.81898396809896,0.9847350714278768
2022-03-06,375.0111999511719,387.1640930175781,373.0179443359375,384.9118041992188,1305295273,0.35714285714285715,0.052142857142857144,0.2207142857142857,14.0,-0.025624408775144825,-0.025958432396856003,0.052336500019341384,0.04005968221420161,392.83016531808033,396.01837056477865,0.9919493501219363
2022-03-07,381.3446350097656,384.4175720214844,364.4313659667969,375.0715942382813,2058321705,0.13333333333333333,0.0028888888888888896,0.2762222222222222,45.0,0.016888655750597392,0.01674762803495697,0.03679106659827934,0.0395350340142068,390.79190935407365,394.9231913248698,0.9895390241405254
2022-03-08,381.9585571289063,387.6297912597656,377.70556640625,381.2547607421875,1684540144,0.5106382978723404,0.0970212765957447,0.2987234042553191,47.0,0.0016098879144450517,0.0016085934340225455,0.03328677585528622,0.03943555274211371,387.00280325753346,393.6702911376953,0.9830632688565525
2022-03-09,393.5557556152344,402.028076171875,381.8405456542969,382.0426330566406,2425559108,0.5306122448979592,0.0810204081632653,0.2930612244897959,49.0,0.03036245233907442,0.029910635815682624,0.036453904304084524,0.039370238119932045,384.7964390345982,392.34784037272135,0.9807532995952024
2022-03-10,372.1590270996094,394.4041137695313,364.087890625,393.4803771972656,2105808203,0.30357142857142855,0.08982142857142858,0.3439285714285715,56.0,-0.05436771844989563,-0.055901494217896454,0.0411845666880937,0.039266537202732425,380.45477294921875,391.1272491455078,0.9727135447105639
2022-03-11,372.1840515136719,379.57171630859375,365.6082763671875,372.1961364746094,1550840418,0.18518518518518517,0.0612962962962963,0.37092592592592594,54.0,6.724118519318978e-05,6.72389246060325e-05,0.03095931189222946,0.03867964586123993,380.1552254813058,389.4511993408203,0.9761305809938479
2022-03-12,372.7303771972656,379.1956481933594,372.1268615722656,372.1861877441406,1211417865,0.5333333333333333,0.11733333333333333,0.40599999999999997,15.0,0.0014678911720473753,0.0014668148729321292,0.028377997067432072,0.03860958566593002,378.42051478794644,388.038237508138,0.97521449746305
2022-03-13,361.8498229980469,376.9284057617188,361.15087890625,372.60888671875,1242011950,0.07692307692307693,-0.018461538461538456,0.2576923076923077,13.0,-0.029191487640569447,-0.02962603677152129,0.0288681205535684,0.03844092166663603,376.54031808035717,386.752485148112,0.9735950835226206
2022-03-14,373.4661560058594,373.6095275878906,360.3018493652344,361.8345336914063,1455465550,0.2826086956521739,0.06717391304347826,0.26152173913043475,46.0,0.03210263559497495,0.031598115210145675,0.031193617888466304,0.03892580439463073,375.4148210797991,385.7550323486328,0.9731948765363387
2022-03-15,371.62884521484375,374.3332824707031,362.6847534179688,373.472412109375,1360640456,0.38333333333333336,0.05666666666666667,0.3171666666666667,60.0,-0.004919617913080154,-0.004931759069553948,0.03113107750983055,0.03889448926576029,373.93914794921875,384.8464345296224,0.9716580807257964
2022-03-16,385.5282287597656,386.3632507324219,368.4816589355469,371.5427856445313,1788844135,0.3888888888888889,0.06555555555555556,0.3216666666666667,54.0,0.037401250532332675,0.03671878838299287,0.03244275938589769,0.03946800190022009,372.7923583984375,384.2420155843099,0.9702019645913498
2022-03-17,391.8247375488281,392.8704223632813,382.1614685058594,385.4595642089844,1635657390,0.28,0.0574,0.3326,50.0,0.016332160187901623,0.016200225045346062,0.022856590639831722,0.037347340215636356,375.60174560546875,382.8891937255859,0.9809672139106124
2022-03-18,397.6455078125,399.9235229492188,384.2483215332031,391.7787780761719,1666543771,0.2391304347826087,0.054565217391304356,0.3773913043478261,46.0,0.014855545619925303,0.014746282779076855,0.022749523047304713,0.037463857394421624,379.23909650530135,381.88010660807294,0.9930841904119345
2022-03-19,399.8535461425781,406.0037231445313,395.414794921875,397.5616455078125,1532550954,0.35714285714285715,0.02428571428571429,0.31857142857142856,14.0,0.005552780772565047,0.005537420919110331,0.02256261146674096,0.035789724667858715,383.1138349260603,381.79355672200523,1.0034580945141942
2022-03-20,390.7683715820313,400.6107177734375,386.7667236328125,399.9197387695313,1334193471,0.25,0.16166666666666665,0.30416666666666664,12.0,-0.022721255440128707,-0.02298336101960002,0.02067745583471941,0.03601135528359207,387.24505615234375,381.5001963297526,1.0150586025324755
2022-03-21,396.4478149414063,398.9617309570313,386.5613708496094,390.7389526367188,1657341491,0.21153846153846154,0.04557692307692308,0.3278846153846154,52.0,0.014534040552928396,0.01442943374045242,0.018753453172179958,0.03611682737515838,390.5281502859933,381.3803375244141,1.0239860628918596
2022-03-22,404.31494140625,409.6425476074219,395.5757446289063,396.3555908203125,1795119554,0.26,0.0638,0.2894,50.0,0.019844040421830522,0.01964971405832147,0.01810253425862967,0.03507334733690061,395.19759259905135,382.1633046468099,1.0341065921132526
2022-03-23,408.6097717285156,411.0295715332031,398.8558654785156,404.3272705078125,1645651129,0.27450980392156865,0.040196078431372545,0.23823529411764707,51.0,0.010622487280157689,0.010566465043269111,0.014501558327807461,0.032690413645150546,398.49495588030135,383.894921875,1.0380313288177727
2022-03-24,414.1269836425781,416.5054016113281,406.0115661621094,408.5542602539063,1831451218,0.3157894736842105,0.08035087719298245,0.3201754385964912,57.0,0.013502398365862422,0.013412053326320889,0.014285289216975893,0.031685256918107675,401.68099103655135,385.2222391764323,1.0427253418580045
2022-03-25,410.8111572265625,421.1537170410156,406.2960510253906,414.1482543945313,1678265707,0.34615384615384615,0.07403846153846154,0.3507692307692307,52.0,-0.008006786678931843,-0.008039013130880365,0.015043315353133318,0.03142961820105664,403.5617980957031,386.6979614257813,1.0436098411477106
2022-03-26,415.9197998046875,416.3175354003906,407.9812622070313,410.8162536621094,1082240527,0.5294117647058824,0.10294117647058823,0.38176470588235295,17.0,0.01243550105263469,0.012358815305391771,0.015328376331000081,0.03127081542911529,405.8569771902902,388.5207997639974,1.0446209763719818
2022-03-27,430.5032653808594,431.0255737304688,412.3829040527344,415.9313659667969,1499505093,0.058823529411764705,0.06,0.35117647058823526,17.0,0.035063167425595454,0.03446245618407434,0.012590803339159419,0.031177584199342908,411.5333905901228,390.3737436930339,1.054203560661927
2022-03-28,430.390869140625,440.7283935546875,428.5652160644531,430.54681396484375,2128699500,0.4883720930232558,0.09302325581395349,0.3651162790697674,43.0,-0.0002610810399659158,-0.0002611151275538417,0.01365445874236823,0.031154952763321038,416.3823983328683,392.26548055013023,1.0614811115903329
2022-03-29,434.5056762695313,441.5075378417969,430.0748901367188,430.0748901367188,1987696098,0.3770491803278688,0.1078688524590164,0.3065573770491803,61.0,0.009560628312404562,0.00951521473100974,0.0132053669452753,0.03021132737047149,420.6953604561942,394.73130187988284,1.0657765382493336
2022-03-30,442.6848449707031,448.9471740722656,427.6920776367188,434.4297180175781,2181737151,0.35185185185185186,0.11277777777777777,0.3933333333333333,54.0,0.018824077907093173,0.018649097439393685,0.013581792915792973,0.025551918906897744,425.56322806222096,396.3003824869792,1.0738400639222276
2022-03-31,428.9161071777344,451.9610900878906,424.9502868652344,442.6588745117188,2632534284,0.34615384615384615,0.06634615384615385,0.30365384615384616,52.0,-0.03110279908922553,-0.03159676053045896,0.021078782639521728,0.025763833424784104,427.6759599958147,396.98150939941405,1.0773195976881587
2022-04-01,446.6042785644531,446.7965393066406,414.7493896484375,429.1240234375,2718206274,0.2608695652173913,0.06391304347826086,0.2871739130434783,46.0,0.04123923324564993,0.040411574225190774,0.023851188093154833,0.02671852588006662,432.7892630440848,398.23497517903644,1.0867685914566234
2022-04-02,436.9553527832031,453.5584716796875,436.7767028808594,446.8442077636719,2272901729,0.5,0.126,0.3875,20.0,-0.02160509033246416,-0.02184189733373084,0.027039538798736187,0.02688457048244668,435.7943420410156,399.381797281901,1.0911722692594652
2022-04-03,450.348876953125,455.22845458984375,432.82171630859375,436.8658142089844,2128734028,0.35294117647058826,0.11823529411764705,0.3264705882352941,17.0,0.030651928359754166,0.030191542174506866,0.026357441730822093,0.02323297365751418,438.62942940848217,401.9173970540365,1.0913422325670314
2022-04-04,447.5249328613281,450.4326171875,434.1780090332031,450.2645568847656,2248856403,0.13043478260869565,0.025434782608695656,0.32717391304347826,46.0,-0.006270569854425978,-0.006290312452406902,0.02670901852189674,0.022966928214894322,441.07715279715404,404.0057830810547,1.091759502632322
2022-04-05,445.172607421875,459.8055725097656,445.0386047363281,447.6300354003906,2268650039,0.24074074074074073,0.09148148148148148,0.38370370370370366,54.0,-0.005256300301333172,-0.005270163247639773,0.026929381476582973,0.022305535695665346,442.6010001046317,406.34449666341146,1.0892260230886126
2022-04-06,420.1463623046875,445.0276489257813,418.8811340332031,445.0011291503906,2323241738,0.2222222222222222,0.053492063492063494,0.30682539682539683,63.0,-0.05621694753889239,-0.057858956556829357,0.034266034271029346,0.02502635938369074,439.3812168666295,407.6378875732422,1.0778713909110909
2022-04-07,436.7967834472656,438.293701171875,417.6010437011719,420.1826477050781,2125042415,0.203125,0.05171875,0.31859375,64.0,0.039630049517133115,0.03886492825119717,0.03628549356110186,0.025853828873672494,440.5070277622768,409.46582845052086,1.075809010557048
2022-04-08,421.67724609375,440.6429748535156,419.4332885742188,436.93450927734375,1951923760,0.3,0.042800000000000005,0.3318,50.0,-0.03461458034143472,-0.03522785877163282,0.034360508236892365,0.02637376990648028,436.9460231236049,410.40321146647136,1.0646749609056165
2022-04-09,427.1530456542969,428.0207824707031,420.2725524902344,421.6653442382813,1399108286,0.35714285714285715,0.08428571428571428,0.2992857142857143,14.0,0.012985760107457889,0.01290216801814633,0.0345710429547021,0.024024994375143424,435.54569353376115,412.23634541829426,1.056543651171308
2022-04-10,418.5906677246094,429.3641052246094,418.5906677246094,427.1497497558594,1410282903,0.5714285714285714,0.13214285714285715,0.5035714285714286,14.0,-0.020045222706002175,-0.02024885400063082,0.03156735796403032,0.02443974258054586,431.00880650111606,413.7832326253255,1.0416294632493919
2022-04-11,394.0868835449219,419.4907836914063,392.1099243164063,418.658447265625,2192782724,0.1568627450980392,0.05549019607843137,0.32803921568627453,51.0,-0.058538773243288156,-0.06032211414748753,0.03658819142911444,0.027110951461572077,423.3747994559152,414.4951161702474,1.0214228900154776
2022-04-12,413.8739318847656,416.63580322265625,393.1668090820313,394.2887878417969,2140526232,0.11320754716981132,0.01169811320754717,0.3428301886792453,53.0,0.05020986276390049,0.04899001349717756,0.04463778104546828,0.02775471273945593,418.90356009347096,416.229253133138,1.0064250817072617
2022-04-13,423.1301574707031,424.3359375,411.0592651367188,413.8126525878906,1932053164,0.38461538461538464,0.053076923076923084,0.3367307692307693,52.0,0.022364843187356653,0.02211841749606482,0.040515050163719986,0.027487979519711,419.32981654575894,417.8847198486328,1.003458122847013
2022-04-14,414.6637268066406,426.8072204589844,412.047119140625,423.0670166015625,1615484732,0.03389830508474576,0.013220338983050844,0.33677966101694917,59.0,-0.020009045714612483,-0.02021193768115227,0.03734461492214082,0.027802061085287266,416.16795131138394,419.3192159016927,0.992484807586191
2022-04-15,417.2937316894531,419.7969665527344,413.2726135253906,414.6671142578125,1242920077,0.16666666666666666,0.026190476190476188,0.32404761904761903,42.0,0.006342500471566259,0.006322471460182064,0.03544333859070806,0.02710047036675494,415.54173496791293,420.37806599934896,0.9884952821695423
2022-04-16,417.47845458984375,418.6585998535156,411.9129028320313,417.29388427734375,1022481382,0.5,0.13714285714285715,0.4192857142857143,14.0,0.0004426687639009774,0.00044257081498859385,0.034908771234864834,0.026981012651068184,414.15965053013394,421.2331899007161,0.983207545036398
2022-04-17,407.3777160644531,417.8806762695313,406.1683044433594,417.4115295410156,1088306780,0.17647058823529413,0.04470588235294118,0.29470588235294115,17.0,-0.02419463427235835,-0.024492132816951603,0.03528747542535784,0.02729674842814224,412.55780029296875,421.55759684244794,0.9786510867865044
2022-04-18,416.9684143066406,417.9469604492188,397.149658203125,407.4329223632813,1925668122,0.1702127659574468,0.06148936170212766,0.405531914893617,47.0,0.023542520525767108,0.023269669492485316,0.02589796370847756,0.02759310941278704,415.8265904017857,422.1280924479167,0.9850720618720525
2022-04-19,422.3870544433594,424.2740173339844,415.0993957519531,417.0076599121094,1854452731,0.32608695652173914,0.06869565217391305,0.3623913043478261,46.0,0.012995325187230788,0.012911610435790203,0.01909077306238332,0.02727588412069918,417.0427507672991,423.1820485432943,0.9854925373202188
2022-04-20,418.354248046875,430.9751586914063,415.7283935546875,422.3642883300781,2035166767,0.2,0.07127272727272727,0.3603636363636364,55.0,-0.00954765624102516,-0.009593527318556028,0.017466024765424176,0.02726905704877069,416.36047799246654,423.9122629801432,0.9821855000499704
2022-04-21,405.0214538574219,425.47412109375,402.0796813964844,418.3168640136719,2190281843,0.32727272727272727,0.07727272727272727,0.35545454545454547,55.0,-0.03186962783740932,-0.03238851878821707,0.020042426650638715,0.027744940782074737,414.9830104282924,423.93581339518227,0.9788817017010444
2022-04-22,406.9875183105469,413.28125,404.1090393066406,404.9669799804688,1895749713,0.32075471698113206,0.12075471698113208,0.36924528301886794,53.0,0.004854222990906321,0.004842479239674558,0.019930744153729415,0.027689811368450903,413.5106942313058,423.88173828125,0.9755331661798016
2022-04-23,401.6524658203125,407.8970642089844,399.2784118652344,406.9933471679688,1354484386,0.5294117647058824,0.17941176470588238,0.4011764705882353,17.0,-0.013108639086478191,-0.013195315603233882,0.02013832798404512,0.02766712372168949,411.24983869280135,423.46592102050784,0.9711521477377282
2022-04-24,399.1053771972656,405.4305725097656,398.34661865234375,401.5250244140625,1222468479,0.2777777777777778,0.08833333333333333,0.3333333333333333,18.0,-0.006341523679793237,-0.006361716555417255,0.018380927799740956,0.027654141238641645,410.06807599748885,423.0757283528646,0.9692545530654343
2022-04-25,404.3502807617188,404.8739013671875,383.190673828125,399.1299133300781,1910707893,0.2926829268292683,0.09658536585365854,0.38439024390243903,41.0,0.013141650962674944,0.013056048622764707,0.016234551676936687,0.02766601419536646,408.26548549107144,422.69007771809896,0.9658743060520867
2022-04-26,385.4830627441406,407.0845031738281,382.08099365234375,404.2688598632813,1671963898,0.36363636363636365,0.0849090909090909,0.3578181818181818,55.0,-0.04666057850148131,-0.047784277669482705,0.020971471088699626,0.028108380334088124,402.9934866768973,421.189404296875,0.9567987289462954
2022-04-27,391.4458312988281,394.4585266113281,384.0776977539063,385.5621643066406,1512587369,0.42857142857142855,0.1089795918367347,0.3359183673469388,49.0,0.015468302322390715,0.015349887688402708,0.023611696601347317,0.028317616492678062,399.14942714146207,419.8912363688151,0.9506019477645533
2022-04-28,406.71820068359375,408.2324523925781,388.8776550292969,391.4386596679688,2116381172,0.4482758620689655,0.1253448275862069,0.3446551724137931,58.0,0.039015281716224814,0.03827342010923992,0.02704875859243301,0.029233497301416705,399.3918195452009,418.96498718261716,0.9532820922124341
2022-04-29,393.0621643066406,410.17578125,390.53997802734375,406.6417236328125,1928209754,0.17647058823529413,0.0696078431372549,0.3537254901960784,51.0,-0.03357616244859629,-0.03415278576535315,0.029894591509337407,0.0295228568722271,397.40248325892856,417.31089782714844,0.952293566566608
2022-04-30,377.767822265625,399.5930786132813,377.767822265625,392.99853515625,1467605770,0.3157894736842105,0.08578947368421053,0.3215789473684211,19.0,-0.03891074600882727,-0.03968799816309815,0.03265820442307418,0.029819480779081375,393.99039132254467,415.6059549967448,0.9479902455334899
2022-05-01,390.281982421875,391.0769958496094,377.2899475097656,377.7656555175781,1553846706,0.5714285714285714,0.15285714285714286,0.355,14.0,0.03312659103996096,0.03258972961854622,0.03625491522267716,0.02944754659653619,392.7299063546317,413.7285451253255,0.9492453711059917
2022-05-02,389.670654296875,392.2167053222656,382.7744140625,390.2612609863281,1388077917,0.2857142857142857,0.10523809523809524,0.3480952380952381,42.0,-0.0015663754734626112,-0.0015676035220822345,0.03557750375085376,0.02926777224937224,390.63281685965404,412.1523885091146,0.9477873421350204
2022-05-03,383.4757995605469,391.7547607421875,380.3462219238281,389.6341552734375,1295877765,0.2916666666666667,0.080625,0.4010416666666667,48.0,-0.015897668115414487,-0.01602539151940559,0.030982497770976333,0.02862521019276427,390.34606497628346,409.92328592936195,0.9522417446749974
2022-05-04,402.5026550292969,402.8627014160156,383.4280395507813,383.4835510253906,1714496792,0.2545454545454545,0.05490909090909091,0.3563636363636364,55.0,0.04961683498816427,0.04842517851137837,0.03596740234522702,0.030260174931327443,391.9256112234933,408.42254333496095,0.9596081744735183
2022-05-05,378.7736206054688,412.4003601074219,372.5527648925781,402.4652099609375,2389487319,0.3584905660377358,0.06849056603773584,0.33226415094339623,53.0,-0.05895373391288783,-0.060762973669054365,0.03953102465288011,0.03201514788061295,387.9335283551897,406.20924377441406,0.9550091099616294
2022-05-06,379.3042907714844,382.68109130859375,371.9733276367188,378.7567443847656,1834770716,0.2765957446808511,0.057446808510638304,0.32127659574468087,47.0,0.0014010219749920338,0.0014000414594138998,0.03819740072290627,0.030456006875635298,385.9681178501674,404.84784138997395,0.9533658782149206
2022-05-07,365.6841125488281,380.3874206542969,361.1955871582031,379.2881774902344,1527960119,0.6153846153846154,0.18076923076923077,0.4230769230769231,13.0,-0.035908315708618965,-0.03656888070800831,0.0377420107835706,0.029955327634396414,384.2418736049107,402.4774190266927,0.9546917552147874
2022-05-08,355.39874267578125,366.5095825195313,351.1437683105469,365.7330017089844,1875845651,0.21428571428571427,0.06999999999999999,0.3735714285714286,14.0,-0.02812637880644464,-0.028529502323140235,0.03463437163170447,0.029753652462047173,379.258553641183,400.2681355794271,0.947511230421001
2022-05-09,299.34893798828125,358.9507141113281,299.34893798828125,355.3774108886719,2943374129,0.24,0.037200000000000004,0.32539999999999997,50.0,-0.15770963134394766,-0.1716304683028863,0.06827736403882245,0.04223290128272121,366.35545131138394,396.00799865722655,0.9251213423809931
2022-05-10,319.32696533203125,332.4388427734375,290.5867919921875,298.8207092285156,3210603809,0.45614035087719296,0.11052631578947368,0.35210526315789475,57.0,0.0667382602991966,0.06460563791568665,0.0785640795158909,0.044435159473237486,357.1913321358817,392.69920857747394,0.9095799643441679
2022-05-11,269.9627685546875,322.7668151855469,262.6204528808594,319.1227722167969,3870618668,0.14545454545454545,0.05272727272727273,0.3674545454545455,55.0,-0.15458825009035992,-0.16793149230676127,0.08649332458930271,0.052356346006232776,338.25706263950894,388.5617380777995,0.8705362095425404
2022-05-12,269.4072570800781,283.4751281738281,216.3614959716797,269.88800048828125,4739990237,0.22388059701492538,0.06791044776119402,0.3556716417910448,67.0,-0.0020577336555831494,-0.0020598536983032407,0.08888713995533358,0.05109974674471924,322.63329642159596,383.7461822509766,0.8407465959116389
2022-05-13,290.5841979980469,312.68878173828125,265.7095947265625,269.1427307128906,2774121165,0.26785714285714285,0.08464285714285714,0.3067857142857143,56.0,0.07860568103283927,0.07566917095035933,0.09964210649009576,0.05330397682708328,309.95899745396207,379.32798360188804,0.8171266314463895
2022-05-14,297.3876037597656,298.8028564453125,272.6511535644531,290.6180725097656,1884570404,0.21052631578947367,0.07631578947368421,0.42000000000000004,19.0,0.02341285523641745,0.02314297861191367,0.10231157688589848,0.05367484176998486,300.20235334123885,375.4187795003255,0.7996466072922667
2022-05-15,312.0077209472656,312.1765441894531,286.6437683105469,297.3973693847656,1611088257,0.05,0.0040000000000000036,0.46449999999999997,20.0,0.049161824510043584,0.047991583016979575,0.10644134942606631,0.05467063982394889,294.0036359514509,371.90924580891925,0.7905252135154098
2022-05-16,297.7101135253906,312.1442565917969,290.4618225097656,312.0841369628906,1754184298,0.26666666666666666,0.058888888888888886,0.3071111111111111,45.0,-0.045824530811183095,-0.0469076944795798,0.08479362896507044,0.05505014726261375,293.76951817103793,367.9169677734375,0.7984668930842587
2022-05-17,305.96343994140625,310.1944580078125,296.9617919921875,297.6993103027344,1584497815,0.21739130434782608,0.059782608695652176,0.26782608695652177,46.0,0.027722694127795267,0.02734537784917064,0.08109342762695519,0.05543304077245686,291.8604431152344,364.5364919026693,0.8006343661011602
2022-05-18,287.43878173828125,307.7114562988281,287.43878173828125,305.9898681640625,1520090732,0.36065573770491804,0.06770491803278689,0.31459016393442624,61.0,-0.0605453324968257,-0.06245571301903375,0.049758747113419516,0.05589091761168532,294.35701642717635,360.218837483724,0.8171616411939492
2022-05-19,306.79156494140625,307.9598083496094,287.214599609375,287.4504699707031,1646882950,0.05454545454545454,0.017272727272727273,0.32799999999999996,55.0,0.0673283649690184,0.0651586709633664,0.053614150603438736,0.05749774371295465,299.6976318359375,356.36565450032555,0.8409834899947232
2022-05-20,302.3592224121094,315.2738647460937,294.76080322265625,306.78106689453125,1756670714,0.34,0.05,0.3014,50.0,-0.014447406760167647,-0.014552786751098406,0.04816574341710091,0.057501705347230925,301.37977818080356,352.49915364583336,0.8549801469413144
2022-05-21,312.4660339355469,313.66015625,300.13006591796875,302.3659362792969,1318736979,0.2777777777777778,0.05777777777777778,0.28833333333333333,18.0,0.03342650322622576,0.032879983170901086,0.04888946184088762,0.05789107381018277,303.5338396344866,349.4139729817708,0.8686940509111298
2022-05-22,319.6090087890625,322.8570251464844,311.82733154296875,312.488037109375,1604297406,0.23529411764705882,-0.003529411764705886,0.4676470588235294,17.0,0.022860004217255314,0.02260262933243253,0.04621589932662982,0.05812412880688058,304.61973789760043,346.50135599772136,0.8791300023068414
2022-05-23,316.76055908203125,336.3075256347656,316.3497314453125,319.5171203613281,2228144099,0.38,0.0916,0.2736,50.0,-0.008912294799897746,-0.008952246852652708,0.04128848636681248,0.05811635412124769,307.3412301199777,343.671625773112,0.8942874740636307
2022-05-24,328.1893310546875,329.81866455078125,313.5509033203125,316.850830078125,2002782969,0.34545454545454546,0.07290909090909091,0.3065454545454545,55.0,0.036080161007976175,0.03544451633428696,0.0420001535770704,0.058653617693145296,310.516357421875,341.30775756835936,0.9097840600932803
2022-05-25,325.7348022460937,336.6660461425781,324.5485534667969,328.1956787109375,2008481372,0.4603174603174603,0.11206349206349207,0.34253968253968253,63.0,-0.00747900244260169,-0.007507110415464748,0.029460275861073137,0.05853698193962979,315.98721749441967,338.68724161783854,0.932976441583729
2022-05-26,304.96392822265625,330.892333984375,298.7865905761719,325.7552795410156,2686414043,0.2692307692307692,0.07057692307692308,0.3992307692307693,52.0,-0.0637662106726471,-0.06589005877072204,0.035432961458292125,0.059060764300547165,315.7261265345982,336.0032704671224,0.9396519447434716
2022-05-27,300.9720458984375,308.86492919921875,292.1418762207031,304.79083251953125,2593113824,0.2765957446808511,0.05106382978723404,0.31978723404255316,47.0,-0.013089686860618621,-0.013176111823939038,0.03534797101429799,0.058904459672345026,315.52795846121654,332.9874776204427,0.9475670398058408
2022-05-28,307.8154296875,309.20904541015625,297.7169189453125,302.4350280761719,1471633413,0.4090909090909091,0.06181818181818182,0.41,22.0,0.022737605974781472,0.0224829594208037,0.03389238363279905,0.058539100697922834,314.86358642578125,329.6907185872396,0.9550271471851127
2022-05-29,305.9750671386719,307.94439697265625,299.3061828613281,307.7525329589844,1208835000,0.4,0.10466666666666667,0.32866666666666666,15.0,-0.005978785893535288,-0.00599673039388242,0.03208807268794638,0.05835210462273047,312.91588047572543,326.7878153483073,0.9575506361588285
2022-05-30,321.7528991699219,323.2577819824219,304.3365783691406,305.944091796875,2064357375,0.2558139534883721,0.046511627906976744,0.337906976744186,43.0,0.051565744159471905,0.05028023837103895,0.03843260954618162,0.05899429709614463,313.6290719168527,324.9206512451172,0.9652481943360804
2022-05-31,320.485107421875,323.70135498046875,314.2755126953125,321.7203063964844,1711532960,0.34,0.07139999999999999,0.34,50.0,-0.003940265188962067,-0.003948048486072382,0.03553399034328009,0.05855958875337403,312.5284685407366,322.5940887451172,0.9687978777182942
2022-06-01,300.5040588378906,323.88507080078125,297.9685974121094,320.4720153808594,1763624947,0.38181818181818183,0.09145454545454546,0.3705454545454545,55.0,-0.062346262341863024,-0.06437454774659637,0.04245735279627659,0.059489977880219286,308.92407662527904,319.6218688964844,0.966529848823736
2022-06-02,308.1017761230469,309.0408935546875,298.67120361328125,300.4664611816406,1228180850,0.16279069767441862,0.03697674418604651,0.3902325581395349,43.0,0.02528324347610522,0.024968909515499665,0.0365406224797491,0.059785079001448894,309.3723406110491,317.1094014485677,0.9756012883813111
2022-06-03,298.3978881835937,309.8567199707031,293.8630676269531,308.1941833496094,1115211127,0.391304347826087,0.10065217391304347,0.2897826086956522,46.0,-0.031495722165450046,-0.03200237917576542,0.03844102547703198,0.0589984016803064,309.00460379464283,313.6392425537109,0.985223026553272
2022-06-04,301.6311340332031,302.6377868652344,295.2839050292969,298.5028381347656,805954970,0.3333333333333333,0.050666666666666665,0.2673333333333333,15.0,0.010835350978154912,0.010777069187224356,0.037480289772377925,0.058316696452610874,308.12113298688615,311.0678263346354,0.990527167716216
2022-06-05,298.9347229003906,301.9407653808594,295.4252624511719,301.597900390625,779603321,0.4,0.13266666666666665,0.34933333333333333,15.0,-0.008939432401284142,-0.008979628862122434,0.037538286285800575,0.05829229883793078,307.11536952427457,308.3888407389323,0.9958705664848108
2022-06-06,295.3960266113281,311.69970703125,289.42828369140625,298.9845886230469,1470941103,0.061224489795918366,0.01612244897959184,0.31367346938775514,49.0,-0.011837689026984122,-0.01190831236578652,0.029161450387512847,0.05804798612080819,303.35010201590404,306.0459045410156,0.9911915092307655
2022-06-07,290.34112548828125,295.3734130859375,274.4277648925781,295.3734130859375,1752763456,0.2631578947368421,0.03929824561403509,0.3119298245614035,57.0,-0.017112285432660634,-0.01726039265610962,0.028966309373765004,0.057940995343468596,299.04381888253346,303.8773173014323,0.9840939150647291
2022-06-08,288.6160888671875,294.0399475097656,284.3733215332031,290.298828125,1136631692,0.38,0.08839999999999999,0.31920000000000004,50.0,-0.005941413288223174,-0.005959133708577199,0.018649705840574793,0.0488679693612401,297.3455374581473,303.5195556640625,0.9796585818254536
2022-06-09,289.9196472167969,292.98065185546875,286.4792785644531,288.6175537109375,800984464,0.25,0.0625,0.34589285714285717,56.0,0.004516582407882552,0.004506413257931055,0.014070831572818136,0.04728271716819847,294.7480904715402,302.539311726888,0.9742472434049126
2022-06-10,286.04669189453125,297.2312927246094,283.4785461425781,289.8885803222656,1362797648,0.2909090909090909,0.09327272727272727,0.3281818181818182,55.0,-0.013358719767513683,-0.013448750157251504,0.010148172894598212,0.035725669436296806,292.983633858817,303.0754425048828,0.9667019915481828
2022-06-11,269.48699951171875,290.3717956542969,265.6297912597656,286.1053771972656,1220361307,0.5909090909090909,0.1431818181818182,0.3772727272727273,22.0,-0.05789157103385856,-0.05963490597025493,0.02040994450486222,0.03745208038381887,288.39161464146207,303.0781005859375,0.9515422397194578
2022-06-12,255.9508819580078,271.3798828125,251.99143981933597,269.6625671386719,1380200465,0.05263157894736842,-0.05947368421052631,0.4357894736842105,19.0,-0.05022920429644817,-0.05153459117775137,0.02396451518506845,0.03575309578862098,282.2510659354074,301.9236567179362,0.9348424996027808
2022-06-13,222.5057830810547,256.85430908203125,214.6053009033203,255.667724609375,2471570710,0.140625,0.064375,0.34078125,64.0,-0.13066998879277247,-0.14003246607508374,0.04980815550517253,0.04310197846094467,271.83817400251115,299.42759602864584,0.9078594545323897
2022-06-14,223.22125244140625,230.3656311035156,205.39317321777344,222.5522003173828,2027226914,0.06896551724137931,0.05810344827586207,0.32275862068965516,58.0,0.003215509055290111,0.00321035036164038,0.05195345446412569,0.04179171912149043,262.24962071010043,296.4680470784505,0.8845797154008461
2022-06-15,233.39671325683597,234.01708984375,199.29222106933597,223.1894378662109,2244407305,0.25862068965517243,0.06810344827586207,0.34672413793103446,58.0,0.04558464171372156,0.044576194728913235,0.05996872564676551,0.0424263776777402,254.36113848005022,294.3242670694987,0.8642207488109975
2022-06-16,209.5387420654297,236.3285369873047,208.0655975341797,233.4678649902344,1483212957,0.203125,0.0659375,0.3646875,64.0,-0.1022206819388769,-0.10783098914254505,0.06398693884850491,0.04559087375220993,242.8781520298549,291.1101104736328,0.8343171304998475
2022-06-17,215.8917999267578,221.64134216308597,208.10292053222656,209.70867919921875,1108538874,0.22413793103448276,0.08896551724137931,0.3729310344827586,58.0,0.030319251698782912,0.02986870732161856,0.06955542860216724,0.045225338411471167,232.85602460588728,288.72521107991537,0.8064970278658339
2022-06-18,197.04299926757807,218.5502014160156,184.54005432128903,215.81561279296875,1579731402,0.3,0.10300000000000001,0.366,20.0,-0.08730670023397957,-0.09135538059940983,0.07202240874863292,0.04533841192949972,222.50688171386716,285.06692555745445,0.7805426086479524
2022-06-19,214.9205322265625,216.0824737548828,190.1214904785156,196.95579528808597,1333254615,0.125,0.03937500000000001,0.283125,16.0,0.09072909479370694,0.08684636693711788,0.08722893413790594,0.04898708482086009,216.64540318080358,282.15230255126954,0.7678314202005749
2022-06-20,216.93426513671875,218.0797119140625,205.1668243408203,214.87974548339844,1235838900,0.1568627450980392,0.02666666666666667,0.3333333333333333,51.0,0.009369662773929033,0.009326039760592821,0.0711807688210629,0.048438971006058915,215.84947204589844,278.96791025797523,0.7737430152675693
2022-06-21,219.4986267089844,227.6422119140625,213.55081176757807,216.90110778808597,1165714518,0.22807017543859648,0.052456140350877194,0.3466666666666667,57.0,0.011820915292701795,0.011751594032578378,0.07139032047203361,0.04821038992497676,215.31766836983817,275.63089752197266,0.7811811749177123
2022-06-22,214.2619171142578,220.5269317626953,211.5919342041016,219.67340087890625,1050984086,0.0847457627118644,0.03677966101694915,0.34796610169491526,59.0,-0.02385759616468819,-0.024146797643259818,0.06852078966923685,0.04825135786946813,212.58412606375558,272.2142761230469,0.780944074981809
2022-06-23,228.9537506103516,229.77142333984372,214.2310333251953,214.2310333251953,1148541185,0.21428571428571427,0.0475,0.28732142857142856,56.0,0.06856950452963217,0.0663208423555779,0.058970505176962985,0.049630603894790654,215.35769871303015,268.906423441569,0.8008648360154381
2022-06-24,240.23831176757807,242.81625366210935,228.63003540039065,228.92286682128903,1127877901,0.26666666666666666,0.062,0.3857777777777778,45.0,0.049287513863143895,0.04811137561902358,0.06024711078169613,0.05082866689262438,218.83577183314728,266.0565404256185,0.8225160391962898
2022-06-25,239.69065856933597,241.4977264404297,230.4462127685547,240.26217651367188,915553554,-0.13333333333333333,-0.05,0.322,15.0,-0.00227962473684018,-0.00228222703690787,0.039968482997755295,0.049738255451464104,224.9282945905413,263.8807647705078,0.8523860948567329
2022-06-26,233.85874938964844,244.66546630859372,233.63218688964844,239.61257934570312,823875890,0.3333333333333333,0.11083333333333334,0.24916666666666668,12.0,-0.02433098233571962,-0.024631871329271863,0.034434564330571564,0.04982304386653186,227.63375418526786,261.6436548868815,0.8700144258559703
2022-06-27,233.65402221679688,240.6182098388672,230.507080078125,233.8336639404297,841135242,0.3269230769230769,0.09384615384615384,0.3528846153846154,52.0,-0.0008754308888843099,-0.0008758143022892069,0.034783885676845226,0.04950511517618811,230.0222909109933,259.1716079711914,0.8875288952814683
2022-06-28,226.9273376464844,241.4232482910156,226.1501007080078,233.5728454589844,1082126615,0.25,0.06541666666666666,0.3802083333333333,48.0,-0.028789080994595873,-0.029211615942116888,0.03786817044644151,0.049634770856883156,231.08353533063618,256.5366836547852,0.900781642759518
2022-06-29,219.2844696044922,229.4347076416016,215.94781494140625,226.90460205078125,1062609997,0.10714285714285714,0.01892857142857143,0.36892857142857144,56.0,-0.03367980306497298,-0.03426003288615832,0.03931970372089856,0.04848307853807245,231.80104282924108,253.1210693359375,0.915771426840802
2022-06-30,219.3000946044922,219.88706970214844,205.9266662597656,219.3875732421875,1088852065,0.16326530612244897,0.030408163265306123,0.30795918367346936,49.0,7.12544761067857e-05,7.125193762718771e-05,0.027956421710602784,0.04851387103631576,230.4219491141183,249.74823557535808,0.9226169249335563
2022-07-01,216.0154571533203,226.37962341308597,213.66563415527344,219.52899169921875,1234215934,0.2,0.03945454545454545,0.39545454545454545,55.0,-0.014977820493400684,-0.015091120797974929,0.014455924782824288,0.047526216817860394,226.9615413120815,246.93194885253905,0.9191258659186976
2022-07-02,218.0352325439453,219.4220123291016,214.21044921875,216.2319793701172,767361243,0.14285714285714285,0.03809523809523809,0.4071428571428572,21.0,0.009350142889040791,0.009306700885693896,0.016673198656939434,0.04720235378427954,223.86790902273995,243.9297307332357,0.9177557337918945
2022-07-03,218.98031616210935,219.7887115478516,214.4644927978516,218.04757690429688,724525676,0.5,0.07333333333333333,0.43722222222222223,18.0,0.004334545417899571,0.00432517833418808,0.017046979964649545,0.04712484379663272,221.74241856166296,241.28247833251953,0.9190158361025795
2022-07-04,231.5741271972656,231.7682037353516,215.21372985839844,218.9786071777344,1039372640,0.425,0.1405,0.35,40.0,0.057511155595524555,0.05591818090915616,0.03020915641491691,0.048521519880658476,221.44529070172987,238.9472447713216,0.9267538988100008
2022-07-05,230.8463592529297,235.7591552734375,223.22837829589844,231.48411560058597,1310031377,0.2127659574468085,0.0174468085106383,0.28595744680851065,47.0,-0.00314269971841874,-0.003147648369982607,0.027693821349319768,0.04853249904843206,222.00515093122206,236.6776326497396,0.9380064708512975
2022-07-06,238.49993896484372,239.4906005859375,229.2979278564453,230.9110870361328,1266715664,0.39215686274509803,0.0927450980392157,0.3311764705882353,51.0,0.033154431097300874,0.032616676637894824,0.024240757087880066,0.0491057588637562,224.75021798270086,234.78109639485677,0.9572756130447321
2022-07-07,241.5445098876953,243.30288696289065,235.4365997314453,238.50296020507807,1108137930,0.2542372881355932,0.06457627118644067,0.3583050847457627,59.0,0.012765499798724766,0.012684707647803216,0.023668312028377943,0.04919703316361384,227.927991594587,233.1545425415039,0.9775833192442026
2022-07-08,240.75071716308597,246.6830139160156,237.1403961181641,241.54443359375,1341618380,0.02127659574468085,0.031914893617021274,0.33085106382978724,47.0,-0.0032863207074274037,-0.0032917325192089466,0.021597192438897902,0.04919976933103234,231.4616001674107,231.55903015136718,0.9995792434270743
2022-07-09,243.24107360839844,244.69346618652344,240.6688232421875,240.75657653808597,851653424,0.5,0.10833333333333334,0.3488888888888889,18.0,0.010344128875950487,0.01029099448008199,0.02155340436099813,0.04925385093806733,235.0624346051897,230.0030776977539,1.021996909598246
2022-07-10,234.65557861328125,243.3271331787109,232.1019744873047,243.2509307861328,881096013,0.11764705882352941,0.01058823529411765,0.34470588235294114,17.0,-0.035296238697495874,-0.03593420787832366,0.02911660921987563,0.04954367713475996,237.3017578125,228.2900405883789,1.0394748592662866
2022-07-11,225.85850524902344,234.64993286132807,225.5014190673828,234.599365234375,1021066311,0.14893617021276595,0.0697872340425532,0.3414893617021277,47.0,-0.037489299918821106,-0.0382100959145322,0.02586326953033945,0.0489031239048114,236.48524039132255,226.83575744628905,1.0425395142885192
2022-07-12,220.4645538330078,228.1908416748047,220.4645538330078,225.86839294433597,1140033692,0.125,0.020416666666666666,0.35000000000000003,48.0,-0.023881993773351318,-0.02417179185872273,0.027001712670908028,0.04827351187605235,235.0021253313337,225.6528798421224,1.041431979488817
2022-07-13,230.52476501464844,230.5387115478516,216.8168029785156,220.49241638183597,1431776142,0.3333333333333333,0.07354166666666667,0.288125,48.0,0.04563187599427332,0.04462136870316202,0.030108180774158607,0.04179684955339849,233.8628147670201,225.92017923990886,1.0351568219971923
2022-07-14,238.1644744873047,239.66015625,227.5799102783203,230.5123291015625,1609361574,0.1,0.0262,0.2712,50.0,0.03314051517272243,0.03260320719143097,0.03285817943492549,0.04218874248168929,233.37995256696428,226.4182866414388,1.030746924326612
2022-07-15,238.5739898681641,241.8334197998047,235.6831512451172,238.22662353515625,1151260376,0.06,0.0344,0.38780000000000003,50.0,0.0017194645916061013,0.0017179880047487742,0.032880240573721284,0.041421566306771615,233.0689915248326,226.5908625284831,1.0285895420674132
2022-07-16,249.5938720703125,250.75875854492188,234.11767578125,238.5590667724609,1030985968,0.19047619047619047,0.058095238095238096,0.38333333333333336,21.0,0.04619062710162991,0.04515559292134343,0.037275125142966,0.0367490153858256,233.9765341622489,227.92603352864583,1.0265458953500484
2022-07-17,247.84848022460935,255.29649353027344,246.9508056640625,249.64080810546875,1050861669,0.1875,0.0012500000000000098,0.476875,16.0,-0.006992927475444888,-0.007017492581104819,0.03357112987339117,0.036533463352128356,235.8612343924386,228.9912562052409,1.030001050262986
2022-07-18,264.88604736328125,264.88604736328125,247.8218231201172,247.83447265625,1632324536,0.24390243902439024,0.06341463414634146,0.36829268292682926,41.0,0.06874186649533542,0.06648213094311228,0.03296476195874522,0.03347528238689882,241.4365975516183,231.25269114176433,1.044038001718263
2022-07-19,268.8173217773437,274.24365234375,256.6991882324219,264.49493408203125,1925805446,0.34615384615384615,0.10134615384615385,0.37403846153846154,52.0,0.014841379729868764,0.014732324153156064,0.026346713386389775,0.03018397964429607,248.34413582938058,233.04925079345702,1.0656294108813886
2022-07-20,258.3388061523437,271.7902526855469,256.9964904785156,268.772705078125,1675018362,0.33962264150943394,0.07716981132075472,0.32943396226415095,53.0,-0.038980061090256535,-0.039760122142022264,0.035398249833739216,0.031385770004730994,252.31757027762276,234.42940216064454,1.0763051389975402
2022-07-21,265.4625549316406,265.90753173828125,251.545654296875,258.3401184082031,1220055525,0.1568627450980392,0.06549019607843137,0.3756862745098039,51.0,0.027575217542408437,0.027201869129775225,0.03504001840444391,0.03161235780840149,256.217296055385,235.96153310139974,1.0858434961315528
2022-07-22,262.87744140625,271.1519775390625,261.6124572753906,265.4770202636719,1173778496,0.1956521739130435,0.030652173913043482,0.315,46.0,-0.009738147536688668,-0.00978587338909374,0.03604946538392877,0.031241378038109884,259.689217703683,237.5820505777995,1.0930506621696332
2022-07-23,259.4630126953125,271.6138610839844,253.22386169433597,262.7201538085937,1108172504,0.38461538461538464,0.08692307692307694,0.17538461538461542,13.0,-0.012988671422972553,-0.013073761826249754,0.034299720435611726,0.029331278594206048,261.0990949358259,238.59902598063152,1.094300757778537
2022-07-24,261.8648681640625,265.8866882324219,257.4329528808594,259.473876953125,913146574,0.2,0.11299999999999999,0.426,10.0,0.009257024513048773,0.00921444085852089,0.033855085142859606,0.028158141790631013,263.10143607003346,239.31991119384764,1.0993712757018488
2022-07-25,245.14849853515625,262.4361267089844,245.14849853515625,261.84100341796875,1005244476,0.11363636363636363,0.05363636363636364,0.325,44.0,-0.06383586216091108,-0.06596445693927964,0.03261937708901346,0.03083348847808769,260.2817862374442,239.50183919270833,1.086763204469657
2022-07-26,248.9583740234375,248.9583740234375,240.11329650878903,245.1236724853516,926779355,0.058823529411764705,0.02137254901960784,0.2958823529411765,51.0,0.01554109248494906,0.015421566492819479,0.032711127443850276,0.030562494424367575,257.4447937011719,240.00516001383463,1.0726635780927876
2022-07-27,271.5043640136719,271.5043640136719,247.8041076660156,249.01580810546875,1405510237,0.25,0.07022727272727274,0.38386363636363635,44.0,0.0905612839040788,0.08669250306681613,0.04626607696161698,0.03423139542936686,259.3255876813616,241.26683807373047,1.0748496965095236
2022-07-28,277.2939147949219,280.1273803710937,264.7391052246094,271.5153503417969,1648592412,-0.0425531914893617,-0.003404255319148933,0.35425531914893615,47.0,0.021323969514384977,0.02109979493816588,0.04588009737737432,0.03372597488939158,261.01578194754467,242.9457239786784,1.0743789916238746
2022-07-29,293.9533386230469,301.2096862792969,275.3043518066406,277.3141174316406,2562325488,0.25,0.05550000000000001,0.367,40.0,0.060078577059456295,0.05834303467790875,0.049034332420201734,0.034085410711963186,265.45519583565846,245.43468627929687,1.0815716387111596
2022-07-30,287.5361328125,299.7239685058594,285.4088134765625,293.91510009765625,1578905327,0.125,0.07250000000000001,0.386875,16.0,-0.021830695445089088,-0.022072510887822076,0.0500302785281696,0.03453938499556075,269.4656415666853,247.70922088623047,1.0878304836720118
2022-07-31,283.5794677734375,296.210205078125,282.6093139648437,287.5772399902344,1313531523,0.6153846153846154,0.14615384615384613,0.36,13.0,-0.013760583758155365,-0.013856138193353015,0.05119636476433005,0.0345103681375945,272.5677272251674,249.96135457356772,1.0904394708940748
2022-08-01,283.5394897460937,290.08477783203125,278.3435363769531,283.6294860839844,1314157614,0.2857142857142857,0.09023809523809524,0.3852380952380952,42.0,-0.0001409764524128443,-0.00014098639052694944,0.039280915715958965,0.03455123004615126,278.0521545410156,252.1448298136393,1.1027477927924378
2022-08-02,283.82098388671875,290.5367736816406,274.8204650878906,283.4763488769531,1768344106,-0.037037037037037035,0.001296296296296299,0.3212962962962963,54.0,0.000992786369465204,0.0009922938830064488,0.0399815614249921,0.034571322274259235,283.0325273786272,254.3061854044596,1.112959666822417
2022-08-03,298.3567810058594,305.1868591308594,278.81182861328125,283.87384033203125,2133584480,0.0425531914893617,0.007446808510638297,0.37170212765957444,47.0,0.05121466679483522,0.04994632108127356,0.030965747078876168,0.03430591324792468,286.8685869489397,256.53227386474606,1.1182553470842742
2022-08-04,310.7060546875,312.74810791015625,297.4320373535156,298.3701171875,1926587001,0.3409090909090909,0.10727272727272727,0.48068181818181815,44.0,0.04139096031270739,0.040557281387024115,0.03259490227658046,0.03472204741218987,291.6417497907366,259.1942637125651,1.1251859729201195
2022-08-05,315.185546875,320.95660400390625,308.6068115234375,310.693603515625,1585061398,0.5641025641025641,0.12102564102564102,0.29384615384615387,39.0,0.01441713838504155,0.014314199653767892,0.026863228795751044,0.03446906873401947,294.67492239815846,261.7504506429036,1.1257857309295427
2022-08-06,315.06890869140625,321.8396911621094,313.733642578125,315.1969909667969,1151509385,0.3333333333333333,0.092,0.34600000000000003,15.0,-0.000370061967467028,-0.00037013045729441884,0.023604436661999764,0.03450715960843306,298.6081760951451,264.20126393636065,1.1302299301909176
2022-08-07,322.921142578125,325.1716613769531,309.0248718261719,315.12310791015625,1012978419,-0.14285714285714285,0.008571428571428572,0.39428571428571424,7.0,0.024922274683756962,0.024616780138341312,0.020576661425078115,0.0345444953566273,304.2284153529576,266.940278116862,1.1396871895809275
2022-08-08,324.8004150390625,332.881103515625,322.53936767578125,322.9548034667969,1318773332,0.1702127659574468,0.07893617021276596,0.3280851063829787,47.0,0.005819601794833984,0.005802733325849751,0.019783727765793634,0.034551961030297465,310.1228332519531,269.6589228312174,1.150055892814133
2022-08-09,324.9123229980469,327.8254699707031,313.4969177246094,324.8363647460937,1139003043,0.1509433962264151,0.061509433962264146,0.37716981132075467,53.0,0.00034454376842751877,0.0003444844268534594,0.019885486302820946,0.03352144499886103,315.99302455357144,272.6674809773763,1.1588951620519425
2022-08-10,328.4711608886719,336.28369140625,314.41259765625,324.8590393066406,1738218767,0.2222222222222222,0.04694444444444445,0.41888888888888887,36.0,0.01095322534333798,0.010893673234449798,0.014648310294173494,0.03221687011960853,320.29507882254467,276.08790283203126,1.1601199311416717
2022-08-11,323.8002319335937,334.09722900390625,322.3075561523437,328.460205078125,1511577808,0.2765957446808511,0.10170212765957447,0.34255319148936175,47.0,-0.014220210207925299,-0.014322286247780095,0.012417608047687252,0.03187884267065881,322.1656755719866,279.53242543538414,1.1525162959903463
2022-08-12,327.5146789550781,327.5146789550781,318.2651672363281,323.7721252441406,980643843,0.14705882352941177,0.048529411764705876,0.34794117647058825,34.0,0.011471415567874566,0.011406117777889316,0.012134491538604348,0.031307699402176724,323.9269801548549,282.7654225667318,1.1455678605060318
2022-08-13,323.8701477050781,332.5167541503906,323.4788818359375,327.5741577148437,991712327,0.5625,0.14250000000000002,0.34125,16.0,-0.011127840931062116,-0.011190218536688817,0.013604274603089713,0.031320692804564454,325.1843000139509,285.62227834065754,1.1385116801922164
2022-08-14,317.98663330078125,330.8052978515625,316.6592712402344,323.9740905761719,936178150,0.3,0.061,0.265,10.0,-0.018166275731144266,-0.018333308519659454,0.012350076641033348,0.031720350123112334,324.4793701171875,288.2693664550781,1.1256116947402113
2022-08-15,319.8872985839844,326.8336486816406,314.85809326171875,318.032470703125,1141553086,0.14634146341463414,0.03951219512195122,0.42121951219512194,41.0,0.005977186095760478,0.005959393583185201,0.012367125519064687,0.031003519840116907,323.7774963378906,290.61248067220055,1.1141210989596104
2022-08-16,316.4236755371094,322.1582946777344,312.8060607910156,319.7127685546875,963072351,0.15384615384615385,0.03487179487179487,0.31538461538461543,39.0,-0.010827635427249183,-0.010886680873577782,0.012709218841822176,0.031077272816422703,322.56483241489957,292.8983205159505,1.1012860430428228
2022-08-17,306.63641357421875,323.2359924316406,305.3348999023437,316.401611328125,1111784114,0.08333333333333333,0.017291666666666667,0.28854166666666664,48.0,-0.030930877552943437,-0.03141933584081295,0.014501900165047415,0.029856078545755015,319.4455827985491,294.2899993896484,1.0854788931362698
2022-08-18,298.1412353515625,310.1879577636719,297.02642822265625,306.7964782714844,1041814513,0.3888888888888889,0.06972222222222223,0.38916666666666666,36.0,-0.027704401195000505,-0.028095406758073253,0.016063771109011468,0.030387860777103964,315.78001185825894,295.2674631754557,1.0694710770438467
2022-08-19,279.7187194824219,298.1907043457031,278.5794372558594,298.1527709960937,1598319492,-0.07894736842105263,-0.011315789473684211,0.385,38.0,-0.06179123745635906,-0.06378279339184968,0.022004552887343733,0.031847261801104795,308.9520176478795,295.980126953125,1.0438268975295386
2022-08-20,283.6931457519531,288.905517578125,278.3320617675781,279.6201171875,1315367730,0.25,0.05333333333333334,0.30083333333333334,12.0,0.014208653167315122,0.014108656355118517,0.02590960726739087,0.03158786189876805,303.2124459402902,296.5878133138021,1.0223361592388793
2022-08-21,302.0562744140625,303.6579284667969,283.6390991210937,283.6390991210937,1249205607,0.25,0.11875000000000001,0.32875,8.0,0.06472884148623437,0.06272015780991796,0.0403202050263051,0.03336204802891765,300.93668038504467,297.8937744140625,1.0102147350241455
2022-08-22,300.5591125488281,303.82379150390625,289.30670166015625,302.0341796875,1463703478,0.10869565217391304,0.0482608695652174,0.34021739130434786,46.0,-0.004956566017834341,-0.00496889053289316,0.0399290012564473,0.0332463497417237,298.1755109514509,299.2636444091797,0.996363963755514
2022-08-23,299.0299377441406,301.19500732421875,294.3196716308594,300.5709228515625,1034959891,0.5,0.1315909090909091,0.3406818181818182,44.0,-0.005087767233938334,-0.005100753989437897,0.03994098971324193,0.03328501377770791,295.69069126674106,300.502480061849,0.9839875238496615
2022-08-24,296.4496765136719,299.95867919921875,294.7120361328125,299.0151062011719,935405757,0.3333333333333333,0.10377777777777777,0.41155555555555556,45.0,-0.008628772255828476,-0.00866621566048955,0.03862904042807575,0.030646073864836726,294.2354431152344,302.2125193277995,0.9736044150973353
2022-08-25,301.5836486816406,306.1381530761719,296.2020874023437,296.4873046875,973529233,0.23255813953488372,0.046744186046511635,0.24186046511627907,43.0,0.017318191162647434,0.017169940465067722,0.03786578775774742,0.03066560809802113,294.7272164481027,303.96669514973956,0.9696036478697597
2022-08-26,279.5981750488281,301.5559997558594,277.8516540527344,301.5559997558594,1210077085,0.07142857142857142,0.0330952380952381,0.3454761904761905,42.0,-0.07290008503087286,-0.07569393608625002,0.0413985416641302,0.030332625076665225,294.70999581473217,304.2364888509115,0.9686872108202389
2022-08-27,277.80157470703125,283.85009765625,274.5443725585937,279.57183837890625,962669292,-0.5384615384615384,-0.07307692307692307,0.33692307692307694,13.0,-0.006425651174164937,-0.006446384535291001,0.04095250749444766,0.03011872068512269,293.8683428083147,304.2534108479818,0.9658670448074091
2022-08-28,276.2508850097656,283.6283264160156,276.2508850097656,277.8034362792969,758285305,0.06666666666666667,0.07733333333333332,0.3313333333333333,15.0,-0.005582004705700361,-0.005597642313919622,0.029108324195143878,0.02804302309678952,290.1818586077009,303.6633290608724,0.9556038903516434
2022-08-29,286.2214050292969,286.3310241699219,272.80596923828125,276.2806091308594,1009161525,0.07317073170731707,0.03048780487804878,0.3309756097560976,41.0,0.03609226453402603,0.035456198302351784,0.03443405789788211,0.02858970415584743,288.1336146763393,303.6195048014323,0.9489957335408316
2022-08-30,281.42535400390625,291.6630859375,277.074462890625,286.2152709960937,979620743,0.13043478260869565,0.061956521739130424,0.28804347826086957,46.0,-0.016756437293359405,-0.016898414646502737,0.0346148391867345,0.02864532830239793,285.6186741420201,303.5477010091146,0.9409350596051587
2022-08-31,279.23809814453125,289.7711181640625,278.07879638671875,281.4564819335937,952486877,0.34,0.1024,0.3574,50.0,-0.0077720639887500775,-0.0078024238864248035,0.03461638651380534,0.02867841726292159,283.15987723214283,303.4043212890625,0.9332756897762435
2022-09-01,278.417236328125,280.2213134765625,271.4728088378906,279.2513427734375,954919263,0.09523809523809523,0.04047619047619048,0.3595238095238095,42.0,-0.0029396483569422704,-0.0029439776095754417,0.032919336619811106,0.028680313618815456,279.8503897530692,303.2241963704427,0.9229157603609632
2022-09-02,277.4161071777344,282.9059143066406,274.4879150390625,278.3879699707031,807053745,-0.02564102564102564,0.004102564102564103,0.28076923076923077,39.0,-0.0035957872565430815,-0.003602267638921733,0.016779648566893283,0.027042997123828162,279.5386657714844,302.5261739095052,0.9240148122030027
2022-09-03,277.77557373046875,278.4322814941406,274.77545166015625,277.4311218261719,490102253,0.16666666666666666,0.016666666666666666,0.2558333333333333,12.0,0.0012957666964308334,0.001294927915263326,0.016624423582239048,0.025813193565140304,279.53495134626115,301.4284912109375,0.9273673839631986
2022-09-04,278.84185791015625,279.8131408691406,275.4532165527344,277.78192138671875,512014471,0.14285714285714285,0.028571428571428574,0.4614285714285714,7.0,0.0038386535049410586,0.0038313046749798314,0.016477891699448955,0.02563075438455581,279.90509033203125,300.2170349121094,0.9323424648903597
2022-09-05,276.6859130859375,280.6126403808594,273.7195129394531,278.8544921875,665273781,0.4146341463414634,0.09634146341463415,0.2836585365853659,41.0,-0.00773178331394353,-0.007761828519427159,0.006839519324428573,0.025629351116789965,278.5428771972656,298.93760172526044,0.9317759813075016
2022-09-06,262.6683959960937,285.7541809082031,262.5975646972656,276.7518615722656,1173656468,0.42857142857142855,0.08160714285714286,0.3735714285714286,56.0,-0.05066220008638467,-0.05199059016426398,0.019072218451496988,0.02644903716076204,275.86331176757807,296.92917683919273,0.9290542435207596
2022-09-07,278.7613220214844,279.76385498046875,259.99395751953125,262.6126403808594,963734560,0.12727272727272726,0.057818181818181824,0.31799999999999995,55.0,0.061267081501613196,0.05946355415733832,0.03249811176711268,0.029025578639700424,275.79520089285717,295.39454040527346,0.9336502987308888
2022-09-08,280.5774841308594,282.0633239746094,276.0489196777344,278.7602233886719,870477242,0.2631578947368421,0.07298245614035088,0.3314035087719298,57.0,0.006515115139377192,0.006493983510408907,0.03256314763377234,0.029086968451454018,276.1038077218192,293.9167124430339,0.9393947197722989
2022-09-09,293.4071350097656,294.9559326171875,280.2208251953125,280.5370178222656,1139680146,0.14,0.0378,0.3354,50.0,0.0457258746853777,0.044711261205903005,0.03630455456045908,0.0303477274936799,278.3882402692522,292.74791158040364,0.9509486806118256
2022-09-10,296.96905517578125,298.4418640136719,291.2474975585937,293.39508056640625,851195253,0.3125,0.108125,0.3325,16.0,0.012139855310257186,0.012066758263849878,0.036200822797301906,0.030413483052598556,281.13016619001115,291.8535390218099,0.9632576912798806
2022-09-11,295.161865234375,297.8752136230469,291.3034973144531,296.91973876953125,700835025,0.5,0.1625,0.3858333333333333,12.0,-0.00608544866850369,-0.006104040475953669,0.03665410485576195,0.03029759540159204,283.4615958077567,290.7751118977865,0.9748482047094847
2022-09-12,293.6587219238281,299.1763000488281,291.15069580078125,295.1741027832031,998624528,0.28846153846153844,0.0626923076923077,0.32173076923076926,52.0,-0.00509260676121992,-0.0051056182768520406,0.03647553363645097,0.030264458953537,285.8862827845982,289.7680643717448,0.9866038322906191
2022-09-13,277.5769348144531,297.6877136230469,275.9689636230469,293.64923095703125,1136956066,0.36507936507936506,0.05634920634920635,0.28650793650793654,63.0,-0.05476352619128555,-0.05632014595779036,0.03768884220388483,0.0316783110246202,288.01607404436385,288.42107442220055,0.9985958017157794
2022-09-14,279.3858642578125,282.1502685546875,274.83056640625,277.4132995605469,956413768,0.36507936507936506,0.08952380952380952,0.3703174603174603,63.0,0.00651685791028922,0.006495714998964838,0.030176259135606894,0.03168458567806119,288.1052943638393,287.07102661132814,1.0036028287658283
2022-09-15,270.806884765625,280.2467956542969,268.0102233886719,279.383056640625,1080164338,0.41818181818181815,0.08890909090909091,0.3367272727272727,55.0,-0.03070656246327108,-0.031187887818338166,0.03218540027403142,0.032040214189705624,286.7094944545201,285.5504669189453,1.0040589236224355
2022-09-16,274.6545715332031,276.26324462890625,269.1295166015625,270.812255859375,803452434,0.14583333333333334,0.03833333333333334,0.3675,48.0,0.01420823097207502,0.014108240074576383,0.025728198922715387,0.03183251638825544,284.03055681501115,284.4844055175781,0.9984046622810792
2022-09-17,279.24932861328125,279.5317077636719,274.7300109863281,274.7300109863281,560951664,0.5294117647058824,0.15294117647058825,0.3911764705882353,17.0,0.016729221197480326,0.01659082910507837,0.026406243457301262,0.03169545118393375,281.4991673060826,283.85467529296875,0.9917017115027081
2022-09-18,266.31317138671875,279.6207580566406,264.74365234375,279.2207336425781,789437105,0.25,0.07125,0.35375,16.0,-0.0463247567713122,-0.04743208139133979,0.030071628323058312,0.030725396790768276,277.37792532784596,283.40782368977864,0.9787235994990277
2022-09-19,272.06982421875,272.6191101074219,257.18682861328125,266.2519226074219,1074224923,0.2391304347826087,0.03869565217391304,0.2573913043478261,46.0,0.02161610258349511,0.02138578773363865,0.03300333635072209,0.030882317691032023,274.2937970842634,283.0203796386719,0.9691662396695616
2022-09-20,266.3695983886719,273.203125,265.6932067871094,272.13055419921875,845702947,0.2545454545454545,0.08345454545454545,0.41090909090909095,55.0,-0.020951334262983234,-0.021173928047664742,0.027086336921954272,0.028589690166728902,272.6927490234375,281.83082377115886,0.9675760279679653
2022-09-21,264.7920837402344,275.83355712890625,261.2751770019531,266.3947448730469,1057177278,0.15517241379310345,0.03310344827586207,0.31793103448275867,58.0,-0.005922277384432073,-0.005939883616214904,0.026541105443019693,0.028591150836817358,270.60792323521207,280.6385894775391,0.9642577086030792
2022-09-22,275.5002746582031,275.9076538085937,264.0281066894531,264.6077575683594,843345381,0.25,0.07729166666666666,0.31395833333333334,48.0,0.040439996417996005,0.03964369716177349,0.029423671847980903,0.029689759534367137,271.27840750558033,279.85426737467446,0.9693559796334548
2022-09-23,276.6262512207031,277.3817138671875,269.6694641113281,275.4934997558594,869618433,0.26666666666666666,0.05555555555555555,0.2797777777777778,45.0,0.004087025190435689,0.00407869598970494,0.029002805098079284,0.02969309966515985,271.56007603236606,279.1934865315755,0.9726590666779537
2022-09-24,275.1353759765625,284.6324462890625,275.1353759765625,276.6270446777344,818302597,0.4117647058823529,0.1652941176470588,0.2582352941176471,17.0,-0.005389492998447043,-0.005404068709889073,0.028215733794322934,0.02946767899515638,270.9723685128348,278.31187744140624,0.9736284739406544
2022-09-25,274.0612487792969,279.2016906738281,271.6731262207031,275.1043395996094,640533920,0.11764705882352941,0.0976470588235294,0.35705882352941176,17.0,-0.003903995236719804,-0.0039116357182091424,0.020232966437817405,0.02608684651739535,272.07923671177457,278.1273132324219,0.9782542877563659
2022-09-26,275.9278564453125,276.4469909667969,271.1883239746094,274.14178466796875,716989161,0.04081632653061224,-0.00020408163265306112,0.2761224489795919,49.0,0.006810914254860023,0.006787824759459039,0.018859708427745692,0.02609763569855205,272.63038417271207,278.0648559570312,0.980456099834641
2022-09-27,272.40155029296875,286.0679931640625,270.82208251953125,275.92596435546875,927431127,0.16363636363636364,0.035272727272727275,0.2983636363636364,55.0,-0.01277981207759149,-0.012862176361814874,0.01735859052832004,0.026182763715113543,273.4920915876116,277.93654479980466,0.9840091082106731
2022-09-28,281.7812194824219,283.3424377441406,266.9765625,272.3344421386719,857467325,0.09433962264150944,0.008867924528301886,0.31528301886792454,53.0,0.03443324452215957,0.03385368690160224,0.02015730850672385,0.02610847514533987,275.9191109793527,277.7885386149089,0.9932703212131163
2022-09-29,283.7890319824219,285.2337646484375,277.5006408691406,281.76666259765625,800888080,0.09090909090909091,0.049818181818181824,0.3449090909090909,55.0,0.007125430515518172,0.00710016458492748,0.0149644572506388,0.025956591079572933,277.1032191685268,277.86732788085936,0.9972500951509484
2022-09-30,284.1922912597656,289.537109375,280.8930053710937,283.83428955078125,905481572,0.4807692307692308,0.11326923076923076,0.34076923076923077,52.0,0.0014209826029101258,0.001419973962525138,0.01500276691661678,0.025912156034624642,278.18408203125,278.0324676513672,1.00054531178018
2022-10-01,282.8719177246094,285.19287109375,278.36090087890625,284.2734069824219,593375648,-0.11764705882352941,0.009411764705882356,0.33705882352941174,17.0,-0.004646056827591338,-0.004656883296221792,0.01492838684273212,0.025922088223974397,279.28930228097096,278.18095703125,1.0039842599635476
2022-10-02,284.43310546875,287.3795166015625,279.9544372558594,282.8950500488281,556343468,0.06666666666666667,0.006,0.27133333333333337,15.0,0.005519062325799684,0.0055038881073569985,0.01451933934273569,0.025925357779528875,280.77099609375,278.41485697428385,1.0084626917725292
2022-10-03,287.031982421875,288.6329040527344,283.8986511230469,284.4148864746094,700566674,-0.07317073170731707,0.007560975609756099,0.33707317073170734,41.0,0.009137041023554504,0.009095550804606965,0.014584629051660017,0.025969235509805427,282.3572998046875,278.72340393066406,1.0130376417006137
2022-10-04,296.2984619140625,297.9946594238281,286.5289611816406,287.024169921875,794566055,0.28,0.056600000000000004,0.364,50.0,0.032283787381462536,0.031773617029898366,0.014903080210632167,0.026565098400168897,285.7711443219866,279.3052907307943,1.0231497712566582
2022-10-05,294.1376647949219,296.33306884765625,289.9037475585937,296.2894592285156,656837388,0.3191489361702128,0.0797872340425532,0.3095744680851064,47.0,-0.007292636975507971,-0.00731935824413615,0.012826725018281393,0.026559600149028816,287.5363507952009,279.8870157877604,1.0273300816971125
2022-10-06,286.6341552734375,297.6993713378906,279.8035583496094,294.1552734375,1010110227,0.24489795918367346,0.06653061224489797,0.29877551020408166,49.0,-0.02551019614137473,-0.02584122303576931,0.01757561418010848,0.025115103659769447,287.9427969796317,280.6858744303385,1.0258542492172837
2022-10-07,283.18267822265625,286.9586181640625,280.19146728515625,286.7719421386719,952606066,0.37209302325581395,0.09093023255813953,0.34581395348837213,43.0,-0.012041401861158763,-0.012114486830068478,0.018305574484254777,0.02285562100460671,287.79856654575894,280.8332529703776,1.024802310629917
2022-10-08,276.4695739746094,282.99420166015625,276.04986572265625,282.99420166015625,604706997,0.2777777777777778,0.10833333333333334,0.43555555555555553,18.0,-0.02370591411233358,-0.02399142044819286,0.020377285868806945,0.02325527188831937,286.88394601004467,280.6963226318359,1.0220438348468301
2022-10-09,278.2380676269531,279.280029296875,275.4630432128906,276.4495544433594,570350814,0.21428571428571427,0.06999999999999999,0.13357142857142856,14.0,0.006396702635010909,0.006376330562617286,0.02044246143111139,0.02168608624336546,285.99894060407365,280.19068705240886,1.0207296452739643
2022-10-10,271.8060607910156,279.0643005371094,271.8060607910156,278.2445678710937,655201928,0.23529411764705882,0.09509803921568627,0.34490196078431373,51.0,-0.023116918870214387,-0.023388305410889397,0.020882716629766623,0.02187135947421286,283.8238089425223,279.35192057291664,1.0160080817072399
2022-10-11,271.37139892578125,273.662841796875,268.44683837890625,271.7315368652344,584301468,0.2,0.05236363636363636,0.32090909090909087,55.0,-0.0015991617845805273,-0.0016004418086128483,0.012454447361827676,0.021864428361880586,280.26279994419644,278.55890502929685,1.0061168208380213
2022-10-12,270.97100830078125,272.7352294921875,269.66015625,271.4066162109375,546926291,0.18867924528301888,0.06981132075471698,0.3469811320754717,53.0,-0.0014754341341237653,-0.0014765236588790468,0.013045517199590878,0.021861278082437676,276.9532775878906,277.8026479085286,0.9969425405875985
2022-10-13,271.8514099121094,273.4926452636719,257.9745178222656,270.9587097167969,1124480167,0.11320754716981132,0.03981132075471698,0.359811320754717,53.0,0.003249062019029303,0.003243795222044124,0.01241463089557958,0.019386396312767493,274.8414568219866,277.61179707845054,0.9900208122074831
2022-10-14,269.5671691894531,276.52886962890625,268.343017578125,271.8459167480469,809144930,0.32786885245901637,0.09639344262295081,0.3655737704918033,61.0,-0.008402534029140263,-0.008438034319667687,0.012266945239560182,0.019387127136893608,272.8963841029576,277.2845072428385,0.984174654460453
2022-10-15,268.4040832519531,271.364501953125,267.88482666015625,269.5590209960937,491674298,0.3684210526315789,0.18473684210526314,0.35000000000000003,19.0,-0.004314642398765445,-0.004323977329214604,0.009726297007798807,0.018556521034668517,271.7441711425781,277.20441385904945,0.980302468346526
2022-10-16,272.5199584960937,273.7430419921875,268.3623046875,268.4115905761719,563344666,0.3333333333333333,0.16066666666666668,0.3953333333333333,15.0,0.015334622313763147,0.015218235318594741,0.011705903628609148,0.018587315292545096,270.9272984095982,277.1332600911458,0.9776065793059031
2022-10-17,275.5125732421875,275.8415222167969,270.4273376464844,272.5019226074219,594844795,0.32,0.0956,0.3152,50.0,0.010981268170627168,0.01092141184554817,0.008463897486197443,0.018438304988636644,271.45680018833707,277.008701578776,0.9799576642943106
2022-10-18,273.2145690917969,275.81524658203125,270.533203125,275.5345153808594,599934776,0.24528301886792453,0.053018867924528305,0.30264150943396223,53.0,-0.008340832228990847,-0.008375811610695415,0.009283317188155251,0.016256292402023788,271.72011021205356,277.23874816894534,0.9800942761668769
2022-10-19,271.9813537597656,273.647705078125,270.6843566894531,273.22344970703125,497761035,0.1016949152542373,0.02830508474576271,0.3535593220338983,59.0,-0.004513724638223415,-0.004523942251198849,0.009486243637866834,0.015809942025340105,271.8644452776228,277.2357991536458,0.9806253236688016
2022-10-20,269.2712707519531,273.28515625,267.8604736328125,271.9537353515625,539795617,0.2553191489361702,0.06851063829787234,0.2742553191489362,47.0,-0.009964223540876449,-0.010014198668958824,0.010154489600907632,0.015421339145241393,271.49585396902904,277.3325215657552,0.978954261967642
2022-10-21,270.0384216308594,271.04791259765625,264.5229797363281,269.2449035644531,593811687,0.15384615384615385,0.06897435897435897,0.36153846153846153,39.0,0.0028489889647860256,0.0028449382874581593,0.009730801576548737,0.01538091862250686,271.5631757463728,277.5073994954427,0.9785799450397447
2022-10-22,270.4794921875,271.0074157714844,268.56689453125,270.0330810546875,391459296,-0.05263157894736842,0.02894736842105262,0.3931578947368421,19.0,0.0016333622229638411,0.0016320297376449377,0.009522409600396348,0.013510152655584933,271.8596627371652,277.3400400797526,0.980239501872822
2022-10-23,276.0081787109375,276.5697937011719,269.1025390625,270.47998046875,483765500,0.23809523809523808,0.0880952380952381,0.33904761904761904,21.0,0.020440316856277452,0.02023421734022537,0.010857050703127744,0.014016123073470495,272.3579799107143,277.31943766276044,0.9821092318884634
2022-10-24,273.9774169921875,276.8754577636719,271.8848876953125,276.0007629394531,535946814,0.25,0.011785714285714288,0.3505357142857143,56.0,-0.007357614286049197,-0.0073848150339090495,0.010497305483186413,0.014046726036855313,272.138671875,277.2808390299479,0.9814550216562474
2022-10-25,284.4325256347656,289.601806640625,272.36651611328125,273.95135498046875,940035659,0.2,0.046799999999999994,0.268,50.0,0.0381604759887062,0.03745037393936046,0.017159499404921657,0.015607068566472445,273.7412370954241,277.6265482584635,0.986005260709353
2022-10-26,290.3769836425781,291.702392578125,284.163818359375,284.356201171875,1017326051,0.21153846153846154,0.06346153846153847,0.28634615384615386,52.0,0.020899360910100917,0.02068396518627071,0.017289038362066914,0.01597923353265788,276.3691842215402,278.1081858317057,0.9937470319150625
2022-10-27,286.8441162109375,293.0694580078125,285.2253112792969,290.3919982910156,874526054,0.2641509433962264,0.0750943396226415,0.3232075471698113,53.0,-0.012166485743199229,-0.01224110327055615,0.017719847496404227,0.01596010550748929,278.8795907156808,278.589604695638,1.0010409075398188
2022-10-28,298.0141906738281,300.7218017578125,286.1366882324219,286.8411560058594,1072756219,0.21739130434782608,0.057173913043478256,0.3115217391304348,46.0,0.038941270995694666,0.03820218597254456,0.02048589623092123,0.01627855786393632,282.8761291503906,279.1307037353516,1.0134181778103142
2022-10-29,304.21795654296875,307.9149780273437,295.9452514648437,298.0037841796875,1397370727,0.2222222222222222,0.09055555555555556,0.31166666666666665,18.0,0.020817014972050574,0.0206033017414674,0.019807937044112583,0.016611521726379617,287.69590977260043,279.81166788736977,1.0281769589694316
2022-10-30,313.7547912597656,318.0692749023437,302.53436279296875,304.2299194335937,1451550019,0.2857142857142857,0.08928571428571429,0.32142857142857145,14.0,0.031348691001577444,0.030867354452931886,0.02051108840073783,0.017407631751340146,293.0882829938616,280.7970845540365,1.0437725286904103
2022-10-31,326.3607177734375,336.7953186035156,307.6253356933594,313.6713562011719,2168405759,0.16279069767441862,0.052558139534883724,0.28930232558139535,43.0,0.04017763828580101,0.03939150461162925,0.01823782428001063,0.018534653946441562,300.5716116768973,282.2467112223307,1.064925115956911
2022-11-01,324.5794372558594,334.20623779296875,317.9355163574219,326.2778625488281,1329110451,0.43478260869565216,0.13108695652173913,0.3297826086956522,46.0,-0.005458011398340901,-0.005472960763235821,0.020435169544542442,0.018627718723108918,306.306884765625,283.584922281901,1.0801240147074425
2022-11-02,320.1505432128906,329.0394592285156,316.2809143066406,324.4679870605469,1411029750,0.3333333333333333,0.09491228070175439,0.3429824561403509,57.0,-0.01364502348150154,-0.013738972416941862,0.023790075879461917,0.018893903304506715,310.5602504185268,284.6888743082682,1.0908759647637103
2022-11-03,329.71697998046875,338.642578125,318.4955749511719,320.1744384765625,1514834239,0.2777777777777778,0.06962962962962962,0.3642592592592593,54.0,0.029881057428713165,0.02944331734887055,0.021221485837914097,0.01877869050003911,316.6849452427455,285.8028249104818,1.1080539366324897
2022-11-04,354.4063720703125,358.1820068359375,328.7398376464844,329.67095947265625,1938879952,0.23529411764705882,0.058235294117647066,0.4015686274509804,51.0,0.07488055996177767,0.07220954839448496,0.028688716432003637,0.022445145268642754,324.74097115652904,287.81178181966146,1.1283102071200368
2022-11-05,349.25372314453125,360.309326171875,347.0196228027344,354.4194641113281,1231594445,0.15789473684210525,0.0868421052631579,0.33894736842105266,19.0,-0.014538815698152852,-0.014645539971895011,0.03239368665771236,0.021982104402910572,331.1746520996094,289.8991007486979,1.1423790251308563
2022-11-06,339.3893737792969,354.48809814453125,339.1924133300781,349.28814697265625,1143505730,0.5555555555555556,0.17833333333333334,0.38222222222222224,18.0,-0.028244077905369203,-0.028650615010972002,0.036527946655523794,0.02266394961570016,334.8367353166853,291.7726572672526,1.147594632248174
2022-11-07,337.0145568847656,344.0419006347656,327.68377685546875,338.89715576171875,1811518274,0.23076923076923078,0.06692307692307692,0.29096153846153844,52.0,-0.006997322479741497,-0.007021918545576058,0.034730117205972535,0.02209327837759256,336.3587123325893,293.7908233642578,1.144891826371151
2022-11-08,327.6902770996094,388.7155151367188,302.7518920898437,336.9876403808594,5390603525,0.30434782608695654,0.03978260869565218,0.33956521739130435,46.0,-0.027667290906797426,-0.028057239784922795,0.03680750606861712,0.022981916136390966,336.80311802455356,295.43923034667966,1.1400081080272784
2022-11-09,266.8531188964844,332.0610046386719,261.7302551269531,327.8196716308594,3191459132,0.1076923076923077,0.024923076923076923,0.29384615384615387,65.0,-0.18565445011550363,-0.20537049460020806,0.08698007364455558,0.04465488927071438,329.189200265067,295.2741322835287,1.1148595974840503
2022-11-10,304.0800476074219,311.0740051269531,264.4677429199219,266.8857727050781,2461275687,0.12903225806451613,0.013225806451612903,0.3645161290322581,62.0,0.13950344243635504,0.1305925907050545,0.10438835088401165,0.0506710658818694,325.5267813546317,296.3644205729167,1.0984003434870482
2022-11-11,289.820556640625,304.91278076171875,280.6268615722656,303.98687744140625,1625174426,0.0,0.03150943396226415,0.3260377358490566,53.0,-0.04689387244902821,-0.048029019984654225,0.09800346540767858,0.05154332152826921,316.3002362932478,296.99273885091145,1.0650099982815695
2022-11-12,282.3412780761719,290.3691711425781,272.0461120605469,289.8576354980469,1189401392,-0.058823529411764705,-0.001764705882352941,0.18294117647058825,17.0,-0.0258065840848114,-0.026145416085429335,0.09782403730926117,0.05180225578441021,306.74131556919644,297.3424011230469,1.031609734806238
2022-11-13,276.5794372558594,286.08447265625,274.0527038574219,282.3652648925781,956106804,0.5714285714285714,0.17142857142857143,0.35428571428571426,14.0,-0.020407362535059592,-0.020618469790943096,0.09789482844762008,0.05192848431963662,297.76846749441967,297.5761433919271,1.0006463021541323
2022-11-14,278.57843017578125,290.7196350097656,268.2330322265625,276.62225341796875,1541330420,0.25,0.054615384615384614,0.34403846153846157,52.0,0.0072275543683049115,0.007201560768854127,0.0985779773675709,0.05193147431180462,289.42044939313615,297.915288289388,0.9714857235255407
2022-11-15,276.8740234375,281.8825378417969,274.0931091308594,278.6280212402344,1116291060,0.2549019607843137,0.043529411764705886,0.35803921568627456,51.0,-0.006118229387701679,-0.0061370224458256175,0.09889400345510667,0.05187960169834888,282.1609845842634,298.0604237874349,0.946656993232653
2022-11-16,272.08160400390625,279.7919921875,269.6501770019531,276.8630065917969,908816092,0.2641509433962264,0.10245283018867923,0.30150943396226415,53.0,-0.01730902514469934,-0.01746057768431982,0.05889330318331113,0.051942286982274925,282.9079110281808,297.94605814615886,0.9495272828526531
2022-11-17,267.91131591796875,273.22247314453125,264.39849853515625,272.0883178710937,854777255,0.16071428571428573,0.05714285714285714,0.30946428571428575,56.0,-0.015327343063875842,-0.01544602102686018,0.01711505827095138,0.051995651891757796,277.74094935825894,297.7692830403646,0.9327387517019656
2022-11-18,273.91998291015625,274.5059509277344,267.9135437011719,267.91412353515625,685307608,0.18181818181818182,0.056363636363636366,0.3502272727272727,44.0,0.022427820831678824,0.022180015569503036,0.01721817461422481,0.05215543724048185,275.4694388253348,297.8339040120443,0.9249096060406706
2022-11-19,272.3976745605469,274.262451171875,269.6495361328125,273.88720703125,551451228,0.3333333333333333,0.09166666666666666,0.22166666666666668,18.0,-0.005557492861368529,-0.005572993180103462,0.015261445731958527,0.05213163480087572,274.0489240373884,297.9381174723307,0.9198182708623684
2022-11-20,264.2351379394531,273.6504821777344,262.5552978515625,272.4302978515625,720361905,0.0,0.04,0.39705882352941174,17.0,-0.029965515066390336,-0.030423656638699254,0.01724224685454955,0.05243048858305421,272.2854527064732,297.7446746826172,0.9144931072124719
2022-11-21,254.1682586669922,264.7425537109375,250.6569366455078,264.2357788085937,1094850661,0.13725490196078433,0.02509803921568627,0.33313725490196083,51.0,-0.03809818539261667,-0.03884289734298527,0.01973635680918839,0.05288654311956987,268.7982853480748,297.20096689860026,0.9044327417675732
2022-11-22,266.3243408203125,266.89215087890625,252.38995361328125,254.0190887451172,800429058,0.03389830508474576,0.03711864406779661,0.2916949152542373,59.0,0.0478269089030785,0.046718408997475834,0.030187883252406567,0.05348935871695548,267.29118783133373,296.87817230224607,0.9003396435599502
2022-11-23,297.8474426269531,300.02020263671875,265.03497314453125,266.4203491210937,1920236928,0.038461538461538464,0.03692307692307692,0.3136538461538461,52.0,0.11836357769457151,0.11186652552806527,0.052793918667196855,0.05730791913575783,270.9720219203404,297.67383982340493,0.910298406071204
2022-11-24,300.4278259277344,303.06463623046875,294.53155517578125,297.94586181640625,1219177799,0.23529411764705882,0.07176470588235294,0.34725490196078435,51.0,0.008663439504542403,0.008626127259237412,0.05140353625232579,0.0569471742225403,275.61723763602123,298.20701649983727,0.9242479968145606
2022-11-25,300.57769775390625,304.16326904296875,294.9123229980469,300.3338317871094,949045515,0.24444444444444444,0.05711111111111112,0.31222222222222223,45.0,0.0004988613345286996,0.0004987369445803269,0.0516473453027744,0.05683579009590586,279.4254826136998,298.54704030354816,0.9359512736404739
2022-11-26,311.3884582519531,316.9621276855469,300.38946533203125,300.5717468261719,1221554861,0.2222222222222222,0.043333333333333335,0.23666666666666666,18.0,0.035966608896239594,0.03533491252273255,0.05147435802236009,0.0571123086270875,284.995594569615,299.3651850382487,0.9519997942753505
2022-11-27,307.4292907714844,316.2198791503906,307.1563720703125,311.3720397949219,793779029,-0.05555555555555555,0.04555555555555556,0.27444444444444444,18.0,-0.012714560785889062,-0.012796082560075944,0.04901979343101819,0.056778284753560615,291.16618783133373,299.6790217081706,0.9715934941714849
2022-11-28,293.5272521972656,309.0960998535156,289.4936828613281,307.3995666503906,1154829072,0.16363636363636364,0.04072727272727273,0.3310909090909091,55.0,-0.045220279887228765,-0.04627462467519509,0.05060271481832388,0.057294119980161734,296.78890119280135,299.32266489664715,0.9915350088683705
2022-11-29,295.4981689453125,304.82281494140625,289.7636413574219,293.4918212890625,986451640,0.2727272727272727,0.06745454545454545,0.34818181818181815,55.0,0.006714595436345672,0.006692152945892007,0.04940244477792653,0.05699689139292319,300.9565909249442,298.71411081949867,1.0075071113958876
2022-11-30,300.7943420410156,304.6509704589844,294.3822631835937,295.5482177734375,1009620336,0.19298245614035087,0.06894736842105263,0.308421052631579,57.0,0.017922862651251315,0.01776414183031827,0.025738420706594267,0.056590656535014265,301.37757655552457,297.86189829508464,1.0118030479244344
2022-12-01,292.0162048339844,301.47967529296875,290.5537109375,300.7543640136719,1433086340,0.2916666666666667,0.05479166666666666,0.3491666666666667,48.0,-0.02918318591855118,-0.02961748545947847,0.02791720450782649,0.0568024622016245,300.17591639927457,296.77645721435545,1.0114546120565884
2022-12-02,293.5274963378906,293.5274963378906,286.14068603515625,292.028564453125,854253818,0.3076923076923077,0.09634615384615385,0.4115384615384615,52.0,0.005175368623003163,0.005162022430649781,0.028099080278000045,0.05679007501744583,299.1687447684152,295.8890223185221,1.0110842991882358
2022-12-03,290.5631408691406,294.04302978515625,289.7044677734375,293.5003662109375,634607105,0.5714285714285714,0.125,0.3514285714285714,14.0,-0.01009907250848352,-0.010150414102054748,0.022315205761744877,0.056471831232051815,296.1936994280134,294.58389434814455,1.0054646744467515
2022-12-04,292.2882995605469,292.3376159667969,288.5040588378906,290.5531005859375,633441009,0.375,0.0875,0.27625,16.0,0.005937293650687847,0.005919737379624415,0.023018907917766583,0.054645770734906944,294.03070068359375,292.51329193115237,1.0051874864982153
2022-12-05,288.4742736816406,296.91217041015625,286.5386962890625,292.2088928222656,705616866,0.17647058823529413,0.034509803921568626,0.2988235294117647,51.0,-0.013048848977672445,-0.013134733152037819,0.01597764828384453,0.05463862786567113,293.308846609933,290.48731028238933,1.0097131138871465
2022-12-06,290.3544616699219,290.60162353515625,287.1078796386719,288.4617614746094,610280514,0.11764705882352941,0.06019607843137255,0.37490196078431376,51.0,0.0065176972777691855,0.006496548931475139,0.015959092431617215,0.05452116708827162,292.5740312848772,288.8528132120768,1.0128827482461398
2022-12-07,284.284423828125,290.4856872558594,282.02081298828125,290.3846130371094,759320494,0.20833333333333334,0.025625,0.38187499999999996,48.0,-0.020905612425881626,-0.021127228868018388,0.01442075070997575,0.054598173056672646,290.21547154017856,287.0951421101888,1.0108686249689036
2022-12-08,290.53717041015625,291.51171875,282.8092041015625,284.295166015625,646645162,0.17857142857142858,0.045178571428571436,0.3457142857142857,56.0,0.02199468580737851,0.021756291970908094,0.01469387443334031,0.05465134746309253,290.0041809082031,285.8567052205404,1.0145089326642274
2022-12-09,286.0904235839844,291.5705871582031,285.5756225585937,290.5220031738281,644239750,0.3181818181818182,0.06977272727272726,0.28659090909090906,44.0,-0.015305259633024981,-0.015423594098413991,0.015363901180954775,0.03939121084360662,288.9417419433594,286.4979487101237,1.0085298803856648
2022-12-10,288.1252136230469,289.4926147460937,286.10650634765625,286.10650634765625,439735200,0.21052631578947367,0.001052631578947369,0.3136842105263158,19.0,0.007112401783924582,0.007087227948166072,0.01553190186922078,0.031105411565245662,288.59346662248885,285.9661209106445,1.0091876118173637
2022-12-11,284.3904113769531,290.9364318847656,284.18829345703125,288.1442565917969,496833486,-0.14285714285714285,-0.005,0.3692857142857143,14.0,-0.012962427685971223,-0.01304717308572663,0.015735168710400736,0.029946616244759586,287.46519688197543,285.78511606852214,1.0058788254495747
2022-12-12,276.2781982421875,285.5374450683594,273.5308532714844,284.43438720703125,974762447,0.06521739130434782,0.01978260869565217,0.3302173913043478,46.0,-0.028524917895396462,-0.028939659382305773,0.018217088712300305,0.030032931582200155,285.722900390625,285.58301340738933,1.0004898294949922
2022-12-13,271.9516906738281,280.6873474121094,257.4403686523437,276.28448486328125,1925504273,0.32,0.08199999999999999,0.361,50.0,-0.015659967365816985,-0.015783880002444316,0.01756983243699067,0.02993530930710748,283.09393310546875,285.42875518798826,0.9918199479201675
2022-12-14,268.2315368652344,277.8570861816406,266.146240234375,271.95806884765625,1026628081,0.25,0.06136363636363637,0.27090909090909093,44.0,-0.013679465641034061,-0.0137738916516017,0.016957771661166184,0.0299926175079359,280.80066353934154,285.08385874430337,0.9849756656731538
2022-12-15,258.2737121582031,268.1503601074219,257.0812072753906,268.1503601074219,709349174,0.19047619047619047,0.05261904761904762,0.310952380952381,42.0,-0.037123989309408745,-0.03783062865036944,0.01406191420022758,0.030719641611574634,276.1915980747768,284.4638483683268,0.9709198538197408
2022-12-16,231.23243713378903,264.2475891113281,227.34523010253903,258.2687683105469,1264053277,0.1836734693877551,0.022448979591836737,0.34469387755102043,49.0,-0.10470006722112779,-0.11059649642426768,0.03804667125008271,0.036470569215462184,268.35474286760603,283.1022094726562,0.9479076244847372
2022-12-17,242.5292816162109,243.5819549560547,221.0031890869141,231.2207489013672,1196953526,0.2857142857142857,0.06357142857142857,0.19357142857142856,14.0,0.048854929794670765,0.04769902604198684,0.0468060259480446,0.03767442240431123,261.8410382952009,282.25614166259766,0.9276717124837607
2022-12-18,251.1563873291016,253.33969116210935,240.0365295410156,242.51690673828125,925487110,0.23076923076923078,0.057692307692307696,0.3469230769230769,13.0,0.03557139845300239,0.034953350179555656,0.05200930228895905,0.03804289972449159,257.09332057407926,281.4973551432292,0.9133063450747775
2022-12-19,240.6578063964844,252.9330139160156,238.6507873535156,251.24267578125,751196285,-0.09302325581395349,0.019069767441860466,0.3113953488372093,43.0,-0.04180097127635629,-0.042699768180421246,0.05275722975262092,0.038730780729286395,252.00469316755022,280.4393595377604,0.8986067204793285
2022-12-20,251.7445373535156,252.628662109375,239.8014373779297,240.6682281494141,667866377,0.1875,0.03625,0.355625,48.0,0.04606844516302866,0.04503879864824427,0.058237360917295034,0.039408758650593616,249.11795697893416,280.02300618489585,0.8896338924896926
2022-12-21,246.04698181152344,251.6943206787109,245.7572479248047,251.6943206787109,479296549,0.2,0.0656,0.30579999999999996,50.0,-0.02263229066214567,-0.022892331997070584,0.058410687151643666,0.03899458771465511,245.948734828404,279.75229695638023,0.879166096236747
2022-12-22,245.890625,248.0320281982422,240.4832000732422,246.06832885742188,543367184,0.16279069767441862,0.03465116279069767,0.27581395348837207,43.0,-0.0006354754298234511,-0.0006356774299163363,0.05738739613773167,0.037937010969429905,244.17972237723214,279.0711730957031,0.8749729313442722
2022-12-23,246.14817810058597,248.27471923828125,244.45294189453125,245.8941345214844,388929772,0.15789473684210525,0.08263157894736842,0.30736842105263157,38.0,0.001047429525163679,0.0010468813536059103,0.03491904207115494,0.031197440949398806,246.310542515346,277.34786427815754,0.8880924436047446
2022-12-24,244.63552856445312,246.1817169189453,243.9530487060547,246.15164184570312,280627376,0.3333333333333333,0.08666666666666667,0.5533333333333333,15.0,-0.00614528024462857,-0.006164240195320731,0.03062236518399779,0.031069134239675715,246.61143493652344,275.48812103271484,0.8951799228658494
2022-12-25,243.14149475097656,245.73098754882807,241.70050048828125,244.6363983154297,298063868,-0.125,-0.06937499999999999,0.443125,16.0,-0.006107182477719797,-0.006125907594023067,0.02677866916954523,0.031038644893079188,245.46645028250558,273.5735809326172,0.8972593385871037
2022-12-26,244.1982879638672,244.595947265625,242.22442626953125,243.1479339599609,276115280,0.15151515151515152,0.06515151515151515,0.3333333333333333,33.0,0.004346412421182944,0.004336994051599248,0.02088825882162414,0.030079502547643588,245.97223336356026,271.333908589681,0.9065296506509497
2022-12-27,246.5966796875,247.6796875,242.5621795654297,244.20265197753903,391342277,0.10526315789473684,0.04842105263157895,0.27052631578947367,38.0,0.009821492786172614,0.009773575417175667,0.010443779020728856,0.030239869114208465,245.23682512555803,269.30615488688153,0.9106246577563981
2022-12-28,244.1419219970703,246.8400421142578,242.1092834472656,246.60711669921875,414698978,0.17073170731707318,0.04365853658536586,0.39195121951219514,41.0,-0.00995454477951807,-0.010004422543410434,0.006865548064314412,0.029341677827973672,244.9646737234933,267.65997721354165,0.915208453178856
2022-12-29,246.47972106933597,246.6009979248047,243.5799102783203,244.17141723632807,345312528,0.02564102564102564,0.012564102564102564,0.2853846153846154,39.0,0.00957557412976251,0.009530018900575065,0.007969155023797801,0.029389013019074053,245.04883030482702,266.0260289510091,0.9211460670638165
2022-12-30,245.7792205810547,246.4972381591797,243.12747192382807,246.4580078125,342300809,0.175,0.034499999999999996,0.33999999999999997,40.0,-0.0028420207765661454,-0.0028460669857053884,0.00804720731356031,0.02905218957397276,244.9961220877511,264.1921915690104,0.9273405115902337
2022-12-31,246.3491973876953,247.5836181640625,245.10824584960935,245.78868103027344,307551853,0.23076923076923078,0.03769230769230769,0.37846153846153846,13.0,0.002319060192693012,0.002316375322719869,0.00762969279848507,0.028768437952898115,245.24093191964286,262.66995798746746,0.9336466712776641
2023-01-01,244.1369781494141,246.48580932617188,243.5752868652344,246.33290100097656,278651737,0.16666666666666666,0.008333333333333333,0.4816666666666667,6.0,-0.00898001398721715,-0.009020577335043715,0.008141392138988068,0.02870077191504721,245.38314383370536,261.0236073811849,0.9400802720321039
2023-01-02,245.5359039306641,247.71527099609372,241.69248962402344,244.1522216796875,357733262,0.3448275862068966,0.0696551724137931,0.32724137931034486,29.0,0.005730085593153467,0.005713731098064023,0.008262897269459763,0.028770421657026972,245.57423182896204,259.52269948323567,0.9462533809872972
2023-01-03,246.13336181640625,246.8314514160156,244.78404235839844,245.55213928222656,377452410,0.34146341463414637,0.07951219512195122,0.2990243902439024,41.0,0.0024332811461693638,0.002430325511224114,0.007346135015177921,0.0287292148261375,245.50804356166296,257.984201558431,0.9516398371628881
2023-01-04,259.11968994140625,260.5160522460937,245.70497131347656,246.14089965820312,632924961,0.15384615384615385,0.07884615384615384,0.30173076923076925,52.0,0.052761348681722664,0.05141656803667855,0.019838673684039392,0.030517111531071953,247.64772469656808,257.0057154337565,0.9635883944394207
2023-01-05,256.4228515625,259.07647705078125,255.5965576171875,259.07647705078125,342934041,0.13953488372093023,0.056511627906976745,0.37953488372093025,43.0,-0.010407693755407288,-0.010462232545446846,0.02106764976401741,0.030481122230692454,249.06817190987724,255.87466176350912,0.9733991251547887
2023-01-06,259.8671569824219,260.22174072265625,255.0677032470703,256.4501953125,417893264,0.21153846153846154,0.052884615384615384,0.3126923076923077,52.0,0.013432131336712727,0.013342720027047375,0.020867195633279274,0.030468474754693387,251.0807342529297,255.06075286865234,0.98439580150627
2023-01-07,261.2828369140625,262.9636535644531,259.5932922363281,259.8548889160156,327712514,0.5333333333333333,0.14400000000000002,0.38999999999999996,15.0,0.005447706236061167,0.005432921156650504,0.020759624839910694,0.030155391610108474,253.214111328125,254.08560841878256,0.9965700651206456
2023-01-08,274.38507080078125,274.38507080078125,260.51690673828125,261.2529296875,491734030,0.625,0.14125000000000001,0.31875,8.0,0.05014578853117757,0.04892900075135684,0.023959250921129126,0.03153788485669637,257.5352674211775,253.69542999267577,1.0151356192289809
2023-01-09,272.7015380859375,283.0254211425781,271.8993835449219,274.44244384765625,783671054,0.43478260869565216,0.10434782608695654,0.3282608695652174,46.0,-0.0061356571256971915,-0.00615455762084391,0.02525026665481139,0.031507762286603604,261.4160723005022,253.18130747477213,1.0325251690492618
2023-01-10,277.2896423339844,278.2676696777344,271.1498413085937,272.6551818847656,470259383,0.16666666666666666,0.07133333333333333,0.32116666666666666,60.0,0.01682463648811905,0.016684670033213254,0.024635801638756574,0.03161032554501865,265.8669695172991,252.94461517333986,1.0510876831084295
2023-01-11,285.0465087890625,285.1723937988281,274.5263977050781,277.29351806640625,466458216,0.17543859649122806,0.0656140350877193,0.39421052631578946,57.0,0.027973877386070045,0.027589755607061114,0.02036894668745744,0.03156254355361421,269.57080078125,253.236892191569,1.0645005095755349
2023-01-12,287.8123474121094,287.9513854980469,279.74102783203125,286.9006652832031,655903255,0.3392857142857143,0.08892857142857144,0.3173214285714286,56.0,0.009703113484170522,0.009656340596891601,0.0176407205340631,0.031436405824580474,274.05501447405135,253.7655807495117,1.0799534502063424
2023-01-13,293.7330017089844,295.2747802734375,285.19122314453125,287.8114929199219,561853825,0.14814814814814814,0.05907407407407407,0.4042592592592592,54.0,0.020571231047281646,0.020362500976168735,0.0176310304674114,0.0314676896358434,278.8929922921317,254.61562957763672,1.0953490669632768
2023-01-14,305.2411193847656,314.0033569335937,293.6006164550781,293.7196655273437,1087358891,0.0,0.037083333333333336,0.36874999999999997,24.0,0.03917883795428234,0.03843082238157542,0.018266758293392388,0.031131766477535367,285.17274693080356,256.1812098185221,1.113168085718773
2023-01-15,302.0706481933594,305.76385498046875,292.9245910644531,305.3287353515625,562889882,0.15789473684210525,0.07421052631578948,0.35526315789473684,19.0,-0.010386776191217417,-0.010441095211427689,0.017565001773828318,0.022386779739103135,289.1278294154576,258.5424835205078,1.1182991107630624
2023-01-16,298.9992370605469,307.5973815917969,294.18194580078125,302.0799865722656,602126315,0.46808510638297873,0.15574468085106383,0.3521276595744681,47.0,-0.010167856927451147,-0.010219902681114255,0.018380416847807467,0.021401879170773328,292.8846435546875,260.42481536865233,1.12464184006461
2023-01-17,299.82452392578125,304.78814697265625,296.97479248046875,299.0591125488281,529752305,0.1702127659574468,0.03319148936170213,0.3148936170212766,47.0,0.0027601637828502668,0.00275636152575746,0.0186856018539434,0.020747890357472806,296.1039123535156,262.0470865885417,1.1299645273997987
2023-01-18,286.9910583496094,304.8897705078125,282.63104248046875,299.8314514160156,844268123,0.15,0.0655,0.35866666666666663,60.0,-0.04280325507778904,-0.04374632357821936,0.02618206290429517,0.020833134769508245,296.3817051478795,263.5915283203125,1.1243976884861067
2023-01-19,294.8522033691406,295.1185302734375,286.8704528808594,286.885498046875,431382130,0.12903225806451613,0.06483870967741935,0.3041935483870968,62.0,0.02739160259813711,0.027023165568276927,0.02790814571451838,0.019904061696362423,297.3873988560268,265.02845052083336,1.1220961307044646
2023-01-20,304.9731750488281,305.0209350585937,287.2264404296875,294.84552001953125,669836014,0.37254901960784315,0.08019607843137255,0.37215686274509807,51.0,0.03432557587849039,0.03374959681366677,0.029663555127259142,0.019826974585301076,298.9931379045759,266.9926569620768,1.1198552848104897
2023-01-21,299.2611694335937,309.6165771484375,299.0642395019531,305.0204772949219,755028964,0.13333333333333333,0.10200000000000001,0.4046666666666667,15.0,-0.018729534537979986,-0.018907153581209254,0.026788198832644473,0.020348374666902206,298.1388593401228,268.7716751098633,1.1092644312993747
2023-01-22,303.04644775390625,310.6024169921875,299.10357666015625,299.2391052246094,571771274,0.4,0.08933333333333333,0.31533333333333335,15.0,0.012648745333305067,0.012569418179656506,0.027107982543715874,0.020349711121011083,298.27825927734375,270.6682840983073,1.1020066878947976
2023-01-23,305.50408935546875,307.42926025390625,302.3316955566406,303.02032470703125,520678637,0.1111111111111111,0.050555555555555555,0.360925925925926,54.0,0.008109785215361764,0.00807707762261697,0.02678669827817067,0.020199230065754616,299.20752389090404,272.6972361246745,1.0972150951838373
2023-01-24,300.6123352050781,322.7462158203125,299.6996154785156,305.3908996582031,887528741,0.29310344827586204,0.1067241379310345,0.35344827586206895,58.0,-0.016012074210564275,-0.016141652544358648,0.0277588025896294,0.020510974933421213,299.320068359375,274.6129308064779,1.0899707726083316
2023-01-25,307.3076477050781,313.20074462890625,294.71466064453125,300.6381530761719,667706772,0.07407407407407407,0.025185185185185185,0.28185185185185185,54.0,0.022272248061385946,0.02202784384225572,0.020524144784140046,0.020683198507839576,302.2224382672991,276.7165761311849,1.092173235491402
2023-01-26,304.8665466308594,309.2630920410156,302.3926696777344,307.0964050292969,540954388,0.22807017543859648,0.04631578947368421,0.28842105263157897,57.0,-0.007943509028976226,-0.007975226775286365,0.01987361524440407,0.020873692548501296,303.65305873325894,278.6589050292969,1.0896944373671973
2023-01-27,308.12310791015625,309.8944702148437,300.3205871582031,304.8744506835937,484897937,0.09433962264150944,0.026792452830188683,0.32339622641509436,53.0,0.010681923993582698,0.010625275297786575,0.015747515890949245,0.02063016756361841,304.1030491420201,280.79161122639977,1.0830204214926653
2023-01-28,306.24432373046875,313.0773620605469,304.09332275390625,308.1571350097656,434715822,0.3333333333333333,0.096,0.3573333333333333,15.0,-0.006097511453880711,-0.006116177191893996,0.01358250837662367,0.02078105349156812,305.1006426130022,282.7837646484375,1.0789185262891932
2023-01-29,317.3362121582031,320.1185607910156,305.1980895996094,306.2362976074219,664644693,0.6923076923076923,0.19230769230769232,0.41307692307692306,13.0,0.036219082504518774,0.035578591079703785,0.018200186163821713,0.02131544072215718,307.1420375279018,285.1689977010091,1.0770526950826917
2023-01-30,307.0688781738281,320.2548217773437,303.58074951171875,317.3753967285156,630938594,0.3877551020408163,0.07591836734693878,0.30612244897959184,49.0,-0.032354750548469924,-0.032889736714303064,0.02346461661484346,0.02259912222286428,307.3655787876674,287.1929870605469,1.0702405442890137
2023-01-31,312.3610534667969,313.8247985839844,305.6813659667969,307.0965576171875,487472184,0.3275862068965517,0.12931034482758622,0.3594827586206897,58.0,0.01723448929257132,0.01708766009855039,0.0228353491781293,0.022449409829233637,309.0439671107701,289.46712290445964,1.0676306311054604
2023-02-01,317.4725952148437,319.2076721191406,306.1482849121094,312.2771301269531,616638893,0.2708333333333333,0.10895833333333334,0.36000000000000004,48.0,0.016364209594363466,0.016231758930033358,0.022232307332345363,0.022491103465908414,310.496102469308,291.86501261393227,1.06383461206438
2023-02-02,323.34979248046875,333.4955444335937,316.7110595703125,317.34619140625,909077028,0.19298245614035087,0.06403508771929825,0.31666666666666665,57.0,0.018512455418861595,0.01834318578899684,0.021965380818872726,0.02252904803387123,313.1365661621094,294.4388936360677,1.0635027264745547
2023-02-03,332.2686767578125,334.545166015625,318.9032287597656,323.2913513183594,861598551,0.40425531914893614,0.1274468085106383,0.34489361702127663,47.0,0.027582774087855588,0.027209222866546763,0.023108895070450122,0.021364389444356605,316.58593314034596,296.8771931966146,1.0663868441072155
2023-02-04,330.6170959472656,333.8709411621094,327.7414245605469,332.24969482421875,440935963,0.09090909090909091,0.02136363636363636,0.33,22.0,-0.00497061843644897,-0.004983013049923784,0.02297440439713456,0.021221508071579704,320.0677577427455,299.3503346761068,1.0692079502401584
2023-02-05,327.8693542480469,337.3205261230469,324.8794860839844,330.5582580566406,662969265,0.3181818181818182,0.05136363636363636,0.3427272727272727,22.0,-0.00831094862576931,-0.008345677110928474,0.02104030763089451,0.021418338558083626,321.57249232700894,301.61707458496096,1.0661614325697826
2023-02-06,324.6271667480469,330.9574279785156,321.9461364746094,327.8618469238281,521894604,0.2978723404255319,0.09021276595744682,0.42851063829787234,47.0,-0.009888656740840607,-0.009937874239001035,0.015186660908248033,0.02165813657594672,324.080819266183,303.7285522460937,1.0670080796473789
2023-02-07,333.2278747558594,333.5267333984375,324.2054748535156,324.5574035644531,521804212,0.2909090909090909,0.0770909090909091,0.3145454545454546,55.0,0.026494110440509644,0.0261492199450576,0.016431211911143603,0.02051514872313524,327.0617937360491,305.6899790445963,1.0699133637231035
2023-02-08,328.0886535644531,334.7283935546875,324.49053955078125,333.2173156738281,515127902,0.2641509433962264,0.08226415094339623,0.32433962264150945,53.0,-0.015422542892522206,-0.015542707403102197,0.01844295555981067,0.02078430431942003,328.57837350027904,307.5362162272135,1.068421721289304
2023-02-09,305.9604187011719,329.0126037597656,303.3585510253906,328.1722106933594,778492045,0.16129032258064516,0.04112903225806451,0.3143548387096774,62.0,-0.06744590104800485,-0.06982811418504417,0.03239951008156284,0.024873601550439873,326.09417724609375,308.4919087727865,1.0570590928732329
2023-02-10,305.9541320800781,309.0569152832031,303.0165710449219,306.0072631835937,492880078,0.16363636363636364,0.06218181818181818,0.3478181818181818,55.0,-2.0547171168172618e-05,-2.0547382264185748e-05,0.028931063676079394,0.024450295380109108,322.33495657784596,309.18882954915364,1.0425181176430645
2023-02-11,310.61602783203125,311.1468811035156,305.4541015625,305.9799194335937,348569462,-0.05555555555555555,0.003888888888888888,0.305,18.0,0.015237237425945072,0.01512231663694294,0.030665147925775547,0.02452679173922159,319.4776611328125,309.94895222981773,1.0307428330841057
2023-02-12,312.9296569824219,320.23486328125,306.5174865722656,310.6056213378906,520994815,0.3157894736842105,0.07052631578947369,0.37,19.0,0.007448518244659752,0.007420915016660579,0.03128664861671732,0.024315443484332934,317.34341866629467,310.5888407389323,1.0217476516905513
2023-02-13,294.475341796875,315.123046875,283.6963806152344,312.9018249511719,1322505522,0.09433962264150944,0.0560377358490566,0.310377358490566,53.0,-0.05897272685338195,-0.060783156664138076,0.03746583686095288,0.025900515247773592,313.03601510184154,310.2299814860026,1.0090450110669447
2023-02-14,296.120361328125,301.1332702636719,290.1734924316406,294.47039794921875,662196432,0.24074074074074073,0.09833333333333333,0.3874074074074074,54.0,0.005586272593189445,0.0055707272392988266,0.03448607433156783,0.02586840932543302,307.7349417550223,310.03163859049477,0.9925920565852118
2023-02-15,317.1692199707031,317.3873291015625,294.3832702636719,296.1449279785156,667519216,0.3898305084745763,0.09847457627118643,0.33203389830508473,59.0,0.07108210508785073,0.06866945060738404,0.04732364707812305,0.028716385240285594,306.1750226702009,310.6373046875,0.9856350736052513
2023-02-16,304.7637023925781,326.6348876953125,304.50274658203125,317.150390625,1036335164,0.2549019607843137,0.10529411764705883,0.3523529411764706,51.0,-0.03911324553899298,-0.03989871830739182,0.04146200484205711,0.029714570396251867,306.00406319754467,310.80194396972655,0.9845628997331843
2023-02-17,313.37799072265625,316.4135437011719,303.5519104003906,304.74273681640625,701575686,0.2708333333333333,0.08166666666666667,0.38187499999999996,48.0,0.028265466859900945,0.0278733699407732,0.04283999645330369,0.02889929309225442,307.06461443219865,311.68150838216144,0.9851871419195588
2023-02-18,316.6827087402344,318.6784973144531,313.300537109375,313.3858642578125,467884011,-0.19047619047619047,0.0066666666666666645,0.27999999999999997,21.0,0.01054546941844059,0.010490253799666992,0.04266461668506495,0.028579915627509552,307.9312831333705,312.40919189453126,0.9856665268585553
2023-02-19,311.93585205078125,318.42645263671875,311.3098449707031,316.6196594238281,522437732,0.2,0.053000000000000005,0.3905,20.0,-0.014989314409795673,-0.015102789553962463,0.04310190506530871,0.028118999165711405,307.78931100027904,312.6412811279297,0.9844807118556258
2023-02-20,315.37744140625,319.30078125,309.4282531738281,312.0279235839844,676396150,0.24,0.07100000000000001,0.34759999999999996,50.0,0.011033003525700691,0.010972583942411176,0.033916830890995675,0.02792715647438687,310.7753252301897,313.1784901936849,0.9923265325086376
2023-02-21,311.4720153808594,316.9972839355469,309.95526123046875,315.3993530273437,579359973,0.19672131147540983,0.06557377049180328,0.3426229508196721,61.0,-0.01238333981015427,-0.012460652283364683,0.03495993358348769,0.02796659196267143,312.96841866629467,313.45934244791664,0.9984338518106107
2023-02-22,312.7811279296875,312.80938720703125,304.2212219238281,311.4826354980469,549179249,0.21052631578947367,0.059298245614035086,0.36087719298245613,57.0,0.004202986092433969,0.00419417821734703,0.022257961025951456,0.02794127210666694,312.34154837472096,313.7019104003906,0.9956635201107531
2023-02-23,308.533935546875,314.8948974609375,306.1802062988281,312.8053283691406,472852406,0.11320754716981132,0.028490566037735844,0.3313207547169811,53.0,-0.013578800009210412,-0.013671835077080854,0.016194877872354744,0.02789327731676775,312.8801531110491,313.96596374511716,0.996541629477552
2023-02-24,302.0537109375,311.7994384765625,300.0581359863281,308.459716796875,479926281,0.3125,0.095625,0.40229166666666666,48.0,-0.021003279907893524,-0.021226986720664275,0.013387695001305839,0.027879674052756116,311.2623988560268,313.79083251953125,0.9919422959453504
2023-02-25,302.3846130371094,303.0292358398437,297.22412109375,302.1002502441406,310503640,0.5652173913043478,0.14913043478260868,0.3595652173913043,23.0,0.0010955074797205366,0.001094907849294596,0.01193821499659195,0.02784581328077277,309.21981375558033,313.7081013997396,0.9856927901315494
2023-02-26,308.9970703125,309.5875549316406,300.9662475585937,302.3690185546875,312320211,0.1111111111111111,0.03944444444444444,0.18722222222222223,18.0,0.02186770420947015,0.02163203546646633,0.015204737721610132,0.028065992805576458,308.79998779296875,313.7372334798177,0.984263118431665
2023-02-27,304.8558044433594,309.325439453125,300.93609619140625,308.9851989746094,404806423,0.2830188679245283,0.08603773584905659,0.30415094339622645,53.0,-0.013402281985885556,-0.013492903164989196,0.0147031148213113,0.028154456053248927,307.2968967982701,313.6909495035807,0.9796167128333498
2023-02-28,301.4748229980469,305.6327209472656,300.5692749023437,304.85498046875,337673265,0.08196721311475409,0.016229508196721313,0.30327868852459017,61.0,-0.011090428314087353,-0.01115238562884317,0.014598150761237012,0.027391867543063365,305.8687264578683,313.1622365315755,0.9767101226684086
2023-03-01,302.907470703125,306.1851501464844,301.0980224609375,301.5103454589844,377974810,0.14814814814814814,0.06592592592592593,0.37833333333333335,54.0,0.004752130512362562,0.004740874785196582,0.014654770434135845,0.02676931567324686,304.4582039969308,313.0235229492188,0.9726368201610284
2023-03-02,299.9461669921875,303.5541687011719,296.5191650390625,302.9161071777344,370516889,0.1724137931034483,0.05758620689655172,0.3313793103448276,58.0,-0.00977626502266038,-0.009824366459902376,0.014325495261491164,0.026611638169009348,303.2313799176897,312.6096934000651,0.969999927448272
2023-03-03,290.2828369140625,300.087646484375,287.979248046875,299.9775695800781,450262903,0.07317073170731707,0.02048780487804878,0.35512195121951223,41.0,-0.03221688136583756,-0.03274726780650057,0.017035465418836857,0.02699535043755635,301.5498264857701,311.7033681233724,0.9674256274523684
2023-03-04,289.5038757324219,291.3275451660156,286.6190795898437,290.2898864746094,289197235,0.4666666666666667,0.12333333333333334,0.5286666666666666,15.0,-0.002683455866428819,-0.002687062788244383,0.016843738861173296,0.026693789969923793,299.70972115652904,310.5751708984375,0.9650150728067647
2023-03-05,288.69970703125,292.4590759277344,287.8759155273437,289.5206298828125,287599378,0.26666666666666666,0.012,0.3253333333333333,15.0,-0.002777747617842441,-0.0027816127179309713,0.011925263858240677,0.026050708972171457,296.81009783063615,309.1228719075521,0.9601686733791789
2023-03-06,288.0549621582031,289.7183837890625,283.9531555175781,288.7044982910156,374160712,0.02040816326530612,0.037551020408163265,0.3248979591836735,49.0,-0.0022332716568260746,-0.0022357691270184286,0.012087463805941634,0.026054454443846346,294.4099775041853,307.7041341145833,0.9567956516130279
2023-03-07,289.3436889648437,290.2167358398437,284.37408447265625,287.9955444335937,373176525,0.10909090909090909,0.027454545454545454,0.38072727272727275,55.0,0.004473892055130824,0.004463913949645818,0.012847060554819696,0.026095775593316262,292.6769583565848,306.4199452718099,0.9551498290914634
2023-03-08,286.86700439453125,293.6416320800781,285.5854797363281,289.32745361328125,436665040,0.2,0.0392,0.369,50.0,-0.008559663351127678,-0.008596507670108791,0.01197068651613726,0.026086693853427396,290.38546316964283,305.16127319335936,0.9515803238428812
2023-03-09,277.2961120605469,291.3664855957031,272.7283630371094,286.9457702636719,505668979,0.14285714285714285,0.07979591836734694,0.32877551020408163,49.0,-0.033363517544253485,-0.033932777208972704,0.01558254955218884,0.025988701273928407,287.14974103655135,303.2968811035156,0.9467612722946095
2023-03-10,277.4195861816406,278.1007385253906,265.7124328613281,277.3235168457031,558776711,0.32608695652173914,0.06565217391304348,0.3291304347826087,46.0,0.00044527894811152713,0.0004451798408598686,0.012727527304956847,0.025952814525127908,285.3121337890625,301.6079121907552,0.945970321921176
2023-03-11,277.96142578125,281.64410400390625,272.2830810546875,277.4346618652344,523623578,0.3448275862068966,0.06206896551724138,0.34310344827586203,29.0,0.001953141114032997,0.0019512362138832467,0.013073630017020598,0.022963054058102905,283.66321236746654,300.6746124267578,0.9434225592842991
2023-03-12,289.67578125,289.7134094238281,276.6386108398437,277.94403076171875,483074620,0.3333333333333333,0.08600000000000001,0.5093333333333334,15.0,0.042143817027219255,0.04127995398693948,0.022198615421050498,0.024355966570112894,283.80265154157365,300.1320007324219,0.9455927753421854
2023-03-13,308.9122009277344,313.75372314453125,287.5561828613281,289.7408142089844,1122664621,0.12727272727272726,0.06418181818181817,0.31872727272727275,55.0,0.0664067240786439,0.06429479526256159,0.03263179301577691,0.027042077928067502,286.7822570800781,300.07520650227866,0.9557012737668495
2023-03-14,309.37078857421875,319.8389587402344,304.0131225585937,308.93798828125,866173920,0.21818181818181817,0.03545454545454546,0.3350909090909091,55.0,0.0014845242276191328,0.001483423410852708,0.03273514434508222,0.027006208465805776,289.64327130998885,299.9565775553385,0.9656173359177397
2023-03-15,307.1249389648437,313.9241638183594,301.69415283203125,309.4461364746094,596861029,0.18,0.04100000000000001,0.3386,50.0,-0.007259410688789991,-0.007285888430251587,0.032617520503892966,0.02453330610059161,292.5372619628906,300.37823079427085,0.9738963479122743
2023-03-16,329.8608703613281,333.0071716308594,304.4295349121094,307.21343994140625,1337194824,0.20833333333333334,0.06145833333333334,0.33749999999999997,48.0,0.07402828136690975,0.07141632848383617,0.03339885236868289,0.027664691431002482,300.04651314871654,301.50291442871094,0.9951695283518105
2023-03-17,339.0811462402344,340.2700500488281,327.1355895996094,329.8863220214844,934568148,0.35185185185185186,0.09888888888888889,0.33314814814814814,54.0,0.02795201464425401,0.027568487581884127,0.03162917180699773,0.025242687131608054,308.85530744280135,302.2333119710286,1.02191021045492
2023-03-18,331.5242919921875,346.44512939453125,330.7912292480469,339.0407409667969,828471428,0.2777777777777778,0.14222222222222222,0.3827777777777778,18.0,-0.0222862707992999,-0.022538362224110854,0.03611389892905736,0.024429569601997245,316.5071454729353,303.125331624349,1.0441461417192603
2023-03-19,336.9782409667969,341.81658935546875,331.5301818847656,331.5301818847656,705888292,0.4666666666666667,0.12200000000000001,0.28800000000000003,15.0,0.016451129242553097,0.016317275451462533,0.03548546163275419,0.024109684911535614,323.264639718192,303.91200663248696,1.0636784090899958
2023-03-20,332.9230041503906,339.79803466796875,332.8540954589844,337.0009460449219,682276624,0.3076923076923077,0.10230769230769231,0.33442307692307693,52.0,-0.012034120674295434,-0.0121071169260601,0.03171740498388821,0.024201688095040516,326.6947544642857,304.45334981282554,1.073053571803805
2023-03-21,335.3092346191406,339.5476989746094,328.9939880371094,333.01580810546875,638610697,0.25,0.058653846153846154,0.3063461538461538,52.0,0.007167514527389285,0.007141949978636775,0.03151501522698744,0.024010186865642495,330.4002467564174,305.2324625651042,1.0824544806925478
2023-03-22,321.8877258300781,339.685791015625,317.6002502441406,335.29412841796875,1280612242,0.4126984126984127,0.12269841269841271,0.3944444444444445,63.0,-0.04002725664357931,-0.04085038726038694,0.036936911806843276,0.025207177698830466,332.50921630859375,305.44947204589846,1.088589919902134
2023-03-23,329.8370056152344,331.968505859375,319.8922119140625,321.863525390625,547390925,0.2777777777777778,0.09296296296296297,0.3888888888888889,54.0,0.024695815177968594,0.024395802866692462,0.025806171988658817,0.02544165386667841,332.5058070591518,306.0616383870443,1.0864014477981272
2023-03-24,322.3593444824219,330.1739807128906,317.7767944335937,329.8080749511719,468651735,0.37777777777777777,0.08555555555555555,0.342,45.0,-0.02267077679432805,-0.022931710103769994,0.02379154155429356,0.025836622677681033,330.11697823660717,306.3809122721354,1.077472404492969
2023-03-25,322.6730651855469,325.0028381347656,319.9109191894531,322.3198547363281,439062620,0.21052631578947367,0.03,0.2805263157894737,19.0,0.0009732018273851395,0.000972728573509529,0.02291267690275355,0.02568766706404752,328.8525172642299,306.8522165934245,1.0716967304816818
2023-03-26,328.88800048828125,329.5675354003906,322.0966491699219,322.6365051269531,363216136,0.5833333333333334,0.12833333333333333,0.3666666666666667,12.0,0.019260781184697207,0.019077640227824957,0.023337743578060264,0.025511766147515214,327.696768624442,307.74669291178384,1.0648262878924806
2023-03-27,310.9491271972656,329.3305053710937,306.4544372558594,328.90447998046875,656817420,0.17307692307692307,0.09346153846153847,0.36096153846153844,52.0,-0.05454401882824189,-0.05608794810514471,0.030782788574864196,0.02768964951384405,324.5576433454241,308.0321767171224,1.053648507777412
2023-03-28,313.2606201171875,314.98614501953125,307.37127685546875,310.9465637207031,478328374,0.3448275862068966,0.07568965517241379,0.28051724137931033,58.0,0.007433669104513818,0.007406175554234999,0.03080711296834978,0.027443630497528577,321.40784127371654,308.17429504394534,1.0429417587468939
2023-03-29,313.8417663574219,319.5325012207031,312.7904052734375,313.2275390625,482942200,0.1,0.03183333333333334,0.2985,60.0,0.0018551525564145521,0.001853433886179469,0.027684303289637828,0.027317380554541533,320.25841849190846,308.4738271077474,1.0382028890251516
2023-03-30,316.56756591796875,317.79571533203125,311.0036315917969,313.86260986328125,594180917,0.12244897959183673,0.04387755102040816,0.3283673469387755,49.0,0.008685267076411263,0.008647767119315648,0.025589143754716333,0.027253555765696654,318.362784249442,308.97691853841144,1.0303772390359434
2023-03-31,317.0400085449219,319.6335754394531,313.7864990234375,316.6324157714844,419430009,0.2619047619047619,0.07714285714285715,0.3742857142857143,42.0,0.0014923911285198432,0.0014912786196076746,0.02451701578998647,0.02724721540308684,317.6028791155134,309.448003133138,1.0263529765899535
2023-04-01,315.2173156738281,318.4306335449219,313.5613098144531,317.0597839355469,463135728,0.05263157894736842,0.09263157894736844,0.32263157894736844,19.0,-0.005749094189907211,-0.005765683846129682,0.02449585142418659,0.02719897877810496,316.5377720424107,309.95704142252606,1.021231105412811
2023-04-02,313.9286193847656,316.1884155273437,311.5365600585937,314.94207763671875,442429679,0.5714285714285714,0.09857142857142856,0.3764285714285714,14.0,-0.004088278863449202,-0.004096658722747818,0.022441029516898872,0.026441826105493046,314.40071759905135,310.7452341715495,1.0117636025448544
2023-04-03,308.5623779296875,314.0332336425781,300.5087585449219,313.9376525878906,701865645,0.21739130434782608,0.058478260869565216,0.30195652173913046,46.0,-0.01709382682469296,-0.01724161285616893,0.008889241754448598,0.026674869325765304,314.05975341796875,311.380517578125,1.0086043785291465
2023-04-04,310.9948425292969,312.0874938964844,308.4649658203125,308.58984375,575672802,0.3728813559322034,0.08322033898305085,0.298135593220339,59.0,0.00788321834933381,0.00785230812532089,0.008961703280828102,0.026678071220754683,313.73607090541293,312.1236887613932,1.0051658435488129
2023-04-05,314.06317138671875,316.3108215332031,310.514404296875,311.0009155273437,592856922,0.2857142857142857,0.04142857142857143,0.3812244897959184,49.0,0.00986617280359825,0.009817819899324225,0.009851260560372357,0.026695366914477162,313.7677001953125,312.9906290690104,1.002482729686232
2023-04-06,312.45465087890625,314.5912170410156,311.0617370605469,314.0839538574219,530706217,0.4107142857142857,0.08803571428571429,0.30375,56.0,-0.005121646389515289,-0.00513480697552818,0.00921508173671255,0.026733241872792527,313.18014090401783,313.76099446614586,0.9981487387776918
2023-04-07,310.6994934082031,312.8652648925781,309.9834289550781,312.4539489746094,478098163,0.10810810810810811,0.055945945945945944,0.2664864864864865,37.0,-0.005617319075795546,-0.005633155546111441,0.009175548956356982,0.026696040718918197,312.27435302734375,314.55541076660154,0.9927483118675383
2023-04-08,310.6347351074219,312.6832580566406,310.3880310058594,310.6653137207031,461767801,0.16666666666666666,0.03388888888888889,0.30666666666666664,18.0,-0.00020842744244897737,-0.0002084491664670004,0.009125136720461363,0.02579691771780115,311.6196986607143,315.6666982014974,0.9871795169910517
2023-04-09,312.87225341796875,313.6131591796875,309.88458251953125,310.6590576171875,465627007,0.25,0.07083333333333335,0.3066666666666667,12.0,0.007203052516883135,0.00717723443928066,0.009689799807438637,0.025796149328347017,311.46878923688615,316.84845377604165,0.9830213325170335
2023-04-10,318.3790588378906,318.3790588378906,311.8117980957031,312.8681335449219,565754261,0.21052631578947367,0.08631578947368422,0.35157894736842105,38.0,0.017600811065100475,0.017447710640647974,0.008485311976068624,0.025908435911407825,312.8711722237723,318.195708211263,0.9832664745309653
2023-04-11,322.7582702636719,332.8777770996094,318.14306640625,318.4115295410156,896643000,0.22641509433962265,0.043018867924528296,0.39773584905660375,53.0,0.013754709376193608,0.013660971937256216,0.009130255780388521,0.02503328537209462,314.5516619001116,319.2984578450521,0.9851336709329049
2023-04-12,318.9537658691406,323.48980712890625,317.3410339355469,322.7652282714844,639928192,0.2830188679245283,0.07169811320754718,0.35792452830188676,53.0,-0.011787472994644665,-0.011857496061727894,0.010856569254437757,0.02238825418174463,315.2503182547433,319.6331766764323,0.9862878488795742
2023-04-13,324.9480895996094,325.2355041503906,318.1626281738281,320.0234680175781,684442464,0.3617021276595745,0.10574468085106382,0.3731914893617021,47.0,0.018793707339163745,0.018619287562240492,0.011846399324745344,0.022616692963157832,317.03509521484375,320.1524200439453,0.9902629977662712
2023-04-14,329.1738586425781,335.52276611328125,324.037109375,324.9757080078125,941862415,0.3508771929824561,0.09228070175438596,0.3392982456140351,57.0,0.013004443411794187,0.012920611645666713,0.01095613076646115,0.02264265198436206,319.6742902483259,320.88738403320315,0.9962195653514639
2023-04-15,333.40728759765625,335.97052001953125,327.572021484375,329.1726989746094,730957108,0.1111111111111111,-0.005,0.27555555555555555,18.0,0.012860768994644944,0.012778771589862157,0.01036864806094188,0.018650526720883923,322.9275120326451,321.00559794108074,1.0059871669026692
2023-04-16,348.2209167480469,349.9566345214844,331.2898254394531,333.39019775390625,936315454,0.23076923076923078,0.1546153846153846,0.3738461538461539,13.0,0.04443102985879288,0.043472268105037556,0.01613247568092406,0.019649927301464195,327.9773210797991,321.3102569580078,1.0207496149824518
2023-04-17,339.9941101074219,350.0722961425781,338.2606201171875,348.1757507324219,856381072,0.20408163265306123,0.053877551020408164,0.3461224489795919,49.0,-0.02362525122687409,-0.023908802357430547,0.021791577068242158,0.01970777033246518,331.065185546875,321.59258422851565,1.0294552852985825
2023-04-18,343.1934509277344,346.4930419921875,337.8593139648437,340.0447692871094,741280408,0.3333333333333333,0.06924242424242424,0.3245454545454546,66.0,0.009409988953342996,0.009365990806646633,0.021711389584300776,0.019559844974093073,333.9844970703125,321.7997578938802,1.0378643515960955
2023-04-19,322.70751953125,343.5299072265625,321.0520324707031,343.16961669921875,826810466,0.07547169811320754,0.04207547169811321,0.28962264150943395,53.0,-0.05969208136433246,-0.06154788434174674,0.034143553140685214,0.0225261205037485,334.52074759347096,321.45924173990886,1.0406319189420912
2023-04-20,317.8899230957031,326.5525207519531,315.9021911621094,322.5877380371094,663981561,0.4807692307692308,0.1346153846153846,0.36961538461538457,52.0,-0.014928677343945096,-0.015041231643564912,0.033726639428929464,0.022612245766242125,333.51243809291293,320.87859802246095,1.039372647936986
2023-04-21,321.67498779296875,331.41717529296875,316.116943359375,317.9211120605469,1057530805,0.0,0.02485714285714286,0.31885714285714284,35.0,0.011906840771816807,0.011836512054687975,0.03364299858618835,0.021491215100457966,332.441170828683,320.8715067545573,1.0360570004832983
2023-04-22,331.9950866699219,332.9909973144531,320.3104553222656,321.65673828125,670641138,0.4666666666666667,0.062000000000000006,0.358,15.0,0.03208237901168487,0.0315784884972809,0.035819690819147224,0.021810263389831004,332.2394278390067,320.9434427897135,1.03519618581737
2023-04-23,330.61883544921875,332.220703125,327.779541015625,332.0133361816406,639990072,0.07692307692307693,0.0038461538461538455,0.2907692307692308,13.0,-0.004145396350613506,-0.00415401232539606,0.03012175980183681,0.021388375174519282,329.724844796317,321.21875915527346,1.0264806627838687
2023-04-24,331.2458801269531,333.4481201171875,328.1448669433594,330.6213073730469,662758378,0.16279069767441862,0.07046511627906978,0.29511627906976745,43.0,0.0018965788107092596,0.001894782575891987,0.029334791770865478,0.02138923004381852,328.47509765625,321.5045196533203,1.0216811197878217
2023-04-25,338.3255615234375,339.701171875,328.8067932128906,331.20050048828125,682400159,0.125,0.043333333333333335,0.268125,48.0,0.021372888905881737,0.02114769180676335,0.03052485677694255,0.021453223162707258,327.7796848842076,321.81910502115886,1.0185215227127578
2023-04-26,330.82177734375,344.8168334960937,325.43853759765625,338.3247985839844,910334786,0.12244897959183673,0.06714285714285714,0.3140816326530612,49.0,-0.02217918192730961,-0.022428838337410252,0.019350136317421343,0.01912114639367912,328.9388645717076,322.4815266927083,1.0200239001136722
2023-04-27,331.1950988769531,336.4452819824219,329.1021728515625,330.84637451171875,750494420,-0.020833333333333332,0.015833333333333335,0.3104166666666667,48.0,0.0011284672254667782,0.0011278309849333768,0.01765185549203483,0.019095012302189747,330.83960396902904,323.0793426513672,1.0240196765722527
2023-04-28,324.500244140625,331.1993103027344,319.5908508300781,331.1993103027344,1069178743,0.13333333333333333,0.028,0.268,45.0,-0.020214232514399133,-0.02042133582151897,0.01989850727216322,0.019523367519177205,331.2432120186942,323.43462524414065,1.0241427050942964
2023-04-29,322.1347351074219,324.7434387207031,321.87060546875,324.4894714355469,536818146,0.46153846153846156,0.09307692307692307,0.33615384615384614,13.0,-0.007289698778094045,-0.0073163984664865,0.014793543398790618,0.019528484254411567,329.83459036690846,323.6201975504557,1.0192027347597297
2023-04-30,337.6455383300781,337.9449157714844,320.7230529785156,322.10662841796875,865228956,0.21428571428571427,0.020714285714285716,0.45357142857142857,14.0,0.04815004882191265,0.04702675200688097,0.024406395568846367,0.021291687566098054,330.8384050641741,324.3070485432943,1.0201394220391355
2023-05-01,328.7242126464844,339.39166259765625,326.6700439453125,337.605224609375,912601797,0.3409090909090909,0.07954545454545454,0.38181818181818183,44.0,-0.02642216369189032,-0.02677750224736608,0.026902037998314938,0.021896325887853035,330.47816685267856,324.7572784423828,1.0176158897430554
2023-05-02,321.95269775390625,328.75897216796875,321.95269775390625,328.738037109375,686766524,0.04,0.00020000000000000296,0.3362,50.0,-0.02059937975989723,-0.02081450642833053,0.025771984308939892,0.022250866131495052,328.1391863141741,325.0247477213542,1.009582158326879
2023-05-03,326.212890625,327.4369201660156,320.9884948730469,321.9757080078125,822037855,0.06779661016949153,0.008813559322033896,0.30254237288135594,59.0,0.013232356494649267,0.013145573588739494,0.025749802553156932,0.02209037417567896,327.48077392578125,325.61309814453125,1.0057358742381457
2023-05-04,323.9171447753906,327.4441223144531,323.5232238769531,326.2037353515625,467074893,0.2978723404255319,0.08148936170212766,0.2976595744680851,47.0,-0.007037569377503439,-0.007062449869719098,0.025769836597110508,0.022118543347409154,326.4410661969866,326.04384155273436,1.0012183166606077
2023-05-05,326.9403076171875,328.9045715332031,323.9261779785156,323.9261779785156,519090054,0.1,0.011200000000000002,0.3102,50.0,0.009333136237333672,0.009289851633626101,0.024887386083113517,0.0221117882858869,326.7896466936384,326.47307942708335,1.0009696581020113
2023-05-06,322.7740173339844,328.7369079589844,320.5791015625,326.94537353515625,494274153,0.3684210526315789,0.07157894736842106,0.44947368421052625,19.0,-0.012743275105990937,-0.012825167094836304,0.02528076595873038,0.022233675313575448,326.8809727260045,326.8170583089193,1.0001955663434947
2023-05-07,321.6110534667969,325.81414794921875,321.512939453125,322.7579650878906,437921018,0.0,0.02153846153846154,0.23076923076923078,13.0,-0.003603028139604336,-0.0036095346790231027,0.014711719720154228,0.022215658843219816,324.59033203125,327.18077697753904,0.9920825270658646
2023-05-08,313.9712219238281,322.4250183105469,311.8853454589844,321.4257507324219,636404503,0.3137254901960784,0.07686274509803921,0.3007843137254902,51.0,-0.023754878635592336,-0.024041575162717575,0.014121696489656856,0.022687070714215128,322.4827619280134,327.2919932047526,0.9853059916631369
2023-05-09,312.5137023925781,315.7340393066406,311.5994567871094,314.0020751953125,461175016,0.24074074074074073,0.08425925925925926,0.3014814814814815,54.0,-0.0046422074046124084,-0.004653015912602384,0.012646844053551046,0.022667225942457684,321.1343340192522,327.28004150390626,0.9812218690256408
2023-05-10,314.57745361328125,316.6778869628906,308.8152770996094,312.4984436035156,545212280,0.3484848484848485,0.06272727272727274,0.3715151515151515,66.0,0.006603714348853318,0.006582005348201616,0.011315300499567344,0.022464090077562855,319.47212873186385,327.1533213297526,0.976521122980908
2023-05-11,307.6958312988281,314.5896301269531,304.9615173339844,314.5896301269531,484941644,0.3880597014925373,0.07985074626865671,0.35119402985074627,67.0,-0.021875764570568612,-0.02211858692351543,0.013031671378089076,0.022640906668689363,317.15479823521207,326.6512400309245,0.9709278868960871
2023-05-12,308.6031188964844,308.8200988769531,301.5823974609375,307.68902587890625,509746023,0.32142857142857145,0.10196428571428572,0.3267857142857143,56.0,0.0029486509252545368,0.002944312180984118,0.0118491688074571,0.02257068214909252,314.5351998465402,326.30621846516925,0.9639264655329101
2023-05-13,311.0868835449219,311.89794921875,307.83953857421875,308.6343078613281,385073781,0.35,0.05500000000000001,0.2665,20.0,0.008048410713796583,0.008016194997723686,0.013063005326962408,0.022333019676226088,312.8656093052455,325.84417826334635,0.9601694005175333
2023-05-14,312.1358947753906,314.6377258300781,310.005859375,311.0894470214844,404468149,0.625,0.123125,0.358125,16.0,0.0033720844110010084,0.003366411683397288,0.013470409564354522,0.02218863524465972,311.5120152064732,325.2762461344401,0.9576844879036203
2023-05-15,313.5294189453125,316.3658142089844,311.0141296386719,312.13360595703125,432273711,0.35185185185185186,0.08499999999999999,0.34203703703703703,54.0,0.004464479072247229,0.004454542847954549,0.010472392366597303,0.022052032981089043,311.4489004952567,324.6136505126953,0.9594448662382306
2023-05-16,311.3800354003906,314.0379333496094,309.6927490234375,313.5429077148437,402988974,0.3442622950819672,0.06491803278688525,0.4042622950819672,61.0,-0.006855444545370681,-0.006879051055939217,0.01066218644542478,0.020315699849972713,311.28694806780135,323.3856211344401,0.9625874736662796
2023-05-17,314.0835266113281,314.2699890136719,307.6412048339844,311.36981201171875,437721579,0.2222222222222222,0.07841269841269842,0.34031746031746035,63.0,0.008682288212412903,0.008644813900413568,0.010916633595929908,0.02006847097823133,311.2163870675223,322.5219350179037,0.9649464215519054
2023-05-18,309.4566955566406,314.6662902832031,306.6496276855469,314.0912170410156,383049498,0.14285714285714285,0.05946428571428571,0.3008928571428572,56.0,-0.014731212122478188,-0.014840793941391215,0.008580554027266306,0.020055641289857085,311.4679391043527,321.3973765055338,0.969105418628051
2023-05-19,308.9642944335937,311.1976013183594,307.9300537109375,309.44677734375,334636708,0.203125,0.044687500000000005,0.36421875,64.0,-0.0015911794125547107,-0.0015924466829976762,0.008564255333178259,0.016787518714298216,311.51953560965404,320.93926900227865,0.9706494832436422
2023-05-20,310.719970703125,311.8423156738281,308.0879821777344,308.982421875,277393160,0.32142857142857145,0.09821428571428571,0.38321428571428573,28.0,0.005682456844244399,0.005666372589639636,0.008245440102469463,0.016634466701333516,311.4671194893973,320.7002705891927,0.9712094065813159
2023-05-21,306.5067138671875,311.5177001953125,306.478515625,310.7096252441406,302803530,0.1,0.059,0.3875,20.0,-0.01355965896367517,-0.013652430729499647,0.009450432380464334,0.016619808719873116,310.66295078822543,320.1946614583333,0.9702315128344254
2023-05-22,309.2456359863281,310.8353881835937,305.0476379394531,306.5234680175781,355156561,0.078125,0.017343749999999998,0.3646875,64.0,0.008935928628067247,0.008896239482194535,0.010127860265721721,0.015538690284758355,310.0509817940848,319.43634643554685,0.9706189832616441
2023-05-23,313.5062255859375,315.2126770019531,309.2388916015625,309.2491760253906,361568579,0.10344827586206896,0.02017241379310345,0.36551724137931035,58.0,0.013777363699960965,0.013683318635559173,0.011370834130989278,0.015806872159301575,310.35472324916293,318.8659261067708,0.9733078947583821
2023-05-24,305.9327697753906,313.5504150390625,304.16552734375,313.5191345214844,418835791,0.17543859649122806,0.07280701754385965,0.3740350877192983,57.0,-0.02415727405856849,-0.02445384700717483,0.014182641590103877,0.01631982206207257,309.1903294154576,318.02215576171875,0.9722288960493731
2023-05-25,304.733642578125,306.6758728027344,302.9423522949219,305.9226989746094,401117895,0.2972972972972973,0.06986486486486486,0.3068918918918919,74.0,-0.003919577488040948,-0.003927279163345951,0.013335607679508586,0.015688906045369114,308.51560756138394,316.9024251302083,0.9735350161319264
2023-05-26,306.8863220214844,308.41436767578125,301.8935546875,304.7257080078125,475658791,0.1320754716981132,0.05622641509433962,0.27584905660377357,53.0,0.0070641345180897375,0.007039300405595547,0.013792106039929811,0.01538146886229499,308.21875435965404,316.1045766194662,0.9750531221529726
2023-05-27,307.5917663574219,307.59844970703125,304.4021301269531,306.8948974609375,331579600,0.2,0.051500000000000004,0.3445,20.0,0.0022987154699194434,0.0022960774654213196,0.013579251245488795,0.015392454073636565,307.77186802455356,315.3177988688151,0.9760688078144268
2023-05-28,314.2700500488281,314.45098876953125,306.9979858398437,307.5807189941406,405623337,0.3076923076923077,0.05730769230769231,0.4076923076923077,26.0,0.02171151643781677,0.021479178390626595,0.014756867078541189,0.015606397097179356,308.8809160505022,314.97679239908854,0.9806465857304731
2023-05-29,311.80718994140625,316.79559326171875,310.7929382324219,314.2846374511719,543284868,0.37254901960784315,0.08274509803921568,0.3558823529411764,51.0,-0.007836763659277213,-0.007867632471759697,0.015105212674492984,0.015614330181765104,309.2468523297991,314.6325408935547,0.9828826079195105
2023-05-30,311.6845092773437,314.276611328125,311.3135070800781,311.8103332519531,392038878,0.3275862068965517,0.06620689655172414,0.23344827586206898,58.0,-0.00039345040146643306,-0.00039352782338409584,0.014064113369092635,0.012704985457378158,308.98660714285717,313.7671732584635,0.9847639698380162
2023-05-31,306.86669921875,311.8466491699219,305.3764038085937,311.6957092285156,474410245,0.16176470588235295,0.027941176470588237,0.3101470588235294,68.0,-0.015457329174825007,-0.015578039206188218,0.011796926890763995,0.012123327574531705,309.1200256347656,313.03858947753906,0.9874821700119671
2023-06-01,304.9532775878906,307.61376953125,303.6445617675781,306.8828125,354897855,0.24193548387096775,0.07370967741935484,0.32403225806451613,62.0,-0.006235351166257952,-0.0062548721574704775,0.011971896991649134,0.01163804171750577,309.15140206473217,312.47194213867186,0.9893733176450573
2023-06-02,307.4237976074219,308.3961486816406,303.7401428222656,304.95068359375,382256220,0.11864406779661017,0.06610169491525425,0.314406779661017,59.0,0.008101306662687824,0.008068667240680134,0.012077156656656743,0.011448466863693484,309.22818429129467,311.84563903808595,0.9916065693435219
2023-06-03,306.7201232910156,308.1976623535156,305.64898681640625,307.43389892578125,260995871,0.17647058823529413,0.04235294117647059,0.35352941176470587,17.0,-0.002288938988727285,-0.002291562613884208,0.012072092857456907,0.01140846173023467,309.1036638532366,311.27240498860675,0.9930326585312002
2023-06-04,305.15679931640625,307.5839233398437,305.0121154785156,306.71844482421875,273449324,0.1,0.018000000000000002,0.3665,20.0,-0.005096907101612258,-0.005109940638626998,0.007264218836112765,0.011226455952737502,307.80177089146207,310.5462880452474,0.991162292838659
2023-06-05,276.8892517089844,305.1672668457031,272.8895568847656,305.1672668457031,928515688,0.16363636363636364,0.04163636363636364,0.3441818181818182,55.0,-0.09263286176400176,-0.09720812770892491,0.03608494700930269,0.020606879456227144,302.81349400111606,309.0167958577474,0.9799256806109433
2023-06-06,281.4955749511719,285.5967102050781,273.72393798828125,276.9336242675781,691784529,0.1694915254237288,0.0676271186440678,0.34949152542372885,59.0,0.016635977069376473,0.016499115006451435,0.03789737822423015,0.020981051795933976,298.5007890973772,307.6796132405599,0.9701675907398967
2023-06-07,259.3914489746094,281.4814453125,256.095703125,281.4814453125,958739195,0.3220338983050847,0.09983050847457627,0.3635593220338983,59.0,-0.0785238843644227,-0.08177842121458957,0.045660582941869095,0.025087242442158247,291.71861049107144,305.86028747558595,0.9537642591614862
2023-06-08,262.14849853515625,266.8072204589844,257.7645263671875,259.4009094238281,562863852,0.19696969696969696,0.05954545454545455,0.328939393939394,66.0,0.010628914605495643,0.010572824791820905,0.04716925531386193,0.025276380528963607,285.60364205496654,304.1814473470052,0.9389252518387639
2023-06-09,260.7160949707031,263.9214172363281,256.5093994140625,262.1507873535156,491429998,0.21052631578947367,0.04543859649122807,0.37017543859649127,57.0,-0.005464092193764869,-0.0054790749485424586,0.0460124665202501,0.025167377689495438,278.93111310686385,302.3860687255859,0.9224337426734849
2023-06-10,239.08908081054688,260.7160949707031,233.169189453125,260.6986694335937,1068424942,0.4,0.091,0.341,20.0,-0.08295235536795875,-0.08659585100664667,0.05035167117633804,0.029025728466585677,269.26953560965404,300.09917704264325,0.8972684905810041
2023-06-11,235.4387969970703,239.3482666015625,234.43069458007807,239.08741760253903,376213808,0.1111111111111111,0.07055555555555555,0.39444444444444443,18.0,-0.015267463495620803,-0.015385211226547952,0.049456969172896076,0.028971364280238856,259.30982099260603,297.66036631266275,0.8711600546786492
2023-06-12,231.0514373779297,238.4732208251953,222.0713348388672,235.40391540527344,1014433334,0.32142857142857145,0.08785714285714286,0.33749999999999997,56.0,-0.01863482006831363,-0.01881063595200775,0.04185720836632771,0.02884111336328369,252.76156180245536,294.9925181070964,0.8568405850574516
2023-06-13,243.8905334472656,245.64219665527344,229.3116912841797,231.07504272460935,864407068,0.23333333333333334,0.05616666666666667,0.36133333333333334,60.0,0.05556812896314112,0.05407913284862422,0.049842946040058594,0.03104809987541292,247.38941301618303,292.71767272949216,0.845146829398312
2023-06-14,237.5742645263672,251.63015747070312,234.0425567626953,243.8905334472656,738634212,0.14754098360655737,0.049999999999999996,0.37868852459016394,61.0,-0.025897966729668598,-0.026239223875169245,0.042311387807517524,0.031121536866217436,244.27267238071985,290.18583424886066,0.8417801406916159
2023-06-15,236.2806854248047,240.15533447265625,231.06581115722656,237.6096954345703,502420772,0.2222222222222222,0.04634920634920635,0.27809523809523806,63.0,-0.005444946253506888,-0.005459824003634814,0.0412722044068761,0.031126338944908075,240.5772705078125,287.6825225830078,0.8362595973775099
2023-06-16,239.1146697998047,242.80198669433597,232.8285217285156,236.27345275878903,488582672,0.1509433962264151,0.014150943396226415,0.3552830188679245,53.0,0.011994143194162588,0.011922783490980133,0.042437760848365584,0.031196814249750654,237.49135262625558,285.18356068929035,0.8327666295078074
2023-06-17,244.61058044433597,249.13011169433597,237.41790771484372,239.1290283203125,451849200,0.3333333333333333,0.10111111111111111,0.34777777777777774,18.0,0.022984414336153725,0.022724251600405122,0.028335729995913737,0.03170775602821676,238.28013828822546,283.0220235188802,0.8419137681429586
2023-06-18,244.08726501464844,248.27256774902344,242.76914978027344,244.59580993652344,372246652,0.42857142857142855,0.19214285714285714,0.3628571428571429,14.0,-0.002139381823700881,-0.0021416735701919303,0.027306645065695592,0.03170418373907472,239.51563371930803,280.85945587158204,0.8527953348625096
2023-06-19,242.9033660888672,244.41200256347656,239.14566040039065,244.0900421142578,359118142,0.22641509433962265,0.053018867924528305,0.36264150943396223,53.0,-0.004850310095900312,-0.0048621110241513135,0.025729859841882814,0.031607453615852675,241.2087663922991,278.5989023844401,0.8657922351016798
2023-06-20,247.6744384765625,247.82269287109372,239.01873779296875,242.88185119628903,477391843,0.45098039215686275,0.07745098039215687,0.3456862745098039,51.0,0.019641853731865444,0.0194514418454986,0.017076180122731918,0.03198639312496816,241.74932425362724,276.63782653808596,0.8738838331653265
2023-06-21,249.28634643554688,253.54193115234372,245.5482482910156,247.6829376220703,717670519,0.3469387755102041,0.11428571428571428,0.3557142857142857,49.0,0.006508172457760253,0.006487085744585985,0.011591694733496487,0.031947838286039504,243.42247881208147,274.6391835530599,0.8863355755099401
2023-06-22,240.7924346923828,256.22003173828125,240.0522003173828,249.27647399902344,709030407,0.16981132075471697,0.05566037735849057,0.3315094339622642,53.0,-0.03407291199303675,-0.03466692587190701,0.019398873049413793,0.03207811802777311,244.06701442173548,272.2153905232747,0.896595207025473
2023-06-23,244.56494140625,248.80978393554688,240.0948181152344,240.79205322265625,493157882,0.1836734693877551,0.06448979591836734,0.32244897959183677,49.0,0.015667048338485534,0.015545587119919624,0.01973134855717024,0.03223576261857731,244.84562465122767,270.16979624430337,0.9062657190214701
2023-06-24,236.6596527099609,248.4286193847656,231.9947509765625,244.5535125732422,558809140,0.10526315789473684,0.07,0.3778947368421052,19.0,-0.032323883590320124,-0.03285783817931357,0.021663239445305654,0.032557479795955344,243.70977783203125,267.9006632486979,0.9097020323752997
2023-06-25,238.8929901123047,241.8727569580078,235.6361389160156,236.6367645263672,414941211,0.5,0.11499999999999999,0.30722222222222223,18.0,0.009436916587893585,0.009392667058796586,0.022320782606368664,0.032598839357310554,242.96773856026786,265.6342188517253,0.9146703297886871
2023-06-26,236.1342620849609,241.17384338378903,234.2963409423828,238.87911987304688,427457532,0.28,0.0542,0.301,50.0,-0.01154796558093596,-0.011615161151136665,0.02255570346558654,0.032541089459735995,242.00072370256697,263.25230204264324,0.9192729629515878
2023-06-27,237.49267578125,240.8228454589844,234.9900665283203,236.13107299804688,348181738,0.38,0.0728,0.4,50.0,0.0057527174764682165,0.005736233784421736,0.020694117907326406,0.03216046690164546,240.54618617466517,260.69305623372395,0.9227180410935221
2023-06-28,230.65036010742188,237.5801544189453,226.9770965576172,237.5026397705078,480872336,0.31746031746031744,0.06380952380952382,0.3126984126984127,63.0,-0.028810638691571522,-0.029233812908617585,0.02149146948216439,0.03236274569384168,237.88390241350447,257.9878285725911,0.9220741293481993
2023-06-29,233.23245239257807,236.42100524902344,230.5876922607422,230.6324005126953,332343168,0.2549019607843137,0.07549019607843137,0.3843137254901961,51.0,0.011194833096959567,0.011132634722717518,0.020043796609692726,0.0325492127687617,236.8039049421038,255.3727600097656,0.9272872523014917
2023-06-30,240.36978149414065,241.3129425048828,232.2005157470703,233.19444274902344,626872820,0.14516129032258066,0.05274193548387097,0.4170967741935484,62.0,0.030601783878467348,0.030142887823032333,0.023021922912025466,0.033323972952840945,236.20459638323103,253.15619608561198,0.9330389697566467
2023-07-01,247.75942993164065,248.4702606201172,240.38690185546875,240.38690185546875,603755323,0.3333333333333333,0.1391666666666667,0.3829166666666666,24.0,0.030742834609100544,0.0302797409523813,0.02144731058723954,0.034054845902887564,237.790278843471,251.2497344970703,0.9464299706404018
2023-07-02,246.25791931152344,248.056396484375,243.24127197265625,247.78602600097656,519491311,0.2,0.042,0.4653333333333334,15.0,-0.0060603570993503775,-0.006078795597101437,0.021897746765326704,0.03393783592190292,238.8424115862165,249.21087188720702,0.9583948315638361
2023-07-03,246.38221740722656,251.37985229492188,245.88482666015625,246.254638671875,669962148,0.20967741935483872,0.05806451612903226,0.3606451612903226,62.0,0.0005047476079169666,0.0005046202656917714,0.020881742588758218,0.03395616972097288,240.30640520368303,247.1996083577474,0.9721148297933849
2023-07-04,242.492919921875,246.8387908935547,241.22853088378903,246.3452911376953,439591635,0.14285714285714285,0.04732142857142857,0.41250000000000003,56.0,-0.015785625790205593,-0.015911545688617284,0.022481003917533278,0.03398937888449024,241.0207257952009,245.11081237792968,0.9833133163606737
2023-07-05,239.08108520507807,243.86111450195312,237.1201171875,242.49948120117188,455501209,0.2972972972972973,0.07945945945945945,0.32675675675675675,74.0,-0.014069832298180707,-0.014169750719453911,0.019392627014625657,0.02953491039723391,242.22511509486608,243.8505401611328,0.9933343388733415
2023-07-06,232.3194274902344,244.1026763916016,232.17181396484372,239.0685272216797,536134671,0.4126984126984127,0.08142857142857143,0.3325396825396825,63.0,-0.028281859725723058,-0.028689495715469353,0.02286741226409693,0.0295585484320101,242.09468296595983,242.21133524576823,0.9995183863724213
2023-07-07,235.62115478515625,236.07911682128903,231.64573669433597,232.3334197998047,418416864,0.5588235294117647,0.17558823529411763,0.38382352941176473,68.0,0.014212015459019733,0.014111971536980563,0.019888803724586242,0.026109770648934213,241.4163077218192,241.4189921061198,0.9999888808072755
2023-07-08,236.28738403320312,237.4119110107422,234.63714599609372,235.6102600097656,319300746,0.6111111111111112,0.1388888888888889,0.29888888888888887,18.0,0.002827544278247718,0.002823554294392787,0.014143781257253737,0.026006906218790985,239.7774440220424,240.55695495605468,0.9967595576932927
2023-07-09,234.22836303710935,237.0195159912109,233.47604370117188,236.2945556640625,289327973,0.1875,0.06625,0.35,16.0,-0.008714053881964556,-0.008752243267594764,0.014158006674478064,0.02602252102361933,238.0589359828404,239.67403055826824,0.9932612867081768
2023-07-10,245.874267578125,246.29969787597656,232.007568359375,234.2329559326172,834091613,0.2537313432835821,0.055820895522388066,0.36716417910447763,67.0,0.04972030026598695,0.04852374798473161,0.025543146248804213,0.022629082623795278,237.98637172154017,239.90020345052082,0.9920223838852418
2023-07-11,248.538330078125,249.2053985595703,244.9390106201172,245.89627075195312,536228377,0.06153846153846154,0.024,0.3576923076923077,65.0,0.010835060237255334,0.010776781562794612,0.024804770792912288,0.022482174822306408,238.8500017438616,240.33685455322265,0.9938134631406197
2023-07-12,244.01988220214844,250.3406524658203,242.8033599853516,248.5380859375,505389150,0.18666666666666668,0.06546666666666667,0.36933333333333335,75.0,-0.01818008463546139,-0.01834737302068819,0.025345620943393585,0.022467681016331967,239.55554417201452,240.76913604736328,0.9949595205794566
2023-07-13,256.4896850585937,257.265625,243.0497283935547,244.00222778320312,761150982,0.04054054054054054,0.05675675675675676,0.3827027027027027,74.0,0.05110158542784293,0.04983874319713573,0.02638023427645504,0.022138506030477414,243.00843811035153,241.1891077677409,1.007543169587752
2023-07-14,248.19161987304688,261.10260009765625,244.27566528320312,256.4642028808594,799468588,0.23376623376623376,0.09480519480519481,0.3648051948051948,77.0,-0.03235243235474039,-0.03288734101096654,0.03181049011637567,0.022458560325370844,244.80421883719305,241.54301961263022,1.0135015254416913
2023-07-15,251.0997009277344,252.53726196289065,247.5080718994141,248.17552185058597,422767368,0.2608695652173913,0.08652173913043479,0.3721739130434783,23.0,0.011717079956910181,0.011648966519651504,0.03177258578072248,0.022494049299563553,246.92026410784038,242.0369867960612,1.0201757482458407
2023-07-16,242.6568298339844,251.8824157714844,242.58013916015625,251.0982360839844,441487283,0.14285714285714285,0.06071428571428572,0.2414285714285714,14.0,-0.03362358084281358,-0.034201852805842425,0.03535469681847541,0.02335426779700957,248.12433079310827,242.15505879720052,1.0246506185976767
2023-07-17,244.35299682617188,244.6820373535156,240.59759521484372,242.65809631347656,671028354,0.14754098360655737,0.048032786885245905,0.3772131147540984,61.0,0.006989982492344948,0.006965665814397609,0.029907428028214396,0.023011640749690282,247.9070063999721,242.14647267659504,1.0237894595766863
2023-07-18,240.2649383544922,246.5308532714844,238.7042236328125,244.33457946777344,751858394,0.23636363636363636,0.06345454545454544,0.38636363636363635,55.0,-0.016730134374361105,-0.01687166383095181,0.029936060829543386,0.02321439202758698,246.725093296596,242.01906178792316,1.0194448795640594
2023-07-19,241.1608123779297,243.92770385742188,239.99359130859372,240.2741851806641,499664149,0.1774193548387097,0.06999999999999999,0.3141935483870968,62.0,0.003728692290989599,0.0037217579498931776,0.02943389308755272,0.023212006007107513,246.316654750279,241.96097666422526,1.0180015725928326
2023-07-20,242.73313903808597,243.14259338378903,240.3877410888672,241.13888549804688,485038743,0.3333333333333333,0.0780701754385965,0.35333333333333333,57.0,0.006519826520124061,0.006498664383700648,0.019757606108126137,0.02295211202560998,244.3514338902065,241.7962666829427,1.0105674386222607
2023-07-21,243.7889862060547,245.1633453369141,242.3674774169922,242.75428771972656,413015398,0.3939393939393939,0.11151515151515151,0.35393939393939394,66.0,0.004349827024661135,0.004340393872250215,0.01667232667024009,0.022932361560617787,243.72248622349335,241.61302134195964,1.0087307582588778
2023-07-22,241.0307464599609,244.85873413085935,240.5126190185547,243.80908203125,310128851,0.0,-0.007499999999999998,0.28125,16.0,-0.011314045761536051,-0.01137853647260303,0.01564215853206215,0.02212435141180167,242.28406415666853,241.62096506754557,1.0027443772891875
2023-07-23,242.4559631347656,243.9764862060547,240.7612152099609,241.05465698242188,279600847,0.17647058823529413,0.018823529411764708,0.30470588235294116,17.0,0.005913007762440969,0.0058955945413317265,0.009765823382636,0.021960580596733774,242.25536891392298,241.55066579182943,1.002917413287947
2023-07-24,238.9462127685547,242.89187622070312,236.2923889160156,242.44943237304688,451906472,0.1875,0.059687500000000004,0.38296875,64.0,-0.01447582612872289,-0.014581623140458182,0.010526999520621434,0.021268521769980408,241.48297119140625,241.62688446044922,0.9994043987722462
2023-07-25,237.80856323242188,239.63720703125,236.99940490722656,238.96409606933597,366519529,0.25806451612903225,0.07500000000000001,0.35,62.0,-0.004761111393863149,-0.004772481588914461,0.008750873637661865,0.021217345540845457,241.13206045968192,241.59073689778646,0.9981014320168302
2023-07-26,238.9623565673828,240.2377166748047,236.64112854003903,237.81907653808597,417581395,0.33962264150943394,0.0769811320754717,0.3475471698113208,53.0,0.00485177370939871,0.004840041787120171,0.008870794426350309,0.021123263976726883,240.81799534388952,241.68500671386718,0.9964126389892107
2023-07-27,240.4987945556641,243.16351318359372,238.6384429931641,238.96011352539065,433186880,0.3728813559322034,0.12576271186440677,0.4213559322033898,59.0,0.006429623520422645,0.006409041666389017,0.008857703695096607,0.021129484621689374,240.4988032749721,241.78521067301432,0.9946795447312038
2023-07-28,241.9770355224609,242.7969970703125,239.9878692626953,240.505126953125,388148322,0.1320754716981132,0.03773584905660377,0.2884905660377358,53.0,0.006146562894537411,0.006127749827936045,0.009071290751016719,0.020391680279808925,240.2399531773158,242.1627665201823,0.9920598307886187
2023-07-29,242.5763702392578,242.7262725830078,241.32313537597656,241.97134399414065,317500344,0.3125,0.038125,0.238125,16.0,0.0024768247759663353,0.0024737625009177643,0.007879213390374486,0.020313199827358543,240.46075657435827,242.47423044840494,0.991696132532009
2023-07-30,242.52598571777344,243.7857208251953,240.92518615722656,242.58221435546875,425584373,0.2,0.042499999999999996,0.281,20.0,-0.00020770581006990252,-0.0002077273839090638,0.007567498386465534,0.019569840272452784,240.47075980050224,242.54610392252604,0.9914435066634313
2023-07-31,241.1206512451172,244.20257568359372,240.7644500732422,242.51959228515625,1092564922,0.1935483870967742,0.05370967741935484,0.305,62.0,-0.005794572769169726,-0.005811426444058292,0.005050404429134165,0.018755559036323744,240.7813938685826,242.32481129964194,0.9936307907441189
2023-08-01,247.5050201416016,247.5050201416016,238.53024291992188,241.1280517578125,830645013,0.2807017543859649,0.0431578947368421,0.3977192982456141,57.0,0.02647790167916475,0.026133429411870062,0.009973067603073852,0.019361446727119883,242.1666019984654,242.3663813273112,0.9991757135302689
2023-08-02,240.49464416503903,248.5115509033203,236.8917694091797,247.4903106689453,650256385,0.2459016393442623,0.07868852459016393,0.3424590163934426,61.0,-0.028324176909833243,-0.02873304548964238,0.016438106556751635,0.020066946271213682,242.38550022670202,242.17012888590494,1.0008893390022455
2023-08-03,241.0615234375,241.583251953125,238.5096435546875,240.50997924804688,400525696,0.015151515151515152,-0.00030303030303030205,0.4125757575757576,66.0,0.0023571388644811897,0.002354365170467516,0.016282871481765254,0.019868953595709175,242.46589006696428,242.1224156697591,1.0014185980932622
2023-08-04,241.47601318359372,243.1554718017578,240.4522857666016,241.04286193847656,370373499,0.16666666666666666,0.053703703703703705,0.32944444444444443,54.0,0.0017194355207881262,0.0017179589838308181,0.01610569292052628,0.01969466097853534,242.3943154471261,242.2022466023763,1.0007930101699887
2023-08-05,242.9593505859375,243.02772521972656,240.09039306640625,241.4896697998047,300760369,0.0625,0.029375,0.229375,16.0,0.006142793989297735,0.006124003939973375,0.016268590286596548,0.01893673141273795,242.44902692522322,242.5569107055664,0.9995552228133622
2023-08-06,242.7985992431641,245.17901611328125,242.6147308349609,242.96029663085935,417704185,0.35294117647058826,0.07588235294117647,0.4235294117647059,17.0,-0.0006616388395249695,-0.0006618578190975412,0.01627151044589751,0.018788766411259743,242.48797171456474,242.79615885416666,0.9987306753901859
2023-08-07,241.7975006103516,244.32424926757807,239.93536376953125,242.79168701171875,425652309,0.3888888888888889,0.10462962962962964,0.3788888888888889,54.0,-0.004123164779092914,-0.004131688460754826,0.01618089537029342,0.018808393381991407,242.58466448102678,242.97982940673828,0.9983736718941801
2023-08-08,245.14990234375,247.6473693847656,241.3302001953125,241.7918701171875,504987528,0.32727272727272727,0.08018181818181819,0.3287272727272727,55.0,0.013864501183577849,0.013769268215886594,0.013326842902978933,0.018864660555117957,242.2482190813337,243.34388071695963,0.9954974761132361
2023-08-09,243.8936462402344,245.34027099609372,242.76649475097656,245.1363067626953,399576464,0.273972602739726,0.07260273972602739,0.31616438356164384,73.0,-0.005124440562713661,-0.005137615537109641,0.0064724632255557905,0.016670517502904148,242.73379080636164,243.27786000569662,0.9977635893405087
2023-08-10,241.2624664306641,243.9261016845703,240.39459228515625,243.8855438232422,365863690,0.25,0.04783333333333333,0.3401666666666667,60.0,-0.010788226139268109,-0.010846840998984477,0.0080778125293225,0.016643884497809156,242.76249694824222,243.03533121744792,0.998877388452786
2023-08-11,239.70689392089844,241.91390991210935,238.35980224609372,241.2607269287109,386856576,0.19642857142857142,0.07214285714285715,0.4023214285714286,56.0,-0.006447635775176486,-0.006468511560073125,0.0083941592935247,0.01635552126041022,242.50976562500003,242.89156494140624,0.998428107964563
2023-08-12,240.27362060546875,241.0026092529297,239.40377807617188,239.7035675048828,284512149,-0.2,-0.076,0.32,20.0,0.0023642485841786076,0.0023614581458225566,0.00796782380591091,0.013323152511992077,242.1260899135045,242.3510294596354,0.9990718440658888
2023-08-13,240.0333404541016,241.6295928955078,239.902587890625,240.26968383789065,296580783,0.47368421052631576,0.11473684210526316,0.3889473684210526,19.0,-0.0010000271805189476,-0.001000527541310578,0.007962289421218674,0.011994326719915873,241.73105294363842,242.07908681233724,0.9985623133609695
2023-08-14,240.33924865722656,241.02493286132807,239.7473602294922,240.0412750244141,381157536,0.2631578947368421,0.06614035087719299,0.373859649122807,57.0,0.0012744404695874678,0.0012736290596548107,0.00794203658291356,0.011760936609644048,241.5227312360491,241.72040506998698,0.9991822211538962
2023-08-15,236.67958068847656,240.41030883789065,235.36053466796875,240.3504638671875,482870297,0.26785714285714285,0.07821428571428571,0.3260714285714286,56.0,-0.015227092491952643,-0.015344215144210076,0.006492371040341586,0.010372636992538358,240.31268528529577,241.5211634318034,0.9949963881867071
2023-08-16,231.8687438964844,237.01422119140625,231.2051696777344,236.689697265625,461572144,0.2222222222222222,0.06430555555555556,0.3501388888888889,72.0,-0.020326370268182514,-0.020535793670520636,0.008752711903025782,0.010863440919682481,238.59484209333147,241.10502166748046,0.989588854032203
2023-08-17,218.5358428955078,232.1050567626953,214.5474395751953,231.87257385253903,786294218,0.08695652173913043,0.03130434782608696,0.3698550724637681,69.0,-0.057501933106296255,-0.05922141070323775,0.021664353095799487,0.014898615527932807,235.34818158830916,240.38071848551434,0.9790643071170101
2023-08-18,216.112548828125,220.1370086669922,214.02224731445312,218.56573486328125,567051050,0.4074074074074074,0.07777777777777778,0.3764814814814815,54.0,-0.01108877168740463,-0.011150710424817887,0.021459563273349892,0.014909174675874494,231.9775608607701,239.5457763671875,0.9684059739178349
2023-08-19,216.99945068359372,218.99758911132807,214.32884216308597,216.1444854736328,477267428,-0.14285714285714285,-0.030476190476190476,0.3242857142857143,21.0,0.004103888738890671,0.00409549075591806,0.021699386369080417,0.014859107908366108,228.65267944335938,238.6879867553711,0.9579563787502351
2023-08-20,216.63580322265625,217.88243103027344,215.6808624267578,217.01585388183597,297744717,0.29411764705882354,0.06823529411764706,0.29470588235294115,17.0,-0.0016757989930016315,-0.001677204714825094,0.021630337376474504,0.014786769344661312,225.31017412458147,237.7828806559245,0.9475458178615002
2023-08-21,210.63894653320312,216.74118041992188,207.5687713623047,216.63079833984372,582113967,0.12962962962962962,0.004259259259259259,0.29814814814814816,54.0,-0.027681743277170212,-0.028072103501473582,0.020859488846333804,0.01537875024848414,221.06727382114954,236.7698206583659,0.9336801168596842
2023-08-22,210.8343505859375,211.87425231933597,204.39913940429688,210.5799560546875,637832641,0.171875,0.02734375,0.3175,64.0,0.0009276729491407565,0.0009272429265168274,0.022179310002362274,0.015289516109777437,217.3750980922154,235.71576690673828,0.9221915909351137
2023-08-23,216.3992919921875,218.31671142578125,210.81869506835935,210.81869506835935,566160608,0.26153846153846155,0.07061538461538461,0.3067692307692308,65.0,0.02639485164909927,0.02605251837637004,0.027195841787168867,0.01615544056156592,215.16517639160156,234.96420288085938,0.9157359876674614
2023-08-24,218.6463928222656,220.3855133056641,215.8997344970703,216.44483947753903,394620698,0.28169014084507044,0.08394366197183098,0.34774647887323945,71.0,0.010384048900489162,0.010330505013940923,0.016922586910378363,0.016342331993505727,215.18096923828125,234.3254638671875,0.9182995551872369
2023-08-25,218.3310546875,219.25498962402344,214.26516723632807,218.68109130859372,423891092,0.3090909090909091,0.07581818181818181,0.41654545454545455,55.0,-0.0014422288458330046,-0.0014432698588946475,0.01623331769740739,0.0162811852849798,215.4978986467634,233.63775380452475,0.9223590585751896
2023-08-26,216.3642425537109,218.78643798828125,216.2140350341797,218.3318023681641,273738258,0.3,0.055499999999999994,0.3315,20.0,-0.009008393865930886,-0.009049214784822639,0.01663286135559109,0.01621730452928045,215.4071546282087,232.83326873779296,0.9251562536399864
2023-08-27,218.3580017089844,219.5391845703125,216.0803985595703,216.3699493408203,325410553,0.3888888888888889,0.09444444444444444,0.36666666666666664,18.0,0.009214827421303529,0.009172629929415338,0.016997584101850007,0.01628916877788934,215.65318298339844,232.04596761067708,0.9293554428199235
2023-08-28,218.71856689453125,218.9700164794922,215.8501892089844,218.35824584960935,332786869,0.2641509433962264,0.05132075471698114,0.3350943396226415,53.0,0.0016512570307700702,0.0016498952048229077,0.011215647406674531,0.01627957517552669,216.80741446358817,231.2507074991862,0.9375427076881533
2023-08-29,226.8628845214844,233.0600128173828,217.04786682128903,218.7215118408203,593296661,0.25,0.07906250000000001,0.369375,64.0,0.037236516966026256,0.03655998131871074,0.01594743753810245,0.01784126562673049,219.09720502580916,230.72860412597657,0.9495883956641252
2023-08-30,223.7994384765625,227.04901123046875,221.9781494140625,226.87014770507807,359750612,0.07272727272727272,0.02618181818181818,0.3352727272727273,55.0,-0.013503513593171257,-0.013595515201604281,0.016520189721696697,0.017951478341784125,220.1543688092913,230.15123036702474,0.9565639447514952
2023-08-31,216.5977935791016,225.58888244628903,215.44842529296875,223.81857299804688,428616639,0.10344827586206896,0.04689655172413793,0.32982758620689656,58.0,-0.03217901236251364,-0.03270813893380801,0.021406633450196798,0.01793132057418646,219.86171177455358,229.12098948160806,0.9595878241971466
2023-09-01,213.63055419921875,217.9657440185547,211.5917205810547,216.59848022460935,438229562,0.2222222222222222,0.07796296296296296,0.3261111111111111,54.0,-0.013699305661667327,-0.01379400703953863,0.021918961158895543,0.017434141736969045,219.1902117047991,228.22551981608072,0.9604106143845663
2023-09-02,214.44854736328125,215.59950256347656,213.29054260253903,213.62692260742188,291979876,0.0,0.014545454545454544,0.41181818181818186,11.0,0.0038290082948513326,0.0038216963017681477,0.021877434420262937,0.01745447990812803,218.91654096330916,227.33842061360676,0.9629544375844339
2023-09-03,214.3999481201172,215.11489868164065,213.41195678710935,214.45481872558597,264565518,0.4166666666666667,0.1075,0.5691666666666667,12.0,-0.00022662425911301742,-0.00022664994227078437,0.021413168337896585,0.01743650102599805,218.35110473632812,226.43588511149088,0.9642954986079966
2023-09-04,215.197509765625,216.26751708984372,213.28237915039065,214.3931121826172,364530693,0.3448275862068966,0.07965517241379311,0.3603448275862069,58.0,0.003719971261658017,0.003713069280050729,0.021495668064038655,0.017393905165643837,217.8480965750558,225.51049041748047,0.9660220070993614
2023-09-05,214.47813415527344,215.7220001220703,213.6724395751953,215.2110137939453,298056096,0.18032786885245902,0.04967213114754099,0.3365573770491804,61.0,-0.003342862150844783,-0.003348461997684624,0.0131299910444688,0.017382800911781578,216.07884652273995,224.56647491455078,0.9622043833789508
2023-09-06,215.13465881347656,217.1808319091797,212.31671142578125,214.48904418945312,367874698,0.36231884057971014,0.07869565217391304,0.33449275362318837,69.0,0.0030610330549025733,0.003056357631874095,0.01345583958704515,0.017432304913693006,214.84102085658483,223.6777135213216,0.9604936382546917
2023-09-07,216.88717651367188,217.6039581298828,213.5731201171875,215.13946533203125,414939879,0.2857142857142857,0.06952380952380952,0.3196825396825397,63.0,0.008146143024377883,0.008113142299239448,0.007127881694790589,0.01726445442477972,214.88236127580916,222.73562266031902,0.9647417809027952
2023-09-08,214.56202697753903,218.2228240966797,213.61947631835935,216.8837432861328,350437594,0.36666666666666664,0.07933333333333333,0.3145,60.0,-0.010720548690375309,-0.010778427808106292,0.006168341262997999,0.017306999935927585,215.0154288155692,221.75790201822917,0.9695953418511972
2023-09-09,214.2229461669922,215.33013916015625,214.2229461669922,214.5670318603516,218159197,0.0,0.030909090909090907,0.28909090909090907,11.0,-0.0015803393327484816,-0.0015815893861310726,0.006037832302161262,0.017268235735907016,214.9832000732422,220.85658467610676,0.9734063414433485
2023-09-10,212.31802368164065,214.22784423828125,211.5386199951172,214.22056579589844,334977578,-0.1875,-0.009375000000000003,0.2475,16.0,-0.0088922429619962,-0.008932014904508108,0.006892240320876678,0.01728641265739269,214.68578229631697,219.94362233479816,0.9760946010497286
2023-09-11,206.03421020507807,212.61009216308597,204.3567352294922,212.32261657714844,466832593,0.3275862068965517,0.07948275862068967,0.2925862068965517,58.0,-0.029596231952426333,-0.03004303837593842,0.012362050211985024,0.017874731788811396,213.37673950195312,218.80230865478515,0.9752033276696719
2023-09-12,210.99436950683597,213.4874420166016,205.26248168945312,206.04315185546875,435525863,0.3611111111111111,0.07333333333333333,0.3609722222222222,72.0,0.02407444519442059,0.023789224359947472,0.016851411759139144,0.018629036336976258,212.87905883789062,217.83434295654297,0.9772520528609169
2023-09-13,212.64259338378903,213.1578521728516,209.4974365234375,211.02386474609372,329580406,0.26153846153846155,0.06861538461538462,0.3283076923076923,65.0,0.007811696022057335,0.007781342696181237,0.01719470405127409,0.018733749198413162,212.5230494907924,216.91112111409504,0.9797701860524038
2023-09-14,212.2828369140625,214.8835601806641,211.3829345703125,212.6405792236328,370840987,0.23529411764705882,0.06323529411764706,0.4261764705882353,68.0,-0.001691836353205245,-0.0016932691245660821,0.01665637042524267,0.01861616366161131,211.86528669084822,216.09789632161457,0.9804134621261327
2023-09-15,214.17552185058597,214.9447479248047,211.19467163085935,212.30435180664065,477731080,0.3055555555555556,0.056805555555555554,0.34791666666666665,72.0,0.008915864155752073,0.008876352518853036,0.016795512084052503,0.018468829253373658,211.81007167271204,215.50812225341798,0.9828403192323426
2023-09-16,214.9605407714844,215.70355224609372,213.5628967285156,214.1683807373047,483436741,0.19047619047619047,0.0638095238095238,0.37666666666666665,21.0,0.0036653064463925134,0.0036586055795483213,0.01684337633395661,0.015084803767112822,211.91544233049666,215.38894551595052,0.98387334513787
2023-09-17,216.4657745361328,216.6350250244141,213.70974731445312,214.948974609375,432102186,0.3157894736842105,0.0736842105263158,0.3826315789473684,19.0,0.007002372431917925,0.006977969673985594,0.016428235424327378,0.015008414616819753,212.50797816685267,215.40071970621744,0.9865704184122033
2023-09-18,216.00392150878903,221.0098571777344,215.3173065185547,216.47091674804688,572231452,0.2542372881355932,0.04474576271186441,0.34254237288135597,59.0,-0.002133607626117695,-0.002135887009652661,0.008715662892976516,0.014993672046413067,213.9322226388114,215.36753540039064,0.9933355193998443
2023-09-19,217.21095275878903,219.7490234375,215.6417694091797,216.00177001953125,385547582,0.453125,0.11703125,0.35796875,64.0,0.005588006187891681,0.005572451201981252,0.004461753275661422,0.015026649324746698,214.82030596051897,215.38670705159504,0.9973703061863498
2023-09-20,214.3633270263672,217.75669860839844,213.76046752929688,217.21060180664065,372917826,0.30434782608695654,0.07898550724637682,0.32217391304347825,69.0,-0.01310995461441633,-0.013196648605899669,0.007574303886992421,0.014292883077737614,215.06612505231584,215.51085306803387,0.9979364008383483
2023-09-21,210.7939453125,215.109375,209.58688354492188,214.35374450683597,384479845,0.32857142857142857,0.08428571428571428,0.3452857142857143,70.0,-0.016651083762233898,-0.0167912714204869,0.010210309973865102,0.014640089232643823,214.85342625209265,215.50950622558594,0.9969556796589449
2023-09-22,211.1508636474609,212.02658081054688,209.94168090820312,210.7893829345703,274805031,0.2641509433962264,0.09188679245283018,0.35547169811320756,53.0,0.001693209614876734,0.0016917777515454298,0.009378637142817992,0.013796138608549346,214.42133222307478,215.33455861409504,0.9957590346997814
2023-09-23,210.56060791015625,211.58322143554688,210.1420135498047,211.1380615234375,215040995,0.17391304347826086,0.017826086956521738,0.3452173913043478,23.0,-0.0027954218472444614,-0.002799336335696124,0.009036986978752737,0.01363761155985665,213.7927703857422,215.06503245035807,0.9940842913879571
2023-09-24,208.28289794921875,211.23727416992188,207.9329376220703,210.5747833251953,287192497,-0.043478260869565216,0.009565217391304347,0.2839130434782609,23.0,-0.01081736030088487,-0.010876293328023806,0.008251941652388099,0.013750356133564434,212.62378801618303,214.73009389241537,0.9901909143797625
2023-09-25,210.0738067626953,210.5183868408203,207.47808837890625,208.2601318359375,294180845,0.26229508196721313,0.046557377049180323,0.35950819672131146,61.0,0.008598443900627917,0.008561687828272442,0.0098212385864327,0.013795912389411089,211.77662876674108,214.52041269938152,0.9872096836934328
2023-09-26,212.37844848632807,213.1878204345703,209.86691284179688,210.0501708984375,615780140,0.42424242424242425,0.10787878787878788,0.3243939393939394,66.0,0.010970628652605674,0.010910887838485185,0.010840696417016042,0.01384360608845163,211.08627101353233,214.3210942586263,0.9849066502003277
2023-09-27,211.98541259765625,215.72874450683597,210.8860015869141,212.37139892578125,753741988,0.453125,0.1034375,0.36640625,64.0,-0.0018506392313960562,-0.0018523537798454137,0.009907439625457438,0.013835903740225267,210.7465689522879,214.0966557820638,0.9843524560552405
2023-09-28,215.07598876953125,216.77532958984372,211.6513214111328,211.99095153808597,358321830,0.25862068965517243,0.04793103448275862,0.33586206896551724,58.0,0.014579192662378393,0.01447393801820128,0.008911540213075435,0.012264467865577305,211.3582894461495,213.7037592569987,0.9890246675163606
2023-09-29,215.2794189453125,217.25770568847656,214.50637817382807,215.09397888183597,335321479,0.12962962962962962,0.05148148148148149,0.33148148148148143,54.0,0.0009458525656216299,0.0009454055289486653,0.008932467921838992,0.012067093005527269,211.9480830601283,213.41975860595704,0.9931043144484765
2023-09-30,214.82130432128903,216.31216430664065,214.4836883544922,215.2777862548828,243788424,0.0,0.04105263157894737,0.23421052631578948,19.0,-0.002128000095261484,-0.0021302675047336584,0.008866322476153854,0.010513535326247906,212.55675397600444,213.36054229736328,0.9962327227297793
2023-10-01,218.0471343994141,219.1338348388672,213.5065155029297,214.80032348632807,387408083,0.2631578947368421,0.09894736842105263,0.3642105263157895,19.0,0.015016341551024492,0.014904712414416672,0.0074499679087231445,0.010546574906744098,213.9516448974609,213.50776163736978,1.0020790029209572
2023-10-02,214.7579345703125,221.18829345703125,213.54632568359372,218.04934692382807,466879383,0.22058823529411764,0.06720588235294118,0.3538235294117647,68.0,-0.015084811080692817,-0.015199744137084255,0.01096292486988184,0.01091660009062422,214.62080601283478,213.51807454427083,1.0051645813635104
2023-10-03,213.4359436035156,215.72119140625,212.77056884765625,214.7349090576172,305437646,0.13846153846153847,0.04692307692307692,0.27476923076923077,65.0,-0.00615572583821844,-0.006174750432154307,0.010848531299477283,0.01097561732077628,214.7718767438616,213.4859410603841,1.0060235146028365
2023-10-04,213.4130859375,213.7624053955078,210.9364013671875,213.44146728515625,357560724,0.3114754098360656,0.07114754098360655,0.29327868852459016,61.0,-0.00010709379886852943,-0.00010709953381886288,0.010799785324611531,0.01095138400007287,214.975830078125,213.42646026611328,1.0072595019852735
2023-10-05,210.6796722412109,213.7835998535156,210.4712371826172,213.42274475097656,351872670,0.1746031746031746,0.05174603174603175,0.313968253968254,63.0,-0.012808088521289673,-0.01289081926134805,0.010016603861281264,0.01117984688222492,214.34778485979353,213.29984486897786,1.0049129899342373
2023-10-06,213.55552673339844,214.39295959472656,210.5572509765625,210.66526794433597,271152975,0.22033898305084745,0.0411864406779661,0.24983050847457627,59.0,0.013650365322834368,0.013558038335329764,0.011808323320232454,0.011459062802469404,214.1015145438058,213.24720713297526,1.004006183350846
2023-10-07,212.36447143554688,213.85986328125,211.76080322265625,213.54396057128903,211771782,-0.17647058823529413,0.03882352941176471,0.3864705882352941,17.0,-0.005577262813424966,-0.005592873815167599,0.011928218345563108,0.01138731460992192,213.7505384172712,213.09645029703776,1.0030694463437646
2023-10-08,211.51998901367188,212.8467712402344,209.7017822265625,212.38101196289065,267193041,0.15384615384615385,0.07999999999999999,0.39923076923076917,13.0,-0.00397657110987748,-0.0039844986921491,0.009437250118393007,0.011246708214929561,212.8180890764509,212.99504903157552,0.9991691827771152
2023-10-09,205.7509613037109,212.1028594970703,203.6554412841797,211.52261352539065,416312027,0.22,0.044199999999999996,0.2956,50.0,-0.02727414906204484,-0.02765299298414773,0.012501567681443105,0.012293642012209782,211.53137860979353,212.7126495361328,0.9944466352663309
2023-10-10,208.57687377929688,210.45428466796875,205.7500915527344,205.7500915527344,441959353,0.08571428571428572,0.03471428571428572,0.3385714285714286,70.0,0.013734625868476957,0.013641160728024989,0.0145611822349795,0.012502294702556307,210.83722577776228,212.58794453938802,0.9917647316953038
2023-10-11,206.53341674804688,208.7305450439453,204.8092498779297,208.5822906494141,323117665,0.2714285714285714,0.07971428571428571,0.35714285714285715,70.0,-0.00979714094963502,-0.009845448712623448,0.014671206752876613,0.01135265738444276,209.8544158935547,212.60458475748698,0.9870643953089283
2023-10-12,205.2294158935547,206.6591033935547,203.658447265625,206.53587341308597,302337006,0.29850746268656714,0.0735820895522388,0.36761194029850747,67.0,-0.00631375239428178,-0.006333768424246127,0.014263327333235865,0.010482176729045596,209.07580784388952,212.41241963704428,0.9842918234307761
2023-10-13,206.0361175537109,207.94253540039065,204.61761474609372,205.22579956054688,296977151,0.08333333333333333,0.0465,0.3143333333333333,60.0,0.003930731160754375,0.0039230260216455495,0.012693891656644387,0.01039499824102503,208.00160653250558,212.19220377604168,0.9802509367970981
2023-10-14,206.60189819335935,207.02554321289065,205.8272857666016,206.040283203125,203846460,0.4117647058823529,0.07941176470588236,0.2752941176470588,17.0,0.002746026504313992,0.002742263061634061,0.013028742608320687,0.010417083878906008,207.17838178362166,212.00283915201823,0.9772434303819056
2023-10-15,209.7425079345703,210.2316131591797,206.47857666015625,206.60028076171875,352524312,0.36363636363636365,0.1390909090909091,0.2890909090909091,11.0,0.015201262760285328,0.015086881270976219,0.014878224415295209,0.010676631186462024,206.92445591517858,211.85507202148438,0.976726466544989
2023-10-16,214.82395935058597,217.1212310791016,209.74880981445312,209.74880981445312,521099239,0.1388888888888889,0.03944444444444445,0.3108333333333333,72.0,0.024227093811621803,0.023938273330108267,0.01211526202844672,0.01156681759454841,208.22059849330358,211.85051930745442,0.9828656506199883
2023-10-17,211.6432342529297,215.01222229003903,210.38235473632807,214.81211853027344,352621995,0.2191780821917808,0.02671232876712329,0.33,73.0,-0.014806193439836135,-0.014916899235250433,0.013860619587040992,0.01179839467518725,208.65864998953683,211.68976796468098,0.9856813203383081
2023-10-18,210.50103759765625,213.57627868652344,210.09669494628903,211.63619995117188,275336939,0.08333333333333333,0.03483333333333334,0.308,60.0,-0.005396802119875144,-0.0054114174642337625,0.013315113659958692,0.011826774466913107,209.22545296805245,211.50633850097657,0.9892159944279231
2023-10-19,211.1441650390625,211.4120178222656,208.53712463378903,210.4916229248047,281310969,0.3088235294117647,0.0763235294117647,0.33735294117647063,68.0,0.0030552221915196576,0.0030505644846746394,0.01271051047660781,0.011788375802886742,210.07041713169642,211.30411224365236,0.9941615186810308
2023-10-20,212.30084228515625,216.1024169921875,210.74655151367188,211.14505004882807,335590168,0.25806451612903225,0.05290322580645162,0.31612903225806455,62.0,0.00547813976237399,0.005463189330263873,0.012721091293047992,0.011610542865659516,210.9653778076172,211.23536275227863,0.9987218761994029
2023-10-21,214.3056640625,215.6127777099609,211.6225128173828,212.29852294921875,267943731,0.0,0.007857142857142852,0.43,14.0,0.009443305809644142,0.009398996529638588,0.012835366260822116,0.011310274573594363,212.06591578892298,211.3524200439453,1.0033758579382688
2023-10-22,217.74737548828125,218.00485229492188,213.83428955078125,214.3217315673828,286771903,0.5,0.13214285714285715,0.3178571428571429,14.0,0.016059824834016023,0.015932230133417085,0.012947054976397825,0.01165343751102863,213.209468296596,211.57230377197266,1.0077380852570752
2023-10-23,228.35276794433597,229.98146057128903,218.3049774169922,218.45591735839844,611625206,0.2222222222222222,0.035555555555555556,0.31253968253968256,63.0,0.0487050300021894,0.047556098263415905,0.019840484514334004,0.014388966312642162,215.14215523856026,212.16537577311198,1.0140304677641259
2023-10-24,225.14295959472656,236.7500762939453,223.1171417236328,228.3383026123047,658304834,0.2714285714285714,0.07914285714285714,0.3355714285714286,70.0,-0.014056358407671388,-0.014156084641588258,0.01969090900526064,0.014507676094936636,217.07068743024553,212.72737782796224,1.020417257273748
2023-10-25,222.179931640625,228.8148193359375,222.0341796875,225.16864013671875,414309192,0.10256410256410256,0.03910256410256411,0.3655128205128205,78.0,-0.013160651167752335,-0.013248019937243949,0.02082583321769814,0.014742894039548324,218.73910086495536,213.13091532389322,1.0263133367232973
2023-10-26,223.2360382080078,227.85787963867188,219.92672729492188,222.18551635742188,438534864,0.2903225806451613,0.03951612903225807,0.31758064516129036,62.0,0.004753384158435514,0.00474212250117825,0.020772450221340326,0.01465517260934103,220.46651131766183,213.49283498128256,1.0326646856180943
2023-10-27,224.4759063720703,229.85179138183597,220.20350646972656,223.21908569335935,554008090,0.208955223880597,0.06597014925373135,0.357910447761194,67.0,0.0055540681245525025,0.0055387011613691264,0.020770959767864115,0.014656181132972948,222.205806187221,213.90918477376303,1.038785718445109
2023-10-28,225.77407836914065,227.9706115722656,224.3576202392578,224.4715118408203,244363054,0.7,0.13,0.344,10.0,0.005783123979990146,0.005766465911433929,0.02077457649314609,0.014483962211303854,223.84415108816964,214.26578776041666,1.0447031858322764
2023-10-29,227.14845275878903,228.1461334228516,224.25831604003903,225.7879943847656,207847188,0.25,0.078125,0.3575,16.0,0.0060873878860499,0.006068934590789675,0.020434885970531367,0.014505946366266344,225.1871621268136,214.6614222208659,1.0490341478084393
2023-10-30,228.2874298095703,229.1914978027344,225.02120971679688,227.13491821289065,282899321,0.234375,0.05984375,0.30171875,64.0,0.005014240849752882,0.005001711410399687,0.009346650159812366,0.014497941246554439,225.1778281075614,215.11029307047525,1.0468017354882584
2023-10-31,226.43994140625,229.2413024902344,224.3313140869141,228.2823638916016,319329197,0.30666666666666664,0.07853333333333333,0.33199999999999996,75.0,-0.008092817045868173,-0.00812574164522693,0.008011348318528356,0.014401944761281038,225.3631112234933,215.39005330403646,1.0463023141805867
2023-11-01,228.00010681152344,229.14108276367188,222.8603973388672,226.4181671142578,384772000,0.2702702702702703,0.0777027027027027,0.3472972972972973,74.0,0.006889974425820844,0.006866347018098196,0.005258597716613442,0.014092536852237693,226.19456481933594,215.83145904541016,1.0480148066447785
2023-11-02,231.7230224609375,233.3360748291016,227.9074859619141,228.0166473388672,487639810,0.4177215189873418,0.09632911392405064,0.31506329113924053,79.0,0.016328569760239775,0.0161966923085652,0.007099180728833569,0.014236514204654015,227.40699114118303,216.44102834065754,1.0506648988160696
2023-11-03,230.60597229003903,232.21131896972656,226.34674072265625,231.7032623291016,332547803,0.23214285714285715,0.06535714285714286,0.41696428571428573,56.0,-0.004820626621538149,-0.004832283318861809,0.008064970908217752,0.014295119637376268,228.28271484375,217.01412455240884,1.0519256076745354
2023-11-04,237.45460510253903,238.5099639892578,229.65533447265625,230.5974884033203,267965564,0.125,0.051875,0.29125,16.0,0.029698419102027085,0.029265962379813992,0.01260769755338712,0.014785232881418146,229.95136151994978,217.90662231445313,1.0552747735592696
2023-11-05,244.32247924804688,245.59402465820312,236.7861785888672,237.44223022460935,419858434,0.375,0.164375,0.419375,16.0,0.028922893041144038,0.02851252016779015,0.014913317927062885,0.015359939494658826,232.40479387555803,218.93218739827475,1.061537806009193
2023-11-06,254.63479614257807,255.34230041503903,242.1800994873047,244.3204498291016,524115628,0.2631578947368421,0.06842105263157895,0.37543859649122807,57.0,0.04220781045718547,0.0413413576667625,0.01858821699126414,0.016635206629577716,236.16870335170202,220.34119822184246,1.0718318011229304
2023-11-07,246.39529418945312,255.5460968017578,242.69497680664065,254.65328979492188,549207441,0.21875,0.07109375,0.35703125,64.0,-0.03235811475078754,-0.03289321341009388,0.02508105245873543,0.018016514683642827,239.01946803501673,221.5037083943685,1.0790765977130412
2023-11-08,247.123291015625,247.8090667724609,244.58038330078125,246.3901214599609,369346518,0.18309859154929578,0.04746478873239437,0.3043661971830986,71.0,0.0029545890012498965,0.0029502327816164743,0.025259387559375207,0.01693259835845392,241.75135149274553,222.8827860514323,1.0846568987026173
2023-11-09,251.51084899902344,255.45465087890625,243.3295440673828,247.0521697998047,1116630429,0.2692307692307692,0.06474358974358974,0.36115384615384616,78.0,0.01775453040207786,0.017598759780950768,0.02530829426645635,0.017008563505147217,244.57818385532923,224.3139185587565,1.0903388671856522
2023-11-10,251.08236694335935,257.7880249023437,248.9433135986328,251.52682495117188,873515280,0.056338028169014086,0.055492957746478874,0.3152112676056338,71.0,-0.0017036324968461303,-0.0017050853289841184,0.024993341448026302,0.016806845183871627,247.50338309151783,225.79888356526692,1.0961231481021794
2023-11-11,251.42161560058597,255.07839965820312,246.72113037109372,251.09848022460935,872206327,0.3076923076923077,0.02307692307692307,0.44384615384615383,13.0,0.0013511448906451395,0.001350232915768417,0.024015683864908224,0.016662278631525407,249.49867030552454,227.3386235555013,1.0974759431699173
2023-11-12,247.6400146484375,251.6469268798828,245.83245849609372,251.43441772460935,758715918,0.23529411764705882,0.03294117647058824,0.29000000000000004,17.0,-0.015040874441583418,-0.015155135566076684,0.023515647171191843,0.01713200726026189,249.97260393415178,228.7254201253255,1.0928938453678838
2023-11-13,241.33506774902344,250.1243133544922,241.12713623046875,247.64047241210935,888039233,0.25396825396825395,0.054603174603174605,0.2977777777777778,63.0,-0.02546012973050782,-0.0257898473060485,0.017742654292739923,0.01809169675869946,248.07264273507255,229.88319244384766,1.079124750695586
2023-11-14,242.263671875,248.66522216796875,236.2857360839844,241.36984252929688,917236070,0.2923076923076923,0.06615384615384615,0.36646153846153845,65.0,0.0038477794985942726,0.00384039572974143,0.014093980827767433,0.017995595051508457,247.48241097586495,230.96723124186198,1.0715044279017605
2023-11-15,253.75534057617188,254.1817779541016,242.26116943359372,242.281005859375,921052035,0.2077922077922078,0.06207792207792208,0.42181818181818176,77.0,0.047434551834503624,0.04634389051325488,0.023350773099079163,0.01923903291256581,248.42984662737166,232.26494394938152,1.0695968250874441
2023-11-16,242.7588806152344,255.5850372314453,240.67567443847656,253.74478149414065,950453378,0.19696969696969696,0.026212121212121207,0.3190909090909091,66.0,-0.04333489074936958,-0.04430188685891858,0.028417974233652922,0.020985796960019683,247.1795654296875,233.30213216145833,1.0594826679879
2023-11-17,244.745361328125,245.9875946044922,238.9996490478516,242.83995056152344,788884171,0.1746031746031746,0.04746031746031747,0.3531746031746032,63.0,0.00818293735683806,0.008149638655734296,0.028852630682174765,0.020909246674503005,246.2742789132255,234.44360961914063,1.0504627501398058
2023-11-18,244.9507598876953,245.35305786132807,239.28082275390625,244.7462615966797,679630905,-0.15384615384615385,0.0007692307692307699,0.19615384615384615,13.0,0.0008392337180802567,0.0008388817583673488,0.02883849944784084,0.020920341656833607,245.34987095424108,235.57049611409505,1.0415135808662963
2023-11-19,246.58778381347656,246.93626403808597,242.4235076904297,244.9676818847656,618053586,0.17647058823529413,0.045294117647058825,0.2658823529411765,17.0,0.00668307347375352,0.006660840738590416,0.02857497499745238,0.020922496285761864,245.19955226353235,236.71339416503906,1.0358499278354172
2023-11-20,253.6350860595703,263.8700256347656,243.14175415039065,246.5845489501953,1289010990,0.2537313432835821,0.05149253731343284,0.354179104477612,67.0,0.028579283762996344,0.028178513929336648,0.027921502685985117,0.021335796175996406,246.95669773646765,238.02437489827474,1.037526924887463
2023-11-21,226.4864044189453,269.9175720214844,224.9817047119141,253.64385986328125,2480554399,0.21875,0.03421875,0.3375,64.0,-0.10703835207660772,-0.1132116464821143,0.05351784941169286,0.030319579775758786,244.70280238560267,238.3156758626302,1.0268011178864043
2023-11-22,236.1365966796875,238.17669677734372,225.6582489013672,226.46131896972656,1338117919,0.1,0.06185714285714286,0.3365714285714286,70.0,0.04260826289109909,0.04172551859487293,0.052735688561605105,0.03003023140589591,242.1858389718192,238.57513682047525,1.0151344444331638
2023-11-23,233.76580810546875,238.7913360595703,230.7522430419922,236.0960235595703,766695224,0.16129032258064516,0.07306451612903227,0.39967741935483875,62.0,-0.010039903206679357,-0.010090642935194032,0.050599183472320876,0.029968040442181845,240.90111432756697,238.86256510416666,1.0085344022932656
2023-11-24,232.9009552001953,236.3793029785156,232.1928558349609,233.7527008056641,709881299,0.29850746268656714,0.04746268656716418,0.2808955223880597,67.0,-0.0036996552758615797,-0.0037065159270318025,0.05026766903797976,0.029859271194003077,239.2090563092913,239.21993255615234,0.999954534529189
2023-11-25,234.43994140625,235.7812957763672,232.683349609375,232.9174346923828,553022191,0.4,0.10400000000000001,0.316,15.0,0.006607899932105532,0.006586163463744492,0.050465238638874074,0.029867921457706573,237.70751081194197,239.59339599609376,0.992128809826701
2023-11-26,232.0471954345703,234.49465942382807,229.3850555419922,234.4282073974609,606332049,0.3125,0.12687500000000002,0.331875,16.0,-0.010206221505291269,-0.010258662102706947,0.05014712488567201,0.029935854693477516,235.63028390066964,239.84577229817708,0.982424170511262
2023-11-27,227.4214782714844,232.80938720703125,223.48683166503903,231.98388671875,795547656,0.18181818181818182,0.0453030303030303,0.2534848484848485,66.0,-0.01993438082465515,-0.02013575121694056,0.04748224876737525,0.03016941889442203,231.88548278808594,239.90068562825522,0.9665894959025275
2023-11-28,229.6929626464844,231.75552368164065,224.6786346435547,227.4279937744141,674267936,0.3384615384615385,0.08184615384615385,0.3358461538461538,65.0,0.009987994063992645,0.009938443717162545,0.020335446765470572,0.030203440875204105,232.34356253487724,239.98550262451172,0.9681566594395858
2023-11-29,227.3427581787109,231.19744873046875,226.5194396972656,229.6932373046875,602240832,0.10526315789473684,0.035921052631578944,0.31197368421052635,76.0,-0.01023193937112754,-0.010284645494919748,0.010554710078004891,0.03025153598796433,231.08729989188058,239.95401357014973,0.9630482793500889
2023-11-30,227.68380737304688,229.1439666748047,226.2265472412109,227.3430328369141,572448874,0.4057971014492754,0.09478260869565218,0.3557971014492754,69.0,0.0015001542035830706,0.0014990300963481724,0.01060911009007252,0.030214919649181608,230.21844264439173,239.99547576904297,0.9592615940224637
2023-12-01,228.54563903808597,229.8910675048828,227.232666015625,227.68881225585935,611750028,0.4444444444444444,0.09031746031746031,0.38730158730158726,63.0,0.0037852128132547236,0.003778066922036634,0.01098655135131253,0.03019661817503388,229.59625462123327,240.01366017659504,0.95659661392732
2023-12-02,229.30084228515625,230.0343017578125,226.68960571289065,228.5385589599609,628871423,0.0,-0.010952380952380951,0.320952380952381,21.0,0.003304387037306178,0.0032989395475709754,0.010586610131892339,0.030050702391462115,228.86209760393416,239.93292083740235,0.9538586735207935
2023-12-03,228.09820556640625,231.6390380859375,226.4960174560547,229.2895355224609,719496781,0.20833333333333334,0.037083333333333336,0.24291666666666667,24.0,-0.005244798522172078,-0.005258600759060945,0.01018956307697213,0.030052995677490354,228.29795619419642,239.84932861328124,0.9518390462634583
2023-12-04,233.29530334472656,236.8349456787109,227.1553192138672,228.07546997070312,2139028703,0.27631578947368424,0.06144736842105263,0.3076315789473684,76.0,0.02278447463194655,0.022528785039229074,0.01060075878360008,0.029848421364049246,229.13707406180245,239.71068522135417,0.9558901133264551
2023-12-05,231.2613525390625,234.48468017578125,228.40753173828125,233.30865478515625,851959167,0.2903225806451613,0.06451612903225806,0.37048387096774194,62.0,-0.008718352990838452,-0.00875658017786083,0.01109383557756036,0.02936713346475896,229.3611297607422,239.2753143310547,0.9585657860359322
2023-12-06,229.4244079589844,234.5861053466797,229.4244079589844,231.2634429931641,850327297,0.38095238095238093,0.08285714285714285,0.3834920634920635,63.0,-0.007943154184259171,-0.007974869089351317,0.010731656570241993,0.02822521354138811,229.65850830078125,238.43496805826823,0.9631913899670026
2023-12-07,232.97743225097656,234.53843688964844,229.2009735107422,229.5322113037109,813730268,0.2898550724637681,0.08014492753623188,0.3378260869565217,69.0,0.015486688289187311,0.015367993423765719,0.011981532337350833,0.02786372527612209,230.41474042619978,237.98770599365236,0.9681791732231136
2023-12-08,238.91598510742188,239.8386993408203,232.6486053466797,232.9604949951172,828993280,0.14285714285714285,0.041428571428571426,0.29410714285714284,56.0,0.025489820190171653,0.02517037180152737,0.014576019830555353,0.02828827154727398,231.8962184361049,237.71412913004556,0.9755255999496864
2023-12-09,237.7686004638672,245.0052795410156,237.07989501953125,238.9132537841797,856746249,0.2,0.095,0.49800000000000005,20.0,-0.004802460760584104,-0.004814029629483292,0.015168577046042587,0.02807183535898504,233.10589817592077,237.2560541788737,0.9825076918803344
2023-12-10,239.733154296875,241.2505798339844,237.5577545166016,237.7937164306641,640133489,0.23076923076923078,0.0038461538461538455,0.4084615384615385,13.0,0.008262461187789949,0.00822851391915627,0.014461705518188466,0.02813240385300802,234.76803370884485,236.87774709065755,0.9910936615713198
2023-12-11,246.42086791992188,246.755859375,230.53103637695312,239.76890563964844,1442275453,0.11940298507462686,0.03402985074626865,0.36880597014925376,67.0,0.02789649034010999,0.02751447163272941,0.015437650431536595,0.028626378863207094,236.6431143624442,236.71105550130207,0.9997129785986802
2023-12-12,254.49497985839844,256.7091979980469,245.991943359375,246.36578369140625,1394681963,0.203125,0.0496875,0.33578125000000003,64.0,0.032765536484922864,0.032240190982037904,0.01587152765893768,0.029103247386707894,239.9622039794922,236.9395543416341,1.0127570495616778
2023-12-13,252.4233245849609,255.5629730224609,244.81398010253903,254.40396118164065,1052163656,0.32894736842105265,0.0681578947368421,0.35750000000000004,76.0,-0.008140259876993294,-0.008173572698948276,0.015916817271016487,0.028721162697647417,243.24776349748885,237.30916290283204,1.0250247420791265
2023-12-14,253.5412139892578,254.08792114257807,248.7257080078125,252.40560913085935,876150236,0.15789473684210525,0.05210526315789474,0.3436842105263158,76.0,0.004428629589341426,0.004418852066045806,0.016254007392830228,0.028722984034136402,246.1854466029576,237.6850809733073,1.0357631433779595
2023-12-15,244.8984375,253.5497131347656,243.86737060546875,253.51744079589844,769388533,0.0,0.0228125,0.3109375,64.0,-0.03408825079469724,-0.03468280587324599,0.022690713765313654,0.02816659832267287,247.04008265904017,237.38985087076824,1.04065140844427
2023-12-16,244.35096740722656,248.0863800048828,243.45065307617188,244.89642333984372,651447427,-0.125,0.0024999999999999953,0.369375,16.0,-0.0022354985126168403,-0.002238000969604982,0.022553248287552972,0.026967643393292554,247.9804207938058,237.4429204305013,1.044379088431861
2023-12-17,239.30828857421875,244.4321746826172,239.2306365966797,244.3507080078125,650163942,0.45454545454545453,0.10318181818181818,0.2727272727272727,22.0,-0.020637032406767064,-0.020852951748744235,0.02423878224014822,0.027192411265208816,247.9197256905692,237.26168467203777,1.0449210374328406
2023-12-18,241.3484344482422,241.3484344482422,232.7528076171875,239.2471466064453,871708609,0.36065573770491804,0.08885245901639344,0.3757377049180328,61.0,0.008525178489130036,0.00848904437626299,0.021520445242727802,0.02724363687189275,247.1950923374721,237.14160715738933,1.0423944380768675
2023-12-19,252.6371917724609,254.5745849609375,241.34768676757807,241.34768676757807,1254351945,0.0,0.06599999999999999,0.267,10.0,0.046773691944704154,0.04571275947487889,0.025439917680978426,0.028501229811333597,246.92969403948103,237.34325408935547,1.0403906147950446
2023-12-20,260.1073608398437,261.5574035644531,250.7650451660156,252.6297607421875,1053279744,,,,,0.029568762283072036,0.029140037176617027,0.02752174921374626,0.02853359280594566,248.02741350446428,237.55899658203126,1.0440665984999569
2023-12-21,271.24658203125,274.44061279296875,256.5984802246094,260.14862060546875,1183480386,,,,,0.0428254746633836,0.0419338318768137,0.030986905211220387,0.019904444936390573,250.55675179617745,239.0510025024414,1.04813093931124
2023-12-22,271.3764953613281,276.1597900390625,265.41949462890625,271.2765197753906,1014769310,,,,,0.00047894918750768234,0.00047883452795484746,0.024845205131026664,0.018743114699460207,254.3393314906529,240.2256657918294,1.05875169771016
2023-12-23,271.3909606933594,272.1670837402344,266.16845703125,271.3812866210937,695725248,,,,,5.330355531341091e-05,5.330213472938761e-05,0.0245992546307943,0.018558864353002365,258.20218767438615,241.4798375447591,1.0692494673661006
2023-12-24,264.71710205078125,272.59014892578125,262.775634765625,271.3775329589844,803502105,,,,,-0.024591307778002336,-0.024898724302383542,0.025608668830743333,0.019289624764465576,261.83201817103793,242.54037577311198,1.0795399212870544
2023-12-25,267.0733642578125,267.9342041015625,262.48712158203125,264.7352905273437,738674209,,,,,0.008901057728333939,0.00886167682924233,0.0255946794357612,0.01930352227038776,265.50700814383373,243.62815653483074,1.089804281738983
2023-12-26,297.6932373046875,302.70758056640625,265.0900573730469,267.0721740722656,1941843757,,,,,0.11464966988365366,0.10854015812796951,0.04328175436241011,0.02689653539136488,271.94358607700894,245.8163579305013,1.1062875895097855
2023-12-27,323.6773376464844,323.7694091796875,286.40338134765625,297.7483215332031,1893987416,,,,,0.08728481902060237,0.08368359683507016,0.049008856968805595,0.029649241399046178,281.02501133510043,249.02488657633464,1.128501714020284
2023-12-28,323.5989990234375,337.4258117675781,321.3273010253906,323.8037109375,1987714005,,,,,-0.00024202690128538595,-0.00024205619452245512,0.05005584523510966,0.029729018066239503,288.5039280482701,252.15508778889975,1.1441527140225742
2023-12-29,313.8787536621094,325.5014343261719,309.1914367675781,323.5130310058594,1415732360,,,,,-0.030037933957342444,-0.03049831542193194,0.053833521758647966,0.03045815247810887,294.57567923409596,255.03962097167968,1.1550192794036753
2023-12-30,317.16619873046875,320.111572265625,313.56005859375,313.8419494628906,901159404,,,,,0.010473614508799578,0.010419146198316034,0.05330817976436373,0.030408211653026877,301.114998953683,258.0223673502604,1.1670112248250368
2023-12-31,312.4356994628906,325.00653076171875,310.6978454589844,317.0681457519531,953254184,,,,,-0.014914890951535975,-0.015027236417411811,0.05196620011383831,0.030755113942167716,307.9319414411272,260.8187026977539,1.1806359676513298
2024-01-01,314.4082946777344,315.74566650390625,308.09674072265625,312.38592529296875,910568057,,,,,0.006313603785466304,0.0062937564839466095,0.05209711373961108,0.030736050305300612,314.69407435825894,263.6556177775065,1.1935800079322518
2024-01-02,312.10382080078125,320.9332275390625,308.35064697265625,314.2675476074219,1133024158,,,,,-0.007329558144498649,-0.007356551335450239,0.03661060345221687,0.030775554029313087,316.7527291434152,266.45580495198567,1.188762726338399
2024-01-03,316.6612854003906,332.74920654296875,301.419189453125,312.151611328125,1927148986,,,,,0.014602399252646281,0.014496810875279584,0.01581067090502631,0.030701717456018074,315.7504359654018,269.2346710205078,1.1727703373736396
2024-01-04,323.6000061035156,323.8224792480469,312.1454467773437,316.6244506835937,1285291962,,,,,0.021912121951856545,0.021675501735997735,0.018431127670917237,0.030556725827235242,315.7505798339844,272.3126261393229,1.1595150188608492
2024-01-05,317.4502868652344,327.0423278808594,310.6506652832031,323.6202392578125,1257230413,,,,,-0.01900407639768098,-0.01918697477472548,0.015588154915110074,0.03086632104106594,316.2607988630022,275.2468221028646,1.1490079937955104
2024-01-06,307.79449462890625,317.8272705078125,301.3959655761719,317.49517822265625,1051283820,,,,,-0.03041670660208684,-0.030888894221974904,0.019119275916448172,0.0317735755635176,314.92198399135043,277.74072418212893,1.1338703926790363
2024-01-07,302.8905334472656,309.88238525390625,301.0862121582031,307.7940673828125,817795075,,,,,-0.01593258250948615,-0.01606087056696885,0.019219796835423974,0.031953889772684985,313.55838884626115,279.87320912679036,1.120358714664291
2024-01-08,304.5003967285156,308.2834777832031,290.8804016113281,302.90350341796875,1141697708,,,,,0.005315000316872931,0.005300925552247823,0.01913090780180294,0.03186826565238149,312.1429748535156,282.09760233561195,1.1065070112937672
2024-01-09,300.9761047363281,306.6708068847656,296.5199890136719,304.4752502441406,1374376391,,,,,-0.011574014451382397,-0.011641514694637919,0.01930255368059459,0.03207445503349162,310.5533011300223,284.1390340169271,1.0929624724194762
2024-01-10,305.0968322753906,309.6028747558594,290.1220397949219,300.98260498046875,1199728038,,,,,0.013691211608551024,0.01359833375094888,0.01915225628480494,0.031876284597544116,308.9012363978795,286.0948994954427,1.0797159856490208
2024-01-11,308.7015075683594,316.7200622558594,302.64752197265625,305.2237854003906,1326827289,,,,,0.011814856503377325,0.011745606009032905,0.017075073326761177,0.031537161098830147,306.7728794642857,287.9017837524414,1.0655469912894706
2024-01-12,296.6304626464844,312.68658447265625,290.7372741699219,308.6283264160156,1198386629,,,,,-0.03910264325224255,-0.039887684511567725,0.020945362286443982,0.03255876931510166,303.79861886160717,289.37535502115884,1.0498427512577695
2024-01-13,302.227294921875,302.9240417480469,291.5197448730469,296.6254272460937,816347256,,,,,0.018868029350245008,0.018692235892943283,0.02096537384114895,0.03264841474465274,303.0033046177455,290.9982243855794,1.041254822971906
2024-01-14,299.05133056640625,306.5023193359375,299.0142517089844,302.22711181640625,787643004,,,,,-0.010508529205774497,-0.010564133689425033,0.020474702583944446,0.031904236930560874,302.45484706333707,292.8033208211263,1.0329624890016424
2024-01-15,317.5672607421875,319.5900573730469,299.0258178710937,299.0258178710937,1667214322,,,,,0.06191555857889641,0.06007440796257021,0.03127073772072275,0.033302761687246635,304.321541922433,295.2438639322917,1.0307463730803332
2024-01-16,315.22625732421875,318.7459411621094,313.5428466796875,317.5467834472656,1143877764,,,,,-0.007371677459753201,-0.007398982546325133,0.03091081717523676,0.03297958535607745,306.3572780064174,297.774462890625,1.0288232074452435
2024-01-17,309.0853881835937,315.92755126953125,307.3587646484375,315.1612243652344,1206464161,,,,,-0.019480830032217122,-0.019673082320353905,0.03218849995164187,0.033398215776079085,306.9270717075893,300.03236134847003,1.0229798889964121
2024-01-18,313.2928771972656,315.1431884765625,305.7171630859375,309.0931091308594,1105813150,,,,,0.013612707602899343,0.013520887044565109,0.03228625628290424,0.0326619558165048,307.5829816545759,302.05421752929686,1.0183038799143496
2024-01-19,314.3004455566406,315.6400756835937,306.3778381347656,313.2928771972656,1036123822,,,,,0.0032160589426377673,0.0032108984863374055,0.0265409851409418,0.032402652032500145,310.10726492745533,303.86065368652345,1.0205574863515439
2024-01-20,316.9603881835937,316.9603881835937,312.3036193847656,314.3002319335937,694855739,,,,,0.008463057130708718,0.008427446239651281,0.026149606205149716,0.03170223897352788,312.2119925362723,305.3844472249349,1.0223572135823553
2024-01-21,318.3186950683594,321.2838134765625,316.2225952148437,316.9617614746094,723174009,,,,,0.0042854152613509555,0.004276259018916714,0.02508723427845638,0.03169035184634856,314.96447317940846,306.9491872151693,1.0261127453600993
2024-01-22,305.43701171875,319.7400817871094,304.5782165527344,318.37908935546875,948987847,,,,,-0.040467881871792066,-0.04130949027678814,0.0192093573632154,0.03280741421879521,313.23158046177457,308.0840555826823,1.0167081833214533
2024-01-23,298.4039001464844,311.1738586425781,291.0572814941406,305.4375,1065495592,,,,,-0.023026389410664483,-0.0232956379598953,0.02036724721724386,0.03276009478489232,310.82838657924106,309.2069488525391,1.005243859275217
2024-01-24,293.0914306640625,300.3409729003906,290.8543395996094,298.4072265625,960725208,,,,,-0.017802949223565845,-0.01796332805261249,0.020211270242735075,0.032987915259011194,308.5435355050223,310.0742177327474,0.9950634972526339
2024-01-25,291.9192810058594,296.052490234375,287.7281494140625,293.0929870605469,1086918042,,,,,-0.003999262808698889,-0.004007281245903984,0.018139428439375483,0.026306049309430646,305.4901646205357,309.8817525227865,0.985828181664463
2024-01-26,302.3179931640625,303.7918395996094,290.8773803710937,291.9390563964844,964268733,,,,,0.035621875068931885,0.03500209175918975,0.024787483282518695,0.022087505161381752,303.7783857073103,309.1697743733724,0.9825617213811104
2024-01-27,305.8248291015625,307.41143798828125,302.0614318847656,302.3171691894531,691653061,,,,,0.01159982540502269,0.011533063220758463,0.025105171669801456,0.022229058744656208,302.1875915527344,308.5773020426432,0.9792929990391003
2024-01-28,304.9756164550781,308.7686462402344,303.2923583984375,305.7743835449219,782354766,,,,,-0.002776794313853248,-0.0027806567589847525,0.02480537240160359,0.02156479083096385,300.2814374651228,308.28053080240886,0.9740525510434745
2024-01-29,310.7080078125,310.7130126953125,304.60357666015625,305.0214538574219,824640185,,,,,0.01879622844623796,0.018621762159341648,0.020624679656713937,0.021765101679553697,301.03443690708707,308.0652577718099,0.9771774950684938
2024-01-30,307.4627380371094,312.96221923828125,306.9179382324219,310.7080078125,777667889,,,,,-0.010444757437178875,-0.010499686733032055,0.018411392577955023,0.021677750919970647,302.3285566057478,307.8994923909505,0.9819066418656868
2024-01-31,300.35107421875,307.864990234375,298.96063232421875,307.4723815917969,814318731,,,,,-0.0231301648575738,-0.023401864942649318,0.01958352588356881,0.022030307694861813,303.3656485421317,307.43091837565106,0.9867766395943559
2024-02-01,300.1759033203125,301.8831787109375,296.5621337890625,300.35107421875,754502530,,,,,-0.0005832204825407805,-0.0005833906217620766,0.019406866781071057,0.022003170125218616,304.545166015625,307.0333211263021,0.9918961398015378
2024-02-02,301.15496826171875,304.2850646972656,299.9427795410156,300.1639099121094,699579739,,,,,0.0032616373618821193,0.0032563297605909263,0.013869787107648482,0.021819857462221082,304.3790196010045,306.5164438883464,0.993026722285345
2024-02-03,299.7367248535156,303.5091552734375,299.62506103515625,301.181396484375,606345017,,,,,-0.004709347537546149,-0.004720471452656066,0.01283132961284861,0.021373491198413662,303.50929042271207,305.72100118001305,0.9927655910167628
2024-02-04,304.7341613769531,307.4093322753906,298.2126159667969,299.7156677246094,818836774,,,,,0.016672753483510494,0.016535288966249496,0.014782950617097322,0.021409897752716536,303.4747968401228,305.29713033040366,0.9940309511317428
2024-02-05,300.8540344238281,306.52313232421875,299.54913330078125,304.71844482421875,826414727,,,,,-0.012732825672030046,-0.012814582838079416,0.012782577376336549,0.02079587871398957,302.0670863560268,305.06578165690104,0.9901703321670904
2024-02-06,302.71014404296875,303.5723571777344,300.63946533203125,300.8583679199219,680038428,,,,,0.006169468934313249,0.00615051567526273,0.013049034523883911,0.020627060274923725,301.38814435686385,305.0597686767578,0.9879642460367023
2024-02-07,307.63458251953125,308.47808837890625,300.8495483398437,302.71160888671875,776516914,,,,,0.016267834340772946,0.016136930892710715,0.01070100985050652,0.020817441272237676,302.4286455426897,305.16424153645835,0.9910356600760453
2024-02-08,318.87188720703125,320.4073486328125,307.5062255859375,307.57354736328125,1206142745,,,,,0.036528093153462615,0.035876756388876205,0.01599147021428491,0.021664781976781393,305.09950038364957,305.7607676188151,0.9978373051575081
2024-02-09,323.84228515625,325.64459228515625,318.202392578125,318.9233703613281,1094700959,,,,,0.015587444828561114,0.015467208452713765,0.01597339165448552,0.02170215924967338,308.3405456542969,306.3856160481771,1.0063806180960282
2024-02-10,323.1338806152344,325.4266967773437,319.5799560546875,323.8716125488281,737748174,,,,,-0.0021874985864610563,-0.0021898946563980604,0.015599033776135396,0.021635130061147485,311.68299647739957,306.8666951497396,1.0156950930282929
2024-02-11,320.7875366210937,324.768310546875,320.30938720703125,323.103515625,706320478,,,,,-0.007261213184062698,-0.007287704107910474,0.016684296209665245,0.020258366510271096,313.97633579799106,307.67193094889325,1.0204906727424057
2024-02-12,327.9446105957031,331.4398498535156,315.93243408203125,320.80401611328125,982444950,,,,,0.02231094776934306,0.022065699683036028,0.01476163324609967,0.02035982302634774,317.84641810825894,308.5291748046875,1.0301989052071645
2024-02-13,324.86822509765625,329.2057800292969,319.4844055175781,327.9324035644531,886487720,,,,,-0.009380808217761882,-0.00942508511880256,0.016869463853878303,0.020335238728476358,321.01185825892856,309.3897379557292,1.0375646599657498
2024-02-14,334.2459716796875,334.369140625,323.8765869140625,324.8655700683594,887463520,,,,,0.028866309037186566,0.028457525220868876,0.0181958750397516,0.017940751061154836,324.813485281808,309.94569498697916,1.047969016944899
2024-02-15,354.7108154296875,365.1331176757813,333.8529968261719,334.2108764648437,1744161787,,,,,0.06122689720734087,0.05942568899052962,0.024472368858065342,0.020706506523649807,329.93333217075894,311.2618469238281,1.0599864243930293
2024-02-16,360.890380859375,365.5620727539063,351.7015991210937,354.68756103515625,1461675119,,,,,0.01742141812676823,0.017271405009954038,0.024484950649412713,0.020349648574174803,335.22591727120533,312.9886800130208,1.0710480559784443
2024-02-17,352.9081115722656,363.2817993164063,349.043212890625,360.8729553222656,1101515839,,,,,-0.02211826557444252,-0.022366542204689074,0.027865185794746443,0.02088918910138134,339.4793788364955,314.30918782552084,1.0800809902666515
2024-02-18,349.6799621582031,358.00885009765625,349.6799621582031,352.9129943847656,959954204,,,,,-0.009147280292539972,-0.009189373550095461,0.028099581304128447,0.021026937008541087,343.6068681989397,315.48850504557294,1.0891264268069134
2024-02-19,351.8070983886719,355.6981201171875,349.623779296875,349.67828369140625,1290009052,,,,,0.006083094431091229,0.006064667104514125,0.027824120463092187,0.02101247980121465,347.0157950265067,316.6500620524088,1.0958968167486796
2024-02-20,354.8639221191406,360.3736267089844,346.0740051269531,351.8079528808594,1489888631,,,,,0.008688919991863386,0.008651388574844864,0.02652566172801562,0.02103339171647878,351.3008946010045,317.8682362874349,1.1051777261674482
2024-02-21,378.5373229980469,379.0655212402344,351.4012451171875,354.8638610839844,2264483250,,,,,0.0667112078836749,0.06458027765670081,0.03287491578934233,0.0220914017385456,357.6282305036272,320.30491333007814,1.1165243354699557
2024-02-22,382.009765625,386.5940856933594,374.3027038574219,378.7139587402344,2002118598,,,,,0.009173316383840557,0.009131497070409769,0.027274263216452207,0.021330450965243334,361.52808053152904,323.09177551269534,1.1189640465401554
2024-02-23,375.319091796875,385.45794677734375,369.4000854492188,381.9831237792969,1755398357,,,,,-0.01751440520683678,-0.017669597134334858,0.028991374334131497,0.02131807547010961,363.5893249511719,325.83269755045575,1.115877343448226
2024-02-24,381.7427978515625,383.0736999511719,371.9991455078125,375.3238220214844,1088410661,,,,,0.01711531919128717,0.016970502173277672,0.026359931475891038,0.021246320697842658,367.7085658482143,328.8268147786458,1.1182438576237836
2024-02-25,388.5517272949219,390.4501037597656,378.1285705566406,381.74261474609375,1324081579,,,,,0.017836431968539568,0.0176792293527065,0.02480298452915788,0.020743089822790935,373.2616751534598,331.70127258300784,1.1252946732667464
2024-02-26,401.6438903808594,404.4400939941406,382.2568664550781,388.5350036621094,2011146388,,,,,0.033694775151521084,0.03313954406808466,0.025273352136261248,0.021226351585294744,380.3812168666295,334.89524129231773,1.1358215046555669
2024-02-27,394.9956359863281,403.7400512695313,390.9178771972656,401.6438903808594,1750697179,,,,,-0.016552609298319032,-0.016691134498681925,0.028588236584825493,0.021642351856531093,386.11431884765625,337.895908610026,1.1427019653359587
2024-02-28,415.7716064453125,427.04681396484375,394.66107177734375,394.9517211914063,2323818531,,,,,0.052597974676620085,0.051261369820756054,0.02497735476927276,0.022943706825628647,391.4335021972656,341.3980285644531,1.146560523044632
2024-02-29,399.7787170410156,419.7790222167969,392.3798828125,415.5836181640625,2058367303,,,,,-0.038465564161607735,-0.03922489989011771,0.03204324307645091,0.02437116136305281,393.971923828125,344.47522786458336,1.1436872435512235
2024-03-01,407.8107604980469,408.55279541015625,399.4783020019531,399.6724243164063,1527194519,,,,,0.020091223255907398,0.01989205786176257,0.030426457311870454,0.023673359525550077,398.6135907854353,348.0572174072266,1.1452530528021139
2024-03-02,410.9858703613281,414.84515380859375,406.5416564941406,407.8048400878906,1520439801,,,,,0.007785743219241192,0.00775559072576065,0.03036783296036877,0.023591252743545274,402.79117257254467,351.7508829752604,1.1451035152081595
2024-03-03,414.3810729980469,416.6257019042969,405.0853271484375,410.9778137207031,1810575392,,,,,0.00826111767232729,0.008227181412582338,0.030207435453196672,0.02355624863160774,406.4810791015625,355.52508646647135,1.1433260115102923
2024-03-04,419.0354309082031,423.8005676269531,411.4765319824219,414.4140319824219,2111212949,,,,,0.0112320716689156,0.011169460352234697,0.02839161875705395,0.02337694843361917,408.965584891183,359.5017100016276,1.1375900962733432
2024-03-05,394.6617431640625,427.0828857421875,363.22064208984375,419.0164489746094,3319029162,,,,,-0.05816617389921874,-0.05992642538022236,0.03742922568878102,0.026703193330709682,408.91788591657365,362.4992960611979,1.1280515310229438
2024-03-06,429.011962890625,433.4255065917969,386.2295227050781,394.6649475097656,3281109608,,,,,0.08703711550851523,0.08345575245818643,0.04583035135747049,0.02965946982481552,410.80936540876115,366.77122701009114,1.1200697741686765
2024-03-07,475.2906494140625,477.2071838378906,423.7870178222656,429.011962890625,3328990543,,,,,0.1078727180743817,0.10244170634227773,0.05388614524047177,0.03392703026161943,421.59678431919644,372.52391052246094,1.131730802803802
2024-03-08,488.09417724609375,489.57855224609375,464.8338623046875,475.2777099609375,3644157779,,,,,0.026938312057717573,0.026581862986308807,0.053845629985386265,0.03399222383197052,433.0658438546317,378.5392303466797,1.144044815270572
2024-03-09,489.5618286132813,494.0759582519531,482.640625,488.09271240234375,2314944823,,,,,0.0030069020193361773,0.0030023903313324708,0.05413840082965145,0.03383843975756364,444.29098074776783,384.22889506022136,1.1563185030062166
2024-03-10,529.374755859375,537.415283203125,486.8355407714844,489.5409240722656,4507153439,,,,,0.08132359371004605,0.07818584049459731,0.05691366603381141,0.03579454909621377,460.7186497279576,391.07997741699216,1.1780675982721371
2024-03-11,522.718017578125,532.7896728515625,509.9839172363281,529.4474487304688,3950105375,,,,,-0.01257471801888932,-0.012654448886107868,0.05924012278779757,0.036031967847575626,475.5304478236607,397.7327819824219,1.1956028503697167
2024-03-12,537.86572265625,547.018310546875,521.9139404296875,522.718994140625,4381078189,,,,,0.028978731493335186,0.028566787535616815,0.043917746364096184,0.03582582503336506,495.9881591796875,404.9687215169271,1.224756710399314
2024-03-13,630.5613403320312,631.1683959960938,532.0458984375,537.86572265625,5717769152,,,,,0.17233970073051674,0.15900149619697276,0.061089809235108795,0.044206634032134574,524.7809273856027,415.0559458414713,1.2643619074572667
2024-03-14,602.9887084960938,630.9562377929688,569.2069091796875,630.5613403320312,4918366892,,,,,-0.04372712069759732,-0.04471196805974317,0.06707629277632662,0.04551594931513715,543.0235072544643,424.3266286214193,1.27972997833927
2024-03-15,632.8027954101562,634.2008056640625,547.7039794921875,602.9675903320312,5849156503,,,,,0.0494438560689161,0.04826036296280781,0.06717730323172652,0.04577644278267465,563.6961669921875,434.2785227457682,1.2980060893367777
2024-03-16,576.7752075195312,641.4811401367188,571.286865234375,632.8027954101562,3952760767,,,,,-0.08853878063909348,-0.09270623172474304,0.08312019918806973,0.04966581260377636,576.1552211216518,441.680669148763,1.3044610311609457
2024-03-17,571.0855712890625,589.6356811523438,550.1432495117188,576.7752075195312,3512190982,,,,,-0.009864564489409089,-0.009913541664201773,0.08005924180915515,0.04989316234212799,582.1139090401786,448.6871754964193,1.29737140000968
2024-03-18,554.55712890625,586.5149536132812,540.8463134765625,571.0855712890625,3982384372,,,,,-0.028942146700544846,-0.029369231312809597,0.08111883778363164,0.050091441422783774,586.662353515625,455.4088094075521,1.2882103758133765
2024-03-19,507.0765686035156,559.8604125976562,498.5623474121094,554.55712890625,4346763421,,,,,-0.08561888005367457,-0.0895078141924701,0.08820452681258449,0.053465313035217725,582.2639029366629,460.6553629557292,1.2639902837571455
2024-03-20,556.7005004882812,558.9464721679688,501.1168518066406,507.0864562988281,3177352364,,,,,0.09786279815971288,0.09336537914097516,0.06879312533946667,0.055448308986595043,571.7123543875558,467.4851430257161,1.2229529920186282
2024-03-21,553.2482299804688,570.05322265625,541.6550903320312,556.7005004882812,2595135487,,,,,-0.006201306635766457,-0.006220614602229822,0.06781463871183047,0.05557611718633021,564.6065717424665,474.0979532877604,1.1909070010259475
2024-03-22,551.778564453125,587.7314453125,535.97265625,553.2482299804688,2949959002,,,,,-0.002656430599688786,-0.0026599651724066586,0.06278008379474005,0.05485052720517566,553.0316816057477,479.87266133626304,1.1524550701966738
2024-03-23,551.8795166015625,567.544677734375,544.9212646484375,551.778564453125,1962524597,,,,,0.00018295772061671656,0.00018294098589408328,0.05394018270821189,0.054894135298382885,549.4751543317523,485.5349863688151,1.1316901351252324
2024-03-24,567.9948120117188,572.4882202148438,549.5263061523438,551.8795166015625,1745465728,,,,,0.02920074930374872,0.028782529470026436,0.05546970100070116,0.054675419775627634,549.0336172921317,491.95751037597654,1.1160183668555745
2024-03-25,587.4276123046875,597.6621704101562,565.1378784179688,567.9948120117188,2490221265,,,,,0.03421298906611803,0.03364074043129949,0.05516791332145525,0.054793219716478055,553.7294006347656,498.8136708577474,1.1100926718439503
2024-03-26,580.1505126953125,597.0130004882812,572.8078002929688,587.4276123046875,2086911757,,,,,-0.012388078900180344,-0.0124654508065037,0.03716914285317788,0.05500637023641763,564.1685355050223,505.20029703776044,1.1167224936584992
2024-03-27,574.5115966796875,584.9867553710938,565.5116577148438,580.1593017578125,1983797879,,,,,-0.009719746673026664,-0.009767291745604577,0.018775159986870016,0.055032207557718434,566.7129778180804,510.962553914388,1.1091086293439683
2024-03-28,583.2708740234375,591.3146362304688,574.2017822265625,574.5115966796875,1986567688,,,,,0.015246476127502184,0.015131416637593532,0.01847542841282198,0.05476752769912696,571.0019269670759,517.2383951822917,1.1039434277995472
2024-03-29,612.657958984375,619.9725952148438,582.4693603515625,583.2867431640625,2788931743,,,,,0.050383254624431384,0.04915510197575001,0.023421222692307602,0.0547181053065629,579.6989833286831,523.8012736002604,1.1067154902931395
2024-03-30,601.016357421875,612.9949340820312,597.6298217773438,612.66015625,1750650703,,,,,-0.01900179601322527,-0.01918465021684465,0.026409907814649216,0.05417920355986478,586.7185320172991,530.5091949462891,1.1059535585932698
2024-03-31,606.9086303710938,608.6642456054688,600.8792724609375,601.005126953125,1456592924,,,,,0.009803847892750017,0.009756101984784375,0.02537581459069933,0.05417015418109622,592.2776489257812,537.1457906087239,1.1026385373970422
2024-04-01,576.3966674804688,607.6455688476562,570.0531616210938,606.90869140625,2020241864,,,,,-0.05027439282247226,-0.05158217065825375,0.03153988474077453,0.05544606431540203,590.7017996651786,542.6594838460286,1.0885312378190763
2024-04-02,550.6814575195312,578.1329956054688,546.8681640625,576.3765869140625,2480273065,,,,,-0.04461373809349589,-0.045639557545084156,0.03549476602378206,0.05641194737962016,586.4919346400669,547.2028299967448,1.0717998930004728
2024-04-03,562.0196533203125,567.9979858398438,540.246826171875,550.6814575195312,2096610785,,,,,0.020589390919121486,0.02038029464869493,0.03696490036020842,0.05644651990801972,584.7073713030134,551.9689707438151,1.0593120307380341
2024-04-04,585.4415283203125,597.8353271484375,561.34912109375,562.0196533203125,2340488273,,,,,0.041674476793876813,0.04082949221426909,0.04021520975765017,0.055137931742722454,585.0174647739956,558.3282969156901,1.0478019258664506
2024-04-05,578.9669189453125,591.3327026367188,565.7509765625,585.4832153320312,1983792648,,,,,-0.011059361288524028,-0.011120970686091122,0.03404891899402395,0.05366323808566675,580.2044590541294,563.3267954508464,1.0299606973067479
2024-04-06,585.966796875,590.6022338867188,575.9175415039062,578.9669189453125,1328988130,,,,,0.01209028996412953,0.012017786217609707,0.03439357862424902,0.05075198649650687,578.0545218331473,567.016000366211,1.0194677424619536
2024-04-07,584.1021728515625,590.8859252929688,578.7191162109375,585.966796875,1374676397,,,,,-0.0031821325600386308,-0.00318720631027646,0.033898804331665054,0.050646385040345,574.7964564732143,570.2162668863932,1.0080323727203202
2024-04-08,586.9009399414062,600.8928833007812,577.9833374023438,584.1021728515625,1739232272,,,,,0.004791571098221148,0.004780128060287877,0.027141264747645426,0.05064381418577821,576.2970668247768,573.460903930664,1.0049456952944358
2024-04-09,580.830322265625,589.666748046875,574.1403198242188,586.9009399414062,1988165022,,,,,-0.010343513296106388,-0.010397379193455875,0.018644687928363903,0.04884300621944816,580.6040475027902,575.1760894775391,1.0094370369779828
2024-04-10,610.0839233398438,610.4829711914062,574.46142578125,580.830322265625,1654268255,,,,,0.05036514099351819,0.04913785704441846,0.02425153675785122,0.04945514300736818,587.4703717912946,578.088286336263,1.016229502788393
2024-04-11,604.893798828125,617.4686279296875,592.6021728515625,610.0839233398438,1299527568,,,,,-0.008507230420539358,-0.00854362345486638,0.0213857764481063,0.04931318692678519,590.249267578125,580.3225555419922,1.0171055078616784
2024-04-12,596.380126953125,626.9840698242188,575.5808715820312,604.893798828125,2619549858,,,,,-0.014074655570107897,-0.014174642834416214,0.0217889089136337,0.03973949657540598,592.7368687220982,579.1831817626953,1.0234013821294903
2024-04-13,554.2998046875,599.8919677734375,517.2700805664062,596.3749389648438,2660310655,,,,,-0.0705595648879368,-0.07317255659369735,0.03592314175777029,0.04111376903687741,588.2130126953125,577.5602183024089,1.018444473935921
2024-04-14,567.2184448242188,570.257568359375,537.1805419921875,554.2998046875,1724305772,,,,,0.023306232525198034,0.023038789705919268,0.03781865131408414,0.040282995527505625,585.8010515485491,575.3740732828776,1.018122085700141
2024-04-15,552.87451171875,585.4859619140625,546.8653564453125,567.2184448242188,1488692418,,,,,-0.025288199346045537,-0.025613440752217824,0.03835801424680522,0.03688744353304224,580.9401332310268,574.5773834228515,1.0110737909144132
2024-04-16,537.829345703125,554.1048583984375,524.2218627929688,552.8746948242188,1299731119,,,,,-0.02721262365460342,-0.027589744473061693,0.039041668525437195,0.03716804786903427,574.797136579241,573.468842569987,1.0023162444245468
2024-04-17,534.416015625,548.0428466796875,514.1128540039062,537.8313598632812,1411927485,,,,,-0.006346492814858662,-0.006366717415983365,0.029187951311921687,0.03681959862877622,563.9874354771206,572.7974721272786,0.9846192815456413
2024-04-18,552.172119140625,555.0400390625,527.4300537109375,534.4149780273438,1439312699,,,,,0.033225245869286324,0.032685216580290236,0.0351757595817897,0.03330897319277144,556.4557669503348,574.3006571451823,0.9689276166188744
2024-04-19,554.8892822265625,564.5448608398438,525.0286254882812,552.172119140625,1320094794,,,,,0.004920862520487956,0.004908794649877885,0.035805904962298366,0.028601752341934166,550.5285034179688,574.240283203125,0.9587075646227892
2024-04-20,570.9605102539062,574.0986938476562,549.800048828125,554.8881225585938,697007137,,,,,0.028962945477800428,0.028551445977873253,0.02506950647374943,0.0290466254291788,552.9086042131696,574.8306925455729,0.9618633997511097
2024-04-21,579.6199340820312,582.2720336914062,567.1710815429688,570.9605102539062,782061076,,,,,0.015166414616440305,0.015052554341684803,0.024238868688526975,0.029148443653937674,554.6802455357143,575.7587381998698,0.9633900603401034
2024-04-22,605.5755004882812,608.5170288085938,579.1416625976562,579.6146850585938,1300340623,,,,,0.04478032048251923,0.04380664368357701,0.024734193168786698,0.030144316573063174,562.2089582170759,577.5486043294271,0.9734400776015005
2024-04-23,606.8406372070312,613.5433349609375,599.9375610351562,605.5755004882812,1380221181,,,,,0.0020891477903743905,0.0020869685557636714,0.018330415556538856,0.029751340613149147,572.0677141462054,578.8434651692709,0.9882943292430812
2024-04-24,608.0861206054688,617.3051147460938,592.944091796875,606.8406372070312,1518718475,,,,,0.002052406055352174,0.0020503027474470586,0.01672944369901868,0.029153391604822592,582.5920148577009,579.5320821126302,1.0052800057831415
2024-04-25,614.0050048828125,617.8062133789062,601.7774658203125,608.0906372070312,1161642323,,,,,0.009733628308191467,0.009686561720823597,0.015693876395143306,0.029077025285627042,591.4252842494419,580.6605651855468,1.018538746574697
2024-04-26,597.7054443359375,614.834228515625,597.1796264648438,614.0050048828125,817787521,,,,,-0.026546299162473308,-0.02690501478980098,0.02235243452285498,0.029479517537522492,597.5418788364956,581.4336934407552,1.0277042517099704
2024-04-27,595.7205200195312,599.2827758789062,586.1527099609375,597.7054443359375,781864034,,,,,-0.0033209072047378774,-0.0033264336556816337,0.021313090414742455,0.029373731544960105,601.0790230887277,581.848681640625,1.0330504168091938
2024-04-28,600.0711669921875,607.8242797851562,595.716552734375,595.7205200195312,681109845,,,,,0.007303167889052498,0.007276628892608891,0.020966375452823878,0.027952482340690993,604.0006277901786,581.429121907552,1.0388207350340037
2024-04-29,592.8312377929688,602.5989379882812,583.3385009765625,600.0711669921875,868114786,,,,,-0.01206511760181439,-0.012138491910190835,0.012734459208225577,0.027821032254956052,602.1800188337054,581.1562845865885,1.0361756980087935
2024-04-30,578.488037109375,603.3228149414062,556.1708984375,592.831787109375,1727881192,,,,,-0.024194407732277323,-0.024491900659942955,0.014753854715646159,0.028088868374058797,598.1296473911831,580.2089314778646,1.0308866598583242
2024-05-01,561.408203125,579.3329467773438,538.0464477539062,578.4874877929688,1502825527,,,,,-0.029524956245803424,-0.029969591537092482,0.016410463160799478,0.02701949514130946,591.4613734654018,579.709315999349,1.020272328116366
2024-05-02,560.5267333984375,565.4573974609375,543.5223388671875,561.408203125,877449354,,,,,-0.001570104821511209,-0.00157133872783045,0.014430604287524768,0.025666100973416175,583.8216203962054,580.0374918619792,1.0065239378269821
2024-05-03,587.0104370117188,590.2448120117188,559.4467163085938,560.5267333984375,854728192,,,,,0.04724788673809055,0.046165662927564716,0.025154698791999608,0.026760109785204687,582.2937622070312,580.870517985026,1.002450191872265
2024-05-04,585.8465576171875,593.1934204101562,583.2993774414062,587.0184326171875,582273374,,,,,-0.0019827235107712227,-0.0019846917090569575,0.02515316923828847,0.02570855766754086,580.8831961495536,580.8840189615886,0.9999985835175212
2024-05-05,592.140380859375,594.9953002929688,580.2462768554688,585.8465576171875,531182053,,,,,0.01074312575597669,0.010685828383759538,0.025403244142724782,0.025690882907530563,579.750226702009,581.3231343587239,0.9972942627537952
2024-05-06,588.4759521484375,601.88671875,583.3734130859375,592.139892578125,1522319999,,,,,-0.006188445897946204,-0.00620767369710335,0.02510199505721884,0.02563066219606853,579.1280430385044,581.4067728678385,0.9960806617059274
2024-05-07,577.4862060546875,599.9354858398438,576.7245483398438,588.4759521484375,1535678414,,,,,-0.0186749280979589,-0.01885150641499943,0.02430200676533205,0.02585936678388736,578.9849243164062,581.1862406412761,0.9962123736404342
2024-05-08,588.1974487304688,589.5725708007812,575.1480102539062,577.4862060546875,1603241013,,,,,0.01854804939664123,0.01837813220094594,0.021107340481753365,0.02607123392533696,582.8119594029018,581.2294576009115,1.002722679969667
2024-05-09,596.031982421875,602.5897216796875,586.7303466796875,588.1974487304688,1897318659,,,,,0.013319564218300828,0.013231638715237424,0.020885681064609272,0.02610089945445952,587.8841378348214,581.7361796061198,1.0105682927145159
2024-05-10,585.6221923828125,596.5833740234375,582.0457763671875,596.0276489257812,1521708160,,,,,-0.01746515345831623,-0.017619468649668908,0.014913736579574769,0.024648423213585933,587.6858171735491,580.9207885742187,1.0116453546376507
2024-05-11,592.0278930664062,594.20654296875,581.8966674804688,585.6221923828125,1333662111,,,,,0.010938281996332622,0.010878891682668819,0.015459581020548526,0.024708345187049088,588.568865094866,580.4919250488281,1.0139139576237146
2024-05-12,594.424560546875,599.1841430664062,587.8043212890625,592.0291748046875,1276671115,,,,,0.004048234058796174,0.004040062006794005,0.0149985943255806,0.02458974868325085,588.8951764787946,580.4267395019531,1.0145900186888497
2024-05-13,591.60693359375,597.7680053710938,585.520751953125,594.424560546875,1636169234,,,,,-0.00474009174609602,-0.0047513616085346,0.014899005907371693,0.02039464257593485,589.3424595424107,581.6703104654948,1.0131898584797563
2024-05-14,566.70703125,592.8369750976562,563.4202270507812,591.60693359375,1944063031,,,,,-0.04208859114022567,-0.042999980381542936,0.02152055634837638,0.021593352915900227,587.8025774274554,581.6532633463542,1.0105721302855297
2024-05-15,582.0743408203125,587.4215087890625,561.1272583007812,566.70703125,1895100260,,,,,0.02711685001757691,0.026755702485466732,0.0230650961489556,0.02157062555894723,586.9278477260044,582.6265909830729,1.0073825273502777
2024-05-16,569.1902465820312,586.4363403320312,565.7623291015625,582.1001586914062,1911862000,,,,,-0.022134791614630833,-0.02238344218272504,0.02320289192967868,0.02134650268422175,583.0933140345982,583.6719543457032,0.9990086206698869
2024-05-17,581.1783447265625,584.666015625,568.8367309570312,569.1902465820312,1557134929,,,,,0.02106167176356122,0.02084294065270223,0.024661953213522637,0.021560605892608563,582.458478655134,585.2306986490886,0.9952630304590072
2024-05-18,580.4811401367188,581.9871826171875,575.0185546875,581.1783447265625,1358737176,,,,,-0.0011996396565184808,-0.001200359800170763,0.02410127798490767,0.020815503373457802,580.8089425223214,586.1743326822917,0.9908467671461856
2024-05-19,574.6316528320312,581.876708984375,572.36962890625,580.4815673828125,1298887094,,,,,-0.010076963574233933,-0.010128079859563046,0.024024560053701523,0.020915540724139984,577.9813842773438,586.8324117024739,0.9849172826029629
2024-05-20,600.6163330078125,601.5638427734375,569.5235595703125,574.6316528320312,2145457267,,,,,0.04521971605239217,0.04422711791196519,0.030352749911518453,0.021800397060288378,579.2684413364956,587.8209391276042,0.9854505050401887
2024-05-21,618.4204711914062,629.861083984375,593.9327392578125,600.60107421875,3564986916,,,,,0.029643113590389403,0.029212250539623334,0.024066986786166096,0.022248405879257367,586.6560756138393,589.1142903645833,0.9958272702072416
2024-05-22,614.671875,625.5662841796875,610.5460205078125,618.4204711914062,2138536549,,,,,-0.006061565497960442,-0.00608001136443023,0.02401962183766515,0.020848584638678183,591.3128662109375,589.4175028483073,1.0032156550381877
2024-05-23,598.6708374023438,616.5244750976562,581.9541015625,614.671875,2631566566,,,,,-0.026031836250285934,-0.02637666196239304,0.02488726060163836,0.02141373993259966,595.5243791852679,589.145176188151,1.010827896509976
2024-05-24,600.2258911132812,604.3148803710938,588.8939819335938,598.6708374023438,1778282198,,,,,0.002597510374290124,0.0025941426747136515,0.024167027188766548,0.02141616121906027,598.2454572405134,588.8831685384115,1.0158983805316406
2024-05-25,602.1944580078125,606.3673095703125,599.6072387695312,600.2266235351562,1392399167,,,,,0.00327971006195682,0.0032743435434600334,0.024046698004163612,0.021343549824007244,601.3473597935268,588.4894836425781,1.021848948041284
2024-05-26,599.825927734375,604.830078125,598.6958618164062,602.1944580078125,1372657185,,,,,-0.003933165179356046,-0.003940920415281816,0.023494781801684805,0.020773552561654442,604.9465419224331,588.5601664225261,1.0278414619859666
2024-05-27,603.5264282226562,613.38818359375,599.7007446289062,599.825927734375,1691663828,,,,,0.006169290651137027,0.006150338485239059,0.01660080986436499,0.02079141445548639,605.3622698102679,588.8203633626302,1.0280932988682154
2024-05-28,601.2132568359375,604.985107421875,593.7161865234375,603.5264282226562,1852329404,,,,,-0.0038327590616551444,-0.0038401229045800065,0.010835834201805974,0.02076430155558465,602.9040963309152,588.8584330240885,1.0238523599546585
2024-05-29,594.9720458984375,602.9315185546875,592.9666137695312,601.2132568359375,1642696946,,,,,-0.010381026809598626,-0.0104352855023622,0.011095014757333533,0.020732092356019163,600.0898350306919,588.9297932942708,1.0189496980174761
2024-05-30,595.0267944335938,601.6650390625,586.5576782226562,594.9725341796875,1737524745,,,,,9.201866799224412e-05,9.201443453431737e-05,0.0056144653474722184,0.02020487464320416,599.5692574637277,589.4810852050781,1.01711364878678
2024-05-31,593.5223388671875,598.4236450195312,589.7748413085938,595.0267944335938,1590349553,,,,,-0.0025283828904517636,-0.0025315846484575463,0.0054178397314088465,0.01936086255964925,598.6116071428571,590.5515563964843,1.0136483439236954
2024-06-01,601.30419921875,607.5828857421875,592.6806030273438,593.5223388671875,1520074486,,,,,0.013111318381739734,0.013026109043258708,0.007667936125421006,0.0194550062681626,598.4844273158482,591.9108052571614,1.011105764585309
2024-06-02,603.026611328125,604.9780883789062,596.164794921875,601.3041381835938,1667233984,,,,,0.002864460470445529,0.002860365721186708,0.007546533400163668,0.017610303196294818,598.941667829241,592.444677734375,1.010966408069884
2024-06-03,626.4329833984375,637.2471313476562,601.1831665039062,603.0509643554688,2952110605,,,,,0.038814824471446796,0.038080471470366146,0.016123473960475483,0.018859129711241127,602.2140328543527,593.79755859375,1.014173979227087
2024-06-04,686.201416015625,687.40380859375,625.2649536132812,626.4329833984375,3416994948,,,,,0.09541073698409064,0.09112939520377168,0.0354738394607822,0.024865002677184382,614.3551984514509,596.9329264322917,1.0291863143205846
2024-06-05,698.889404296875,712.58837890625,685.777099609375,686.201416015625,3501231414,,,,,0.018490180849409787,0.018321315842384008,0.033097447319696535,0.024889950175550544,629.2005353655134,600.6133748372396,1.0475966099423288
2024-06-06,710.4640502929688,720.672607421875,692.9947509765625,698.889404296875,2997888288,,,,,0.016561484442218166,0.01642583867338317,0.03176234345455494,0.024519038127861093,645.6915719168527,605.0459696451823,1.067177709316048
2024-06-07,683.3609619140625,710.8385009765625,665.18017578125,710.4603881835938,2987033806,,,,,-0.03814843040647864,-0.03889513378273482,0.03918502570606053,0.0257918138703865,658.5256609235491,608.218086751302,1.082713051893864
2024-06-08,682.6651611328125,694.3128051757812,678.6458129882812,683.3685913085938,1966216051,,,,,-0.0010182038776419544,-0.001018722599349706,0.03996159607410637,0.025766170530450862,670.1486554827009,611.105859375,1.0966163148363297
2024-06-09,673.3153076171875,684.7598876953125,670.8135375976562,682.6638793945312,1856183346,,,,,-0.01369610469078264,-0.01379076161376857,0.041488369655628236,0.02566198176602333,680.1898978097098,614.0289632161458,1.107748882474579
2024-06-10,624.3868408203125,674.3134765625,615.77294921875,673.33544921875,3184376694,,,,,-0.07266798518220119,-0.07544361700345653,0.052128543058813544,0.029493195112267476,679.8975917271206,615.1075948079427,1.105331160704344
2024-06-11,602.55810546875,628.2633666992188,597.0418701171875,624.3967895507812,2604834485,,,,,-0.03496027450367811,-0.03558601217302871,0.0337980039114493,0.030265431052027864,667.9485473632812,615.3787129720052,1.085426800250186
2024-06-12,619.19482421875,634.6758422851562,592.2932739257812,602.6026000976562,2221546160,,,,,0.027610148463703243,0.02723586209398755,0.03554264595615069,0.03063692994077118,656.5636073521206,616.2983093261719,1.0653341043073323
2024-06-13,599.5150756835938,619.298583984375,596.3087768554688,619.2251586914062,1879189691,,,,,-0.0317828052907041,-0.03229884217411244,0.03247675320378719,0.030159293838306307,640.7137538364956,617.3919108072917,1.0377747790681426
2024-06-14,603.1805419921875,611.6287231445312,590.496337890625,599.4786987304688,1848914113,,,,,0.006114051935081299,0.006095436956313606,0.033531689437454416,0.02980539242752406,629.2594081333706,618.0954508463542,1.0180618661271972
2024-06-15,607.8029174804688,609.0504760742188,601.5859375,603.1141967773438,1471028668,,,,,0.00766333654102036,0.007634122334819315,0.03440286671905685,0.02948899785311806,618.5648018973214,619.3825398763021,0.9986797529372656
2024-06-16,610.0540161132812,611.197509765625,601.4769287109375,607.8084716796875,1428836675,,,,,0.003703665395592415,0.003696823714572469,0.0352644626042382,0.0292803890480757,609.5274745396206,620.3450622558594,0.982561983040695
2024-06-17,604.4673461914062,611.9440307617188,592.4261474609375,610.0736694335938,1797626078,,,,,-0.009157664361376217,-0.009199853536719364,0.02271172938808215,0.029343281723662133,606.6818324497768,621.1446024576823,0.9767159370770018
2024-06-18,588.7020874023438,604.65283203125,575.76171875,604.3328857421875,2265505402,,,,,-0.02608124142419832,-0.026427388904862573,0.02081600780140801,0.029711711509553013,604.7024012974331,621.6136169433594,0.9727946505916597
2024-06-19,598.771728515625,605.731689453125,587.01416015625,588.584716796875,1788904109,,,,,0.017104816389752697,0.01696017605237182,0.01853963178448312,0.02873876951687074,601.7848161969866,621.5521301269531,0.9681968527307131
2024-06-20,587.107177734375,607.4007568359375,584.7599487304688,598.771728515625,1817442036,,,,,-0.01948079748215037,-0.01967304912358712,0.015834234250843734,0.028403241112460408,600.0122593470982,620.5083536783854,0.9669688663983554
2024-06-21,585.9119262695312,588.7054443359375,578.015869140625,587.1126098632812,1672110625,,,,,-0.00203583180409439,-0.002037906926540182,0.015347566483298849,0.028391489222269035,597.5453142438616,619.5496887207031,0.9644832773263466
2024-06-22,590.7633666992188,590.9393310546875,581.1376342773438,585.9009399414062,1387634576,,,,,0.008280153060847173,0.008246060657750008,0.015427408270780808,0.028051148234072076,595.1110927036831,619.2861063639323,0.9609630937755248
2024-06-23,577.2108764648438,592.7726440429688,576.0581665039062,590.6715698242188,1444372224,,,,,-0.022940640869621,-0.023207872254375164,0.016487252318652765,0.028348784152926677,590.4192156110491,618.5189392089844,0.9545693400530764
2024-06-24,567.578125,581.2367553710938,552.9365234375,577.222900390625,2033721646,,,,,-0.016688444133000413,-0.016829265137552892,0.016835561776352603,0.028474176484435718,585.1493268694196,617.3650614420573,0.9478173667661282
2024-06-25,578.1034545898438,579.1007690429688,566.8991088867188,567.653076171875,1581413208,,,,,0.01854428337921532,0.01837443475693192,0.017602677925782444,0.02871149424579243,583.635236467634,616.6409790039063,0.9464749446434969
2024-06-26,572.4017944335938,584.1988525390625,567.8788452148438,578.1137084960938,1537826836,,,,,-0.009862698641535106,-0.009911657228952785,0.015422273390967849,0.0287188893929454,579.8681030273438,615.6034912109375,0.9419506408040351
2024-06-27,580.7982788085938,583.7315063476562,566.4297485351562,572.3585205078125,1659378248,,,,,0.014668864522531022,0.014562317415578055,0.01594379248097175,0.028869175068481086,578.9668317522321,614.9229919433594,0.9415273771476751
2024-06-28,566.4644775390625,584.3499755859375,565.00537109375,580.865966796875,1618598501,,,,,-0.02467948303657952,-0.024989126658817275,0.01825482985996799,0.029151465881200142,576.1886247907366,613.9727396647136,0.9384596213593936
2024-06-29,569.127685546875,572.9425659179688,566.06591796875,566.4916381835938,1375085097,,,,,0.004701456337355081,0.004690439009670493,0.017876138547314208,0.02917295040249541,573.0978131975446,613.1094360351562,0.9347398351975171
2024-06-30,581.7711181640625,584.0786743164062,567.7850341796875,569.1678466796875,1564676508,,,,,0.02221545874198405,0.021972290248827374,0.018491157395516326,0.029483967273099716,573.7492762974331,612.7177286783855,0.9364006449348117
2024-07-01,576.6869506835938,587.2811889648438,576.136474609375,581.674560546875,1613874196,,,,,-0.00873911977018249,-0.008777529821118894,0.017406862572716,0.029403422332796907,575.050537109375,611.8971537272135,0.9397829906653481
2024-07-02,578.9810791015625,581.0347290039062,573.8269653320312,576.6046752929688,1528045271,,,,,0.003978117443526941,0.00397022565704165,0.01597925336949935,0.029409656491833656,575.1759120396206,611.0956359863281,0.9412207814432647
2024-07-03,556.5777587890625,579.9353637695312,550.4166870117188,579.0103759765625,1736158280,,,,,-0.03869439109696726,-0.03946290922122723,0.021905683080464432,0.029231134838065925,572.9153355189732,608.7671284993489,0.9411075412879917
2024-07-04,513.9945068359375,556.8927612304688,512.42236328125,556.4862060546875,2056945763,,,,,-0.07650907942454022,-0.07959431092830299,0.034111766198025396,0.026582826197699482,563.3719395228794,603.0268981933593,0.9342401495036385
2024-07-05,497.9958190917969,515.2207641601562,456.9234008789063,513.614501953125,2865780557,,,,,-0.031126184290617864,-0.03162089671702889,0.034446313284055036,0.026334545499010112,553.5907026018415,596.3304453531902,0.9283287595252073
2024-07-06,527.6743774414062,530.4472045898438,496.6573181152344,497.9655151367188,1604647597,,,,,0.05959599902612567,0.05788770248011503,0.044725091131990004,0.028811144492532227,547.6688014439175,590.237456258138,0.9278787641094683
2024-07-07,490.6131286621094,527.4404907226562,488.9649353027344,527.4404907226562,1660301909,,,,,-0.07023507368123483,-0.07282349218507594,0.04741739466043569,0.030598435525430165,534.6462315150669,583.8125284830729,0.9157841009411781
2024-07-08,510.6142578125,523.1556396484375,472.1614074707031,490.7127990722656,2305009896,,,,,0.040767619091101936,0.039958536174826066,0.053297633064282125,0.0319463850617634,525.207275390625,578.0774983723958,0.9085412887880442
2024-07-09,516.568115234375,520.6463012695312,507.2747802734375,510.5447692871094,1586240513,,,,,0.011660186394680139,0.01159273028215772,0.053881300868205875,0.03216911697785168,516.2911376953125,572.8525919596354,0.9012635099182577
2024-07-10,524.5165405273438,529.192138671875,511.8351745605469,516.6347045898438,1592646761,,,,,0.015386983939886356,0.015269804796137664,0.05393014405247572,0.029873575079586122,511.7109636579241,569.5235819498698,0.898489509259628
2024-07-11,525.1380615234375,540.0792236328125,521.0379638671875,524.5767211914062,1685684515,,,,,0.0011849406988555522,0.0011842392107188605,0.043882519479308074,0.029359664721270384,513.3029000418527,566.9429138183593,0.9053872753867911
2024-07-12,533.75732421875,537.316162109375,517.9932861328125,525.1171264648438,1600204226,,,,,0.016413326945504236,0.016280084288088952,0.04122677345100016,0.02901635137537431,518.4116864885602,564.0949971516927,0.9190148629330112
2024-07-13,532.3488159179688,539.1996459960938,527.7648315429688,533.7614135742188,1436156860,,,,,-0.002638855219163183,-0.00264234313501826,0.03542554966770544,0.028553952434712544,519.0794634137835,561.8561218261718,0.9238654581650663
2024-07-14,544.8187255859375,547.3585815429688,532.1102294921875,532.3785400390625,1486806663,,,,,0.023424321225296474,0.023154182227922798,0.014170754844482535,0.02892851477794025,526.8231201171875,559.9107279459636,0.9409055655172778
2024-07-15,586.1410522460938,586.5435791015625,544.7008056640625,544.9208984375,2019082961,,,,,0.07584601027748317,0.0731073383729166,0.02517716834041903,0.03208641727345263,537.6126621791294,559.1886657714844,0.9614155205335079
2024-07-16,576.583984375,587.3955078125,556.6705322265625,586.0093994140625,2082707183,,,,,-0.01630506485507377,-0.016439455256870687,0.028669909653449885,0.03219068396737783,546.1863577706473,558.072998046875,0.9787005636935882
2024-07-17,568.9127197265625,584.0094604492188,565.4176635742188,576.5607299804688,1739938322,,,,,-0.013304678687447336,-0.013393978883017249,0.03071589456569094,0.03223264653864733,552.5286690848214,556.8878438313802,0.9921722573138467
2024-07-18,571.9515380859375,579.3433227539062,562.9327392578125,568.96826171875,1636814280,,,,,0.005341449143263288,0.005327234200250801,0.030520881564449494,0.03192342917849115,559.21630859375,556.3294921875,1.0051890407515498
2024-07-19,593.7021484375,598.0529174804688,565.973876953125,571.9271240234375,2052978808,,,,,0.03802876450748238,0.03732349583130415,0.03199080388826052,0.03252840422636056,567.7798549107143,556.1605061848958,1.0208920780900534
2024-07-20,593.5722045898438,598.30126953125,587.2839965820312,593.7093505859375,1585229672,,,,,-0.00021887043528179273,-0.00021889439091102937,0.031777869728008716,0.032321790685111755,576.5260532924107,556.3760070800781,1.0362165980486508
2024-07-21,601.8511962890625,603.6642456054688,583.540771484375,593.5726318359375,1815088659,,,,,0.013947741547196468,0.013851366905214239,0.03160095718494107,0.03241111844762833,584.6735491071429,556.9073160807292,1.0498579067371934
2024-07-22,587.9177856445312,605.191162109375,587.77197265625,601.8511962890625,1985538902,,,,,-0.02315092290327392,-0.023423114719749658,0.020857928332874327,0.03267806352276217,584.9273681640625,556.8124633789063,1.0504925924512294
2024-07-23,582.0995483398438,593.1072998046875,578.2872924804688,587.9177856445312,1839296067,,,,,-0.009896345112793248,-0.009945639428094014,0.020113591114822298,0.03244440113941308,585.7153058733259,556.975419108073,1.0515999194565466
2024-07-24,574.5784912109375,588.8692016601562,570.95361328125,582.10498046875,1601708271,,,,,-0.012920568570026214,-0.013004765147522466,0.02006649021299433,0.03238230553711927,586.5247017996652,557.2087646484375,1.0526121249541438
2024-07-25,570.71337890625,575.8388061523438,554.7559814453125,574.5784912109375,1995371028,,,,,-0.006726865630736878,-0.006749592971194937,0.02019290163728134,0.03222615456871371,586.3478219168527,556.9624287923177,1.0527600994348083
2024-07-26,581.0779418945312,582.7736206054688,570.4503784179688,570.71337890625,1665724792,,,,,0.018160714942664358,0.017997778892286105,0.014787807064890877,0.03234559021488611,584.5443638392857,557.2516337076823,1.0489773891733807
2024-07-27,581.5888061523438,592.8525390625,574.8931274414062,581.0779418945312,1760015335,,,,,0.0008791664955425382,0.0008787802550423229,0.014828847219614362,0.0322367707487903,582.8324497767857,557.2779846191406,1.0458558670231872
2024-07-28,584.099609375,584.68994140625,575.0437622070312,581.5888061523438,1464043630,,,,,0.004317145027716629,0.00430785289118953,0.013400511969001352,0.031894171104500796,580.2965087890625,557.8658223470052,1.040208031292702
2024-07-29,574.642578125,596.6491088867188,573.986083984375,584.099609375,1825858615,,,,,-0.016190785095917537,-0.016323288021053775,0.011893835849554108,0.032041236754715194,578.4000505719866,558.0496520996094,1.0364670032421144
2024-07-30,587.6651000976562,587.6651000976562,567.990234375,574.642578125,1811656040,,,,,0.022661951042937778,0.022408983720927728,0.014796437971237895,0.03205150953357745,579.1951293945312,558.2461181640625,1.0375264790006333
2024-07-31,576.3681640625,592.5235595703125,575.251953125,587.6651000976562,1798590737,,,,,-0.0192234250992257,-0.019410597751014703,0.015983370707501995,0.032214144294439695,579.4507969447544,558.2354919433594,1.038004220992003
2024-08-01,575.146728515625,577.2913208007812,553.7516479492188,576.3681640625,2045220020,,,,,-0.0021191932917768996,-0.0021214419593500217,0.015729908051751926,0.0322073337156061,580.0841326032366,558.1076802571614,1.0393767244628296
2024-08-02,542.9151611328125,577.0011596679688,540.11865234375,575.146728515625,2062337930,,,,,-0.05604059935452954,-0.05767212155231311,0.02528517308040484,0.03313071899127502,574.632306780134,557.6522603352864,1.0304491663579707
2024-08-03,529.4813232421875,544.6666870117188,522.1957397460938,542.9151611328125,1826715291,,,,,-0.02474389895945217,-0.02505517474152421,0.025375819742133026,0.0300088582455625,567.1883806501116,558.1684875488281,1.0161598035404935
2024-08-04,497.0390930175781,531.6157836914062,488.2488098144531,529.4813232421875,1980159444,,,,,-0.061271717812358295,-0.06322921099149537,0.029944666383089704,0.031700494013425236,554.7511640276227,558.1365966796875,0.9939344012340269
2024-08-05,464.6269226074219,499.3894348144531,407.5245971679688,497.0390930175781,4703145244,,,,,-0.06521050530126005,-0.06743391440075668,0.03398731263672,0.032055706821462124,539.0346418108259,556.035014851888,0.9694257149514396
2024-08-06,484.3238220214844,492.8955078125,464.2871398925781,464.6269226074219,2087680023,,,,,0.04239293604323713,0.041518970177790444,0.039286637665912456,0.030373651974943475,524.2716020856585,555.8253712972005,0.9432307864286567
2024-08-07,474.2247619628906,497.62408447265625,468.9976806640625,484.3238220214844,1883200228,,,,,-0.020851875541537446,-0.021072346100406637,0.03923368503673221,0.02960947435225639,509.6796875,554.6123881022136,0.9189835972543537
2024-08-08,517.3375244140625,521.0404663085938,469.190673828125,474.19970703125,1790085695,,,,,0.0909120862283137,0.08701412269514787,0.05864499666739118,0.03375576763899943,501.42122977120533,554.6380350748698,0.9040512876177329
2024-08-09,509.1827087402344,517.72314453125,500.1761169433594,517.3375244140625,1565495419,,,,,-0.01576304692582331,-0.01588860494929565,0.05564318342166808,0.033750665152338086,496.60230800083707,554.1269073486328,0.8961887636479566
2024-08-10,523.317626953125,524.9590454101562,507.8503112792969,509.1827087402344,1394699693,,,,,0.02776001221224056,0.02738168862360264,0.05666746564833808,0.03414543477836566,495.7217799595424,554.0662261962891,0.894697703129667
2024-08-11,503.8045349121094,535.5400390625,503.2338562011719,523.3178100585938,1563057068,,,,,-0.037287282208752104,-0.038000231740914665,0.05276799783214001,0.034680616272726714,496.68827165876115,553.0677998860677,0.898060367573522
2024-08-12,518.5361328125,523.5446166992188,500.2337036132813,503.8041687011719,1786263873,,,,,0.029240701263160807,0.028821347148718344,0.043387235012612185,0.03513100596469819,504.38958740234375,552.6073771158855,0.9127449402409441
2024-08-13,524.1285400390625,525.6865234375,514.5475463867188,518.5361328125,1757981177,,,,,0.010784990423386098,0.010727247216453803,0.04186540869033585,0.034910461943098985,510.0759756905692,551.9177042643229,0.9241884646017534
2024-08-14,524.0153198242188,531.5051879882812,516.50634765625,524.1285400390625,1604400640,,,,,-0.00021601612237198697,-0.000216039457215078,0.03987371757681588,0.031964619481320206,517.1889125279018,549.846846516927,0.9406053991290467
2024-08-15,519.870361328125,533.6436767578125,511.6082458496094,524.0153198242188,1645936961,,,,,-0.007909994878554705,-0.007941444843870807,0.023984966720501,0.031885705328221256,517.5507463727679,547.9563924153646,0.9445108288479488
2024-08-16,519.9686279296875,524.3740234375,511.040283203125,519.870361328125,1538941515,,,,,0.0001890213577697697,0.00018900349548379004,0.022876107173570866,0.031836053759695684,519.0915919712612,546.3249226888021,0.9501517694204599
2024-08-17,542.2342529296875,547.161376953125,518.940673828125,519.9686279296875,1554176167,,,,,0.042821093050657844,0.041929630193946056,0.02591933679788953,0.03285131871721195,521.79396711077,545.3343465169271,0.9568331252991666
2024-08-18,531.6085205078125,542.3954467773438,531.2366943359375,542.2342529296875,1458218557,,,,,-0.01959620286705288,-0.019790754291058057,0.02139475617640485,0.03215469148221112,525.7659650530134,543.2645589192708,0.9677899219101135
2024-08-19,559.81884765625,560.6581420898438,529.6116333007812,531.6085205078125,1721716619,,,,,0.05306598005895369,0.0517058903141496,0.02634131589410503,0.03370756074089674,531.6634957449777,542.1394470214843,0.9806766481685449
2024-08-20,569.2669677734375,574.556884765625,559.1103515625,559.81884765625,2062353969,,,,,0.016877102578348735,0.01673626667517257,0.026430860273665792,0.03375827592049684,538.1118425641741,541.0533060709636,0.9945634497122846
2024-08-21,570.0197143554688,575.0878295898438,547.611083984375,569.2669677734375,1887431524,,,,,0.0013223085558178305,0.0013214350757813971,0.026320505833232397,0.03351455098036609,544.6838989257812,540.4567036946614,1.0078215242816342
2024-08-22,583.0518798828125,589.4165649414062,561.2243041992188,570.0197143554688,1998394415,,,,,0.022862657552255694,0.02260522336440956,0.024956009564922284,0.03374211546307365,553.7098301478794,540.488448079427,1.0244619142470728
2024-08-23,591.8060302734375,597.5437622070312,575.76904296875,583.0518798828125,2037288685,,,,,0.01501435925802097,0.014902759445919464,0.023964439932778258,0.033754359258648135,563.9723161969866,541.0626993815105,1.0423418891039138
2024-08-24,580.76220703125,592.7732543945312,575.83740234375,591.8067626953125,1954023736,,,,,-0.01866122120635505,-0.018837538774438656,0.025039417258644277,0.0339216025808632,569.4763096400669,541.3976603190105,1.0518632631410183
2024-08-25,574.2499389648438,583.9363403320312,569.9006958007812,580.76220703125,1681089758,,,,,-0.011213312415240928,-0.011276655572456284,0.023522989416360555,0.03382425129113994,575.5679408482143,541.1700602213542,1.063562054066314
2024-08-26,548.8280029296875,575.981201171875,547.2277221679688,574.2499389648438,1818728257,,,,,-0.044269810600210846,-0.045279634426047856,0.02412133652255561,0.03480011841832497,573.997820172991,540.0780334472656,1.0628053440892953
2024-08-27,533.9758911132812,558.2140502929688,523.4385375976562,548.8280029296875,1853530701,,,,,-0.02706150512933836,-0.02743441064335374,0.02392565308764255,0.03508522194829862,568.9562377929688,538.4072428385417,1.0567395690915475
2024-08-28,536.816162109375,546.109375,523.7744140625,533.9758911132812,1861040561,,,,,0.0053190996885124076,0.005305003242603787,0.02426105314144502,0.03502397157948279,564.212873186384,537.1463623046875,1.0503894520770176
2024-08-29,536.6256713867188,545.4614868164062,532.3034057617188,536.816162109375,1577402536,,,,,-0.0003548528082830682,-0.0003549157834392227,0.02062243874269065,0.03471610597851372,557.5805576869419,535.4450480143229,1.041340394788798
2024-08-30,535.3157958984375,542.814697265625,523.058837890625,536.6256713867188,1598876190,,,,,-0.0024409482403187077,-0.002443932211276124,0.017707631053804927,0.03457795144455085,549.5105242047991,534.0766357421875,1.028898265585357
2024-08-31,532.89697265625,541.1749877929688,531.6283569335938,535.3157958984375,1284869085,,,,,-0.004518497792742937,-0.0045287370596064054,0.017925348011480543,0.03457992467743016,542.6726335797991,532.668310546875,1.0187815247027798
2024-09-01,512.59521484375,532.9790649414062,508.7206115722656,532.89697265625,1498350087,,,,,-0.03809696593190415,-0.03884162958371815,0.020507948091940134,0.03370456037067573,533.8648158482143,531.657645670573,1.0041514877019355
2024-09-02,526.438720703125,529.0226440429688,502.1722717285156,512.59521484375,1653356892,,,,,0.02700670130835059,0.02664845605497739,0.021518949399677953,0.03380230351640332,530.6663469587054,531.5562255859375,0.9983258993415962
2024-09-03,518.6689453125,537.9566650390625,518.6689453125,526.438720703125,1559458476,,,,,-0.01475912596293727,-0.014869125536003978,0.01989056475056518,0.031785410310753166,528.4796404157366,532.2772206624348,0.9928654090401013
2024-09-04,507.8204956054688,523.4694213867188,496.4385070800781,518.637939453125,1898187560,,,,,-0.020915942250012587,-0.021137779310094515,0.020301242777495003,0.02935843489680157,524.33740234375,533.7170064290365,0.9824258849309618
2024-09-05,502.0693664550781,512.6257934570312,497.3491821289063,507.8204956054688,1468645986,,,,,-0.011325122164542956,-0.011389739691385715,0.020041538631185275,0.028540202767745253,519.4007873535156,534.308524576823,0.9720990092098674
2024-09-06,486.9027404785156,508.8201293945313,473.1689147949219,502.0693664550781,1860035342,,,,,-0.030208228165060746,-0.030673898740629882,0.021190305282851915,0.028850719937066904,512.484636579241,534.731123860677,0.958396872205942
2024-09-07,493.2261352539063,499.1057739257813,483.2615966796875,486.9027404785156,1358748616,,,,,0.01298697717161379,0.01290336947967985,0.023341215314302267,0.023983375991531514,506.817374093192,533.9274108886718,0.9492252387822574
2024-09-08,503.0001525878906,506.4251098632813,491.0293273925781,493.2261352539063,1378399660,,,,,0.019816503294077803,0.019622712381165697,0.02217051497882119,0.024129268989489118,505.44665091378346,533.7213256835937,0.9470235244327255
2024-09-09,518.5453491210938,524.6112670898438,501.9822082519531,503.0001525878906,1602303180,,,,,0.030904953911493838,0.03043701253255144,0.023035716318719316,0.024256715440338656,504.3190264020647,533.5622497558594,0.9451924806015128
2024-09-10,517.4838256835938,523.913818359375,514.0165405273438,518.5453491210938,1461007853,,,,,-0.002047117844753976,-0.0020492160544999046,0.02235632350418822,0.02319506114262236,504.1497235979353,534.0182261149089,0.9440683837061649
2024-09-11,530.1940307617188,534.5135498046875,507.2425231933594,517.4838256835938,1629703281,,,,,0.024561550423986445,0.024264765392895384,0.02189366045369776,0.023020133402202325,507.34594290597096,534.4068227132161,0.9493627725973718
2024-09-12,544.3037719726562,547.791748046875,530.1493530273438,530.1940307617188,1725751181,,,,,0.026612410537075082,0.02626446004145555,0.021485248813466938,0.023423787878095195,513.3794294084821,535.0793304443359,0.9594454507935599
2024-09-13,557.01806640625,559.5098876953125,539.0565795898438,544.3037719726562,1745545933,,,,,0.023358821100053717,0.023090179233261916,0.010865198848600079,0.023757292264739174,523.3959045410156,536.1794219970703,0.9761581348861901
2024-09-14,553.5650634765625,559.3895263671875,548.8692016601562,557.01806640625,1412065214,,,,,-0.006199086058313097,-0.006218380170863264,0.014510085403821456,0.023734411167790428,532.0157514299665,537.3025787353515,0.9901604281933122
2024-09-15,553.9722900390625,561.5770874023438,552.3637084960938,553.5650634765625,1565883242,,,,,0.0007356435392480432,0.0007353730861695363,0.015548786365921646,0.0237331091085591,539.2974853515625,538.4360341389973,1.0015999137463798
2024-09-16,533.80908203125,554.7008666992188,527.4401245117188,553.9722900390625,1805132571,,,,,-0.03639750285414223,-0.037076416769210155,0.022765448977404065,0.02354504412182677,541.4780186244419,538.1551951090495,1.0061744707578621
2024-09-17,546.0135498046875,552.5006103515625,529.4241333007812,533.8087158203125,1617928146,,,,,0.02286298263603359,0.022605541181981485,0.023541489555517665,0.023620846275696043,545.553693498884,538.6353627522786,1.0128441822149488
2024-09-18,559.0445556640625,559.0445556640625,537.5084228515625,546.0135498046875,1657679444,,,,,0.023865718834333416,0.0235853840676615,0.02346292432091403,0.02203987161282382,549.6751970563616,538.6095530192057,1.020544834333381
2024-09-19,566.2235107421875,571.718994140625,553.5143432617188,559.0445556640625,1859308230,,,,,0.012841472124878184,0.01275971956002713,0.022190216934425307,0.02194722202434232,552.8065883091518,538.5081044514974,1.0265520309526601
2024-09-20,568.5850830078125,576.9052734375,559.6436157226562,566.2235107421875,1821452417,,,,,0.004170742155389373,0.004162068718408805,0.020820404870309648,0.021960041222880217,554.4590192522321,538.4602834065755,1.0297120072523092
2024-09-21,589.0379638671875,590.0252685546875,566.8111572265625,568.576416015625,1694887390,,,,,0.035971539652745355,0.03533967208228719,0.023524423475263696,0.022529435946097093,559.5265764508929,538.659819539388,1.0387382837081633
2024-09-22,588.0869140625,593.9545288085938,577.45263671875,589.0379638671875,1680179600,,,,,-0.001614581509218227,-0.0016158863506475494,0.02367627933689559,0.02236250014936101,564.4000941685268,538.5358489990234,1.048026970196278
2024-09-23,604.3660278320312,615.7206420898438,585.5076293945312,588.0869140625,2189508231,,,,,0.02768147595238135,0.027305270724723354,0.013183944820059678,0.02262246883708062,574.4796578543527,539.3226430257162,1.0651873517332744
2024-09-24,606.5230712890625,612.6076049804688,600.2676391601562,604.3660278320312,1904808937,,,,,0.003569101103794603,0.0035627469769758434,0.013953538469982036,0.022499260246378192,583.1238752092634,540.3984141031901,1.0790628913613256
2024-09-25,587.3525390625,607.762939453125,584.8588256835938,606.5230712890625,1744393946,,,,,-0.03160725969717648,-0.032117550535734764,0.021881795383482717,0.021661839366656346,587.1678728376116,541.6825653076172,1.0839704107961528
2024-09-26,596.7769165039062,608.8541870117188,581.2283325195312,587.3513793945312,2081857126,,,,,0.016045520900358934,0.015918152188405667,0.022050904718777894,0.021049896597004025,591.5326450892857,543.775932820638,1.0878242477943576
2024-09-27,607.8670043945312,614.4735107421875,596.5009765625,596.7769165039062,2144197609,,,,,0.018583305727698063,0.018412745905135083,0.0223463910171621,0.02121957427699989,597.1443481445312,546.1442942301433,1.0933820136055412
2024-09-28,601.5671997070312,617.3323974609375,595.207763671875,607.8670043945312,1858159482,,,,,-0.010363787871287666,-0.010417865880638569,0.02012495062034027,0.02137212071405723,598.9342389787946,548.3090118408203,1.0923297375106271
2024-09-29,596.4111938476562,602.660400390625,593.0492553710938,601.5671997070312,1649655134,,,,,-0.008570955766680766,-0.008607897644316962,0.020561411233268767,0.021463729716808877,600.1234218052456,550.3455251057943,1.090448444529248
2024-09-30,567.2600708007812,596.4414672851562,564.6533203125,596.4111938476562,1978021598,,,,,-0.04887755854951503,-0.0501124745135289,0.025023314508824935,0.023569393850731684,594.8225708007812,551.4909617106119,1.0785717484032078
2024-10-01,547.9971313476562,582.4347534179688,538.4796142578125,567.2600708007812,2124076272,,,,,-0.03395786244205801,-0.03454782506057696,0.0259500646302274,0.023324067053736398,586.4617222377232,552.6710255940756,1.0611407059151063
2024-10-02,542.7123413085938,557.9986572265625,536.1533203125,547.9971313476562,1821113448,,,,,-0.009643827926737347,-0.009690630784155123,0.024769469954387058,0.022952643720553983,580.0845511300223,553.2134796142578,1.0485726984355135
2024-10-03,544.4249877929688,550.507568359375,535.380615234375,542.7123413085938,1611934612,,,,,0.0031557168577471817,0.003150748034026834,0.022825669871312928,0.022757591000914425,572.6057041713169,554.0720143636067,1.0334499655771237
2024-10-04,555.3842163085938,557.4121704101562,542.2801513671875,544.4249877929688,1518084330,,,,,0.020129914609636756,0.019929986450008128,0.023179424399246543,0.022576171623878077,565.1081630161831,555.6574717203777,1.0170081242074276
2024-10-05,563.2091674804688,564.8151245117188,552.3409423828125,555.3842163085938,1426434745,,,,,0.014089257386326492,0.013990926330840234,0.02534934025843423,0.02249434958988346,559.6284441266741,557.6954650878906,1.0034660117569343
2024-10-06,570.542724609375,571.430419921875,561.5877685546875,563.2091674804688,1416593714,,,,,0.013021018748173185,0.012936974062318375,0.026733475344735833,0.021578134652300452,555.9329485212054,560.4834645589193,0.9918810878010558
2024-10-07,564.1497192382812,580.9834594726562,564.1204223632812,570.542724609375,1703177011,,,,,-0.011205129949682147,-0.011268380348077055,0.019062883767091744,0.021734540747363633,555.4886125837054,562.8475840250651,0.9869254632155764
2024-10-08,580.4038696289062,585.9742431640625,560.2928466796875,564.1497192382812,2143563900,,,,,0.02881176722479184,0.028404512251506264,0.014868174503789626,0.022003021435414324,560.118146623884,565.4277079264323,0.990609654907044
2024-10-09,570.2771606445312,585.0736694335938,567.143798828125,580.4038696289062,1913652029,,,,,-0.017447693777179252,-0.017601698769984055,0.01664937595463652,0.021818006671014405,564.0559779575893,567.1521016438802,0.9945409288314073
2024-10-10,562.7257690429688,572.0607299804688,551.783203125,570.27685546875,1559089785,,,,,-0.013241616748298046,-0.013330068653935207,0.018373259536559588,0.022007446551859523,566.6703752790179,568.660166422526,0.9965009134435668
2024-10-11,572.8572387695312,577.1348266601562,560.0671997070312,562.7257690429688,1622508791,,,,,0.018004275410726578,0.017844117933585067,0.018100416620555237,0.021821880059559203,569.166521344866,570.0822733561198,0.9983936493835133
2024-10-12,576.4497680664062,578.7108154296875,572.8572387695312,572.8572387695312,1482994534,,,,,0.006271247099175259,0.006251664657330027,0.017649488708467144,0.021374176683100776,571.0580357142857,571.1538065592448,0.999832320394508
2024-10-13,571.8217163085938,578.0640258789062,565.1304931640625,576.4497680664062,1472484694,,,,,-0.008028543013099743,-0.008060945309909938,0.01752646402686406,0.02106430907422698,571.2407488141741,571.6472615559895,0.9992888748549081
2024-10-14,588.9004516601562,591.4108276367188,569.9707641601562,571.8217163085938,1825783992,,,,,0.029867238099690496,0.02942989888501953,0.019661913965722956,0.021647810371306427,574.7765677315848,572.825107828776,1.0034067289930875
2024-10-15,594.189208984375,598.8892822265625,578.4895629882812,588.9004516601562,2040945899,,,,,0.008980732328034868,0.00894064537946658,0.01721106000474197,0.021682270651889452,576.7459019252232,574.1656717936198,1.0044938773917693
2024-10-16,600.8178100585938,605.1041870117188,589.9337768554688,594.189208984375,1918592073,,,,,0.011155707599518339,0.011093941631031608,0.014608733741447324,0.020409186338434363,581.1088518415179,576.3992960611979,1.0081706480429498
2024-10-17,592.0396118164062,605.8289794921875,585.7150268554688,600.8178100585938,1739191571,,,,,-0.014610416161483952,-0.014718199418789777,0.014943453335052825,0.02036980136184523,585.2965436662946,577.9334981282552,1.0127402989476921
2024-10-18,599.364990234375,602.1707153320312,591.6998291015625,592.0396118164062,1638190792,,,,,0.012373122121835944,0.01229720066181061,0.01442644297225933,0.02007274881993087,589.0833653041294,579.2775126139323,1.0169277288979321
2024-10-19,597.9749145507812,600.9993286132812,595.72705078125,599.364990234375,1432675869,,,,,-0.0023192473805487834,-0.0023219410003412332,0.014806228791747894,0.019990999608303417,592.1583862304688,580.3358927408855,1.0203718116309273
2024-10-20,605.517822265625,606.3153686523438,593.7393188476562,597.9749145507812,1608355248,,,,,0.012614087198808743,0.012535192365660428,0.013730532774047144,0.02008308377407257,596.9721156529018,581.5669840494792,1.0264890064703398
2024-10-21,598.8175659179688,610.9203491210938,591.6964721679688,605.517822265625,1917193200,,,,,-0.011065333011316403,-0.01112700920912155,0.011671542251473762,0.019203516321877407,598.3888462611607,581.8929707845052,1.0283486419408294
2024-10-22,593.3606567382812,599.5232543945312,587.2017211914062,598.8175659179688,1739710555,,,,,-0.009112807456344796,-0.00915458307533584,0.01197763958238869,0.019281984350228182,598.2704816545759,582.0687622070312,1.027834717304039
2024-10-23,582.473388671875,593.810791015625,573.0883178710938,593.3606567382812,1719055847,,,,,-0.018348483241632185,-0.018518904527415152,0.012540446575887754,0.01887956661764259,595.6498500279018,581.3390075683594,1.0246170345929515
2024-10-24,594.15478515625,597.5253295898438,583.0283813476562,584.6485595703125,1595144217,,,,,0.02005481574190071,0.019856366775620093,0.014472781943204761,0.01925286749273317,595.9520176478794,580.9267313639323,1.0258643396365492
2024-10-25,574.2536010742188,596.9539794921875,567.056884765625,594.15478515625,1712373877,,,,,-0.03349494875615222,-0.03406875402164789,0.018286412865574888,0.019365673778160113,592.3646763392857,580.4901000976563,1.0204561218867156
2024-10-26,582.8060913085938,586.1702270507812,571.3250122070312,574.2536010742188,1433826425,,,,,0.014893228737924202,0.014783413598889914,0.01994529398836676,0.01933307237138969,590.1977015904018,580.0244059244792,1.017539426896542
2024-10-27,588.7158203125,590.1192626953125,581.2571411132812,582.8060913085938,1402058513,,,,,0.010140129096174899,0.010089062908812504,0.019633026101956334,0.019106388375629862,587.7974155970982,579.3860331217448,1.0145177515412869
2024-10-28,600.5960693359375,603.7217407226562,585.1207885742188,588.7158203125,1671332663,,,,,0.020179938458475988,0.019979021991128543,0.0212130263767654,0.019397183112239563,588.0514875139509,579.353662109375,1.0150129807981325
2024-10-29,605.6682739257812,611.781494140625,599.9456787109375,600.5960693359375,1886358424,,,,,0.008445284358007843,0.008409822461380608,0.02092812437938687,0.01938723310706992,589.8097185407366,579.6622314453125,1.0175058621123594
2024-10-30,595.7278442382812,606.065185546875,594.447509765625,605.6682739257812,1662620787,,,,,-0.01641233347599469,-0.016548507836236993,0.020602221518180537,0.017211320889645564,591.7032121930804,580.6111572265625,1.0191041023384773
2024-10-31,576.0344848632812,596.06884765625,571.4256591796875,595.7278442382812,1810695051,,,,,-0.03305764463667238,-0.033616397132660424,0.023158077756876647,0.01714451546067476,589.1145978655134,581.5457356770834,1.0130150764146137
2024-11-01,572.7622680664062,584.7971801757812,568.1642456054688,576.0344848632812,1708220753,,,,,-0.005680591844517191,-0.005696787770455586,0.019259749088759485,0.017068650191827957,588.9015502929688,582.5473999023437,1.0109075251072963
2024-11-02,568.0368041992188,576.4204711914062,562.9451293945312,572.7622680664062,1427236241,,,,,-0.008250305808621516,-0.00828452794027496,0.01817761672529165,0.017164776725597457,586.7916521344866,583.3344604492188,1.005926602866228
2024-11-03,557.6416015625,569.0484619140625,547.816650390625,568.0368041992188,1584005358,,,,,-0.01830022730899139,-0.018469747829976617,0.017776093884273408,0.017168254450288554,582.3524780273438,583.4097066243489,0.9981878453769266
2024-11-04,552.0711059570312,564.1986083984375,543.9083251953125,557.6416015625,1580672363,,,,,-0.009989383126833284,-0.01003961179669453,0.012934100595167577,0.017059750080220936,575.4203404017857,583.0384379069011,0.9869337988547303
2024-11-05,563.612060546875,571.9705200195312,551.2522583007812,552.0711059570312,1513727150,,,,,0.02090483357182249,0.020689325799924434,0.016508070024631016,0.017329484409166564,569.4123099190848,582.8074157714843,0.9770162398591515
2024-11-06,591.9952392578125,594.8584594726562,563.284912109375,563.612060546875,2342544855,,,,,0.0503594239686731,0.04913241413682319,0.02741493823897542,0.01940817738331966,568.8790806361607,583.7355997721354,0.9745492323206362
2024-11-07,598.4359130859375,610.3167114257812,588.6566162109375,591.9952392578125,1970633102,,,,,0.01087960409310007,0.010820846985712932,0.023431484864325898,0.018827793863746212,572.0792846679688,584.3366678873698,0.9790234228091199
2024-11-08,597.9484252929688,605.9241333007812,589.5486450195312,598.4359130859375,1878681588,,,,,-0.0008146031718834212,-0.0008149351413417352,0.023114923481643387,0.01850191069908432,575.6773071289062,585.259043375651,0.9836282132583901
2024-11-09,624.3746948242188,637.8369750976562,597.845703125,597.9484252929688,2739276599,,,,,0.04419489777617902,0.04324615573087269,0.025802008510015816,0.01976973554864398,583.7255772181919,587.3140075683593,0.9938900991566257
2024-11-10,628.302490234375,643.664306640625,613.567138671875,624.3746948242188,2965668641,,,,,0.006290766494407629,0.0062710622163628825,0.02212372444586975,0.019591595361639173,593.8199898856027,589.1621826171875,1.0079058150808733
2024-11-11,661.88720703125,664.1434936523438,614.0211791992188,628.302490234375,3375111971,,,,,0.053453101521763635,0.05207343644326178,0.02190584359024996,0.021537011004263026,609.5080043247768,592.010097249349,1.0295567713400975
2024-11-12,627.0038452148438,666.9176025390625,613.6227416992188,661.8871459960938,3603680244,,,,,-0.05270287965357112,-0.0541424859591387,0.03755307875664052,0.02397676658801655,618.5639735630581,593.8495015462239,1.041617399614691
2024-11-13,621.0003051757812,638.8924560546875,600.5243530273438,627.0038452148438,3294001434,,,,,-0.009574965265173763,-0.00962109997342788,0.03520433662388372,0.023552676087993153,622.7075544084821,594.9194966634115,1.0467089377653938
2024-11-14,621.6801147460938,659.531982421875,612.5340576171875,621.0,3392713356,,,,,0.0010947008635044941,0.0010941021154410578,0.035212672385709506,0.023513826454568114,626.0281546456473,595.835860188802,1.0506721674108004
2024-11-15,618.866455078125,628.1688842773438,604.2251586914062,621.6801147460938,2547491086,,,,,-0.004525896198429802,-0.004536169074327949,0.03535072649608259,0.023467208760160268,629.0164446149554,596.4374816894531,1.054622594866473
2024-11-16,622.3731689453125,633.4874877929688,617.8651733398438,618.98779296875,2115528251,,,,,0.005666349886010336,0.005650356513083932,0.031164004414554664,0.023291161322168026,628.7305123465402,597.4486002604167,1.0523591687594351
2024-11-17,618.4000854492188,646.4497680664062,606.1865234375,622.3731689453125,2452647630,,,,,-0.006383764105426737,-0.006404227462822487,0.031075926218434524,0.023247023278957158,627.3158830915179,598.0831034342448,1.0488774544698152
2024-11-18,619.4354858398438,629.09716796875,613.0554809570312,618.4000854492188,2284855769,,,,,0.001674321228259279,0.0016729211150798631,0.02038702857922392,0.023238528756716254,621.2513514927456,598.7984558105469,1.037496582471653
2024-11-19,615.9874267578125,621.5847778320312,606.5615844726562,619.4354858398438,2075194269,,,,,-0.005566453909814806,-0.005582004348428194,0.005421402643859973,0.023168439566832937,619.6775774274554,599.1474426269531,1.0342655802893663
2024-11-20,606.1174926757812,620.4660034179688,600.7662353515625,615.9874267578125,2115915285,,,,,-0.016022947309136892,-0.016152702637923955,0.0071358173520183294,0.023273873367514304,617.5514613560268,599.3907735188802,1.030298577554889
2024-11-21,622.8263549804688,629.3636474609375,594.548095703125,606.1171264648438,2698689844,,,,,0.02756703528044402,0.027193906408992056,0.013707713901107994,0.02370131817941726,617.7152099609375,600.3729634602864,1.0288857885949727
2024-11-22,633.513427734375,639.73193359375,617.4517822265625,622.8263549804688,2447537777,,,,,0.017158992499990422,0.01701343965566042,0.01482456446388534,0.02354777870075196,619.807634626116,602.0742980957032,1.0294537345083514
2024-11-23,651.197265625,679.4188842773438,632.2477416992188,633.5134887695312,3306614137,,,,,0.027913911712759587,0.027531420056214978,0.017464358805681087,0.02378002616779419,623.9253627232143,603.9757141113281,1.0330305476624
2024-11-24,660.3175659179688,687.3417358398438,638.9230346679688,651.197265625,3110188599,,,,,0.014005433951285617,0.013908264080949603,0.01663712030812422,0.022789910564107695,629.91357421875,606.8445129394531,1.0380147810310654
2024-11-25,636.6397094726562,675.9611206054688,627.268798828125,660.3167114257812,2787672069,,,,,-0.03585828647825795,-0.03651698944792643,0.024147908006016374,0.023901264907326625,632.371320452009,608.6389668782552,1.0389924977946752
2024-11-26,613.5872802734375,645.29296875,600.9912719726562,636.6397094726562,2637257322,,,,,-0.03620953713099928,-0.03688137016725785,0.02867299254436696,0.02493329229587745,632.0284423828125,609.4680155436198,1.0370165886704814
2024-11-27,644.948486328125,646.851806640625,608.6214599609375,613.5872802734375,2393610865,,,,,0.05111123887821112,0.049847927281883614,0.033186521009798735,0.02626254892339218,637.5757271902902,610.9464294433594,1.0435869602694838
2024-11-28,654.3616333007812,663.02197265625,641.6170654296875,644.948486328125,2597378212,,,,,0.014595191976103372,0.014489707302346035,0.032354427583113486,0.026334086056044564,642.0807669503348,612.5695414225261,1.048176122925206
2024-11-29,654.8097534179688,663.32470703125,649.1632080078125,654.3617553710938,2098059690,,,,,0.0006848202803808601,0.000684585897973096,0.03210454243466683,0.026089312825882973,645.1230991908482,614.5389383951823,1.0497676532516131
2024-11-30,654.3291625976562,676.9244384765625,648.8923950195312,654.8097534179688,2273610461,,,,,-0.0007339396180400248,-0.0007342090835771787,0.03049495153679423,0.025165698876490648,645.5705130440848,617.1487609863282,1.04605332434328
2024-12-01,655.9324951171875,664.2872924804688,646.5952758789062,654.3291625976562,2055110342,,,,,0.0024503455006743557,0.0024473482992588926,0.029969841692120077,0.025098557873220788,644.944074358259,619.9211018880209,1.040364769636053
2024-12-02,647.594482421875,667.4237060546875,629.906005859375,655.9324951171875,2641248821,,,,,-0.01271169328761923,-0.0127931781375131,0.026407334734278063,0.02519119944193568,646.5090419224331,622.5730244954427,1.0384469234695626
2024-12-03,737.6965942382812,744.779296875,625.9749755859375,647.6990966796875,4177512806,,,,,0.1391335384443706,0.1302679194227594,0.04997922551865745,0.033730532007466694,664.2389439174107,628.5748575846354,1.056738009645849
2024-12-04,739.2527465820312,793.3505249023438,723.5433349609375,737.6965942382812,5614818578,,,,,0.002109474756836649,0.002107252938992237,0.04948775577903916,0.03356252569243811,677.7109810965402,634.8142456054687,1.0675736812587715
2024-12-05,714.3219604492188,739.947509765625,695.9388427734375,739.253662109375,3771629643,,,,,-0.033724306400052084,-0.03430608838622942,0.05357805304230825,0.0344340126515942,686.2767421177456,639.8379089355469,1.0725790587485753
2024-12-06,732.0062866210938,746.1255493164062,708.4383544921875,717.95849609375,2870854029,,,,,0.024756800365977494,0.024455316502249937,0.053455701068186784,0.03370201579498852,697.3048182896206,644.5049438476562,1.0819231488384746
2024-12-07,750.2726440429688,761.0914306640625,730.8739624023438,732.0062866210938,2326982728,,,,,0.024953825883369918,0.024647563657020043,0.05299656346357632,0.0338492112019675,711.0110299246652,649.5661682128906,1.0945936914799979
2024-12-08,743.295654296875,757.5942993164062,729.051513671875,751.73193359375,2035017685,,,,,-0.009299272473133335,-0.009342780647041122,0.05381165913763441,0.033957405375222745,723.4914812360491,654.4110758463542,1.1055611800279401
2024-12-09,689.9243774414062,743.295654296875,662.2440795898438,743.295654296875,3267965774,,,,,-0.07180356369223717,-0.07451189154058449,0.06380076781094816,0.036373450651093764,729.5386090959821,656.5960652669271,1.1110919600156324
2024-12-10,676.98291015625,704.5599975585938,650.5972900390625,689.9243774414062,3102408468,,,,,-0.01875780550493067,-0.018935964571863712,0.034954748675257295,0.03659359166990391,720.8652256556919,658.2187459309896,1.0951757757006673
2024-12-11,711.8114013671875,712.8771362304688,660.154052734375,676.98291015625,2276828057,,,,,0.05144663282991724,0.05016696150116855,0.04221505747682532,0.03650606104651672,716.9450334821429,659.8828857421875,1.086473143906098
2024-12-12,705.9442138671875,725.2216796875,700.1067504882812,711.8114013671875,2393129125,,,,,-0.008242615233095218,-0.008276773417381728,0.04035011556677592,0.03498408802360576,715.7482125418527,662.5142313639323,1.0803514530824894
2024-12-13,726.2548217773438,729.6268920898438,698.5020751953125,705.9443359375,2449855057,,,,,0.028770839835762674,0.02836473023848368,0.04079681484228882,0.03516282388323121,714.9265747070312,666.022715250651,1.0734267140392888
2024-12-14,715.6956787109375,731.6613159179688,705.5390014648438,726.2548217773438,1957844883,,,,,-0.01453917103168434,-0.014645900547837739,0.03933648558689906,0.03534345859494516,709.9870082310268,669.1565673828125,1.0610177689922544
2024-12-15,719.13427734375,723.0733032226562,703.1802978515625,715.6956787109375,1831103596,,,,,0.004804554135363626,0.004793049101465889,0.039542913247408246,0.03530045848850455,706.535382952009,672.498828125,1.0506120656327484
2024-12-16,720.3263549804688,730.0011596679688,704.34130859375,719.13427734375,2276490785,,,,,0.0016576565382502295,0.0016562841420824938,0.024909596805605436,0.03530547318206923,710.8785226004464,675.7639343261719,1.051962803118945
2024-12-17,716.6824951171875,735.7572021484375,713.72900390625,720.3263549804688,2363860623,,,,,-0.00505862355040454,-0.0050714617003962265,0.02306438916229146,0.03529163043121025,716.5498918805804,679.0400146484375,1.0552395682477755
2024-12-18,687.623779296875,721.7589111328125,686.6619262695312,716.7249145507812,2702479586,,,,,-0.0405461498198878,-0.04139106247109462,0.021140340796917113,0.03628979878469228,713.0945172991071,681.3129577636719,1.046647519577133
2024-12-19,666.5693359375,704.4877319335938,651.0365600585938,687.6243896484375,2806454484,,,,,-0.03061913213778622,-0.03109769182688086,0.02338173594623687,0.03680488498091499,707.4695347377232,682.9990214029948,1.0358280357187948
2024-12-20,678.0866088867188,679.4436645507812,619.5003662109375,666.5693359375,3064285256,,,,,0.017278432007407307,0.017130857381185235,0.020683742583091153,0.03672071037848754,700.588361467634,685.3979919433593,1.022162845095598
2024-12-21,663.2794799804688,692.6364135742188,652.6074829101562,678.0866088867188,2185739949,,,,,-0.02183663371639255,-0.02207858170736315,0.021159067781005035,0.03673741769089287,693.1003330775669,686.7464294433594,1.009252182991847
2024-12-22,648.7047119140625,668.8275146484375,639.608642578125,663.2660522460938,1091595586,,,,,-0.021973796124124645,-0.022218815977138644,0.020271939907187005,0.036886124780496986,683.0389665876116,687.2528055826823,0.9938685750558733
2024-12-23,693.000732421875,697.39990234375,637.9652709960938,648.7047119140625,1738271695,,,,,0.06828379645511284,0.06605343225672816,0.0368103407080799,0.03848499761757489,679.1353062220982,688.6462544759114,0.9861889203753073
2024-12-24,696.7411499023438,698.4424438476562,681.998046875,693.000732421875,1145844254,,,,,0.005397422117285222,0.005382908236135234,0.037043140278374576,0.03842602910249811,676.2865426199777,689.8603739420573,0.9803237990834074
2024-12-25,702.3269653320312,711.9866333007812,695.9627075195312,696.7411499023438,893387310,,,,,0.008017059750913935,0.007985093862026987,0.03325036054806038,0.03774925960236806,678.3869977678571,692.0499491373698,0.980257275668406
2024-12-26,688.360107421875,718.1624145507812,683.262451171875,702.3269653320312,1253518341,,,,,-0.019886546579559683,-0.020086945221841734,0.03158601815826413,0.03725452875478228,681.4999651227679,694.5423767089844,0.9812215754954844
2024-12-27,690.4293823242188,709.6464233398438,685.1991577148438,688.3508911132812,1884726979,,,,,0.003006093583914682,0.0030015843191847254,0.031099150407584493,0.03622690049052513,683.2632184709821,696.0584065755208,0.9816176516458027
2024-12-28,720.9590454101562,729.3158569335938,690.4293823242188,690.4293823242188,1890880986,,,,,0.04421837173725773,0.043268635918508325,0.0322511589861038,0.036935702576298565,691.503156389509,698.2783203125,0.9902973302680241
2024-12-29,693.7545166015625,722.7669677734375,689.4752197265625,720.9590454101562,1647228348,,,,,-0.0377338060764838,-0.03846415773306241,0.03553396357190063,0.03771217295854206,697.9388427734375,699.5764790852865,0.9976591032420212
2024-12-30,704.1463012695312,711.03564453125,686.9070434570312,693.7542724609375,1790325219,,,,,0.014979051551079037,0.014867973414834347,0.025953769132414803,0.03778174263094363,699.5310668945312,701.237050374349,0.9975671800585736
2024-12-31,700.9868774414062,713.5983276367188,698.0257568359375,704.1463012695312,2372886701,,,,,-0.0044868854986935824,-0.004496981781328183,0.026025403549897113,0.037803000117468816,700.1375994001116,702.7388631184896,0.9962983921127764
2025-01-01,706.512939453125,709.198974609375,699.7586059570312,700.9868774414062,1420234997,,,,,0.00788326028568287,0.007852349733661444,0.026019400929078562,0.037708176122407316,700.735595703125,704.702811686198,0.994370370151383
2025-01-02,705.6785888671875,714.4386596679688,697.7047119140625,706.512451171875,1880664942,,,,,-0.0011809416917166748,-0.0011816395528325872,0.024415873635769376,0.02903866012082659,703.2096644810268,703.6355448404948,0.9993947429708592
2025-01-03,713.6435546875,715.0968627929688,697.5460815429688,705.6785888671875,1822243906,,,,,0.01128695973771654,0.011223737289026972,0.024582318723708585,0.029125056942968672,706.5259748186384,702.781905110677,1.0053274987314473
2025-01-04,713.8411865234375,721.15625,708.851318359375,713.6435546875,1524500208,,,,,0.0002769335400556461,0.00027689520104091827,0.017775508905242134,0.028444978126427635,705.5091378348214,702.765879313151,1.0039035169498434
2025-01-05,709.25830078125,713.8411865234375,703.0022583007812,713.8411865234375,1411808759,,,,,-0.006420035476668362,-0.006440732535887769,0.008186209549492356,0.02808521609839274,707.7239641462054,702.0076131184895,1.0081428618734238
2025-01-06,729.4000854492188,745.153564453125,706.1865844726562,709.25830078125,2056633884,,,,,0.028398377073320935,0.028002618299951657,0.01195538017451593,0.028197536992323267,711.3316476004464,701.3118611653646,1.0142872051506902
2025-01-07,697.368896484375,733.0914306640625,691.5519409179688,729.3932495117188,2200352831,,,,,-0.04391442995940498,-0.04490786152571028,0.02246339634098418,0.02928945995593651,710.8147931780134,699.7809692382813,1.015767539308396
2025-01-08,695.837158203125,706.7611083984375,677.1226196289062,697.368896484375,2189465209,,,,,-0.002196453396433262,-0.0021988691382190135,0.022141619408285237,0.025907182192330933,709.2896815708706,699.9780619303385,1.013302730681092
2025-01-09,685.1207275390625,700.9730224609375,675.7342529296875,695.837158203125,1931492677,,,,,-0.015400773784107424,-0.015520597545109231,0.02269085841420455,0.02582718890377417,706.3528442382812,700.2493225097656,1.0087162122579998
2025-01-10,693.6244506835938,700.4706420898438,683.6865844726562,685.120361328125,1680784122,,,,,0.012412006822617228,0.012335609380079233,0.022820534565013546,0.02418473418284479,703.4929722377232,699.6430908203125,1.0055026362268464
2025-01-11,696.6578369140625,700.7665405273438,690.4573364257812,693.6244506835938,1290072226,,,,,0.004373240054440508,0.004363705228767347,0.0230016789050492,0.024161212528716176,701.0382080078125,699.333544921875,1.002437553722849
2025-01-12,693.0482788085938,697.9985961914062,689.8890991210938,696.6578369140625,1291862069,,,,,-0.005181249552086764,-0.005194718770612699,0.022979766849166958,0.023550694830418988,698.7224905831473,698.22666015625,1.000710128179274
2025-01-13,688.2675170898438,699.4813842773438,659.7593994140625,693.048095703125,2127442444,,,,,-0.006898165488511854,-0.006922067816965012,0.01838130930284461,0.02344468518250303,692.8464093889509,697.3123881022135,0.993595440451851
2025-01-14,698.6196899414062,699.8079223632812,686.4327392578125,688.2675170898438,1566844744,,,,,0.015040914462059574,0.01492892149616892,0.010910600621580422,0.023608023977169074,693.0250941685268,696.6285685221354,0.9948272658968708
2025-01-15,714.0284423828125,714.6610107421875,688.7565307617188,698.6196899414062,1856118408,,,,,0.022055995076088575,0.021816279983242457,0.01348256291804474,0.023969363953823847,695.6238490513393,696.4186381022135,0.998858748161824
2025-01-16,708.2980346679688,717.0333251953125,701.2029418945312,714.0716552734375,1899114340,,,,,-0.008025461416803714,-0.008057838777471139,0.011914517228916994,0.023996081045904477,698.9348929268973,696.1391560872396,1.0040160603166923
2025-01-17,721.75048828125,729.853515625,708.1862182617188,708.2980346679688,1946000436,,,,,0.01899264568704817,0.018814537028133706,0.012819065185794365,0.022943499827717536,702.952898297991,697.2767130533854,1.0081405059689281
2025-01-18,709.4249877929688,723.0932006835938,695.2164306640625,721.75048828125,2200623289,,,,,-0.01707723193597377,-0.017224729506482236,0.015503846577098647,0.022394682771508412,704.7767769949777,698.705234781901,1.0086897047722447
2025-01-19,682.2039794921875,713.4689331054688,676.8472900390625,709.4248046875,2841079952,,,,,-0.03837052369055427,-0.03912606227099383,0.02220233296604759,0.023422442782064422,703.2275913783482,698.84248046875,1.0062748201950416
2025-01-20,681.8033447265625,707.5763549804688,672.1893920898438,682.2048950195312,2865652878,,,,,-0.0005872653600220712,-0.0005874378678655056,0.022109209468301357,0.023043082776639065,702.3041381835938,699.4599426269531,1.0040662736824624
2025-01-21,691.8165893554688,696.9175415039062,675.4456787109375,681.8033447265625,2008007873,,,,,0.014686411714395442,0.014579610781673514,0.022066701942193043,0.022746507344763797,701.3322666713169,700.8970052083333,1.000621006310127
2025-01-22,694.9832153320312,703.270263671875,690.2745361328125,691.8165893554688,1762077789,,,,,0.004577262276281413,0.00456681846854664,0.01989894372545474,0.01929823469204917,698.6115199497768,700.9630879720052,0.9966452327339635
2025-01-23,690.2037353515625,697.00146484375,681.0576782226562,694.96484375,2277458782,,,,,-0.006877115698665226,-0.006900872038211441,0.01986305862777029,0.01931248478146094,696.0266200474331,700.7451741536458,0.9932663765941566
2025-01-24,680.2131958007812,690.8380126953125,679.0867309570312,690.2037353515625,1730218663,,,,,-0.014474768882107636,-0.014580550365100468,0.01741464120380888,0.019417256039702683,690.0927211216518,700.0080485026042,0.9858354094611307
2025-01-25,686.2684936523438,689.459716796875,678.1116333007812,680.2141723632812,1457363671,,,,,0.008902058779429955,0.008862669048044874,0.01800947751123454,0.01915700638380463,686.784650530134,699.9383280436198,0.9812073764409339
2025-01-26,666.7637939453125,690.3150024414062,665.041015625,686.2691650390625,1529267261,,,,,-0.028421383011810075,-0.028833090136450433,0.014882906772927232,0.019848419883256006,684.5789097377232,699.1494750976562,0.979159584782785
2025-01-27,679.7933349609375,679.913330078125,639.9559936523438,666.7637939453125,2295184879,,,,,0.019541464509534645,0.01935298162221816,0.017208631492010296,0.018432095984830622,684.291765485491,697.777284749349,0.9806736052339364
2025-01-28,661.424560546875,682.856689453125,659.5821533203125,679.7933349609375,1659082131,,,,,-0.02702111578531141,-0.027392898763695488,0.018382743786842494,0.01777513854712787,679.9500470842634,696.699619547526,0.9759586886610606
2025-01-29,667.6857299804688,678.9920654296875,660.2319946289062,661.426025390625,1716776649,,,,,0.009466188295785383,0.009421664694020428,0.018949106453533714,0.017628450763125685,676.0504063197544,695.4842671712239,0.9720570805569567
2025-01-30,677.5535888671875,682.32470703125,666.649169921875,667.7298583984375,1506319921,,,,,0.014779196923988991,0.014671048852132315,0.020422697615435408,0.01787197590088336,674.2432425362723,694.7031575520833,0.9705486943691096
2025-01-31,677.3753662109375,689.2151489257812,673.79345703125,677.5572509765625,1589542506,,,,,-0.00026303846541197995,-0.0002630730660967968,0.019733147015284752,0.017792518178558536,673.8378383091518,693.7319051106771,0.9713231197023419
2025-02-01,653.4329223632812,681.2196044921875,651.126220703125,677.3399047851562,1544346912,,,,,-0.035345902791806716,-0.03598569039008553,0.023136895233347766,0.0188790280227436,669.1470424107143,691.9903828938802,0.9669889335923487
2025-02-02,617.6006469726562,662.6337280273438,602.7611694335938,653.4325561523438,2282982721,,,,,-0.05483696055752718,-0.05639783785917292,0.029059089791848167,0.021084126340387553,662.1237357003348,688.7889526367187,0.9612868109537644
2025-02-03,617.1207885742188,619.1079711914062,519.1922607421875,617.6006469726562,3960962742,,,,,-0.0007769719814731957,-0.0007772739806432546,0.026439337687545538,0.02107621921830293,653.1705147879464,685.5649393717448,0.9527478394483172
2025-02-04,573.3278198242188,619.3443603515625,559.2634887695312,617.1207885742188,2336864401,,,,,-0.07096336659015856,-0.07360710778124278,0.03483199922052034,0.024534428190206254,640.5852661132812,681.0339233398438,0.9406069861715564
2025-02-05,569.7468872070312,578.96240234375,562.0692749023438,573.3278198242188,1494467850,,,,,-0.0062458727683673,-0.00626545983315551,0.033051191871359846,0.023625022946753577,626.5940028599331,675.7121500651042,0.9273090661453421
2025-02-06,572.2740478515625,589.00634765625,569.597412109375,569.7468872070312,1722558011,,,,,0.00443558482069073,0.004425776607086898,0.03130311197234297,0.02268245104795198,611.5540684291294,671.5423217773438,0.9106709266075057
2025-02-07,578.0668334960938,589.6243286132812,571.2775268554688,572.2747192382812,1583843573,,,,,0.010122397942521788,0.01007150959243282,0.03282287863922901,0.02287418081640206,597.3671351841518,667.6166442871094,0.8947756774728542
2025-02-08,613.32421875,633.0552368164062,574.0418701171875,578.0668334960938,2087349099,,,,,0.06099188400184263,0.059204210216955676,0.044142752272723636,0.02571425761926673,591.6373203822544,665.2234273274739,0.8893813658354597
2025-02-09,616.64208984375,647.7876586914062,603.4038696289062,613.32421875,2630256614,,,,,0.005409652826872113,0.005395073211820315,0.038971763109703454,0.025596053284190304,591.5003836495536,662.6573486328125,0.8926187642375517
2025-02-10,618.3145141601562,621.4203491210938,597.0648193359375,616.64208984375,1860480297,,,,,0.00271214752277138,0.002708476287135739,0.03898575119408832,0.02557935680602822,591.670915876116,660.0459045410156,0.8964087373401001
2025-02-11,642.5872802734375,646.0993041992188,615.691650390625,618.3145141601562,2162944541,,,,,0.03925634213236995,0.03850540173710798,0.0235460148249811,0.026726184233504535,601.5651245117188,658.3638712565104,0.9137274245678317
2025-02-12,698.037353515625,704.7020263671875,627.5713500976562,642.5872802734375,3007130370,,,,,0.08629189363753365,0.08276996406898966,0.03189689661384822,0.03090653615180184,619.892333984375,658.6895324707032,0.9410994154699828
2025-02-13,668.2775268554688,730.834716796875,660.646728515625,698.037353515625,5139846836,,,,,-0.04263357327551687,-0.04356906977408345,0.04171106967832938,0.03179541172853195,633.6071166992188,657.6781270345052,0.9634000138581109
2025-02-14,658.0436401367188,683.9999389648438,652.4675903320312,668.2775268554688,2581045409,,,,,-0.01531382742571763,-0.015432295099460971,0.04399385857734554,0.031580871534514214,645.0323747907366,655.8119669596355,0.9835629834282023
2025-02-15,662.3276977539062,670.7623291015625,654.4702758789062,658.0436401367188,1794465917,,,,,0.006510294083683199,0.006489193649663073,0.0402169820564964,0.03160778210665823,652.0328717912946,654.2796223958334,0.9965660697236578
2025-02-16,674.100830078125,685.0858764648438,654.3810424804688,662.3275756835938,2009553142,,,,,0.0177753887752905,0.017619254073878477,0.04019940169339181,0.031581073134691995,660.2412632533482,652.6913004557292,1.0115674328619784
2025-02-17,667.2290649414062,681.6255493164062,659.2930908203125,674.100830078125,1942930816,,,,,-0.010193972222111602,-0.010246286588079185,0.041027195162362085,0.03149275127599048,667.2290562220982,651.2847696940104,1.024481282643196
2025-02-18,647.443359375,667.759521484375,630.6552734375,667.2362060546875,1985512627,,,,,-0.029653542697729685,-0.030102098779045863,0.04151879045251082,0.031167772970623515,667.9227818080357,650.1260823567708,1.0273742277601756
2025-02-19,653.5147094726562,659.9885864257812,638.140869140625,647.443603515625,1916599180,,,,,0.009377422765625587,0.009333727689162158,0.022236098555144912,0.03123302549313933,661.5624040876116,649.1831278483073,1.0190690048897835
2025-02-20,657.2009887695312,658.9291381835938,646.6703491210938,653.5147094726562,1709065792,,,,,0.005640698278772671,0.005624849112548085,0.01673657176505803,0.031117495678441347,659.9800415039062,648.0292744954427,1.0184417085443687
2025-02-21,646.8995361328125,668.0032958984375,635.3399047851562,657.2009887695312,1926193637,,,,,-0.01567473697202737,-0.015798884692416967,0.016784696638673942,0.03119786041428871,658.3880266462054,646.4264851888021,1.0185041017524363
2025-02-22,668.5747680664062,679.123291015625,645.6533813476562,646.8995361328125,1899367077,,,,,0.03350633401775038,0.03295722882700162,0.02146125135583744,0.03184120219095114,659.2804652622768,645.7055196126302,1.021023431327938
2025-02-23,657.9036865234375,671.0719604492188,648.9799194335938,668.574462890625,1502735946,,,,,-0.01596093967744361,-0.016089687267974714,0.020976332831317935,0.0318644808040422,656.9665876116071,644.9618693033855,1.0186130667246853
2025-02-24,613.9630126953125,659.1483154296875,612.8212280273438,657.9036865234375,1901201673,,,,,-0.06678891565469236,-0.06912386112431838,0.032682315564695814,0.03412374138584912,649.3571515764509,642.5516866048177,1.0105913113505196
2025-02-25,622.9407958984375,627.2440185546875,589.2698364257812,613.9630126953125,2591258749,,,,,0.014622677616543012,0.014516797188408231,0.03288777802356804,0.033940600805769085,645.8567853655134,641.0909200032552,1.007433992922929
2025-02-26,610.6930541992188,630.8197631835938,595.2650146484375,622.9407958984375,1996066325,,,,,-0.019661164880932946,-0.019857016953821933,0.032540553690237374,0.033834165418092206,639.7394060407366,638.7875773111979,1.0014900551659838
2025-02-27,605.1236572265625,618.6282348632812,595.80029296875,610.6930541992188,1866447677,,,,,-0.009119797473313707,-0.009161637401677395,0.03185403457537323,0.033554147201330285,632.299787248884,636.9108805338542,0.9927602221505382
2025-02-28,587.4515991210938,605.4012451171875,559.970458984375,605.1236572265625,2166029990,,,,,-0.029204044321229028,-0.02963897110584783,0.03256562788512296,0.033813750727260825,623.8072248186384,634.2364095052084,0.9835563134971923
2025-03-01,607.5115356445312,608.8959350585938,586.5928344726562,587.44580078125,1694454521,,,,,0.034147386020311865,0.03357730559990516,0.03271442212412485,0.0343508101672197,615.0839059012277,631.9016743977865,0.9733854661604017
2025-03-02,622.9360961914062,634.5426635742188,602.6329956054688,607.5109252929688,2130538305,,,,,0.02538974100386504,0.02507277544503749,0.035766656974583616,0.034745801154561315,610.0885358537946,630.0870320638021,0.968260739878261
2025-03-03,575.1699829101562,623.299560546875,568.5407104492188,622.9360961914062,2161303026,,,,,-0.07667899415893398,-0.07977831963264669,0.0389005651357886,0.03703303880155672,604.5466744559152,627.4782674153646,0.9634543630428724
2025-03-04,583.5868530273438,587.8701782226562,551.6925048828125,575.1699829101562,1969539538,,,,,0.014633708933489809,0.014527669463612116,0.038901675883678016,0.03583381519480721,598.9246826171875,626.3444742838542,0.9562225056778576
2025-03-05,597.975830078125,604.5371704101562,581.321533203125,583.5859985351562,1534770591,,,,,0.024656102131394464,0.024357046178547614,0.04046421839726943,0.03615309050548627,597.1079363141741,625.706309000651,0.9542942555075833
2025-03-06,596.7237548828125,612.0313110351562,589.891357421875,597.975830078125,1621101888,,,,,-0.002093855858938176,-0.0020960510399141543,0.04037310671291441,0.03346150683955821,595.9079502650669,626.4861735026042,0.9511909048741198
2025-03-07,593.96337890625,609.43115234375,579.3677978515625,596.7236938476562,1866542048,,,,,-0.004625885854174894,-0.004636618375211628,0.03858650395003318,0.033450071570791884,596.8382045200893,627.2933898925781,0.9514498544649033
2025-03-08,593.0808715820312,601.6478881835938,591.710205078125,593.9637451171875,1147671365,,,,,-0.0014857941677209885,-0.0014868990544338427,0.035923721976133714,0.03344897156149897,594.7766810825893,627.9869506835937,0.9471163062148769
2025-03-09,554.5804443359375,593.0997314453125,551.1481323242188,593.0823974609375,1540503120,,,,,-0.06491598210442129,-0.06711889501865337,0.04035666605829162,0.03563940816941524,585.0115879603794,627.2040710449219,0.9327292582552122
2025-03-10,532.1218872070312,572.0503540039062,524.99609375,554.5804443359375,1896805158,,,,,-0.04049648226561331,-0.04133929732496263,0.03209820384274729,0.03445320019333178,578.8618600027902,624.4973266601562,0.9269244803633879
2025-03-11,551.4745483398438,565.158203125,509.835693359375,532.106201171875,2438043846,,,,,0.036368850066268665,0.03572311335512281,0.03571596279031406,0.03519756536002945,574.2743879045759,622.3250752766927,0.9227884440446933
2025-03-12,569.8948364257812,574.4215698242188,545.266845703125,551.4745483398438,1792696031,,,,,0.03340188253726284,0.0328561585620137,0.0371195346955236,0.03581252462321146,570.2628173828125,620.7110860188802,0.9187250400832486
2025-03-13,579.2188110351562,603.405029296875,568.1260375976562,569.8948364257812,2402408414,,,,,0.016360868731242206,0.016228471851857478,0.03814442436187911,0.035153172487456294,567.7621111188616,618.5988037109375,0.9178196073333643
2025-03-14,587.1362915039062,589.1632080078125,577.2465209960938,579.2188110351562,1535548122,,,,,0.01366923918544738,0.013576657858932835,0.03873060497113157,0.03136633824417053,566.7868129185268,614.9021016438802,0.9217513022044942
2025-03-15,619.486083984375,619.49951171875,587.083984375,587.1140747070312,1403335470,,,,,0.05509758628206596,0.05363326149583554,0.044012699228676656,0.032332356005359095,570.5589861188616,613.2757202148438,0.9303466080786347
2025-03-16,602.2166137695312,621.3615112304688,593.9570922851562,619.4927368164062,1437680152,,,,,-0.027877091449368785,-0.028273033389551044,0.0346845170094001,0.032593033267545195,577.3641531808036,611.4148193359375,0.9443084055566127
2025-03-17,631.3626098632812,643.0403442382812,602.2096557617188,602.2096557617188,2488514984,,,,,0.048397861213613336,0.04726315241697279,0.02749359839431699,0.03382721438566744,591.5413992745536,610.3826497395834,0.9691320674447933
2025-03-18,628.1344604492188,642.8888549804688,622.400146484375,631.3464965820312,2175151767,,,,,-0.005112987946437886,-0.005126103996546969,0.028991409392002204,0.03363604543704205,602.4928152901786,608.8504374186198,0.9895579903738001
2025-03-19,619.2575073242188,628.1376342773438,605.617919921875,628.1344604492188,2006233746,,,,,-0.014132249834934218,-0.014233060997052627,0.030551744685472466,0.03367615326813707,609.5446254185268,607.2513854980468,1.003776425999587
2025-03-20,629.9424438476562,637.2163696289062,616.9637451171875,619.2509765625,2327219768,,,,,0.017254431956112315,0.017107264691461514,0.030574450513815653,0.03344345376280194,616.7908586774554,606.6680216471354,1.0166859578370984
2025-03-21,634.6077880859375,637.1900634765625,625.8570556640625,629.9424438476562,1472201311,,,,,0.0074059849179006765,0.00737869526660058,0.03061065471701538,0.0334246971921125,623.5725010463169,606.0377909342448,1.0289333608800886
2025-03-22,626.5744018554688,635.7655029296875,624.1967163085938,634.5969848632812,1182741851,,,,,-0.012658820741388244,-0.012739626272093019,0.025009787673170955,0.03346772795725207,624.5851178850446,605.016904703776,1.0323432502945507
2025-03-23,623.3494873046875,628.9656372070312,619.8584594726562,626.5744018554688,1222239081,,,,,-0.005146898023971835,-0.005160188927838381,0.021713104186965867,0.03336820322275415,627.6040998186384,604.2319030761719,1.0386808386374131
2025-03-24,636.64453125,639.0225830078125,619.0501708984375,623.3494873046875,1788439257,,,,,0.0213283947706433,0.021104127791210972,0.014144228019370807,0.03301770210435288,628.358660016741,603.1675618489584,1.0417646766191497
2025-03-25,629.94287109375,644.874267578125,627.444091796875,636.6449584960938,2238118522,,,,,-0.01052653376773982,-0.010582329627745066,0.014690124263858361,0.03294978155590372,628.6170043945312,602.2355346679688,1.0438059001966853
2025-03-26,617.8167724609375,634.0476684570312,615.8455200195312,629.9423828125,1600178624,,,,,-0.019249521169686923,-0.019437205663878434,0.015654760107632035,0.03059536655331653,628.4111851283482,602.3639933268229,1.0432416148542811
2025-03-27,637.2069702148438,641.4896240234375,617.6777954101562,617.8167724609375,2441273622,,,,,0.03138502970171819,0.030902587987711273,0.018773803039172,0.031003150338350497,629.448974609375,602.8395324707031,1.0441401744666854
2025-03-28,619.4749145507812,637.2418823242188,615.9251098632812,637.2064208984375,1608298526,,,,,-0.027827780443273942,-0.028222309602413422,0.021572959760613995,0.03123170213858407,627.2871355329241,603.1322611490885,1.0400490504981705
2025-03-29,603.2378540039062,623.21240234375,598.2188110351562,619.474609375,1367332800,,,,,-0.026211005749360305,-0.02656063715544398,0.02314062366988413,0.03157648599672274,623.9533429827009,603.0694010416667,1.0346294172859076
2025-03-30,601.8302001953125,612.7893676757812,594.21435546875,603.1913452148438,1204098085,,,,,-0.0023334971425460482,-0.0023362239898894375,0.023170550903696192,0.031085522834460238,620.8791591099331,603.5486877441406,1.028714288868008
2025-03-31,605.0728149414062,608.5010986328125,588.086181640625,601.8302001953125,1538796118,,,,,0.005387922947438284,0.005373460017437675,0.02086259002209763,0.03048084359102095,616.368913922991,603.4673970540365,1.0213789790996768
2025-04-01,611.297119140625,618.123779296875,604.7547607421875,605.0728149414062,2091803391,,,,,0.01028686803557921,0.010234318282919692,0.021774787775789162,0.030176579061012777,613.7052350725446,603.0794311523438,1.017619244449935
2025-04-02,590.6375732421875,611.5181884765625,585.1218872070312,611.297119140625,1835749587,,,,,-0.03379624286056038,-0.034380538296176974,0.024113903804915193,0.027046560691933844,609.822492327009,603.5950174967448,1.0103173065544693
2025-04-03,592.1244506835938,609.3446655273438,579.444091796875,590.6375732421875,2067033502,,,,,0.002517410860342517,0.0025142474895131005,0.018530150473849497,0.026926264416790226,603.3821323939732,603.8796040852865,0.9991762071645608
2025-04-04,597.5794067382812,599.4798583984375,585.3539428710938,592.1237182617188,1520730677,,,,,0.009212516133035642,0.009170339742180936,0.017944310912098405,0.026602782867352855,600.2542027064732,603.8663899739583,0.994018234285831
2025-04-05,593.1148681640625,598.5463256835938,589.9329833984375,597.5792846679688,1008300251,,,,,-0.00747103819823236,-0.007499086189845818,0.015420941756950664,0.02663557675988471,598.8080618722098,603.74609375,0.9918210122948887
2025-04-06,554.5949096679688,593.4614868164062,545.3226928710938,593.1387939453125,1679604717,,,,,-0.06494519116563213,-0.06715013233729061,0.028916549936118058,0.02930591363155499,592.0601632254464,602.4338114420573,0.982780434929807
2025-04-07,554.4833984375,564.7924194335938,522.7157592773438,554.5949096679688,2852045942,,,,,-0.0002010678939254884,-0.0002010881107844918,0.0284415855184466,0.029308062795422703,584.8331037248884,601.1472290039062,0.9728616809794662
2025-04-08,553.4674072265625,564.938232421875,548.1412353515625,554.4859008789062,1676208165,,,,,-0.0018323203432248913,-0.0018340010955766107,0.027173207216145343,0.02662585321329339,576.5717163085938,601.1101277669271,0.959178176635467
2025-04-09,582.3693237304688,585.6036987304688,534.8805541992188,553.4674072265625,1963610005,,,,,0.0522197262684978,0.05090195778044093,0.034693452850412726,0.027018484584820215,575.3905378069196,602.7850423177083,0.9545534434539769
2025-04-10,577.4059448242188,582.3907470703125,567.2200927734375,582.378173828125,1731740429,,,,,-0.008522734120774422,-0.008559260302582836,0.03470502526347971,0.02637141377353016,573.2878941127232,603.6494222005208,0.949703375881453
2025-04-11,586.0889892578125,589.8585205078125,575.7572631835938,577.4059448242188,1369541748,,,,,0.015038023961178926,0.01492607382278446,0.03512355956861692,0.025834728300782372,571.6464059012277,604.1892272949219,0.9461380310612372
2025-04-12,597.123046875,600.055908203125,583.9794921875,586.0889892578125,1331878416,,,,,0.018826590875150817,0.0186515639741105,0.03591889655789218,0.025887926842684265,572.2190028599331,604.78603515625,0.9461511503189668
2025-04-13,584.04248046875,597.5099487304688,580.824462890625,597.1232299804688,1318461096,,,,,-0.021905981480209502,-0.022149480112025752,0.023616986476362064,0.026110899849812533,576.425798688616,604.6829081217448,0.9532695416827631
2025-04-14,584.335205078125,592.5643920898438,583.3970336914062,584.04248046875,1359554984,,,,,0.0005012043116110476,0.0005010787506827594,0.023580830236364904,0.024056329698792712,580.6903424944196,603.5112121582031,0.9621865025801687
2025-04-15,579.68603515625,590.5156860351562,579.6400756835938,584.3346557617188,1329270099,,,,,-0.007956340609759138,-0.007988161183643478,0.02409555016633478,0.02357104450976066,584.4358607700893,602.7601928710938,0.9695992994930187
2025-04-16,582.8062133789062,585.4108276367188,576.459228515625,579.6860961914062,1435912484,,,,,0.005382531290089254,0.005368097239863855,0.014302254211973247,0.021768559737617862,584.498273577009,601.1416463216145,0.9723137253150794
2025-04-17,590.1621704101562,592.8593139648438,581.203857421875,582.8062133789062,1401643770,,,,,0.012621617378790084,0.012542628714885712,0.014394728956102042,0.0219381053111849,586.3205915178571,599.8759033203125,0.9774031400037461
2025-04-18,591.7638549804688,595.766357421875,587.26611328125,590.1621704101562,1418376835,,,,,0.0027139736340595633,0.0027102974574784596,0.013433522196419106,0.02183224883703579,587.1312866210938,598.9594482421875,0.9802521495306457
2025-04-19,591.7767944335938,594.1421508789062,587.9763793945312,591.7638549804688,1227124904,,,,,2.1865906503215626e-05,2.1865667447766793e-05,0.011079908962152675,0.02155078203356971,586.3675362723214,597.6872599283854,0.9810607914623773
2025-04-20,592.972412109375,595.1541137695312,587.765380859375,591.7767944335938,1307477245,,,,,0.0020203862115371063,0.002018347976201875,0.006174168690376272,0.021491767783365184,587.6432407924107,596.2994140625,0.9854835120311186
2025-04-21,597.4141845703125,607.8202514648438,592.6761474609375,592.972412109375,1430343137,,,,,0.007490689904336101,0.007462774006263792,0.00641688176957841,0.021468639058397965,589.5116664341518,595.3274068196614,0.9902310219235861
2025-04-22,618.8269653320312,618.9900512695312,595.8809814453125,597.4171752929688,1734142941,,,,,0.03584243781744112,0.035215045222081354,0.012134398192830935,0.022478788319375772,595.1032278878348,595.1766560872396,0.9998766278908054
2025-04-23,605.8150024414062,619.8624877929688,601.9541625976562,618.8269653320312,1834047719,,,,,-0.021026819481991144,-0.021251031599077794,0.01684220933800318,0.022421852242663822,598.3901977539062,594.1490051269532,1.0071382642912057
2025-04-24,601.7158203125,606.7443237304688,594.3950805664062,605.8150024414062,1573943361,,,,,-0.006766392566025514,-0.0067893883914289235,0.017084182448897065,0.022380430281031868,600.0407191685268,593.2081034342448,1.011518075519748
2025-04-25,600.1810302734375,610.1796264648438,597.7703247070312,601.7152709960938,1735398071,,,,,-0.0025506891912288054,-0.0025539477411153067,0.017202686587932982,0.022125380895369445,601.2431727818081,592.6202453613281,1.0145505110363255
2025-04-26,607.7041015625,609.1361083984375,600.0881958007812,600.19189453125,1507509250,,,,,0.012534670223807387,0.012456761608659505,0.017599699440978906,0.021455397021542793,603.5185023716518,591.63681640625,1.0200827359554365
2025-04-27,603.6184692382812,608.5829467773438,597.9349975585938,607.7041015625,1452152303,,,,,-0.006723061953529674,-0.006745763541209734,0.018052972034158,0.020886552926000137,605.0393676757812,591.1082682291667,1.0235677627862474
2025-04-28,606.364990234375,608.1511840820312,598.9937133789062,603.6246337890625,1478956158,,,,,0.004550094365998403,0.004539773980605299,0.017953716856575853,0.020331610870183255,606.3180541992188,591.2125061035156,1.025550115973119
2025-04-29,601.0289916992188,610.6404418945312,598.6602783203125,606.364990234375,1587553456,,,,,-0.00879997793588605,-0.00883892640720264,0.01066127923022792,0.02039384481484197,603.7754865373884,591.1857991536458,1.0212956525710972
2025-04-30,599.6817016601562,604.4778442382812,592.4177856445312,601.0189819335938,1504095222,,,,,-0.002241639018533026,-0.0022441552523062166,0.007552870462401634,0.02037147231380412,602.8993007114956,591.0060953776042,1.020123659344482
2025-05-01,599.918212890625,605.1372680664062,598.4885864257812,599.6871948242188,1406049035,,,,,0.00039439460936363524,0.0003943168562526212,0.0071861899453121506,0.020275027339178544,602.6424996512277,590.6267985026042,1.0203439823236713
2025-05-02,601.1641845703125,603.5050659179688,595.8296508789062,599.9290161132812,1444818831,,,,,0.002076902572575534,0.0020747487920402103,0.0071708436793160735,0.019248712145214977,602.7829502650669,590.977685546875,1.0199758214343873
2025-05-03,599.3313598632812,601.29443359375,595.5932006835938,601.1643676757812,1221915136,,,,,-0.003048792250225696,-0.0030534492852819337,0.0047533363748044795,0.019256347397224108,601.5868443080357,591.2179158528646,1.0175382514249645
2025-05-04,585.9950561523438,600.4434814453125,585.30810546875,599.3313598632812,1306600030,,,,,-0.022251970452505154,-0.022503280641313527,0.009115242504784937,0.01962388397602003,599.0692138671875,590.8317708333333,1.013942112527625
2025-05-05,597.6897583007812,599.8522338867188,584.6096801757812,585.9950561523438,1465943685,,,,,0.01995699797405326,0.019760467558503067,0.012676454755619118,0.019924731986576773,597.8298950195312,590.9842671712239,1.0115834350059338
2025-05-06,602.473876953125,602.9686279296875,593.5989990234375,597.6897583007812,1594251780,,,,,0.008004351063242154,0.007972486170854881,0.012769954790453317,0.015358563362513105,598.0363071986607,592.5802327473958,1.0092073176757326
2025-05-07,603.2796630859375,608.98583984375,598.2972412109375,602.473876953125,1537003234,,,,,0.0013374623591775325,0.0013365687530840253,0.01272066878784489,0.015350903868561066,598.5503016880581,594.2067749023438,1.0073097900750596
2025-05-08,628.6634521484375,628.6717529296875,601.0078735351562,603.2794189453125,2061341461,,,,,0.04207632150677032,0.04121518585690884,0.01983940713822638,0.01684139816561736,602.6567644391741,596.713309733073,1.0099603186474253
2025-05-09,666.8784790039062,667.8003540039062,623.8834838867188,628.6528930664062,2418287835,,,,,0.06078773423979089,0.05901177763731679,0.027734473427695618,0.01766123813029218,612.0445207868304,599.5302815755208,1.0208734063914555
2025-05-10,663.6172485351562,677.3533935546875,649.3594970703125,666.8892822265625,2282413256,,,,,-0.004890291966868077,-0.004902288571876581,0.027941087222106396,0.01758030929431482,621.2282191685268,602.4039916992188,1.0312485105156923
2025-05-11,650.6254272460938,667.635498046875,648.8480834960938,663.6165161132812,1906600802,,,,,-0.01957728090663735,-0.01977145430683249,0.02735002952139941,0.018016126480007912,630.4611293247768,604.5552062988281,1.0428512115288004
2025-05-12,660.4843139648438,690.3782348632812,648.9622802734375,650.6254272460938,2609669556,,,,,0.01515293793616368,0.015039278912615105,0.02726961392783204,0.01792307725506433,639.4317801339286,606.6672485351562,1.0540074178685017
2025-05-13,665.570556640625,670.8955078125,641.682861328125,660.4843139648438,2108811440,,,,,0.00770077739658781,0.007671277760295861,0.027281445314987572,0.017274633042070903,648.4455915178571,609.3848510742188,1.0640986404154655
2025-05-14,652.571044921875,665.6529541015625,648.1204833984375,665.6119995117188,1876674692,,,,,-0.019531380390928388,-0.019724638336144674,0.029969191335348432,0.017816443359420852,655.4872174944196,611.6593790690105,1.071653995549154
2025-05-15,651.2642211914062,660.2804565429688,643.4594116210938,652.5711669921875,1888457576,,,,,-0.0020025769464306897,-0.0020045847846587245,0.027071610637103758,0.017714499231985443,658.7158987862723,614.0453186035156,1.0727480184758156
2025-05-16,646.3213500976562,659.6885986328125,644.3860473632812,651.2623291015625,1634445685,,,,,-0.007589655523694616,-0.007618603522419449,0.01298101094336887,0.017835172119518124,655.7791660853794,616.1624898274739,1.0642958260393265
2025-05-17,639.618896484375,646.7220458984375,635.48486328125,646.3213500976562,1449713512,,,,,-0.010370156598213165,-0.010424301323622827,0.013177742977612938,0.01792403181860147,652.350830078125,617.8110473632812,1.0559067094417525
2025-05-18,652.164306640625,654.7149658203125,635.4116821289062,639.618896484375,1592388678,,,,,0.019613882931234672,0.019424009483652416,0.014267165979078898,0.01818280939274957,652.5706699916294,619.8243957519531,1.0528315349703998
2025-05-19,649.8529052734375,652.9885864257812,634.1826782226562,652.1163940429688,1595233688,,,,,-0.0035442009684549802,-0.0035504965282618563,0.01272083265166539,0.018216275951807845,651.0518973214286,621.7602661132812,1.0471108123252293
2025-05-20,650.330810546875,653.402099609375,641.1644287109375,649.8463745117188,1512635652,,,,,0.0007354053041224162,0.0007351350261428728,0.012066330188567686,0.018220459365638677,648.8747907366071,623.6722127278646,1.0404099741729869
2025-05-21,673.1486206054688,677.0289916992188,649.134521484375,650.330810546875,2377493291,,,,,0.03508646628537537,0.034484965532578904,0.016394533820545627,0.01909180398231688,651.8144444056919,626.1966939290364,1.0409100698311233
2025-05-22,686.2356567382812,688.0584106445312,673.1314086914062,673.1505126953125,2248278627,,,,,0.019441525589165343,0.019254953418025543,0.016962082829783297,0.018401246559940482,656.8103637695312,628.4436503092448,1.0451380381460258
2025-05-23,656.231689453125,690.9200439453125,654.8810424804688,686.2514038085938,1996132529,,,,,-0.043722541943924775,-0.04470717994663251,0.025899558273991537,0.01992229744023849,658.2261265345982,630.1242065429688,1.0445974296810532
2025-05-24,668.3065185546875,676.8643188476562,656.1278076171875,656.2304077148438,1475660792,,,,,0.01840025298324921,0.018233016673488804,0.02584113243004079,0.020036316209230312,662.3243582589286,632.343896484375,1.047411640946066
2025-05-25,669.9168701171875,671.4579467773438,658.1526489257812,668.3065185546875,1591152958,,,,,0.0024096002624403035,0.002406701830835231,0.025189403212617242,0.020005087698406507,664.8604387555804,634.6684244791667,1.0475713193092762
2025-05-26,674.3926391601562,677.6790771484375,668.89990234375,669.91748046875,1568627598,,,,,0.006681081254433563,0.0066588617430716176,0.024985126960958635,0.019945131105679206,668.3661150251116,636.8913757324219,1.049419320926577
2025-05-27,687.1594848632812,695.868408203125,667.23095703125,674.3926391601562,2019130226,,,,,0.01893087937469784,0.018753920119197076,0.02536237277619649,0.02003786057099159,673.6273542131696,639.6760762532552,1.053075735079504
2025-05-28,687.405517578125,688.9776000976562,680.665283203125,687.1602172851562,1759924602,,,,,0.0003580431039129639,0.00035797902177648916,0.02251350936299637,0.020050825886152843,675.6640537806919,642.3774271647136,1.051817864713735
2025-05-29,675.1721801757812,690.8436889648438,673.9274291992188,687.4058227539062,1938258667,,,,,-0.017796391052321447,-0.017956651032614603,0.022427095582087057,0.020322254174666758,674.0835571289062,644.848866780599,1.0453357241585322
2025-05-30,655.482177734375,678.1555786132812,654.650634765625,675.2001953125,1904377880,,,,,-0.029162935054995787,-0.0295966260635018,0.01794727574677319,0.021200951103451365,673.9764840262277,646.7088826497396,1.042163641335442
2025-05-31,658.5012817382812,661.3086547851562,646.9629516601562,655.5108642578125,1478599983,,,,,0.004605928439338491,0.0045953536097836254,0.016280255565120656,0.021197254754872084,672.5757359095982,648.6616516113281,1.0368668075858432
2025-06-01,660.9917602539062,662.3483276367188,648.2598266601562,658.4995727539062,1468711165,,,,,0.003782040498160777,0.003774906564555492,0.01635159788524524,0.02119667593421008,671.3007202148438,650.6559041341146,1.0317292380650922
2025-06-02,666.5907592773438,666.9949340820312,650.44970703125,660.9854736328125,1782539875,,,,,0.00847060335712313,0.008434929109873817,0.016519743233977393,0.021184278013022372,670.1861659458706,652.8978841145833,1.0264793044240486
2025-06-03,661.6989135742188,672.7042236328125,658.549560546875,666.5907592773438,1696519631,,,,,-0.007338604136109317,-0.007365664161264912,0.013878372528968213,0.020717571300031358,666.5489414760044,655.4213460286459,1.0169777739385257
2025-06-04,663.706298828125,671.9303588867188,661.3744506835938,661.698974609375,1561308740,,,,,0.0030336837687450213,0.0030290914355874613,0.014097857924043779,0.02050416814274883,663.1633387974331,657.6218973795573,1.0084264855534113
2025-06-05,634.0535888671875,670.58056640625,626.680419921875,663.7078857421875,1987901562,,,,,-0.04467745750385965,-0.0457062546893487,0.020700019885022604,0.02235804362951973,657.2892543247768,658.6745544433594,0.9978968367470135
2025-06-06,643.4342041015625,651.379638671875,631.1067504882812,634.052001953125,1728825229,,,,,0.014794672562510991,0.014686298987892307,0.020106085831973198,0.02248299997121383,655.568115234375,660.0130391438802,0.9932653998544169
2025-06-07,651.1504516601562,653.8911743164062,640.9490356445312,643.4424438476562,1468009270,,,,,0.01199228687161269,0.011920949167861832,0.020727123947161526,0.021334553195941318,654.5179966517857,660.7626057942708,0.9905493908285279
2025-06-08,652.1478271484375,656.2777099609375,646.9312744140625,651.1504516601562,1385072458,,,,,0.0015317128103626843,0.0015305409347945637,0.020647261981362578,0.018330514528846882,653.2545776367188,660.2715840657552,0.9893725451793218
2025-06-09,665.9540405273438,667.7135009765625,648.5833129882812,652.1478271484375,1629752670,,,,,0.021170373961491018,0.02094939495916559,0.022178727676275406,0.018731578283232544,653.1636178152902,660.3494771321615,0.9891180964538977
2025-06-10,673.6104736328125,673.6307373046875,657.6258544921875,665.95458984375,1849736872,,,,,0.011496939187283672,0.011431351607524332,0.022295199461128075,0.018453378530538994,654.8652692522321,661.115645345052,0.9905457144497651
2025-06-11,667.6690673828125,673.9506225585938,663.1364135742188,673.6104736328125,1778663531,,,,,-0.008820240305881466,-0.008859368877593608,0.022701613724503647,0.018348985320713638,655.431379045759,661.355137125651,0.9910429998236082
2025-06-12,656.2438354492188,669.5156860351562,652.7897338867188,667.6690673828125,1695465665,,,,,-0.017112118101231477,-0.017260222411418967,0.013766230133495228,0.018569722077980952,658.6014142717634,661.0442464192708,0.9963045860231902
2025-06-13,655.2557373046875,659.311767578125,641.3123168945312,656.2520141601562,1964558213,,,,,-0.001505687506923148,-0.0015068221934893531,0.01319929578710965,0.01821281148370858,660.2902047293527,661.1337361653646,0.9987241137611516
2025-06-14,645.9127807617188,655.4783935546875,639.6327514648438,655.2623901367188,1337524307,,,,,-0.014258488725943597,-0.01436111770042776,0.0138292772452433,0.018401653310295103,659.5419660295759,660.9553548177083,0.99786159718984
2025-06-15,648.28076171875,651.7022094726562,642.9979858398438,645.912353515625,1352632285,,,,,0.0036661001725941667,0.0036593964068118577,0.01392124862210553,0.018361613248951757,658.9895281110491,661.0206685384114,0.9969272663866119
2025-06-16,650.9617309570312,659.243408203125,646.8132934570312,648.2817993164062,1588063609,,,,,0.00413550639876048,0.00412697869500438,0.010582600176751817,0.01826593569529376,656.8477696010044,661.3987630208334,0.9931191382955676
2025-06-17,648.5108032226562,659.038818359375,640.8545532226562,650.9661865234375,1784039065,,,,,-0.003765087282122881,-0.003772193064779239,0.008402103123981654,0.017928856533708407,653.2621023995536,661.2769795735677,0.9878796972802794
2025-06-18,644.8067626953125,653.4296875,637.9425659179688,648.5108032226562,1667361898,,,,,-0.005711609596844358,-0.005727983215180448,0.00827110086479177,0.017947339824669204,649.9960588727679,661.1087748209635,0.9831907904244577
2025-06-19,644.6807250976562,646.4259033203125,639.02294921875,644.8067626953125,1374982734,,,,,-0.0001954656882464656,-0.00019548479415384655,0.006335951493604276,0.01794636500001242,648.3441859654018,660.9204386393229,0.9809716087766742
2025-06-20,641.784423828125,649.5967407226562,638.6568603515625,644.6846923828125,1614121225,,,,,-0.004492613408121571,-0.004502735523617486,0.006355715578776371,0.01671031257816955,646.4197126116071,659.8749654134115,0.9796093904041735
2025-06-21,628.7478637695312,644.9034423828125,624.7100830078125,641.784423828125,1486820788,,,,,-0.02031298918230684,-0.020522135045764216,0.008319632349141305,0.016576820821362172,643.9675816127232,657.9587056477865,0.9787355590632569
2025-06-22,615.99462890625,635.169921875,602.705078125,628.7477416992188,1895564160,,,,,-0.020283543846688845,-0.02049207963745596,0.009597283611708373,0.014984850052823392,639.3552769252232,656.6174702962239,0.9737104263107511
2025-06-23,641.2962036132812,642.7957763671875,615.58837890625,615.9945678710938,1783710380,,,,,0.04107434305386115,0.04025320212023005,0.020399291562827177,0.01648032274539587,637.9744873046875,655.7171264648438,0.9729416261310546
2025-06-24,643.7371826171875,644.28173828125,636.9046020507812,641.2962036132812,1498769929,,,,,0.00380632068325526,0.003799094974455795,0.020498624464083893,0.016493296412158902,637.2925415039062,654.8444702148438,0.9731967978515891
2025-06-25,645.9231567382812,650.2681884765625,642.5645751953125,643.7371826171875,1653677161,,,,,0.003395755566280023,0.0033900030075241293,0.0204418452758303,0.01644944643092674,637.4520263671875,653.8954874674479,0.9748530745120352
2025-06-26,642.4142456054688,649.984130859375,641.8189086914062,645.9231567382812,1439442979,,,,,-0.005432397176363013,-0.0054472063029589995,0.02055684653874175,0.01601270431693994,637.1282435825893,652.4039794921875,0.9765854648503395
2025-06-27,646.1536254882812,647.4111328125,640.5480346679688,642.4138793945312,1358247058,,,,,0.005820823414786069,0.005803947876856757,0.020591707383991752,0.01607397723933644,637.7524152483259,651.0289164225261,0.979606894810209
2025-06-28,648.7504272460938,649.1661376953125,644.57421875,646.1536254882812,1185616315,,,,,0.004018861235747462,0.004010807184462982,0.018282508154585982,0.015823381537294484,640.6099243164062,650.1481913248698,0.9853290878360724
2025-06-29,655.0361938476562,655.6026611328125,647.2733154296875,648.7504272460938,1284469590,,,,,0.00968903655022646,0.009642398843236621,0.014601273590974684,0.015007035256514938,646.1872907366071,650.1333251953125,0.9939304227213396
2025-06-30,657.0253295898438,659.8912353515625,651.8738403320312,655.0361938476562,1487336817,,,,,0.0030366806611148434,0.0030320792593676866,0.0045398392637622095,0.014993154695749713,648.434308733259,650.0841267903646,0.997462146837439
2025-07-01,646.39794921875,658.9859619140625,644.6724853515625,657.0258178710938,1382771755,,,,,-0.016174993402047422,-0.01630723656830114,0.008723544068982042,0.015261258994325004,648.8144182477679,649.597666422526,0.9987942564832912
2025-07-02,660.0572509765625,664.7877807617188,644.872802734375,646.39794921875,1576434816,,,,,0.021131412583102138,0.020911240579974132,0.011675358248642043,0.015684153955301684,650.8335745675223,649.3798828125,1.0022385845227084
2025-07-03,663.3231201171875,664.3876953125,657.2025756835938,660.0572509765625,1512518612,,,,,0.0049478573802395065,0.0049356569613173175,0.01105258939136067,0.015654600663230454,653.820556640625,649.434023030599,1.0067543945258
2025-07-04,653.739501953125,664.0619506835938,650.7118530273438,663.3231201171875,1379813703,,,,,-0.014447888025325262,-0.014553275071334608,0.013153955530722454,0.0158681208893652,654.9042532784598,649.101796468099,1.0089392092918756
2025-07-05,656.1428833007812,656.661865234375,652.3401489257812,653.739501953125,1193229342,,,,,0.0036763593762896285,0.0036696180843803746,0.013144453545719224,0.013384326119981594,655.9603184291294,649.8381062825521,1.0094211344139234
2025-07-06,663.0889892578125,664.6273803710938,653.8736572265625,656.1429443359375,1387600565,,,,,0.010586270359419725,0.010530628150513774,0.013238769284787188,0.013260238603534284,657.1107177734375,650.4932657877604,1.0101729753922406
2025-07-07,661.0181884765625,663.2283325195312,657.1060791015625,663.0889892578125,1524912345,,,,,-0.0031229605902034496,-0.003127847208089603,0.013343312940344467,0.01311684458255451,657.6811261858259,650.8221903483073,1.0105388782669622
2025-07-08,660.7628784179688,662.4974365234375,657.5650634765625,661.01806640625,1517607542,,,,,-0.0003862375696229714,-0.0003863121785648683,0.011095915347482381,0.013116327008719744,659.7332589285714,651.1093587239583,1.0132449335723177
2025-07-09,669.1525268554688,670.7850952148438,659.5992431640625,660.7628784179688,1667011677,,,,,0.01269691248029381,0.012616982551507798,0.00915499613563428,0.012750104760455757,661.0325840541294,651.2159749348958,1.0150742756582638
2025-07-10,685.6607055664062,687.354248046875,668.0310668945312,669.1525268554688,2023565748,,,,,0.024670277774357263,0.024370880620051927,0.012533338716520149,0.013349337765481816,664.2236676897321,651.6176493326823,1.0193457288487497
2025-07-11,689.8733520507812,696.8695068359375,683.8527221679688,685.6607055664062,2327541748,,,,,0.006143922861811202,0.006125125919762849,0.009232739799724075,0.013263602549180123,669.3856462751116,652.3577921549479,1.0261020169068806
2025-07-12,685.7778930664062,696.9548950195312,680.401611328125,689.8733520507812,1715321874,,,,,-0.005936537441546985,-0.005954228731362155,0.010552615609981622,0.012879266244368647,673.6192190987723,653.3422607421875,1.0310357366651142
2025-07-13,692.2304077148438,694.0123291015625,685.4672241210938,685.7778930664062,1631603869,,,,,0.00940904440588719,0.009365055064076153,0.010483904314477136,0.012945478442826057,677.7822788783482,654.5747497558593,1.035454360454852
2025-07-14,689.416748046875,706.7133178710938,686.828857421875,692.2304077148438,2362276526,,,,,-0.004064628823886918,-0.004072911880277158,0.010628299412954614,0.012634306621321017,681.8392159598214,656.0248819986979,1.0393496263167268
2025-07-15,689.921142578125,692.9431762695312,675.876708984375,689.416748046875,2167202399,,,,,0.00073162500429369,0.0007313574971888754,0.010524091566063331,0.01263373552073571,686.0046822684152,657.4128946940104,1.0434913701954578
2025-07-16,708.1260986328125,714.7908935546875,685.6761474609375,689.921142578125,2298649454,,,,,0.0263870099511061,0.02604487830692097,0.012859870227755612,0.013368843370886285,691.5723353794643,659.3183736165364,1.0489201621759854
2025-07-17,721.2119750976562,726.66064453125,707.8897705078125,708.1260986328125,2877681453,,,,,0.018479585048635894,0.018310912348968072,0.01173582136441058,0.013600127050557468,696.6510881696429,661.7417460123698,1.0527537251014243
2025-07-18,730.2163696289062,763.0548095703125,720.235595703125,721.2119750976562,3407382999,,,,,0.012485087383679039,0.012407791380144957,0.01187738971812016,0.013576923972993425,702.4143763950893,664.5887329101563,1.0569158663272833
2025-07-19,733.529052734375,742.331787109375,721.0870361328125,730.2608032226562,2067691091,,,,,0.004536577435469313,0.00452631818427853,0.010372999061864157,0.013552201539095313,709.2359706333706,667.5503438313802,1.0624456674873946
2025-07-20,757.7399291992188,760.4404907226562,732.3448486328125,733.529052734375,2353254456,,,,,0.03300602256255969,0.03247302028755327,0.01348878071839797,0.014379803949045094,718.5944737025669,671.41552734375,1.0702678809730033
2025-07-21,766.783935546875,780.9653930664062,747.5570678710938,757.7399291992188,2776231461,,,,,0.011935501877555765,0.011864835511645947,0.011312493113756464,0.013547656894395861,729.6469290597098,676.0167297363281,1.0793326510488868
2025-07-22,786.1411743164062,787.2482299804688,746.1088256835938,766.783935546875,3009453883,,,,,0.025244710892026623,0.024931326429640188,0.009745188206068284,0.012938147493445878,743.3926478794643,681.68828125,1.0905169830942643
2025-07-23,776.6404418945312,809.3135986328125,753.7788696289062,786.1411743164062,3987433985,,,,,-0.012085275179914645,-0.012158895870115026,0.01446784414489746,0.011951971773614485,753.1804112025669,686.199755859375,1.0976110159924313
2025-07-24,771.239990234375,785.4175415039062,745.3941040039062,776.6744995117188,2833667773,,,,,-0.00695360603033035,-0.006977895011570011,0.016048123738532902,0.012191859787906904,760.3272705078125,690.4498494466146,1.1012056431284671
2025-07-25,785.6064453125,785.6441040039062,753.606201171875,771.239990234375,2536046506,,,,,0.01862773619111624,0.01845636481599998,0.016385000273808552,0.012388359590416684,768.2401384626116,695.1059590657552,1.1052129944262759
2025-07-26,793.2825927734375,797.1967163085938,778.9398193359375,785.6064453125,1760509145,,,,,0.009770983304349112,0.009723555938065892,0.016188680336428597,0.012190827165808568,776.7763584681919,700.1349039713542,1.1094666957212198
2025-07-27,843.261962890625,846.2210693359375,792.663330078125,793.2825927734375,2914460887,,,,,0.06300323563441879,0.061098143225751016,0.024129456021028714,0.015679601822786198,788.9937918526786,706.7051818847656,1.1164397999013553
2025-07-28,822.0185546875,859.5628662109375,821.6815795898438,843.261962890625,3448410233,,,,,-0.025191944067184724,-0.025514693074820426,0.028711444773051403,0.01687638694434279,796.8844517299107,712.4807861328125,1.118464479660178
2025-07-29,804.89892578125,834.46142578125,800.642822265625,822.0791625976562,3097306022,,,,,-0.020826329051365833,-0.021046255914173733,0.029942191993756955,0.017677605130269124,799.5641305106027,717.4762105305989,1.1144120442952343
2025-07-30,793.1448364257812,810.4419555664062,771.1812744140625,804.89892578125,2836541071,,,,,-0.014603186784054922,-0.014710862877965396,0.030177372170130914,0.01810206405909253,801.9219011579241,722.0135274251302,1.1106743443128635
2025-07-31,783.6668090820312,813.0089111328125,782.8258666992188,793.1448364257812,2581137230,,,,,-0.01194993260809929,-0.01202190702035369,0.03051379014853488,0.017933838876785672,803.6971609933036,726.5891560872395,1.1061232530929843
2025-08-01,757.1865844726562,794.8995361328125,746.3453369140625,783.6646728515625,3061372565,,,,,-0.033790157120975106,-0.034374239707111745,0.032326587713434635,0.019189823230164483,799.6371808733259,729.8268005371094,1.0956533526650982
2025-08-02,736.6464233398438,769.56103515625,732.53173828125,757.2212524414062,2181365266,,,,,-0.02712694803899318,-0.027501676057402762,0.032511525790427216,0.02006284280094028,791.5462995256696,732.2709106445312,1.0809473488834416
2025-08-03,751.5609741210938,755.1250610351562,732.3884887695312,736.6464233398438,1761506433,,,,,0.020246552903399273,0.020044316619706407,0.0178006545085732,0.019983839805164664,778.4461582728794,735.5316263834635,1.0583449172681023
2025-08-04,769.05908203125,769.5585327148438,750.8377075195312,751.559814453125,1940596416,,,,,0.023282353012833434,0.023015453787274532,0.022508284993353944,0.020261385160451142,770.8805193219866,739.2954996744792,1.042723132578806
2025-08-05,754.8510131835938,769.1633911132812,746.6951904296875,769.0582885742188,1951120762,,,,,-0.018474612912872335,-0.0186473999993888,0.022320914771697828,0.02069692467644538,763.7308175223214,742.3542338053386,1.0287956648504657
2025-08-06,769.8478393554688,774.8028564453125,747.7263793945312,754.8510131835938,1969112524,,,,,0.019867266400856565,0.019672487848856786,0.02456861674184796,0.02083217088782762,760.4026750837054,745.9818888346355,1.0193312819854083
2025-08-07,788.1963500976562,788.1963500976562,765.3430786132812,769.8478393554688,2162190917,,,,,0.023833944585139433,0.023554349976320707,0.026312895804616324,0.021072697186963626,761.0497523716518,750.2296712239583,1.0144223583293381
2025-08-08,793.4395751953125,797.8942260742188,781.4666137695312,788.196533203125,2429517922,,,,,0.006652181397448276,0.006630153274857859,0.02124800807077453,0.021034995809005114,766.2287510463169,754.3725728352864,1.0157166082622402
2025-08-09,799.0867309570312,818.5120849609375,793.1973266601562,793.4395751953125,2215143664,,,,,0.00711731042698327,0.007092101913661606,0.015108566089985146,0.020740027641696374,775.1487949916294,758.1534403483073,1.0224167744137838
2025-08-10,805.8734741210938,815.072509765625,796.2681884765625,799.0867309570312,2090904941,,,,,0.008493124589785461,0.008457260927101083,0.014660249544780745,0.020748360310791653,782.9077235630581,762.0201110839844,1.02741084149257
2025-08-11,806.730224609375,826.5098266601562,793.378662109375,805.8734741210938,2805693912,,,,,0.0010631327569325943,0.0010625680315197795,0.013721948074798518,0.02065786271925736,788.2893153599331,766.05185546875,1.0290286613529263
2025-08-12,832.9265747070312,838.8615112304688,798.6620483398438,806.7435913085938,2889217820,,,,,0.03247225565441125,0.03195617445512816,0.011150440250943897,0.021211181452218498,799.4429670061384,770.7417277018229,1.037238465588072
2025-08-13,849.0054931640625,857.7623901367188,829.0764770507812,832.9265747070312,3364649534,,,,,0.019304124691527313,0.019120163776338617,0.011105977131794098,0.021247705476140816,810.751203264509,776.0613525390625,1.0446998817966526
2025-08-14,840.9309692382812,868.6798095703125,826.002197265625,849.0054931640625,4687490471,,,,,-0.009510567352973398,-0.00955608160611981,0.01320253620501589,0.021433573343786188,818.2847202845982,781.0950134277343,1.047612270232864
2025-08-15,827.2891845703125,853.4983520507812,813.8512573242188,840.9309692382812,3843113557,,,,,-0.016222240786690878,-0.016355261896861865,0.01642768518228507,0.02150482503830289,823.120378766741,785.0671162923177,1.0484713493721909
2025-08-16,839.3980712890625,839.5164794921875,826.6146850585938,827.2891845703125,1960223183,,,,,0.014636824637130008,0.014530740225828053,0.01674994143124685,0.02143622454244616,828.8791416713169,789.0066528320312,1.0505350477035509
2025-08-17,856.4029541015625,863.3430786132812,839.1815795898438,839.3967895507812,2286889646,,,,,0.020258424928693897,0.020055952979748392,0.01747266743699924,0.02157169538140558,836.097638811384,793.2128723144531,1.0540646376196603
2025-08-18,847.4179077148438,858.3074340820312,826.5350341796875,856.4033203125,2765082388,,,,,-0.01049161068827098,-0.010547035641218982,0.01881640925251614,0.021765332847532005,841.9101649693081,797.0091674804687,1.0563368645191145
2025-08-19,823.56591796875,851.9415893554688,823.356689453125,847.4179077148438,2718797059,,,,,-0.028146667103617462,-0.028550377988964457,0.019347239647715234,0.021941783644857205,840.5729282924107,799.2033671061198,1.0517634971134922
2025-08-20,869.1038818359375,880.3314819335938,819.3298950195312,823.56591796875,3612563758,,,,,0.05529364787156643,0.05381906741361189,0.028038218516950545,0.023799351440304924,843.4441266741071,802.6140319824219,1.0508713940508074
2025-08-21,839.0408325195312,882.5895385742188,834.07958984375,869.1038818359375,2848998239,,,,,-0.03459085840567133,-0.03520328657090196,0.03147030970118647,0.024512614989348813,843.1741071428571,804.377353922526,1.0482320306895012
2025-08-22,898.7745361328125,899.7001342773438,839.0408325195312,839.0408325195312,3534039226,,,,,0.07119284461270925,0.06877283558602335,0.039631562852441786,0.027188578637344453,853.3863002232143,808.4484903971354,1.0555852479902634
2025-08-23,880.046142578125,899.3594360351562,876.5121459960938,898.7745361328125,2470653598,,,,,-0.02083769933588775,-0.021057868103999035,0.04146893881015285,0.02751963341540569,859.1931675502232,812.075362141927,1.0580214689484218
2025-08-24,876.0802001953125,885.5560302734375,860.0352172851562,880.0533447265625,2909070734,,,,,-0.004506516409689798,-0.004516701365397536,0.04119454653623925,0.027434481140896447,862.0042027064732,815.0911539713542,1.057555585662469
2025-08-25,840.1719360351562,879.9407348632812,835.2559814453125,876.0802001953125,3300479072,,,,,-0.04098741662253169,-0.04185108283184423,0.04450730862088999,0.028629592962259906,860.9690638950893,816.6541320800782,1.0542640146840838
2025-08-26,863.6304931640625,867.7128295898438,832.7194213867188,840.1710205078125,2609863400,,,,,0.027921138665508494,0.027538450729952743,0.04381179348422346,0.026836849249878943,866.6925746372768,817.3330830891927,1.0603909135324916
2025-08-27,855.6463012695312,866.9847412109375,853.8656616210938,863.6304931640625,2391188252,,,,,-0.00924491661390947,-0.009287916078335495,0.038717272091431776,0.026449005841722786,864.7700631277902,818.4540079752604,1.056589685799339
2025-08-28,874.3660278320312,878.80859375,851.8986206054688,855.6463012695312,2744315947,,,,,0.021877879369928133,0.021641992831551125,0.036549279176971115,0.02635142623540105,869.8165196010044,820.7695780436198,1.0597572605874264
2025-08-29,863.2765502929688,876.8477172851562,851.3141479492188,874.3545532226562,2614507748,,,,,-0.012682877863586017,-0.012763992130410854,0.024011437812587022,0.026309282156995087,864.745378766741,823.1073018391927,1.0505864506784355
2025-08-30,862.4039916992188,863.644775390625,852.8187255859375,863.2821655273438,2030968355,,,,,-0.0010107521088739135,-0.0010112632632493124,0.02305891028514653,0.02617147161104739,862.2250714983259,825.731874593099,1.0441949717917938
2025-08-31,857.8167724609375,867.5966796875,857.3178100585938,862.4039916992188,1741117798,,,,,-0.0053191071498207565,-0.005333303965557593,0.023070556955977557,0.0252551235583341,859.6160103934152,829.0862141927083,1.0368234276219803
2025-09-01,845.8262939453125,866.973876953125,840.8975219726562,857.8126220703125,2756614903,,,,,-0.013977901692486472,-0.014076512554062743,0.016818218571918973,0.02478941285538182,860.4237758091518,832.7255432128907,1.0332621387947265
2025-09-02,851.7772216796875,856.4644165039062,841.6126098632812,845.8262939453125,2385434736,,,,,0.00703563814103858,0.007011003518380832,0.012695440775676782,0.02462318606037991,858.730451311384,836.066084798177,1.0271083433777581
2025-09-03,855.2587890625,863.4725341796875,849.157958984375,851.7772216796875,1915348780,,,,,0.004087415458172261,0.004079084668824315,0.012414199710846131,0.02436485136114134,858.6750924246652,838.9394083658855,1.0235245643034239
2025-09-04,843.802978515625,856.9368286132812,841.8807983398438,855.2588500976562,1915009280,,,,,-0.013394554599587827,-0.013485070837896839,0.008730464965803356,0.024220541991348942,854.3089425223214,841.9044738769531,1.0147338196081153
2025-09-05,849.979248046875,857.224609375,843.7465209960938,843.802978515625,2025139739,,,,,0.007319563557496522,0.007292905556411463,0.009073933750286197,0.024044078849722705,852.4093279157366,844.5755208333334,1.0092754370558523
2025-09-06,861.7720947265625,864.4991455078125,849.5745849609375,849.979248046875,1992250771,,,,,0.013874275997662,0.013778909313836908,0.010933134923229114,0.02382537770380454,852.3190569196429,847.0280456542969,1.006246559712505
2025-09-07,880.613037109375,882.8858032226562,861.2745361328125,861.7720947265625,1996378716,,,,,0.021863022135557353,0.021627453577225786,0.013280996040274558,0.024060894747934325,855.575666155134,849.933827718099,1.0066379737493
2025-09-08,878.2759399414062,885.2318115234375,872.0386352539062,880.613037109375,2289021738,,,,,-0.002653943411558224,-0.0026574713627450872,0.011277004663166862,0.02407618828261912,860.2113298688616,852.5734680175781,1.0089585966931898
2025-09-09,880.0150146484375,884.2359008789062,871.8602294921875,878.2759399414062,1795168603,,,,,0.001980100590194045,0.0019781427750416884,0.011315917830425345,0.024055987579543116,864.2453002929688,855.044852701823,1.010760192944351
2025-09-10,893.5665893554688,906.1226196289062,877.5120239257812,880.0150146484375,2868650920,,,,,0.015399253968916726,0.015281888814437055,0.011992201744457325,0.024157715590959337,869.7178431919643,857.9393981933594,1.0137287610563264
2025-09-11,902.9833374023438,903.3329467773438,889.3707275390625,893.5665893554688,2250551806,,,,,0.010538384222341213,0.010483242516006849,0.008254281674780331,0.023594228236113294,878.1721801757812,860.2746236165365,1.0208044687916107
2025-09-12,925.0307006835938,928.6170043945312,901.97412109375,902.9833374023438,2648100391,,,,,0.024416135235313163,0.024122826132223905,0.00975629454854025,0.023731619066873568,888.893816266741,862.8087972005209,1.030232676290339
2025-09-13,933.899658203125,942.5284423828124,923.8671875,925.0307006835938,2744192106,,,,,0.009587743966743112,0.009542073237014004,0.009765318317525147,0.023643096907351686,899.19775390625,865.9077534993489,1.0384452042060692
2025-09-14,927.24169921875,944.0581665039062,923.7640380859376,933.899658203125,2338327311,,,,,-0.007129201650191486,-0.007154735839574182,0.010787767775959179,0.023435488450622183,905.8589913504464,869.2395039876302,1.0421281904409827
2025-09-15,919.97021484375,935.2177124023438,911.5524291992188,927.2432250976562,2475846477,,,,,-0.007842059283061364,-0.007872969938139022,0.011734397618507503,0.023438775387204486,911.8153163364956,871.9252421061198,1.0457494201383848
2025-09-16,955.7125854492188,958.6553955078124,917.2383422851562,919.97021484375,3101245055,,,,,0.03885166066114354,0.03811593066457677,0.016379065328566915,0.024112714064581653,922.6292550223214,875.2355631510417,1.0541496413841458
2025-09-17,990.3097534179688,993.1290283203124,947.77099609375,955.6878662109376,3641636248,,,,,0.03620038963124883,0.03556055141782859,0.01872525145046616,0.024639795120078186,936.44970703125,879.9986246744792,1.0641490574802348
2025-09-18,981.835205078125,1005.292236328125,980.3798217773438,990.3190307617188,3741252935,,,,,-0.008557472357103024,-0.008594297762439397,0.0207207561989788,0.02395730384001032,947.7142595563616,885.274267578125,1.0705318049614791
2025-09-19,984.1240844726562,1002.0828857421876,975.811767578125,981.835205078125,3293771895,,,,,0.0023312256300171974,0.0023285125392811523,0.020219914882849833,0.022181519268543524,956.1561715262277,889.1082743326823,1.0754102724371428
2025-09-20,1042.650146484375,1043.243896484375,984.1197509765624,984.134521484375,3759046572,,,,,0.059470205978222834,0.057768977498560865,0.027427901520468607,0.022975298123847,971.6919555664062,895.8952514648438,1.0846044266644232
2025-09-21,1048.67236328125,1080.4776611328125,1041.0262451171875,1042.6627197265625,4306431415,,,,,0.005775874886874366,0.0057592584737004154,0.026030315425398774,0.019819765351354497,989.0391932896206,900.891845703125,1.0978445392828466
2025-09-22,993.0140380859376,1050.318359375,978.5733032226562,1048.671142578125,4892903256,,,,,-0.05307503768017674,-0.0545354261901704,0.03720947340414472,0.022151085437490895,999.4740251813616,904.6574422200521,1.1048093770484297
2025-09-23,1017.0198974609376,1026.24560546875,964.55322265625,993.0140380859376,4038510425,,,,,0.024174743210349847,0.02388715972501654,0.0358392874129296,0.022379223997467123,1008.2322126116071,909.3554321289063,1.108732819961518
2025-09-24,1018.8478393554688,1034.0548095703125,995.2929077148438,1017.029296875,3603925585,,,,,0.001797351162051708,0.0017957378592769917,0.033868220467202816,0.020576354625148712,1012.30908203125,915.3112955729167,1.1059724565046691
2025-09-25,945.713623046875,1019.8428344726562,943.3248291015624,1018.8718872070312,4693762081,,,,,-0.07178129401035882,-0.07448789940501953,0.04522445632446014,0.0249363527008047,1007.1488560267857,918.0473999023437,1.097055398374768
2025-09-26,960.9239501953124,964.7283935546876,933.5052490234376,945.713623046875,3789703570,,,,,0.01608343876810525,0.015955470555992838,0.0458985759329973,0.024932392535605745,1003.8345511300223,921.5566548665364,1.0892814303157539
2025-09-27,968.78955078125,983.9268798828124,957.402099609375,960.9239501953124,2777184185,,,,,0.008185455867073532,0.008152136721309948,0.03803373385638098,0.02472153411647788,993.2830374581473,924.7041056315104,1.0741631094844142
2025-09-28,993.3155517578124,993.3856811523438,964.2875366210938,968.78955078125,2519459113,,,,,0.025316128726599274,0.025000983309086705,0.040046448978457834,0.024830376828909338,985.3749215262277,929.0387390136718,1.0606392178784343
2025-09-29,1030.7412109375,1035.7254638671875,992.6415405273438,993.3157958984376,3359320684,,,,,0.03767751256230478,0.03698505493298378,0.037053140563204585,0.025490500262302932,990.7645176478794,934.649979654948,1.060038024088598
2025-09-30,1008.4834594726562,1032.7960205078125,994.4840087890624,1030.7412109375,3076619211,,,,,-0.021593927970144366,-0.021830488547222332,0.03726497497625996,0.025916552965352183,989.5450265066964,939.6722025553386,1.053074703940091
2025-10-01,1026.166748046875,1034.8297119140625,1003.8837280273438,1008.4834594726562,3100184262,,,,,0.017534535056693334,0.017382578846286616,0.037933780091543697,0.025737411184529314,990.5905848911831,945.6835510253907,1.047486322266154
2025-10-02,1090.6556396484375,1097.2117919921875,1023.9827270507812,1026.166748046875,3813163059,,,,,0.0628444565411086,0.060948763668419746,0.025503961414137837,0.027595390495102193,1011.2965872628348,953.6461649576823,1.060452633716312
2025-10-03,1189.9190673828125,1190.354248046875,1085.595458984375,1090.6556396484375,6097241167,,,,,0.09101262041460823,0.08710627453343962,0.03562222577203578,0.031104053717542934,1044.0101754324776,964.8015075683594,1.0820984080588265
2025-10-04,1150.547607421875,1190.0084228515625,1138.26611328125,1189.9288330078125,3775482131,,,,,-0.03308751077292482,-0.03364728480381978,0.04278324388959487,0.031860163904842066,1069.9756120954241,975.0263285319011,1.0973812509314373
2025-10-05,1165.527587890625,1186.8543701171875,1145.52880859375,1150.5452880859375,3611451465,,,,,0.013019870166274039,0.012935840243247466,0.04300514738069858,0.03185823704391089,1094.5773315429688,985.5446065266927,1.1106319534338833
2025-10-06,1223.5810546875,1237.8118896484375,1164.016845703125,1165.527587890625,5653272930,,,,,0.04980874532703283,0.048608000271008714,0.04385822240067121,0.03260676807156655,1122.1258806501116,997.6049051920573,1.1248199310267843
2025-10-07,1310.21435546875,1336.5655517578125,1209.281494140625,1223.580078125,11163171147,,,,,0.07080307467115521,0.06840890403755773,0.04114879073828942,0.03417936903193627,1165.2302943638392,1011.9249491373698,1.1514987305700455
2025-10-08,1306.599365234375,1332.83154296875,1270.310302734375,1310.2276611328125,7916662087,,,,,-0.002759083060940526,-0.0027628963463382965,0.04342310091788436,0.03418106572975956,1205.2920968191963,1026.2023966471354,1.1745169381373426
2025-10-09,1255.890625,1318.057373046875,1228.08203125,1306.597412109375,8172167891,,,,,-0.038809708303569335,-0.03958287536180981,0.049431992731688926,0.035471175112608416,1228.8970947265625,1038.731583658854,1.1830747365915886
2025-10-10,1106.8985595703125,1276.358154296875,962.4681396484376,1255.8875732421875,10329526518,,,,,-0.11863458685320427,-0.12628296815790163,0.0647000522306584,0.04350599031652815,1217.0370221819196,1045.8426493326822,1.1636903725034267
2025-10-11,1137.1993408203125,1180.52587890625,1080.7183837890625,1106.8985595703125,8101403820,,,,,0.027374487922147583,0.02700650705316041,0.06511729806277751,0.04365415764632143,1215.130126953125,1053.6498494466146,1.1532580084278674
2025-10-12,1303.1173095703125,1319.77197265625,1110.1973876953125,1137.1993408203125,10201040572,,,,,0.14590051435513152,0.13619080331580005,0.08372859736136394,0.049511146945612095,1234.7858014787946,1066.2527364095051,1.1580610856266658
2025-10-13,1293.4732666015625,1370.5460205078125,1257.1102294921875,1303.1473388671875,11820387271,,,,,-0.007400748112178834,-0.00742826951856164,0.08275793317899152,0.049630179424469914,1244.7704031808037,1078.2385233561197,1.1544480893766786
2025-10-14,1211.0511474609375,1316.4071044921875,1147.75,1293.4732666015625,10106588255,,,,,-0.06372154822896237,-0.06584235553790686,0.08195999828258135,0.05148654859373674,1230.6042306082588,1087.698838297526,1.131383235210961
2025-10-15,1162.6917724609375,1221.70751953125,1151.835205078125,1211.0511474609375,5853929585,,,,,-0.039931736245318095,-0.040750888970520996,0.08256036624746722,0.05220086779642454,1210.0460030691963,1095.7895568847657,1.1042686029142783
2025-10-16,1145.8253173828125,1193.77392578125,1125.333251953125,1162.6937255859375,5605348340,,,,,-0.014506385507851105,-0.014612631870375365,0.0819425046379721,0.052032521217441875,1194.3223876953125,1102.1266479492188,1.0836525819583864
2025-10-17,1071.9630126953125,1154.8912353515625,1024.083251953125,1145.8179931640625,6656427568,,,,,-0.06446209868726704,-0.06663361959083897,0.07051590120813342,0.053361973397945364,1189.3315952845983,1104.8484232584635,1.0764658483893867
2025-10-18,1093.1524658203125,1129.1925048828125,1071.473876953125,1071.965576171875,3767783165,,,,,0.0197669629213435,0.01957413346928035,0.07001518290023352,0.05340526840680235,1183.0391845703125,1108.5589986165364,1.0671864880865396
2025-10-19,1109.6800537109375,1132.3472900390625,1069.3074951171875,1093.1524658203125,3690436753,,,,,0.015119197374011906,0.015006041435167556,0.03564707342740349,0.05344516723124789,1155.4052908761162,1112.7441975911458,1.0383386346811085
2025-10-20,1101.0616455078125,1142.7445068359375,1090.0068359375,1109.68212890625,4209252745,,,,,-0.007766570349988511,-0.007796887231636112,0.03562057552117983,0.052502967585984085,1127.9179164341517,1114.6912475585937,1.011865769023061
2025-10-21,1057.4404296875,1114.313232421875,1054.304931640625,1101.1649169921875,4398689427,,,,,-0.03961741469996827,-0.04042354755659079,0.03159422663726293,0.053057519653793274,1105.9735281808037,1114.983516438802,0.9919191735795558
2025-10-22,1072.0479736328125,1082.9290771484375,1054.0701904296875,1057.4404296875,3625757780,,,,,0.01381405848992312,0.013719514083581465,0.03215540771724427,0.052080456607066436,1093.0244140625,1117.6179809570312,0.9779946571068305
2025-10-23,1127.572998046875,1150.999267578125,1071.939453125,1072.0509033203125,5661131703,,,,,0.05179341389537506,0.050496720407328784,0.039674782720154546,0.052679483661199025,1090.4169398716517,1121.303084309896,0.97245513289812
2025-10-24,1109.148681640625,1141.639404296875,1098.9310302734375,1127.5726318359375,3451758493,,,,,-0.016339799230882357,-0.016474765989720207,0.029287701888080178,0.05280460667125943,1095.7291782924108,1124.3131123860678,0.9745765358610868
2025-10-25,1116.7412109375,1120.0706787109375,1102.4951171875,1109.14990234375,2230311136,,,,,0.006845366561356148,0.006822043416165953,0.02860951424828564,0.05074576922562421,1099.0989990234375,1130.0140319824218,0.9726419034772966
2025-10-26,1137.5869140625,1141.9556884765625,1115.5335693359375,1116.741943359375,2746697366,,,,,0.018666547738038775,0.018494465886850067,0.028881576791542886,0.05076585055131691,1103.085693359375,1135.9027974446615,0.9711092320935276
2025-10-27,1139.7459716796875,1180.014892578125,1134.291015625,1137.587646484375,4501355092,,,,,0.001897927613703887,0.0018961288247117168,0.0284765070615468,0.0507679634930734,1108.612025669643,1141.6013448079427,0.9711025926096384
2025-10-28,1103.144775390625,1148.558349609375,1088.881591796875,1139.7508544921875,4178047763,,,,,-0.03211346843816598,-0.032640418037213244,0.026493273270958125,0.051090957977405545,1115.1412179129463,1145.2623189290364,0.9736993870153198
2025-10-29,1107.163330078125,1120.72998046875,1089.7681884765625,1103.149169921875,4169218996,,,,,0.0036428171325717518,0.003636198143881091,0.026279703201157252,0.050698468615336945,1120.1576974051338,1147.8097229003906,0.975908876755824
2025-10-30,1078.6114501953125,1123.6968994140625,1050.1282958984375,1107.1619873046875,4153774666,,,,,-0.025788317863451815,-0.026126666163887466,0.0189001147901384,0.050775234641709924,1113.1631905691963,1150.147322591146,0.9678440045935779
2025-10-31,1088.9554443359375,1104.24755859375,1073.4539794921875,1078.612548828125,4399392720,,,,,0.009590102291934688,0.009544409163189053,0.019132301779604916,0.05071476421204361,1110.2784423828125,1152.2402791341146,0.9635823903128646
2025-11-01,1094.642333984375,1097.13818359375,1082.4669189453125,1088.9443359375,2138185589,,,,,0.005222334557412056,0.005208745458977099,0.019008855320490174,0.049486025402013176,1107.1214599609375,1152.3731689453125,0.9607317228447876
2025-11-02,1084.35986328125,1094.64453125,1073.653076171875,1094.6414794921875,2049912244,,,,,-0.009393452440029426,-0.009437849158777038,0.016553335342003258,0.046694715055633954,1099.5175955636162,1148.8545288085938,0.9570555435803156
2025-11-03,992.535400390625,1086.594482421875,975.796142578125,1084.33642578125,4849653054,,,,,-0.08468080201047479,-0.08848242427894454,0.03431551317867342,0.048950597952384614,1078.487513950893,1143.5874552408854,0.943073928459385
2025-11-04,937.8932495117188,1000.1986083984376,886.3854370117188,992.5518798828124,5824529918,,,,,-0.055053100229373264,-0.056626543786065395,0.036915497384087045,0.04971695838868269,1054.8801531110491,1135.9996439615886,0.9285919751104408
2025-11-05,959.9510498046876,966.803955078125,903.8692626953124,937.88232421875,3816276917,,,,,0.023518455116776416,0.023246157336005224,0.039912409722795875,0.04894413114969216,1033.8498273577009,1127.2119771321616,0.917174274521114
2025-11-06,949.1804809570312,964.3312377929688,927.4452514648438,959.9534301757812,2798073439,,,,,-0.011219914650697826,-0.011283332702702691,0.03995062170583394,0.04676314905059996,1015.3596888950893,1115.1775146484374,0.9104915366009546
2025-11-07,990.5523681640624,994.412841796875,927.10986328125,949.2072143554688,3614944089,,,,,0.04358695531256296,0.04266377450181897,0.04538417093047167,0.04775546888071293,1001.3021065848214,1104.6426147460938,0.90644892132373
2025-11-08,990.2227172851562,1005.8635864257812,981.1117553710938,990.5819091796876,2913804232,,,,,-0.00033279500357674685,-0.00033285039212297817,0.04504992162476765,0.04743181054508976,986.3850184849331,1095.7870178222656,0.900161256194881
2025-11-09,996.579833984375,1005.9384765625,977.64404296875,990.2310791015624,2642212274,,,,,0.006419885737066977,0.006399366046516833,0.045728651561258604,0.0418752570193078,973.8450142996652,1092.109726969401,0.8917098623433015
2025-11-10,991.919677734375,1017.682861328125,977.107666015625,996.5888671875,2844075057,,,,,-0.004676149457458423,-0.004687116847793408,0.030976973362409056,0.04147699073069978,973.7570539202009,1087.267071533203,0.8956006113080048
2025-11-11,958.2657470703124,1005.9725341796876,956.8362426757812,991.9202880859376,2696896367,,,,,-0.03392808048826179,-0.03451699670063661,0.02475338938242234,0.03216685485897718,976.6674107142857,1075.7720194498697,0.9078758259707626
2025-11-12,953.010498046875,976.957763671875,940.8616943359376,958.2320556640624,2405972144,,,,,-0.005484124878202268,-0.005499217897670295,0.023182915089276657,0.032174609557602006,975.6759033203125,1064.4232604980468,0.9166239967959652
2025-11-13,928.046630859375,969.8464965820312,907.6197509765624,953.0198364257812,3034452281,,,,,-0.02619474521913623,-0.02654393908783309,0.024956775719735896,0.030591366605130735,972.6567818777902,1054.9897766113281,0.9219584904433908
2025-11-14,915.3092651367188,932.64501953125,889.4031982421875,928.0397338867188,3778463496,,,,,-0.013724919954573145,-0.013819977441527633,0.01465537852829535,0.030013311023141004,961.9077671595982,1046.7436930338542,0.9189525320870385
2025-11-15,932.201904296875,944.0817260742188,915.19384765625,915.19384765625,1963778260,,,,,0.018455662805547002,0.018287423882051717,0.018228911237006963,0.030361443977025768,953.6190795898438,1039.6229125976563,0.917274011600111
2025-11-16,927.2578735351562,948.5120239257812,910.9035034179688,932.1851806640624,2497118342,,,,,-0.005303605086977248,-0.005317719126081264,0.01712373897842574,0.028185985481409548,943.7159423828125,1034.7994079589844,0.9119795924933675
2025-11-17,906.482421875,936.9906616210938,893.0040893554688,927.2578735351562,3757441490,,,,,-0.02240525775311042,-0.02266006880462733,0.017485552915144822,0.02797881674996035,931.5106201171875,1028.5770731608072,0.9056303551999896
2025-11-18,932.4823608398438,937.3841552734376,888.5147094726562,906.4705810546876,3623344375,,,,,0.02868223181985652,0.028278596545150265,0.020393648116356886,0.028427719760851757,927.8272792271206,1022.6704833984375,0.9072592729418147
2025-11-19,895.6196899414062,939.2861328125,872.9431762695312,932.4846801757812,3254464199,,,,,-0.039531762150693095,-0.04033436567083507,0.024654969895946507,0.029118851529135265,919.6285923549107,1015.8224182128906,0.9053044861648051
2025-11-20,866.3438720703125,912.6580200195312,866.3438720703125,895.6640014648438,3038816761,,,,,-0.032687778305777404,-0.03323395901950818,0.02556693023316079,0.02886174609843071,910.8139125279018,1009.4525329589844,0.9022850335102478
2025-11-21,830.0787353515625,874.2615966796875,793.8209228515625,866.3346557617188,4772315493,,,,,-0.041859979493000576,-0.042761352498380666,0.028492648472620074,0.029326019894289023,898.6381225585938,1001.3868916829427,0.8973935349286746
2025-11-22,833.35107421875,841.4924926757812,815.2092895507812,830.0795288085938,2015396840,,,,,0.003942202983674203,0.003934452863180063,0.026209996738743094,0.027253396993985837,884.5165754045759,991.5794942220052,0.8920279015033171
2025-11-23,843.2247924804688,854.4036865234375,833.2874755859375,833.3475952148438,1754920246,,,,,0.011848209676786237,0.011778569177624886,0.028101090780712608,0.027511700824555677,872.5118495396206,982.7153645833333,0.8878581540338096
2025-11-24,864.421142578125,875.2612915039062,832.0480346679688,843.2236328125,2485800089,,,,,0.025137247252069228,0.024826503384715363,0.031111790340872584,0.02806270398238451,866.5030953543527,974.3046956380208,0.8893553518049356
2025-11-25,862.1080322265625,866.9095458984375,838.9786376953125,864.4609985351562,2007620452,,,,,-0.002675906728361266,-0.002679493366539018,0.027258023821926235,0.02762221180470658,856.4496198381696,965.1220662434896,0.887400309032098
2025-11-26,891.7533569335938,896.6287841796875,852.4906005859375,862.1033935546875,2040255309,,,,,0.034387018330482855,0.03380899844556337,0.02843458406696177,0.02866094591242415,855.8972865513393,956.8556457519531,0.8944894565352386
2025-11-27,895.559814453125,902.5869140625,885.2288208007812,891.7745971679688,1780660164,,,,,0.004268509324843128,0.0042594250805282185,0.024529991678872855,0.028365237543151386,860.0709926060268,949.9361470540365,0.9053987420873482
2025-11-28,887.6467895507812,904.3790893554688,877.3135375976562,895.5643920898438,2009647841,,,,,-0.008835841866325689,-0.008875109395981195,0.015140458445331604,0.02829613047602913,868.2950003487723,942.6189290364583,0.9211516696745528
2025-11-29,873.6898803710938,888.85302734375,869.8357543945312,887.6465454101562,1357539865,,,,,-0.015723494236655533,-0.015848419611475855,0.017954510764423094,0.0281228390359739,874.0576869419643,935.7882100423177,0.9340336601402984
2025-11-30,877.5767822265625,899.5747680664062,871.07373046875,873.6884765625,1452982911,,,,,0.004448834698437709,0.004438967886404344,0.017825956533508252,0.028034432108885694,878.9651140485491,928.7422546386719,0.946403708519229
2025-12-01,827.4053955078125,877.704833984375,803.458251953125,877.5615844726562,2778473663,,,,,-0.05717036700931921,-0.05886967757969035,0.028017926456620712,0.0294616497104978,873.6771501813616,919.8343566894531,0.949820088614417
2025-12-02,877.03466796875,884.0598754882812,821.3009643554688,827.4092407226562,2264885312,,,,,0.05998180907495532,0.05825174672667768,0.037255077548702116,0.031940771393043146,875.8095267159598,912.9235168457031,0.9593460027648558
2025-12-03,921.7537231445312,922.1299438476562,874.4122314453125,877.0285034179688,2754777581,,,,,0.05098892530594323,0.04973155454713965,0.03988214450580471,0.029681496292460117,880.0952933175223,910.5641276041666,0.9665385079831638
2025-12-04,900.0661010742188,927.4549560546876,889.617431640625,921.7321166992188,2052379059,,,,,-0.023528651445340443,-0.023809870053707667,0.04132208423366723,0.02818354496512958,880.7390485491071,909.30322265625,0.9685867448883537
2025-12-05,884.2180786132812,906.8523559570312,873.4063720703125,900.063720703125,1968850986,,,,,-0.017607620642553945,-0.017764478788069502,0.04179983285187259,0.027941829721840502,880.2492327008929,906.7787902832031,0.9707430766283974
2025-12-06,890.5450439453125,896.6558227539062,878.9838256835938,884.2127685546875,1418385761,,,,,0.00715543538982355,0.007129956730417688,0.04129769832290162,0.027949911577001198,882.6571132114956,904.8242757161458,0.9755011408296871
2025-12-07,894.0222778320312,905.114501953125,872.8945922851562,890.5266723632812,1779976227,,,,,0.0039046131471507373,0.003897009930556055,0.0412944677952932,0.026674813483806983,885.0064697265625,901.6066060384114,0.9815882712031263
2025-12-08,897.6040649414062,911.5386352539062,891.7789916992188,894.02734375,1906067258,,,,,0.004006373440783584,0.003998369297977904,0.031314604492526564,0.026703791109736138,895.0348510742188,898.5193176269531,0.9961219903853185
2025-12-09,898.8104248046875,926.51708984375,882.4072265625,897.5906372070312,2357057936,,,,,0.0013439777184609536,0.0013430753887905922,0.023641765659743647,0.026656550573704564,898.1456734793527,895.2603373209636,1.0032229018064438
2025-12-10,894.650634765625,914.1864013671876,884.947509765625,898.7805786132812,2429639422,,,,,-0.004628106132576804,-0.004638848974587916,0.011976190600764285,0.026656474280354073,894.2738037109375,892.0180358886719,1.0025288365610436
2025-12-11,886.1666259765625,894.6589965820312,861.253662109375,894.6589965820312,2524483059,,,,,-0.009483041155260663,-0.009528291491122979,0.008917172786571118,0.02603508826014226,892.2881644112723,889.6147318522136,1.0030051576973018
2025-12-12,881.8676147460938,895.4688720703125,873.608154296875,886.1660766601562,1807202490,,,,,-0.004851244793529941,-0.004863050277891801,0.006038186009064805,0.026032910589371967,891.9523838588169,887.2433024088542,1.0053075424037325
2025-12-13,897.4295654296875,903.7582397460938,880.7807006835938,881.8624267578125,1472368344,,,,,0.017646583708683217,0.017492690571547773,0.008817181475374535,0.025876498712147616,892.9358869280134,886.222733561198,1.0075750182347945
2025-12-14,877.806884765625,899.2176513671875,874.129638671875,897.435791015625,1640570319,,,,,-0.021865427015063,-0.022108018224260256,0.012251824950524232,0.026060373696829918,890.619402204241,884.9726542154948,1.0063807033605485
2025-12-15,858.5451049804688,894.2052612304688,843.7678833007812,877.7892456054688,2222157806,,,,,-0.021943072126050955,-0.022187402181295793,0.013796352876401727,0.02605399420656565,885.03955078125,882.5174275716146,1.0028578735454272
2025-12-16,874.8990478515625,877.6130981445312,851.3676147460938,858.5458984375,2379705373,,,,,0.019048437614079372,0.01886928757021284,0.01670919675928981,0.026344208166637895,881.6236397879464,880.7721333821614,1.0009667726458549
2025-12-17,842.93017578125,875.11083984375,834.8516845703125,874.905517578125,2968394043,,,,,-0.03654006956438749,-0.037224379500946134,0.0209626470291265,0.026868242970103533,874.2350027901786,878.6537251790364,0.9949710309508362
2025-12-18,829.3011474609375,850.8983764648438,819.9838256835938,842.9312744140625,3195634004,,,,,-0.016168632600773503,-0.016300771210469356,0.021172870161419277,0.026339258638967526,866.1113630022321,875.2143513997396,0.9895991326205414
2025-12-19,855.9432983398438,861.0877075195312,823.1718139648438,829.3038940429688,5429911683,,,,,0.03212602678830989,0.031620778584375675,0.02635383497652888,0.026183634004566612,862.4078892299107,873.8918050130209,0.9868588814802548
2025-12-20,853.586181640625,858.7412109375,850.890869140625,855.9429931640625,1374684930,,,,,-0.002753823417731671,-0.0027576221650954576,0.024622280095978784,0.02549246581990369,856.144548688616,873.4665486653646,0.9801686738854326
2025-12-21,857.8892211914062,858.9291381835938,846.0993041992188,853.5969848632812,1501917010,,,,,0.005041130753207224,0.00502846679618242,0.024004201072086447,0.024221675469015963,853.2991681780134,874.393564860026,0.975875398070445
2025-12-22,857.857421875,869.0992431640625,852.6373291015625,857.8866577148438,1959463444,,,,,-3.706692614935392e-05,-3.706761314483759e-05,0.02250960101685488,0.024216493580767114,853.200927734375,875.2104431152344,0.9748523163154699
2025-12-23,843.7714233398438,860.7771606445312,839.5874633789062,857.8599243164062,1696809904,,,,,-0.01641997629905534,-0.0165562782191064,0.02148938158689264,0.02433252415374204,848.7541242327009,875.2286641438802,0.96975128786821
2025-12-24,846.2596435546875,849.3277587890625,835.2703857421875,843.7693481445312,1535799969,,,,,0.002948926861015,0.0029445873054605807,0.01622262330364852,0.023887220872866335,849.2297624860491,874.623280843099,0.9709663361206534
2025-12-25,829.4244384765625,847.0791625976562,827.6585693359375,846.2431030273438,1415229398,,,,,-0.019893664085657292,-0.02009420716882989,0.01692788586041399,0.0241469756805079,849.2473754882812,873.5338277180989,0.972197467963822
2025-12-26,834.1515502929688,845.7174682617188,823.3729248046875,829.4263916015625,1730790904,,,,,0.005699267584987844,0.0056830882041246054,0.010462124754030569,0.02326728381970812,846.1342686244419,871.6137674967448,0.9707674433075106
2025-12-27,844.5545043945312,844.5943603515625,834.1458740234375,834.1513671875,1496575663,,,,,0.012471299847022665,0.012394173766705449,0.012121561990117245,0.023392533691458283,844.8440290178571,869.9135904947917,0.971181549810395
2025-12-28,858.8287963867188,864.9430541992188,839.5921020507812,844.5575561523438,1855190489,,,,,0.016901563981854384,0.01676032180359832,0.01386367995071556,0.023598334481205546,844.978254045759,868.9529907226563,0.9724096275254672
2025-12-29,851.1875610351562,869.98583984375,846.6453247070312,858.835205078125,2271142660,,,,,-0.008897274268993782,-0.008937091365399955,0.014286051757251896,0.02348284348639678,844.0254167829241,868.2029134114583,0.9721522512133336
2025-12-30,860.5537109375,862.0198364257812,848.4505004882812,851.1907348632812,2042633098,,,,,0.011003626381655751,0.010943526957376883,0.013060702202178403,0.023563439779674157,846.4228864397321,867.6354777018229,0.9755512633966071
2025-12-31,863.2573852539062,873.8369140625,856.8807983398438,860.5555419921875,2539874072,,,,,0.0031417845069319217,0.003136859415009956,0.013061226038743419,0.020843298547735492,848.8511352539062,868.8305440266927,0.9770042513926943
2026-01-01,863.0546264648438,872.2593994140625,855.6074829101562,863.2581787109375,1623168589,,,,,-0.0002348764024797667,-0.00023490399026188487,0.008666711903805335,0.017866370720846524,853.6554478236607,868.3645426432291,0.9830611522036641
2026-01-02,880.8441772460938,890.1697387695312,858.8756103515625,863.05517578125,2274583336,,,,,0.02061231147571485,0.02040275255333751,0.010299976890910252,0.015690940714870826,860.3258231026786,867.0008911132812,0.9923009675318425
2026-01-03,878.6394653320312,883.4481201171875,869.5321044921875,880.8558959960938,1660447864,,,,,-0.002502953383827111,-0.0025060910082932556,0.010718810397095215,0.0151187037203313,865.1951032366071,866.286669921875,0.9987399474987115
2026-01-04,894.3836669921875,902.0450439453124,878.4307250976562,878.6434326171875,1869811425,,,,,0.017918841892910597,0.017760191858833013,0.0108966941632794,0.015135620097800938,870.2743704659598,866.6255228678385,1.0042104086503783
2026-01-05,905.5447387695312,907.5575561523438,892.120361328125,894.489013671875,2121015808,,,,,0.012479064845714927,0.01240184308920114,0.008888119541245342,0.01524687453641067,878.0396815708706,867.1255126953125,1.0125866079544046
