Date,Close,High,Low,Open,Volume,asset,return,log_return,vol_7d,vol_30d,ma_7,ma_30,ma_ratio
2017-11-09,654.302978515625,670.135986328125,619.2579956054688,622.31201171875,710387008,BITCOIN_CASH,,,,,,,
2017-11-10,1007.4199829101562,1034.77001953125,651.7750244140625,651.7750244140625,5195420160,BITCOIN_CASH,0.5396842380201676,0.4315773551552682,,,,,
2017-11-11,1340.449951171875,1403.6600341796875,910.7219848632812,1001.6400146484376,5139769856,BITCOIN_CASH,0.3305770918894102,0.2856127518009324,,,,,
2017-11-12,1388.8599853515625,2477.64990234375,1215.5799560546875,1346.969970703125,8371319808,BITCOIN_CASH,0.0361147644023303,0.03547791415215923,,,,,
2017-11-13,1353.989990234375,1501.1600341796875,1043.0,1381.8199462890625,4850570240,BITCOIN_CASH,-0.025106918973089143,-0.025427474482660126,,,,,
2017-11-14,1273.530029296875,1390.2099609375,1211.3900146484375,1346.72998046875,1697910016,BITCOIN_CASH,-0.05942433955776316,-0.061263186435554166,,,,,
2017-11-15,1212.4000244140625,1326.3900146484375,1191.97998046875,1269.7900390625,1321779968,BITCOIN_CASH,-0.04800044245251356,-0.049190708951923394,,,1175.8504202706474,,
2017-11-16,900.7760009765624,1210.3599853515625,876.5709838867188,1202.1700439453125,2034690048,BITCOIN_CASH,-0.25703069709859505,-0.2971005501900023,0.2413782132311545,,1211.0608520507812,,
2017-11-17,1185.47998046875,1217.4200439453125,863.97900390625,909.1580200195312,3203429888,BITCOIN_CASH,0.31606523617806226,0.2746464032383732,0.2039477030590884,,1236.4979945591517,,
2017-11-18,1254.530029296875,1388.1099853515625,1197.4300537109375,1197.4300537109375,3053769984,BITCOIN_CASH,0.05824649084400568,0.056613284414348417,0.1704678312917473,,1224.2237200055804,,
2017-11-19,1172.050048828125,1262.3399658203125,1144.0799560546875,1260.949951171875,1285910016,BITCOIN_CASH,-0.06574572034355963,-0.06800662977989601,0.17040803841527902,,1193.2508719308037,,
2017-11-20,1236.010009765625,1236.010009765625,1167.280029296875,1172.4300537109375,800052992,BITCOIN_CASH,0.05457101512128282,0.05313406349727981,0.17288634394466657,,1176.3965890066963,,
2017-11-21,1176.969970703125,1224.1500244140625,1140.8800048828125,1220.780029296875,772859008,BITCOIN_CASH,-0.04776663505637413,-0.048945142987221454,0.17237544210674186,,1162.602294921875,,
2017-11-22,1303.31005859375,1335.25,1171.5999755859375,1175.06005859375,1517619968,BITCOIN_CASH,0.10734351006011567,0.10196391278189082,0.17625643183966497,,1175.5894426618304,,
2017-11-23,1683.81005859375,1683.81005859375,1299.949951171875,1302.22998046875,4112090112,BITCOIN_CASH,0.29194894759774437,0.2561518903364699,0.13452798898535612,,1287.451450892857,,
2017-11-24,1648.510009765625,1782.8299560546875,1575.760009765625,1651.8599853515625,3128960000,BITCOIN_CASH,-0.020964388856072103,-0.021187262093847734,0.11103828924710264,,1353.598597935268,,
2017-11-25,1571.27001953125,1656.550048828125,1535.77001953125,1634.0,1560039936,BITCOIN_CASH,-0.046854425982743364,-0.047987633565160906,0.11645158936495108,,1398.84716796875,,
2017-11-26,1735.6600341796875,1758.6099853515625,1563.3499755859375,1571.3900146484375,1593049984,BITCOIN_CASH,0.10462238355281506,0.09950354222388601,0.10943716565067839,,1479.3628801618304,,
2017-11-27,1622.5699462890625,1742.4000244140625,1607.7900390625,1722.9300537109375,1391459968,BITCOIN_CASH,-0.06515681969025344,-0.06737648535414342,0.1190375474474099,,1534.585728236607,,
2017-11-28,1546.1800537109375,1629.47998046875,1543.0799560546875,1621.1700439453125,1274880000,BITCOIN_CASH,-0.04707956828168447,-0.04822387123931353,0.11894914053256457,,1587.3300258091517,,
2017-11-29,1359.7099609375,1673.22998046875,1332.1400146484375,1541.6300048828125,2345250048,BITCOIN_CASH,-0.12060050336692452,-0.12851599463373137,0.12999459163463978,,1595.3871547154017,,
2017-11-30,1389.780029296875,1468.75,1222.0999755859375,1380.3599853515625,1211730048,BITCOIN_CASH,0.0221150607285705,0.021874069327564343,0.07217003905810314,,1553.3828648158483,,
2017-12-01,1462.6800537109375,1482.6800537109375,1300.4599609375,1381.81005859375,965150976,BITCOIN_CASH,0.05245436175316498,0.05112492387953876,0.07813875809308847,,1526.835728236607,,
2017-12-02,1434.97998046875,1502.3699951171875,1415.489990234375,1462.06005859375,574510016,BITCOIN_CASH,-0.01893788950762687,-0.01911950797310281,0.07698935000601227,,1507.36572265625,,
2017-12-03,1559.9300537109375,1649.300048828125,1420.5999755859375,1435.3599853515625,1476739968,BITCOIN_CASH,0.08707443653769387,0.08349008467002457,0.07323709972277373,,1482.261439732143,,
2017-12-04,1576.9200439453125,1580.1099853515625,1498.97998046875,1560.1600341796875,780633984,BITCOIN_CASH,0.010891507727514682,0.010832622437785773,0.06984660362732388,,1475.740025111607,,
2017-12-05,1501.8499755859375,1623.1600341796875,1498.0,1580.1600341796875,1032800000,BITCOIN_CASH,-0.047605500765629416,-0.04877594007450581,0.06990504738861616,,1469.4071568080358,,
2017-12-06,1430.0999755859375,1530.6500244140625,1396.1600341796875,1498.489990234375,1154620032,BITCOIN_CASH,-0.04777441233569768,-0.04895331042954196,0.04992880947322705,,1479.4628731863838,,
2017-12-07,1330.9300537109375,1454.72998046875,1323.75,1430.7099609375,1285209984,BITCOIN_CASH,-0.06934474761763998,-0.07186636847532951,0.05735867816606363,,1471.0557338169642,,
2017-12-08,1464.1300048828125,1731.3199462890625,1247.9300537109375,1329.1600341796875,2553979904,BITCOIN_CASH,0.10008035418576888,0.0953832263961475,0.06644748429830016,,1471.2628696986608,1359.3029764811197,1.0823656647227948
2017-12-09,1410.06005859375,1526.4000244140625,1353.9000244140625,1464.6300048828125,1059609984,BITCOIN_CASH,-0.036929744017772714,-0.03762891451570645,0.06769821001212284,0.1409393461610499,1467.702880859375,1384.4948791503907,1.0600998984987549
2017-12-10,1323.0699462890625,1411.8399658203125,1226.2099609375,1411.8399658203125,885886016,BITCOIN_CASH,-0.06169248733379662,-0.06367754503993485,0.058810226769535595,0.1190514222198716,1433.86572265625,1395.0165445963542,1.0278485428795663
2017-12-11,1423.3800048828125,1453.489990234375,1316.8499755859375,1320.0,922792000,BITCOIN_CASH,0.07581614175055451,0.0730795751602743,0.06873927542586854,0.10782268249326005,1411.931431361607,1397.780879720052,1.0101235836366491
2017-12-12,1615.030029296875,1638.2900390625,1427.3800048828125,1427.3800048828125,1386249984,BITCOIN_CASH,0.1346443140669531,0.12631922214300073,0.08433363421155037,0.11004786516826955,1428.1000104631696,1405.3198811848958,1.016209924575369
2017-12-13,1607.6500244140625,1702.530029296875,1497.93994140625,1616.989990234375,1245190016,BITCOIN_CASH,-0.004569577499450861,-0.004580049933958321,0.08072081613101031,0.10991465272688597,1453.4643031529017,1413.775215657552,1.0280731243947363
2017-12-14,1966.1400146484373,2080.409912109375,1593.1500244140625,1600.6700439453125,2717410048,BITCOIN_CASH,0.22299006922544162,0.201298736660164,0.09544442653404653,0.11474408876053246,1544.2085832868304,1436.862215169271,1.074708880910278
2017-12-15,1815.4300537109373,1974.6600341796875,1678.06005859375,1974.6600341796875,1457229952,BITCOIN_CASH,-0.07665271029258225,-0.07974985337650652,0.10572196466365705,0.11546217524173961,1594.3943045479912,1456.9632161458333,1.0943270817541366
2017-12-16,1801.8800048828125,1890.06005859375,1769.5,1824.8499755859373,971254976,BITCOIN_CASH,-0.007463823131288905,-0.007491816839532891,0.10305454880167983,0.09962183456768957,1650.3685825892858,1487.0000162760416,1.109864535659102
2017-12-17,1862.8800048828125,1939.9300537109373,1806.6500244140625,1812.3299560546875,1020590016,BITCOIN_CASH,0.03385353066502739,0.03329311292388521,0.09366453681344554,0.08763220122023466,1727.4843052455358,1509.5800170898438,1.1443476236362522
2017-12-18,2196.639892578125,2353.639892578125,1799.1199951171875,1869.2099609375,2538650112,BITCOIN_CASH,0.17916338509216434,0.16480519133666519,0.10351258224965847,0.09154011235574144,1837.9500034877233,1540.9836791992188,1.192712180081508
2017-12-19,2805.889892578125,2918.929931640625,2160.919921875,2199.06005859375,3913339904,BITCOIN_CASH,0.27735542910720024,0.24479186965247632,0.1235337290550125,0.09884916929473786,2008.0728410993304,1595.4450073242188,1.2586286784444833
2017-12-20,3923.070068359375,4355.6201171875,2825.030029296875,2825.030029296875,11889600512,BITCOIN_CASH,0.39815538690107166,0.33515378706349896,0.14931265629131327,0.11353327571030528,2338.8471330915177,1685.0136759440104,1.388028575958711
2017-12-21,3267.169921875,3909.0,3038.010009765625,3909.0,3664329984,BITCOIN_CASH,-0.167190525546405,-0.18295038512073702,0.18419306842312164,0.1195680806708288,2524.7085484095983,1754.6870076497396,1.4388369762828757
2017-12-22,2696.68994140625,3369.550048828125,1938.3599853515625,3324.0,3877769984,BITCOIN_CASH,-0.17460982872337305,-0.19189906956514932,0.20351243481624318,0.12569136364176897,2650.6028180803573,1801.1330037434896,1.4716308082586476
2017-12-23,3257.080078125,3479.7099609375,2684.820068359375,2746.949951171875,2843310080,BITCOIN_CASH,0.2078066625733479,0.1888060391650299,0.2067195127289479,0.12195230177318635,2858.488542829241,1853.5753377278645,1.542148562643918
2017-12-24,2903.1201171875,3260.550048828125,2573.43994140625,3260.550048828125,1712160000,BITCOIN_CASH,-0.10867401244284536,-0.11504505135684931,0.2200271117637602,0.12427995237793037,3007.0942731584823,1895.3956746419271,1.5865258707665744
2017-12-25,2954.68994140625,3099.6201171875,2755.60009765625,2929.35009765625,1355440000,BITCOIN_CASH,0.017763586120132846,0.017607657484175848,0.21570984196215226,0.12363861806224931,3115.387137276786,1941.5096720377603,1.6046209720948508
2017-12-26,3108.889892578125,3112.639892578125,2915.800048828125,2947.739990234375,1544429952,BITCOIN_CASH,0.05218820053196027,0.05087199615927576,0.1970207353402986,0.12289108131381907,3158.6728515625,1987.2840006510417,1.589442098123724
2017-12-27,2889.52001953125,3108.320068359375,2771.050048828125,3108.320068359375,1406450048,BITCOIN_CASH,-0.07056212366046744,-0.07317530962224675,0.1378852734827218,0.12303679940062995,3011.0228445870534,2029.5156697591146,1.4836164556169378
2017-12-28,2566.639892578125,2896.780029296875,2481.300048828125,2888.639892578125,3221299968,BITCOIN_CASH,-0.11174178575357441,-0.11849279644976558,0.12889382604398036,0.1250182550143568,2910.9471261160716,2063.530997721354,1.410663144547125
2017-12-29,2779.949951171875,2922.409912109375,2389.0400390625,2587.300048828125,2479419904,BITCOIN_CASH,0.08310868198167265,0.0798353156908498,0.11359124759735961,0.12242211153070945,2922.8414132254466,2110.8723307291666,1.3846604414089783
2017-12-30,2392.409912109375,2791.550048828125,2329.469970703125,2791.550048828125,1257760000,BITCOIN_CASH,-0.13940540148902114,-0.1501317350196227,0.09205348474871289,0.1264779777502169,2799.3171037946427,2144.2933268229167,1.3054730287027658
2017-12-31,2533.010009765625,2627.949951171875,2350.030029296875,2376.9599609375,1300819968,BITCOIN_CASH,0.05876923387776967,0.057107133409690064,0.09292525185228605,0.12653653454769193,2746.4442313058034,2179.9709920247396,1.2598535674802387
2018-01-01,2432.5400390625,2534.860107421875,2389.52001953125,2534.820068359375,922812992,BITCOIN_CASH,-0.03966426122114741,-0.04047232776616254,0.09164569994524772,0.1268140517408505,2671.851388113839,2213.2229939778645,1.2072219543100235
2018-01-02,2711.0,2867.139892578125,2434.5,2434.5,1831229952,BITCOIN_CASH,0.11447291985574815,0.10838157552772176,0.10187813622149755,0.12734040759490967,2615.0099748883927,2251.5919921875,1.1614049010486216
2018-01-03,2608.68994140625,2958.469970703125,2592.56005859375,2700.550048828125,4688840192,BITCOIN_CASH,-0.03773886336914423,-0.038469413353577786,0.0996544865064852,0.12775918464103045,2574.8913922991073,2285.9843221028646,1.126381912335461
2018-01-04,2430.179931640625,2610.199951171875,2359.300048828125,2608.8701171875,5377260032,BITCOIN_CASH,-0.06842898687660703,-0.07088285660911507,0.09276934333375808,0.12821328346686015,2555.3971121651784,2316.9286539713544,1.1029243856020663
2018-01-05,2584.47998046875,2648.320068359375,2370.590087890625,2400.739990234375,2115709952,BITCOIN_CASH,0.06349326106234288,0.061559019072345636,0.09011080684854969,0.1278686002398878,2527.472830636161,2355.407987467448,1.0730509720966508
2018-01-06,2786.64990234375,2829.68994140625,2481.360107421875,2583.7099609375,1669159936,BITCOIN_CASH,0.07822460355770766,0.07531580287887071,0.06986658716645514,0.12705415178291757,2583.7928292410716,2403.931982421875,1.0748194408720304
2018-01-07,2786.8798828125,3071.159912109375,2730.31005859375,2784.679931640625,1444780032,BITCOIN_CASH,8.252937283459438e-05,8.252596747326441e-05,0.068370993340983,0.12641395881295447,2620.0599539620534,2448.023645019531,1.0702755912070243
2018-01-08,2421.469970703125,2810.320068359375,2275.070068359375,2786.60009765625,1428899968,BITCOIN_CASH,-0.13111792666880417,-0.1405478668019938,0.08894151787269768,0.1294331410202378,2618.478515625,2481.7373087565106,1.055098985048101
2018-01-09,2391.56005859375,2502.8701171875,2346.679931640625,2412.360107421875,1084749952,BITCOIN_CASH,-0.012351964910260693,-0.012428884490449441,0.07486544409891539,0.12865347915006956,2572.84423828125,2517.3536458333333,1.022043224852322
2018-01-10,2895.3798828125,2961.199951171875,2332.47998046875,2390.02001953125,2578810112,BITCOIN_CASH,0.21066576288073602,0.19117042555144267,0.10753879867526135,0.13210234925982273,2613.7999441964284,2566.4203084309897,1.0184613703413237
2018-01-11,2462.610107421875,2976.489990234375,2396.840087890625,2891.550048828125,1947949952,BITCOIN_CASH,-0.14946908278240956,-0.16189451599318638,0.1238958102302655,0.1348316914103522,2618.4328264508927,2594.672977701823,1.0091571650659863
2018-01-12,2620.989990234375,2648.22998046875,2413.330078125,2475.89990234375,1110220032,BITCOIN_CASH,0.06431382797267449,0.0623302985320653,0.12395804248649878,0.13506588403568368,2623.6485421316966,2628.4509765625,0.9981729031761954
2018-01-13,2685.2900390625,2850.27001953125,2589.030029296875,2617.659912109375,1218569984,BITCOIN_CASH,0.024532733458617617,0.024236638853675208,0.12037477489522015,0.13049399633259745,2609.1685616629466,2652.422644042969,0.9836926130618113
2018-01-14,2553.320068359375,2746.610107421875,2490.0400390625,2687.10009765625,993310016,BITCOIN_CASH,-0.04914551828047553,-0.05039424421269723,0.121505660188476,0.12990348978617106,2575.8028738839284,2677.018977864583,0.9621907409631465
2018-01-15,2401.5400390625,2576.1298828125,2328.31005859375,2541.580078125,1412359936,BITCOIN_CASH,-0.059444184525757726,-0.06128428540524275,0.11080652039162459,0.13054248955992087,2572.955740792411,2697.007645670573,0.954003873486492
2018-01-16,1772.0699462890625,2406.860107421875,1555.969970703125,2406.860107421875,1704029952,BITCOIN_CASH,-0.26211101315602736,-0.30396189002719926,0.1597272795365446,0.14241162297334936,2484.4571533203125,2693.980643717448,0.9222253170653772
2018-01-17,1748.050048828125,1875.0799560546875,1361.02001953125,1767.5799560546875,1457730048,BITCOIN_CASH,-0.01355471182796042,-0.013647415602782195,0.12461946571835532,0.1389021587320187,2320.552891322545,2679.0276489257812,0.8661922142733482
2018-01-18,1756.75,1893.469970703125,1696.25,1752.27001953125,1024060032,BITCOIN_CASH,0.004976946270907501,0.004964602214012527,0.12046749841512952,0.13052316678111886,2219.71573311942,2644.056319173177,0.839511517596398
2018-01-19,1769.6199951171875,1870.780029296875,1723.8699951171875,1740.1700439453125,743246976,BITCOIN_CASH,0.007326025397573543,0.007299320421748045,0.11365115107337996,0.11264228464446703,2098.0914481026784,2572.274650065104,0.8156560762473696
2018-01-20,2032.1199951171875,2124.449951171875,1780.449951171875,1784.260009765625,1116240000,BITCOIN_CASH,0.14833693150184857,0.13831474917592557,0.13353298725433652,0.11253058034200836,2004.7814418247767,2531.106319173177,0.7920573808529972
2018-01-21,1776.6400146484375,2033.699951171875,1733.989990234375,2033.699951171875,745179008,BITCOIN_CASH,-0.12572091268361196,-0.13435563242668236,0.13832641918982191,0.10988524336282406,1893.8271484375,2500.43798828125,0.7573981667664864
2018-01-22,1621.9200439453125,1815.4200439453125,1525.5,1794.4599609375,681350016,BITCOIN_CASH,-0.08708571766224749,-0.09111328851458542,0.13912408206336338,0.10379405024465173,1782.4528634207588,2445.932653808594,0.7287415950088724
2018-01-23,1621.4599609375,1700.3399658203125,1504.719970703125,1623.1400146484375,578984000,BITCOIN_CASH,-0.0002836656526503667,-0.00028370589336173185,0.08623733070875587,0.1023993056340283,1760.9371512276787,2403.2106486002604,0.7327435704620104
2018-01-24,1639.1300048828125,1703.3399658203125,1575.4200439453125,1622.1500244140625,488160992,BITCOIN_CASH,0.010897613490928215,0.01083866239848145,0.0866873997103585,0.10232234251202943,1745.3771449497767,2359.358650716146,0.7397676247398822
2018-01-25,1642.1199951171875,1707.699951171875,1611.0400390625,1661.0400390625,522193984,BITCOIN_CASH,0.0018241324516470314,0.001822470742524596,0.08660998612616433,0.1015457091732524,1729.001429966518,2310.4663208007814,0.7483344008958615
2018-01-26,1603.9000244140625,1678.6300048828125,1500.3699951171875,1637.18994140625,594667008,BITCOIN_CASH,-0.023274773351990907,-0.023549908411338978,0.08638899650278756,0.10107421916544572,1705.3271484375,2267.6123209635416,0.7520364626140686
2018-01-27,1628.6300048828125,1665.81005859375,1567.780029296875,1602.5,441742016,BITCOIN_CASH,0.015418654587142644,0.015300995025924328,0.05811463942245145,0.09950071128682109,1647.6857212611608,2236.345324707031,0.7367760707872847
2018-01-28,1746.25,1762.3399658203125,1636.4100341796875,1636.4100341796875,580544000,BITCOIN_CASH,0.0722202064094053,0.06973145798022891,0.04835834885792318,0.09918466966377641,1643.3442905970983,2201.8886596679686,0.7463339635188023
2018-01-29,1657.1400146484375,1763.239990234375,1638.3299560546875,1745.3599853515625,362212992,BITCOIN_CASH,-0.05102934021564065,-0.05237739783185666,0.03752673813335741,0.09616900075948112,1648.3757149832588,2177.3796630859374,0.7570456098809445
2018-01-30,1470.550048828125,1662.0699462890625,1468.1700439453125,1657.68994140625,649822976,BITCOIN_CASH,-0.11259758630588468,-0.11945672007921125,0.05975219191294785,0.09717615913116096,1626.8171561104912,2141.9643310546876,0.7594977808568167
2018-01-31,1486.8900146484375,1522.8699951171875,1406.25,1470.739990234375,729209024,BITCOIN_CASH,0.011111465286974598,0.011050186470344656,0.059766872405344854,0.09722287741803133,1605.0685860770088,2110.442663574219,0.7605364570097749
2018-02-01,1274.3499755859375,1503.300048828125,1214.8800048828125,1491.1199951171875,678019968,BITCOIN_CASH,-0.14294267697584429,-0.15425047461174385,0.07894695700027547,0.09742284468982741,1552.5300118582588,2062.5543294270833,0.7527219960744044
2018-02-02,1191.1400146484375,1272.5,980.7760009765624,1272.5,896665984,BITCOIN_CASH,-0.0652960038699264,-0.06752538149507435,0.07951814845139327,0.09770372089205022,1493.5642961774554,2015.302665201823,0.7411116563118731
2018-02-03,1272.5,1314.4300537109375,1072.8299560546875,1194.22998046875,453100992,BITCOIN_CASH,0.06830430037695923,0.06607262540104775,0.08757665296928784,0.09873477447796941,1442.6885811941963,1976.7133341471354,0.7298420849761975
2018-02-04,1165.3800048828125,1286.97998046875,1101.31005859375,1273.1700439453125,656033984,BITCOIN_CASH,-0.08418074272470533,-0.08793625116269266,0.07552173806643567,0.09816565468727939,1359.7071533203125,1929.410001627604,0.7047269124619941
2018-02-05,887.4130249023438,1172.699951171875,839.9520263671875,1159.8900146484375,568116992,BITCOIN_CASH,-0.23852046441145214,-0.2724919808247741,0.11058485060964092,0.10595011551033999,1249.7461547851562,1866.1021057128905,0.6697094178068712
2018-02-06,974.5250244140624,978.9119873046876,764.0180053710938,890.9660034179688,777420032,BITCOIN_CASH,0.09816398572840979,0.09363968141524172,0.12871815670703765,0.10846119121517334,1178.8854370117188,1805.6902770996094,0.6528724510303638
2018-02-07,957.9600219726562,1040.489990234375,902.4929809570312,971.0759887695312,866222016,BITCOIN_CASH,-0.016998026758077267,-0.017144151469820727,0.1265925618545173,0.10664603395723392,1103.324009486607,1756.906612141927,0.6279924054366743
2018-02-08,1284.56005859375,1345.199951171875,951.5670166015624,951.5670166015624,2203709952,BITCOIN_CASH,0.34093284597466855,0.29336552547266387,0.17608070067599313,0.12198423685408404,1104.7825927734375,1720.006612141927,0.6423129916911482
2018-02-09,1312.1099853515625,1342.4100341796875,1206.3900146484375,1273.8699951171875,1133760000,BITCOIN_CASH,0.021446974451293732,0.021220224433622308,0.17348854246385811,0.11558306846025865,1122.0640171595983,1667.2309488932292,0.6730105495609152
2018-02-10,1257.31005859375,1394.81005859375,1215.719970703125,1311.989990234375,734606016,BITCOIN_CASH,-0.04176473570782979,-0.0426619525676837,0.17289690831772525,0.1127786354617043,1119.8940255301338,1627.0542805989583,0.6882954298967049
2018-02-11,1217.6400146484375,1306.199951171875,1197.8699951171875,1255.5899658203125,651555008,BITCOIN_CASH,-0.0315515203860548,-0.03205999361205522,0.16950948840166286,0.11164400779367076,1127.3597412109375,1580.275948079427,0.7133942287617951
2018-02-12,1283.9100341796875,1302.6600341796875,1222.4300537109375,1222.4300537109375,466212992,BITCOIN_CASH,0.05442496857364176,0.052995564847681975,0.11672142815343918,0.11220832544169707,1184.0021711077009,1533.56328125,0.7720595462761904
2018-02-13,1231.97998046875,1289.4200439453125,1205.72998046875,1285.22998046875,442663008,BITCOIN_CASH,-0.04044680104405951,-0.041287520614943785,0.11994284723581895,0.11214842887143517,1220.781450544085,1489.5186116536458,0.8195811995855412
2018-02-14,1362.27001953125,1384.06005859375,1229.1800537109375,1229.1800537109375,629852032,BITCOIN_CASH,0.10575662034128719,0.10052982494375207,0.11990979353176864,0.11418077414054194,1278.5400216238838,1454.8762776692708,0.8787963906265076
2018-02-15,1375.81005859375,1400.7099609375,1330.1800537109375,1358.6500244140625,502454016,BITCOIN_CASH,0.009939321036485094,0.009890250866703913,0.053762809052994104,0.10074969005294585,1291.5757359095983,1441.6676147460937,0.8958900947061021
2018-02-16,1552.199951171875,1558.6600341796875,1369.6800537109375,1373.1600341796875,961009984,BITCOIN_CASH,0.12820802659228803,0.12063055681029737,0.06841430817217276,0.10345659241310212,1325.874302455357,1435.139278157552,0.9238645493401375
2018-02-17,1551.3900146484375,1568.6400146484375,1517.1400146484375,1548.47998046875,641718976,BITCOIN_CASH,-0.0005217990909135439,-0.0005219352754352167,0.06322774907676547,0.10344511907319211,1367.8857247488838,1428.2939453125,0.9577060304975252
2018-02-18,1487.4599609375,1641.4000244140625,1428.489990234375,1552.0999755859375,907873024,BITCOIN_CASH,-0.041208241065948004,-0.04208137164652703,0.0649575888115943,0.10364942887345206,1406.431431361607,1418.8886108398438,0.9912204669323104
2018-02-19,1534.77001953125,1553.81005859375,1483.3399658203125,1483.3399658203125,578905984,BITCOIN_CASH,0.031805937528518013,0.031310604346181645,0.06411146615454247,0.10030669670719033,1442.2685721261162,1402.3102783203126,1.0284946166505073
2018-02-20,1418.72998046875,1569.030029296875,1414.3499755859375,1543.27001953125,820947008,BITCOIN_CASH,-0.07560744449382784,-0.0786184539395536,0.07169653521554713,0.09840985099972792,1468.9471435546875,1390.3799438476562,1.056507719386119
2018-02-21,1308.4599609375,1423.93994140625,1293.469970703125,1412.8499755859375,575353984,BITCOIN_CASH,-0.07772445852932264,-0.08091124815240898,0.07058856922440111,0.09812817066237646,1461.2599923270088,1379.9312744140625,1.0589367886799141
2018-02-22,1219.489990234375,1350.3399658203125,1194.050048828125,1304.6600341796875,475079008,BITCOIN_CASH,-0.06799594436147571,-0.0704181127625328,0.07406224012777929,0.09879193227116365,1438.9285539899554,1366.532275390625,1.0529780963853457
2018-02-23,1270.7099609375,1319.3299560546875,1161.4200439453125,1217.3599853515625,492542016,BITCOIN_CASH,0.042001140733661124,0.04114303808456934,0.05229812368499699,0.0991612690577572,1398.7156982421875,1354.2516072591145,1.0328329615743004
2018-02-24,1193.27001953125,1309.3800048828125,1149.47998046875,1266.56005859375,413263008,BITCOIN_CASH,-0.060942263606021174,-0.06287831455659017,0.052031304823449295,0.0996318115431626,1347.555698939732,1339.28994140625,1.0061717461454263
2018-02-25,1178.0999755859375,1210.199951171875,1143.0699462890625,1191.3499755859375,362664992,BITCOIN_CASH,-0.012713001832788673,-0.012794503531552223,0.05277309141143088,0.09960311299811053,1303.3614153180804,1325.0966064453125,0.9835972780991881
2018-02-26,1250.56005859375,1274.8599853515625,1149.43994140625,1177.5799560546875,460182016,BITCOIN_CASH,0.06150588618064767,0.05968854729949483,0.05925627112539731,0.10032336661087758,1262.7599923270088,1312.4942749023437,0.9621070479876681
2018-02-27,1246.6600341796875,1297.68994140625,1231.989990234375,1255.449951171875,420912000,BITCOIN_CASH,-0.0031186222423000842,-0.0031234952787224175,0.055527491063363604,0.09923256316354968,1238.1785714285713,1295.8412760416666,0.9555017225649469
2018-02-28,1204.1600341796875,1275.6600341796875,1204.1600341796875,1243.260009765625,375300992,BITCOIN_CASH,-0.03409109046153491,-0.03468574575984967,0.04925892778847366,0.09903198677306718,1223.2785818917412,1280.741943359375,0.9551327558486076
2018-03-01,1291.9200439453125,1303.449951171875,1195.030029296875,1204.8399658203125,482240000,BITCOIN_CASH,0.07288068634947664,0.0703472611465721,0.05009805129189134,0.09789704447121719,1233.625732421875,1274.7876098632812,0.9677107958040001
2018-03-02,1275.1800537109375,1303.6600341796875,1255.3699951171875,1284.949951171875,421497984,BITCOIN_CASH,-0.012957450666415737,-0.01304213071738411,0.048321896881021634,0.09786544994400874,1234.2643171037946,1267.7306111653645,0.9736014151848823
2018-03-03,1270.3800048828125,1302.800048828125,1257.760009765625,1274.6700439453125,371664000,BITCOIN_CASH,-0.0037642126020998035,-0.003771315079448738,0.039816622196039125,0.09372720078474282,1245.280029296875,1267.5982788085937,0.9823932787817482
2018-03-04,1289.0799560546875,1289.719970703125,1225.0999755859375,1267.8599853515625,367584000,BITCOIN_CASH,0.014719966545443164,0.014612679398595426,0.03865307446749823,0.09288571156023495,1261.134312220982,1270.8629435221353,0.9923448619296501
2018-03-05,1268.030029296875,1291.8800048828125,1268.030029296875,1287.0999755859375,350078016,BITCOIN_CASH,-0.016329419023965897,-0.01646421341054758,0.033672492685998236,0.09216142141872488,1263.6300223214287,1270.7139444986979,0.9944252424332497
2018-03-06,1206.0400390625,1264.18994140625,1179.8499755859375,1264.18994140625,401782016,BITCOIN_CASH,-0.04888684715830316,-0.050122240505518605,0.039107200770651475,0.09117220590250316,1257.8271658761162,1272.0692789713542,0.9888039799948988
2018-03-07,1092.1600341796875,1218.8399658203125,1043.699951171875,1205.8399658203125,455224992,BITCOIN_CASH,-0.09442472985501849,-0.09918487960817704,0.05260865202643146,0.07773675879636044,1241.8271658761162,1278.894179280599,0.9710163561575254
2018-03-08,1040.2099609375,1113.6099853515625,1006.8599853515624,1094.6400146484375,446519008,BITCOIN_CASH,-0.047566356226545814,-0.048734839737729706,0.0380461170288293,0.076597605445526,1205.8685825892858,1281.0836771647134,0.9412879143524073
2018-03-09,1067.02001953125,1071.6500244140625,937.9669799804688,1034.68994140625,510887008,BITCOIN_CASH,0.025773699157415342,0.025447156296916146,0.0434625961227763,0.07662190228931681,1176.1314348493304,1284.7190104166666,0.9154775677117765
2018-03-10,1005.9299926757812,1087.300048828125,994.1900024414062,1071.1500244140625,370367008,BITCOIN_CASH,-0.057252934094250696,-0.05895725512032561,0.043875995559321555,0.0544768056608526,1138.3528616768974,1275.4313415527345,0.8925238267165717
2018-03-11,1145.1700439453125,1157.0699462890625,973.35498046875,1002.5499877929688,514167008,BITCOIN_CASH,0.13841922627155356,0.12964065650503098,0.07519355375098968,0.059826126743419264,1117.7943028041295,1269.8666768391927,0.8802454014986957
2018-03-12,1051.280029296875,1152.56005859375,1022.030029296875,1143.93994140625,425558016,BITCOIN_CASH,-0.08198783678009058,-0.0855446387545326,0.07953311461263486,0.06126350714598217,1086.8300170898438,1262.9990091959635,0.8605153362564627
2018-03-13,1064.030029296875,1100.0699462890625,999.7520141601562,1051.0699462890625,458028000,BITCOIN_CASH,0.01212807210703648,0.012055116323510614,0.07996253763984769,0.061144896776234706,1066.5428728376116,1257.8786763509115,0.8478900969461043
2018-03-14,949.4669799804688,1073.1199951171875,924.406005859375,1071.5,406616000,BITCOIN_CASH,-0.10766900008650226,-0.11391813909764154,0.08260889360833346,0.06328965391850258,1046.1581508091517,1246.730574544271,0.839121276216045
2018-03-15,943.635986328125,954.4110107421876,877.1019897460938,949.7680053710938,374740992,BITCOIN_CASH,-0.0061413337960037895,-0.006160269352589919,0.08170314786499747,0.06301632651256893,1032.3618687220983,1237.1191080729166,0.8344886615891234
2018-03-16,977.0349731445312,1053.6300048828125,902.7760009765624,943.6010131835938,472032992,BITCOIN_CASH,0.03539393081686959,0.034781963788814124,0.08252482366589989,0.06015823639312511,1019.5068620954241,1224.277939860026,0.8327413481059589
2018-03-17,949.7789916992188,1028.72998046875,930.4400024414062,974.7039794921876,411316000,BITCOIN_CASH,-0.027896628262538692,-0.028293130652270557,0.08044063836345039,0.06010317786339838,1011.4852905273438,1210.076904296875,0.8358851300571475
2018-03-18,938.114990234375,948.2760009765624,851.6129760742188,948.2760009765624,435070016,BITCOIN_CASH,-0.012280753277113532,-0.012356784852236678,0.053165438126134106,0.05461003112330067,981.9059971400669,1189.6074055989584,0.8254033999104811
2018-03-19,994.6749877929688,997.2760009765624,915.5139770507812,942.5980224609376,425419008,BITCOIN_CASH,0.06029111371993223,0.05854350600336862,0.05524688687200555,0.056256505753521535,973.819562639509,1171.0502380371095,0.8315779554187235
2018-03-20,1059.1199951171875,1072.4200439453125,958.5130004882812,998.1699829101562,503262016,BITCOIN_CASH,0.06479001494469294,0.06277761065499672,0.06129652257989105,0.05774198463761036,973.1181291852679,1156.7722391764323,0.8412357214572183
2018-03-21,1033.449951171875,1082.3499755859375,1016.3699951171876,1066.030029296875,389291008,BITCOIN_CASH,-0.024237144104216624,-0.02453569760899319,0.039040665958407134,0.057218026845534654,985.1156964983259,1140.0615702311197,0.8640899072658134
2018-03-22,1011.52001953125,1064.219970703125,992.5549926757812,1033.260009765625,344283008,BITCOIN_CASH,-0.021220119673679094,-0.021448503074088777,0.040628327646762705,0.055900373880506546,994.8134155273438,1126.4879048665364,0.8831106052978056
2018-03-23,1019.4299926757812,1019.4299926757812,966.39697265625,1011.8300170898438,303600000,BITCOIN_CASH,0.007819887883382393,0.007789471028154713,0.039129116138630696,0.05441634868679887,1000.8698468889509,1116.8535725911458,0.8961513590066171
2018-03-24,982.302978515625,1030.4300537109375,982.302978515625,1028.1199951171875,264080000,BITCOIN_CASH,-0.03641938576155279,-0.03709912650268824,0.04053427179204957,0.05343642838551085,1005.516130719866,1108.9473388671875,0.9067302796785838
2018-03-25,966.8759765625,991.072021484375,965.5180053710938,973.60302734375,237008000,BITCOIN_CASH,-0.01570493248064564,-0.015829561515318863,0.040799782934604456,0.052665579245194556,1009.6248430524554,1098.8195393880208,0.9188268017282968
2018-03-26,919.2479858398438,975.6129760742188,887.0020141601562,967.89501953125,347366016,BITCOIN_CASH,-0.04925966915838198,-0.05051430225796485,0.03731385186641269,0.052277241883816244,998.8495570591518,1089.6854715983072,0.9166402444496935
2018-03-27,876.3280029296875,926.3829956054688,876.3280029296875,916.989990234375,339011008,BITCOIN_CASH,-0.04669032031758402,-0.04781547566610066,0.020249063138250954,0.05276068438284744,972.7364153180804,1079.626405843099,0.9009935381845848
2018-03-28,860.52001953125,897.6290283203125,852.8820190429688,876.3590087890625,337268000,BITCOIN_CASH,-0.018038888801441,-0.018203573042631763,0.020520492314040486,0.05111068734216566,948.0321393694196,1066.6250712076824,0.888814790651802
2018-03-29,714.2680053710938,867.31298828125,703.1799926757812,861.6099853515625,452656000,BITCOIN_CASH,-0.16995771259316417,-0.18627863080639878,0.06358850701296509,0.060104564132555646,905.5675659179688,1048.8786702473958,0.8633673194101423
2018-03-30,697.0120239257812,766.9730224609375,677.5280151367188,712.405029296875,416567008,BITCOIN_CASH,-0.024158972984303362,-0.0244555879918321,0.05978325278675088,0.06003893637631408,859.5078560965402,1031.9737365722656,0.8328776456573629
2018-03-31,685.2470092773438,735.8170166015625,683.9910278320312,697.6220092773438,306972000,BITCOIN_CASH,-0.016879213334331622,-0.01702329083353385,0.06121122171699054,0.05766657298042224,817.0712890625,1011.7513020833334,0.807581158907371
2018-04-01,643.0269775390625,699.0499877929688,629.9329833984375,688.0139770507812,318440000,BITCOIN_CASH,-0.06161286538529542,-0.06359269165298208,0.05920868823293292,0.05815833653839027,770.807146344866,990.6795328776042,0.778059019858743
2018-04-02,662.7730102539062,686.0250244140625,641.427978515625,644.4580078125,282036000,BITCOIN_CASH,0.030707938242986454,0.030245884828745476,0.0681628330318421,0.05886983348225238,734.1678641183036,970.425966389974,0.7565418584680286
2018-04-03,712.8779907226562,719.7730102539062,660.344970703125,664.1500244140625,303771008,BITCOIN_CASH,0.07559900553215781,0.07287772084181957,0.08175302452092599,0.06103018827723151,710.8178623744419,951.2192342122396,0.7472702788260078
2018-04-04,649.1959838867188,711.27197265625,638.0089721679688,710.4710083007812,282960000,BITCOIN_CASH,-0.08933086399733281,-0.09357563539369566,0.08492090411990592,0.062493504195062666,680.6287144252232,930.5914326985677,0.7313937035198226
2018-04-05,646.0419921875,655.52197265625,620.10302734375,648.6279907226562,243988992,BITCOIN_CASH,-0.004858304391126778,-0.004870144315441923,0.05552499259481723,0.06234515493810118,670.8821411132812,911.9248311360677,0.735677018770837
2018-04-06,610.426025390625,646.083984375,603.7050170898438,641.8619995117188,225186000,BITCOIN_CASH,-0.055129491933301744,-0.05670738937850547,0.05779575498999122,0.060970965020767945,658.512712751116,895.867030843099,0.7350563086704852
2018-04-07,640.3460083007812,652.593994140625,610.4110107421875,611.2030029296875,231143008,BITCOIN_CASH,0.049014920179738075,0.04785155255394318,0.0631129927137342,0.06191094799925604,652.0982840401786,882.538232421875,0.7388895575103646
2018-04-08,655.2559814453125,659.8090209960938,640.8920288085938,640.8920288085938,198906000,BITCOIN_CASH,0.023284244691547773,0.023017302423635998,0.05914767703390063,0.06185618691815305,653.8452845982143,868.8127644856771,0.7525732946445371
2018-04-09,637.0289916992188,680.5969848632812,627.3170166015625,656.0910034179688,254947008,BITCOIN_CASH,-0.02781659422000249,-0.02821080324717078,0.05873415393849154,0.061377096327356426,650.1675676618304,856.516064453125,0.7590839152292542
2018-04-10,649.6160278320312,657.010986328125,628.8610229492188,637.697021484375,225054000,BITCOIN_CASH,0.019758969052943165,0.019566294521733713,0.04959909538084356,0.05541910373714609,641.130144391741,839.9975972493489,0.7632523551152789
2018-04-11,666.5800170898438,666.5800170898438,648.8980102539062,648.8980102539062,252158000,BITCOIN_CASH,0.026113871165442948,0.025778726131505652,0.036061260812768295,0.05452240188054094,643.6135777064732,827.1742635091146,0.778087044168996
2018-04-12,734.4819946289062,734.4819946289062,658.9299926757812,666.3900146484375,417016992,BITCOIN_CASH,0.10186620630409693,0.09700529347255642,0.04989482734934691,0.058076188755796315,656.2478637695312,816.1893290201823,0.8040387694817607
2018-04-13,738.302001953125,781.1279907226562,725.3980102539062,735.7780151367188,384095008,BITCOIN_CASH,0.0052009543489881516,0.005187476098894884,0.03858314923224655,0.05487675535005041,674.5158604213169,809.1504964192708,0.8336098950766863
2018-04-14,738.9849853515625,760.4760131835938,723.219970703125,738.719970703125,267415008,BITCOIN_CASH,0.0009250732039609577,0.0009246455874420168,0.03846759699322305,0.054901898681908,688.6071428571429,802.3287963867188,0.8582605360274735
2018-04-15,780.8259887695312,785.3519897460938,741.906982421875,741.906982421875,327336000,BITCOIN_CASH,0.056619558241854495,0.055074716121767474,0.04066717670787449,0.05557001497278037,706.5457153320312,795.788496907552,0.887856155344894
2018-04-16,766.4730224609375,797.8800048828125,745.7310180664062,781.1209716796875,382080000,BITCOIN_CASH,-0.018381773295240822,-0.018552817395193683,0.03867416905611265,0.0554725404299862,725.0377197265625,789.6782979329427,0.9181431497160515
2018-04-17,757.5910034179688,784.4920043945312,755.3809814453125,766.697998046875,331700992,BITCOIN_CASH,-0.011588169162759288,-0.011655835253724562,0.04130794789825302,0.05547041827247131,740.4627162388393,783.6608317057292,0.944876515809953
2018-04-18,888.9080200195312,893.572021484375,757.3920288085938,758.25,634652992,BITCOIN_CASH,0.1733349736323544,0.15985009892303909,0.06666793735347118,0.0622725209726992,772.223859514509,780.1352661132812,0.9898589296723019
2018-04-19,968.6380004882812,983.583984375,878.4450073242188,890.6619873046875,658164992,BITCOIN_CASH,0.08969429757985337,0.08589719596861463,0.0652327460921241,0.06325942725724086,805.6747174944196,777.119199625651,1.036745351141143
2018-04-20,1128.02001953125,1142.5,947.8829956054688,970.14697265625,1006640000,BITCOIN_CASH,0.1645423976373277,0.15232821812717093,0.07525770310685528,0.06914827927161332,861.3487200055804,780.2715352376302,1.1039089356800107
2018-04-21,1154.68994140625,1172.280029296875,1028.030029296875,1126.8599853515625,1093510016,BITCOIN_CASH,0.02364312814774583,0.023367958206188352,0.07272962614349855,0.06908777816143366,920.7351422991071,785.0438659667968,1.172845470444131
2018-04-22,1201.219970703125,1250.510009765625,1116.27001953125,1147.47998046875,968409024,BITCOIN_CASH,0.040296557221420004,0.039505823679854474,0.07327544867681789,0.06938327148404407,980.7914254324777,791.1035319010417,1.2397763198902818
2018-04-23,1432.260009765625,1443.27001953125,1194.7099609375,1194.7099609375,1934290048,BITCOIN_CASH,0.1923378271235887,0.17591594050599246,0.07470201476071425,0.075506193224857,1075.90385219029,806.102099609375,1.33469923067023
2018-04-24,1426.4200439453125,1560.93994140625,1414.1099853515625,1434.010009765625,2053920000,BITCOIN_CASH,-0.00407744807541488,-0.0040857835327976185,0.07303280861530449,0.0753842220142911,1171.4508579799108,821.420235188802,1.42612856099248
2018-04-25,1284.7900390625,1437.1800537109375,1246.6099853515625,1426.7099609375,1830969984,BITCOIN_CASH,-0.09929053190466974,-0.10457252831771288,0.09591983619416646,0.07756828715005235,1228.0054321289062,833.604970296224,1.4731263318793923
2018-04-26,1420.4100341796875,1420.4100341796875,1250.8599853515625,1289.5400390625,1281929984,BITCOIN_CASH,0.10555809976247033,0.10035027512432078,0.09690595623768905,0.07839630038238166,1292.5442940848213,851.7410380045573,1.5175320154973038
2018-04-27,1337.8499755859375,1422.06005859375,1337.8499755859375,1422.06005859375,905273024,BITCOIN_CASH,-0.058124102623247076,-0.05988175684615439,0.09443122478030215,0.07938815541411313,1322.5200020926338,867.6520365397135,1.5242515967195571
2018-04-28,1396.25,1418.6099853515625,1334.27001953125,1337.9599609375,808801984,BITCOIN_CASH,0.04365214746031976,0.04272624185181389,0.0946800710792446,0.06983046985253602,1357.0285818917412,890.3847696940104,1.5240923116397167
2018-04-29,1440.300048828125,1477.31005859375,1378.010009765625,1393.989990234375,1049449984,BITCOIN_CASH,0.03154882637645473,0.03106138772295062,0.09454991569601745,0.0692809662949115,1391.1828787667412,915.1610371907552,1.5201509048475415
2018-04-30,1350.050048828125,1440.9599609375,1339.3599853515625,1440.9599609375,753113984,BITCOIN_CASH,-0.06266055470416065,-0.0647097941550618,0.07197989769890667,0.07078985054723486,1379.4385986328125,937.3211385091146,1.471681947584071
2018-05-01,1351.280029296875,1351.280029296875,1261.5999755859375,1348.6400146484375,774633024,BITCOIN_CASH,0.0009110628674970922,0.0009106481016222342,0.07205505851377769,0.06903945354141319,1368.704310825893,960.9295735677083,1.4243544464389952
2018-05-02,1458.719970703125,1480.5799560546875,1326.9100341796875,1353.5400390625,1165139968,BITCOIN_CASH,0.07950975303183849,0.07650700569971024,0.06348886477518047,0.06968001044705634,1393.5514439174108,987.4611389160157,1.4112468724057134
2018-05-03,1511.969970703125,1536.800048828125,1454.969970703125,1459.550048828125,1282659968,BITCOIN_CASH,0.03650460751170259,0.0358540981435398,0.05345672698597427,0.06915241181707098,1406.6314348493304,1014.0975382486979,1.3870770629011893
2018-05-04,1517.3299560546875,1538.4599609375,1466.2099609375,1501.4000244140625,960185024,BITCOIN_CASH,0.0035450342635243715,0.003538765440652319,0.04447078993294477,0.06558848289423745,1432.2714320591517,1043.0353373209634,1.3731763256822547
2018-05-05,1752.0999755859375,1753.1099853515625,1515.0699462890625,1516.739990234375,1664400000,BITCOIN_CASH,0.15472575269105704,0.14386287222204588,0.06536815935612017,0.06854925951843542,1483.107142857143,1079.9039367675782,1.3733695121961056
2018-05-06,1765.68994140625,1838.489990234375,1670.3399658203125,1758.8299560546875,1946960000,BITCOIN_CASH,0.007756387198035064,0.00772646107298368,0.0660412507149917,0.06661543590229933,1529.5914132254463,1118.412733968099,1.3676448477106444
2018-05-07,1655.199951171875,1781.469970703125,1590.300048828125,1766.6600341796875,1407629952,BITCOIN_CASH,-0.06257609993880198,-0.06461969770035464,0.06601992644897961,0.06901253244512554,1573.1842564174108,1152.2411987304688,1.365325470179971
2018-05-08,1611.93994140625,1693.3499755859375,1569.43994140625,1673.0699462890625,1060739968,BITCOIN_CASH,-0.026135821074062426,-0.026483431751144405,0.06872661385910009,0.06981330033840608,1610.42138671875,1184.1306640625,1.3600031108000676
2018-05-09,1638.3399658203125,1679.030029296875,1484.2900390625,1607.8699951171875,1273219968,BITCOIN_CASH,0.016377796551794166,0.0162451270381256,0.06489586656420625,0.06900208254643317,1636.0813860212054,1217.5076965332032,1.3437955182376846
2018-05-10,1528.5899658203125,1669.8299560546875,1523.56005859375,1646.1500244140625,1070040000,BITCOIN_CASH,-0.0669885385754162,-0.06933779372516244,0.07153132733188636,0.07139919020043924,1638.4556710379463,1246.8068277994792,1.3141215098490422
2018-05-11,1371.739990234375,1556.6400146484375,1332.5799560546875,1527.489990234375,1513260032,BITCOIN_CASH,-0.10261088918097439,-0.1082657196580392,0.08263655560822551,0.07564491522053778,1617.6571044921875,1270.3121602376302,1.2734327475772422
2018-05-12,1472.4000244140625,1501.6500244140625,1284.43994140625,1376.050048828125,1461449984,BITCOIN_CASH,0.0733812784465726,0.0708137392507219,0.06113268248009252,0.07492162672186695,1577.6999686104912,1294.9094278971354,1.2183863478178492
2018-05-13,1493.1199951171875,1507.8800048828125,1427.0899658203125,1474.760009765625,921628032,BITCOIN_CASH,0.014072242841323357,0.013974148036802383,0.0617301795816765,0.07486600644482452,1538.7614048549108,1320.0700276692708,1.1656664969295332
2018-05-14,1431.68994140625,1501.6400146484375,1353.7900390625,1489.3299560546875,1158710016,BITCOIN_CASH,-0.04114207425513461,-0.04201236341069721,0.05980949566429504,0.07571756274790441,1506.8314034598213,1343.1601928710938,1.1218553166311975
2018-05-15,1343.3800048828125,1456.3499755859375,1323.31005859375,1430.280029296875,939358016,BITCOIN_CASH,-0.06168230562316923,-0.06366669395407148,0.06201674920505058,0.07702367419373264,1468.4656982421875,1361.9119934082032,1.078238318885299
2018-05-16,1280.6199951171875,1359.3599853515625,1241.989990234375,1341.8900146484375,913177984,BITCOIN_CASH,-0.046717987120181825,-0.0478444979289246,0.05941049550094733,0.07768694821303183,1417.3628452845983,1379.050225830078,1.0277818883873204
2018-05-17,1206.1700439453125,1335.4100341796875,1185.989990234375,1290.219970703125,804139008,BITCOIN_CASH,-0.05813586501518131,-0.05989424518502527,0.05860767079159705,0.0787941910600399,1371.3028564453125,1394.002860514323,0.9837159558907682
2018-05-18,1207.239990234375,1218.0,1143.1199951171875,1202.199951171875,876974976,BITCOIN_CASH,0.0008870609035875887,0.0008866676975788558,0.04928549631034792,0.073948293133682,1347.8028564453125,1404.613926188151,0.9595539609257522
2018-05-19,1184.9599609375,1208.989990234375,1159.6600341796875,1206.6099853515625,595862016,BITCOIN_CASH,-0.018455343988853068,-0.018627768581663658,0.03027512829472762,0.07271096035491303,1306.739990234375,1411.824658203125,0.9255681876937221
2018-05-20,1291.77001953125,1306.949951171875,1174.969970703125,1183.199951171875,805598976,BITCOIN_CASH,0.0901381161514061,0.08630440027926684,0.052430248895805054,0.06905922749701734,1277.9757080078125,1417.2829915364584,0.9017082090446703
2018-05-21,1233.6400146484375,1301.550048828125,1221.5699462890625,1296.030029296875,622772992,BITCOIN_CASH,-0.045000274045612576,-0.046044225460204605,0.05272480293239473,0.06956683466558601,1249.682861328125,1419.9146606445313,0.880111246094794
2018-05-22,1141.8599853515625,1233.699951171875,1131.9300537109375,1233.699951171875,634201984,BITCOIN_CASH,-0.07439774018924838,-0.07731066165064668,0.05476605603818258,0.07066755839528274,1220.894287109375,1417.9359944661458,0.8610362469633496
2018-05-23,1005.6099853515624,1153.9100341796875,978.2650146484376,1142.25,858105984,BITCOIN_CASH,-0.11932286072538978,-0.12706419095668664,0.06742509078713368,0.06589923078552529,1181.607142857143,1403.7143269856772,0.8417718050897969
2018-05-24,1071.3599853515625,1078.3599853515625,958.8159790039062,1005.010009765625,785384000,BITCOIN_CASH,0.06538320119903518,0.06333454777652237,0.07532491566758744,0.06730558030986108,1162.3485630580358,1391.8789916992187,0.8350931151270772
2018-05-25,1017.2999877929688,1073.050048828125,998.5170288085938,1072.739990234375,620339968,BITCOIN_CASH,-0.050459227801805784,-0.05177680894798939,0.07587659829452839,0.06539829797304361,1135.2142769949776,1382.9626566569011,0.8208567827414682
2018-05-26,1012.47998046875,1046.489990234375,1001.1799926757812,1015.6799926757812,486185984,BITCOIN_CASH,-0.004738039302129349,-0.004749299391586687,0.07623471417991366,0.06213991781971491,1110.5742797851562,1369.3649881998697,0.8110140753964268
2018-05-27,996.9240112304688,1009.7899780273438,982.27197265625,1009.2000122070312,507305984,BITCOIN_CASH,-0.015364224022562212,-0.015483476773328616,0.060009372470592216,0.0614676720580642,1068.4534214564733,1358.0007893880208,0.786784094535003
2018-05-28,892.1179809570312,1005.6500244140624,884.052001953125,996.6480102539062,566168000,BITCOIN_CASH,-0.10512940714917585,-0.11107616015477047,0.06634042863844675,0.0633212479661463,1019.6645595005581,1341.1963887532552,0.7602649157506415
2018-05-29,987.6630249023438,1003.510009765625,880.885009765625,896.8499755859375,688334016,BITCOIN_CASH,0.10709911243220915,0.1017431821777953,0.08444202183199997,0.06633482138581182,997.6364222935268,1326.108487955729,0.7523037755617111
2018-05-30,984.676025390625,1025.6400146484375,954.8889770507812,990.0700073242188,591774976,BITCOIN_CASH,-0.0030243103532341387,-0.0030288928213265567,0.07022575240762258,0.06561520095643557,994.6458565848214,1313.929353841146,0.7570010165897201
2018-05-31,995.343994140625,1027.72998046875,975.4019775390624,983.573974609375,705260032,BITCOIN_CASH,0.0108339885149209,0.010775721327604192,0.06452938470602144,0.06569912532706769,983.7864292689732,1302.0648193359375,0.7555587207791324
2018-06-01,1002.9199829101562,1010.3400268554688,979.8259887695312,995.6610107421876,538528000,BITCOIN_CASH,0.007611427621133426,0.007582606858298181,0.062056043766266146,0.06373867205362006,981.7321428571429,1286.8714864095052,0.762882815591998
2018-06-02,1084.780029296875,1093.8599853515625,996.5889892578124,1003.3300170898438,689121024,BITCOIN_CASH,0.0816217123814671,0.078461500422261,0.06902738587266032,0.06530836179469443,992.0607212611607,1272.6318216959635,0.7795347439443233
2018-06-03,1170.4000244140625,1190.5699462890625,1074.8199462890625,1083.1300048828125,842262016,BITCOIN_CASH,0.07892843968807584,0.07596836312029487,0.072022121866055,0.06717895959922596,1016.8430088588169,1261.067490641276,0.8063351219542846
2018-06-04,1105.800048828125,1206.530029296875,1086.8499755859375,1170.780029296875,910656000,BITCOIN_CASH,-0.05519478318387616,-0.05677649250529136,0.05641908768120585,0.061192193350243264,1047.3690185546875,1239.5241597493489,0.84497668747859
2018-06-05,1152.8900146484375,1158.72998046875,1064.719970703125,1110.0699462890625,727427008,BITCOIN_CASH,0.042584521379083196,0.041702747067754654,0.04770507180119007,0.06194365881180574,1070.9728742327009,1219.0974955240886,0.8784964928275001
2018-06-06,1131.1700439453125,1157.3299560546875,1107.2099609375,1157.3299560546875,608502976,BITCOIN_CASH,-0.018839586107221473,-0.019019311997095,0.04945938767086541,0.06121924298116533,1091.900591169085,1201.6298319498699,0.9086829921634613
2018-06-07,1143.75,1166.25,1133.3399658203125,1135.1500244140625,561721024,BITCOIN_CASH,0.01112118918108096,0.011059803458859752,0.0494508516138845,0.06131119321779817,1113.1014491489955,1186.0235005696616,0.9385155088532051
2018-06-08,1118.18994140625,1149.800048828125,1096.9100341796875,1145.3399658203125,503856000,BITCOIN_CASH,-0.022347592213114775,-0.022601083381724278,0.051951944334869195,0.06111628376696826,1129.5685860770088,1168.685166422526,0.9665294114536789
2018-06-09,1092.1300048828125,1137.3199462890625,1092.1300048828125,1117.3499755859375,407028000,BITCOIN_CASH,-0.02330546498268815,-0.02358133189880652,0.04523698514490325,0.060219296127813245,1130.6185825892858,1154.1365010579427,0.9796229315621686
2018-06-10,939.5460205078124,1087.4599609375,909.6069946289062,1087.4599609375,757265984,BITCOIN_CASH,-0.13971229038009325,-0.1504883996129832,0.060916188951356386,0.06299535201773526,1097.639439174107,1139.7300354003905,0.9630696788546975
2018-06-11,958.5640258789062,975.8330078125,906.0089721679688,937.6320190429688,619150976,BITCOIN_CASH,0.02024169647466012,0.020039556554324368,0.06247891738884214,0.061336856083888704,1076.605721609933,1122.602168782552,0.9590269389711747
2018-06-12,874.4340209960938,960.14599609375,862.4509887695312,957.1400146484376,523140992,BITCOIN_CASH,-0.08776670374800866,-0.09185951432706259,0.060717421600152796,0.06268291278136517,1036.8262939453125,1101.9793029785155,0.9408763768456427
2018-06-13,844.2420043945312,881.1309814453125,818.6199951171875,876.8909912109375,547672000,BITCOIN_CASH,-0.03452749535884925,-0.03513765536355337,0.0601142214507218,0.06260399320646443,995.8365740094866,1082.397705078125,0.9200283494111893
2018-06-14,897.6019897460938,898.9349975585938,832.8770141601562,844.3599853515625,522806016,BITCOIN_CASH,0.06320460848170062,0.061287562946350016,0.06970694644891272,0.06358286032230823,960.6725725446429,1067.538437906901,0.8998950655380732
2018-06-15,849.3150024414062,897.0919799804688,843.0830078125,896.4299926757812,371601984,BITCOIN_CASH,-0.05379554396748443,-0.055296606398043284,0.0698625985110266,0.06373627504554023,922.2618669782366,1053.1616048177084,0.8757078332131856
2018-06-16,852.1909790039062,861.4580078125,839.3350219726562,847.1649780273438,311148000,BITCOIN_CASH,0.0033862307320990936,0.0033805103628362326,0.07159481676993389,0.06319920741039103,887.98486328125,1041.3623026529947,0.8527146229693572
2018-06-17,852.1019897460938,865.0819702148438,849.219970703125,853.0590209960938,290560992,BITCOIN_CASH,-0.00010442407864552639,-0.00010442953121921683,0.050886111451337195,0.06319272470753519,875.4928588867188,1029.5243693033854,0.8503857557826532
2018-06-18,885.6389770507812,892.9619750976562,830.2949829101562,849.8070068359375,381404000,BITCOIN_CASH,0.039357949762188316,0.0386031665127044,0.05337588240898832,0.06383425582802232,865.0749947684152,1019.5470031738281,0.8484895665187139
2018-06-19,904.6519775390624,918.198974609375,878.4840087890625,885.9940185546875,397230016,BITCOIN_CASH,0.021468116219992117,0.02124092208160159,0.04048964810787286,0.06152326999462388,869.391845703125,1006.6430684407552,0.8636545295541287
2018-06-20,890.4530029296875,906.47900390625,866.0640258789062,905.7050170898438,430131008,BITCOIN_CASH,-0.015695510496755438,-0.01581998924465908,0.03788417795822246,0.06119099066689531,875.9934169224331,995.2035013834635,0.8802153687207563
2018-06-21,874.093994140625,900.719970703125,869.1409912109375,890.6409912109375,361313984,BITCOIN_CASH,-0.018371557774795044,-0.018542410633162667,0.03028754427146709,0.059917975186766885,872.6351318359375,986.2779683430989,0.8847760568979595
2018-06-22,755.9749755859375,876.3800048828125,735.4140014648438,874.9650268554688,589187968,BITCOIN_CASH,-0.13513308562521065,-0.14517964010145556,0.060121748434001566,0.061226797516071664,859.3008422851562,977.9568013509114,0.8786695292656603
2018-06-23,762.7589721679688,776.8900146484375,742.3319702148438,755.2410278320312,397206016,BITCOIN_CASH,0.008973837496106363,0.008933811893686834,0.06046548464846379,0.05978350294705798,846.5248413085938,967.6701009114583,0.8748072721387623
2018-06-24,749.364990234375,767.0180053710938,676.9429931640625,764.6229858398438,642142016,BITCOIN_CASH,-0.01755991397324952,-0.01771591824140277,0.06006677977286894,0.0593103337425185,831.848127092634,958.7389343261718,0.8676482171627667
2018-06-25,756.8460083007812,774.6489868164062,739.0390014648438,748.625,447070016,BITCOIN_CASH,0.009983143279840734,0.009933640891951588,0.05640145226487054,0.05941725917121154,813.4491315569196,950.2178019205729,0.8560659776240589
2018-06-26,700.2589721679688,757.7020263671875,700.2589721679688,757.25,357417984,BITCOIN_CASH,-0.07476690834355837,-0.07770958223416918,0.056024899605430785,0.06069843558623088,784.2501307896206,940.3289672851563,0.8340167729319727
2018-06-27,713.7670288085938,719.9299926757812,691.3880004882812,698.2849731445312,333936992,BITCOIN_CASH,0.019290087207029627,0.01910639204637296,0.0596222384597507,0.057945427046000676,759.00927734375,934.383935546875,0.8123098530150971
2018-06-28,660.239990234375,720.2440185546875,651.2119750976562,714.7009887695312,340686016,BITCOIN_CASH,-0.074992310395123,-0.07795322841791186,0.06164846624402059,0.05550681431094936,728.4587053571429,923.4698343912761,0.7888278298092122
2018-06-29,715.7109985351562,729.5479736328125,652.81298828125,662.9990234375,407536000,BITCOIN_CASH,0.08401643208720189,0.08067306165459301,0.056351703832568524,0.05809087794716341,722.7067086356027,914.5043334960938,0.790271496989784
2018-06-30,748.708984375,762.9190063476562,717.0419921875,717.0419921875,576081024,BITCOIN_CASH,0.04610518199018965,0.04507391698325048,0.05969853740232136,0.05885920478868991,720.6995675223214,906.2831665039063,0.7952255919113059
2018-07-01,739.4249877929688,752.9099731445312,719.7620239257812,749.1790161132812,558793984,BITCOIN_CASH,-0.012400006912941297,-0.012477528510850688,0.05951082949874312,0.058772430960482805,719.2795671735491,897.5,0.8014257015861271
2018-07-02,776.1749877929688,798.3060302734375,724.3200073242188,739.2459716796875,413921984,BITCOIN_CASH,0.049700781832774155,0.048505153874784074,0.06250057035181443,0.057454534179716785,722.0408499581473,887.2131652832031,0.8138301799519263
2018-07-03,757.947021484375,819.3720092773438,754.8150024414062,775.0670166015625,478640000,BITCOIN_CASH,-0.023484351589870833,-0.023764503796230216,0.05347817449385749,0.05507548140397661,730.281999860491,873.4647318522135,0.8360749704363011
2018-07-04,762.39501953125,808.22900390625,742.9340209960938,757.926025390625,420710016,BITCOIN_CASH,0.005868481464791575,0.005851329000670281,0.05339066585761562,0.05460199059306293,737.2288556780134,862.0178975423177,0.8552361357924378
2018-07-05,748.2249755859375,779.135009765625,725.1209716796875,763.2949829101562,469756992,BITCOIN_CASH,-0.01858622312882474,-0.01876111744730768,0.040339149514393394,0.05364378164918511,749.7981392996652,848.529062906901,0.8836446175820988
2018-07-06,737.3309936523438,748.6729736328125,705.1069946289062,748.47998046875,375967008,BITCOIN_CASH,-0.014559767835954252,-0.014666801449132934,0.03049495755470182,0.05363677311879672,752.8867100306919,835.4010945638021,0.9012278232934392
2018-07-07,775.2969970703125,775.822998046875,715.2940063476562,736.7589721679688,772953024,BITCOIN_CASH,0.051491126434147994,0.050209277165568396,0.031679475029363406,0.05473911525785567,756.6849975585938,823.1193277994792,0.919289551347931
2018-07-08,751.3519897460938,784.43701171875,745.8209838867188,775.7760009765625,328903008,BITCOIN_CASH,-0.030884947851858024,-0.0313719412725402,0.034125812905037176,0.05481574897317385,758.3888549804688,810.8913960774739,0.93525330105736
2018-07-09,733.3839721679688,757.3709716796875,731.3489990234375,751.5689697265625,338876000,BITCOIN_CASH,-0.02391424768063366,-0.024204835445637347,0.028277550975141726,0.05481991801847336,752.2758527483259,798.9331949869792,0.9416004460305173
2018-07-10,688.6290283203125,739.2020263671875,688.6290283203125,732.8560180664062,374505984,BITCOIN_CASH,-0.06102525490890587,-0.06296669567220654,0.03498346311782286,0.04931870038277764,742.3732822963169,790.5692952473959,0.9390363207364425
2018-07-11,707.47998046875,713.7589721679688,688.8690185546875,688.8690185546875,321031008,BITCOIN_CASH,0.027374611544358274,0.02700662738143866,0.037757915618209154,0.04948289729873927,734.5282767159598,782.1998270670573,0.9390545117737406
2018-07-12,682.7550048828125,706.9760131835938,669.52099609375,706.9760131835938,336003008,BITCOIN_CASH,-0.034947950851634935,-0.035573242156384695,0.038875814367738064,0.04729567589719663,725.1754237583706,775.8105265299479,0.9347326427780525
2018-07-13,696.5880126953125,708.7479858398438,686.6480102539062,686.6480102539062,352371008,BITCOIN_CASH,0.020260573285543648,0.020058058676241913,0.04080727621157016,0.047287155700773756,719.354997907366,770.8887268066406,0.9331502367238526
2018-07-14,704.0570068359375,707.051025390625,690.6859741210938,696.416015625,272856000,BITCOIN_CASH,0.01072225476824551,0.010665179019260888,0.03346281325996226,0.04566351598396189,709.1778564453125,764.4372273763021,0.9277123497495661
2018-07-15,722.9739990234375,731.5679931640625,698.7559814453125,702.9949951171875,322284000,BITCOIN_CASH,0.026868551841439325,0.026513930389986062,0.03547955235752952,0.04518785567427951,705.1238577706473,760.2258605957031,0.9275189049976824
2018-07-16,805.677001953125,806.9290161132812,718.9450073242188,724.47802734375,534068000,BITCOIN_CASH,0.11439277628434663,0.10830966130554602,0.05423254315373596,0.04972181747549757,715.451433454241,758.6753946940104,0.9430270685696847
2018-07-17,850.7789916992188,863.2949829101562,784.9210205078125,803.1160278320312,752280000,BITCOIN_CASH,0.05598023728709811,0.05446947041869973,0.043826358806071726,0.050775828296453225,738.6157139369419,758.6312947591146,0.9736161941110957
2018-07-18,829.93701171875,880.9849853515625,814.5889892578125,849.7689819335938,720550976,BITCOIN_CASH,-0.024497525425307143,-0.02480258219774695,0.048574451330394404,0.05042978843405492,756.1095755440848,756.7745625813802,0.9991212878046176
2018-07-19,824.8930053710938,840.4329833984375,808.72802734375,828.427001953125,684182976,BITCOIN_CASH,-0.006077577305789061,-0.0060961209505423575,0.043703441483379596,0.05023888859012771,776.4150041852679,754.1159301757813,1.0295698222477396
2018-07-20,767.655029296875,823.39501953125,765.1790161132812,823.39501953125,612099008,BITCOIN_CASH,-0.06938836394723602,-0.07191323583204771,0.05772100163088114,0.05175061010134628,786.5674351283482,750.0226643880209,1.048724888560729
2018-07-21,789.4860229492188,797.0599975585938,750.7169799804688,767.8770141601562,513512992,BITCOIN_CASH,0.028438547028525996,0.02804167823196616,0.05793305844240878,0.052026738157353994,798.7715802873884,747.2023986816406,1.0690163491133542
2018-07-22,788.666015625,820.0999755859375,781.2999877929688,788.4710083007812,529767008,BITCOIN_CASH,-0.001038659710726142,-0.0010391994915215639,0.05806409373869706,0.04460800719662725,808.1561540876116,748.2921000162761,1.0800009168478906
2018-07-23,784.385986328125,828.3939819335938,783.5239868164062,789.6890258789062,608630016,BITCOIN_CASH,-0.0054269224387502035,-0.005441701677100396,0.039802281486705136,0.04460162268813766,805.1145804268973,749.0130004882812,1.0749006758254442
2018-07-24,869.4669799804688,871.469970703125,778.6510009765625,785.5969848632812,905811968,BITCOIN_CASH,0.1084682734461202,0.10297912850642232,0.053507210474074265,0.04816284862855127,807.7842930385044,753.0164001464843,1.072731341417486
2018-07-25,831.4550170898438,870.655029296875,822.5070190429688,863.197998046875,692334016,BITCOIN_CASH,-0.043718696357484266,-0.04470315854188665,0.055719984730351904,0.04899394570629382,808.0011509486607,755.5033671061198,1.069487160651088
2018-07-26,806.177978515625,855.969970703125,795.7429809570312,830.739013671875,597276992,BITCOIN_CASH,-0.030400969450747106,-0.030872663513654454,0.05696416746019986,0.04703610060892572,805.3275756835938,759.0340006510417,1.060990120327739
2018-07-27,819.3870239257812,829.4240112304688,785.5889892578125,804.3499755859375,589747968,BITCOIN_CASH,0.016384775771818294,0.016251993772213664,0.04835590062921986,0.04700882278604113,812.7178606305804,762.5546671549479,1.0657830784287097
2018-07-28,818.8300170898438,826.4340209960938,803.7319946289062,821.4920043945312,525351008,BITCOIN_CASH,-0.0006797847899382425,-0.0006800159483831581,0.04771654772906272,0.04437258332215579,816.9098597935268,767.8410013834635,1.0639049729327466
2018-07-29,828.97900390625,835.6170043945312,813.7949829101562,821.0139770507812,565436032,BITCOIN_CASH,0.012394497764598444,0.012318314830719032,0.04769190554147794,0.04216867060827008,822.6688581194196,771.6166015625,1.0661627244068366
2018-07-30,816.0780029296875,829.864990234375,790.1220092773438,828.5469970703125,568282000,BITCOIN_CASH,-0.015562518369912182,-0.015684885580496338,0.04829496079284543,0.04162812192882416,827.1962890625,773.862235514323,1.0689193128964747
2018-07-31,777.14599609375,816.72998046875,766.3369750976562,816.72998046875,420759000,BITCOIN_CASH,-0.04770623236525573,-0.04888171234335672,0.02646754182423766,0.04261001085116378,814.0075770786831,775.1196024576823,1.050170289201432
2018-08-01,769.3489990234375,779.9500122070312,740.322998046875,779.9500122070312,499193000,BITCOIN_CASH,-0.01003286011830895,-0.010083528443065258,0.02325795508977638,0.04172224428091752,805.1352887834821,774.8920694986979,1.0390289441268248
2018-08-02,734.7589721679688,773.7310180664062,726.9240112304688,767.6749877929688,387197000,BITCOIN_CASH,-0.04496012459803689,-0.04600218502548996,0.02594992163320057,0.04234647502916061,794.9325735909598,774.1191345214844,1.0268866097494684
2018-08-03,724.7080078125,732.7990112304688,704.5859985351562,732.7990112304688,361851000,BITCOIN_CASH,-0.013679267264763761,-0.013773690524033693,0.02251444881245209,0.042387978816322884,781.406999860491,772.8629007975261,1.0110551289939629
2018-08-04,695.7349853515625,735.0369873046875,691.5780029296875,723.27197265625,327670000,BITCOIN_CASH,-0.039978891013487394,-0.04080000623438196,0.022613189949231706,0.04288214269370884,763.8219953264509,771.1132344563802,0.9905445286060102
2018-08-05,709.218994140625,715.5159912109375,687.8619995117188,696.0650024414062,313362000,BITCOIN_CASH,0.019380955497370733,0.01919553667882994,0.024488806898207496,0.042994304571833376,746.7134225027902,770.1761678059896,0.9695358720719208
2018-08-06,692.6300048828125,718.6510009765625,684.4400024414062,711.0120239257812,316406000,BITCOIN_CASH,-0.023390503349270397,-0.023668403204918913,0.02431520834548281,0.04204785193715926,729.0779942103794,767.4206013997396,0.950037036900723
2018-08-07,659.3839721679688,712.3359985351562,653.7839965820312,692.6290283203125,378007000,BITCOIN_CASH,-0.04799970038905366,-0.04918992947344065,0.024369196827726806,0.042573898977629296,712.2548479352679,764.3550008138021,0.9318377549397026
2018-08-08,585.4459838867188,660.0540161132812,575.6439819335938,660.0540161132812,450595000,BITCOIN_CASH,-0.11213191615524332,-0.11893210125411696,0.04243305897538582,0.047342797404297005,685.9829886300223,759.4237345377604,0.9032941129336188
2018-08-09,610.781005859375,619.5440063476562,581.3330078125,590.5230102539062,355208000,BITCOIN_CASH,0.04327473869486553,0.04236455331152786,0.052062995326691786,0.04699267930540789,668.2718505859375,756.8288004557292,0.8829894557177707
2018-08-10,572.43798828125,612.656982421875,564.9520263671875,610.35302734375,345223000,BITCOIN_CASH,-0.0627770300816346,-0.06483406355967432,0.053554607374033926,0.0478861723669709,646.5189906529018,752.3274007161458,0.8593585585710102
2018-08-11,566.7730102539062,582.5910034179688,548.4760131835938,571.8930053710938,341530000,BITCOIN_CASH,-0.009896230060399858,-0.009945523225728599,0.05413890670704049,0.047587638434784384,628.0958513532366,748.4613342285156,0.8391827641980371
2018-08-12,570.958984375,580.7979736328125,561.093994140625,564.4439697265625,324257000,BITCOIN_CASH,0.007385627130019001,0.007358486935614255,0.052533232313096145,0.04740207239326693,608.3444213867188,744.2736999511719,0.8173665432845862
2018-08-13,535.9769897460938,591.864013671875,529.0440063476562,571.0230102539062,379411000,BITCOIN_CASH,-0.06126883994513066,-0.06322614528774391,0.05372987929941192,0.048382048114849925,585.9654192243304,738.6710327148437,0.7932697957177594
2018-08-14,509.3049926757813,534.9819946289062,481.4330139160156,534.9819946289062,420396000,BITCOIN_CASH,-0.049763324882561966,-0.051044193713133505,0.0538066420001766,0.04848587013075753,564.5255650111607,731.5487325032552,0.7716855213178141
2018-08-15,513.6729736328125,540.4920043945312,508.1440124511719,513.2459716796875,378019000,BITCOIN_CASH,0.00857635605353635,0.00853978804339217,0.041600572530955955,0.04309393079795429,554.2722778320312,721.8152648925782,0.76788661142338
2018-08-16,517.344970703125,538.2659912109375,506.8389892578125,512.8660278320312,402136000,BITCOIN_CASH,0.007148511326853235,0.007123081836505448,0.03450920520595786,0.04129119331053833,540.9242728097098,710.7007975260417,0.7611139240207326
2018-08-17,597.0120239257812,597.0120239257812,516.219970703125,516.5609741210938,463256000,BITCOIN_CASH,0.1539921285295971,0.1432273470310995,0.06725754094115513,0.05050573019019803,544.4348493303571,702.9366312662761,0.7745148354974865
2018-08-18,554.9210205078125,606.9229736328125,541.052001953125,597.6699829101562,413731000,BITCOIN_CASH,-0.07050277336324029,-0.07311145554024863,0.07368449131103316,0.05174897708346339,542.7417079380581,693.9375651041667,0.7821189329281912
2018-08-19,569.926025390625,579.60400390625,544.9660034179688,554.9310302734375,383846000,BITCOIN_CASH,0.027039892756416606,0.02668077416126068,0.07449549716055041,0.05101817149553309,542.5941423688616,687.3465983072916,0.7894039829470203
2018-08-20,515.6599731445312,575.6339721679688,513.1199951171875,570.1129760742188,374592000,BITCOIN_CASH,-0.09521595756028167,-0.10005899089662951,0.08072470309293578,0.053050957764377946,539.6917114257812,678.219063313802,0.7957483660055626
2018-08-21,536.5670166015625,540.0170288085938,514.0640258789062,514.0640258789062,304026000,BITCOIN_CASH,0.04054424338879481,0.03974388722462153,0.07947518642646983,0.05391527063146603,543.5862862723214,669.8157633463542,0.8115459743088177
2018-08-22,519.9520263671875,570.6099853515625,512.1129760742188,535.1519775390625,319315000,BITCOIN_CASH,-0.03096535888398222,-0.03145491838462787,0.0808101293357817,0.0540013231341211,544.4832938058036,661.001298014323,0.823724999393277
2018-08-23,530.7689819335938,531.9979858398438,515.9019775390625,519.1209716796875,282362000,BITCOIN_CASH,0.020803756919618888,0.020590313969581057,0.08111948573847855,0.0497936370078394,546.4010096958706,649.7113647460938,0.8409903833364579
2018-08-24,535.405029296875,537.5440063476562,522.8480224609375,531.5540161132812,304350000,BITCOIN_CASH,0.008734586083745999,0.008696660270899645,0.05391804217773478,0.04970326949000117,537.6000104631696,639.8430318196614,0.8402060876310226
2018-08-25,537.239013671875,542.0280151367188,529.7340087890625,534.989013671875,272027000,BITCOIN_CASH,0.0034254149188857053,0.003419561548209318,0.0477041829775529,0.049712159417373544,535.0740094866071,630.8783996582031,0.8481412737803342
2018-08-26,522.8839721679688,536.489013671875,516.5809936523438,536.489013671875,257257000,BITCOIN_CASH,-0.026720028029598275,-0.027083497208852763,0.04612556443043542,0.049445863014018356,528.3537161690848,620.9949645996094,0.8508180360363218
2018-08-27,546.3569946289062,546.3569946289062,520.0919799804688,523.0170288085938,305426000,BITCOIN_CASH,0.04489145529478411,0.043913009490550034,0.02962112684483421,0.05054834369601964,532.7390049525669,611.9125305175781,0.8706130016686481
2018-08-28,565.3060302734375,570.9819946289062,541.2349853515625,545.0759887695312,429636000,BITCOIN_CASH,0.03468251679911538,0.034094632606836824,0.028682482935873527,0.05108518854832476,536.8445783342634,603.1234313964844,0.8901073153321906
2018-08-29,554.3670043945312,567.2509765625,548.468017578125,564.406005859375,299414000,BITCOIN_CASH,-0.019350626551100203,-0.019540300788909,0.026238093161854895,0.05109764591962524,541.761003766741,594.3997314453125,0.9114422081743245
2018-08-30,540.0250244140625,556.52197265625,527.9180297851562,554.0709838867188,337841000,BITCOIN_CASH,-0.025870911989310685,-0.026211450229564136,0.028687400002741004,0.050713194155381405,543.0832955496652,586.4956990559896,0.9259800138752935
2018-08-31,543.0780029296875,546.7579956054688,535.5989990234375,538.6220092773438,307222000,BITCOIN_CASH,0.005653401930655999,0.005637481429107035,0.02859989803218253,0.05081623042493148,544.1794346400669,578.9533325195313,0.9399366133222987
2018-09-01,615.31201171875,628.0819702148438,542.2579956054688,543.9619750976562,490619000,BITCOIN_CASH,0.13300853357968667,0.12487651386188871,0.054603093383110146,0.05612754050279828,555.3327200753348,574.971767171224,0.9658434583796864
2018-09-02,645.8800048828125,653.6890258789062,601.9400024414062,616.0260009765625,570200000,BITCOIN_CASH,0.0496788500498746,0.048484260290253406,0.051252373543286725,0.05697152605207796,572.903581891741,572.3441670735677,1.000977409835473
2018-09-03,626.3629760742188,650.6890258789062,622.2329711914062,648.3280029296875,397157000,BITCOIN_CASH,-0.030217731871317044,-0.030683698527655852,0.055500077424899014,0.056774808983853314,584.3330078125,570.0317667643229,1.0250884983644952
2018-09-04,625.0670166015625,643.4359741210938,622.7239990234375,627.323974609375,386332000,BITCOIN_CASH,-0.0020690231098567935,-0.0020711664951574824,0.05560071667495238,0.056614185062612794,592.8702915736607,567.2267008463542,1.04520871582569
2018-09-05,530.5130004882812,631.7650146484375,530.22998046875,626.197998046875,520184000,BITCOIN_CASH,-0.15127020559709514,-0.16401440669257045,0.08778177693316287,0.06364015580208943,589.4625767299107,561.8228006998698,1.049196607890619
2018-09-06,519.1619873046875,530.2490234375,495.0650024414063,529.9520263671875,441732000,BITCOIN_CASH,-0.021396295987367586,-0.021628515122390213,0.08762532484443117,0.06323595353089276,586.4821428571429,557.1487345377604,1.0526491518350463
2018-09-07,501.5690002441406,525.9990234375,496.1419982910156,518.7670288085938,368854000,BITCOIN_CASH,-0.033887278904766616,-0.034474763072810624,0.08807621084353201,0.05991858825965055,580.5522853306362,554.3528350830078,1.047261326342284
2018-09-08,475.2850036621094,508.9639892578125,468.7969970703125,501.8219909667969,311599000,BITCOIN_CASH,-0.052403550796076726,-0.0538265538510835,0.0648406271243413,0.05986173089908849,560.5484270368304,549.8363016764323,1.0194823901727426
2018-09-09,481.18499755859375,493.9519958496094,466.302001953125,474.6289978027344,286768000,BITCOIN_CASH,0.012413591531448276,0.012337174659412265,0.057985471835998684,0.05900322623616705,537.0205688476562,546.7945353190104,0.9821249741172856
2018-09-10,465.5870056152344,486.9819946289063,463.8089904785156,484.218994140625,300172000,BITCOIN_CASH,-0.03241579023140684,-0.0329528193453227,0.05791763153913255,0.059208287815536796,514.0525730678013,543.4216684977214,0.9459552367296828
2018-09-11,440.8349914550781,476.1300048828125,433.1610107421875,468.3489990234375,355090000,BITCOIN_CASH,-0.05316302616188462,-0.05462835073373759,0.055163029269706246,0.05978477522542648,487.7337123325893,539.0842020670573,0.9047449553565652
2018-09-12,432.8479919433594,440.927001953125,414.4649963378906,440.5079956054688,319094000,BITCOIN_CASH,-0.018117889157019507,-0.01828402789232083,0.023081994634734357,0.05892623589328465,473.7815682547433,535.6465688069661,0.8845040663846436
2018-09-13,464.43701171875,472.58099365234375,433.5379943847656,433.5379943847656,393614000,BITCOIN_CASH,0.07297947631353274,0.07043933607842907,0.04440651327482203,0.05996888807255652,465.9637145996094,534.1509694417317,0.8723446015395454
2018-09-14,449.50299072265625,472.74798583984375,443.87200927734375,467.12799072265625,314701000,BITCOIN_CASH,-0.03215510525491316,-0.03268343724554736,0.044286717587084905,0.06016556155485665,458.5257132393973,532.0119700113933,0.8618710463029202
2018-09-15,450.6839904785156,458.8059997558594,446.4070129394531,447.5790100097656,276833000,BITCOIN_CASH,0.002627345713452689,0.0026239002742907648,0.04121066844148918,0.06014132634691633,455.0112827845982,529.7899373372396,0.8588522558044722
2018-09-16,449.1600036621094,450.2000122070313,431.4419860839844,448.5090026855469,277244000,BITCOIN_CASH,-0.003381497565041469,-0.00338722774931546,0.040363105853755674,0.05328031455930807,450.43628365652904,524.8615366617838,0.8582002150917495
2018-09-17,420.4519958496094,460.4930114746094,413.03900146484375,450.37799072265625,365115000,BITCOIN_CASH,-0.06391488017284874,-0.06604886665306217,0.04517356812857306,0.053004375864317874,443.9884251185826,520.3792358398438,0.8532016547547799
2018-09-18,435.6789855957031,443.7569885253906,414.5379943847656,418.5549926757813,332161000,BITCOIN_CASH,0.036215762789577166,0.03557538739400129,0.044704322245238494,0.05323665672875034,443.2518528529576,515.9043345133464,0.8591745081403086
2018-09-19,429.22698974609375,438.7080078125,414.2770080566406,433.1919860839844,337321000,BITCOIN_CASH,-0.014809059107561917,-0.014919807974499951,0.04451375298346414,0.05040657018462386,442.7345668247768,513.0232350667318,0.8629912576321964
2018-09-20,455.7430114746094,462.0650024414063,424.6629943847656,429.8049926757813,369099000,BITCOIN_CASH,0.06177622181727438,0.05994318669674605,0.0417919438740081,0.05116939719113477,441.49256678989957,510.3291015625,0.8651134443208506
2018-09-21,499.03900146484375,506.4429931640625,449.3829956054688,457.5159912109375,597228000,BITCOIN_CASH,0.09500088624539771,0.0907551726246642,0.05186107156023212,0.053822924573189726,448.5691397530692,509.6320007324219,0.8801824436228578
2018-09-22,487.8299865722656,505.28900146484375,468.3290100097656,500.3500061035156,412279000,BITCOIN_CASH,-0.02246120014603259,-0.022717294965125118,0.05371497863117453,0.0537944299496229,453.8757106236049,508.20070088704426,0.8931032755983664
2018-09-23,488.6470031738281,504.1409912109375,478.0679931640625,487.7099914550781,384226000,BITCOIN_CASH,0.0016747978272169117,0.001673396917278391,0.05351782640724799,0.053757888105905594,459.51671055385043,506.64210001627606,0.9069848528953443
2018-09-24,463.0899963378906,490.7650146484375,459.5880126953125,487.9150085449219,385322000,BITCOIN_CASH,-0.05230157285308479,-0.05371894216029827,0.050645272914484805,0.0545275982081933,465.6078534807478,504.17046610514325,0.9235127497207396
2018-09-25,445.22601318359375,462.35400390625,428.906005859375,462.1099853515625,414548000,BITCOIN_CASH,-0.03857561876863036,-0.03933936371135595,0.053130892233756444,0.05474461777272357,466.97171456473217,501.5818674723307,0.9309979982290573
2018-09-26,515.9340209960938,542.5269775390625,434.3500061035156,444.802001953125,856458000,BITCOIN_CASH,0.15881373890735073,0.14739684299340527,0.07491272588209269,0.06087350572856083,479.35843331473217,500.56776835123696,0.9576294432492851
2018-09-27,564.4099731445312,585.3610229492188,514.7670288085938,514.7670288085938,1083230000,BITCOIN_CASH,0.09395765771531583,0.08980199915142081,0.07793767555185298,0.06282795815471237,494.88228498186385,500.53789978027345,0.9887009259420869
2018-09-28,539.8629760742188,572.5789794921875,533.43798828125,568.4320068359375,673844000,BITCOIN_CASH,-0.04349143041104031,-0.04446553082261247,0.07728338912001222,0.0632578828753127,500.7142813546317,500.05443216959634,1.0013195547176184
2018-09-29,536.9119873046875,553.4810180664062,514.2630004882812,538.9940185546875,581112000,BITCOIN_CASH,-0.005466181050218122,-0.005481175283613829,0.07628961643584933,0.06308465862370397,507.7259957449777,499.95066426595054,1.0155521975162154
2018-09-30,529.9249877929688,545.5460205078125,520.6069946289062,536.5640258789062,477471000,BITCOIN_CASH,-0.01301330511690324,-0.013098720001120452,0.07687961770629957,0.06311768507713902,513.6228506905692,499.5122304280599,1.0282487983335604
2018-10-01,530.9140014648438,539.9450073242188,522.3179931640625,531.6380004882812,450906000,BITCOIN_CASH,0.001866327677798374,0.0018645882521870956,0.07170701062959467,0.058497065981531114,523.311994280134,496.69896341959634,1.0535797994771647
2018-10-02,533.2650146484375,547.4910278320312,527.9219970703125,531.1530151367188,536291000,BITCOIN_CASH,0.004428237298521154,0.004418461504800016,0.06750430306215414,0.057657122005047245,535.8889944893973,492.94513041178385,1.0871169252483337
2018-10-03,514.5250244140625,531.635986328125,508.7340087890625,531.635986328125,512420000,BITCOIN_CASH,-0.035141983290858825,-0.03577432141215971,0.043865201521129354,0.05773852897578332,535.6877092633929,489.2171986897786,1.094989527551508
2018-10-04,513.030029296875,529.93798828125,510.5920104980469,516.7869873046875,466791000,BITCOIN_CASH,-0.002905582908994564,-0.002909812309584563,0.019099031372033143,0.05773648559662895,528.3477172851562,485.4826324462891,1.0882937554797276
2018-10-05,520.6329956054688,522.5139770507812,510.62799072265625,513.8980102539062,384914000,BITCOIN_CASH,0.014819729595582976,0.014710990410111832,0.016027950898203604,0.049576130780743,525.6005772181919,485.15329895019534,1.083370098390589
2018-10-06,508.6239929199219,521.677001953125,502.5400085449219,519.9180297851562,391070000,BITCOIN_CASH,-0.02306615751769836,-0.023336344193936067,0.017441992263961006,0.04960205232401724,521.5594351632254,484.8020324707031,1.0758194071613005
2018-10-07,517.468017578125,519.3889770507812,506.6520080566406,509.6260070800781,382426000,BITCOIN_CASH,0.017388138942150855,0.01723869513348945,0.019530329871941,0.04928480348026968,519.7798679896763,485.3319997151693,1.0709779456016164
2018-10-08,528.9749755859375,530.916015625,517.3270263671875,518.7100219726562,397869000,BITCOIN_CASH,0.02223704193675169,0.02199340416050913,0.021785928114859344,0.04830856815046662,519.5028642926898,487.1216654459635,1.0664745609643147
2018-10-09,517.7899780273438,528.552978515625,513.1229858398438,526.905029296875,372000000,BITCOIN_CASH,-0.021144662932692238,-0.021371413389193662,0.022960098549484463,0.048489239787438285,517.2921447753906,488.3418314615885,1.05928288638955
2018-10-10,512.9240112304688,517.2219848632812,507.8269958496094,516.656005859375,369806000,BITCOIN_CASH,-0.009397568518829114,-0.009442004277033856,0.01868532803148178,0.0480857370635209,517.0634286063058,489.91973164876305,1.0554043758682552
2018-10-11,433.0369873046875,511.7699890136719,431.85101318359375,511.7699890136719,487652000,BITCOIN_CASH,-0.15574826324495494,-0.1693045625612824,0.0666420022293626,0.05664060694590676,505.63585117885043,489.65979817708336,1.0326268422713956
2018-10-12,443.22900390625,451.9259948730469,429.3869934082031,430.35198974609375,289722000,BITCOIN_CASH,0.02353613409561084,0.023263429937261708,0.06754686448070303,0.05670108209581001,494.57813807896207,490.0058319091797,1.0093311260234752
2018-10-13,448.4100036621094,450.2239990234375,442.6619873046875,443.1809997558594,245372000,BITCOIN_CASH,0.011689216432585248,0.011621425314134437,0.06879803033715315,0.05520692735811725,485.9761396135603,489.4715983072917,0.9928587098703592
2018-10-14,439.2340087890625,451.9240112304688,438.60198974609375,448.18798828125,242400000,BITCOIN_CASH,-0.02046340357732357,-0.020675679944627604,0.06703113613283186,0.05501376724278968,474.7998526436942,489.1292989095052,0.97070417515827
2018-10-15,459.3810119628906,487.21099853515625,433.8190002441406,438.6499938964844,571575000,BITCOIN_CASH,0.045868495541526944,0.044847636459537696,0.07009797309033315,0.05564015349354909,464.8578578404018,489.41919962565106,0.9498153284463792
2018-10-16,458.0119934082031,467.1700134277344,454.5989990234375,459.322998046875,302192000,BITCOIN_CASH,-0.0029801374437262718,-0.002984586895502109,0.07038853686586803,0.05563919783197403,456.3181457519531,489.7142659505208,0.9318048859905136
2018-10-17,448.7929992675781,459.8680114746094,446.2900085449219,458.8460083007813,292950000,BITCOIN_CASH,-0.020128281078457655,-0.02033361494519973,0.07030040959821621,0.05436078418479556,447.1565726143973,490.6589660644531,0.9113388392777453
2018-10-18,438.4249877929688,454.71099853515625,432.9249877929688,449.2200012207031,327540000,BITCOIN_CASH,-0.02310199020824688,-0.02337302359448001,0.026018765224427483,0.05417690150826968,447.92628696986606,490.75049947102866,0.912737302259861
2018-10-19,440.8460083007813,443.4259948730469,433.3840026855469,438.31298828125,303766000,BITCOIN_CASH,0.005522086047147878,0.0055068952276743945,0.02438813846098675,0.05410851925769279,447.5858590262277,491.13780008951824,0.9113243960140057
2018-10-20,447.4450073242188,448.47698974609375,438.4500122070313,440.8689880371094,266812000,BITCOIN_CASH,0.014968943574816596,0.014858014562403847,0.024691022589126914,0.05302709909136777,447.44800240652904,490.8611999511719,0.911557080598423
2018-10-21,447.85101318359375,455.9570007324219,445.7699890136719,447.5419921875,295702000,BITCOIN_CASH,0.0009073871710021386,0.0009069757441265912,0.02301433903737973,0.050147880808222176,448.6790030343192,489.1549336751302,0.9172533529679312
2018-10-22,447.21099853515625,452.5280151367188,443.5979919433594,447.18701171875,261566000,BITCOIN_CASH,-0.001429079380412479,-0.0014301014882484506,0.013660353408091441,0.05001859605221938,446.9404296875,487.80096740722655,0.9162352261478496
2018-10-23,442.6549987792969,449.7879943847656,438.25,447.1709899902344,262509000,BITCOIN_CASH,-0.010187584318772536,-0.010239832916807131,0.013858819139863572,0.05002834210946241,444.746573311942,486.2679005940755,0.9146122389912911
2018-10-24,442.4460144042969,448.1809997558594,440.6489868164063,441.2669982910156,249002000,BITCOIN_CASH,-0.00047211570088745436,-0.00047222718259452357,0.012085446072974536,0.04911390745505402,443.83986118861606,485.57976786295575,0.9140410918312398
2018-10-25,440.22900390625,443.5790100097656,439.1480102539063,442.1749877929688,226378000,BITCOIN_CASH,-0.005010804540824809,-0.005023400717501666,0.007977647700530943,0.048599639818268925,444.0975777762277,485.4132008870443,0.914885662286653
2018-10-26,438.739990234375,441.5339965820313,436.1499938964844,439.1239929199219,259970000,BITCOIN_CASH,-0.0033823615860442136,-0.0033880947022921167,0.0077689918377481385,0.039788294977952415,443.79671805245533,482.84006652832034,0.9191381345864864
2018-10-27,437.5270080566406,439.822998046875,435.8340148925781,438.60198974609375,235687000,BITCOIN_CASH,-0.002764694818647384,-0.0027685236460219267,0.0036639252893470335,0.035509863042040915,442.3798610142299,478.610634358724,0.9243001079718202
2018-10-28,441.0840148925781,442.2330017089844,436.0870056152344,438.8919982910156,226911000,BITCOIN_CASH,0.008129799464807075,0.008096930669445375,0.00553693137679865,0.034966068714150034,441.41314697265625,475.31800231933596,0.9286691116657912
2018-10-29,417.5710144042969,440.9039916992188,414.6119995117188,440.2070007324219,294419000,BITCOIN_CASH,-0.0533073058519421,-0.0547807430545721,0.02059181948733626,0.03604683770229555,437.1788635253906,471.3399698893229,0.9275234256667141
2018-10-30,421.9339904785156,422.9719848632813,415.2099914550781,417.6900024414063,243462000,BITCOIN_CASH,0.010448464868767049,0.010394256925948272,0.021949893477702265,0.036195655007349774,434.2187194824219,467.7402699788411,0.9283329816824717
2018-10-31,422.8590087890625,424.6159973144531,411.5199890136719,422.22601318359375,286666000,BITCOIN_CASH,0.002192329443517549,0.002189929795895184,0.022101329563988376,0.036198635956086425,431.4205758231027,464.13843688964846,0.9295083999381749
2018-11-01,424.0899963378906,432.5830078125,421.8299865722656,423.0690002441406,228640000,BITCOIN_CASH,0.002911106357538218,0.0029068772929423314,0.02238912734381375,0.03618239961385087,429.11500331333707,460.4992696126302,0.93184730493559
2018-11-02,462.010009765625,469.8840026855469,424.239990234375,424.239990234375,524499000,BITCOIN_CASH,0.08941501510335526,0.08564086878355627,0.04112634886756919,0.039559286794244086,432.43929181780135,458.74876912434894,0.9426494868710675
2018-11-03,477.9939880371094,483.6650085449219,458.5350036621094,461.7730102539063,470238000,BITCOIN_CASH,0.034596605990404816,0.034011598077745245,0.04195443772438729,0.04015103019200539,438.2202889578683,457.5809010823568,0.9576892040758408
2018-11-04,560.1829833984375,586.041015625,478.5090026855469,478.5350036621094,1452890000,BITCOIN_CASH,0.1719456675571145,0.15866533134055788,0.06907241078125789,0.04972247683322845,455.2344273158482,458.89923400878905,0.9920139184785158
2018-11-05,558.4660034179688,578.2269897460938,538.8610229492188,557.7160034179688,907963000,BITCOIN_CASH,-0.003065034160895874,-0.003069740998305153,0.06016773632190734,0.04949734860412841,475.3622828892299,460.560634358724,1.0321383275648721
2018-11-06,628.5070190429688,628.5070190429688,551.2860107421875,558.5460205078125,958116000,BITCOIN_CASH,0.12541679385375182,0.11815345046990221,0.06450180570692045,0.0537376485233483,504.87271554129467,464.2619344075521,1.0874738550029226
2018-11-07,617.2550048828125,638.552001953125,610.3359985351562,630.176025390625,935156000,BITCOIN_CASH,-0.01790276610958097,-0.018064959347760274,0.06773968557011219,0.05383647335316295,532.643572126116,467.20460205078126,1.1400649090100832
2018-11-08,574.4340209960938,619.1599731445312,573.89599609375,616.5269775390625,824619000,BITCOIN_CASH,-0.06937324695301328,-0.07189699181482605,0.08162655192004818,0.05546040337810526,554.1212899344308,469.0927368164063,1.1812617131850904
2018-11-09,544.4190063476562,594.7949829101562,532.7559814453125,574.0059814453125,860474000,BITCOIN_CASH,-0.05225145717586532,-0.053666062097679684,0.08643706869270755,0.056395039140615465,565.8940037318638,470.14256998697914,1.2036646750527964
2018-11-10,556.4990234375,562.905029296875,535.7890014648438,542.8820190429688,656843000,BITCOIN_CASH,0.022188823220711917,0.021946233248743154,0.08631150848809527,0.04626393234315535,577.1090087890625,474.2579711914062,1.216867282882519
2018-11-11,533.3410034179688,555.7760009765625,517.656005859375,555.7760009765625,693990000,BITCOIN_CASH,-0.041613765782523626,-0.042504415019726745,0.06362527502067897,0.04708439713475828,573.2744402204241,477.26170450846354,1.201174187673082
2018-11-12,516.3070068359375,536.89599609375,502.72900390625,533.5679931640625,951132000,BITCOIN_CASH,-0.03193828427378953,-0.03245943782237535,0.06428781082193086,0.04759344444686509,567.251726422991,479.5249379475911,1.1829452058340872
2018-11-13,512.4099731445312,542.677001953125,504.7969970703125,514.583984375,972530000,BITCOIN_CASH,-0.0075479000668386975,-0.007576529617520209,0.03113612306671918,0.047412357167243395,550.6664341517857,481.9641367594401,1.1425464928869522
2018-11-14,439.3080139160156,525.2659912109375,421.1960144042969,511.6300048828125,1167480000,BITCOIN_CASH,-0.14266302972189882,-0.15392424014220762,0.05570604159012435,0.05495964742510279,525.2454354422433,481.2950368245443,1.0913169579052218
2018-11-15,421.3200073242188,453.6180114746094,403.75,439.9639892578125,979243000,BITCOIN_CASH,-0.04094622911940704,-0.04180813593061785,0.054760089814553395,0.05545095766285784,503.3720049176897,480.0719706217448,1.0485344609179512
2018-11-16,388.8200073242188,423.4339904785156,388.8200073242188,421.1990051269531,502805000,BITCOIN_CASH,-0.07713851570070407,-0.08027612692278596,0.05641841210363912,0.057158820521988084,481.1435764857701,478.0728708902995,1.006423091085993
2018-11-17,387.7489929199219,394.3829956054688,380.3479919433594,389.4960021972656,356307000,BITCOIN_CASH,-0.00275452493215933,-0.0027583256169520535,0.05189912527130628,0.057051421272995645,457.0364292689732,476.3836710611979,0.9593872691960106
2018-11-18,386.25201416015625,412.8659973144531,380.0239868164063,387.635009765625,275157000,BITCOIN_CASH,-0.0038606902586456604,-0.0038681619600986635,0.054991887249805846,0.057022685419125606,436.02371651785717,474.5638712565104,0.918788266294672
2018-11-19,336.9549865722656,415.1489868164063,336.9549865722656,383.6289978027344,107950000,BITCOIN_CASH,-0.12762917934571605,-0.13654069242370337,0.06402005584541415,0.06176154843724162,410.4019993373326,470.88087056477866,0.8715622676391437
2018-11-20,223.70199584960935,336.5,199.08599853515625,336.3139953613281,142641000,BITCOIN_CASH,-0.33610718118387983,-0.40963455998050335,0.1415502898797722,0.09559966684453956,369.1580025809152,463.40923665364585,0.7966133891647601
2018-11-21,235.9510040283203,246.67300415039065,221.19200134277344,226.38299560546875,80873000,BITCOIN_CASH,0.054755918167783024,0.05330938297389172,0.1540057054065067,0.09654598745574453,340.1070011683873,456.3672368367513,0.7452485054049752
2018-11-22,211.46800231933597,238.9980010986328,211.46800231933597,236.2079925537109,59981900,BITCOIN_CASH,-0.10376307492230774,-0.10955047565149273,0.1526836426065102,0.09784700910691525,310.1281433105469,448.6610036214193,0.6912304408168118
2018-11-23,207.42599487304688,212.45599365234372,196.5200042724609,210.41799926757807,103947000,BITCOIN_CASH,-0.019114038067022943,-0.019299072929326776,0.1556064051487165,0.09774708991912358,284.2147129603795,440.8270029703776,0.6447307244004695
2018-11-24,180.68899536132807,217.03900146484372,177.22500610351562,207.6629943847656,97740700,BITCOIN_CASH,-0.12889898167335745,-0.13799732914564186,0.15134068840164833,0.0997917431813287,254.63471330915178,432.17566935221356,0.5891926162590846
2018-11-25,184.58399963378903,189.25100708007807,154.27999877929688,181.1269989013672,164581000,BITCOIN_CASH,0.021556400071139015,0.021327346743173558,0.15452617462716678,0.10011780743613119,225.8249969482422,423.7038029988607,0.5329784518097644
2018-11-26,182.04299926757807,215.7689971923828,170.6219940185547,184.82899475097656,283429000,BITCOIN_CASH,-0.013766092246631723,-0.013861723555050292,0.15734783425134927,0.10003857274746103,203.69471304757255,415.1876693725586,0.4906087730288349
2018-11-27,179.06300354003906,192.99400329589844,171.21800231933594,182.0019989013672,136514000,BITCOIN_CASH,-0.01636973538959785,-0.016505199887758778,0.068436244050795,0.09982263887466397,197.31771414620536,406.45363566080727,0.48546180138211503
2018-11-28,190.07200622558597,198.5500030517578,176.3560028076172,179.13600158691406,127871000,BITCOIN_CASH,0.061481168459710744,0.05966526150424326,0.06978250894226362,0.1010245484013959,190.7635716029576,398.8703353881836,0.47825961140305173
2018-11-29,180.98342895507807,191.1499481201172,176.83285522460938,190.1019744873047,89166901,BITCOIN_CASH,-0.04781649571121571,-0.04899750616007349,0.06169014161097823,0.10086379777442989,186.40863255092077,390.838650004069,0.47694523698968894
2018-11-30,173.06689453125,187.50393676757807,168.08474731445312,181.09329223632807,97441740,BITCOIN_CASH,-0.04374176392576268,-0.04472728099039085,0.06223448294886598,0.10073976502770651,181.50018964494978,382.51224619547526,0.4744951081963471
2018-12-01,172.12330627441406,177.8252716064453,167.84423828125,172.51766967773438,68660039,BITCOIN_CASH,-0.005452159174587634,-0.005467076439997419,0.03780121021737377,0.10065764412982453,180.27651977539062,374.1133565266927,0.48187672701423057
2018-12-02,172.1134033203125,180.2553558349609,171.64739990234375,171.93618774414062,71004464,BITCOIN_CASH,-5.753406854602794e-05,-5.7535723694034906e-05,0.0359552230241173,0.09845284215923565,178.49500601632255,364.45013631184895,0.4897652332432928
2018-12-03,159.81825256347656,172.6138153076172,153.6831817626953,172.31532287597656,69403051,BITCOIN_CASH,-0.07143633511187963,-0.07411633307839084,0.043464242842226816,0.09789591290371576,175.3200422014509,353.84427846272786,0.4954723104839413
2018-12-04,149.65896606445312,160.3335418701172,149.0497589111328,159.6411895751953,73451486,BITCOIN_CASH,-0.06356774858984504,-0.06567810204247711,0.04690646253910158,0.09078213467201748,171.11946541922433,340.16014455159507,0.5030555994289012
2018-12-05,130.54104614257812,149.8535919189453,130.54104614257812,149.8535919189453,95942782,BITCOIN_CASH,-0.12774323132528898,-0.13667143892849673,0.046099725977938044,0.09197433381614872,162.61504255022322,325.895979309082,0.4989783638784877
2018-12-06,107.59273529052734,131.78927612304688,107.43608856201172,130.5186767578125,123685568,BITCOIN_CASH,-0.1757938328990134,-0.19333457757570452,0.0698310558459862,0.09008034925721763,152.13065774100167,308.53216985066734,0.49307875355310415
2018-12-07,106.8524932861328,116.5736846923828,97.61804962158205,107.48939514160156,211041228,BITCOIN_CASH,-0.006880037043353382,-0.006903813616772381,0.07384789533285313,0.09027736346274734,142.67145756312777,291.5187527974447,0.4894074778861992
2018-12-08,104.04759979248048,109.9570541381836,99.84356689453124,106.23509979248048,112407720,BITCOIN_CASH,-0.026250145479912113,-0.026600831198897112,0.07120765189417766,0.09042356844007617,132.94635663713728,275.8392054239909,0.48197048868664694
2018-12-09,109.61795043945312,112.17756652832033,103.00387573242188,103.7276840209961,120406818,BITCOIN_CASH,0.053536560747989625,0.0521526577396584,0.08191705128245033,0.09259400475405921,124.0184347970145,261.34583689371743,0.4745376328586768
2018-12-10,107.3141860961914,110.95811462402344,103.37606811523438,109.599853515625,73938617,BITCOIN_CASH,-0.021016305577927996,-0.02124029193039784,0.08330334791738209,0.0917133460044493,116.51785387311664,246.3730089823405,0.4729327062018729
2018-12-11,102.0729522705078,107.05274200439452,97.56929779052734,107.05274200439452,71529997,BITCOIN_CASH,-0.04884008364919823,-0.05007307457884731,0.08323795720833889,0.09168858259144082,109.71985190255302,231.99740727742514,0.4729356814378049
2018-12-12,102.5921630859375,105.8014678955078,99.42947387695312,101.71315002441406,59280514,BITCOIN_CASH,0.00508666403665603,0.005073770665493231,0.07696907310794518,0.09226266903445805,105.72715432303292,218.20691248575847,0.4845270624959387
2018-12-13,90.30227661132812,102.4324188232422,88.58236694335938,102.4324188232422,74837340,BITCOIN_CASH,-0.11979361878075045,-0.1275988748935821,0.055311718652087435,0.09278703196861127,103.25708879743304,204.13665593465169,0.5058233580082145
2018-12-14,80.3707504272461,91.9755859375,77.72490692138672,90.24313354492188,104537195,BITCOIN_CASH,-0.10998090587271148,-0.11651236241048184,0.06413670653544906,0.09169647778821566,99.47398267473493,192.17208048502604,0.5176297328085903
2018-12-15,77.36577606201172,83.03642272949219,75.0753173828125,80.33245086669922,68901780,BITCOIN_CASH,-0.03738890515840787,-0.0381057962689004,0.06386244186744751,0.09171958622371743,95.66229357038226,180.70693944295243,0.5293780851209756
2018-12-16,81.63900756835938,83.47602844238281,77.37089538574219,77.37089538574219,80118715,BITCOIN_CASH,0.05523413224631124,0.0537626686058524,0.0642610874426062,0.09376314755877074,91.66530173165458,170.4675727844238,0.5377286731686858
2018-12-17,90.3450698852539,92.9374542236328,81.40122985839844,81.53206634521484,109893213,BITCOIN_CASH,0.10664096216021024,0.10132926702687194,0.08442684666680425,0.09750046937243026,89.24114227294922,160.5541086832682,0.5558321926784132
2018-12-18,105.20076751708984,105.776611328125,87.59089660644531,90.30988311767578,188289946,BITCOIN_CASH,0.1644328533997923,0.15223414736573418,0.10609550383967496,0.103921680539825,89.68797302246094,151.185733795166,0.5932303979420088
2018-12-19,128.44801330566406,144.0957794189453,103.06409454345705,105.43772888183594,532417073,BITCOIN_CASH,0.2209798116235009,0.19965366069498758,0.12928432708004772,0.11138518926553768,93.3816659109933,144.23550135294593,0.6474249753705733
2018-12-20,194.23097229003903,200.0781097412109,125.2083740234375,126.2838363647461,1558759484,BITCOIN_CASH,0.5121368349063768,0.41352377293923304,0.1724464943460861,0.11646121717729553,108.22862243652344,143.25313390096025,0.7555061413968687
2018-12-21,194.2956085205078,229.0127410888672,177.32858276367188,190.48019409179688,1520475211,BITCOIN_CASH,0.00033278024460625666,0.000332724885541918,0.15129044336509773,0.1159516821005694,124.50360216413226,141.86462071736653,0.8776226344140995
2018-12-22,196.6685791015625,206.44671630859372,184.0780029296875,196.3031768798828,716022686,BITCOIN_CASH,0.01221319719536651,0.01213921784302322,0.1431754268749939,0.11433876679808536,141.54685974121094,141.3713066101074,1.0012417875685884
2018-12-23,197.66281127929688,209.8595428466797,189.1586151123047,197.89273071289065,578345903,BITCOIN_CASH,0.005055368693241746,0.005042633220569191,0.14876052170821252,0.11430120768517259,158.12168884277344,141.0458671569824,1.121065735777893
2018-12-24,182.2596740722656,213.71533203125,179.0862579345703,200.0340576171875,611323718,BITCOIN_CASH,-0.07792632871778138,-0.08113015484087018,0.16853984242306969,0.11241733182522316,171.2523465837751,141.09822311401368,1.2137101573943674
2018-12-25,170.9093475341797,183.0314178466797,155.40281677246094,183.0314178466797,621674076,BITCOIN_CASH,-0.062275577940436366,-0.06429916625503547,0.17706538193581334,0.11295048902127423,180.6392865862165,140.64240137736002,1.2843871038687698
2018-12-26,175.5102996826172,186.33631896972656,165.53936767578125,172.05953979492188,537284643,BITCOIN_CASH,0.026920424276486,0.026564444279836372,0.16766793121499426,0.11305217996060095,187.36247035435267,140.424644724528,1.3342563246067163
2018-12-27,150.12757873535156,177.1915283203125,147.83721923828125,175.4122772216797,339080968,BITCOIN_CASH,-0.14462240103951896,-0.15621227132685625,0.06648358465377274,0.11652762607956585,181.0619855608259,139.46013056437175,1.2983064394683872
2018-12-28,173.9989776611328,176.18984985351562,144.17422485351562,150.5561981201172,466524537,BITCOIN_CASH,0.15900741973506616,0.1475639661792853,0.09663793313573114,0.11930436386203713,178.16246686662947,138.92436294555665,1.2824422087611078
2018-12-29,165.0596466064453,175.27841186523438,164.47943115234375,174.46963500976562,308440732,BITCOIN_CASH,-0.051375767690411744,-0.052742520524864625,0.09662737190306885,0.11935616032143329,173.64690508161272,138.39357020060223,1.2547324621361424
2018-12-30,163.62213134765625,165.3460693359375,159.63734436035156,165.1508026123047,254982420,BITCOIN_CASH,-0.008709065409648886,-0.008747210955996437,0.09605092588201875,0.11910364122661748,168.78395080566406,138.0787447611491,1.2223746029675266
2018-12-31,151.0457000732422,163.52188110351562,148.961669921875,163.52188110351562,184371700,BITCOIN_CASH,-0.07686265403603798,-0.07997725168820065,0.09594356742908779,0.11995506289090632,164.32481166294642,137.37615788777669,1.1961668908893508
2019-01-01,164.85459899902344,168.7682647705078,150.2381591796875,150.89578247070312,267838686,BITCOIN_CASH,0.09142199294044984,0.0874814266943683,0.10296023338322485,0.12112222342892902,163.45984758649553,137.13419774373372,1.191969984700368
2019-01-02,171.82737731933594,174.23353576660156,162.24879455566406,165.62203979492188,270357561,BITCOIN_CASH,0.04229653502328934,0.041426485401180345,0.1038724771810545,0.12056719819582654,162.9337158203125,137.53450190226238,1.184675216522032
2019-01-03,162.0499267578125,175.46414184570312,160.3275909423828,173.2724609375,231676176,BITCOIN_CASH,-0.05690275155252089,-0.05858587499834056,0.08465317858715783,0.12043595911975312,164.63690839494978,137.94753392537436,1.1934748212607673
2019-01-04,161.3956298828125,165.37069702148438,155.6101531982422,161.71157836914062,207663255,BITCOIN_CASH,-0.004037625243594634,-0.004045798460073656,0.059532639357276824,0.11754491996879196,162.836430140904,138.97602005004882,1.1716872456288678
2019-01-05,160.40121459960938,166.359130859375,158.33197021484375,161.1407928466797,230320255,BITCOIN_CASH,-0.006161351976662344,-0.0061804114340989575,0.0565859425683678,0.11134484724248309,162.17093985421317,140.7363026936849,1.1523035403820516
2019-01-06,166.8411865234375,170.75271606445312,159.15122985839844,160.18698120117188,226834845,BITCOIN_CASH,0.04014914687462601,0.03936411332735601,0.05880432752118892,0.11137562397646913,162.63080487932478,142.73592580159504,1.1393824222318347
2019-01-07,161.2439727783203,168.32928466796875,160.80352783203125,166.8470001220703,204578538,BITCOIN_CASH,-0.03354815355698093,-0.034123804189508146,0.04993355878544498,0.11148059690908907,164.08770098005022,144.64247156778973,1.1344365123292786
2019-01-08,161.91262817382812,164.85931396484375,158.65904235839844,161.40292358398438,167967145,BITCOIN_CASH,0.0041468551288244004,0.004138280621746802,0.036257862223828555,0.11126737058441397,163.66741943359375,146.38562749226887,1.1180566168781672
2019-01-09,160.08474731445312,162.53659057617188,158.4420166015625,162.11941528320312,163008542,BITCOIN_CASH,-0.011289303867099254,-0.011353511756966495,0.030635048352868784,0.11117705758836528,161.98990086146765,148.14464619954427,1.0934576781348846
2019-01-10,134.966796875,164.39772033691406,133.33888244628906,160.28477478027344,349267379,BITCOIN_CASH,-0.15690408274883394,-0.17067454660921746,0.06741255697857598,0.1156396076734383,158.12088230678015,149.24110768636066,1.0594995223372428
2019-01-11,131.6685791015625,134.7850341796875,129.4267120361328,133.90774536132812,221067019,BITCOIN_CASH,-0.02443725308597311,-0.024740798164400064,0.06673324334618148,0.11580527792973638,153.87416076660156,150.21032155354817,1.0243913945137737
2019-01-12,134.38116455078125,138.55088806152344,131.49559020996094,131.49559020996094,212095966,BITCOIN_CASH,0.020601615569394216,0.020392272606890922,0.06897134401464734,0.11293230934484255,150.1570107596261,151.67961781819662,0.9899616897743274
2019-01-13,126.34981536865234,135.79608154296875,123.8711166381836,134.49673461914062,182166624,BITCOIN_CASH,-0.059765438177118546,-0.061625900992352156,0.06354309172684465,0.11118873924536689,144.37252916608537,153.21225331624348,0.9423040653810362
2019-01-14,133.97984313964844,136.9587860107422,124.89478302001952,126.48271942138672,214446102,BITCOIN_CASH,0.06038811967183233,0.05863499174099487,0.07375430554777553,0.11099572206019266,140.47765350341797,155.09938888549806,0.9057266731535959
2019-01-15,128.48001098632812,134.6835479736328,126.99542236328124,133.9701690673828,182316505,BITCOIN_CASH,-0.04104969840566086,-0.041916028596581466,0.07261507927400124,0.11131589179717863,135.7015653337751,156.660755666097,0.8662128862891877
2019-01-16,129.16934204101562,131.1820068359375,128.1846160888672,128.6878662109375,161105128,BITCOIN_CASH,0.005365278609455126,0.005350936777920681,0.07371274520425104,0.11012549023043176,131.2850788661412,157.95489807128905,0.8311554783624937
2019-01-17,131.05453491210938,131.8909454345703,127.15645599365234,129.2044677734375,178365450,BITCOIN_CASH,0.014594739288020353,0.014489261126188696,0.04110085604879532,0.1068976533196008,130.72618430001395,158.81669031778972,0.8231262346446894
2019-01-18,128.45748901367188,131.0939178466797,126.9332275390625,131.0939178466797,208629422,BITCOIN_CASH,-0.01981652828861802,-0.02001550880823135,0.040744568106970726,0.1006075923886788,130.267457144601,158.8170061747233,0.8202361968798645
2019-01-19,130.2041015625,131.68580627441406,127.6005401611328,128.5467987060547,198967556,BITCOIN_CASH,0.013596813718211642,0.013505206490068039,0.0401495237875106,0.06362155358772695,129.67073386056083,156.682777150472,0.8276004307482382
2019-01-20,123.88646697998048,130.99639892578125,122.7190399169922,130.1376190185547,269797874,BITCOIN_CASH,-0.04852101052659197,-0.049737673968021284,0.03749456813302484,0.0639068533692962,129.31882694789343,154.33580576578777,0.837905541790744
2019-01-21,122.82960510253906,124.34527587890624,121.85819244384766,123.92018127441406,187814581,BITCOIN_CASH,-0.008530890445137995,-0.008567486772511287,0.025971743063545775,0.06371515766386068,127.72593579973493,151.87450663248697,0.8409965479513433
2019-01-22,128.4401092529297,131.4987335205078,118.81300354003906,122.71257781982422,264996480,BITCOIN_CASH,0.04567713252604633,0.04466464928158988,0.02989910132761926,0.06456474630353981,127.72023555210659,149.56708323160808,0.8539327824848256
2019-01-23,132.32009887695312,134.70449829101562,127.83136749267578,128.440185546875,293056048,BITCOIN_CASH,0.030208551258569916,0.029761258695921184,0.031984059847755875,0.06378042600887446,128.17034367152624,147.90243072509764,0.866587134796676
2019-01-24,129.3973388671875,132.2902069091797,127.4676513671875,132.21119689941406,264182477,BITCOIN_CASH,-0.022088556723975472,-0.022336161844630505,0.03288029282702889,0.06301941637583643,127.93360137939453,146.5186971028646,0.8731554669065733
2019-01-25,128.37045288085938,129.84329223632812,126.37190246582033,129.52093505859375,205641444,BITCOIN_CASH,-0.007935912711327986,-0.007967569662375475,0.03207442575342131,0.06265655254979398,127.9211676461356,144.94736887613934,0.8825352860005827
2019-01-26,127.1396713256836,129.6563720703125,126.96595764160156,128.4443817138672,178570796,BITCOIN_CASH,-0.009587732438071761,-0.009633990656457092,0.031628220662193306,0.05628751819452293,127.48339189801898,144.18110529581705,0.884189309247288
2019-01-27,122.90110778808594,127.53508758544922,120.70153045654295,127.15506744384766,201627687,BITCOIN_CASH,-0.033337851934036156,-0.03390622610112662,0.028135942833601282,0.04847550752424945,127.3426262991769,142.47784296671549,0.8937714359482944
2019-01-28,112.49606323242188,123.03539276123048,108.0881576538086,123.03539276123048,322496467,BITCOIN_CASH,-0.08466192651090754,-0.08846180272420352,0.04360374507172567,0.04993777443488362,125.8664060320173,140.72572352091473,0.8944093722375566
2019-01-29,111.0904541015625,113.53565979003906,108.10831451416016,112.25018310546876,263554927,BITCOIN_CASH,-0.01249474061999245,-0.012573456266604938,0.03574373428362887,0.04993200628791736,123.38788386753627,138.97466761271158,0.8878444250817576
2019-01-30,118.38124084472656,119.75407409667967,109.63318634033205,110.95767211914062,278213607,BITCOIN_CASH,0.06562928203082685,0.06356549980971976,0.04483094434058711,0.050160365786463774,121.39661843436105,137.8858523050944,0.8804138815181103
2019-01-31,114.81018829345705,120.43569946289062,114.0615005493164,118.15505981445312,277744299,BITCOIN_CASH,-0.030165696235212147,-0.030630042937296997,0.04513788505388172,0.04692888857917999,119.31273978097099,136.21770528157552,0.8758974432460135
2019-02-01,116.55672454833984,118.1522216796875,112.06761169433594,114.79912567138672,246917441,BITCOIN_CASH,0.01521238037184136,0.015097832351406307,0.04672840018062112,0.046133600131190576,117.62506430489677,134.37535018920897,0.8753470345511528
2019-02-02,121.79053497314452,122.0037078857422,116.21630096435548,116.55433654785156,251181380,BITCOIN_CASH,0.04490354756523751,0.04392458217632733,0.05164842477688394,0.04643130572179274,116.86090196881976,133.0333704630534,0.8784329943837278
2019-02-03,118.8281478881836,121.9732894897461,117.47777557373048,121.79032135009766,218977856,BITCOIN_CASH,-0.02432362322420334,-0.024624328726576016,0.05093094624381083,0.04649960098557544,116.279050554548,131.61445439656575,0.883482373479961
2019-02-04,119.1247787475586,120.56281280517578,118.34693908691406,119.3039779663086,207822688,BITCOIN_CASH,0.0024963012943206575,0.0024931907098066372,0.03521002296938383,0.04655242889429775,117.22600991385323,130.2385732014974,0.9000867180300579
2019-02-05,117.71129608154295,119.9107894897461,117.20027160644533,119.0271987915039,205839408,BITCOIN_CASH,-0.011865563830435355,-0.01193652149328054,0.035148224382171994,0.04561248569175907,118.17184448242188,128.60091018676758,0.9189036400348992
2019-02-06,115.3336410522461,120.0052261352539,111.83869171142578,117.98096466064452,289253747,BITCOIN_CASH,-0.020199038736688157,-0.020405828696992787,0.02636218882414405,0.045447640647216354,117.7364730834961,127.07056579589843,0.9265440217886901
2019-02-07,115.15020751953124,117.56552124023438,114.1750717163086,115.17918395996094,192007562,BITCOIN_CASH,-0.001590459913008102,-0.0015917260370332973,0.02355861384459042,0.04539309633678577,117.78504725864956,125.5118184407552,0.938437899489498
2019-02-08,130.86221313476562,131.224365234375,115.1843490600586,115.78274536132812,392818315,BITCOIN_CASH,0.13644791402194723,0.1279075330991598,0.0540819186964618,0.052029379681021046,119.8286884852818,124.53773396809896,0.9621878017788295
2019-02-09,128.6419219970703,130.47872924804688,126.06038665771484,129.9276885986328,233478378,BITCOIN_CASH,-0.01696663295315659,-0.017112215314574675,0.053850469589747034,0.04191332047910952,120.80745806012835,124.3269048055013,0.9716919941755261
2019-02-10,127.58672332763672,129.0228729248047,122.2263412475586,128.6325225830078,285347998,BITCOIN_CASH,-0.008202603420816579,-0.008236429875917333,0.05254536625033399,0.04170691172647869,122.05868312290737,124.19084294637044,0.9828315858651204
2019-02-11,122.51187896728516,127.69316864013672,121.84005737304688,127.69316864013672,282031883,BITCOIN_CASH,-0.03977564614869522,-0.04058831989585441,0.05600228460069278,0.04210991985505945,122.5425545828683,123.79520009358724,0.9898813079200812
2019-02-12,123.44557189941406,123.58497619628906,119.55393981933594,122.5234146118164,236077048,BITCOIN_CASH,0.007621244078529266,0.007592349115392135,0.055560449853105286,0.04066304755464165,123.36173684256417,123.69839197794596,0.9972784194685262
2019-02-13,123.15240478515624,126.9367904663086,121.81179809570312,123.37847137451172,228141043,BITCOIN_CASH,-0.0023748694242082813,-0.002377693899325156,0.05449709835024505,0.03908432080846638,124.47870309012276,123.33747736612956,1.0092528706469766
2019-02-14,121.64990997314452,124.6690902709961,121.56431579589844,123.11617279052734,242536735,BITCOIN_CASH,-0.012200288046610774,-0.012275322479836898,0.055002527198666065,0.03843081523226557,125.40723201206752,123.10980733235677,1.0186615894338007
2019-02-15,121.9615249633789,123.41278076171876,121.59093475341795,122.18020629882812,197273460,BITCOIN_CASH,0.002561571893503034,0.0025582966601916594,0.015915347580793923,0.038416223928747086,124.13570513044085,122.8695467631022,1.0103048997957147
2019-02-16,122.36091613769533,123.32658386230467,121.96658325195312,122.009765625,191430981,BITCOIN_CASH,0.00327473089924335,0.0032693806452581834,0.016271123549247715,0.038305481217761346,123.23841857910156,122.57975947062174,1.0053733104986038
2019-02-17,124.68604278564452,125.04435729980467,121.14742279052734,122.2320556640625,230868433,BITCOIN_CASH,0.019002200386704082,0.01882391359714161,0.01896229408945549,0.0383419946255595,122.82403564453125,122.45404459635417,1.0030214685794714
2019-02-18,144.40594482421875,147.24081420898438,124.96675872802734,124.96675872802734,685321231,BITCOIN_CASH,0.15815645117935073,0.14682947467037344,0.05520030071825129,0.04686076328705808,125.9517593383789,122.9274393717448,1.02460248079754
2019-02-19,143.30477905273438,150.8613739013672,142.86502075195312,144.31414794921875,557033470,BITCOIN_CASH,-0.007625487806785181,-0.007654710491871628,0.056223430247249864,0.045832260039106724,128.78878893171037,123.57471644083658,1.0421936836356822
2019-02-20,148.05462646484375,148.57655334472656,140.848388671875,142.97210693359375,402662737,BITCOIN_CASH,0.03314507334302852,0.032607619137515705,0.05531438552239309,0.04603257183775488,132.34624917166573,124.41555048624674,1.063743628946895
2019-02-21,142.92816162109375,147.91896057128906,141.21795654296875,147.91896057128906,351951657,BITCOIN_CASH,-0.034625495779203486,-0.03523916565410317,0.05856926339212263,0.04604344245514161,135.38599940708704,124.89848556518555,1.083968302693534
2019-02-22,145.1149444580078,145.70892333984375,141.8209228515625,142.8227081298828,321600349,BITCOIN_CASH,0.015299873811511544,0.01518401103813334,0.05802571660549662,0.045833869742086746,138.6936307634626,125.32498041788737,1.1066718726067095
2019-02-23,153.25616455078125,153.25616455078125,142.36476135253906,144.8820037841797,391092331,BITCOIN_CASH,0.05610187236869524,0.05458465067724699,0.058089080744772044,0.046509764358045394,143.10723767961775,126.12027460734049,1.1346885988407813
2019-02-24,130.26763916015625,157.6469268798828,130.17916870117188,154.19577026367188,556592899,BITCOIN_CASH,-0.15000065712206823,-0.1625197025828599,0.09422603310730616,0.05571730728511135,143.90460859026228,126.18351414998372,1.1404390625800371
2019-02-25,135.8684539794922,139.38258361816406,130.02334594726562,130.02334594726562,475080131,BITCOIN_CASH,0.042994675081583944,0.04209607061881853,0.07441759848693032,0.05619166771037829,142.68496704101562,126.47447357177734,1.1281720572652825
2019-02-26,134.26275634765625,139.0509796142578,133.33651733398438,135.84185791015625,327672295,BITCOIN_CASH,-0.011818031226573766,-0.011888419272652436,0.07442483533968995,0.05584636503373857,141.39324951171875,126.85319519042969,1.1146211122192216
2019-02-27,132.7872772216797,135.51805114746094,130.19361877441406,134.32937622070312,291088410,BITCOIN_CASH,-0.010989489312702605,-0.011050319825101228,0.07212018798800916,0.05320300666778873,139.21219961983817,127.52956899007161,1.0916072305605933
2019-02-28,132.1869659423828,134.5056915283203,131.1847381591797,132.8959503173828,281575851,BITCOIN_CASH,-0.0045208493754616,-0.004531099318966296,0.07165521565023752,0.05312886405153849,137.67774309430803,128.2327860514323,1.0736547753012828
2019-03-01,132.9617919921875,134.82620239257812,131.92953491210938,132.07542419433594,240782300,BITCOIN_CASH,0.005861591907196262,0.005844479614973331,0.07116821760085482,0.05199774897813043,135.9415784563337,128.71880442301432,1.0561128116882041
2019-03-02,132.5384979248047,133.4595489501953,130.75357055664062,132.92372131347656,234304188,BITCOIN_CASH,-0.0031835767331391818,-0.003188655094647077,0.06519152356648131,0.05160980508204624,132.9819117954799,129.30974807739258,1.0283981971404779
2019-03-03,131.55630493164062,133.2830352783203,131.07452392578125,132.57398986816406,202483597,BITCOIN_CASH,-0.007410624147267009,-0.007438219238150248,0.018893842263426882,0.05161855299501358,133.16600690569197,129.80973409016926,1.0258553246337547
2019-03-04,125.12248229980467,132.32350158691406,123.25281524658205,131.4186553955078,307511335,BITCOIN_CASH,-0.04890546777806737,-0.05014181840956244,0.017925790491725324,0.05196776779174566,131.63086809430803,129.92079900105793,1.0131623966785808
2019-03-05,132.50877380371094,134.15858459472656,124.51756286621094,124.96269989013672,297746808,BITCOIN_CASH,0.05903248855156229,0.05735574466763783,0.03167931398086803,0.052729173103697104,131.3802991594587,130.37681986490887,1.0076967615530859
2019-03-06,133.26795959472656,134.02239990234375,131.08294677734375,133.4106903076172,281163956,BITCOIN_CASH,0.005729324702228533,0.005712974541982364,0.031503543884266495,0.0527300512785894,131.44896806989397,130.84825922648113,1.0045908814298636
2019-03-07,132.1560821533203,135.0274658203125,131.25697326660156,133.29351806640625,281220759,BITCOIN_CASH,-0.008343171492889323,-0.008378170552894103,0.03163953220412615,0.05269756517657471,131.4445561000279,131.32975209554036,1.0008741660031768
2019-03-08,129.4702606201172,133.573486328125,128.28074645996094,132.2106475830078,301191835,BITCOIN_CASH,-0.02032310196731757,-0.02053245756417454,0.03238474710802578,0.052699580730710016,130.94576590401786,131.80097274780275,0.9935113768437711
2019-03-09,133.81556701660156,136.3831024169922,128.3604278564453,129.42332458496094,317778034,BITCOIN_CASH,0.03356219703020513,0.033011279296668465,0.03526148093839879,0.052954340276526166,131.12820434570312,132.42315139770508,0.9902211430680059
2019-03-10,132.8378143310547,134.15823364257812,131.185546875,134.0359344482422,274459921,BITCOIN_CASH,-0.007306718548116042,-0.0073335433635451554,0.035257144957707674,0.04761878598496034,131.31127711704798,132.4890047709147,0.9911107517495272
2019-03-11,130.20494079589844,133.4021453857422,128.23426818847656,132.86087036132812,268403469,BITCOIN_CASH,-0.019820211198256166,-0.020019266182910153,0.02924583084051569,0.04765880167490581,132.03734261648995,132.5411053975423,0.9961991958680186
2019-03-12,128.9482421875,130.6634979248047,128.09503173828125,130.34616088867188,232279797,BITCOIN_CASH,-0.009651696784443553,-0.00969857629829357,0.01851480205573423,0.047668687580696596,131.52869524274553,132.58648935953775,0.9920218559077782
2019-03-13,128.93374633789062,129.7225799560547,127.92181396484376,129.19155883789062,217915164,BITCOIN_CASH,-0.00011241603114131582,-0.00011242235029693197,0.01813826312510875,0.047038559977272736,130.9095219203404,132.8005516052246,0.9857603777843812
2019-03-14,133.8981170654297,135.73561096191406,128.8231964111328,128.8231964111328,388641464,BITCOIN_CASH,0.038503269070683466,0.03778051220647882,0.024023673755044543,0.04748962906493139,131.15838405064173,133.14896977742512,0.9850499351958119
2019-03-15,143.99362182617188,146.74159240722656,132.94459533691406,133.793701171875,363130165,BITCOIN_CASH,0.07539691357876976,0.07268981536772065,0.0335031485443455,0.049160623188335216,133.233149937221,133.84367701212565,0.9954385064088657
2019-03-16,157.5797882080078,160.69082641601562,143.979736328125,143.979736328125,648403250,BITCOIN_CASH,0.09435255679753007,0.09016291606702258,0.04391599841924226,0.051410249131121015,136.62803867885046,135.0413396199544,1.0117497283673391
2019-03-17,156.07899475097656,158.66891479492188,148.7069549560547,157.43992614746094,437535869,BITCOIN_CASH,-0.009524022554530776,-0.009569666095267408,0.0441837303802616,0.051507201971839826,139.94820731026786,136.17858861287434,1.027681434620458
2019-03-18,162.49417114257812,166.67469787597656,156.08529663085938,156.25888061523438,635931669,BITCOIN_CASH,0.04110211243887729,0.040279875541634404,0.040078470505461046,0.05182673116386474,144.56095450265067,137.51636377970377,1.0512272905516327
2019-03-19,162.4277801513672,163.18719482421875,157.80975341796875,162.59609985351562,430154285,BITCOIN_CASH,-0.0004085746014401703,-0.0004086580907844995,0.03860801560882446,0.05182580214442967,149.343745640346,138.77442169189453,1.0761619023130744
2019-03-20,160.53292846679688,162.33338928222656,156.58377075195312,162.33338928222656,394747561,BITCOIN_CASH,-0.011665810385418585,-0.01173438982967507,0.040472873178190316,0.044885883995904964,153.857914515904,139.3119878133138,1.104412598879018
2019-03-21,154.76693725585938,161.2923583984375,150.5597686767578,160.79156494140625,488749472,BITCOIN_CASH,-0.035917809922280775,-0.036578728589247746,0.047620162337935174,0.04544158967488674,156.83917454310827,139.69405975341797,1.122733313212846
2019-03-22,158.3407745361328,161.0851287841797,153.53639221191406,154.70596313476562,373689646,BITCOIN_CASH,0.023091736152697884,0.022829156607598468,0.04193582073457762,0.04525334497960554,158.8887677873884,140.03693135579428,1.1346204622528961
2019-03-23,167.4108123779297,170.051513671875,157.6968536376953,158.12655639648438,518279691,BITCOIN_CASH,0.05728175745235564,0.05570123470827445,0.0323792444197548,0.045699931467092066,160.29319981166296,140.85301971435547,1.1380174889876797
2019-03-24,165.9362335205078,167.09141540527344,164.04762268066406,167.09141540527344,400180522,BITCOIN_CASH,-0.008808145880643714,-0.008847166901784808,0.03231258602963171,0.04573077097585536,161.70137677873885,141.54706268310548,1.142385957812171
2019-03-25,161.61814880371094,166.70199584960938,158.65594482421875,166.10646057128906,462768947,BITCOIN_CASH,-0.026022554719872026,-0.026367132404307894,0.031275623561323095,0.045055019246620774,161.57623073032923,141.82579549153647,1.1392584132550936
2019-03-26,161.43804931640625,161.94464111328125,156.0052032470703,161.38687133789062,448350663,BITCOIN_CASH,-0.0011143518759357818,-0.001114973227633327,0.031275394427369985,0.032704131266231576,161.4348406110491,142.86480916341145,1.1299832446939184
2019-03-27,173.18057250976562,174.16873168945312,160.04661560058594,160.51272583007812,566792974,BITCOIN_CASH,0.07273702353987765,0.07021334837250101,0.04050694780131691,0.0341126906610345,163.24164690290178,144.1085464477539,1.1327686728287454
2019-03-28,169.45404052734375,173.09568786621094,167.25674438476562,173.09568786621094,545985641,BITCOIN_CASH,-0.021518187221674312,-0.021753079157450058,0.037919734116964574,0.03435854973403365,165.33980451311385,145.28158925374348,1.1380643986784686
2019-03-29,170.44998168945312,172.15611267089844,166.46087646484375,169.34713745117188,560103605,BITCOIN_CASH,0.005877352696990856,0.005860148437051056,0.03772493774116713,0.03417755696317781,167.06969124930245,146.5370127360026,1.1401194014394918
2019-03-30,168.58819580078125,177.7309112548828,167.37435913085938,170.30148315429688,581569997,BITCOIN_CASH,-0.01092276966074368,-0.010982861086441233,0.03246998598886398,0.03428137072455845,167.2378888811384,147.7503870646159,1.131894759828954
2019-03-31,168.9375457763672,169.03526306152344,167.38290405273438,168.6396484375,454369901,BITCOIN_CASH,0.0020722089937943444,0.0020700649301916975,0.03217899387184947,0.03429688719852088,167.6666477748326,148.94957885742187,1.1256604353029234
2019-04-01,167.6269989013672,169.31289672851562,167.08740234375,168.89907836914062,465814641,BITCOIN_CASH,-0.007757582063698587,-0.007787828631803902,0.030093970146183643,0.03435876577794433,168.52505493164062,150.11919555664062,1.1226083000694964
2019-04-02,236.13259887695312,240.1094512939453,167.47402954101562,167.62818908691406,1648897519,BITCOIN_CASH,0.40867879532875895,0.34265224051857013,0.1306237929083542,0.06998111393225924,179.1957048688616,153.60507202148438,1.1666001812999895
2019-04-03,298.3525390625,342.8700256347656,236.2952880859375,236.3955841064453,4237037516,BITCOIN_CASH,0.2634957667067781,0.23388229739077857,0.14749982177048032,0.07888116639724421,197.0774143763951,159.37940724690756,1.2365299744846365
2019-04-04,286.5676574707031,317.3706970214844,276.3335266113281,298.4674987792969,2803008785,BITCOIN_CASH,-0.039499853525054585,-0.040301144274895576,0.14973399167002735,0.07968017871700833,213.80793108258928,164.51470336914062,1.299628098303431
2019-04-05,292.6411437988281,299.7414855957031,282.5579833984375,286.63525390625,1697395926,BITCOIN_CASH,0.021193900183051673,0.020972433181934688,0.1486752310998918,0.07959677932637153,231.26381138392858,169.82714284261067,1.3617600079290921
2019-04-06,306.0740966796875,328.4366760253906,285.2847595214844,292.805419921875,2107781161,BITCOIN_CASH,0.04590247532005831,0.044880125464316606,0.1445953052346927,0.07939218282341884,250.90465436662947,175.6244099934896,1.4286434008571502
2019-04-07,319.5965270996094,326.1107177734375,300.1357727050781,305.79901123046875,2183906035,BITCOIN_CASH,0.04418025101311773,0.04323212878454553,0.1414542676006764,0.07890024140494871,272.4273659842355,181.96195220947266,1.4971666476221361
2019-04-08,310.1578369140625,326.91796875,297.363037109375,319.7650146484375,1918300729,BITCOIN_CASH,-0.02953314377726357,-0.029978028195047357,0.14425990747043047,0.0796551592165363,292.7889142717634,187.84002787272135,1.5587141760336325
2019-04-09,296.04364013671875,309.952880859375,294.8894958496094,309.952880859375,1312902759,BITCOIN_CASH,-0.04550649732979173,-0.046574442890096567,0.09696405180048058,0.08057264149801716,301.3476344517299,193.28022206624348,1.5591229730088378
2019-04-10,305.21990966796875,312.0942687988281,295.78680419921875,295.96942138671875,1476621660,BITCOIN_CASH,0.03099634069832491,0.030525655754348537,0.04056468729338894,0.08008876085535555,302.3286873953683,199.11405436197916,1.5183694007141768
2019-04-11,272.7096252441406,306.0687255859375,259.0150451660156,305.124755859375,1824110954,BITCOIN_CASH,-0.10651429803250445,-0.11262494678545924,0.05867446320228438,0.08389134098426525,300.3489685058594,203.90610046386718,1.4729768644616015
2019-04-12,282.8531494140625,287.0138854980469,260.67218017578125,272.6382751464844,1458454991,BITCOIN_CASH,0.037195328770816216,0.036520270980383546,0.06018817468772223,0.08378024569980382,298.95068359375,209.03674723307293,1.4301345938014638
2019-04-13,279.469482421875,286.4983215332031,274.1234130859375,282.676513671875,1142074597,BITCOIN_CASH,-0.011962627954459237,-0.012034755992627646,0.05605109277729553,0.08403582889719953,295.1500244140625,213.88912607828777,1.3799206618200477
2019-04-14,288.64715576171875,289.5429382324219,274.8579406738281,279.41033935546875,990830744,BITCOIN_CASH,0.032839626210025896,0.03231192756216742,0.05435169149110614,0.08355985025379667,290.7286856515067,218.71091054280598,1.3292829558889583
2019-04-15,314.1181640625,332.28253173828125,288.091552734375,288.69805908203125,2459286061,BITCOIN_CASH,0.08824271361193614,0.08456420591849223,0.06511029944302968,0.08341121378001383,291.29444667271207,223.9288564046224,1.3008347890026517
2019-04-16,318.3062744140625,324.8426818847656,305.7944641113281,314.1169128417969,1686596635,BITCOIN_CASH,0.013332913631601384,0.013244812570594127,0.06152819015337904,0.0832078338702219,294.4748229980469,229.33643239339193,1.284029841769405
2019-04-17,310.7999572753906,321.6910705566406,306.2799987792969,318.3139953613281,1373348879,BITCOIN_CASH,-0.023582058357126234,-0.023864565332203155,0.06198946575413425,0.08359181896577601,295.27197265625,234.27995859781902,1.2603381630399468
2019-04-18,306.9560241699219,314.36474609375,304.7366943359375,310.8728332519531,1203614370,BITCOIN_CASH,-0.01236786883488128,-0.012444987446265661,0.03780296699154216,0.08372995012345244,300.164315359933,239.09756673177083,1.2554051446983956
2019-04-19,306.8080749511719,310.08038330078125,293.58624267578125,306.9275817871094,1395000142,BITCOIN_CASH,-0.00048198832112866796,-0.00048210451483702714,0.037184089734378624,0.08360236296447868,303.5864475795201,243.97340494791666,1.244342380860445
2019-04-20,300.7532043457031,309.64678955078125,296.7630615234375,306.860107421875,1036399596,BITCOIN_CASH,-0.019735043174572198,-0.019932379751729148,0.03812901654562706,0.08325750296049339,306.6269792829241,248.83961385091146,1.2322273553544214
2019-04-21,290.4802551269531,303.3308410644531,281.8984375,300.8096923828125,1279142852,BITCOIN_CASH,-0.03415740570777648,-0.03475440391400264,0.040105279742432734,0.08390248092247778,306.8888506208147,253.2442632039388,1.2118294279925135
2019-04-22,292.81182861328125,295.8963623046875,287.55224609375,290.33642578125,1184945128,BITCOIN_CASH,0.008026616078635529,0.007994574140491423,0.017627369801401317,0.0836586730141492,303.84508841378346,257.42429707845054,1.1803279327638063
2019-04-23,291.17388916015625,308.4710388183594,290.62176513671875,292.7887878417969,1434551201,BITCOIN_CASH,-0.005593829528274363,-0.00560953358392497,0.014669857638976973,0.0836240778915752,299.96903337751115,261.59888559977213,1.1466755016550134
2019-04-24,278.9366149902344,291.8480529785156,270.558349609375,290.9646911621094,1554756186,BITCOIN_CASH,-0.04202737479386731,-0.042936076360954305,0.01838381050583806,0.08398621993078186,295.41712733677457,265.50950113932294,1.1126423953535205
2019-04-25,266.8520202636719,284.03472900390625,266.19122314453125,279.2098999023437,1229338671,BITCOIN_CASH,-0.04332380217271081,-0.04429029606054102,0.02123483389436631,0.0846953925341084,289.68798392159596,269.02330017089844,1.0768137322587679
2019-04-26,263.8792724609375,274.97723388671875,257.4903564453125,267.1888122558594,1345116972,BITCOIN_CASH,-0.011140061071289842,-0.011202576267283626,0.0199395159592974,0.08422638546751461,283.5552978515625,272.0465901692708,1.0423041791302394
2019-04-27,263.94091796875,266.5936584472656,261.0603942871094,264.086669921875,910703481,BITCOIN_CASH,0.00023361254272691312,0.0002335852595658965,0.021597187662255202,0.08399956039742247,278.29639979771207,275.19615275065104,1.0112655900748369
2019-04-28,255.4701232910156,267.5808410644531,251.61761474609372,264.1180419921875,1007833364,BITCOIN_CASH,-0.032093525865274586,-0.03261981400275975,0.0213455421735735,0.08443300181213155,273.2949523925781,278.0301574707031,0.9829687357616091
2019-04-29,236.61248779296875,255.55010986328125,232.91256713867188,255.55010986328125,1326738644,BITCOIN_CASH,-0.07381542410955588,-0.07668173818315012,0.027137095864393872,0.08592839960112161,265.26647513253346,280.2976338704427,0.9463742931741733
2019-04-30,267.7581481933594,268.2265930175781,236.3312225341797,237.56884765625,1761938029,BITCOIN_CASH,0.13163151569431308,0.12366041061800073,0.06475935930747513,0.08831256307773899,261.92136928013394,283.5916539510091,0.9235863102141266
2019-05-01,271.8164978027344,278.6528015136719,266.45867919921875,267.992919921875,1693067790,BITCOIN_CASH,0.015156773516540323,0.015043057233090067,0.0638409478779624,0.08820458809358038,260.90420968191967,287.06463724772135,0.9088692086332227
2019-05-02,270.1825866699219,280.1643981933594,268.0157165527344,271.9676208496094,1513870927,BITCOIN_CASH,-0.0060110815422185215,-0.006029220820522669,0.061376239843395776,0.06309027846231666,261.3800048828125,288.1996368408203,0.9069407850336018
2019-05-03,293.01348876953125,297.1560363769531,267.883544921875,270.1526184082031,2046668051,BITCOIN_CASH,0.0845017526148033,0.08112066734139611,0.06771568211120645,0.04838948373193846,265.5420357840402,288.02166849772135,0.9219515919377469
2019-05-04,291.4911499023437,311.6567687988281,275.3900146484375,292.8758544921875,2665107945,BITCOIN_CASH,-0.005195456610480265,-0.0052089999246761306,0.06794382730953145,0.047817493937220436,269.477783203125,288.1857849121094,0.935083537466326
2019-05-05,293.94744873046875,298.9096069335937,287.0489807128906,291.3450622558594,1995769808,BITCOIN_CASH,0.0084266669123505,0.008391360758200943,0.06493703171378733,0.047687362898973275,274.9745439801897,288.2293284098307,0.9540130613953548
2019-05-06,287.6644897460937,294.7187805175781,277.5103454589844,293.96209716796875,1766785841,BITCOIN_CASH,-0.0213744293801853,-0.021606170671010286,0.05361380694390857,0.047077869389044014,282.26768711635043,287.6156748453776,0.9814057848832395
2019-05-07,286.7349853515625,298.4431457519531,286.2244567871094,287.677978515625,1773389358,BITCOIN_CASH,-0.0032312100647237108,-0.0032364416966725643,0.03353664643244053,0.04629394738913225,284.9786638532366,286.5202901204427,0.9946194865761231
2019-05-08,286.2987670898437,287.2640686035156,276.65631103515625,286.5509033203125,1423796801,BITCOIN_CASH,-0.0015213290459967777,-0.001522487442046647,0.03368766184447592,0.04602594201141323,287.04755946568076,285.72498779296876,1.0046288274712267
2019-05-09,284.1862487792969,292.7216796875,278.4524841308594,286.4697570800781,1481835612,BITCOIN_CASH,-0.007378719552375457,-0.007406076961668863,0.03378313003962358,0.045287123041800305,289.04808262416293,285.329741414388,1.0130317337104187
2019-05-10,287.7300109863281,294.2432556152344,279.6122131347656,284.2007751464844,1807016333,BITCOIN_CASH,0.012469858137940326,0.01239274981512379,0.011092778637586509,0.04496672016809411,288.29330008370533,284.7467447916667,1.0124551214611197
2019-05-11,356.3663024902344,377.0111389160156,287.7264709472656,287.7896728515625,3587276404,BITCOIN_CASH,0.2385440825884777,0.21393656284511234,0.08242031076308508,0.055538924122836494,297.5611790248326,287.53530069986977,1.034868338950242
2019-05-12,354.0299377441406,375.38287353515625,336.1920166015625,356.2685241699219,4136205097,BITCOIN_CASH,-0.0065560765138779065,-0.006577661979205521,0.08322551674060687,0.05535744029195491,306.14439174107144,289.9078603108724,1.056005833759693
2019-05-13,384.4771423339844,401.3448486328125,347.1565856933594,354.0299377441406,3775372869,BITCOIN_CASH,0.086001779351915,0.08250285995599536,0.08248066466140196,0.05687805876615235,319.97477068219865,293.408115641276,1.0905450586561256
2019-05-14,388.95849609375,407.5784912109375,369.1272888183594,385.3665161132813,3490443261,BITCOIN_CASH,0.011655709186146668,0.011588304667212217,0.08132451773998876,0.056731343979427494,334.57812935965404,296.7518269856771,1.1274677994680136
2019-05-15,402.92724609375,407.7135620117188,373.6371765136719,389.1172180175781,3374131496,BITCOIN_CASH,0.035913214752437694,0.03528337078444805,0.07908294277871013,0.05518861058910064,351.23934064592635,299.7121297200521,1.1719223408608908
2019-05-16,398.7036437988281,443.6763000488281,387.5369873046875,402.4404602050781,4522945333,BITCOIN_CASH,-0.010482295093886873,-0.010537621319284174,0.07946194872804177,0.055285849595350926,367.5989685058594,302.3920420328776,1.2156370453224168
2019-05-17,364.8514404296875,409.99713134765625,340.83905029296875,398.68011474609375,3639603283,BITCOIN_CASH,-0.08490567842971919,-0.08872813533600651,0.09480324035206036,0.05776766449035163,378.61631556919644,304.1937581380208,1.2446551102386794
2019-05-18,357.6174621582031,370.369384765625,351.98956298828125,364.4520263671875,2276729590,BITCOIN_CASH,-0.01982718846598186,-0.020026384563271448,0.05261846539562687,0.057864673184547355,378.7950526646205,305.8824727376302,1.238367956406351
2019-05-19,421.4932861328125,428.8540344238281,356.85418701171875,357.3105163574219,3347689966,BITCOIN_CASH,0.17861494679013168,0.16433997515878457,0.08086219533289023,0.06473409843650943,388.4326738630022,309.70531311035154,1.254200872313092
2019-05-20,412.8111267089844,421.41986083984375,385.4222412109375,421.3832702636719,2932575975,BITCOIN_CASH,-0.020598571102962704,-0.020813680763547424,0.07797705867392639,0.06474862377892379,392.48038591657365,313.4405771891276,1.2521683996254065
2019-05-21,417.5504455566406,439.3836975097656,401.3130798339844,412.524169921875,2894337881,BITCOIN_CASH,0.011480598610408288,0.011415196631435445,0.07797655690351396,0.06418070749552729,396.564950125558,317.67625020345054,1.248330493298081
2019-05-22,392.5086364746094,422.9064636230469,387.70989990234375,417.3105773925781,2493471577,BITCOIN_CASH,-0.05997313462005238,-0.061846823935059726,0.0813253841869853,0.06558590340295992,395.07657732282365,320.9994771321615,1.230770158420424
2019-05-23,405.8406372070313,406.6329345703125,372.6341552734375,391.52349853515625,2544348455,BITCOIN_CASH,0.03396613346438904,0.033402022614054304,0.08240210055335699,0.06565721058055868,396.0961478097098,324.8217020670573,1.2194263661851583
2019-05-24,409.05120849609375,421.013427734375,396.4126586914063,405.9178771972656,2441092695,BITCOIN_CASH,0.007910916243275556,0.007879789000940253,0.07200349916360625,0.06486666945213866,402.410400390625,329.1588551839193,1.2225416210230042
2019-05-25,406.7406005859375,414.5563659667969,401.5787963867188,409.2114868164063,1812156961,BITCOIN_CASH,-0.0056487008525201166,-0.005664715098109485,0.0709922228846552,0.06407369635903383,409.42799159458707,333.8218078613281,1.2264866523180125
2019-05-26,432.8406982421875,436.3406982421875,394.6906433105469,406.5513000488281,2311867234,BITCOIN_CASH,0.06416890179797896,0.06219412061256195,0.03950887748834985,0.06447624640091774,411.0490504673549,339.4538553873698,1.2109128941790448
2019-05-27,443.79632568359375,456.25238037109375,427.11041259765625,432.9705505371094,2767017567,BITCOIN_CASH,0.025310991979031083,0.024995973380644486,0.038535268273869286,0.06441935658153342,415.4755074637277,345.44903564453125,1.2027114410336754
2019-05-28,434.9962158203125,443.7468872070313,429.76763916015625,443.0087890625,1995254776,BITCOIN_CASH,-0.019829163411225093,-0.0200283994602464,0.040186238035475226,0.06412309034439548,417.96776035853793,351.43323872884116,1.1893233601646698
2019-05-29,454.1231384277344,462.7779235839844,422.6376953125,435.0120849609375,2493988249,BITCOIN_CASH,0.04397031953795838,0.04303105949497679,0.028630913662993415,0.061724517111293876,426.7698320661272,358.68359375,1.1898225608935513
2019-05-30,424.623291015625,478.5259094238281,414.1459045410156,454.4505310058594,2988845095,BITCOIN_CASH,-0.06496001836471887,-0.0671659895004276,0.042931656903691995,0.06068204217677863,429.4530683244978,363.9124318440755,1.1801000206239294
2019-05-31,445.0699462890625,445.1076965332031,417.6964416503906,424.623291015625,2239642925,BITCOIN_CASH,0.04815245820485403,0.04702905070464363,0.045613226679260856,0.060956469273058984,434.5986022949219,369.6875467936198,1.1755835598582904
2019-06-01,434.4601440429688,448.5997314453125,432.1846618652344,445.0295715332031,1774830914,BITCOIN_CASH,-0.02383850523846176,-0.024127240312824986,0.04731085516903418,0.061275197457169785,438.5585370744978,375.16346537272136,1.1689798649204661
2019-06-02,443.77154541015625,449.7621154785156,434.2744140625,434.72021484375,1645915863,BITCOIN_CASH,0.021432118676153022,0.021205680474372882,0.04191967576833415,0.06003781444207698,440.1200866699219,380.18873392740886,1.157635793473975
2019-06-03,408.6597900390625,446.747314453125,403.6966552734375,443.72607421875,2062149881,BITCOIN_CASH,-0.07912124094987139,-0.08242689194581465,0.05136453598517366,0.06248772915254431,435.10058157784596,384.0943552652995,1.132796084121871
2019-06-04,382.66015625,408.2131042480469,368.95111083984375,408.2131042480469,2279486006,BITCOIN_CASH,-0.06362170789197852,-0.06573572591941988,0.05533884919224517,0.06405118829590363,427.6240016392299,387.05144551595055,1.104824711529484
2019-06-05,398.3830871582031,411.6891174316406,382.5960998535156,382.6524658203125,2659571174,BITCOIN_CASH,0.04108849759087807,0.04026679811449221,0.054835720785729104,0.06403478281809888,419.66113717215404,390.7420654296875,1.0740106435959618
2019-06-06,396.9295349121094,402.9980773925781,373.9526062011719,398.0715026855469,1857674526,BITCOIN_CASH,-0.0036486294045824375,-0.0036553018880725536,0.050569893002497195,0.06403800658416611,415.7048863002232,394.41521708170575,1.0539778089092013
2019-06-07,401.4337768554688,410.48626708984375,392.3882751464844,397.0394287109375,1571977471,BITCOIN_CASH,0.011347711740212985,0.0112838094348983,0.045438875877545234,0.06399542579866851,409.4711478097098,398.2530507405599,1.028168263992679
2019-06-08,394.2401123046875,405.1043701171875,387.5859680175781,401.5602111816406,1393738910,BITCOIN_CASH,-0.017919928430365495,-0.01808243467520373,0.04528795940819416,0.06413238593077329,403.72542898995533,401.9215128580729,1.004488229851283
2019-06-09,381.1663513183594,396.5028076171875,373.6350708007813,394.1517028808594,1326212608,BITCOIN_CASH,-0.033161924873398196,-0.033724248298369536,0.04289132089190938,0.06464629040452785,394.7818298339844,405.0360575358073,0.9746831732359621
2019-06-10,394.5821533203125,399.1193237304688,375.7814331054688,381.0634460449219,1537080110,BITCOIN_CASH,0.03519671124051538,0.03459146782795664,0.037790207058499344,0.052164522980658386,392.77073887416293,406.30991923014324,0.9666777016381148
2019-06-11,387.9107360839844,397.0223388671875,380.786865234375,394.7748107910156,1316065000,BITCOIN_CASH,-0.016907549366310115,-0.017052113782584255,0.02794999265688907,0.052268528257161564,393.5208217075893,407.4392791748047,0.9658391859140218
2019-06-12,396.3805236816406,399.8657836914063,385.7334899902344,388.1059265136719,1470454427,BITCOIN_CASH,0.021834372730076934,0.021599416740114508,0.02434213098742958,0.05021856503650914,393.2347412109375,407.8360585530599,0.964198071661624
2019-06-13,411.9417114257813,423.4293518066406,395.5025634765625,396.3233337402344,2044418533,BITCOIN_CASH,0.03925820471602903,0.03850719396287027,0.028376727262540508,0.05065259199486368,395.3793378557478,408.6021657307943,0.967638869824889
2019-06-14,421.2868957519531,422.2000732421875,402.3648986816406,411.8916320800781,1793749535,BITCOIN_CASH,0.022685695735513045,0.022432201967091146,0.029072637426835836,0.05041443231428984,398.2154976981027,409.2141540527344,0.9731224928421848
2019-06-15,422.8269348144531,425.5900268554688,413.14654541015625,421.6842041015625,1566387915,BITCOIN_CASH,0.0036555589030395907,0.0036488935862927716,0.027050784994597264,0.05036427901056378,402.29932948521207,410.0182637532552,0.9811741696640901
2019-06-16,428.3208923339844,440.4988098144531,418.9837646484375,422.8259887695313,1904693125,BITCOIN_CASH,0.012993395328379842,0.012909705332537253,0.01904561958182733,0.047383923324777,409.0356924874442,412.1339121500651,0.9924824927741137
2019-06-17,432.5172119140625,438.6004333496094,427.0601196289063,428.2647705078125,1454079245,BITCOIN_CASH,0.00979713961000539,0.009749458808447898,0.017390562657150065,0.047145381868905725,414.4549865722656,414.6305704752604,0.9995765292877621
2019-06-18,413.9409484863281,432.3377685546875,405.3097229003906,432.023681640625,1622477887,BITCOIN_CASH,-0.042949188878581124,-0.04389879476786676,0.02598738802063227,0.037403596759691765,418.17358834402904,414.3788258870443,1.0091577132322374
2019-06-19,416.9108276367188,420.2483520507813,410.7271728515625,413.9334716796875,1297224300,BITCOIN_CASH,0.007174644502436323,0.007149029188109808,0.0254131175577664,0.037230587797632796,421.1064889090402,414.51548258463544,1.0159005069806024
2019-06-20,413.5577392578125,417.3164367675781,406.5605773925781,416.8121643066406,1314360146,BITCOIN_CASH,-0.008042699197604142,-0.008075216169636185,0.02167741739857949,0.03720051156300096,421.3373500279018,414.38239237467445,1.016783912109226
2019-06-21,439.4546203613281,441.1614685058594,413.1700439453125,413.6042785644531,1846131599,BITCOIN_CASH,0.06261974724494634,0.060737318755257536,0.030964546913863442,0.03694081069265376,423.9327392578125,415.9472585042318,1.0191983012036114
2019-06-22,480.1722412109375,522.09130859375,437.84326171875,439.69427490234375,3606842274,BITCOIN_CASH,0.09265489304932228,0.08861041647283033,0.0438467284162601,0.03973740470420395,432.1249258858817,418.4249786376953,1.0327417050788663
2019-06-23,475.0171813964844,496.9180603027344,472.20159912109375,479.4392700195313,2313225132,BITCOIN_CASH,-0.010735855536864625,-0.010793900650375046,0.04521454377387694,0.03984666605835119,438.7958243233817,420.62384440104165,1.0432024483733595
2019-06-24,476.2541198730469,476.6675720214844,464.7994079589844,475.33697509765625,1857691004,BITCOIN_CASH,0.002603986813542347,0.0026006023140679297,0.04542741044606689,0.039799047172427465,445.043954031808,422.940961710612,1.0522602309121327
2019-06-25,479.8144226074219,483.9273071289063,466.3026428222656,476.7152099609375,2225951702,BITCOIN_CASH,0.007475636610396297,0.00744783252189058,0.038123541292634705,0.03832630321450574,454.45445033482144,424.5067525227865,1.0705470469764258
2019-06-26,485.5693054199219,514.716064453125,465.767578125,479.7911682128906,3541460266,BITCOIN_CASH,0.011993976298642073,0.01192261857348985,0.03787435029192276,0.03814659079944439,464.26280430385043,425.89918518066406,1.090076761022477
2019-06-27,413.27044677734375,490.6845397949219,392.8160095214844,485.8734130859375,3097101870,BITCOIN_CASH,-0.14889503482938204,-0.16121981468869998,0.0794286660289984,0.04841367638149829,464.22176252092635,425.17499287923175,1.0918369384268694
2019-06-28,436.79681396484375,439.6204528808594,401.4993286132813,413.6177062988281,2663786738,BITCOIN_CASH,0.056927291489040854,0.055365916905322506,0.07876616509787662,0.048857078924823306,463.84207589285717,424.5974487304687,1.0924278449616889
2019-06-29,442.7227478027344,443.6170959472656,415.3876037597656,437.1239929199219,2131966116,BITCOIN_CASH,0.013566797303534273,0.013475592289698258,0.06906247016713755,0.047301707774790654,458.49214826311385,425.2007639567057,1.0782956831888428
2019-06-30,399.4703674316406,447.300537109375,399.4703674316406,441.958984375,1933402678,BITCOIN_CASH,-0.09769631351846841,-0.10280413434054188,0.07716416575758453,0.05014175417715073,447.69974626813615,423.68077799479164,1.0566911918615287
2019-07-01,416.6455383300781,418.5740356445313,390.7604675292969,399.83349609375,2170629296,BITCOIN_CASH,0.042994855936032916,0.04209624401800993,0.08085268120444916,0.050662054610892675,439.1842346191406,423.086957804362,1.038047206414295
2019-07-02,407.8871765136719,421.1091003417969,382.8271789550781,416.5179748535156,2148449372,BITCOIN_CASH,-0.02102113429921726,-0.021245224324293023,0.08000521730380915,0.050601822532829466,428.9089137486049,421.89081217447915,1.016634876540576
2019-07-03,422.6094055175781,422.7281494140625,407.3345336914063,407.9101867675781,1887674266,BITCOIN_CASH,0.03609387559016031,0.03545775323615149,0.08219192245507569,0.048749283127824554,419.9146423339844,422.3557993570964,0.9942201408697883
2019-07-04,401.6905822753906,423.8468933105469,400.4584655761719,422.8126831054688,1721585714,BITCOIN_CASH,-0.049499189959030354,-0.05076626482785154,0.05738495658791168,0.048113854562561974,418.2603759765625,422.990146891276,0.988818248014819
2019-07-05,400.514404296875,408.0817565917969,393.67578125,401.6357727050781,1725160159,BITCOIN_CASH,-0.0029280695899145393,-0.0029323647721202052,0.0512225574898921,0.047560525049479246,413.0771745954241,423.0611907958984,0.9764005386982163
2019-07-06,405.4663391113281,416.2275695800781,399.2803039550781,400.2335815429688,1471000137,BITCOIN_CASH,0.012363936880488868,0.012288127640396496,0.05112449835337041,0.04760527182147808,407.7548304966518,423.3457509358724,0.9631721343493954
2019-07-07,411.8096923828125,415.069091796875,400.75726318359375,405.58441162109375,1334925076,BITCOIN_CASH,0.015644586639145697,0.01552347165624189,0.03247122435723438,0.047644023216714425,409.51759120396207,423.6916147867839,0.9665463674801432
2019-07-08,418.6341857910156,420.7862243652344,406.4800109863281,412.1225280761719,1397264412,BITCOIN_CASH,0.016571959170546213,0.016436142697805224,0.028732409796441104,0.0475878010203437,409.8016836983817,424.50475056966144,0.9653641876762296
2019-07-09,416.0784301757813,428.3600463867188,412.43853759765625,418.7865295410156,1624612090,BITCOIN_CASH,-0.006104985455034351,-0.006123697073715009,0.027344134591196455,0.04713797656745519,410.97186279296875,425.6684865315755,0.9654740150995026
2019-07-10,390.2427368164063,421.5337524414063,383.675048828125,416.0917663574219,1946693493,BITCOIN_CASH,-0.06209332540612633,-0.06410482896215436,0.032883358256819414,0.048281670912199266,406.3480529785156,425.5238393147786,0.9549360469036429
2019-07-11,345.8841552734375,390.4401550292969,325.7391967773437,390.2940368652344,2535121897,BITCOIN_CASH,-0.11366920472330988,-0.12066503995774645,0.05193179649825372,0.052992357604366803,398.3757062639509,424.1229532877604,0.939292964872051
2019-07-12,354.459716796875,359.7796630859375,339.87554931640625,346.551513671875,1671307825,BITCOIN_CASH,0.024793160925969948,0.02449079800861278,0.05452401603344664,0.053042792935227824,391.7964651925223,422.7255930582682,0.9268340304593703
2019-07-13,344.9531555175781,354.84600830078125,334.47955322265625,354.56787109375,1496154286,BITCOIN_CASH,-0.02681986366519795,-0.02718607895225582,0.05295436148906469,0.05259325964672722,383.1517246791295,420.4926411946615,0.9111972176030412
2019-07-14,282.84356689453125,346.3674621582031,281.2030944824219,344.9698486328125,1688007280,BITCOIN_CASH,-0.18005224080311943,-0.19851464904978508,0.08120265174736885,0.06293920059715101,364.72799246651783,415.87786356608075,0.877007468825194
2019-07-15,314.74249267578125,322.2755126953125,258.64898681640625,283.3017883300781,2464005425,BITCOIN_CASH,0.11277939297500339,0.10686084328076144,0.0993728917736793,0.0666103515206116,349.8863220214844,412.275048828125,0.8486720770903355
2019-07-16,281.707763671875,317.3022766113281,273.0263671875,314.8609313964844,2120520439,BITCOIN_CASH,-0.10495795697321231,-0.11088458636166873,0.10116166445932016,0.0689459525772539,330.69051252092635,407.387944539388,0.8117336729117515
2019-07-17,291.5433044433594,304.0939025878906,275.5740661621094,281.2003173828125,2288443142,BITCOIN_CASH,0.034913985483696175,0.03431831745099906,0.10650022572692329,0.06938191531926131,316.59059361049106,402.6888142903646,0.7861916754961285
2019-07-18,315.0873718261719,321.3488464355469,286.13916015625,291.3812866210937,1844896871,BITCOIN_CASH,0.08075667327625635,0.07766141921807118,0.10834227717176423,0.07105359300864794,312.19105311802457,399.39369506835936,0.7816624472867321
2019-07-19,308.02764892578125,316.3939514160156,298.4599609375,314.7805480957031,1455314291,BITCOIN_CASH,-0.022405604069354323,-0.02266042305807232,0.1070576854371735,0.07102701404305882,305.55790056501115,395.7642557779948,0.7720704841430016
2019-07-20,324.2044372558594,337.2783508300781,306.1141967773437,308.3831481933594,1715437159,BITCOIN_CASH,0.05251732559233968,0.051184747809306555,0.11023865184696063,0.07190359310173781,302.5937979561942,392.7858123779297,0.7703786349213785
2019-07-21,320.8646850585937,330.4670104980469,312.7406005859375,324.3898010253906,1359692581,BITCOIN_CASH,-0.010301377197468709,-0.010354803610689878,0.07290604527449257,0.0707179215182049,308.02538626534596,388.8328145345052,0.7921795042789828
2019-07-22,310.5919189453125,323.6246337890625,303.041015625,320.9971618652344,1297124990,BITCOIN_CASH,-0.03201588268090416,-0.03253959956837506,0.0629532634882587,0.06828117598646546,307.4324471609933,383.180137125651,0.8023183285729166
2019-07-23,298.584228515625,314.3080139160156,294.3013610839844,310.7181091308594,1465679636,BITCOIN_CASH,-0.038660665964724505,-0.03942782720322897,0.04578833154329392,0.06842723614905309,309.84337071010043,377.2990386962891,0.8212143126065905
2019-07-24,302.8515930175781,305.8147888183594,284.7323913574219,298.1366882324219,1507512759,BITCOIN_CASH,0.01429199567293904,0.014190827889762553,0.04449676718438878,0.06856539961884846,311.4588405064174,371.5189544677734,0.8383390315915475
2019-07-25,302.949462890625,310.6256103515625,296.8819274902344,302.9039001464844,1270702881,BITCOIN_CASH,0.0003231611631020481,0.00032310895778023155,0.031184923641871615,0.06849694696798532,309.724853515625,365.6234558105469,0.847114288193024
2019-07-26,316.0414733886719,319.0316162109375,296.6938781738281,302.7908935546875,1485022992,BITCOIN_CASH,0.043215163259007205,0.04230744741725181,0.0347314603373382,0.06913544457762516,310.8696855817522,359.9725280761719,0.8635928059375984
2019-07-27,306.6438293457031,321.7006530761719,302.54541015625,316.42779541015625,1529445657,BITCOIN_CASH,-0.02973547725304837,-0.030186540798811508,0.02938315915667457,0.06343884539820835,308.3610273088728,356.4183074951172,0.865166072629693
2019-07-28,310.4573974609375,311.2914123535156,299.0032653808594,306.4976501464844,1304270432,BITCOIN_CASH,0.012436474340186576,0.012359776637825342,0.030313526641298338,0.0623892881728681,306.87427193777904,352.2069936116537,0.8712895470671463
2019-07-29,307.9170227050781,312.6158447265625,305.7744445800781,310.2025756835937,1319630375,BITCOIN_CASH,-0.008182683925832435,-0.00821634583957928,0.027888974821892492,0.06221674229658061,306.4921439034598,347.7134694417318,0.8814503056080787
2019-07-30,315.9266052246094,320.2572021484375,305.2937316894531,307.91485595703125,1376384681,BITCOIN_CASH,0.026012145899458217,0.025679584787141677,0.023547785273154393,0.060145664274116495,308.9696262904576,344.9286773681641,0.8957493144609571
2019-07-31,326.5702819824219,329.2997436523437,315.8302917480469,315.8302917480469,1647491046,BITCOIN_CASH,0.033690346370940594,0.03313525964082978,0.025386005364154043,0.05991100713766944,312.3580104282924,341.92616882324216,0.9135247281695045
2019-08-01,328.7590637207031,329.052734375,320.07275390625,326.5872802734375,1485593980,BITCOIN_CASH,0.006702329817013464,0.006679969061691455,0.02506156186124298,0.059916980147731794,316.0450962611607,339.28856506347654,0.9314935096678921
2019-08-02,326.8239440917969,331.4440612792969,322.76666259765625,328.7235717773437,1521358677,BITCOIN_CASH,-0.005886133166963403,-0.005903524728405027,0.021631677621577285,0.059375248829114456,317.58544921875,336.09571634928386,0.9449256083011267
2019-08-03,332.7454528808594,339.6249389648437,325.4042358398437,326.6521911621094,1507071290,BITCOIN_CASH,0.018118344436230505,0.017956163273596892,0.015417594974324898,0.059015642634984454,321.3142525809152,333.79754536946615,0.9626022031566058
2019-08-04,333.6734619140625,337.4638671875,329.0722961425781,333.0604858398437,1364528841,BITCOIN_CASH,0.0027889457997654077,0.0027850639063469905,0.015766978547842737,0.05903604358019951,324.6308332170759,331.56951395670575,0.9790732246254225
2019-08-05,346.759033203125,350.8248596191406,333.58184814453125,333.69158935546875,1791977352,BITCOIN_CASH,0.03921669770799063,0.03846725409350211,0.016485206532624887,0.05950859972676061,330.17969185965404,329.61260375976565,1.0017204684936796
2019-08-06,333.5768737792969,352.3037109375,330.5421447753906,346.8072204589844,1617493636,BITCOIN_CASH,-0.03801533099818699,-0.038756765031971306,0.026035931981848375,0.059681290610274974,332.70115879603793,327.0048431396484,1.017419667555067
2019-08-07,339.6052551269531,342.2203674316406,331.1510314941406,333.79150390625,1226299625,BITCOIN_CASH,0.01807194029777004,0.017910583900375827,0.024129597959383107,0.059701879074129834,334.5632978166853,324.37054545084635,1.031423174849837
2019-08-08,333.7297058105469,339.7862548828125,326.4242858886719,339.6397705078125,1206905812,BITCOIN_CASH,-0.017301114242798787,-0.017452527472950428,0.02562569852435273,0.05973213768574357,335.2733895438058,321.62558797200523,1.0424338177128758
2019-08-09,316.6208190917969,334.5715637207031,312.111572265625,333.6815795898437,1311332080,BITCOIN_CASH,-0.05126569921966262,-0.05262649767630648,0.03307369953906212,0.05939186384085875,333.81580025809154,319.17152404785156,1.0458821514667593
2019-08-10,315.9898986816406,323.13629150390625,307.3421325683594,316.6864929199219,1236137481,BITCOIN_CASH,-0.001992668744796977,-0.001994656750557197,0.03164152736904202,0.05537424295354554,331.4221496582031,318.175048828125,1.0416346312473863
2019-08-11,336.1965026855469,340.1868896484375,315.7061767578125,315.8900451660156,1216405504,BITCOIN_CASH,0.06394699352166433,0.061985571559752414,0.04126101407544717,0.0564295102893678,331.7825840541295,317.56627502441404,1.0447664319160543
2019-08-12,330.228515625,338.0924072265625,329.3276062011719,336.1593017578125,1150597729,BITCOIN_CASH,-0.017751484661126526,-0.017910932034785575,0.03812953688069723,0.056310702101177,329.42108154296875,317.07545369466146,1.0389359305630639
2019-08-13,343.6807556152344,348.50152587890625,328.3232727050781,330.2460632324219,1551260140,BITCOIN_CASH,0.04073615497672667,0.039928304075543174,0.03879215199320008,0.04272625254625841,330.864493233817,319.1033599853516,1.0368568141965202
2019-08-14,311.4959411621094,353.7008056640625,310.70635986328125,343.523193359375,1915331290,BITCOIN_CASH,-0.09364741530409493,-0.09832688231371253,0.053909200400865775,0.042528266592926085,326.848876953125,318.9951416015625,1.0246202350046199
2019-08-15,314.5760803222656,320.9156188964844,282.0447082519531,312.1693725585937,2284229901,BITCOIN_CASH,0.009888216034741992,0.009839647534670813,0.05446212534466046,0.037069373387058284,324.1126447405134,320.09075215657555,1.012564850926935
2019-08-16,310.4493408203125,316.1533203125,301.3765869140625,314.8009338378906,1466483371,BITCOIN_CASH,-0.013118414781332133,-0.01320522119533674,0.051064143725718,0.03672873340934531,323.2310049874442,320.7209533691406,1.0078262788630918
2019-08-17,307.2769775390625,312.8258056640625,301.6807861328125,310.5753173828125,969169195,BITCOIN_CASH,-0.010218618190225626,-0.010271186694026444,0.05113782978898061,0.033889166299724674,321.9863019670759,320.4606068929036,1.0047609442201493
2019-08-18,316.5096130371094,322.9688415527344,303.26007080078125,307.2922058105469,1132352694,BITCOIN_CASH,0.030046622991379834,0.02960406625728798,0.04530668177302533,0.03407147809818245,319.17388916015625,320.7433390299479,0.9951068356570139
2019-08-19,325.6063842773437,326.88427734375,313.9674072265625,316.7306213378906,1194487698,BITCOIN_CASH,0.02874090032509624,0.028335627599520165,0.04706389929844843,0.0331517451290007,318.51358468191967,320.7900705973307,0.992903502558006
2019-08-20,316.2458190917969,325.7250061035156,314.12890625,325.4493713378906,1115713726,BITCOIN_CASH,-0.028748100889734785,-0.029169421976307112,0.043943712959329084,0.03353297593503599,314.5943080357143,320.6361083984375,0.9811568310478139
2019-08-21,302.9868469238281,316.2823486328125,293.931640625,316.2823486328125,1452981238,BITCOIN_CASH,-0.04192615796802068,-0.04283042461641527,0.027784031266135656,0.03392257711241432,313.37872314453125,320.3826059977213,0.9781390040468055
2019-08-22,311.3270263671875,312.870361328125,295.5855407714844,303.08331298828125,1476522149,BITCOIN_CASH,0.027526539610665424,0.02715449635946574,0.029906667643861427,0.03348523919999024,312.9145725795201,320.8073659261068,0.975397094378423
2019-08-23,316.826416015625,317.5774230957031,305.7255859375,311.3226318359375,1442794558,BITCOIN_CASH,0.017664350289818387,0.017510148917433743,0.030152431944617142,0.03353443238573252,313.8255833217076,321.273193359375,0.9768184517363808
2019-08-24,307.6453857421875,316.2749328613281,302.4416809082031,316.1391296386719,1374366115,BITCOIN_CASH,-0.02897810854567351,-0.029406265677881287,0.03233446129555342,0.03400646885270755,313.87821306501115,321.4297241210937,0.9765064942990846
2019-08-25,305.6019592285156,310.7371826171875,302.548095703125,307.5867919921875,1156287354,BITCOIN_CASH,-0.0066421490728428845,-0.006664306313962312,0.029624369220080254,0.03309418520201118,312.3199768066406,321.0817403157552,0.9727117353341297
2019-08-26,311.12164306640625,315.08941650390625,304.6582336425781,305.3158874511719,1400335086,BITCOIN_CASH,0.01806167686825355,0.017900502607645283,0.027877778932342126,0.032801036857069706,310.25072806222096,321.231000773112,0.9658181411991227
2019-08-27,308.0404663085937,312.4962158203125,304.2499694824219,311.16070556640625,1281645070,BITCOIN_CASH,-0.009903447177266655,-0.009952812505286701,0.02616714701637946,0.032775409388818844,309.0785348074777,321.1504364013672,0.9624104462408318
2019-08-28,292.192138671875,309.4792785644531,290.400634765625,308.0231628417969,1471533020,BITCOIN_CASH,-0.051448849648350725,-0.05281956343680945,0.028793792518711118,0.03413231836665007,307.5364336286272,320.6262736002604,0.9591741505627425
2019-08-29,280.7397155761719,292.247314453125,277.6694641113281,292.247314453125,1515300753,BITCOIN_CASH,-0.03919483647903321,-0.03998363404162142,0.02737393564601712,0.034417067718858524,303.1668178013393,319.45337727864586,0.9490174133826718
2019-08-30,279.8702697753906,283.956298828125,272.8811340332031,280.7578430175781,1333960561,BITCOIN_CASH,-0.0030969818395549797,-0.003101787412224657,0.024253135358813106,0.03369955696527681,297.88736833844865,317.89671020507814,0.9370570967729699
2019-08-31,279.93951416015625,283.94793701171875,273.7160949707031,279.65252685546875,1188670880,BITCOIN_CASH,0.0002474160074994458,0.000247385405206623,0.024460249802741016,0.033642146183635174,293.9293866838728,316.26939188639324,0.9293639986175293
2019-09-01,282.3291015625,283.573974609375,276.0785217285156,279.9925537109375,1053837321,BITCOIN_CASH,0.008536084694984014,0.00849985833224256,0.0257995307955829,0.03373674172319346,290.6046927315848,314.78623046875,0.9231810816465628
2019-09-02,294.0758972167969,295.5244445800781,280.58612060546875,282.33447265625,1306503215,BITCOIN_CASH,0.04160674754846849,0.040764470512310864,0.03103163235919204,0.034517048500979704,288.1695861816406,313.4972452799479,0.9192093089185199
2019-09-03,300.85986328125,305.47174072265625,293.4696960449219,294.0219116210937,1542378009,BITCOIN_CASH,0.023068759217121038,0.02280669802174481,0.03309818594943432,0.03484710309494203,287.14378574916293,312.40345865885416,0.9191440676805217
2019-09-04,295.3045654296875,301.9755554199219,294.1089172363281,300.9982604980469,1054125848,BITCOIN_CASH,-0.018464735677850452,-0.018637336902240093,0.026438042212884143,0.03402845101549373,287.58841814313615,310.6883097330729,0.9256493055378139
2019-09-05,292.8959655761719,296.2703857421875,286.78765869140625,295.3174133300781,1221460127,BITCOIN_CASH,-0.008156324471350285,-0.008189769267679862,0.020089566758984143,0.03344645070333813,289.3250252859933,309.3322794596354,0.9353211562382295
2019-09-06,287.451904296875,301.0353088378906,284.3705444335937,292.9197082519531,1449262693,BITCOIN_CASH,-0.018587013544510755,-0.018761922832378625,0.02205509394511011,0.03327508830170251,290.40811593191967,307.5938344319662,0.9441285338772041
2019-09-07,301.1543884277344,305.1664428710937,285.67449951171875,287.739013671875,1487255622,BITCOIN_CASH,0.047668788851395805,0.04656749477498209,0.027162415051761587,0.03451567987575745,293.4388122558594,306.50799051920575,0.9573610520195314
2019-09-08,307.00982666015625,309.7891845703125,300.3133850097656,301.30731201171875,1362441598,BITCOIN_CASH,0.019443310333254304,0.019256704124154225,0.02733835727145551,0.03346117949830952,296.9646301269531,306.1876241048177,0.9698779661495813
2019-09-09,305.4250793457031,310.72369384765625,299.2454833984375,307.8078308105469,1519465939,BITCOIN_CASH,-0.0051618781447257955,-0.005175246661998156,0.02465722723062937,0.03346938727012234,298.58594185965404,305.83546346028646,0.9762960072759064
2019-09-10,304.1336669921875,310.64581298828125,301.0289611816406,305.1528015136719,1274746653,BITCOIN_CASH,-0.004228245945886777,-0.004237210255570667,0.023571836059638245,0.0312747707695842,299.05362810407365,304.76670227050784,0.9812542704833833
2019-09-11,299.8147888183594,306.6543884277344,294.45184326171875,304.2366638183594,1353292059,BITCOIN_CASH,-0.014200592182183724,-0.014302385423338443,0.023003287941840485,0.03122369897632169,299.6979457310268,303.75291137695314,0.9866504468136794
2019-09-12,300.4209899902344,302.68408203125,295.9144592285156,299.6238098144531,1167888639,BITCOIN_CASH,0.0020219188461789717,0.0020198775194036306,0.022556627239356208,0.030166429173796958,300.77294921875,302.3109191894531,0.9949126218304432
2019-09-13,298.25701904296875,301.0611267089844,295.8242492675781,300.4583435058594,1172902982,BITCOIN_CASH,-0.007203128341118803,-0.007229196125228276,0.021017741110393513,0.024434898936962428,302.3165370396205,301.8696217854818,1.0014804909864574
2019-09-14,304.6925964355469,307.7929382324219,297.2742614746094,298.424560546875,1269683634,BITCOIN_CASH,0.02157728731155517,0.021347793021893227,0.013617974786744537,0.024707028026487905,302.8219953264509,301.54017232259116,1.0042509195175775
2019-09-15,304.2327880859375,307.8362121582031,303.3144836425781,304.60302734375,1205048956,BITCOIN_CASH,-0.001509089341153902,-0.001510229163347035,0.011194123609512082,0.02460089188106544,302.42527553013394,301.33295389811195,1.0036249657327267
2019-09-16,307.5263366699219,309.67681884765625,302.870849609375,304.2558898925781,1263976388,BITCOIN_CASH,0.010825751572358655,0.010767572634331075,0.011874957145595427,0.024617748337827018,302.7254551478795,301.3412658691406,1.0045934275703878
2019-09-17,319.5008239746094,326.83282470703125,306.1122436523437,307.52606201171875,1622782817,BITCOIN_CASH,0.0389380871711813,0.038199121478447874,0.018013485641690336,0.02502055520209595,304.92076328822543,301.44097290039065,1.0115438533599235
2019-09-18,324.7208557128906,332.8913269042969,319.39166259765625,319.39166259765625,1773994497,BITCOIN_CASH,0.016338085371248035,0.016206054995737056,0.01550460840067718,0.02464733863302588,308.47877284458707,301.4114552815755,1.023447408647456
2019-09-19,323.70281982421875,324.63232421875,309.92254638671875,324.63232421875,1818328805,BITCOIN_CASH,-0.0031351108829671404,-0.0031400356388889884,0.016134751136458635,0.024039044301301802,311.80474853515625,301.66002197265624,1.0336296685790853
2019-09-20,315.3677673339844,325.0715026855469,312.2625427246094,323.8241882324219,1569334925,BITCOIN_CASH,-0.025749088298830936,-0.026086398965789594,0.02058142401974458,0.023170349358444364,314.24914114815846,302.0727193196615,1.0403095713373955
2019-09-21,312.47735595703125,318.1009521484375,311.16412353515625,315.7370300292969,1448816845,BITCOIN_CASH,-0.009165208611481512,-0.009207467542050948,0.020511142666932936,0.0227198166052043,315.3612496512277,302.11106363932294,1.043858658641259
2019-09-22,308.3019104003906,312.6797790527344,304.2052917480469,312.2294921875,1324458033,BITCOIN_CASH,-0.01336239403284889,-0.013452474177572105,0.021481146898420133,0.022605715218270633,315.9425528390067,301.82691345214846,1.046767331731324
2019-09-23,293.0653686523437,308.4659423828125,293.0653686523437,308.21795654296875,1433579087,BITCOIN_CASH,-0.04942084766279675,-0.05068384609973035,0.028622129185463186,0.023831213978959955,313.876700265067,301.340912882487,1.0416000179420328
2019-09-24,222.35073852539065,294.0632629394531,216.0619201660156,293.12017822265625,2916790532,BITCOIN_CASH,-0.24129302773689398,-0.27613964693062204,0.10105112826894014,0.05551817439790142,299.9981166294643,298.5658721923828,1.00479708021069
2019-09-25,229.4131622314453,235.1395721435547,219.0283050537109,222.25372314453125,2601638827,BITCOIN_CASH,0.03176253765960935,0.03126854141545083,0.10288400997246097,0.05580771381221221,286.38273184640065,295.8422561645508,0.9680251075664841
2019-09-26,216.20069885253903,229.2652130126953,208.16807556152344,229.2652130126953,2113715407,BITCOIN_CASH,-0.057592438247186406,-0.05931744218575254,0.10082319587774788,0.05652468845847374,271.02528599330356,292.7809305826823,0.9256930957010028
2019-09-27,222.55860900878903,223.96987915039065,211.4273834228516,216.02035522460935,1903875542,BITCOIN_CASH,0.029407444980492192,0.028983340559783053,0.10572670568693468,0.05645074809843549,257.76683480399,290.4598129272461,0.887444057083914
2019-09-28,228.83450317382807,231.8486328125,220.8559112548828,222.6157989501953,1675667458,BITCOIN_CASH,0.028198838018399064,0.027808570526198253,0.10897084767632265,0.05652758029254427,245.81785583496094,288.7296391805013,0.8513772833736901
2019-09-29,220.4302673339844,229.2086334228516,215.1723480224609,228.8675537109375,1523703377,BITCOIN_CASH,-0.036726261657577086,-0.037417651769746284,0.10820644765834377,0.056796424927102164,233.26476396833147,286.74830576578773,0.8134826231854324
2019-09-30,228.12289428710935,230.2633819580078,215.0645751953125,220.45079040527344,1646589372,BITCOIN_CASH,0.03489823356004673,0.034303096820349745,0.11252732744694335,0.05730415094011475,223.98726763044084,285.02108510335285,0.785862097006682
2019-10-01,224.76190185546875,236.0781097412109,221.16799926757807,228.26199340820312,1778003922,BITCOIN_CASH,-0.014733253504185972,-0.014842865846893222,0.03849265431269331,0.05724736786312693,224.33171953473772,283.10217844645183,0.7924054868308602
2019-10-02,225.89361572265625,226.56072998046875,221.7948455810547,224.7889709472656,1372176230,BITCOIN_CASH,0.005035167694546594,0.005022533629699882,0.03633199424832228,0.056574065101669846,223.82892717633928,280.82943572998045,0.7970280130874615
2019-10-03,222.5790863037109,225.98020935058597,219.37814331054688,225.7642059326172,1111283911,BITCOIN_CASH,-0.01467296633568782,-0.014781679042059136,0.027487573955662484,0.056265500043902086,224.74012538364954,278.22007649739584,0.8077782459590156
2019-10-04,223.2508087158203,225.71388244628903,220.6988983154297,222.66444396972656,1186189217,BITCOIN_CASH,0.0030179044368654484,0.003013359704686151,0.025238320666918248,0.056290341318294364,224.8390110560826,275.8182846069336,0.8151707976013949
2019-10-05,223.16534423828125,224.193359375,219.3413543701172,223.1256866455078,1049368204,BITCOIN_CASH,-0.00038281822149122124,-0.0003828915150925884,0.02221164426168528,0.05631380492760464,224.02913120814733,273.49393056233725,0.8191374877954908
2019-10-06,223.41192626953125,224.13070678710935,220.4212646484375,223.21519470214844,1104864272,BITCOIN_CASH,0.0011049297644831757,0.001104319778877108,0.01645901224957144,0.056312631975602635,224.455082484654,271.35926462809243,0.8271509830050495
2019-10-07,234.23617553710935,238.354736328125,221.59799194335935,223.2591552734375,1574411233,BITCOIN_CASH,0.048449737882477084,0.0473126330457955,0.020868867275906828,0.056337871893093375,225.32840837751112,269.12865753173827,0.8372516343821104
2019-10-08,232.3572235107422,239.05047607421875,229.16993713378903,234.2227935791016,1430440347,BITCOIN_CASH,-0.008021613322787058,-0.008053959558395258,0.01999888878954799,0.05609609043360078,226.41345432826446,266.64023742675784,0.8491346111648169
2019-10-09,239.4439239501953,240.3697204589844,229.7423553466797,232.55056762695312,1466835870,BITCOIN_CASH,0.03049916130163055,0.03004330747286891,0.022173890073909,0.05655176958478935,228.34921264648435,264.4408655802409,0.8635171124002957
2019-10-10,230.106201171875,240.1189727783203,229.7250061035156,239.4224548339844,1559031120,BITCOIN_CASH,-0.038997534889473995,-0.03977830486370271,0.027810950834690526,0.05683932345312238,229.4245147705078,261.9732833862305,0.8757553892709906
2019-10-11,222.5940093994141,233.99237060546875,221.38304138183597,230.1809539794922,1430107191,BITCOIN_CASH,-0.03264662896611714,-0.03319142005068469,0.03133172448233753,0.0570010670421785,229.33068629673548,259.399257405599,0.8840838196315728
2019-10-12,225.10198974609372,228.095703125,222.7282867431641,222.7282867431641,1276328578,BITCOIN_CASH,0.01126706128995325,0.01120406073398117,0.03163863786601014,0.05709203494700097,229.6073499407087,256.8886240641276,0.8938011590711442
2019-10-13,224.1232452392578,228.90122985839844,223.0742034912109,225.03948974609372,1113479953,BITCOIN_CASH,-0.004348004688629836,-0.0043574847505651005,0.03170964842576864,0.05709859059310956,229.70896693638392,254.41749827067056,0.9028819499356933
2019-10-14,228.5892333984375,229.08680725097656,223.8332061767578,223.9550018310547,1181648353,BITCOIN_CASH,0.019926483548871055,0.019730549746568342,0.02614124977500345,0.05706919333820185,228.90226091657365,251.88071950276694,0.9087724593150495
2019-10-15,222.82778930664065,229.13510131835935,221.08274841308597,228.53726196289065,1329643411,BITCOIN_CASH,-0.025204354580228627,-0.02552742439353454,0.027451545499712616,0.05712053223784386,227.54091317313058,249.16721954345704,0.9132056519715883
2019-10-16,218.2031097412109,225.7617950439453,215.2333068847656,222.861328125,1422464232,BITCOIN_CASH,-0.0207545009525969,-0.020972902773128563,0.022644282673237117,0.057009170940512735,224.50651114327567,246.18977864583334,0.9119245826458496
2019-10-17,221.4342041015625,221.4342041015625,215.58338928222656,218.2071685791016,1192766014,BITCOIN_CASH,0.014807737452429803,0.014699173322150608,0.0213394798464939,0.05646244711142854,223.2676544189453,242.92089131673177,0.9190961436405993
2019-10-18,212.6489105224609,221.2800750732422,211.0399169921875,221.2800750732422,1320439938,BITCOIN_CASH,-0.03967451015414114,-0.040483000062599916,0.023028304292945303,0.056426863003462946,221.84692600795202,239.1851598103841,0.9275112477037576
2019-10-19,213.9808654785156,216.0824279785156,211.58914184570312,212.620849609375,1162614339,BITCOIN_CASH,0.006263634047229294,0.0062440990225504055,0.022461030099603565,0.05651571757532526,220.25819396972656,235.52776133219402,0.935168715245712
2019-10-20,224.9257354736328,227.03616333007807,212.80612182617188,214.1373748779297,1366308264,BITCOIN_CASH,0.05114882571692436,0.049883685787075485,0.03125511036660487,0.0576370123386269,220.37283543178015,232.51302693684895,0.9477870480419744
2019-10-21,233.2569580078125,236.7276153564453,224.10743713378903,224.9267120361328,1658436725,BITCOIN_CASH,0.0370398812596362,0.03637038681033443,0.03351182526485135,0.05829013070802487,221.03965323311942,229.87234700520833,0.9615756575892586
2019-10-22,228.04495239257807,234.57640075683597,227.4394073486328,233.36007690429688,1475891269,BITCOIN_CASH,-0.02234448078097573,-0.022597900832217806,0.03311375604632544,0.05833407927255618,221.7849622453962,227.19711507161455,0.9761786023360711
2019-10-23,210.37648010253903,228.58441162109372,203.07188415527344,228.00621032714844,1844311891,BITCOIN_CASH,-0.07747802398021453,-0.08064408110753005,0.04569580231345248,0.05930211958223497,220.66687229701452,224.44081878662107,0.9831851153011766
2019-10-24,214.04788208007807,218.42721557617188,208.05812072753903,210.2995758056641,1752820854,BITCOIN_CASH,0.01745158002334457,0.01730105000166209,0.045894963453411,0.03197329409311414,219.61168343680245,224.16405690511064,0.9796917778382499
2019-10-25,259.1669006347656,265.02813720703125,213.81170654296875,214.205810546875,3309084358,BITCOIN_CASH,0.2107893715940059,0.19127252012393128,0.08382309477368492,0.047272678550800834,226.25711059570312,225.15584818522132,1.0048911117315322
2019-10-26,252.50701904296875,277.1224975585937,244.4581756591797,259.5283203125,3875753112,BITCOIN_CASH,-0.025697269116870758,-0.02603321163664461,0.08609314542254429,0.04611010940896509,231.76084681919642,226.36605885823565,1.0238321415682698
2019-10-27,261.2515869140625,265.959716796875,246.33999633789065,252.55828857421875,3228198618,BITCOIN_CASH,0.034630989285908464,0.03404483105374586,0.08549483121247833,0.04620938317712105,236.95025416782923,227.65582478841142,1.0408266706466056
2019-10-28,265.4108581542969,274.806396484375,260.1059265136719,261.1497802734375,3107818242,BITCOIN_CASH,0.01592055875856757,0.015795155901016978,0.08524720295735416,0.04605979749137404,241.54366847446985,228.87503662109373,1.0553517414585902
2019-10-29,288.9575500488281,295.4685363769531,264.2819519042969,265.38433837890625,4123613696,BITCOIN_CASH,0.08871789217019277,0.08500075820569584,0.0863066434025365,0.047575349577066946,250.24546813964844,231.15927937825518,1.0825672619015296
2019-10-30,290.628173828125,303.6143493652344,285.736083984375,289.1908874511719,3583344209,BITCOIN_CASH,0.00578155434600891,0.005764905301429043,0.07223977603664991,0.04733716298285408,261.70999581473217,233.24278869628904,1.1220496774093667
2019-10-31,284.4766540527344,296.56060791015625,274.42755126953125,290.4007568359375,2933178100,BITCOIN_CASH,-0.021166288506593967,-0.02139350635019634,0.07618895446307612,0.04746145357644984,271.771248953683,235.23328043619787,1.155326527138218
2019-11-01,279.1373596191406,284.489501953125,274.111328125,284.489501953125,2375427805,BITCOIN_CASH,-0.01876883166871046,-0.018947201579192087,0.039526603553855906,0.047711856623326034,274.6241716657366,237.00807189941403,1.1587123150062448
2019-11-02,290.7164611816406,295.2253112792969,278.97576904296875,279.2152709960937,2353771063,BITCOIN_CASH,0.04148173350317097,0.04064444292194706,0.03719107474407686,0.04790985158574734,280.0826633998326,239.27931772867836,1.1705260030765452
2019-11-03,292.7105712890625,303.130859375,283.7283630371094,290.7336120605469,2598715593,BITCOIN_CASH,0.006859295477513294,0.006835877536352441,0.03691522182295479,0.047898731786792145,284.5768040248326,241.59464314778643,1.1779102397181607
2019-11-04,291.8466186523437,293.9796447753906,286.8377685546875,292.8009033203125,2478124574,BITCOIN_CASH,-0.0029515593950504293,-0.002955923836536181,0.03762660336216404,0.047918466629230154,288.3533412388393,243.8840189615885,1.182337991913503
2019-11-05,293.7068786621094,295.7974548339844,287.9293212890625,291.7762451171875,2269171137,BITCOIN_CASH,0.006374101637208529,0.00635387296560191,0.020654921286678386,0.04789843243237668,289.0318167550223,246.2271840413411,1.1738420267458949
2019-11-06,306.22869873046875,307.3627319335937,292.6396789550781,293.4643859863281,2418826077,BITCOIN_CASH,0.04263373103619039,0.04174994563515577,0.02555052710430757,0.04775603473487856,291.26046316964283,248.6269348144531,1.1714759037954054
2019-11-07,293.50408935546875,306.6746826171875,289.445556640625,306.2934875488281,2183103768,BITCOIN_CASH,-0.041552635098383583,-0.04244063203492425,0.03030854593996962,0.04858332105305208,292.5500967843192,250.66516367594397,1.1670951499368432
2019-11-08,277.9786071777344,294.61163330078125,274.3011779785156,293.8262939453125,2226108792,BITCOIN_CASH,-0.05289698760868422,-0.054347414107567285,0.03706580578320086,0.049680987198403546,292.38456072126115,251.94965311686195,1.1604880463385447
2019-11-09,282.7441711425781,284.1042785644531,277.87628173828125,277.8990478515625,1689515654,BITCOIN_CASH,0.01714363566760646,0.016998341771823848,0.033596219587472054,0.04899407377716813,291.2456621442522,253.7042521158854,1.1479731211253759
2019-11-10,293.4754943847656,296.03533935546875,281.3175048828125,282.73065185546875,2125907737,BITCOIN_CASH,0.03795418027123909,0.03725164144881708,0.03701952457264005,0.048695160236184795,291.3549368722098,256.0669682820638,1.1378075775524294
2019-11-11,287.1585998535156,297.0106201171875,284.3930358886719,293.5677185058594,1873466817,BITCOIN_CASH,-0.021524436118567802,-0.021759465496741903,0.03797130223946618,0.049019549160220485,290.68521990094865,258.1355219523112,1.1260953847128827
2019-11-12,289.241455078125,291.6424865722656,284.5473022460937,287.1761474609375,1840497856,BITCOIN_CASH,0.007253326996551346,0.007227148133307424,0.038005943030599405,0.04896349721777343,290.04730224609375,260.3061289469401,1.1142546025307611
2019-11-13,286.49346923828125,289.6610717773437,284.0876159667969,289.0430603027344,1555824951,BITCOIN_CASH,-0.009500663862659353,-0.009546083073598896,0.03269644743884469,0.04902370685019125,287.2279837472098,262.23627014160155,1.0953022768060012
2019-11-14,279.559814453125,287.0138854980469,277.435791015625,286.23992919921875,1835340820,BITCOIN_CASH,-0.02420179002191991,-0.02449946601683981,0.030300875002069235,0.049000160777356284,285.23594447544644,264.12733764648436,1.0799182962924287
2019-11-15,264.710205078125,280.2736511230469,264.03564453125,280.07098388671875,1918658721,BITCOIN_CASH,-0.05311782526415254,-0.05458061303432773,0.030361733412718594,0.05004796840369191,283.34045846121654,265.6775741577148,1.0664824058240479
2019-11-16,267.6974182128906,269.5043334960937,263.398681640625,264.9568786621094,1481946683,BITCOIN_CASH,0.011284843113184895,0.011221644285922051,0.029671818551473664,0.05003220491620498,281.19092232840404,267.2196812947591,1.0522837276279582
2019-11-17,268.7431945800781,274.0400695800781,264.3968811035156,267.7059631347656,1565942482,BITCOIN_CASH,0.003906561274176434,0.003898950478602122,0.023201973806134982,0.04925049148142711,277.6577366420201,269.0894907633463,1.0318416221100557
2019-11-18,250.18408203125,269.79931640625,246.32504272460935,268.4671936035156,2115048013,BITCOIN_CASH,-0.06905891171617373,-0.07155928159782717,0.03232725490372583,0.05133964064850732,272.3756626674107,270.29626464843744,1.0076930327604707
2019-11-19,244.4062042236328,253.91741943359372,236.82666015625,250.1651763916016,2131441345,BITCOIN_CASH,-0.0230945060960972,-0.02336536252504743,0.0300707951589133,0.050881545580178406,265.9706268310547,270.9456136067708,0.9816384302757659
2019-11-20,244.2406311035156,248.6194610595703,241.5186309814453,244.33517456054688,1805761006,BITCOIN_CASH,-0.0006774505608119208,-0.0006776801341319981,0.030957997864730507,0.05048593923600283,259.93450709751676,271.3117360432942,0.9580658429609475
2019-11-21,226.598876953125,246.8153076171875,222.4566802978516,244.2014617919922,2401952813,BITCOIN_CASH,-0.07223103736132075,-0.0749725398661247,0.036756154247013284,0.05222481688928495,252.36865888323103,271.26353352864584,0.9303449512744053
2019-11-22,208.92727661132807,229.2550201416016,198.1520538330078,226.7014312744141,3382940612,BITCOIN_CASH,-0.0779862662137224,-0.08119515988976037,0.04086842968942874,0.05225417185635142,244.39966910226005,271.2152267456055,0.9011281263035504
2019-11-23,217.3383636474609,217.363525390625,202.8920745849609,209.09523010253903,2407778555,BITCOIN_CASH,0.04025844385929633,0.03946918599221042,0.04699149972046184,0.0526657583589344,237.2055184500558,271.3249094645182,0.8742489545770058
2019-11-24,205.1488037109375,217.90899658203125,205.1368560791016,217.2898406982422,2128845957,BITCOIN_CASH,-0.0560856340866529,-0.05771983102625108,0.04537653801714058,0.039553475992051675,228.12060546875,269.52430623372396,0.8463823120684714
2019-11-25,209.2351226806641,215.29591369628903,194.7613067626953,205.2372589111328,2401604928,BITCOIN_CASH,0.01991880476907082,0.01972302096010179,0.047389192551840174,0.03970769146367808,222.27075413295202,268.08190968831383,0.8291150805042224
2019-11-26,212.93397521972656,214.9317779541016,208.3456573486328,208.78448486328125,1808857014,BITCOIN_CASH,0.01767797151679784,0.017523533621160207,0.05014117203882343,0.039241165034570466,217.77472141810827,266.47132263183596,0.8172538765794012
2019-11-27,220.4140625,224.122802734375,206.61289978027344,212.3584747314453,1963457159,BITCOIN_CASH,0.03512866968530859,0.034525737526953565,0.05398434408332647,0.039758932853112966,214.3709259033203,264.9714294433594,0.8090341149370767
2019-11-28,218.73794555664065,226.24264526367188,218.5828094482422,220.12306213378903,1391327826,BITCOIN_CASH,-0.0076044011182786475,-0.007633461997257906,0.0469935002531496,0.035835958950858074,213.24793570382255,262.6307759602865,0.8119685704163958
2019-11-29,224.80838012695312,225.6875762939453,218.44227600097656,218.8876495361328,1475684082,BITCOIN_CASH,0.027752087342982623,0.027373977776987152,0.03371037124107908,0.036362101457580495,215.51666477748327,260.43678283691406,0.8275200700526245
2019-11-30,218.90786743164065,226.7573699951172,217.4271697998047,224.97708129882807,1309092627,BITCOIN_CASH,-0.026246853840503404,-0.026597450829873224,0.03348459723100625,0.036437769140887234,215.74087960379464,258.25115661621095,0.8353917265292594
2019-12-01,216.16964721679688,219.25755310058597,212.4992218017578,218.9887542724609,1260404762,BITCOIN_CASH,-0.012508550957853748,-0.012587441442177768,0.022986945018056933,0.03639477155976665,217.3152858189174,256.15223286946616,0.8483833358956513
2019-12-02,215.657470703125,218.9234313964844,212.3609619140625,216.37745666503903,1164376888,BITCOIN_CASH,-0.0023693266851576578,-0.0023721379810916847,0.022537472757961936,0.03521934190905366,218.2327641078404,253.6502665201823,0.8603687553802597
2019-12-03,212.85882568359372,217.1620635986328,211.61952209472656,215.5044708251953,1072206668,BITCOIN_CASH,-0.012977269048026208,-0.01306220946737182,0.022515659664412355,0.03507930586692568,218.22202845982142,250.98854166666666,0.8694501629864767
2019-12-04,209.29478454589844,216.60450744628903,205.88967895507807,212.67677307128903,1441054845,BITCOIN_CASH,-0.01674368505158008,-0.01688544516511664,0.017088247428796013,0.03506656968253075,216.63356018066406,248.2368138631185,0.8726890939718517
2019-12-05,213.28927612304688,221.6564483642578,206.9312286376953,209.2150421142578,1198480068,BITCOIN_CASH,0.01908548072908345,0.018905637600674298,0.019761460337761844,0.035355476969444,215.8551788330078,245.5562271118164,0.8790458355377648
2019-12-06,213.2167053222656,215.2685089111328,210.40313720703125,213.3759613037109,1119431926,BITCOIN_CASH,-0.0003402458956230925,-0.00034030379239096754,0.014631050223626188,0.034013461133369734,214.19922528948103,242.45582733154296,0.883456700739872
2019-12-07,212.64987182617188,215.80987548828125,212.4081878662109,213.7819061279297,1042909181,BITCOIN_CASH,-0.002658485390424681,-0.0026620254382123914,0.012001807002793146,0.03356092604215672,213.3052259172712,239.76068674723308,0.8896588878315466
2019-12-08,214.35638427734372,216.9462738037109,210.96163940429688,212.926513671875,1048971273,BITCOIN_CASH,0.00802498697279641,0.007992958005431535,0.01210883126774281,0.0326864388182426,213.0461883544922,237.63994598388672,0.8965083183823728
2019-12-09,209.8517608642578,215.4346618652344,208.23663330078125,214.0550537109375,1168994670,BITCOIN_CASH,-0.02101464543858711,-0.02123859615349907,0.014311640630983613,0.032395489658386165,212.216801234654,235.21019897460937,0.9022431942143909
2019-12-10,208.299560546875,210.09378051757807,206.1726837158203,209.83030700683597,1171037352,BITCOIN_CASH,-0.007396651383768216,-0.007424142253757953,0.01386154508685276,0.03115450251879078,211.5654776436942,232.37100118001302,0.9104641997897095
2019-12-11,207.18096923828125,209.95396423339844,206.4639129638672,208.0962829589844,1091099892,BITCOIN_CASH,-0.0053701088262354535,-0.005384579690633297,0.012576311727057936,0.031110652587338812,211.2635040283203,229.7050801595052,0.9197162896076168
2019-12-12,207.7120361328125,208.7987365722656,205.3326873779297,207.4246826171875,1276162238,BITCOIN_CASH,0.002563299594956936,0.002560019945836827,0.009242443819512742,0.031028537814212186,210.46675545828683,226.98743286132813,0.9272176560843606
2019-12-13,211.0898895263672,212.8190460205078,206.48538208007807,207.72134399414065,1255832120,BITCOIN_CASH,0.01626219383548322,0.01613138066200165,0.011962310712946967,0.03142273143861216,210.16292463030135,224.47398020426434,0.9362462608764706
2019-12-14,207.495361328125,213.22845458984372,206.42108154296875,211.2374267578125,1248149986,BITCOIN_CASH,-0.01702842427132545,-0.0171750750936574,0.01338418737942853,0.031335979483652104,209.42656598772322,222.07183176676432,0.943057767937349
2019-12-15,207.3648223876953,209.9660797119141,200.81439208984372,207.46263122558597,1364339247,BITCOIN_CASH,-0.0006291173913196557,-0.0006293153687040512,0.012518368936129528,0.03021355656463723,208.42777143205916,220.16031901041666,0.9467090725926756
2019-12-16,197.1459197998047,208.40028381347656,195.69387817382807,207.54495239257807,1613646363,BITCOIN_CASH,-0.04927982707107892,-0.050535504815322964,0.020987421762162884,0.030944035264769663,206.61265127999442,217.80860239664713,0.9485972960045721
2019-12-17,177.40789794921875,198.1102294921875,175.2457275390625,197.1172790527344,1772467634,BITCOIN_CASH,-0.10011884532345006,-0.10549257473663157,0.04201677572482484,0.035356368270048184,202.1995566231864,214.76409250895182,0.9414961051496925
2019-12-18,189.734130859375,190.6816253662109,172.94732666015625,177.26162719726562,2471323830,BITCOIN_CASH,0.06947961760803079,0.06717219148871581,0.05423909247151991,0.036597998294796194,199.70715114048548,212.74909413655598,0.9386980092723716
2019-12-19,187.6325836181641,191.99012756347656,183.2060394287109,189.39971923828125,2025407707,BITCOIN_CASH,-0.011076274108892448,-0.011138072789421883,0.05384806573290378,0.036502986752589214,196.83865792410714,210.8566401163737,0.9335188961346917
2019-12-20,188.17124938964844,190.80645751953125,185.91114807128903,187.68165588378903,1409786653,BITCOIN_CASH,0.0028708540973914065,0.002866741065829106,0.05281293828594192,0.03653594212994186,193.56456647600447,208.98766072591147,0.9262009336037572
2019-12-21,187.74087524414065,189.2550811767578,186.3529357910156,188.22244262695312,1267951911,BITCOIN_CASH,-0.0022871408193533282,-0.0022897603207917365,0.053076428114265856,0.034332734850076915,190.74249703543526,207.69239400227863,0.9183894188890835
2019-12-22,196.66177368164065,197.67898559570312,187.07339477539065,187.44451904296875,1549039085,BITCOIN_CASH,0.04751708132764998,0.046422679437908454,0.0578590348813978,0.03259119020932696,189.21349007742745,207.2835439046224,0.9128244650452834
2019-12-23,190.51976013183597,197.61087036132807,189.9122314453125,196.2867126464844,1744349961,BITCOIN_CASH,-0.031231354395020783,-0.031729451423695314,0.05593620049143875,0.03205393049098894,188.2668958391462,206.38959045410155,0.9121918185162269
2019-12-24,189.49752807617188,194.1299285888672,187.34117126464844,190.74468994140625,1514958689,BITCOIN_CASH,-0.005365490986114607,-0.005379936929097506,0.034687959977361515,0.030434650858221685,189.99398585728235,205.86788126627604,0.9228928023577321
2019-12-25,187.1773223876953,190.30160522460935,185.4913482666016,189.7221527099609,1671819392,BITCOIN_CASH,-0.012243989206782269,-0.01231956437053676,0.023992222049820683,0.03018380205085428,189.62872750418526,205.13262125651042,0.9244201450878058
2019-12-26,188.56138610839844,192.9998321533203,185.53128051757807,187.27371215820312,1309782083,BITCOIN_CASH,0.007394398547043712,0.0073671940072677165,0.023828526770866283,0.02999375164236142,189.76141357421875,204.32020161946613,0.9287452345394498
2019-12-27,203.3274688720703,204.708251953125,187.18272399902344,188.31954956054688,2017127633,BITCOIN_CASH,0.07830915474488132,0.07539421684933739,0.03703393913412757,0.03261949391277563,191.9265877859933,203.75064849853516,0.9419679848890058
2019-12-28,206.41098022460935,209.94073486328125,203.1145782470703,203.28868103027344,1909698747,BITCOIN_CASH,0.015165247320710673,0.01505140448449495,0.03656867247795119,0.0327635527343594,194.593745640346,203.33974965413412,0.9569882227716694
2019-12-29,212.9558563232422,215.50189208984372,205.0413818359375,206.2479553222656,1856273467,BITCOIN_CASH,0.031707984194983,0.031215665966966084,0.03469352615615005,0.03288931714818783,196.92147173200334,202.94466552734374,0.9703210045965516
2019-12-30,209.4047698974609,215.99322509765625,207.4116668701172,212.8830108642578,1804979491,BITCOIN_CASH,-0.016675223152309737,-0.016815819865063062,0.031955458316604755,0.032682900119102166,199.61933026994978,202.62789560953777,0.985152264792872
2019-12-31,204.6231689453125,214.2379150390625,202.04478454589844,209.30198669433597,1713535483,BITCOIN_CASH,-0.02283425040647269,-0.02309898974869199,0.03431509977379582,0.03286194839985943,201.78013610839844,202.24301300048828,0.9977112836422748
2020-01-01,204.3975372314453,208.0775146484375,203.2051544189453,204.6712951660156,1456113692,BITCOIN_CASH,-0.001102669433916792,-0.0011032778211314829,0.03329297059513298,0.03286204283223713,204.24016680036272,201.86768188476563,1.0117526733028588
2020-01-02,195.6985626220703,205.13674926757807,194.0698089599609,204.3545379638672,1432801807,BITCOIN_CASH,-0.04255909697935789,-0.04349127991497899,0.0395750627546416,0.03368143084201038,205.25976344517298,201.29567311604816,1.0196928740084716
2020-01-03,222.41297912597656,224.95086669921875,192.9794921875,196.0076904296875,2644279656,BITCOIN_CASH,0.13650798527067698,0.12796039048082958,0.05647117656889566,0.04114724553637136,207.98626491001673,201.73294626871746,1.0309980038311124
2020-01-04,226.0186920166016,227.4605255126953,220.28091430664065,222.53656005859372,1861485049,BITCOIN_CASH,0.01621179170745579,0.01608178383724889,0.05647931412856458,0.04111051465004122,210.78736659458704,202.15726013183593,1.0426900644435082
2020-01-05,224.09652709960935,228.21929931640625,222.35269165039065,225.7798309326172,1681830248,BITCOIN_CASH,-0.00850445111349929,-0.008540820304677156,0.05633681451564987,0.04115338741742297,212.37889099121094,202.5199208577474,1.0486814832422762
2020-01-06,244.5572052001953,245.1061248779297,223.6918182373047,224.3479156494141,2328224536,BITCOIN_CASH,0.09130296825836726,0.08737236606207023,0.062350496760507475,0.04401110910861656,217.40066746303015,203.5834986368815,1.0678697876726906
2020-01-07,243.2584991455078,245.8449249267578,234.17678833007807,244.7130126953125,2234914578,BITCOIN_CASH,-0.005310438732011091,-0.005324589230911991,0.060535244321261894,0.044043484592144196,222.92000034877233,204.54690246582032,1.0898233982595857
2020-01-08,241.0552215576172,251.29730224609372,234.3932342529297,243.07920837402344,2424659797,BITCOIN_CASH,-0.009057350907080597,-0.009098618079639865,0.06117546447781506,0.04385692006055709,228.1568123953683,205.58701782226564,1.1097821973983528
2020-01-09,239.2226104736328,243.04739379882807,232.34799194335935,240.9980316162109,1908677851,BITCOIN_CASH,-0.0076024533803610295,-0.007631499336391172,0.05589805429222846,0.043858900115063264,234.3745335170201,206.61778615315754,1.1343386156663569
2020-01-10,270.72528076171875,271.7676696777344,232.63597106933597,239.55162048339844,2986773814,BITCOIN_CASH,0.131687678793047,0.12371003958671378,0.05464912047721871,0.04888864711444242,241.2762908935547,208.73592987060547,1.15589247640845
2020-01-11,260.67999267578125,276.6336364746094,259.8102722167969,270.1972045898437,2487051623,BITCOIN_CASH,-0.03710509804505091,-0.03781100921979814,0.06014155590938625,0.04961981951707074,246.2279052734375,210.50152842203775,1.169720272908287
2020-01-12,268.237060546875,269.07086181640625,259.2812194824219,261.10028076171875,2168514332,BITCOIN_CASH,0.02898982692734986,0.02857757043506334,0.05878751781791337,0.04974572982365188,252.533695765904,212.40643412272135,1.1889173546409544
2020-01-13,267.5228271484375,270.7655944824219,261.87115478515625,268.4125061035156,1884541173,BITCOIN_CASH,-0.0026626946961815223,-0.0026662459730822916,0.052561298407222165,0.04956286789879216,255.8144989013672,214.4073496500651,1.1931237400158288
2020-01-14,350.2635192871094,364.1580810546875,267.5311279296875,267.6441650390625,6618289058,BITCOIN_CASH,0.30928460580585315,0.2694808856065337,0.10903531788584782,0.06869468502922253,271.1009303501674,219.17063954671224,1.2369399975784037
2020-01-15,339.39532470703125,358.8165283203125,319.0092163085937,348.7173156738281,5240635087,BITCOIN_CASH,-0.031028622684423857,-0.03152020590165561,0.11143500599085085,0.06813094317920655,285.1495165143694,223.91228637695312,1.2734875835903183
2020-01-16,325.9784851074219,341.23760986328125,311.56280517578125,339.6820983886719,3652947113,BITCOIN_CASH,-0.039531598177408256,-0.04033419494861399,0.1148326421860931,0.06502251214079383,297.543212890625,228.86463928222656,1.300083812963814
2020-01-17,366.97698974609375,379.68365478515625,320.6188659667969,326.3751220703125,5128628377,BITCOIN_CASH,0.125770584599046,0.11846776526359125,0.1142433062144503,0.0669441883680112,311.29345703125,234.77273457845052,1.3259353033059709
2020-01-18,339.11627197265625,398.8927307128906,334.8353881835937,367.4088439941406,6041778648,BITCOIN_CASH,-0.07591952234583954,-0.07895611410486665,0.12003317699172816,0.06920819020413584,322.49863978794644,239.8221908569336,1.3447406123494787
2020-01-19,338.3051147460937,362.1460876464844,323.1120300292969,338.4001770019531,4458226713,BITCOIN_CASH,-0.0023919737671213026,-0.002394839106495629,0.12098732080788414,0.06925904282442535,332.50836181640625,244.82665303548177,1.3581379220513916
2020-01-20,343.8071594238281,351.8434143066406,325.28228759765625,338.119384765625,3361586387,BITCOIN_CASH,0.016263557474925694,0.01613272247963087,0.12026619354216,0.06914026410884595,343.40612357003346,250.02886250813802,1.373465927594084
2020-01-21,343.4217834472656,346.53643798828125,334.7032470703125,343.5102844238281,2658918440,BITCOIN_CASH,-0.0011209073633263733,-0.0011215360498284155,0.0620493321473824,0.06906254692384847,342.4287327357701,254.92086283365884,1.3432746497457604
2020-01-22,347.2313232421875,352.0074768066406,339.61688232421875,343.3699951171875,2468426687,BITCOIN_CASH,0.011092889206624434,0.011031814360414808,0.06084139978968683,0.06842670344621365,343.5481610979353,260.1445816040039,1.320604715192145
2020-01-23,324.8680114746094,348.3945007324219,319.2879638671875,347.4979248046875,2722405196,BITCOIN_CASH,-0.06440464978437477,-0.0665722141266761,0.06466301662910981,0.07010114588405957,343.38952200753346,264.6569310506185,1.2974892463400345
2020-01-24,319.5209045410156,327.37530517578125,299.9560852050781,325.1677551269531,3346887042,BITCOIN_CASH,-0.016459321154220996,-0.016596280701028296,0.037839427078361146,0.0701691780989381,336.6100812639509,269.0683837890625,1.2510205640802379
2020-01-25,311.3583374023437,319.4014587402344,305.4877319335937,319.3762512207031,2169791084,BITCOIN_CASH,-0.02554626950119987,-0.025878241409255594,0.028059737305810035,0.07060123443982627,332.6446620396205,273.16161549886067,1.2177577052036725
2020-01-26,346.99786376953125,347.7431945800781,308.5487365722656,310.99591064453125,3192088890,BITCOIN_CASH,0.114464660444064,0.10837416445281578,0.05387208831054775,0.07179310193884905,333.886483328683,277.95062866210935,1.2012438501607856
2020-01-27,362.6493225097656,374.8609008789063,346.531005859375,346.8900451660156,4123924761,BITCOIN_CASH,0.045105346096971255,0.04411768999799525,0.05595322896725577,0.07195045447386743,336.5782209123884,283.1585734049479,1.1886562955346034
2020-01-28,378.859130859375,382.775146484375,360.5024719238281,362.6531372070313,3916343793,BITCOIN_CASH,0.04469830037852307,0.04372813596091412,0.057335870931735526,0.07206117484138906,341.6406991141183,288.68868255615234,1.1834225577847735
2020-01-29,381.5235290527344,393.7833557128906,378.2979736328125,379.1030883789063,3987047015,BITCOIN_CASH,0.0070326883433313725,0.007008074325097346,0.05739107407425768,0.0717812848585623,346.53958565848217,294.4259745279948,1.177000725612041
2020-01-30,392.9721374511719,395.5552062988281,373.5348205566406,380.861572265625,4055518921,BITCOIN_CASH,0.03000760772700617,0.02956618835699142,0.045272063113879636,0.07133357937115158,356.2687465122768,300.7042734781901,1.184781121968713
2020-01-31,375.3895568847656,393.8035583496094,366.5951232910156,392.8301696777344,3667538280,BITCOIN_CASH,-0.04474256287086242,-0.04577440715375455,0.05096112181797026,0.07228699207220411,364.24998256138394,306.40400746663414,1.188789877694563
2020-02-01,381.0133666992188,387.3855895996094,374.601318359375,375.0665893554688,3218496040,BITCOIN_CASH,0.014981263360449582,0.014870152579968068,0.04658392860390294,0.07129051241897653,374.20070103236606,312.58116760253904,1.1971313048141756
2020-02-02,378.2730102539063,388.3854370117188,370.8065490722656,380.2534790039063,3246254490,BITCOIN_CASH,-0.007192284273522143,-0.007218273439346444,0.03184969580537229,0.06859706857197047,378.6685791015625,317.77650197347003,1.1916191938357232
2020-02-03,383.8786926269531,389.4546813964844,375.8619689941406,377.9372253417969,3410323023,BITCOIN_CASH,0.014819144430326059,0.014710413790039754,0.028745962694713547,0.06859864287767908,381.7013462611607,323.0385019938151,1.181597066310284
2020-02-04,380.5999755859375,387.1604309082031,374.6589965820313,383.7582092285156,3143637424,BITCOIN_CASH,-0.008541023776492351,-0.008577707346244768,0.02442254680096306,0.06859912897000893,381.95003836495533,328.255283610026,1.1635762086276722
2020-02-05,442.0081481933594,442.0984802246094,379.15716552734375,380.7189331054688,5289083000,BITCOIN_CASH,0.1613457082147296,0.149579426018586,0.061661862894164615,0.07165141564178949,390.5906982421875,334.8369817097982,1.166510031979415
2020-02-06,442.7859191894531,445.92816162109375,427.7868041992188,442.3412780761719,4860546337,BITCOIN_CASH,0.0017596304486078296,0.001758084112670782,0.061914930164620074,0.07157764787924795,397.7069527762277,341.48789571126304,1.1646297212024737
2020-02-07,439.75341796875,454.0125732421875,433.949462890625,442.5661926269531,4461219818,BITCOIN_CASH,-0.0068486848593882765,-0.006872244732588804,0.05687698410077316,0.07154762278120799,406.9017900739397,348.11116892496744,1.1688846161716924
2020-02-08,443.5063171386719,451.2791748046875,427.8006591796875,439.7012939453125,4419573713,BITCOIN_CASH,0.008534098921292754,0.008497889363877067,0.057072113515699865,0.07139295260332645,415.829354422433,354.9206258138021,1.171612254060954
2020-02-09,449.8135986328125,458.0118713378906,438.7329711914063,443.06829833984375,4503926958,BITCOIN_CASH,0.014221401703661707,0.014121226210624394,0.05582653387069902,0.06868635389592324,426.0494384765625,360.89023640950523,1.1805513020117302
2020-02-10,452.8875122070313,457.9459228515625,439.0682373046875,449.9117126464844,4615609704,BITCOIN_CASH,0.00683374976559592,0.006810505534418889,0.05614216134030569,0.06793927499096003,435.90784127371654,367.2971537272135,1.1867988544160057
2020-02-11,461.2581787109375,463.737060546875,441.8290710449219,452.9929504394531,4555794105,BITCOIN_CASH,0.018482882124777333,0.01831414959677659,0.054467082459434706,0.06791215428569884,447.4304417201451,373.73119099934894,1.1971985547251915
2020-02-12,475.48052978515625,479.6651306152344,461.0984802246094,461.1723327636719,5045367008,BITCOIN_CASH,0.03083381873892299,0.030368007502871927,0.012004948123749384,0.06783211097344095,452.2122105189732,380.6631144205729,1.187959099234789
2020-02-13,474.3179931640625,482.7957153320313,461.2630615234375,475.0639343261719,5008241277,BITCOIN_CASH,-0.0024449720824931687,-0.0024479659076100373,0.012601656054749735,0.0487010578764397,456.71679251534596,384.7982635498047,1.1868993074503125
2020-02-14,491.16064453125,493.0281066894531,467.2329406738281,474.4730529785156,5065237281,BITCOIN_CASH,0.035509197647835666,0.034893284139342125,0.013247889132205055,0.04825099160759455,464.06068202427457,389.8571075439453,1.190335312719584
2020-02-15,437.6649475097656,492.6701965332031,433.6261901855469,491.1003112792969,5190427957,BITCOIN_CASH,-0.10891690451408043,-0.11531759493289963,0.051639754333061845,0.052800238471461015,463.22620064871654,393.5799896240234,1.1769556706661441
2020-02-16,415.9406433105469,455.3826293945313,393.8258361816406,438.8775024414063,5449550841,BITCOIN_CASH,-0.049636838231679525,-0.050911091890630526,0.054070932139477314,0.04974970589935178,458.38720703125,395.2121114095052,1.15985111234682
2020-02-17,409.3445739746094,416.8081665039063,372.6043701171875,415.0501098632813,6803728992,BITCOIN_CASH,-0.01585819862045268,-0.01598528521927742,0.05348986081703087,0.047393972032427636,452.16678728376115,397.5530548095703,1.137374702101965
2020-02-18,418.8741760253906,423.4830017089844,387.8839721679688,409.6348876953125,5886874448,BITCOIN_CASH,0.023280147476371305,0.02301329843021937,0.05399654411785434,0.047460696965088166,446.1119297572545,400.2386901855469,1.1146147054160136
2020-02-19,382.2194213867188,421.6566467285156,378.70843505859375,419.09710693359375,4542003340,BITCOIN_CASH,-0.08750779288062371,-0.091575733705107,0.05697235646664565,0.050717639805296165,432.7889142717634,401.51909891764325,1.0778787744802496
2020-02-20,372.4815979003906,386.3260498046875,361.7483215332031,381.3004760742188,6890851156,BITCOIN_CASH,-0.02547705046226767,-0.0258072102474461,0.05567765624191778,0.050995211378962825,418.24085780552457,402.4877593994141,1.0391393229687707
2020-02-21,379.3971862792969,385.3952331542969,369.5458068847656,372.2878723144531,4836161572,BITCOIN_CASH,0.01856625513283916,0.018396006245772912,0.052508397514326295,0.051054352928127,402.274649483817,403.55995483398436,0.9968150820348463
2020-02-22,373.8331298828125,380.342041015625,369.83251953125,379.8045654296875,3527159322,BITCOIN_CASH,-0.014665518347804385,-0.014774120171268203,0.03965613905749778,0.04947340414999224,393.1558183942522,405.19212544759114,0.9702948149842666
2020-02-23,401.6355285644531,401.6355285644531,373.0745544433594,373.7572937011719,4162646980,BITCOIN_CASH,0.07437114706862924,0.07173551094133665,0.050604618065090756,0.05077490808837007,391.1122305733817,407.9292795817057,0.9587745968478448
2020-02-24,377.5785827636719,410.405517578125,367.0270690917969,401.3996276855469,4914188970,BITCOIN_CASH,-0.05989745450749051,-0.0617663187185942,0.05502623648143667,0.051999448729634815,386.57423182896207,410.13662109375,0.9425499015378048
2020-02-25,353.9774475097656,377.4973754882813,348.12451171875,377.1636657714844,4606854507,BITCOIN_CASH,-0.06250655183129994,-0.06454550978204496,0.055808883681714556,0.04984866153852438,377.3032706124442,410.36927388509116,0.9194237839504867
2020-02-26,316.6441345214844,359.0518493652344,307.8385009765625,353.9785461425781,6763748571,BITCOIN_CASH,-0.1054680552417151,-0.11145466425260725,0.06015432678463783,0.05315473170052121,367.9353724888393,408.8357676188151,0.8999588627771189
2020-02-27,323.2856750488281,332.8537902832031,308.7215576171875,318.0464782714844,5287840793,BITCOIN_CASH,0.0209747783181915,0.020757835956927886,0.06280984820216995,0.052598265879928184,360.90738351004467,406.9833190917969,0.8867866730150687
2020-02-28,313.6275329589844,328.6724853515625,301.7050476074219,323.1212158203125,5138037107,BITCOIN_CASH,-0.029874946016043014,-0.030330294161442728,0.0604714208710351,0.05273885912102203,351.51171875,404.7201192220052,0.8685303795267507
2020-02-29,308.32623291015625,321.0697937011719,306.9123229980469,313.9254150390625,3835560261,BITCOIN_CASH,-0.016903171729892197,-0.017047660868040476,0.06039964142149097,0.05232368821842027,342.1535906110491,401.898589070638,0.8513430997661748
2020-03-01,313.303466796875,321.9158935546875,305.8775329589844,308.260498046875,4048910843,BITCOIN_CASH,0.016142751914882014,0.01601384313977857,0.047413965358658834,0.052004114601000025,329.5347246442522,399.829052734375,0.8241890437691065
2020-03-02,336.79327392578125,340.65252685546875,311.5241394042969,313.32330322265625,19808528742,BITCOIN_CASH,0.07497461604577604,0.07229704832016186,0.0603411770205527,0.05382486883761743,323.708251953125,398.3550496419271,0.8126123975184938
2020-03-03,329.2382507324219,337.59100341796875,323.6767578125,336.9118957519531,29574589033,BITCOIN_CASH,-0.022432227061114807,-0.02268765659622688,0.05673289169214315,0.0539296485231988,320.174080984933,396.7205576578776,0.8070519029191413
2020-03-04,319.2500915527344,330.95947265625,313.5711975097656,329.5291748046875,10228558602,BITCOIN_CASH,-0.030337177279577632,-0.030806873356348026,0.03781300460044032,0.0540070613797913,320.5463605608259,394.56627095540364,0.8124018299502749
2020-03-05,337.24481201171875,342.56268310546875,319.3156433105469,319.3156433105469,4756771998,BITCOIN_CASH,0.05636559216463666,0.054834330070410754,0.042640296570962175,0.055137649000165385,322.54052298409596,393.121098836263,0.8204609824781645
2020-03-06,348.8934936523437,351.4958190917969,334.17486572265625,337.394775390625,4856222089,BITCOIN_CASH,0.03454072894743354,0.03395758808813135,0.04036392234595304,0.047548860749877575,327.5785173688616,390.01727701822915,0.8399077083796747
2020-03-07,330.8061218261719,349.63446044921875,330.38720703125,349.1767883300781,3875979762,BITCOIN_CASH,-0.051842101257970286,-0.05323423074220603,0.046963467141130345,0.048219557668879066,330.78993007114957,386.2846171061198,0.856337310424855
2020-03-08,276.1997985839844,331.1315612792969,274.5147399902344,331.0129699707031,4940601444,BITCOIN_CASH,-0.16507047372866146,-0.18040795736817822,0.08559767614481825,0.05740107745774587,325.4894060407366,380.83282979329425,0.8546779074099348
2020-03-09,273.2071228027344,279.0417175292969,255.10519409179688,275.9615478515625,5692575812,BITCOIN_CASH,-0.010835184517124175,-0.01089431262609311,0.0762330699718391,0.05723041439559814,316.4056701660156,375.15618998209635,0.8433971732709928
2020-03-10,271.7152404785156,277.1541442871094,265.6618347167969,273.5170593261719,4070679142,BITCOIN_CASH,-0.0054606274862604165,-0.005475591211613308,0.07677976946248477,0.056984301538576004,308.18809727260043,369.2195780436198,0.834701396132875
2020-03-11,266.85546875,273.9375915527344,253.3833770751953,271.84442138671875,3633629631,BITCOIN_CASH,-0.01788553236821433,-0.018047411604455693,0.07683774260861384,0.05680956710794708,300.7031511579241,363.0185099283854,0.8283410981364157
2020-03-12,152.22499084472656,266.9176940917969,150.85890197753906,266.75347900390625,5267287206,BITCOIN_CASH,-0.4295601601954183,-0.5613475669414244,0.2088572435191002,0.11397634672243448,274.2717481340681,352.71740366617837,0.777596300276826
2020-03-13,176.49472045898438,187.8793029785156,139.21664428710938,152.17665100097656,7430982761,BITCOIN_CASH,0.15943328017022895,0.14793133416067872,0.2260183966316703,0.11830951228647736,249.64335196358817,342.75121002197267,0.7283514825449758
2020-03-14,167.584716796875,180.14442443847656,165.05343627929688,177.12457275390625,3542066431,BITCOIN_CASH,-0.050483117222647866,-0.05180196818502546,0.2260656369577819,0.1182126325297452,226.32600838797433,332.52676747639975,0.6806249316576815
2020-03-15,178.311279296875,187.47628784179688,166.020263671875,167.5603790283203,3000089521,BITCOIN_CASH,0.06400680625907773,0.06204178775902828,0.22972676079421145,0.11886570842775021,212.34193420410156,322.0984553019206,0.6592454285602264
2020-03-16,170.7366485595703,183.1640167236328,152.2965545654297,178.19683837890625,4079544956,BITCOIN_CASH,-0.04247981825475822,-0.04340848060874175,0.2288360955395854,0.11788566085307838,197.7032950265067,313.2008453369141,0.6312348704354064
2020-03-17,180.32638549804688,185.09710693359372,170.54531860351562,171.05067443847656,3314225864,BITCOIN_CASH,0.056166833655111104,0.05464615922135512,0.23263381202295744,0.1188538633778366,184.64774431501115,305.34703674316404,0.6047143810022415
2020-03-18,179.0923309326172,182.5297393798828,171.39852905273438,179.77847290039062,2984002272,BITCOIN_CASH,-0.006843449792559908,-0.006866973579088676,0.23299649352934812,0.1188969265962613,172.1101531982422,297.67196197509764,0.5781873175298936
2020-03-19,221.2685546875,229.17681884765625,177.77716064453125,178.9247589111328,5208693462,BITCOIN_CASH,0.2354998873220957,0.21147565524627726,0.09838000872591537,0.1264028227333368,181.97351946149553,291.0851079305013,0.6251557173613397
2020-03-20,214.4249420166016,242.51275634765625,198.2738800048828,221.47735595703125,5643988214,BITCOIN_CASH,-0.030928988895705167,-0.031417386903060125,0.09286691280738821,0.12572443155822247,187.39212254115515,285.49195861816406,0.6563831900841236
2020-03-21,219.3675079345703,225.13912963867188,209.30018615722656,214.3974609375,4157945375,BITCOIN_CASH,0.023050331139117475,0.022788685308710737,0.08625343583285783,0.12595012928273755,194.78966413225447,280.3881556193034,0.6947143102461498
2020-03-22,203.6722869873047,229.77989196777344,202.99118041992188,219.5990447998047,4015953536,BITCOIN_CASH,-0.07154761019552158,-0.0742361759666566,0.09498306586102027,0.12617129149660042,198.41266523088728,274.53065897623696,0.7227340872265259
2020-03-23,219.3304748535156,219.85073852539065,200.7449951171875,203.528076171875,4187958180,BITCOIN_CASH,0.07687932461418723,0.0740673441844481,0.09246386893776094,0.12735311141015282,205.3546404157366,269.3805704752604,0.7623216479697675
2020-03-24,227.24609375,229.3258819580078,218.09034729003903,219.8243560791016,3821906574,BITCOIN_CASH,0.03608991820115737,0.03545393370140288,0.09209500685674345,0.12664408348431183,212.05745588030135,263.5675893147787,0.8045657526845655
2020-03-25,220.4403533935547,228.2881774902344,215.91781616210935,227.4053955078125,3456700025,BITCOIN_CASH,-0.029948767189514447,-0.03040639154909715,0.09420063845645162,0.12640797900169493,217.96431623186385,258.3296483357747,0.8437448726309403
2020-03-26,226.8231201171875,226.855224609375,220.5288848876953,220.5288848876953,3364466566,BITCOIN_CASH,0.028954620265181585,0.02854335506815221,0.05068167817131616,0.12636698259662166,218.75782557896204,254.09117075602214,0.8609422552073361
2020-03-27,217.58334350585935,232.0724639892578,216.9846343994141,226.9561309814453,3273866630,BITCOIN_CASH,-0.04073560317199787,-0.04158854154653593,0.05198015855451618,0.1251630050081811,219.20902579171317,250.78914438883464,0.8740770112913729
2020-03-28,214.22467041015625,217.33529663085935,205.44015502929688,217.33529663085935,3419855738,BITCOIN_CASH,-0.015436260154779058,-0.015556639631302287,0.051452975732343025,0.1250057077752389,218.47433471679688,247.15377756754557,0.8839611389596876
2020-03-29,206.4635009765625,216.02633666992188,205.6572723388672,214.134765625,2748237987,BITCOIN_CASH,-0.03622911132846718,-0.03690167997213428,0.04432664241798839,0.12504157519099252,218.87307957240515,243.5816431681315,0.898561470912357
2020-03-30,221.53810119628903,224.1037750244141,206.2023162841797,206.3626708984375,3193929370,BITCOIN_CASH,0.07301339049480604,0.07047094306259073,0.043361711724569214,0.12598385463118625,219.1884547642299,240.68870544433594,0.9106719584518336
2020-03-31,219.62759399414065,223.5776824951172,217.4749755859375,221.21221923828125,2933494164,BITCOIN_CASH,-0.008623831258965375,-0.008661231670222438,0.04071788058565445,0.12588178862355287,218.10009765625,237.56617635091146,0.9180603948185456
2020-04-01,224.0209503173828,224.0209503173828,213.3535919189453,219.26390075683597,3197608308,BITCOIN_CASH,0.020003662760879504,0.019806218231771026,0.03988408786382441,0.12503392335246066,218.61161150251115,233.80709889729818,0.9350084430008613
2020-04-02,232.6527862548828,242.66427612304688,223.21585083007807,223.8942413330078,4225298020,BITCOIN_CASH,0.03853137809330254,0.03780757870020262,0.041037022979140615,0.12536952995983988,219.44442095075334,230.58758341471355,0.9516749241266858
2020-04-03,235.81333923339844,241.36129760742188,231.5727081298828,232.51351928710935,3713212644,BITCOIN_CASH,0.013584849033585478,0.013493402235080786,0.035879165556788176,0.12539608270070168,222.0487060546875,227.80635833740234,0.9747256734854292
2020-04-04,238.8193359375,239.31886291503903,233.0816192626953,235.86216735839844,3145975504,BITCOIN_CASH,0.01274735650609804,0.012666792883578701,0.03386179289350169,0.12487841309339033,225.5622297014509,224.5255091349284,1.0046173843253574
2020-04-05,231.99798583984372,239.705810546875,228.1375732421875,238.75189208984372,3000506532,BITCOIN_CASH,-0.028562804895502447,-0.02897865959920204,0.03189242700904045,0.12461673318852844,229.21001325334822,220.62899220784504,1.0388934426053098
2020-04-06,255.9195098876953,256.0498046875,231.6900634765625,231.9339599609375,4488196701,BITCOIN_CASH,0.1031109126282046,0.09813429063595784,0.04028233501155509,0.1260132575003102,234.12164306640625,218.13277180989584,1.0732988038608193
2020-04-07,252.0573272705078,262.7758178710937,249.3090057373047,256.2571105957031,4141693728,BITCOIN_CASH,-0.015091395802072083,-0.015206429731402182,0.04114180308313886,0.12178304478964669,238.75446210588728,217.3280227661133,1.0985903201394003
2020-04-08,266.2397155761719,277.6513977050781,250.1910400390625,252.0526885986328,5490182226,BITCOIN_CASH,0.05626651864971777,0.054740538525272,0.04322641313050656,0.12222600110956583,244.78571428571428,217.0957758585612,1.1275471082642952
2020-04-09,257.4815979003906,272.5317077636719,254.6571044921875,266.4084167480469,3810256863,BITCOIN_CASH,-0.03289560934523883,-0.03344883624805795,0.04776736107862886,0.12236903604221816,248.3326873779297,216.62132110595704,1.1463907897434598
2020-04-10,233.0908203125,258.9926147460937,229.1902008056641,257.4035949707031,4209340295,BITCOIN_CASH,-0.09472823606340386,-0.09952008871807434,0.06437147423382467,0.12363967080588345,247.94375610351562,215.49583282470704,1.1505733213189464
2020-04-11,232.05343627929688,239.3975982666016,223.8828582763672,233.03370666503903,3375116763,BITCOIN_CASH,-0.0044505572197666154,-0.004460490432728269,0.06406095650389969,0.06510203800432698,246.9771990094866,218.1567810058594,1.1321087424866851
2020-04-12,235.79196166992188,241.8480682373047,228.6724853515625,232.29347229003903,3302348952,BITCOIN_CASH,0.016110622840014077,0.015982223977257078,0.06340203935888229,0.06000290373429851,247.51919555664062,220.13335571289062,1.1244056801617472
2020-04-13,223.85189819335935,235.9724273681641,218.16403198242188,235.9724273681641,3773119195,BITCOIN_CASH,-0.050638127746174266,-0.05196523350510976,0.049440303229861454,0.06000867715627429,242.93810817173548,222.00892842610676,1.0942717930040131
2020-04-14,221.9703369140625,228.10336303710935,221.14956665039065,224.0659942626953,3488071916,BITCOIN_CASH,-0.008405384517542025,-0.008440908966484221,0.04959557040577014,0.059261828795974865,238.6399666922433,223.4642303466797,1.0679112550676237
2020-04-15,215.50686645507807,224.707275390625,214.97824096679688,222.0973052978516,2913397511,BITCOIN_CASH,-0.029118622554899387,-0.02955098350365718,0.03776849315894644,0.05890588583751692,231.39241681780135,224.95657094319662,1.0286092815498589
2020-04-16,235.5927734375,238.1910400390625,209.52166748046875,215.5862274169922,4494166640,BITCOIN_CASH,0.09320309516267211,0.08911200635451508,0.05864842359401406,0.060174251799011785,228.26544189453125,226.7987838745117,1.0064667807955754
2020-04-17,233.6195068359375,237.47885131835935,231.96209716796875,235.74169921875,3171543712,BITCOIN_CASH,-0.008375751822820576,-0.008411025532772854,0.044592944655977074,0.060188871152048656,228.3409685407366,228.6163564046224,0.9987954148678742
2020-04-18,243.07899475097656,245.7857666015625,233.5261993408203,233.6702423095703,3305881530,BITCOIN_CASH,0.040491001985044406,0.039692719034288976,0.04686811024466052,0.046967385758883734,229.91604832240515,229.34337107340494,1.0024970298741136
2020-04-19,233.5887908935547,246.79852294921875,233.5389709472656,243.04722595214844,3151276767,BITCOIN_CASH,-0.03904164515384867,-0.03982420617857282,0.04967474168646718,0.04720511798873046,229.60130964006697,229.98216603597004,0.9983439742199685
2020-04-20,221.5682830810547,239.6705780029297,219.0396270751953,233.43609619140625,3451593161,BITCOIN_CASH,-0.05146012257915955,-0.05283144787529335,0.04982272846137477,0.048114141419011484,229.27507890973772,230.05552520751954,0.9966075742059322
2020-04-21,221.7474365234375,223.8639068603516,218.26248168945312,221.3257598876953,3200278407,BITCOIN_CASH,0.0008085698904716221,0.0008082431739413045,0.049729444556193984,0.04600829286686289,229.2432359967913,230.65803019205728,0.9938662694982353
2020-04-22,233.2998504638672,234.99966430664065,220.1941070556641,221.63265991210935,3269706986,BITCOIN_CASH,0.05209717019303017,0.05078547715358071,0.05106381401784492,0.04494948297419775,231.78509085518974,231.12367604573566,1.0028617354170293
2020-04-23,236.595947265625,240.9862518310547,228.0653839111328,233.4698181152344,3933867096,BITCOIN_CASH,0.014128156512763335,0.014029284276270582,0.03829152679286511,0.044569184633493915,231.92840140206474,231.43533782958986,1.00213045932008
2020-04-24,239.7686920166016,241.878662109375,236.7661895751953,236.91378784179688,3222729325,BITCOIN_CASH,0.013409970828513584,0.013320852997369678,0.038319480147650145,0.04420858687432078,232.8068564278739,232.0796157836914,1.003133582592882
2020-04-25,239.7178649902344,244.3758850097656,238.10659790039065,239.7606964111328,3228034423,BITCOIN_CASH,-0.00021198358275931195,-0.00021200605445480147,0.03488925832325806,0.043942146935979275,232.32669503348214,232.50944061279296,0.9992140294225078
2020-04-26,246.2655792236328,248.0518798828125,239.3292388916016,239.64280700683597,3598384103,BITCOIN_CASH,0.02731425225093309,0.026947874648111384,0.03181322357342464,0.04338433986337873,234.13766479492188,233.46551513671875,1.0028790104517555
2020-04-27,243.2716522216797,248.65350341796875,237.4867401123047,246.35357666015625,3957867549,BITCOIN_CASH,-0.012157310052796078,-0.012231814612441329,0.020746213839659324,0.04333654186449841,237.23814610072546,234.43374786376953,1.0119624340032545
2020-04-28,243.70098876953125,244.31332397460935,239.75733947753903,243.2686309814453,3253434689,BITCOIN_CASH,0.0017648441317787977,0.0017632886242573667,0.020652920763923194,0.04264019622194931,240.3743678501674,235.67499745686848,1.0199400464368689
2020-04-29,257.492431640625,259.7848205566406,242.3564910888672,243.785400390625,4812318624,BITCOIN_CASH,0.05659165742711192,0.055048310039368026,0.021957672566722534,0.04191704784856634,243.83045087541853,236.87347513834635,1.0293700074818801
2020-04-30,249.84295654296875,275.158203125,247.414794921875,257.4105529785156,5464514305,BITCOIN_CASH,-0.029707572564044993,-0.030157781334676562,0.027605019192139618,0.04234046413582897,245.72288077218192,237.88065388997396,1.032967064592967
2020-05-01,257.2282409667969,261.6734313964844,249.93618774414065,249.93618774414065,3502984887,BITCOIN_CASH,0.029559706329195468,0.02913124126707115,0.028756456111832352,0.04249220783277712,248.21710205078125,238.98756357828776,1.0386193253502503
2020-05-02,261.9789733886719,262.2106628417969,253.757568359375,257.2315673828125,3062945430,BITCOIN_CASH,0.018468937951833242,0.01830045838149415,0.028506511511950064,0.042114216892495504,251.39726039341517,239.96510314941406,1.047640915674655
2020-05-03,252.5444793701172,266.56817626953125,247.8617401123047,261.9711303710937,3830272430,BITCOIN_CASH,-0.03601240930338967,-0.036676857175804205,0.032991688786164604,0.04271432770209021,252.29424612862724,240.522807820638,1.048941048105373
2020-05-04,245.4697723388672,253.26171875,240.4014587402344,252.42855834960935,3731133845,BITCOIN_CASH,-0.028013706927569215,-0.028413576398463557,0.034802820243539194,0.04302736058568518,252.60826328822546,240.74448903401694,1.0492795257819263
2020-05-05,244.59231567382807,249.2342071533203,241.84686279296875,245.409423828125,3335620972,BITCOIN_CASH,-0.003574601698117852,-0.0035810058528577306,0.03484916773230468,0.04266724212209894,252.735595703125,241.16430002848307,1.0479809643188287
2020-05-06,245.8161163330078,254.1166839599609,242.98321533203125,244.3135223388672,3315416831,BITCOIN_CASH,0.005003430528094377,0.004990954966003654,0.025741119541190734,0.03860853796282062,251.0675506591797,240.82752024332683,1.0425201837626636
2020-05-07,252.66128540039065,256.0917053222656,241.0355224609375,245.8935394287109,3669677517,BITCOIN_CASH,0.027846705779492886,0.02746603702210216,0.026173142548800408,0.038865370715078555,251.4701690673828,240.84765218098957,1.0441047142880626
2020-05-08,261.4407958984375,264.8417358398437,247.6076812744141,252.5208740234375,3977784265,BITCOIN_CASH,0.03474814308861762,0.034158057094350505,0.027106652207883466,0.03804008916997431,252.07196262904577,240.68768819173178,1.0472989479555153
2020-05-09,266.1372985839844,274.46417236328125,259.682861328125,261.0458984375,4711612711,BITCOIN_CASH,0.01796392437303984,0.017804479752894124,0.027058526262559845,0.03766328366006385,252.66600908551897,240.97621154785156,1.0485101722804124
2020-05-10,232.79788208007807,266.38055419921875,225.9609222412109,266.38055419921875,5084650413,BITCOIN_CASH,-0.12527149212565358,-0.1338417174853345,0.05780696274856581,0.04118206457253701,249.8450666155134,240.96644694010416,1.0368458753828749
2020-05-11,234.95458984375,236.40982055664065,221.53536987304688,232.990478515625,4251733844,BITCOIN_CASH,0.009264292889615167,0.009221642542747618,0.057736038394163296,0.04120719747267462,248.34289768763952,241.06315205891926,1.030198500129713
2020-05-12,233.1196746826172,237.6669769287109,230.69088745117188,235.34234619140625,3319282598,BITCOIN_CASH,-0.007809658718959556,-0.007840313811794038,0.057725609966361245,0.04112630455163597,246.70394897460938,240.9740758260091,1.0237779650319623
2020-05-13,239.16012573242188,240.22857666015625,230.90994262695312,233.07550048828125,2955784580,BITCOIN_CASH,0.025911373881370103,0.0255813627850079,0.058942103608225695,0.04019877813880807,245.75309317452567,241.4843500773112,1.0176771003828937
2020-05-14,241.85679626464844,244.16783142089844,235.53001403808597,238.7760772705078,3882506405,BITCOIN_CASH,0.01127558586101296,0.011212490292756375,0.0578088087114832,0.04017944114323618,244.2095947265625,242.14723205566406,1.008516978093825
2020-05-15,235.5139617919922,242.269775390625,233.64767456054688,241.79104614257807,3128349198,BITCOIN_CASH,-0.026225578816134187,-0.02657560259036503,0.05523484382351705,0.040100272839873226,240.5057612827846,242.8141352335612,0.9904932472380317
2020-05-16,236.64601135253903,239.91136169433597,234.12750244140625,235.54470825195312,2812165778,BITCOIN_CASH,0.004806719533454684,0.004795204143208968,0.054158651069512696,0.036661085267472866,236.292720249721,242.8492431640625,0.9730016745001255
2020-05-17,241.1920623779297,244.96145629882807,236.0435791015625,236.5227203369141,2945657400,BITCOIN_CASH,0.019210342905878308,0.019028153847338018,0.017505749632738078,0.03678225238738592,237.49188886369978,243.1016616821289,0.9769241691742763
2020-05-18,247.82530212402344,253.1949462890625,240.94825744628903,241.31393432617188,3247380685,BITCOIN_CASH,0.027501899028915755,0.02713051558986903,0.019419332009253148,0.03639680580783428,239.330562046596,243.25987192789714,0.9838472747265697
2020-05-19,245.93243408203125,249.8692321777344,243.06954956054688,247.94476318359372,2843744723,BITCOIN_CASH,-0.00763791277875614,-0.007667231016736022,0.01939646440484176,0.03562931319459501,241.16095624651228,243.67132670084635,0.9896977191025187
2020-05-20,239.5227508544922,247.2677001953125,237.71392822265625,245.76922607421875,2793413864,BITCOIN_CASH,-0.026062781232836896,-0.026408434534953604,0.021248435255007653,0.03454445030363156,241.21275983537947,244.26980895996093,0.9874849489685296
2020-05-21,228.3959045410156,241.6224822998047,222.3531494140625,239.48257446289065,3084097042,BITCOIN_CASH,-0.04645423565728857,-0.04756785892908845,0.027011764254746242,0.03573927715060173,239.28977530343192,244.49142456054688,0.9787246147120927
2020-05-22,234.5031890869141,235.45249938964844,225.87448120117188,228.35772705078125,2690376408,BITCOIN_CASH,0.02673990393204151,0.026388640771895108,0.028383505300878187,0.03483309237618911,239.14537920270647,244.53153584798176,0.9779735704574983
2020-05-23,234.97735595703125,238.5353546142578,232.3497314453125,234.5587921142578,2403159772,BITCOIN_CASH,0.00202200606295988,0.0020199645601913343,0.028314648307823487,0.03473721859056309,238.90699986049108,244.477582804362,0.9772143405543704
2020-05-24,224.8321990966797,237.0311737060547,224.7442169189453,234.9898834228516,2576633240,BITCOIN_CASH,-0.043175040501378104,-0.044134809693508664,0.030817980495314853,0.035539031428001536,236.56987653459822,243.97969970703124,0.9696293454687801
2020-05-25,230.56382751464844,231.73989868164065,223.15380859375,224.4893341064453,2405283865,BITCOIN_CASH,0.02549291623262606,0.025173390883452763,0.03043106640481898,0.03588712528993414,234.10395159040178,243.67456512451173,0.9607237894147073
2020-05-26,227.2208709716797,230.91909790039065,224.519287109375,230.5618438720703,2604514395,BITCOIN_CASH,-0.014499050345424869,-0.014605188762657364,0.030443484687176538,0.03555975918014581,231.43087114606584,243.03974151611328,0.9522346826999164
2020-05-27,233.5209503173828,234.03079223632807,226.86691284179688,227.27850341796875,3107896651,BITCOIN_CASH,0.027726675453543015,0.027349251771639056,0.03269561623194314,0.03592565440859029,230.57347106933594,242.7147181193034,0.9499772937379117
2020-05-28,239.40753173828125,239.99240112304688,230.63954162597656,233.5792388916016,3295793176,BITCOIN_CASH,0.02520793707330271,0.02489545745332967,0.027526840578544126,0.03624193091747036,232.1465606689453,242.57160288492838,0.957022825046308
2020-05-29,238.1483459472656,242.3585205078125,235.6391143798828,239.46180725097656,3328065949,BITCOIN_CASH,-0.0052595913832492736,-0.005273471725352512,0.02633299390192224,0.034688550861616256,232.66729736328125,241.9268000284831,0.9617260152074443
2020-05-30,251.29953002929688,251.76719665527344,236.2403717041016,238.174560546875,3987199933,BITCOIN_CASH,0.055222655566725676,0.05375179259109394,0.032750163041550054,0.035756605693892,234.99903651646204,241.97535247802733,0.9711693117083122
2020-05-31,239.8770294189453,251.27980041503903,238.76351928710935,251.27980041503903,3391410580,BITCOIN_CASH,-0.04545372850088458,-0.04651915977904295,0.03340790213254426,0.03630876438629801,237.14829799107142,241.39697875976563,0.9823996108380361
2020-06-01,255.3521881103516,256.04217529296875,239.10916137695312,239.84722900390625,3467571665,BITCOIN_CASH,0.0645128828253867,0.06251730750962338,0.03890355532144499,0.03803159604893463,240.68949236188615,241.17608591715495,0.9979824137479537
2020-06-02,249.05322265625,266.46832275390625,245.81809997558597,255.15139770507807,4553495543,BITCOIN_CASH,-0.024667755936281455,-0.02497710288858763,0.040370588877362744,0.03771021595787189,243.8083997453962,241.05971069335936,1.011402523649144
2020-06-03,252.0636138916016,252.144287109375,246.54367065429688,249.06175231933597,3089648824,BITCOIN_CASH,0.012087341023916842,0.012014872500782148,0.03988200141850725,0.037398052120804506,246.4573516845703,241.27950541178384,1.0214599506242754
2020-06-04,256.684814453125,258.7501220703125,248.81301879882807,252.13841247558597,2675520555,BITCOIN_CASH,0.018333469437245897,0.01816743760903665,0.03956878252419975,0.03751912021975143,248.92553492954798,241.68258870442708,1.029968837490312
2020-06-05,256.7554016113281,262.2632751464844,255.7275390625,256.6915588378906,2284892761,BITCOIN_CASH,0.00027499545835429906,0.00027495765403376014,0.03926732223742468,0.037514339057173926,251.58368573869978,242.04723154703777,1.039399145905161
2020-06-06,253.2701568603516,259.12939453125,252.06838989257807,256.7499084472656,1789267443,BITCOIN_CASH,-0.013574182779034327,-0.01366715429835264,0.0349972974644221,0.03728170931524487,251.86520385742188,242.0675272623698,1.0404749728551268
2020-06-07,254.33514404296875,255.69119262695312,246.8877716064453,253.3101959228516,2029755285,BITCOIN_CASH,0.004204945406198757,0.00419612932870649,0.02805299021612727,0.03673463466073801,253.93064880371094,241.83067220052084,1.0500349128300692
2020-06-08,255.1183013916016,256.8124694824219,251.9416961669922,254.2381896972656,1911457074,BITCOIN_CASH,0.003079233707869111,0.0030745025774380533,0.014787807118453825,0.036573841143265264,253.89723641531808,241.46337229410807,1.0514937897333152
2020-06-09,255.30441284179688,256.0477294921875,252.1210784912109,255.12493896484372,2495377513,BITCOIN_CASH,0.0007295103847120288,0.0007292444213521557,0.010008992470873064,0.026687441687338467,254.79026358468192,242.21358998616537,1.051923897413167
2020-06-10,257.2525939941406,257.96710205078125,253.84934997558597,255.2957305908203,1751487317,BITCOIN_CASH,0.0076308166030445435,0.007601849192034768,0.009513019339654776,0.026676215900623943,255.53154645647322,242.95685679117838,1.0517568832235213
2020-06-11,236.43728637695312,258.0511169433594,235.2791748046875,257.2331848144531,2357578052,BITCOIN_CASH,-0.08091388815174239,-0.08437545933145872,0.032728687585298004,0.03105173531881159,252.6390424455915,243.06744384765625,1.0393783653064386
2020-06-12,242.23878479003903,243.8662109375,235.13140869140625,236.43235778808597,1575407714,BITCOIN_CASH,0.02453715529384204,0.024240954797458972,0.0353438414952524,0.03101530120655711,250.56524004255022,243.1700658162435,1.0304115319518605
2020-06-13,241.16116333007807,242.4555206298828,238.4854278564453,242.28271484375,1249523526,BITCOIN_CASH,-0.004448591751708975,-0.004458516180086444,0.03528272057224149,0.030959291173967955,248.83538382393974,243.14687805175782,1.0233953477739945
2020-06-14,238.761962890625,241.1841735839844,237.4137420654297,241.11573791503903,1293145682,BITCOIN_CASH,-0.009948535685944115,-0.009998353049018829,0.03493830516066386,0.030616414945671588,246.6106436593192,243.25514475504556,1.0137941539022848
2020-06-15,236.2717742919922,239.4488525390625,226.23448181152344,238.761962890625,1735535133,BITCOIN_CASH,-0.010429586725141604,-0.010484356011616949,0.03452906450921412,0.030668797348424842,243.91828264508928,243.24267018636067,1.0027775244294554
2020-06-16,237.5287628173828,239.3891448974609,235.6566162109375,236.2512664794922,1436709293,BITCOIN_CASH,0.005320096017212839,0.005305994299281244,0.03482939790111917,0.030476128190398622,241.37890407017298,243.1205602010091,0.9928362449913897
2020-06-17,240.45362854003903,241.6400451660156,235.8423309326172,237.54591369628903,1423308166,BITCOIN_CASH,0.012313732821085388,0.012238535490332264,0.035268139054805484,0.030129700768164503,238.9790518624442,242.87483774820964,0.9839596974232291
2020-06-18,236.96237182617188,240.72073364257807,234.2318420410156,240.45362854003903,1297367924,BITCOIN_CASH,-0.01451945946944122,-0.01462589836761176,0.014192370322846396,0.030209427002367815,239.05406406947546,242.57583567301432,0.9854817707057758
2020-06-19,232.33120727539065,237.22531127929688,231.51873779296875,236.94744873046875,1539773469,BITCOIN_CASH,-0.019543881651296502,-0.019737388708585078,0.011269840827386749,0.030041852977087172,237.6386958530971,242.33611755371095,0.9806160891408491
2020-06-20,231.904541015625,236.0438995361328,228.6358795166016,232.5141448974609,1456119912,BITCOIN_CASH,-0.001836456947688081,-0.0018381453021252435,0.011371309906451278,0.028729884693248383,236.31632123674666,242.45307210286458,0.9746889127331234
2020-06-21,231.2866973876953,234.8838806152344,231.06300354003903,231.6234130859375,1140422501,BITCOIN_CASH,-0.0026642153069700303,-0.0026677706447652194,0.011234540014009052,0.028314080594597935,235.24842616489954,242.34585571289062,0.9707136335089654
2020-06-22,239.7896881103516,242.60179138183597,231.04786682128903,231.2302398681641,1747834935,BITCOIN_CASH,0.03676385550355765,0.03610418441826103,0.01854822454798738,0.029090238807660995,235.75098528180803,242.50626678466796,0.9721438889294426
2020-06-23,240.80845642089844,243.85452270507807,235.6319732666016,239.87808227539065,1205235951,BITCOIN_CASH,0.0042485909989506965,0.004239591218133048,0.01852197353172507,0.027834317615168,236.21951293945312,243.03880869547527,0.9719415356229522
2020-06-24,233.15579223632807,245.06565856933597,231.1907501220703,241.05221557617188,1318424526,BITCOIN_CASH,-0.031779050861879266,-0.032294964509507695,0.02176667439475137,0.02818039782318041,235.17696489606584,243.12520751953124,0.9673080273964316
2020-06-25,232.4136199951172,234.56378173828125,228.5406188964844,233.09848022460935,1119333309,BITCOIN_CASH,-0.0031831602127156966,-0.0031882372440511786,0.021295563352370404,0.028047932785751555,234.52714320591517,243.29829915364584,0.963948963152465
2020-06-26,230.10769653320312,234.32472229003903,229.17909240722656,233.01144409179688,1354186233,BITCOIN_CASH,-0.009921636528713362,-0.009971183964593195,0.020295011956073698,0.0276524894193279,234.2094988141741,243.1845240275065,0.9630937649127819
2020-06-27,218.40892028808597,232.44973754882807,214.19371032714844,229.8044891357422,1254377553,BITCOIN_CASH,-0.05084043872226196,-0.05217835828029562,0.02795888074082037,0.028770358510599253,232.28155299595423,242.4845703125,0.9579230245314301
2020-06-28,222.71221923828125,225.66278076171875,214.87408447265625,219.01123046875,1103240861,BITCOIN_CASH,0.019702945028614804,0.019511354516278712,0.02992612039678262,0.02905901227685048,231.05662754603796,241.97003275553385,0.9548976991687154
2020-06-29,225.197021484375,226.42141723632807,219.1707763671875,222.71795654296875,1220387625,BITCOIN_CASH,0.011157009052275013,0.011095228724512214,0.025277597465817415,0.02720990260742458,228.97196088518416,241.0999491373698,0.9496972591840923
2020-06-30,221.9916839599609,226.31082153320312,220.7437438964844,224.92193603515625,1035300969,BITCOIN_CASH,-0.014233480990495595,-0.014335748556538708,0.02462642846289032,0.02607234257122269,226.28385053362166,240.50377095540364,0.9408744388277439
2020-07-01,223.6864318847656,226.89752197265625,221.29183959960935,222.5667266845703,1116192161,BITCOIN_CASH,0.007634285638872695,0.007605291950830419,0.023642265861102612,0.023102841651453092,224.9310847691127,239.4482457478841,0.9393724479649912
2020-07-02,222.30377197265625,225.4071044921875,219.46165466308597,223.77761840820312,1091433602,BITCOIN_CASH,-0.006181241751943345,-0.0062004247172924385,0.02361158509309882,0.022778595948217257,223.486820765904,238.5565973917643,0.9368293445219111
2020-07-03,221.56253051757807,223.9868621826172,220.1546936035156,222.28347778320312,945457250,BITCOIN_CASH,-0.003334362923762546,-0.0033399342999236767,0.023575242912076605,0.022582949127555915,222.26608276367188,237.5398946126302,0.935700014206598
2020-07-04,225.3276824951172,226.1443023681641,220.44805908203125,221.3977813720703,990572133,BITCOIN_CASH,0.016993631408449783,0.016850854911564697,0.012660695839111082,0.02253902005744011,223.25447736467632,236.49465688069662,0.9440148894243326
2020-07-05,221.84327697753903,225.35519409179688,217.69273376464844,224.64535522460935,1008979533,BITCOIN_CASH,-0.015463725890198399,-0.015584536371159554,0.012653751543361624,0.022612839207424653,223.13034275599884,235.33091939290364,0.9481556581328994
2020-07-06,241.6320953369141,242.6310272216797,221.5017547607422,221.84327697753903,1611378435,BITCOIN_CASH,0.0892017942981369,0.0854451291702576,0.035194254705836835,0.02790452556466581,225.47821044921872,234.94298400878907,0.9597145937364264
2020-07-07,237.146728515625,242.72711181640625,235.4551696777344,240.205810546875,1177038173,BITCOIN_CASH,-0.018562794048675668,-0.018737244947199194,0.03573793620517601,0.028054896719151023,227.6432168143136,234.37003682454426,0.9712982934961668
2020-07-08,243.23020935058597,245.213623046875,236.1948699951172,237.19039916992188,1394567310,BITCOIN_CASH,0.025652813652709217,0.025329301229633765,0.03621149441618916,0.028493597745974805,230.4351850237165,233.97376708984376,0.9848761589380725
2020-07-09,238.85585021972656,244.3326110839844,234.9356842041016,243.0772705078125,1232428952,BITCOIN_CASH,-0.017984440101164845,-0.01814812564237351,0.037470181352735166,0.028648619435025748,232.79976763044084,233.42548166910808,0.9973194270214499
2020-07-10,237.9202423095703,239.3363494873047,233.03744506835935,238.73231506347656,1123218900,BITCOIN_CASH,-0.003917039960694146,-0.003924731654071332,0.037506189991621364,0.02858958690830842,235.13658360072546,232.78106994628905,1.010119008624627
2020-07-11,236.66221618652344,238.8543243408203,235.54995727539065,237.96047973632807,839280887,BITCOIN_CASH,-0.0052875960062700456,-0.005301624816338243,0.03778265854412082,0.024080231367064064,236.75580269949776,232.78856760660807,1.0170422247693622
2020-07-12,236.76905822753903,238.80755615234372,234.27151489257807,236.69943237304688,896740451,BITCOIN_CASH,0.00045145373324562144,0.0004513518586689428,0.03665357058569159,0.023643247773628587,238.8880571637835,232.6062433878581,1.0270062130939916
2020-07-13,232.42864990234372,237.22206115722656,228.5638732910156,236.76905822753903,1208729132,BITCOIN_CASH,-0.01833182239980069,-0.018501932414437556,0.015772440981039606,0.023857030166997573,237.57327924455916,232.3151596069336,1.022633562297536
2020-07-14,230.0078887939453,232.37998962402344,227.808837890625,232.29405212402344,1138634120,BITCOIN_CASH,-0.010415071934615217,-0.010469688349889275,0.01490589641617995,0.02386315855095318,236.5534449986049,232.02335713704426,1.0195242751309945
2020-07-15,227.27151489257807,230.6417388916016,226.32632446289065,229.97679138183597,997085718,BITCOIN_CASH,-0.01189686978005633,-0.011968203868067887,0.007191791469846518,0.023884497503652357,234.2736315046038,231.72334849039714,1.0110057231212173
2020-07-16,224.01583862304688,228.0056304931641,220.2278289794922,227.29220581054688,1147931868,BITCOIN_CASH,-0.014325052002535421,-0.014428646077097311,0.006573998336831522,0.023968054709985233,232.15362984793526,231.27291768391927,1.003808107636795
2020-07-17,222.8077545166016,224.87875366210935,222.24876403808597,224.0329132080078,941024161,BITCOIN_CASH,-0.005392851299582113,-0.005407445214340907,0.006398624199359191,0.023823877564882433,229.9947030203683,230.68472188313802,0.997008822876795
2020-07-18,224.25289916992188,226.65467834472656,222.37229919433597,222.78749084472656,869975905,BITCOIN_CASH,0.006486060848535757,0.006465116869703451,0.008757813704540285,0.023766071042283277,228.22194344656808,230.26107279459634,0.9911442723545058
2020-07-19,227.096435546875,227.72808837890625,221.4727020263672,224.19664001464844,955372849,BITCOIN_CASH,0.012680042877833753,0.012600324316688035,0.011435531685621487,0.02365932722606352,226.84014020647322,230.08658040364583,0.9858903540072728
2020-07-20,222.7543182373047,227.6166534423828,221.5564117431641,227.1183624267578,952296138,BITCOIN_CASH,-0.0191201473467163,-0.019305301276918475,0.011585445562092874,0.023900481516978427,225.45809282575334,229.7815729777018,0.9811843913507894
2020-07-21,229.5620574951172,231.2313232421875,222.201171875,222.7078399658203,1159452662,BITCOIN_CASH,0.030561648868059565,0.030103943788051687,0.0176050864754284,0.024577140883934027,225.39440264020647,229.72408498128254,0.9811526843542381
2020-07-22,238.69503784179688,238.69503784179688,227.9061737060547,229.574462890625,1234729239,BITCOIN_CASH,0.039784363523897914,0.03901334888931557,0.02196738741347473,0.02473078391951287,227.02633449009485,229.6875966389974,0.9884135574238896
2020-07-23,237.55404663085935,241.71127319335935,236.31565856933597,238.7882080078125,1350739708,BITCOIN_CASH,-0.004780121200901322,-0.004791582519162347,0.02066345325537308,0.024730443413740474,228.96036420549666,229.57911631266276,0.9973048414981986
2020-07-24,235.51646423339844,238.7000732421875,233.4820709228516,237.76095581054688,1193524031,BITCOIN_CASH,-0.008577342404219923,-0.008614339515419364,0.02105204435402552,0.024047568366081955,230.77589416503906,229.65780537923177,1.0048684989563539
2020-07-25,249.51010131835935,251.90167236328125,235.1781311035156,235.44192504882807,1648365419,BITCOIN_CASH,0.059416810330054526,0.057718577786099894,0.02816965792042753,0.026213309753888393,234.38406590053015,230.22768809000652,1.0180533360040462
2020-07-26,246.82443237304688,255.4683380126953,244.80859375,249.82766723632807,1674308833,BITCOIN_CASH,-0.01076376840505433,-0.010822116837270263,0.029875775585347927,0.026227576211798775,237.20235116141183,230.7849126180013,1.027807010738318
2020-07-27,267.4276123046875,273.4014587402344,246.8129119873047,246.81956481933597,2488636345,BITCOIN_CASH,0.0834730165630495,0.08017163772759164,0.035657817425341055,0.027823913254498803,243.5842503138951,232.4188690185547,1.0480399089045092
2020-07-28,288.5520935058594,295.4469299316406,265.742919921875,268.3876037597656,2732696107,BITCOIN_CASH,0.07899139890275864,0.07602671488441025,0.040421138645220116,0.030502094416093858,252.0113983154297,234.61353149414063,1.0741554279094236
2020-07-29,288.3741455078125,293.6949768066406,286.0474548339844,288.80303955078125,1920329028,BITCOIN_CASH,-0.0006166927984643245,-0.0006168830316824877,0.042124345217613685,0.03054441905078409,259.10841369628906,236.7194356282552,1.0945802274689163
2020-07-30,292.1941833496094,298.8695068359375,282.510986328125,288.46954345703125,1910379360,BITCOIN_CASH,0.013246811135131376,0.013159839356395284,0.04037574052289383,0.030254707456856423,266.91414751325334,239.05951894124348,1.1165175463222445
2020-07-31,300.5045166015625,304.5978698730469,287.6510314941406,291.98553466796875,1905797789,BITCOIN_CASH,0.02844113170456186,0.028044191432969205,0.036817474177319044,0.03044801791489168,276.19815499441967,241.62012176513673,1.143109079561238
2020-08-01,317.9964599609375,319.1803283691406,298.1397705078125,300.5045166015625,2447916240,BITCOIN_CASH,0.05820858720259259,0.056577466369533466,0.03670148944570538,0.031448384239697216,285.98192051478793,244.80987803141275,1.1681796617622275
2020-08-02,283.781982421875,334.7835998535156,278.1305236816406,318.4190673828125,3364496979,BITCOIN_CASH,-0.1075938944202881,-0.11383397469490981,0.0665151406109321,0.038888953519667334,291.2615705217634,246.88385976155598,1.179751364884963
2020-08-03,296.5352478027344,303.1224365234375,282.2572937011719,283.9114074707031,2060352679,BITCOIN_CASH,0.044940363274720285,0.04395981515166642,0.06232552869913478,0.03940719677392939,295.41980416434154,249.2574452718099,1.1851995186831534
2020-08-04,288.3858642578125,301.5982360839844,284.0450439453125,296.5312194824219,1888924124,BITCOIN_CASH,-0.027482006288652494,-0.027866701129756817,0.05748651005264417,0.03973549982276851,295.39605712890625,251.47553151448568,1.1746512885365574
2020-08-05,294.48663330078125,298.3680725097656,285.8026733398437,288.3840637207031,1871748593,BITCOIN_CASH,0.021154882395743035,0.020934224441443147,0.05802765492676041,0.037099698037077994,296.26926967075894,253.2373494466146,1.1699272256567983
2020-08-06,308.76031494140625,318.4675598144531,289.1709289550781,294.40631103515625,2448845324,BITCOIN_CASH,0.04846970974755993,0.047331681812886696,0.060413515505507075,0.037502935696899206,298.63585989815846,255.6244689941406,1.1682600694419585
2020-08-07,303.4585876464844,324.7738952636719,291.0047912597656,308.6291198730469,3075582968,BITCOIN_CASH,-0.017171012718807388,-0.017320144181961743,0.060322810019897054,0.03766262372998758,299.057870047433,257.63208160400393,1.1607943707379698
2020-08-08,304.4788818359375,309.7240905761719,300.0804443359375,303.44049072265625,1778961459,BITCOIN_CASH,0.0033622188693560595,0.0033565792490497003,0.05535855579444949,0.03736356568448796,297.1267874581473,259.81951599121095,1.143589180838126
2020-08-09,300.4008483886719,309.3410949707031,295.3095092773437,305.2589416503906,1629018370,BITCOIN_CASH,-0.013393485363175306,-0.013483987085685545,0.030049730970825455,0.03751004867139242,299.5009111676897,261.9022028605143,1.143560107156487
2020-08-10,302.5855407714844,309.0935974121094,298.51190185546875,300.3800964355469,1900620718,BITCOIN_CASH,0.007272590588645267,0.007246272823564673,0.02563325907722085,0.03742910474599013,300.36523873465404,264.0996470133463,1.1373178348832667
2020-08-11,282.9462585449219,305.4947204589844,274.5390319824219,302.6356506347656,2096741327,BITCOIN_CASH,-0.06490489326254445,-0.06710703643063802,0.035766983572363714,0.03986397279784515,299.58815220424106,265.6388870239258,1.1278023167491191
2020-08-12,287.6067810058594,292.5119323730469,274.4346008300781,283.05975341796875,1888602267,BITCOIN_CASH,0.016471405152712393,0.01633722299970101,0.035299424017315485,0.039634213012438926,298.6053161621094,267.47815806070963,1.116372709932954
2020-08-13,299.5163879394531,300.0901794433594,276.3562927246094,287.654296875,1979906897,BITCOIN_CASH,0.041409339835249304,0.04057493024422956,0.03373962810424803,0.03994834704203289,297.28475516183033,269.79510803222655,1.1018908286740328
2020-08-14,293.3980407714844,301.2862243652344,291.10601806640625,299.46923828125,1873594486,BITCOIN_CASH,-0.020427420382772454,-0.020638945703376287,0.033974887044604045,0.040134730759370636,295.8475341796875,271.99932556152345,1.0876774549676955
2020-08-15,303.00421142578125,306.7950439453125,293.2605285644531,293.2605285644531,1976925925,BITCOIN_CASH,0.03274108657657582,0.032216516491648764,0.03676822274751544,0.040118844940895126,295.6368669782366,274.6322713216146,1.076482620034206
2020-08-16,307.86529541015625,312.1244812011719,297.8517761230469,303.01373291015625,2025998808,BITCOIN_CASH,0.016042958483980296,0.0159156302348543,0.036742816780318564,0.040023998724453225,296.7032165527344,277.46752268473307,1.0693259293263575
2020-08-17,317.2987670898437,323.1221618652344,303.18853759765625,307.86529541015625,2314759458,BITCOIN_CASH,0.03064155596726037,0.030181478209746145,0.0381283704414037,0.040169819816735196,298.8051060267857,280.56905161539714,1.0649966712522039
2020-08-18,304.17498779296875,323.09844970703125,304.17498779296875,317.34942626953125,1935254637,BITCOIN_CASH,-0.04136095269843554,-0.04224065941045969,0.030490141116761984,0.041351721285855236,301.83778163364957,283.13833669026695,1.066043493657443
2020-08-19,292.6985778808594,308.55450439453125,283.90643310546875,304.28741455078125,1892818478,BITCOIN_CASH,-0.03772963055042711,-0.038459818479513096,0.03534086122736937,0.041959085217333,302.56518118722096,285.4698120117188,1.059885033219556
2020-08-20,294.7916259765625,295.8107604980469,290.2236633300781,292.6971130371094,1275491257,BITCOIN_CASH,0.00715086527190123,0.007125419071054932,0.03137457577518251,0.04177180463543878,301.8902151925223,287.64413096110025,1.049526768315494
2020-08-21,284.2982482910156,304.5189819335937,283.9986877441406,294.7323303222656,1676078293,BITCOIN_CASH,-0.035595915083358465,-0.03624489697625099,0.03338717558874881,0.04212430965594239,300.59024483816967,289.1642379760742,1.03951390027366
2020-08-22,287.3624267578125,287.4587097167969,278.771484375,284.24969482421875,1270186095,BITCOIN_CASH,0.01077804202177246,0.010720372930070301,0.03029226309958323,0.042084647266126075,298.355704171317,290.8245173136393,1.025895983348459
2020-08-23,284.9570617675781,287.3853759765625,280.3036193847656,286.9106750488281,1031635458,BITCOIN_CASH,-0.008370492333925061,-0.008405721633682754,0.028490525087823085,0.04208210736255799,295.0830993652344,292.4725372314453,1.008925836793091
2020-08-24,291.3259582519531,293.77276611328125,283.3767395019531,285.0693359375,1211774706,BITCOIN_CASH,0.022350372525842932,0.02210426328876714,0.026646359039800165,0.041073329176321824,291.37269810267856,293.86639912923175,0.9915141675470813
2020-08-25,276.7991943359375,291.6270446777344,271.8081359863281,291.3663635253906,1464994914,BITCOIN_CASH,-0.0498642963475715,-0.05115045863913702,0.028470816679089295,0.042257480614617725,287.4618704659598,294.8655578613281,0.974891311657192
2020-08-26,275.5710144042969,278.7173767089844,271.9747619628906,276.6216125488281,1147215569,BITCOIN_CASH,-0.004437079141747957,-0.004446952193234608,0.02631660894234037,0.03973416978611439,285.01507568359375,295.1370045979818,0.9657043042495619
2020-08-27,264.5843200683594,277.05328369140625,260.7337341308594,275.4228515625,1372140072,BITCOIN_CASH,-0.039868831486821965,-0.040685369985918096,0.02771784675349217,0.037801614909945595,280.69974626813615,294.33807881673175,0.9536643963858735
2020-08-28,268.9147033691406,271.6694030761719,262.4244384765625,264.6756286621094,1147885582,BITCOIN_CASH,0.016366741988574462,0.016234250547735175,0.028246187303967434,0.03796142448634911,278.5020969935826,293.68943074544273,0.9482877755821459
2020-08-29,268.95428466796875,272.613037109375,267.19384765625,269.11297607421875,1116848741,BITCOIN_CASH,0.00014718904668375998,0.00014717821543884217,0.027350061799777,0.0378525316810248,275.8723624093192,292.9147674560547,0.9418178701103135
2020-08-30,279.0695495605469,279.0695495605469,268.5684509277344,268.8428649902344,1161105104,BITCOIN_CASH,0.03760960679643266,0.03691961264766054,0.03251770271268239,0.038135242017413654,275.03128923688615,292.2002685546875,0.9412424245784426
2020-08-31,274.5431823730469,280.95947265625,273.81744384765625,279.2804260253906,1163683245,BITCOIN_CASH,-0.016219495085105895,-0.016352470923262714,0.0307748335687164,0.036532417677479855,272.63374982561385,290.7518259684245,0.9376854261105199
2020-09-01,292.71978759765625,295.44842529296875,270.7794189453125,274.4808654785156,1755312158,BITCOIN_CASH,0.06620672590554877,0.064107233682958,0.03471807702171234,0.03245317582590677,274.90812029157365,291.0497528076172,0.9445399545598889
2020-09-02,264.1186218261719,294.5425720214844,258.7408142089844,292.4286193847656,2049397876,BITCOIN_CASH,-0.09770834423669617,-0.10281746776543364,0.05473132729264868,0.03656233702986118,273.2720642089844,289.9691986083984,0.9424175585560609
2020-09-03,216.0624084472656,265.9413146972656,214.0033264160156,264.09149169921875,1891347861,BITCOIN_CASH,-0.18194935687092217,-0.20083103338004857,0.09223602566997914,0.05118989197885315,266.3403625488281,287.55841674804685,0.9262130650211168
2020-09-04,231.8746032714844,239.1898193359375,215.0174560546875,215.61700439453125,2130928347,BITCOIN_CASH,0.07318346091693262,0.07062942845256853,0.09873851943347083,0.052985448071000016,261.0489196777344,285.4713490804036,0.9144487547302317
2020-09-05,225.30081176757807,234.9688415527344,216.5756683349609,231.64317321777344,3128814772,BITCOIN_CASH,-0.028350631812012583,-0.028760271918136907,0.09830184986317433,0.052060161990192255,254.81270926339286,282.689365641276,0.9013876722435404
2020-09-06,228.45327758789065,232.9626617431641,220.7754821777344,225.30081176757807,2533324540,BITCOIN_CASH,0.013992252382848402,0.013895264491723023,0.0962364678581862,0.05223090516065883,247.5818132672991,280.18918863932294,0.8836237203499023
2020-09-07,228.60894775390625,230.0712127685547,216.87879943847656,228.3511962890625,2767464423,BITCOIN_CASH,0.000681409203926675,0.0006811771500848424,0.09681110347561268,0.05221054065472994,241.019779750279,277.6601908365885,0.8680386591397486
2020-09-08,222.5369873046875,230.3777618408203,217.58351135253903,228.67037963867188,2444380275,BITCOIN_CASH,-0.02656046715964555,-0.02691956925732638,0.08841538121417075,0.052302965253256686,230.99366542271204,275.0647288004557,0.839779300058079
2020-09-09,224.6769561767578,228.6013336181641,219.3443298339844,222.5582427978516,1619487057,BITCOIN_CASH,0.00961623907103748,0.00957029733377256,0.0850702610680665,0.05233110481810281,225.35914175851005,272.46777598063153,0.8271038325446962
2020-09-10,227.71348571777344,230.25619506835935,224.6163024902344,224.68634033203125,2007978798,BITCOIN_CASH,0.013515091145469782,0.01342457692779271,0.033195434519338235,0.051352992234434965,227.0235813685826,270.6266835530599,0.8388809942463478
2020-09-11,225.5377197265625,228.332763671875,221.3168029785156,227.71348571777344,1769308088,BITCOIN_CASH,-0.009554840304484946,-0.009600780660485421,0.018255853646270682,0.051160356537788006,226.1183122907366,268.55771484375,0.8419728787992364
2020-09-12,230.29383850097656,230.29383850097656,223.1001434326172,225.56092834472656,1588108882,BITCOIN_CASH,0.021087908400334587,0.02086863577026821,0.016578359244271906,0.05063763370911669,226.83160182407923,266.2502965291341,0.8519487293763763
2020-09-13,221.8260040283203,234.18914794921875,219.7811584472656,230.29383850097656,2008902148,BITCOIN_CASH,-0.036769696175003586,-0.03746274331015644,0.021618920459780897,0.05086636218644577,225.88484845842635,263.86456197102865,0.8560636061587825
2020-09-14,226.2642364501953,230.89463806152344,220.1210784912109,221.8332672119141,2125300854,BITCOIN_CASH,0.020007719299259374,0.019810195207993365,0.023469361694442165,0.05056656325678793,225.54988970075334,261.30656280517576,0.8631619783270358
2020-09-15,235.6293792724609,241.22853088378903,225.68788146972656,226.4009704589844,3148522136,BITCOIN_CASH,0.041390292028440134,0.040556639664071685,0.02507775629746669,0.0511938122525833,227.42023141043526,258.89869893391926,0.878413960158531
2020-09-16,231.77151489257807,235.9971618652344,227.79823303222656,235.74246215820312,2513150071,BITCOIN_CASH,-0.016372594927655193,-0.01650810701894084,0.02671792111807438,0.05067135201692566,228.4337397984096,256.04779052734375,0.8921527474536625
2020-09-17,233.1674652099609,239.2766265869141,230.6003570556641,231.58596801757807,2356975266,BITCOIN_CASH,0.006022958938805889,0.0060048934238947265,0.026447947101913484,0.05039308403068999,229.21287972586495,253.68087310791014,0.9035481347794122
2020-09-18,234.2086334228516,238.98553466796875,231.5335235595703,233.1674652099609,1967062407,BITCOIN_CASH,0.004465323718955139,0.004455383740161669,0.02582427487973211,0.050132347797592174,230.45158168247767,251.73120829264323,0.91546687137247
2020-09-19,233.62826538085935,237.23324584960935,232.2878875732422,234.0928192138672,1761438254,BITCOIN_CASH,-0.0024779959368296245,-0.0024810712502209803,0.024986008154634424,0.05006680097097638,230.9279283796038,249.6924296061198,0.9248495388662112
2020-09-20,226.41571044921875,233.7558135986328,223.3277740478516,233.64366149902344,1665443818,BITCOIN_CASH,-0.03087192776046488,-0.031358506331144544,0.023435400562833962,0.04997877858892121,231.58360072544642,247.76301167805988,0.9346980372775062
2020-09-21,213.51565551757807,228.89825439453125,211.0287322998047,226.6498260498047,1708443759,BITCOIN_CASH,-0.056975087576946026,-0.058662578433527617,0.031420843341680146,0.05070243451495815,229.76237487792966,245.30145263671875,0.9366531360015963
2020-09-22,220.0342254638672,220.0886688232422,211.9852752685547,213.49847412109372,987166460,BITCOIN_CASH,0.03052970486162998,0.03007294661136242,0.028849455562485592,0.05122556827437216,227.53449576241627,243.13735809326172,0.9358269644237042
2020-09-23,207.91709899902344,220.2329559326172,205.58045959472656,220.17662048339844,1301444746,BITCOIN_CASH,-0.05506928042352921,-0.05664366679338682,0.03394692832470177,0.051613124822325586,224.126722063337,240.35706278483073,0.9324740428533892
2020-09-24,216.38758850097656,217.72265625,206.91896057128903,208.08953857421875,1324408643,BITCOIN_CASH,0.04073974455555929,0.039931753146304386,0.03949945320752408,0.051862990499910784,221.7295968191964,238.34334259033204,0.9302949031822063
2020-09-25,216.63528442382807,218.0692596435547,211.36959838867188,216.42971801757807,1288116068,BITCOIN_CASH,0.0011446863684161368,0.00114403171450976,0.03930748980629408,0.05188700911576607,219.21911839076446,236.37881825764973,0.9274059325900283
2020-09-26,222.0533905029297,223.72210693359372,213.8211975097656,216.66358947753903,1313240851,BITCOIN_CASH,0.025010265956959987,0.024702628107981878,0.04158276371500149,0.05184091894365837,217.5655648367745,234.96112060546875,0.9259641096200605
2020-09-27,228.81472778320312,229.95181274414065,217.7713165283203,221.80685424804688,1523786887,BITCOIN_CASH,0.030449151282759823,0.02999477639756229,0.042119028714397204,0.05210319038989226,217.90828159877228,233.62445475260418,0.9327289038706393
2020-09-28,226.1543426513672,233.74163818359372,225.990234375,229.5404815673828,1822226481,BITCOIN_CASH,-0.011626808980393033,-0.011694928849853058,0.03386978328185316,0.052104709130502774,219.71380833217077,232.19779001871746,0.9462355706075396
2020-09-29,228.97799682617188,229.93125915527344,225.1585693359375,225.9579925537109,1410092783,BITCOIN_CASH,0.012485518260233253,0.012408216943412901,0.03260424781111274,0.05160184863857194,220.99148995535714,230.52807159423827,0.958631581946051
2020-09-30,228.00575256347656,230.2152862548828,225.5736541748047,229.11659240722656,1434832333,BITCOIN_CASH,-0.004246016107099515,-0.004255056031675502,0.019145788437269724,0.05157022314863223,223.86129760742188,228.97682393391926,0.9776591960766576
2020-10-01,227.4192047119141,233.30372619628903,222.42620849609372,228.22329711914065,1721068341,BITCOIN_CASH,-0.0025725133904206388,-0.0025758279887786685,0.015671004232692107,0.049843936475470856,225.43724278041296,226.80013783772787,0.9939907661859975
2020-10-02,220.0218048095703,228.36607360839844,214.28665161132807,228.13980102539065,1789037001,BITCOIN_CASH,-0.032527595511181784,-0.03306837697715175,0.02192611658030459,0.04682387569048677,225.92103140694755,225.3302439371745,1.0026218738303847
2020-10-03,218.86378479003903,221.41067504882807,218.66976928710935,220.0082092285156,1095787428,BITCOIN_CASH,-0.005263205710604679,-0.005277105169706767,0.019607069600845937,0.02899660790600381,225.46537344796317,225.42362314860026,1.0001852081817326
2020-10-04,221.39239501953125,222.8789978027344,217.8190155029297,219.1328887939453,1205298877,BITCOIN_CASH,0.011553351468896356,0.01148712113721705,0.015348453383883211,0.02590495312036961,224.40504019601005,225.0742162068685,0.9970268650841667
2020-10-05,222.05032348632807,222.9849090576172,219.4608917236328,221.40658569335935,1224383391,BITCOIN_CASH,0.002971775370778973,0.0029673683752601395,0.015236556836233067,0.025398124220941336,223.8187517438616,224.96586659749346,0.9949009382135102
2020-10-06,220.0329742431641,229.012939453125,217.5021209716797,222.13238525390625,1780121739,BITCOIN_CASH,-0.009085099321137435,-0.009126620510048495,0.013804087371449319,0.025296260041311424,222.54089137486048,224.68518981933593,0.9904564317470163
2020-10-07,223.2733917236328,223.75672912597656,217.23117065429688,220.01663208007807,1352439343,BITCOIN_CASH,0.014726963045491814,0.014619574380619014,0.015826893624062286,0.025460456713894578,221.8648398263114,224.50733795166016,0.9882297917321627
2020-10-08,233.62193298339844,235.6588897705078,221.6968231201172,223.22018432617188,1899945427,BITCOIN_CASH,0.04634919181312491,0.045307145317493996,0.02418141964552099,0.026305046288746213,222.75094386509485,224.87683614095053,0.9905464150406172
2020-10-09,237.3656768798828,240.0292510986328,232.33615112304688,234.0031280517578,1835550892,BITCOIN_CASH,0.01602479633943621,0.015897754704374118,0.018021627175680024,0.026396196355935823,225.22863987513952,225.29979349772137,0.9996841824775904
2020-10-10,237.32351684570312,245.2147674560547,236.49693298339844,237.29986572265625,1900960677,BITCOIN_CASH,-0.00017761638807212154,-0.00017763216373081544,0.017352201624164305,0.026306862892397496,227.8657444545201,225.62012786865233,1.0099530862209913
2020-10-11,239.6698455810547,243.0731201171875,236.8244171142578,237.5073089599609,1819533632,BITCOIN_CASH,0.009886625508238378,0.009838072580402743,0.017364669242218498,0.02626649149826544,230.47680882045202,226.09119873046876,1.0193975268148827
2020-10-12,239.81495666503903,243.68353271484372,234.6718292236328,239.4386444091797,1789792727,BITCOIN_CASH,0.0006054624169866685,0.0006052791985683242,0.017575977734456075,0.026024662416795803,233.01461356026786,226.40856933593747,1.0291775361847217
2020-10-13,253.53024291992188,254.80953979492188,238.2570953369141,239.8661651611328,2334880624,BITCOIN_CASH,0.057191121211174645,0.055615505312403654,0.021759420919999127,0.026775353766379562,237.79993765694755,227.46537729899086,1.0454335533639147
2020-10-14,259.13348388671875,259.5049133300781,251.1337890625,253.6314697265625,2389412354,BITCOIN_CASH,0.022100877994924994,0.021860193363311183,0.02161915647657803,0.026818479468686023,242.92280796595983,228.56101888020834,1.0628356889381854
2020-10-15,261.3847351074219,265.2327880859375,255.7950439453125,259.1790466308594,2590009260,BITCOIN_CASH,0.00868761221798442,0.008650092065385091,0.019124296654587234,0.02595902810529449,246.88892255510603,229.4195307413737,1.0761460532905793
2020-10-16,250.32540893554688,265.9696350097656,247.4555206298828,262.1650695800781,3025371472,BITCOIN_CASH,-0.04231052807016422,-0.04323169559232326,0.02946249665435479,0.02710116952190733,248.74031284877233,230.03799387613932,1.0813010001413201
2020-10-17,246.31993103027344,252.4371490478516,243.51290893554688,250.7940216064453,2077377477,BITCOIN_CASH,-0.01600108403819589,-0.016130483595323684,0.03075260740114204,0.027304901727600996,250.02551487513952,230.47640940348307,1.0848204183771053
2020-10-18,249.81216430664065,250.6862030029297,245.3438720703125,246.10243225097656,1693057793,BITCOIN_CASH,0.014177631756230102,0.014078069073674137,0.030897949670586945,0.02739319359448478,251.47441755022322,230.99652709960938,1.088650209194632
2020-10-19,250.7097930908203,252.42230224609372,246.826416015625,249.8350830078125,1823030809,BITCOIN_CASH,0.003593214872746664,0.003586774698860896,0.030832941299889404,0.02738021941097835,253.03082275390625,231.56591135660807,1.0926946080774493
2020-10-20,242.84555053710935,250.7328948974609,240.88807678222656,250.7328948974609,2230433445,BITCOIN_CASH,-0.03136791130796446,-0.03187042062098362,0.024643442153798264,0.027402103682338218,251.50443812779017,232.1135726928711,1.0835404203638568
2020-10-21,258.5145874023437,262.8104248046875,242.48052978515625,242.81402587890625,3164562404,BITCOIN_CASH,0.06452264342739089,0.062526476545916,0.03497503927471335,0.027030065949745864,251.41602434430803,233.6135370890299,1.076204861572271
2020-10-22,266.4726257324219,272.09576416015625,258.1179504394531,258.22906494140625,3250753926,BITCOIN_CASH,0.030783710931145736,0.030319397314933584,0.036814142569478917,0.027037553123815984,252.14286586216517,235.1614837646484,1.0722115791483604
2020-10-23,270.3146667480469,274.6895446777344,263.5596618652344,266.6266784667969,2740574138,BITCOIN_CASH,0.01441814522247764,0.01431519218129758,0.030761365231006022,0.024298841232322184,254.99847412109375,237.24140268961585,1.0748481134834191
2020-10-24,275.1220092773437,276.451171875,267.768310546875,270.3147888183594,2049345141,BITCOIN_CASH,0.01778424599423456,0.017627956564135037,0.028355832644119547,0.023644225714442902,259.1130567278181,239.19921671549477,1.0832521121338328
2020-10-25,271.0794372558594,275.2556457519531,268.1629943847656,275.1220092773437,2158858954,BITCOIN_CASH,-0.014693742722012071,-0.014802765041590876,0.03065558551693953,0.023980646312282892,262.15123857770647,241.0140218098958,1.0877011910306322
2020-10-26,259.7825927734375,272.6365966796875,254.48899841308597,271.0794677734375,2851175628,BITCOIN_CASH,-0.04167355737779288,-0.042566804751908445,0.03699265861530544,0.02541611167600743,263.44735281808033,242.2716618855794,1.087404737176822
2020-10-27,264.5394287109375,267.63348388671875,257.4866027832031,259.78253173828125,2718701859,BITCOIN_CASH,0.018310834019770406,0.01814520945909608,0.03331390454391432,0.025108202295175804,266.5464782714844,243.46248524983721,1.0948154004012518
2020-10-28,268.4897155761719,279.1338806152344,259.75054931640625,264.5395812988281,3670734190,BITCOIN_CASH,0.014932695985938826,0.014822300921727675,0.025199753985210318,0.024972573069247755,267.97149658203125,244.8736643473307,1.094325505751155
2020-10-29,267.0560607910156,271.242919921875,258.67462158203125,268.4902038574219,2670911240,BITCOIN_CASH,-0.005339700934464675,-0.0053540080908512765,0.022816863650206704,0.0250190490148862,268.05484444754467,246.1429331461588,1.0890210863310654
2020-10-30,261.828125,269.5421447753906,256.4303894042969,267.0567932128906,3032354182,BITCOIN_CASH,-0.01957617354023189,-0.019770324828946553,0.02296708278188757,0.025377484420616086,266.8424813406808,247.27034556070961,1.0791527820919629
2020-10-31,261.7582397460937,265.49267578125,259.8060302734375,261.828125,2021384093,BITCOIN_CASH,-0.00026691270812218004,-0.0002669483356588278,0.02099765731519405,0.02535843250395098,264.93337140764504,248.41498006184892,1.0664951499369462
2020-11-01,267.5558166503906,269.4959716796875,260.10595703125,261.7582397460937,1785981045,BITCOIN_CASH,0.022148593717319365,0.021906876239411493,0.023223339520113614,0.02450806072426653,264.4299970354353,249.9994471232096,1.057722327302243
2020-11-02,257.19970703125,270.8263244628906,255.1884765625,267.5544128417969,2473366490,BITCOIN_CASH,-0.038706352000834054,-0.03947535165177952,0.022332721449380675,0.025835104686066097,264.0610133579799,251.27731119791665,1.0508748764427611
2020-11-03,244.14683532714844,258.7040405273437,236.86676025390625,257.1990051269531,2902353056,BITCOIN_CASH,-0.050749947792575134,-0.05208302487162284,0.027297212589978383,0.027845718573605946,261.14778573172435,252.03579254150387,1.0361535681037048
2020-11-04,241.13009643554688,244.5359039306641,232.35546875,244.14649963378903,2602972773,BITCOIN_CASH,-0.01235624818793668,-0.012433221346102257,0.024748358902270916,0.027992891284467636,257.239268711635,252.67178497314453,1.0180767462381126
2020-11-05,249.5473175048828,251.62969970703125,241.1420440673828,241.1420440673828,2296534780,BITCOIN_CASH,0.034907384825708876,0.03431193945328195,0.03113626249348172,0.028476764360062377,254.73801967075892,253.6555964152018,1.0042672949891684
2020-11-06,257.7201843261719,259.03778076171875,248.19325256347656,249.54649353027344,2307792598,BITCOIN_CASH,0.03275077008643512,0.03222589296033649,0.0343647211633528,0.0288776006771235,254.1511710030692,254.80382283528647,0.9974386105162985
2020-11-07,253.5904083251953,276.0485534667969,246.75784301757807,257.7203674316406,3306975309,BITCOIN_CASH,-0.01602426294926862,-0.01615403970265293,0.03473386273871036,0.028072409291584794,252.98433794294084,255.469438680013,0.9902724147752762
2020-11-08,270.6977844238281,276.9449157714844,251.56640625,253.5904083251953,1964488513,BITCOIN_CASH,0.06746065914565236,0.06528261218220247,0.043098043440896384,0.030235572805004645,253.43319048200334,256.5805089314779,0.9877336027487768
2020-11-09,263.9813232421875,273.35919189453125,258.45867919921875,270.6978759765625,1926205001,BITCOIN_CASH,-0.024811659230741023,-0.025124656619463,0.04111022519991262,0.030704664085476584,254.40199279785156,257.46910247802737,0.9880874650563651
2020-11-10,257.351806640625,265.95281982421875,255.2204132080078,263.9867553710937,1590780216,BITCOIN_CASH,-0.025113581976707877,-0.025434309105366957,0.03599759171997039,0.031127926540296832,256.28841727120533,258.058501180013,0.993140764978818
2020-11-11,257.1214904785156,262.2994689941406,256.628173828125,257.3515014648437,1483145652,BITCOIN_CASH,-0.0008949467466959904,-0.0008953474506259919,0.03518644716206059,0.031132070102302345,258.5729021344866,258.63538564046223,0.9997584108384051
2020-11-12,259.821533203125,264.3543395996094,252.63058471679688,257.1195068359375,1691361924,BITCOIN_CASH,0.010501038709695099,0.010446285777581445,0.03345846117839921,0.029516114285346392,260.0406472342355,258.84509531656903,1.0046187930128803
2020-11-13,259.1717834472656,262.10430908203125,249.88340759277344,259.8208923339844,2159730843,BITCOIN_CASH,-0.0025007540670287653,-0.002503886175325334,0.03139165013090715,0.029251146430722522,260.24801853724887,258.8463719685872,1.0054149747512464
2020-11-14,255.76904296875,261.5955505371094,254.18032836914065,259.1717834472656,2131937376,BITCOIN_CASH,-0.013129286040538424,-0.013216237024639057,0.031145846934964385,0.02930068837967487,260.5592520577567,258.65918223063153,1.0073458433245606
2020-11-15,241.36802673339844,259.9108581542969,239.39486694335935,255.76904296875,2400160029,BITCOIN_CASH,-0.05630476647289595,-0.057952010802506095,0.022541301208736108,0.030148082452152735,256.3692866734096,258.3606028238932,0.9922924930166657
2020-11-16,250.1392974853516,252.9383087158203,234.32347106933597,241.36802673339844,2443954097,BITCOIN_CASH,0.0363398204420895,0.03569510206285186,0.02931417297094721,0.03074287983864391,254.39185442243303,258.4879150390625,0.9841537635675909
2020-11-17,255.2885284423828,257.5697631835937,249.54962158203125,252.35394287109372,1738784593,BITCOIN_CASH,0.020585453820316957,0.02037643696956011,0.029803196811988005,0.030859994888231407,254.09710039411272,258.67046051025386,0.9823197434020114
2020-11-18,247.1260528564453,257.7160339355469,242.98324584960935,255.28707885742188,2327656295,BITCOIN_CASH,-0.03197353063899899,-0.03249584769821143,0.0320656298764119,0.03144218535206662,252.66918073381697,258.55100250244135,0.9772508259039961
2020-11-19,246.27008056640625,250.45689392089844,241.6893768310547,247.12481689453125,1254227175,BITCOIN_CASH,-0.003463707205878075,-0.0034697197274397946,0.03132312156809169,0.030887118251964087,250.73325892857142,258.66515350341797,0.9693352797336046
2020-11-20,258.8548889160156,259.01220703125,245.71343994140625,246.2684326171875,1873696045,BITCOIN_CASH,0.05110165360187113,0.04983880805673345,0.03824080716096585,0.03008449782654366,250.68798828125,258.676496887207,0.9691177640717769
2020-11-21,301.9248046875,304.7861633300781,256.6578063964844,258.8548889160156,5765585961,BITCOIN_CASH,0.1663863330989983,0.15391036503882816,0.06874605786293624,0.04089362623213403,257.2816685267857,259.85823618570964,0.9900847181265305
2020-11-22,286.993408203125,309.3620910644531,274.7089538574219,301.9248046875,4952111958,BITCOIN_CASH,-0.04945402382500297,-0.050718747707953836,0.06735446186228024,0.04204447625952449,263.7995801653181,260.41419423421223,1.013000005399326
2020-11-23,323.0258178710937,323.2681884765625,282.40460205078125,286.9934997558594,5309099342,BITCOIN_CASH,0.12555134939707768,0.11827300395526767,0.07623977523297304,0.04705198434289384,274.2119402204241,262.01098785400393,1.0465665675563907
2020-11-24,345.6051330566406,367.9514770507813,321.1747131347656,323.01336669921875,7685446495,BITCOIN_CASH,0.06989941341022288,0.06756463789628873,0.07665840832230343,0.04822400034489327,287.1143123081752,264.4951777140299,1.085518136056911
2020-11-25,312.7775573730469,359.43634033203125,303.4083557128906,345.6124572753906,5131050362,BITCOIN_CASH,-0.09498578737316876,-0.09980463084549172,0.09068442145811417,0.051329803071701166,296.4930986676897,266.26167653401694,1.1135402680821416
2020-11-26,270.5107421875,319.1404113769531,253.28302001953125,312.63946533203125,4922338888,BITCOIN_CASH,-0.1351337849829668,-0.1451804487322718,0.11334119901265438,0.05821720521072654,299.95605032784596,266.460720316569,1.1257045690317238
2020-11-27,264.955322265625,278.24786376953125,258.0349426269531,270.5850524902344,2947138216,BITCOIN_CASH,-0.020536781190095388,-0.02075059328789142,0.11269847434996583,0.05828280872994472,300.8275408063616,266.34290720621743,1.1294745708149991
2020-11-28,275.5712890625,282.5597839355469,261.72296142578125,264.9892578125,2623903532,BITCOIN_CASH,0.04006700716973022,0.03928514104865431,0.09393834263103998,0.0587212463816808,297.062752859933,266.62674814860026,1.1141521056033348
2020-11-29,283.9314880371094,287.1052551269531,272.0726928710937,275.5788879394531,2155292211,BITCOIN_CASH,0.030337699558800058,0.02988661215532354,0.09349018991151938,0.0588140262018157,296.6253356933594,267.36352691650393,1.1094457763717103
2020-11-30,316.4201965332031,320.9718933105469,280.3443603515625,283.9219970703125,3892204636,BITCOIN_CASH,0.11442446458015798,0.10833809638333751,0.09142080904425642,0.06188719247318053,295.68167550223217,269.18559214274086,1.0984305406117028
2020-12-01,288.1358337402344,319.7706604003906,280.1039733886719,316.4772033691406,4197968842,BITCOIN_CASH,-0.08938861394708975,-0.09363905225790405,0.09099989482311559,0.06442716523928098,287.4717755998884,269.87159271240233,1.0652168785554332
2020-12-02,294.2510681152344,297.04595947265625,282.099853515625,288.1664428710937,2654055892,BITCOIN_CASH,0.021223442761767464,0.021001362214308903,0.08598290139953677,0.06401427590650599,284.82513427734375,271.1066380818685,1.050601845430773
2020-12-03,292.2953491210937,296.5300598144531,286.1010131835937,294.2743225097656,1932456432,BITCOIN_CASH,-0.006646429549661992,-0.006668615421740176,0.06191535575525715,0.06316170227930784,287.93722098214283,272.7115885416667,1.0558305296885095
2020-12-04,280.70806884765625,305.7475280761719,278.5524597167969,292.29412841796875,2806192319,BITCOIN_CASH,-0.03964236963837908,-0.04044953226624464,0.06401449801698328,0.06364888073717838,290.1876133510045,274.030854288737,1.0589596346885948
2020-12-05,289.30859375,289.30859375,275.8024597167969,280.6681213378906,1781606883,BITCOIN_CASH,0.030638680739210722,0.030178688459960114,0.06336795561297107,0.06358783576533784,292.15008544921875,275.3562301635742,1.0609895598718366
2020-12-06,286.3561096191406,292.5212097167969,279.8818054199219,289.3179626464844,1662530478,BITCOIN_CASH,-0.010205310850222138,-0.010257742057875392,0.06275979716125311,0.06343181457263072,292.4964599609375,276.3107610066732,1.058577881278657
2020-12-07,283.89471435546875,290.1484680175781,281.46807861328125,286.33953857421875,1571228768,BITCOIN_CASH,-0.008595574464765443,-0.008632729480637353,0.0414321062050198,0.06336623507927075,287.84996250697543,277.32090454101564,1.037967054749753
2020-12-08,267.5484619140625,284.8860778808594,264.4652099609375,283.9101257324219,1804265825,BITCOIN_CASH,-0.05757857267091937,-0.05930272936422061,0.03147469977237786,0.06327779337381419,284.9089093889509,277.21592712402344,1.027750866787267
2020-12-09,268.7099609375,270.97979736328125,255.86984252929688,267.5394287109375,2258287289,BITCOIN_CASH,0.0043412659341341975,0.004331869823373811,0.029237208624121814,0.06310906523235596,281.2601797921317,277.37354838053386,1.0140122640903944
2020-12-10,265.9806823730469,269.1342163085937,261.66925048828125,268.6971740722656,1528530540,BITCOIN_CASH,-0.010156968334671945,-0.010208902297901636,0.029140467247604895,0.06295357862830656,277.50094168526783,277.6611775716146,0.9994229085688242
2020-12-11,259.3310241699219,265.9986267089844,256.43603515625,265.9986267089844,1988724958,BITCOIN_CASH,-0.025000530654322617,-0.025318352245281697,0.027309957216849777,0.06313790893568484,274.4470781598772,277.7348286946615,0.988162267763692
2020-12-12,267.7145690917969,269.4638671875,258.6286315917969,259.3074951171875,1470417816,BITCOIN_CASH,0.03232758189541496,0.03181604100819345,0.027728392180425675,0.06337659579796494,271.36221749441967,277.9979298909505,0.9761303532039473
2020-12-13,275.3485107421875,281.9243469238281,266.0721740722656,267.7286682128906,1616017414,BITCOIN_CASH,0.0285152267815989,0.028116234844841704,0.03146061728485581,0.063564548820146,269.7897033691406,278.5371541341146,0.9685950307341687
2020-12-14,276.5531005859375,279.2933959960937,266.5326843261719,275.3780212402344,1523697597,BITCOIN_CASH,0.004374782491116669,0.004365240948189444,0.031634871529942994,0.0635002634954634,268.7409014020647,279.2299560546875,0.9624357830340794
2020-12-15,288.3943786621094,298.4612121582031,271.6976318359375,276.56610107421875,2965318993,BITCOIN_CASH,0.04281737594365631,0.04192606571519598,0.02428807459168986,0.06283059892539991,271.71888950892856,280.7975011189779,0.9676684743494117
2020-12-16,311.4190368652344,311.5431823730469,282.7483215332031,288.4325561523437,3505656634,BITCOIN_CASH,0.07983740289924768,0.07681047693084025,0.03443932092841513,0.06394078120462364,277.82018607003346,282.8401590983073,0.9822515549267208
2020-12-17,310.30157470703125,329.8841552734375,303.9455871582031,311.4464416503906,5145542717,BITCOIN_CASH,-0.003588291099515195,-0.003594744458334398,0.03351641266019838,0.0639215639868639,284.1517421177455,284.6739273071289,0.9981656725843389
2020-12-18,312.7794494628906,322.0729675292969,305.3356018066406,310.3442687988281,3694943234,BITCOIN_CASH,0.00798537602717242,0.007953661634384965,0.027504775524614195,0.06349572806168369,291.7872314453125,286.8623738606771,1.0171680151647469
2020-12-19,318.2479248046875,324.759033203125,309.7771911621094,312.778564453125,3474653628,BITCOIN_CASH,0.017483486690661465,0.017332408906269334,0.027606539173604613,0.06348139406017977,299.0062822614397,289.2616353352865,1.0336880033014337
2020-12-20,348.1605529785156,366.9736633300781,311.728515625,318.2338256835937,6066519346,BITCOIN_CASH,0.09399158908007288,0.08983301574361047,0.03710135451877521,0.06478501344068015,309.4080025809152,292.2384908040365,1.0587517124443129
2020-12-21,314.4889221191406,378.174072265625,311.1714782714844,348.31982421875,7569828152,BITCOIN_CASH,-0.09671294054226998,-0.10171488078113054,0.06336342952904356,0.061936091577898186,314.82740565708707,292.65729471842445,1.0757545133463808
2020-12-22,323.8865051269531,323.8865051269531,301.1921081542969,314.3949279785156,5764317548,BITCOIN_CASH,0.029882079611860846,0.029444309873816063,0.06276262701446808,0.061338177385888946,319.89770943777904,293.88706461588544,1.0885055790253644
2020-12-23,274.1484069824219,325.4528503417969,267.860595703125,323.7718811035156,6488304103,BITCOIN_CASH,-0.15356644181589318,-0.16672357052594636,0.08673232573141494,0.0649953089776409,314.5733337402344,292.257817586263,1.0763555833622303
2020-12-24,296.282958984375,298.0606689453125,272.32623291015625,274.2387390136719,5354778111,BITCOIN_CASH,0.08073930556661013,0.07764534913529833,0.09413356217945791,0.06541064079869599,312.57067435128346,290.6137451171875,1.0755536501731604
2020-12-25,318.3423156738281,323.9441833496094,293.63720703125,296.2924499511719,5540322692,BITCOIN_CASH,0.07445368024225951,0.07181232797418352,0.09876017243405961,0.06434123299669783,313.36536952427457,290.7992370605469,1.0776003840031714
2020-12-26,322.82989501953125,329.18768310546875,310.955810546875,318.3840026855469,5382110131,BITCOIN_CASH,0.014096710128543188,0.013998275501316807,0.09868483058535246,0.05817360638094103,314.01993669782365,292.5432088216146,1.0734138658105203
2020-12-27,338.1799621582031,362.2679443359375,313.5496826171875,322.85772705078125,7057534742,BITCOIN_CASH,0.0475484686377734,0.046452642519613736,0.0934776185474772,0.058405668303696805,312.5941380092076,294.98403015136716,1.0596985126578007
2020-12-28,362.092041015625,374.88568115234375,337.1722106933594,338.3069763183594,6323801331,BITCOIN_CASH,0.07070814812568815,0.06832025024530232,0.0856668655773677,0.05917517430114053,319.3945835658482,297.86805521647136,1.0722686705485514
2020-12-29,353.09063720703125,365.5249633789063,331.9072265625,362.0867004394531,5332139475,BITCOIN_CASH,-0.0248594356930516,-0.025173649855625153,0.08715215906282651,0.059361857291857216,323.5666024344308,300.17336018880206,1.0779324395439853
2020-12-30,358.8080139160156,365.0576171875,342.9613647460937,353.1101989746094,4985121425,BITCOIN_CASH,0.016192376989118573,0.01606267866256283,0.03819389593431308,0.056253469908093864,335.6608319963728,301.58628743489584,1.112984396111951
2020-12-31,343.0526428222656,361.0032348632813,336.80621337890625,358.7684936523437,3783477587,BITCOIN_CASH,-0.04391030992255873,-0.0449035522587386,0.04475413324912661,0.05398900332433771,342.3422154017857,303.41684773763023,1.1282900667988447
2021-01-01,341.98565673828125,354.826416015625,334.5606384277344,342.9797668457031,3490086847,BITCOIN_CASH,-0.003110269243829067,-0.0031151161840155105,0.039170558750640266,0.0539346026515172,345.71983555385043,305.00800069173175,1.1334779244144015
2021-01-02,354.5999450683594,365.39056396484375,334.5691833496094,342.02667236328125,4608719269,BITCOIN_CASH,0.036885430957508625,0.03622144190715661,0.040407503978717146,0.05418220974504522,350.2584141322545,307.08482055664064,1.1405917540872088
2021-01-03,421.7898559570313,433.0190734863281,354.6509094238281,354.6509094238281,7273123207,BITCOIN_CASH,0.18948088352275172,0.17351697961261087,0.0730670258379347,0.06139900975732314,362.2026846749442,311.7875467936198,1.1616970863646952
2021-01-04,407.9369201660156,462.2045593261719,387.9118041992188,422.0662536621094,8597472426,BITCOIN_CASH,-0.03284321705552562,-0.033394663326178395,0.07463556711676671,0.06190114908516798,368.751953125,315.7418243408203,1.1678907407811743
2021-01-05,419.7681274414063,426.37701416015625,393.8099670410156,407.9645080566406,6465746424,BITCOIN_CASH,0.029002541056043274,0.028589926291082413,0.07229833574741008,0.061837594447987594,378.27730887276783,320.1888916015625,1.1814192147037055
2021-01-06,454.484130859375,456.970947265625,413.5553283691406,419.8113403320313,6501368134,BITCOIN_CASH,0.08270280935708851,0.07946051610098845,0.07495644946034696,0.06287023954112647,391.94532557896207,325.875205485026,1.2027466925432349
2021-01-07,449.5687255859375,482.8439636230469,432.8406677246094,454.4713134765625,8115564128,BITCOIN_CASH,-0.010815350723342165,-0.010874261776497552,0.06993939201066186,0.061484893113572796,407.1619088309152,331.9425476074219,1.2266035546381746
2021-01-08,441.0582275390625,453.6304931640625,409.3512573242188,449.5949096679688,8384177380,BITCOIN_CASH,-0.018930360504465726,-0.019111833663606286,0.07176814041422797,0.061803548782043125,421.3151332310268,337.68748982747394,1.247648035307078
2021-01-09,573.911376953125,587.8895263671875,420.3533935546875,440.986083984375,11980066195,BITCOIN_CASH,0.30121453612901106,0.2632980868803684,0.11183758614847154,0.07621728243746999,452.6453377859933,347.95184631347655,1.3008850005589463
2021-01-10,603.5962524414062,629.8012084960938,557.8359375,574.3733520507812,18670984544,BITCOIN_CASH,0.0517237968793669,0.050430529348204585,0.10185716120946497,0.07572419432956799,478.61768014090404,359.42735392252604,1.3316117288170262
2021-01-11,479.58734130859375,603.72705078125,407.0301818847656,603.72705078125,15256193289,BITCOIN_CASH,-0.20545010117479245,-0.22997948965946663,0.14642065055439224,0.08917795537449001,488.85345458984375,366.4897796630859,1.3338801836145247
2021-01-12,450.2796630859375,510.6044006347656,446.114013671875,479.279296875,8994820907,BITCOIN_CASH,-0.0611101997452389,-0.06305716528206365,0.14990555158898056,0.09041680413072953,493.21224539620533,372.32081807454426,1.3246969319278215
2021-01-13,495.7847595214844,499.6568908691406,438.0456848144531,450.3873901367188,6997508555,BITCOIN_CASH,0.10105963063861956,0.09627301670863302,0.15133138980690192,0.09154518103097498,499.1123352050781,379.6285400390625,1.3147387052451882
2021-01-14,526.3295288085938,537.53125,485.843994140625,495.8061828613281,7008145988,BITCOIN_CASH,0.061608931497995734,0.05978561724274137,0.15187383554689596,0.09175416117569239,510.07816423688615,387.55971171061196,1.3161279380292186
2021-01-15,492.58984375,533.6465454101562,457.6026611328125,526.4756469726562,7258747674,BITCOIN_CASH,-0.06410372820040577,-0.06625062937254472,0.15503952824966213,0.09241785314410315,517.4398236955915,393.59873860677084,1.3146379115115647
2021-01-16,490.9816284179688,513.4317626953125,475.6581115722656,492.5022583007813,6303545655,BITCOIN_CASH,-0.003264816261310033,-0.0032701574023178063,0.11043327418522006,0.09241558565517678,505.5927167619978,399.6214070638021,1.2651792617337856
2021-01-17,478.7698059082031,495.1344909667969,463.6385498046875,490.9681701660156,4635690838,BITCOIN_CASH,-0.02487225957743955,-0.025186800748101878,0.10573195903886487,0.09270399158348491,487.7603672572545,405.1544189453125,1.2038875659482615
2021-01-18,510.4153137207031,513.7310791015625,470.6421203613281,478.8108520507813,4495156814,BITCOIN_CASH,0.06609754295693304,0.06400482526938821,0.06505818588723812,0.09314908998706395,492.1643633161272,411.55999857584635,1.1958508237418664
2021-01-19,511.072265625,547.0870361328125,503.8229370117188,510.4017333984375,6415459721,BITCOIN_CASH,0.0012870928568109452,0.0012862652628506538,0.057277285824758724,0.09211775931855525,500.8490208217076,416.9903889973958,1.201104471558541
2021-01-20,499.3244934082031,517.6112060546875,474.0353088378906,510.8137512207031,6103579197,BITCOIN_CASH,-0.022986518750788165,-0.023254828417142038,0.046975815610726404,0.08984021412969082,501.35469709123885,423.1515747070313,1.1848111340205965
2021-01-21,419.5851440429688,499.2824401855469,407.8289489746094,499.2824401855469,6318951662,BITCOIN_CASH,-0.1596944480351108,-0.17398970094746705,0.07371835219636985,0.09619709098188181,486.1054992675781,426.3415293375651,1.140178626330098
2021-01-22,441.5264892578125,450.0270080566406,396.0233154296875,419.467041015625,5739209371,BITCOIN_CASH,0.052292950611704025,0.05097154571311552,0.07793550992191378,0.09055901919967117,478.8107343401228,431.92079874674477,1.1085614208193566
2021-01-23,431.5047302246094,443.8301086425781,420.107666015625,441.2742309570313,4073070097,BITCOIN_CASH,-0.022697979117967004,-0.022959543817901995,0.07777004000575813,0.0900544751004538,470.3140345982143,436.4281911214193,1.0776435715340111
2021-01-24,440.1033325195313,448.7325134277344,424.0015258789063,431.46331787109375,3869930797,BITCOIN_CASH,0.01992701746385528,0.01973107323022436,0.07896515533376147,0.08937169815116924,464.79025268554693,440.4868916829427,1.0551738575233187
2021-01-25,433.802490234375,464.2228088378906,432.68011474609375,440.0459289550781,5168935996,BITCOIN_CASH,-0.014316733865851083,-0.014420207086532574,0.07159928306619004,0.08948712082072811,453.8455636160715,444.18597819010415,1.021746713989772
2021-01-26,428.0443420410156,437.9620666503906,415.1179504394531,433.7289733886719,5549601374,BITCOIN_CASH,-0.013273663298355776,-0.013362545773962063,0.07097452797929032,0.08930962445100082,441.9844316755023,447.18145751953125,0.9883782617623362
2021-01-27,378.0301513671875,428.3438415527344,371.1024169921875,428.0255126953125,6484712952,BITCOIN_CASH,-0.11684348036315295,-0.1242528351548086,0.08015530634232174,0.09170235413522032,424.6566685267858,447.7127278645833,0.9485025600059082
2021-01-28,405.3744812011719,413.4749450683594,372.3145751953125,378.0505065917969,4670394866,BITCOIN_CASH,0.0723337271778206,0.06983732686675438,0.06330808187216472,0.09238975245953558,422.62657383510043,449.455522664388,0.9403078892651165
2021-01-29,407.5032958984375,432.3170166015625,392.3240356445313,414.4378662109375,7763515865,BITCOIN_CASH,0.005251476834352564,0.005237735915632066,0.0587761265722397,0.09236458766374407,417.76611764090404,451.0786987304688,0.9261490706980383
2021-01-30,414.9421081542969,417.1929016113281,392.9413146972656,407.4646301269531,5032998555,BITCOIN_CASH,0.01825460635713072,0.018089991333973064,0.059480632284272236,0.091923787157297,415.40002877371654,453.4750142415365,0.91603730244873
2021-01-31,399.7699279785156,416.16986083984375,391.7389526367188,415.0466918945313,3699019612,BITCOIN_CASH,-0.03656457100309385,-0.03724981050173997,0.05933643476503721,0.0922555400099275,409.6381138392857,455.4011566162109,0.8995104818859914
2021-02-01,414.02044677734375,442.40625,390.40966796875,399.7600708007813,5447738736,BITCOIN_CASH,0.035646800325596306,0.03502615938205464,0.062118744061454026,0.09224193958054204,406.8121076311384,457.3818400065104,0.8894365102587979
2021-02-02,430.15142822265625,434.1317138671875,411.0784912109375,414.03265380859375,4782082014,BITCOIN_CASH,0.03896179903884689,0.038221944394820295,0.06421650028842862,0.08687856706352189,407.11311994280135,457.6605590820312,0.889552555630712
2021-02-03,444.8460693359375,448.1360778808594,430.15045166015625,430.15045166015625,4916862940,BITCOIN_CASH,0.034161553697492186,0.03359100536874383,0.033295262126158874,0.08683408624993698,416.6582510811942,458.890864054362,0.9079680676140792
2021-02-04,420.8196411132813,453.8891906738281,414.0311584472656,444.8977661132813,4820122971,BITCOIN_CASH,-0.05401065644689784,-0.05552397473672745,0.03750888277537067,0.08733210356078627,418.8647024972098,458.92591451009116,0.9127065812885132
2021-02-05,446.4588928222656,447.7751770019531,419.2603454589844,420.7950744628906,4151940175,BITCOIN_CASH,0.06092693687289752,0.05914299474695139,0.04266328927536279,0.08677230250463704,424.4297877720424,458.6584065755208,0.9253723069003806
2021-02-06,457.6355895996094,488.3994445800781,445.19183349609375,446.5007019042969,7376227692,BITCOIN_CASH,0.025034100467101972,0.02472588078537113,0.04286737196372037,0.08687023588552178,430.5288565499442,458.92730204264325,0.9381199476119634
2021-02-07,445.169677734375,462.7828979492188,430.3152770996094,457.5939331054688,5588458731,BITCOIN_CASH,-0.027239821702112255,-0.027617703745962216,0.04106516533193358,0.08695060967130876,437.0145350864955,459.06435038248696,0.9519679206681595
2021-02-08,483.7041320800781,485.8307495117188,437.0635986328125,445.0782775878906,6169936503,BITCOIN_CASH,0.0865612737637893,0.08301791467299476,0.048268791973735396,0.07330759255020784,446.96934727260043,456.0574422200521,0.980072477486144
2021-02-09,513.53271484375,516.5474243164062,475.2855224609375,483.6850891113281,7367014754,BITCOIN_CASH,0.061667000104794756,0.059840314426417976,0.05011920307071833,0.07357567922848235,458.8809596470424,453.0553243001302,1.0128585517804287
2021-02-10,494.9677734375,532.6586303710938,471.5221252441406,513.4469604492188,7763853779,BITCOIN_CASH,-0.03615142885667699,-0.036821080586776654,0.05500782767456759,0.06054079407861837,466.0412030901228,453.56800537109376,1.027500171024682
2021-02-11,529.7373657226562,538.8411865234375,491.1873168945313,494.8670043945313,6776342962,BITCOIN_CASH,0.07024617389468624,0.06788869107244157,0.04785520660934042,0.06047968722774965,481.6008780343192,456.2165954589844,1.0556408574961997
2021-02-12,577.6043090820312,578.0996704101562,514.3463134765625,529.597412109375,7486531853,BITCOIN_CASH,0.09035976402018764,0.08650770051776788,0.051348161053012126,0.059998187699637724,500.3359375,458.94391377766925,1.0901897214010832
2021-02-13,663.6793823242188,664.9744873046875,546.2411499023438,577.552978515625,10843656790,BITCOIN_CASH,0.14902082946538941,0.1389101270446777,0.0635607577224437,0.06408533393352708,529.7707650320871,463.5222422281901,1.1429241507061987
2021-02-14,724.0156860351562,744.558349609375,652.9368286132812,663.9490356445312,14673194771,BITCOIN_CASH,0.09091182477243542,0.08701388302788879,0.053223699059114886,0.06409342866673154,569.6059090750558,471.23643697102864,1.2087475933234655
2021-02-15,712.4305419921875,767.510009765625,622.7515869140625,723.8924560546875,15323317081,BITCOIN_CASH,-0.01600123349041116,-0.016130635477835133,0.06156035164333306,0.06424770306543334,602.2811104910714,478.6180674235026,1.258375208719704
2021-02-16,707.29150390625,743.4058837890625,672.8810424804688,712.1409912109375,10739148111,BITCOIN_CASH,-0.007213388229492579,-0.007239530506491508,0.06581275681926578,0.06396850787481465,629.9609375,486.23545735677084,1.2955882339896325
2021-02-17,716.6982421875,726.0665283203125,678.7186889648438,707.302734375,8767701437,BITCOIN_CASH,0.013299662486115249,0.01321199838821005,0.05755108439210232,0.06324022092936853,661.63671875,493.11155497233074,1.3417586995849762
2021-02-18,705.9884643554688,727.3994140625,692.5198974609375,716.6647338867188,4289327501,BITCOIN_CASH,-0.014943217663465957,-0.015055992429408511,0.062289677567604174,0.06339976355353827,686.815447126116,499.6087615966797,1.3747065702593966
2021-02-19,720.8218994140625,740.1603393554688,684.864013671875,706.0059204101562,5251329016,BITCOIN_CASH,0.02101087455038786,0.020793190007676883,0.05916721889086238,0.06309393850452605,707.2751028878348,506.99200846354165,1.39504191600822
2021-02-20,682.1824340820312,748.7716674804688,637.5999755859375,720.7059326171875,6495825727,BITCOIN_CASH,-0.053604732824349965,-0.055094967201502004,0.04405499676299719,0.054083687659920096,709.9183959960938,515.7452514648437,1.376490416498747
2021-02-21,707.5924072265625,735.3334350585938,668.6373901367188,681.8699951171875,5369155548,BITCOIN_CASH,0.03724806133233827,0.03657111118338449,0.030121689459719374,0.053827743020951634,707.5722133091518,524.6141153971354,1.348747951193643
2021-02-22,630.349853515625,708.534423828125,545.1495971679688,707.5281372070312,7444078951,BITCOIN_CASH,-0.10916249654754329,-0.1155932436179917,0.052408961536679566,0.05857107844281443,695.8464006696429,531.2422861735026,1.3098475380824275
2021-02-23,513.1873779296875,630.45166015625,417.3163757324219,630.2363891601562,8300802305,BITCOIN_CASH,-0.18586896615029247,-0.20563395068938034,0.08770370774230635,0.07080418916105363,668.1172398158482,533.6784210205078,1.2519097896787066
2021-02-24,527.0413818359375,555.8158569335938,498.7773132324219,513.5601196289062,5749984570,BITCOIN_CASH,0.026995995034289733,0.02663803126431863,0.0893415894673098,0.07081025885780827,641.0234026227679,536.7863840738933,1.194187150869545
2021-02-25,496.9126586914063,555.2872924804688,496.9126586914063,527.0341186523438,4752439090,BITCOIN_CASH,-0.05716576379558358,-0.05886479525277001,0.08851399503641512,0.07173148431134325,611.1554303850446,539.0819946289063,1.1336966110429125
2021-02-26,484.5122375488281,506.2991638183594,460.4843444824219,497.3074645996094,5217285976,BITCOIN_CASH,-0.02495493106421165,-0.02527158450308493,0.08395381049290844,0.06774842616408215,577.3969072614398,542.6313975016276,1.0640683711261067
2021-02-27,483.7453308105469,501.2745056152344,475.1077270507813,484.5824890136719,3648759169,BITCOIN_CASH,-0.001582842865148426,-0.0015840968843679104,0.08652641531608583,0.06675805232008578,549.0487496512277,545.2437591552734,1.0069785126965032
2021-02-28,459.91448974609375,485.2208251953125,436.7429504394531,483.7192077636719,4580690977,BITCOIN_CASH,-0.049263196038549895,-0.050518011879399013,0.07799458727780151,0.06754831723833904,513.6661900111607,546.9907989501953,0.9390764725787116
2021-03-01,500.9513854980469,506.0074157714844,458.7641906738281,459.9558715820313,3643964253,BITCOIN_CASH,0.08922722955436457,0.08546848109584279,0.09075268123021545,0.06913337498420237,495.1806945800781,549.8577748616536,0.9005614128211018
2021-03-02,517.01416015625,548.0911865234375,494.7487182617188,500.84326171875,4725184970,BITCOIN_CASH,0.03206453784379404,0.031561201774378,0.05108973583816883,0.06877997976402979,495.72737775530135,553.7659159342448,0.8951930111461842
2021-03-03,523.5786743164062,554.6848754882812,512.7159423828125,517.0370483398438,3715621944,BITCOIN_CASH,0.012696971700296045,0.012617041029024391,0.05018673313399394,0.06860424114621577,495.23270525251115,557.4178568522135,0.8884406898069839
2021-03-04,506.8732604980469,537.8633422851562,495.01763916015625,523.490234375,3715844937,BITCOIN_CASH,-0.03190621512644731,-0.032426311198676776,0.04591402771562367,0.0687372909470042,496.6556483677455,559.9752512613933,0.8869242832589211
2021-03-05,498.9898071289063,506.8157653808594,474.8704833984375,506.8157653808594,3088964788,BITCOIN_CASH,-0.015553105644978027,-0.015675324099843603,0.045070462387338195,0.06863073246371544,498.72387259347096,561.7800425211589,0.8877564791289058
2021-03-06,501.2127075195313,505.0645446777344,484.0196228027344,498.91357421875,2326475343,BITCOIN_CASH,0.0044548011980749536,0.004444907941995512,0.04499892025778599,0.06770955324717938,501.2192121233259,564.4598114013672,0.8879626184173577
2021-03-07,516.1735229492188,517.9140014648438,500.7976684570313,501.2288208007813,2256359240,BITCOIN_CASH,0.029849234078137332,0.029412416846305155,0.038165556800289026,0.06711728530988686,509.2562168666295,566.783632405599,0.898501981620736
2021-03-08,528.9968872070312,528.9968872070312,502.26275634765625,516.1818237304688,2792447504,BITCOIN_CASH,0.024843126754244826,0.024539553808444296,0.024206091272334574,0.0671153899165908,513.26271711077,569.1623423258463,0.9017861494724932
2021-03-09,545.0260009765625,546.5261840820312,524.4879760742188,529.0134887695312,2777424542,BITCOIN_CASH,0.030300960472869454,0.02985095419486003,0.02393316851039899,0.06697731526068378,517.264408656529,572.4908864339193,0.9035330009855713
2021-03-10,546.839599609375,566.9415893554688,519.5401000976562,545.0299682617188,3942104355,BITCOIN_CASH,0.0033275451621812557,0.0033220211346866773,0.02386212944888689,0.06540996853181819,520.587397984096,574.5954020182292,0.906006898341975
2021-03-11,549.783203125,562.5151977539062,532.0155639648438,546.69677734375,4102967092,BITCOIN_CASH,0.00538293773480869,0.005368501508512483,0.016932740292015448,0.06455952120702124,526.7173897879464,575.8037516276041,0.9147515769028822
2021-03-12,539.2164916992188,562.4541015625,515.4931640625,549.8158569335938,4017236783,BITCOIN_CASH,-0.019219778570388146,-0.01940687975636435,0.017962309782296425,0.06427354247139197,532.4640590122768,577.2787089029948,0.9223691274256772
2021-03-13,596.2348022460938,607.0723876953125,522.9424438476562,539.2444458007812,4596011006,BITCOIN_CASH,0.10574289070275777,0.100517408356309,0.03780016581347288,0.06567282867140409,546.0386439732143,579.4952901204427,0.9422658877170947
2021-03-14,557.757080078125,601.4309692382812,557.757080078125,596.0801391601562,3841351549,BITCOIN_CASH,-0.0645345122810983,-0.0667110257508619,0.05100042221591943,0.06498457256888074,551.9791521344866,578.8337158203125,0.953605736929529
2021-03-15,523.9347534179688,567.6666870117188,519.7533569335938,557.575439453125,3867342609,BITCOIN_CASH,-0.06063988762889172,-0.06255636704108927,0.05739013347902939,0.06024705958871899,551.2559901646206,574.1755615234375,0.9600826421486743
2021-03-16,528.1640014648438,537.9750366210938,505.4736328125,523.894775390625,3487143846,BITCOIN_CASH,0.008072089166226926,0.008039684121943036,0.05598725873955056,0.05762604139663516,548.8471330915179,567.6471720377605,0.9668807670110404
2021-03-17,540.8455200195312,540.8455200195312,513.7536010742188,528.1920166015625,2658649338,BITCOIN_CASH,0.024010569670624538,0.02372684850801442,0.0569840659847184,0.057950620262812676,547.9908360072544,561.9276713053385,0.9751981687150068
2021-03-18,529.7573852539062,546.605224609375,525.3865966796875,540.874267578125,2482168468,BITCOIN_CASH,-0.02050148213342806,-0.02071455475175234,0.057306263793451474,0.05798723154825842,545.1300048828125,556.0098673502604,0.9804322493064784
2021-03-19,535.1412353515625,550.2268676757812,519.77490234375,529.7051391601562,2257159270,BITCOIN_CASH,0.010162859919500278,0.010111565299245943,0.05718117956118824,0.057947859489843274,544.5478254045759,549.9579671223959,0.9901626268892365
2021-03-20,539.1375732421875,553.5346069335938,532.9406127929688,535.0819702148438,2007491933,BITCOIN_CASH,0.007467819010432919,0.007440072899711993,0.03681112076256549,0.05802216891884516,536.3910784040179,544.3962707519531,0.9852952843764378
2021-03-21,526.5610961914062,546.2089233398438,518.1304931640625,539.1220092773438,1943933987,BITCOIN_CASH,-0.023327027599190808,-0.02360340927689502,0.029471643298334977,0.05780216396986297,531.9345092773438,537.9209106445312,0.9888712239127968
2021-03-22,513.3392333984375,540.3701782226562,512.01953125,526.60302734375,2541092748,BITCOIN_CASH,-0.0251098360448615,-0.025430466683746957,0.019826298658573847,0.057263625352432894,530.4208635602679,532.2928039550782,0.9964832506077459
2021-03-23,516.253173828125,536.6996459960938,511.6033630371094,513.4077758789062,2812731005,BITCOIN_CASH,0.005676442087616085,0.005660391800600418,0.019626508692975383,0.056681603285024605,528.7193167550223,525.9148295084635,1.0053325882618294
2021-03-24,480.1233215332031,532.3841552734375,461.5792236328125,516.1734008789062,2544422048,BITCOIN_CASH,-0.06998475578757513,-0.07255430134291337,0.029041930648909097,0.05443011945667447,520.0447169712612,520.9072784423828,0.9983441170687789
2021-03-25,478.2922058105469,485.1078796386719,460.6235046386719,480.0242309570313,2428634157,BITCOIN_CASH,-0.003813844569784397,-0.0038211358193512607,0.029382974356442666,0.03980591935729729,512.6925484793527,519.7441060384115,0.98643263583534
2021-03-26,509.0152893066406,510.2479248046875,475.3696594238281,478.210693359375,2244829965,BITCOIN_CASH,0.06423496582811405,0.06225619908475529,0.04100384320522164,0.041206795513018195,508.9602704729353,519.1432362874349,0.9803850554091365
2021-03-27,503.6587829589844,512.13037109375,490.5913696289063,509.0176696777344,1806636009,BITCOIN_CASH,-0.010523272012030627,-0.01057903317721415,0.040497698125973175,0.039793935075109206,503.8918718610491,519.3681070963542,0.970201799024918
2021-03-28,501.0036010742188,508.330322265625,494.2200317382813,503.6591796875,1929011914,BITCOIN_CASH,-0.005271787119776716,-0.0052857320207859914,0.040040661200433994,0.03951480096008707,500.2408011300223,519.9178192138672,0.9621535993638433
2021-03-29,520.6358032226562,525.8928833007812,496.1830139160156,500.9342956542969,2112034391,BITCOIN_CASH,0.039185750574134426,0.03843747436158919,0.04237813728745936,0.040091877880104425,501.28316824776783,521.1475016276041,0.9618834719195666
2021-03-30,527.6982421875,537.111328125,514.731201171875,520.620361328125,2059097801,BITCOIN_CASH,0.0135650274551391,0.013473846129558542,0.04259247619192726,0.0388599834910949,502.91817801339283,523.4069600423177,0.9608549683266185
2021-03-31,543.2378540039062,546.30078125,509.53271484375,527.7657470703125,3098623015,BITCOIN_CASH,0.029447912791956465,0.029022651540340002,0.026933699595508735,0.03607533298424066,511.9345397949219,524.816508992513,0.9754543369408851
2021-04-01,561.6582641601562,563.753173828125,533.9468994140625,543.2572021484375,3271470706,BITCOIN_CASH,0.03390855409004234,0.03334633319079465,0.025628922601713802,0.03612601405271238,523.843976702009,526.3046457926432,0.9953246297362085
2021-04-02,585.7074584960938,602.216552734375,551.8328857421875,561.5902099609375,3469842740,BITCOIN_CASH,0.042818197239380185,0.04192685328876294,0.021202514226159756,0.03679194903317911,534.8000008719308,528.3756052652994,1.012158766496053
2021-04-03,536.6788330078125,598.5073852539062,536.6760864257812,585.6561279296875,3188458792,BITCOIN_CASH,-0.08370838509410616,-0.08742060808864335,0.04558031071687406,0.03989511021715985,539.5171508789062,529.3691243489583,1.0191700385669988
2021-04-04,566.5130615234375,568.2909545898438,532.04833984375,536.5737915039062,2212661584,BITCOIN_CASH,0.055590469906217965,0.054100297476511156,0.04792882062955174,0.040857202974938264,548.8756452287946,531.6198994954427,1.0324588032722801
2021-04-05,648.5609741210938,648.5609741210938,562.1622314453125,566.6402587890625,4920959551,BITCOIN_CASH,0.1448296926764887,0.13525588592277524,0.0656522223563516,0.047345846669200456,567.1506696428571,536.5315083821614,1.0570687103783032
2021-04-06,667.7485961914062,677.270263671875,626.131591796875,649.078857421875,5604369783,BITCOIN_CASH,0.029584916200539046,0.02915572703758868,0.06520514861071071,0.04734197708393744,587.1578630719866,541.5840108235677,1.0841491833909873
2021-04-07,618.5975341796875,697.1884155273438,601.8906860351562,667.3567504882812,6575528211,BITCOIN_CASH,-0.07360713641639749,-0.07645687557865335,0.07747908681591913,0.04970035645867055,597.9235316685268,544.5706990559896,1.0979722792743423
2021-04-08,647.5640869140625,647.6471557617188,613.7723388671875,619.0540161132812,3400288881,BITCOIN_CASH,0.04682616909035553,0.0457628904924043,0.07801435177193118,0.050055960193046534,610.1957920619419,547.9886352539063,1.1135190637287804
2021-04-09,635.7067260742188,651.7200317382812,630.7730102539062,647.5924682617188,2599328081,BITCOIN_CASH,-0.01831071407364404,-0.018480430139330154,0.07856654617761441,0.050250263652886665,617.3385445731027,550.9508728027344,1.120496536166008
2021-04-10,673.9575805664062,685.5093994140625,630.3269653320312,635.4577026367188,3288833580,BITCOIN_CASH,0.06017059899366517,0.05842983762098354,0.06627642194031466,0.051188052343924775,636.9497942243304,555.090018717448,1.1474711717858337
2021-04-11,696.6084594726562,718.5927124023438,675.5234375,676.87841796875,3830293616,BITCOIN_CASH,0.033608760490851264,0.03305632971737469,0.0656092785047842,0.05115843561860197,655.5348510742188,560.3364176432292,1.169895138765732
2021-04-12,674.7862548828125,698.5848388671875,657.9900512695312,694.9053344726562,2934933652,BITCOIN_CASH,-0.03132635599395894,-0.031827520511506315,0.049035295823016904,0.04859523462785966,659.2813197544643,562.9547993977865,1.1711088003152685
2021-04-13,746.8653564453125,752.53076171875,670.9566650390625,674.6181030273438,4536646606,BITCOIN_CASH,0.10681767899231698,0.1014889418716571,0.06097819809379803,0.0498280607622524,670.5837140764509,569.2584086100261,1.1779952723295446
2021-04-14,818.7034301757812,846.2385864257812,746.9727783203125,746.9727783203125,7265770869,BITCOIN_CASH,0.09618611053588078,0.09183698299303024,0.05077432156513321,0.0500769278936192,699.1702706473214,579.0840311686198,1.2073727352425203
2021-04-15,868.155517578125,878.1765747070312,801.1557006835938,816.70166015625,5161090414,BITCOIN_CASH,0.06040293173283273,0.05864896017130377,0.051247859318463,0.050687334513119256,730.683332170759,590.4170817057292,1.2375714639891469
2021-04-16,1110.654296875,1170.7347412109375,827.9777221679688,866.6513061523438,13562048894,BITCOIN_CASH,0.2793264275660756,0.24633371096073126,0.08553599945933044,0.06580989786427982,798.5329851422991,609.4107076009115,1.3103363219296096
2021-04-17,1006.32421875,1208.586181640625,1005.7356567382812,1107.8419189453125,11342338922,BITCOIN_CASH,-0.09393569035707061,-0.09864499351241865,0.10933993983435873,0.06909141176823169,846.013933454241,625.2962687174479,1.3529809400422452
2021-04-18,965.6826171875,1024.783447265625,833.9827270507812,1003.9636840820312,11408448671,BITCOIN_CASH,-0.040386190459554605,-0.041224357185959515,0.1155118975963311,0.070009944402992,884.4530988420759,639.6476481119792,1.382719222766907
2021-04-19,894.1287231445312,1038.072021484375,877.4013061523438,971.877685546875,8210144054,BITCOIN_CASH,-0.0740966988215711,-0.07698547616195793,0.12171994968719013,0.07218191795743967,915.7877371651786,651.4806864420573,1.4057020510716687
2021-04-20,940.9869384765624,967.5877075195312,833.9789428710938,891.2747192382812,8030877946,BITCOIN_CASH,0.05240656531784049,0.05107950858894356,0.11894975465226376,0.07202586347160914,943.5193917410714,665.2948811848959,1.4181972812727122
2021-04-21,913.90576171875,996.2236938476562,902.4186401367188,942.3489379882812,6416416471,BITCOIN_CASH,-0.028779545868783507,-0.029201798219911295,0.1177640004449342,0.07210996239772548,957.1197248186384,678.6470987955729,1.4103349539359764
2021-04-22,854.0779418945312,969.8778686523438,845.3306884765625,910.7542114257812,6610919178,BITCOIN_CASH,-0.06546388296283712,-0.06770500431846609,0.11975321178163396,0.07380990565839984,955.108642578125,689.9079243977865,1.3844001624011342
2021-04-23,838.8472290039062,872.4712524414062,697.4628295898438,854.8743286132812,7204033430,BITCOIN_CASH,-0.01783293086441262,-0.017993853595759193,0.04911298245629346,0.0721871243914567,916.2790614536831,701.8653879801433,1.3054911627578447
2021-04-24,769.1758422851562,840.376708984375,752.1008911132812,840.376708984375,3509395352,BITCOIN_CASH,-0.08305610880002745,-0.08670899594777894,0.046898752651219476,0.07462010255513378,882.4007219587054,711.5615091959636,1.240090576225495
2021-04-25,757.708740234375,804.5589599609375,720.9862060546875,770.97998046875,3257040348,BITCOIN_CASH,-0.014908297193413467,-0.015020542847491734,0.047674310396639684,0.07429553236855062,852.690168108259,719.8512908935547,1.1845365548345557
2021-04-26,849.4700927734375,850.1695556640625,753.5380859375,759.281005859375,3760438246,BITCOIN_CASH,0.12110372715336348,0.1143136707222043,0.06928955727443095,0.07638342213059224,846.3103637695312,731.3783345540364,1.1571444268793873
2021-04-27,887.862548828125,891.011962890625,833.593994140625,849.8477783203125,3620498787,BITCOIN_CASH,0.045195771318257805,0.044204208845054736,0.06836635505238704,0.0764104647788439,838.7211652483259,744.2736328125,1.126898936455565
2021-04-28,909.8458251953124,928.2164306640624,853.8976440429688,889.720703125,3864350281,BITCOIN_CASH,0.024759774354941255,0.024458218639271365,0.06864014018001698,0.07633088839131359,838.1411743164062,757.2473002115886,1.1068262297960183
2021-04-29,880.6653442382812,913.1482543945312,861.106689453125,910.4840698242188,2631715599,BITCOIN_CASH,-0.032071896302614866,-0.03259746750383024,0.06405209221453166,0.07689907658452028,841.9393746512277,769.012870279948,1.0948313184208893
2021-04-30,993.4256591796876,999.5653686523438,870.935302734375,880.7796020507812,3816064836,BITCOIN_CASH,0.12803991400267578,0.1204815372039867,0.07621880937822934,0.07916863355288696,864.0220075334821,784.019130452474,1.1020419961370544
2021-05-01,1005.080078125,1030.10693359375,977.5697631835938,995.3594360351562,3302890217,BITCOIN_CASH,0.01173154612790639,0.011663265050199764,0.05963406980587906,0.07914269730252114,897.7226126534598,798.7998575846354,1.123839224718869
2021-05-02,974.6554565429688,1009.0420532226562,955.5432739257812,1004.1727294921876,2712905992,BITCOIN_CASH,-0.030270843332990016,-0.030738466404768867,0.062212791314001224,0.07954037871527257,928.7150006975446,811.7647908528646,1.1440690840037648
2021-05-03,1017.2999877929688,1046.244873046875,973.1134033203124,974.3008422851562,3514913500,BITCOIN_CASH,0.043753442268980924,0.042823295159747025,0.05228383703432541,0.07716476054435083,952.6906999860491,827.7854960123698,1.1508907858078887
2021-05-04,955.1824340820312,1053.06689453125,935.9276733398438,1016.9843139648438,5581505479,BITCOIN_CASH,-0.061061195769501087,-0.06300497311113613,0.06096157030256726,0.07840124851211706,962.3078264508929,840.741141764323,1.1445946661197741
2021-05-05,1454.93505859375,1474.2880859375,942.0247802734376,951.869384765625,14081332554,BITCOIN_CASH,0.5232012301314997,0.4208141926514731,0.16736444942391815,0.1057621180753227,1040.1777169363838,867.6202779134114,1.1988858990686173
2021-05-06,1505.7657470703125,1597.6549072265625,1275.957275390625,1454.4903564453125,14871286058,BITCOIN_CASH,0.03493674042447803,0.03434030448658375,0.16256466263872446,0.10577011259160228,1129.477774483817,895.5541829427083,1.2612054033095546
2021-05-07,1343.2474365234375,1509.1109619140625,1279.020751953125,1509.1109619140625,9450311296,BITCOIN_CASH,-0.10793067305660131,-0.11421142863366812,0.1756845461127961,0.10725894060710803,1179.4523141043526,919.7091796875,1.2824187690560058
2021-05-08,1402.3680419921875,1444.7283935546875,1325.1710205078125,1342.436767578125,7091316071,BITCOIN_CASH,0.0440131906164396,0.0430721240707062,0.17514816772742378,0.10724283550371218,1236.2077375139509,944.8693115234375,1.3083372720834596
2021-05-09,1428.52880859375,1428.52880859375,1289.4678955078125,1398.5516357421875,5982135477,BITCOIN_CASH,0.018654708192293645,0.018482843227231902,0.17244687494945504,0.10692894720610728,1301.0467878069196,971.2967142740886,1.3394946865225155
2021-05-10,1321.401123046875,1565.984375,1239.093505859375,1427.7679443359375,9778335896,BITCOIN_CASH,-0.07499161718154779,-0.0779524790043413,0.17971236527270446,0.10843467965682846,1344.4898071289062,992.8781656901042,1.3541337231385413
2021-05-11,1542.425048828125,1547.425048828125,1305.3013916015625,1321.5760498046875,8507115276,BITCOIN_CASH,0.16726482362268236,0.15466325440076287,0.17827710501863442,0.11108570772222102,1428.3816092354912,1021.0720520019531,1.398903834881144
2021-05-12,1209.806884765625,1635.1495361328125,1209.806884765625,1549.2320556640625,8940812629,BITCOIN_CASH,-0.21564624116757602,-0.24289513740167357,0.12945576407819437,0.12113629747242331,1393.3632986886162,1038.906072998047,1.3411831299317427
2021-05-13,1251.692138671875,1342.406005859375,1138.836181640625,1237.9580078125,9987052496,BITCOIN_CASH,0.03462143787879368,0.034035599307063374,0.1294320020974367,0.12018350914072577,1357.0670689174108,1055.7336324055989,1.2854256294035005
2021-05-14,1298.664794921875,1358.966064453125,1227.956298828125,1255.058349609375,5514988209,BITCOIN_CASH,0.03752732385124746,0.0368403090180898,0.1248632958731884,0.11942300738258563,1350.6981201171875,1071.7323445638021,1.2602942581404737
2021-05-15,1170.348388671875,1331.10595703125,1166.7166748046875,1298.5604248046875,5304828008,BITCOIN_CASH,-0.09880641005419666,-0.10403518324805287,0.12780387160471854,0.12107265412715364,1317.552455357143,1081.805440266927,1.2179199755475876
2021-05-16,1168.72900390625,1279.673095703125,1101.8212890625,1171.168212890625,5122033903,BITCOIN_CASH,-0.0013836775282466407,-0.0013846356939612968,0.12687280304497073,0.11254238211728872,1280.438197544643,1083.7412638346354,1.1814980570307239
2021-05-17,1068.6568603515625,1169.2037353515625,992.3115844726562,1166.7611083984375,6580396012,BITCOIN_CASH,-0.08562476264404817,-0.08951424762505955,0.12769383035383008,0.11227368153475026,1244.3318743024554,1085.8190185546875,1.1459846006001637
2021-05-18,1091.5501708984375,1167.2266845703125,1057.422119140625,1068.7489013671875,4635705785,BITCOIN_CASH,0.02142250838060744,0.021196271781832192,0.10305558611377033,0.11202306910856516,1179.921177455357,1090.0146036783854,1.0824819901252434
2021-05-19,706.7958374023438,1110.525634765625,507.7298278808594,1093.3572998046875,10094456486,BITCOIN_CASH,-0.3524843326069095,-0.434612288955095,0.16803890200826305,0.13715644090797838,1108.06245640346,1083.770174153646,1.0224146067396482
2021-05-20,821.6005249023438,862.993408203125,622.5455322265625,698.481689453125,8035772953,BITCOIN_CASH,0.16242977310383822,0.15051244642134523,0.18568187137814351,0.13980511112814098,1046.6207972935267,1079.7906270345052,0.969281239426874
2021-05-21,687.9571533203125,852.1097412109375,608.1994018554688,819.837158203125,7998797485,BITCOIN_CASH,-0.16266222760497417,-0.17752773864902943,0.1846958649254226,0.14328738860075582,959.3768484933036,1072.2590067545573,0.8947249148291904
2021-05-22,631.7822265625,720.3219604492188,604.669189453125,689.6707763671875,5302068385,BITCOIN_CASH,-0.08165468806697251,-0.08518180230108525,0.18460756881415594,0.14356758491209384,882.4388253348214,1064.8491495768228,0.8286984364738496
2021-05-23,556.1397705078125,660.4301147460938,469.72705078125,631.4146118164062,6340421631,BITCOIN_CASH,-0.11972868636437406,-0.12752510807836415,0.18085363668869162,0.14516048758742603,794.9260777064732,1055.4255676269531,0.7531806146157763
2021-05-24,748.4216918945312,758.5371704101562,540.7056884765625,554.3440551757812,5693828648,BITCOIN_CASH,0.34574387875757506,0.2969469298753543,0.23702274326924438,0.1550684478983038,749.1781964983259,1054.7337626139322,0.7103007631439121
2021-05-25,719.9478149414062,788.4690551757812,673.547119140625,752.50341796875,5635417781,BITCOIN_CASH,-0.038045232068363966,-0.038787848203931274,0.23505863324018364,0.1552036696289641,696.0921456473214,1053.4750651041666,0.6607580650980975
2021-05-26,765.048828125,787.7767944335938,709.1707153320312,720.5208129882812,3804200045,BITCOIN_CASH,0.06264483653897113,0.06076092926871302,0.16840749793905616,0.1541275068495214,704.4140014648438,1050.6610229492187,0.6704483997013088
2021-05-27,745.955078125,806.7064208984375,702.633056640625,764.8363647460938,3539930955,BITCOIN_CASH,-0.024957557345451242,-0.0252742780039909,0.1569047335735443,0.15390798817671011,693.6075090680804,1045.9307739257813,0.6631485814923526
2021-05-28,689.9478759765625,761.5265502929688,655.0435180664062,749.4917602539062,4381620234,BITCOIN_CASH,-0.07508119964705484,-0.07804932872512166,0.14353963076085957,0.15435019586673837,693.8918980189732,1038.6008422851562,0.668102575857973
2021-05-29,651.5799560546875,721.3099975585938,619.981201171875,689.5534057617188,3431855859,BITCOIN_CASH,-0.055609881931397265,-0.05721593753941376,0.1411291741661095,0.15454408038479964,696.7201450892857,1030.9646626790366,0.6757943994693356
2021-05-30,663.5120239257812,687.3419189453125,619.0180053710938,651.9098510742188,2530933937,BITCOIN_CASH,0.018312515233498416,0.01814686044058819,0.12861805611268487,0.15268192419454524,712.0590384347098,1019.9675415039062,0.6981193120957593
2021-05-31,703.882568359375,710.571044921875,637.130615234375,662.7338256835938,2736460092,BITCOIN_CASH,0.06084372698287299,0.05906456036053568,0.05549878611522894,0.1531952184054214,705.696306501116,1009.9276245117187,0.6987592866788916
2021-06-01,691.4038696289062,720.8492431640625,670.5065307617188,703.40185546875,2680399959,BITCOIN_CASH,-0.017728381538918314,-0.017887411662749896,0.05416046337764648,0.15315861213049717,701.6186000279018,1000.4859049479167,0.7012778456528348
2021-06-02,697.9129638671875,715.1097412109375,675.8762817382812,691.1810302734375,2085428216,BITCOIN_CASH,0.009414315603664347,0.009370277113594287,0.046591780392552844,0.1528713856482536,692.0277622767857,989.8396708170573,0.699131165055807
2021-06-03,718.4481811523438,734.9953002929688,689.205810546875,698.24365234375,2286280619,BITCOIN_CASH,0.02942375102386552,0.02899918065721825,0.04870034779642817,0.15274731744336367,688.0982055664062,981.9485290527343,0.7007477329083639
2021-06-04,671.13916015625,719.5374145507812,645.6582641601562,719.24560546875,2533308529,BITCOIN_CASH,-0.06584889799597404,-0.06811707439061276,0.046316140658832425,0.12957809219748898,685.4112461635044,955.8219991048177,0.7170908880580605
2021-06-05,649.4383544921875,688.8902587890625,636.7320556640625,671.6312255859375,2116275969,BITCOIN_CASH,-0.0323342861695185,-0.03286858830007874,0.04239767379242824,0.12908266303746496,685.1053030831473,927.2777526855468,0.7388350481815952
2021-06-06,657.4957275390625,669.59423828125,646.3995361328125,649.7618408203125,1506122550,BITCOIN_CASH,0.012406678772730162,0.012330346637370483,0.042027374157345136,0.12823416808038546,684.245832170759,904.4193623860677,0.7565581417513663
2021-06-07,596.077880859375,670.2244873046875,594.2360229492188,656.8709716796875,1905638841,BITCOIN_CASH,-0.09341178065075506,-0.09806693488008318,0.046170305952359325,0.12828469307477042,668.8451625279018,877.5430236816406,0.76217933990499
2021-06-08,597.09228515625,604.3988647460938,545.1808471679688,596.8394165039062,2877121838,BITCOIN_CASH,0.0017017982539673238,0.0017003518360938173,0.04716755074776716,0.12810913801047194,655.3720790318081,849.8284729003906,0.7711815971463986
2021-06-09,633.1434936523438,634.634521484375,567.7802124023438,596.0902099609375,2424388228,BITCOIN_CASH,0.06037795059880846,0.058625401741261754,0.05540012895993995,0.1287376202599538,646.1192975725446,826.886551920573,0.7813880828897649
2021-06-10,602.8461303710938,638.7239379882812,591.91015625,633.9471435546875,1940156625,BITCOIN_CASH,-0.04785228559560328,-0.04903509403768687,0.05313050642596348,0.12425461535279667,629.604718889509,795.5672546386719,0.7913909417695437
2021-06-11,578.2715454101562,611.405029296875,571.8099975585938,602.6116333007812,1715350886,BITCOIN_CASH,-0.04076427420345241,-0.04161843055318082,0.05042676346933575,0.11769725310685247,616.3379167829241,774.5160766601563,0.7957716248327305
2021-06-12,580.5331420898438,589.9786987304688,549.8956909179688,578.7503051757812,1786736797,BITCOIN_CASH,0.003910959648003143,0.0039033317271776353,0.05093067790803898,0.1173074876523135,606.4943150111607,752.1441101074219,0.8063538713672047
2021-06-13,614.3549194335938,615.1343994140625,560.099853515625,580.4896240234375,1578903640,BITCOIN_CASH,0.05825985614188367,0.056625913998849496,0.05738358779383757,0.1177255743482621,600.3313424246652,729.3337809244791,0.8231229076811789
2021-06-14,625.3695068359375,640.246337890625,600.4496459960938,613.8494262695312,1552154786,BITCOIN_CASH,0.01792870383865197,0.01776988015377644,0.04239715356665562,0.1170022314821611,604.5158604213169,711.1678181966146,0.8500326434262077
2021-06-15,639.20458984375,649.8994750976562,617.982421875,637.4489135742188,1736113953,BITCOIN_CASH,0.02212305342134635,0.021881889055335356,0.042673650221971796,0.11721290615117069,610.5319039481027,693.5170043945312,0.880341649994757
2021-06-16,593.046630859375,628.0631713867188,591.1793212890625,628.0631713867188,1629936616,BITCOIN_CASH,-0.0722115574853085,-0.07495154361350663,0.04683145586536648,0.11694543601869836,604.8037806919643,677.663330078125,0.8924841493522145
2021-06-17,599.35791015625,620.4916381835938,585.6542358398438,593.2911376953125,1426459812,BITCOIN_CASH,0.010642129924470556,0.010585901038087693,0.043729078832335296,0.11683369988425146,604.3054635184152,661.2569213867188,0.913873933071474
2021-06-18,563.2868041992188,599.7035522460938,546.919189453125,599.7035522460938,1642573263,BITCOIN_CASH,-0.06018291465883496,-0.06207001271578052,0.04743473623080006,0.08731256375481095,602.1647862025669,656.4732869466146,0.9172723371629528
2021-06-19,554.896728515625,581.6277465820312,553.4807739257812,563.9763793945312,1287962730,BITCOIN_CASH,-0.014894855730769874,-0.015006898055943366,0.047464652019099024,0.08205016937663386,598.50244140625,647.5831604003906,0.9242093958036296
2021-06-20,557.5296020507812,561.1050415039062,516.1603393554688,553.9019165039062,1468001206,BITCOIN_CASH,0.004744799166863656,0.004733578087808635,0.03932546329455747,0.07597697367096638,590.384538922991,643.2355753580729,0.917835644576
2021-06-21,456.29345703125,559.435302734375,455.3751831054688,556.5131225585938,2170476053,BITCOIN_CASH,-0.18157985629310203,-0.2003794511250255,0.0777466424445236,0.08267963997977935,566.2308175223214,637.3859497070313,0.8883641344503819
2021-06-22,443.78326416015625,476.1463928222656,390.0023498535156,455.7373962402344,2651277002,BITCOIN_CASH,-0.027416989392063496,-0.027799849180712693,0.07272592166248651,0.07978070543720958,538.3134852818081,633.6407328287761,0.8495563138414468
2021-06-23,469.3756408691406,485.89263916015625,430.0447998046875,444.2433471679688,1925034930,BITCOIN_CASH,0.05766863867076433,0.056067088416648106,0.08212496889926985,0.05693057857421524,520.6462009974888,624.3391977945963,0.8339156068313656
2021-06-24,486.2078857421875,495.9580078125,457.01165771484375,473.3774719238281,1423583436,BITCOIN_CASH,0.035860925466602245,0.0352328929984467,0.08481006820209898,0.05749009309413879,504.4819117954799,616.5478668212891,0.8182364078176394
2021-06-25,451.9181518554688,496.77685546875,450.0642700195313,487.1156005859375,1625824115,BITCOIN_CASH,-0.07052484110654855,-0.0731351974134266,0.0856092011566044,0.05675217750587217,488.57210431780135,606.1101776123047,0.8060780405345941
2021-06-26,458.7761840820313,463.96429443359375,429.425537109375,450.74456787109375,1549850152,BITCOIN_CASH,0.015175385627696159,0.015061391288503149,0.08731033975154887,0.057039889517798266,474.8405979701451,596.5375478108724,0.7959944846936771
2021-06-27,476.8872985839844,477.91693115234375,447.8674011230469,459.3374328613281,1445433765,BITCOIN_CASH,0.03947701543878468,0.03871771690147473,0.09027478753716446,0.05665681727389681,463.3202689034598,589.4355285644531,0.7860406209850601
2021-06-28,500.6705627441406,516.4507446289062,473.36810302734375,477.5481872558594,1466070100,BITCOIN_CASH,0.0498718758725083,0.04866813374545915,0.04720588325495544,0.05705961236146189,469.6598554338728,584.4052154541016,0.803654455870884
2021-06-29,522.2713623046875,546.6151123046875,500.38763427734375,501.2427673339844,1747410969,BITCOIN_CASH,0.043143737954463246,0.04223897856030651,0.044391482381961944,0.05761848284406101,480.87244088309154,579.6971934000651,0.8295234932269685
2021-06-30,526.2958374023438,533.6823120117188,499.3426208496094,523.6981201171875,1693524407,BITCOIN_CASH,0.007705716583610744,0.007676179190392168,0.04214276452027906,0.05630552520873892,489.003897530692,573.7776357014974,0.8522533244657374
2021-07-01,498.1935729980469,526.4202270507812,487.2961120605469,526.4202270507812,1766801086,BITCOIN_CASH,-0.0533963265660663,-0.05487478085627505,0.04867036744282403,0.05689306335894868,490.7161385672433,567.3372924804687,0.8649460295863362
2021-07-02,496.3497619628906,503.97015380859375,476.8528442382813,496.7327880859375,1204691392,BITCOIN_CASH,-0.003700993218480275,-0.003707858838859697,0.03583797230491475,0.05678219105268883,497.06351143973217,560.6185190836588,0.8866341273424065
2021-07-03,505.3199768066406,514.3199462890625,489.528564453125,496.1561584472656,1158357445,BITCOIN_CASH,0.01807236656722866,0.0179110026029768,0.035876192001745556,0.05654602009015184,503.7126246861049,553.5142456054688,0.9100264874576305
2021-07-04,526.4296875,539.7749633789062,495.9254150390625,505.2237854003906,1413797953,BITCOIN_CASH,0.04177493798436749,0.04092592958381207,0.03614050180460875,0.05630058820795527,510.7901088169643,548.690596516927,0.9309255745577671
2021-07-05,505.0554504394531,526.8648681640625,490.6242370605469,526.767578125,1522255823,BITCOIN_CASH,-0.04060226383138177,-0.04144954954941707,0.03779546562576561,0.05645238048721963,511.41652134486606,543.8778330485027,0.9403150675921338
2021-07-06,511.6671142578125,525.4853515625,500.9181823730469,504.8183288574219,1393837450,BITCOIN_CASH,0.013090966175311136,0.013006020025904026,0.03392825454587073,0.0564610627449572,509.90162876674106,539.016879272461,0.9459845291950444
2021-07-07,508.8645324707031,537.0830688476562,505.7569885253906,511.5266723632813,1584424878,BITCOIN_CASH,-0.005477353750151792,-0.005492409454316637,0.03360567669194142,0.05385891382190799,507.4114423479353,536.1097676595052,0.9464693108710587
2021-07-08,490.9910583496094,510.511962890625,481.0323181152344,509.7150573730469,1592605743,BITCOIN_CASH,-0.035124228513848665,-0.03575592014135306,0.029368525258989864,0.05412517791559508,506.3825116838728,532.5730600992839,0.950822618758582
2021-07-09,504.06298828125,509.7544555664063,472.18756103515625,490.3513793945313,1339952027,BITCOIN_CASH,0.026623560061521,0.02627532048283266,0.031219738690758576,0.0530949501992783,507.4844011579241,528.270376586914,0.960652771099365
2021-07-10,497.4999694824219,510.88427734375,485.4723815917969,504.2683410644531,1170722352,BITCOIN_CASH,-0.013020235469393682,-0.013105741754157258,0.030817228125465453,0.052530301265320864,506.3672572544643,524.758837890625,0.964952318459105
2021-07-11,498.2137145996094,503.6387634277344,490.32861328125,497.2193298339844,1157460252,BITCOIN_CASH,0.0014346636401405544,0.0014336354935059695,0.024585040758972602,0.05212153573881201,502.3364039829799,522.0902435302735,0.962163936614249
2021-07-12,480.8447570800781,508.2068176269531,472.2922973632813,498.3797607421875,1336050112,BITCOIN_CASH,-0.0348624636587731,-0.035484663092897474,0.023296794115792174,0.052385803448595315,498.8777335030692,518.7672973632813,0.961659950499378
2021-07-13,465.4149169921875,484.7972106933594,460.9441528320313,480.5673828125,1075661865,BITCOIN_CASH,-0.03208902636598987,-0.03261516532135654,0.023142309382458752,0.05121112705908827,492.27027675083707,513.8026306152344,0.9580921688964219
2021-07-14,467.7268371582031,477.846923828125,445.8215942382813,465.61328125,1264474725,BITCOIN_CASH,0.004967438905819188,0.004955141887489564,0.024065908705242937,0.0510310663065707,486.3934631347656,508.5478749593099,0.9564359366828208
2021-07-15,454.6336059570313,473.8235778808594,445.1778259277344,467.7589416503906,1424146487,BITCOIN_CASH,-0.02799332892831885,-0.028392611302779598,0.022993701730149075,0.05078368087493035,481.1995413643973,502.3955088297526,0.9578101971597481
2021-07-16,439.7827758789063,464.465576171875,438.4013366699219,455.2224426269531,1359916782,BITCOIN_CASH,-0.03266549125171492,-0.033210919098355884,0.01718401168342966,0.049537794748936125,472.0166538783482,497.286713663737,0.949184124387292
2021-07-17,437.03759765625,446.8995361328125,432.3944396972656,439.2149658203125,1235721953,BITCOIN_CASH,-0.006242123096271923,-0.006261686601006391,0.01779166733972151,0.04939205103808983,463.3791721888951,491.87603658040365,0.9420649467096973
2021-07-18,439.6506042480469,453.0492248535156,434.5421142578125,437.0848083496094,1210002751,BITCOIN_CASH,0.0059789057184322925,0.00596110298696276,0.01869682091018788,0.04849767223312487,455.0130135672433,487.7548299153646,0.9328723892825364
2021-07-19,415.69140625,442.2355041503906,414.6778564453125,439.1085510253906,1131995857,BITCOIN_CASH,-0.05449599697247165,-0.05603715712470955,0.023035409539935263,0.04926693606617138,445.7053920200893,483.1146525065104,0.9225664957741744
2021-07-20,399.5709838867188,422.0052185058594,386.1447448730469,415.88677978515625,1262285193,BITCOIN_CASH,-0.03877978260052417,-0.03955174184177755,0.023765990943598686,0.04948476063071609,436.29911586216525,477.849365234375,0.9130473902548134
2021-07-21,430.4355163574219,435.8940124511719,393.3758850097656,399.2771606445313,1201512019,BITCOIN_CASH,0.0772441786700242,0.07440609361898115,0.043278966896572305,0.03713138712949495,430.9717843191965,476.9874338785807,0.9035285915496514
2021-07-22,442.8225708007813,445.6720275878906,425.517822265625,430.9478149414063,1052930154,BITCOIN_CASH,0.028777956215568334,0.028371647576064536,0.04495265254052224,0.03719884412332191,429.28449358258933,476.9554107666016,0.9000516272424887
2021-07-23,455.7831726074219,456.4286193847656,432.8986206054688,442.9699096679688,1029413293,BITCOIN_CASH,0.029268159893483192,0.028848025324209495,0.04429114314006428,0.03609801211920867,431.5702645438058,476.50232849121096,0.905704418927653
2021-07-24,460.1472778320313,464.9192810058594,451.8680114746094,455.6173095703125,999410253,BITCOIN_CASH,0.009574959074604372,0.009529409678877106,0.04401699962005495,0.035509106808886644,434.8716474260603,475.6336415608724,0.914299598318898
2021-07-25,456.024658203125,460.6368103027344,442.8647155761719,460.0778503417969,1073715842,BITCOIN_CASH,-0.008959348077271945,-0.008999724380749159,0.044457315775046975,0.03290355610020404,437.21079799107144,475.77052510579426,0.9189530980168464
2021-07-26,482.88330078125,517.5814208984375,454.7943115234375,456.1484375,2193059616,BITCOIN_CASH,0.05889734709512462,0.05722812811080339,0.03868149109836745,0.03442142109551533,446.8096400669643,476.5740956624349,0.9375449570877363
2021-07-27,502.295166015625,504.26904296875,468.7547607421875,482.1846008300781,2011970102,BITCOIN_CASH,0.040199910005106476,0.039412915839917705,0.02797440686017341,0.034447420889878407,461.4845232282366,477.4210245768229,0.9666196071639029
2021-07-28,510.1445007324219,518.85302734375,492.1509704589844,502.9568481445313,2185235852,BITCOIN_CASH,0.015626936605941166,0.0155060933461509,0.021425427084839778,0.033405590828050384,472.87152099609375,477.7368225097656,0.9898159378041821
2021-07-29,538.3031616210938,546.4711303710938,500.83001708984375,511.2890319824219,2034974540,BITCOIN_CASH,0.05519742121740823,0.05372787853758749,0.024198282454199523,0.03396035590663359,486.5116053989955,478.2712158203125,1.0172295327548606
2021-07-30,552.7387084960938,553.0267333984375,519.2069091796875,538.4918212890625,1984238398,BITCOIN_CASH,0.026816760339150703,0.02646349276744241,0.02419938549877634,0.034259469496654156,500.3623962402344,479.15264485677085,1.0442651243004275
2021-07-31,547.8032836914062,556.7880249023438,537.7514038085938,552.5953979492188,1666655419,BITCOIN_CASH,-0.008929037769248915,-0.008969140524815964,0.027306221715470633,0.03263516214013831,512.8846827915737,480.8063018798828,1.0667178878194172
2021-08-01,527.8416137695312,562.9428100585938,520.3663940429688,546.7240600585938,1984049270,BITCOIN_CASH,-0.036439485698884555,-0.03711998635258177,0.03429932273623985,0.03343802399639164,523.1442478724888,481.8560302734375,1.0856857961819457
2021-08-02,543.9884643554688,564.8043823242188,521.3133544921875,526.8713989257812,2135592385,BITCOIN_CASH,0.030590332714820034,0.030131776618448108,0.030873059196389434,0.03371123110776838,531.87355695452,483.1449798583984,1.100857049390026
2021-08-03,536.9937133789062,551.3377685546875,523.5277709960938,543.6490478515625,1987312144,BITCOIN_CASH,-0.012858270781256453,-0.012941653891263854,0.03088623229858872,0.03301911471826997,536.8304922921317,483.497114054362,1.1103075420462036
2021-08-04,545.9660034179688,550.7243041992188,525.5243530273438,537.4260864257812,1831281602,BITCOIN_CASH,0.016708370723013566,0.01657032149318968,0.030923076101667595,0.03215535819672967,541.9478498186384,484.8607991536458,1.1177390516301617
2021-08-05,548.59814453125,550.5103759765625,524.000732421875,545.665771484375,2062386765,BITCOIN_CASH,0.004821071452806525,0.004809487304913296,0.024084929318994523,0.03209863084856555,543.4185616629464,486.0918334960937,1.1179339462556788
2021-08-06,556.4429321289062,560.5555419921875,537.6621704101562,548.5424194335938,2137867461,BITCOIN_CASH,0.014299697649103882,0.014198421311534152,0.022459882661884156,0.032134608650596995,543.947736467634,487.6777801513672,1.115383473691997
2021-08-07,583.125732421875,589.7503662109375,554.2565307617188,557.0947875976562,2381262602,BITCOIN_CASH,0.04795244714652491,0.04683821000919416,0.02765449790726505,0.03223947676392803,548.9938005719866,490.748935953776,1.1186856666433949
2021-08-08,556.0963134765625,589.0052490234375,555.2918090820312,583.7606811523438,2176765949,BITCOIN_CASH,-0.046352643079310196,-0.04746132270374053,0.030639464600921207,0.0334088983991299,553.0301862444196,492.48338012695314,1.122941826182761
2021-08-09,592.4888305664062,600.4196166992188,544.18603515625,556.1732788085938,2159473227,BITCOIN_CASH,0.06544283104904558,0.06339051654086401,0.036718668814004256,0.03499705436720443,559.9588099888393,495.64967549641926,1.1297471534264822
2021-08-10,592.3838500976562,606.206787109375,574.5298461914062,592.0315551757812,2207047184,BITCOIN_CASH,-0.00017718556592816181,-0.00017720126514502558,0.03556066595595275,0.035005258232965845,567.8716866629464,498.78868001302084,1.1385015526978723
2021-08-11,621.1851196289062,632.2290649414062,591.05419921875,592.4083862304688,2506001502,BITCOIN_CASH,0.0486192686152771,0.047474316550385996,0.03777866501418614,0.03491044173339779,578.6172746930804,503.46669209798176,1.1492662449663567
2021-08-12,605.0075073242188,648.22412109375,593.17236328125,621.0477905273438,2504663932,BITCOIN_CASH,-0.02604314204170244,-0.02638826999790841,0.041328032726014895,0.034675053704926136,586.6757550920759,508.1197784423828,1.154601296746414
2021-08-13,653.95849609375,654.2623901367188,602.1204223632812,606.1061401367188,2308779003,BITCOIN_CASH,0.08090972124631635,0.07780302105885803,0.047859458183004716,0.03688115174254753,600.6065499441964,514.3275004069011,1.1677511886279408
2021-08-14,689.1148681640625,689.5960693359375,644.8167114257812,654.2990112304688,2487216105,BITCOIN_CASH,0.05375933225167939,0.05236408652406373,0.048359826434750154,0.03684094687869303,615.7478550502232,522.1435424804688,1.1792693099776403
2021-08-15,703.1863403320312,707.3980102539062,673.8369140625,691.156005859375,2770993903,BITCOIN_CASH,0.020419632223954043,0.02021394683383081,0.037203515211571704,0.03576241171423857,636.7607160295759,530.923661295573,1.199345145921236
2021-08-16,675.8545532226562,713.665283203125,673.8261108398438,703.2467041015625,2672034530,BITCOIN_CASH,-0.038868484129639724,-0.03964402623244692,0.04330115065531034,0.03696660194797219,648.6701049804688,538.8842264811198,1.2037281351065774
2021-08-17,638.80126953125,689.8093872070312,638.1257934570312,673.8102416992188,2753953258,BITCOIN_CASH,-0.05482434573345141,-0.05638449123074284,0.051787909394550996,0.039152873357634656,655.3011648995536,545.5225819905598,1.2012356344780855
2021-08-18,634.432861328125,653.604248046875,622.0503540039062,638.646484375,2747890861,BITCOIN_CASH,-0.006838446339235582,-0.006861935661632662,0.049387215667014275,0.03716550124428439,657.1936994280134,552.8139638264973,1.1888153021298788
2021-08-19,658.8883056640625,658.8883056640625,620.0689086914062,633.2189331054688,2852343347,BITCOIN_CASH,0.03854693826032651,0.03782256144486059,0.04897727538445282,0.03598023553555453,664.8909563337054,561.4578745524088,1.1842223370074787
2021-08-20,693.681640625,699.1278076171875,652.8930053710938,658.7894287109375,3133794878,BITCOIN_CASH,0.05280612003861718,0.05145909467860893,0.04383751123834614,0.0349394112680208,670.565691266741,570.2327453613282,1.1759508669426497
2021-08-21,676.0634155273438,699.630615234375,671.6244506835938,693.8250732421875,2947054369,BITCOIN_CASH,-0.025398142412681457,-0.025726242574836453,0.04060940516545838,0.03566246856054028,668.7011980329241,578.0074401855469,1.1569075958923012
2021-08-22,672.6182861328125,688.953125,654.2988891601562,676.2142944335938,2480660732,BITCOIN_CASH,-0.005095867215125005,-0.005108895425328111,0.039332535932731505,0.0357172065093372,664.3343331473214,585.2352773030599,1.1351577030844309
2021-08-23,677.7103271484375,693.4780883789062,664.51953125,672.67236328125,3007106551,BITCOIN_CASH,0.007570476629324752,0.007541964381578897,0.03662564917250751,0.03572565420487415,664.5994437081473,592.4873789469401,1.1217107187825264
2021-08-24,637.4052734375,682.6373901367188,635.8792724609375,678.6522827148438,2690364538,BITCOIN_CASH,-0.05947239122137438,-0.061314275245411554,0.03792371498371758,0.03803396253997037,664.4000156947544,598.5333994547526,1.1100466846127626
2021-08-25,649.3145141601562,657.5452880859375,628.3580322265625,637.7603149414062,3075170891,BITCOIN_CASH,0.018683938177088244,0.018511537509204805,0.03840296555314005,0.03706138686784551,666.5259660993304,604.0811065673828,1.103371648033793
2021-08-26,607.3994750976562,655.3074951171875,607.16259765625,650.5968017578125,3163076919,BITCOIN_CASH,-0.06455275240029745,-0.06673052438257827,0.042821594946483285,0.03915154153170032,659.1704188755581,607.5845835367838,1.0849031340434778
2021-08-27,635.2657470703125,635.4520263671875,598.5211791992188,607.429931640625,3101930692,BITCOIN_CASH,0.04587799811347537,0.044856722237357635,0.041244197620424104,0.03975079786707468,650.8252912248884,611.7552917480468,1.063865405013828
2021-08-28,647.2998046875,647.2998046875,623.559326171875,635.486328125,3068367305,BITCOIN_CASH,0.018943344061419287,0.01876615314769143,0.042293255437076016,0.03884524869597495,646.7162039620536,615.3885131835938,1.0509071750728527
2021-08-29,660.1724853515625,690.8690795898438,647.4337768554688,647.4337768554688,3005005852,BITCOIN_CASH,0.019886736518138104,0.019691578501214144,0.043424612275668975,0.038742654057375925,644.938232421875,618.969639078776,1.041954551085492
2021-08-30,631.6580200195312,664.5089721679688,631.6288452148438,660.0602416992188,3031651589,BITCOIN_CASH,-0.04319244737509231,-0.04415300218721308,0.045733219503007294,0.03972890747051838,638.3593314034598,621.7647969563802,1.0266894081625593
2021-08-31,636.7659912109375,651.252685546875,625.0663452148438,631.8507690429688,3166346774,BITCOIN_CASH,0.008086608622887903,0.008054087211022434,0.039920555027065034,0.03893549028269198,638.2680053710938,625.3956095377604,1.0205828049270247
2021-09-01,656.8170776367188,656.8170776367188,626.5117797851562,637.1498413085938,3115775778,BITCOIN_CASH,0.03148894052531004,0.03100333173180757,0.0411536209379422,0.038954242123616464,639.3398001534598,629.156563313802,1.0161855370085024
2021-09-02,664.8388671875,673.7323608398438,654.9188842773438,656.8677978515625,3308862260,BITCOIN_CASH,0.012213125729989116,0.01213914723993277,0.02801370602825591,0.03879624768480352,647.545427594866,633.4180684407552,1.022303372540173
2021-09-03,712.818359375,720.8145751953125,652.6405029296875,664.7706909179688,3868119875,BITCOIN_CASH,0.07216709875953842,0.06968192620977894,0.0337221696331333,0.040420258547966374,658.6243722098214,638.979813639323,1.030743629377918
2021-09-04,709.5724487304688,732.423583984375,698.1464233398438,712.6755981445312,2791338601,BITCOIN_CASH,-0.004553629409008608,-0.004564028761279093,0.03459720091612771,0.04048905108815778,667.5204642159598,644.3456237792968,1.0359664744841983
2021-09-05,764.1975708007812,765.436767578125,699.8557739257812,709.1822509765625,3208380108,BITCOIN_CASH,0.07698314973762721,0.07416375249719485,0.04171502676269045,0.042219357050141966,682.3811907087054,651.2707784016927,1.0477687827225441
2021-09-06,784.366455078125,801.4947509765625,742.3150024414062,764.6607666015625,3580462743,BITCOIN_CASH,0.02639223814361169,0.02604997207675565,0.030361485344261457,0.04177188246820827,704.1966814313616,657.9788024902343,1.0702422004572303
2021-09-07,672.2505493164062,787.0787963867188,596.7484741210938,784.226806640625,4539086316,BITCOIN_CASH,-0.1429381700809116,-0.15424521605673036,0.07695811230668907,0.05047064833463663,709.2659040178571,661.8506103515625,1.0716404773595487
2021-09-08,662.1929931640625,679.6211547851562,645.4343872070312,672.5396728515625,4477362994,BITCOIN_CASH,-0.014961023330618328,-0.015074068370206271,0.07660716366785601,0.04943376340143359,710.0338919503348,664.174082438151,1.069047875737389
2021-09-09,661.2267456054688,672.8951416015625,657.0098876953125,659.6600341796875,4413138790,BITCOIN_CASH,-0.001459163066611202,-0.001460228681769017,0.07645474803097915,0.049437794980187584,709.5178745814732,666.4688456217448,1.0645927101357127
2021-09-10,629.4200439453125,673.4174194335938,620.4895629882812,661.1390991210938,4593607596,BITCOIN_CASH,-0.0481025637144058,-0.04929798498872681,0.0712263731542172,0.04963743682752989,697.6038295200893,666.7433430989583,1.0462854061319824
2021-09-11,635.8800659179688,647.3690185546875,627.1976928710938,629.4466552734375,5450251190,BITCOIN_CASH,0.01026345130695816,0.010211139717755604,0.07189888381891653,0.04940456540284936,687.0763462611607,667.7724283854167,1.0289079288919105
2021-09-12,647.3294677734375,654.80615234375,624.7405395507812,635.8211059570312,5486288261,BITCOIN_CASH,0.018005599592023858,0.01784541869475871,0.06273936909838837,0.04738971791207988,670.3809029715402,667.5514607747396,1.0042385379451
2021-09-13,615.1316528320312,657.1128540039062,596.707763671875,647.3291015625,6132533806,BITCOIN_CASH,-0.04973945501377264,-0.05101907410912874,0.059215088608098966,0.04718351310860117,646.2045026506696,665.0853535970052,0.9716113866525227
2021-09-14,639.9652099609375,642.188232421875,610.4279174804688,615.1878051757812,5643937431,BITCOIN_CASH,0.04037112545676025,0.03957750089769465,0.03392553873509087,0.04765324467862532,641.5923113141741,662.9779825846355,0.9677430143500562
2021-09-15,652.4776611328125,656.120361328125,633.6305541992188,640.01611328125,5267523341,BITCOIN_CASH,0.019551767779124596,0.019363087358853337,0.03504329721127583,0.047311125652381464,640.2044067382812,662.1987528483073,0.9667858841240307
2021-09-16,639.5713500976562,654.2667846679688,630.1121215820312,652.2161865234375,5327212613,BITCOIN_CASH,-0.019780464227309613,-0.019978716310796084,0.03567917369554507,0.046302278649762336,637.1107788085938,662.2244222005208,0.9620768389838653
2021-09-17,620.557861328125,647.0643310546875,614.6449584960938,639.6306762695312,5654219771,BITCOIN_CASH,-0.02972848731674438,-0.030179336669461265,0.032270205332069396,0.04661677398686104,635.8447527204241,661.7619222005209,0.9608361124890417
2021-09-18,630.2152709960938,637.3154296875,615.9144287109375,620.546875,5596309163,BITCOIN_CASH,0.015562464469146997,0.015442611194479868,0.032659069507817155,0.046155219983018754,635.0354963030134,660.8061543782552,0.9610011833205622
2021-09-19,609.2835083007812,646.6809692382812,604.978515625,630.304443359375,5805970653,BITCOIN_CASH,-0.0332136710401012,-0.03377777075764963,0.033440180940279514,0.045401169820804686,629.600359235491,657.9928833007813,0.9568498006804256
2021-09-20,540.8760986328125,609.2566528320312,534.1204833984375,609.237548828125,6259395359,BITCOIN_CASH,-0.1122751703205439,-0.11909346049870538,0.05236037665965675,0.04989646298031947,618.9924229213169,653.4866394042969,0.9472151159594876
2021-09-21,504.0189514160156,551.8342895507812,499.4041748046875,542.614013671875,5960134012,BITCOIN_CASH,-0.06814342011037589,-0.07057636037654087,0.048445966268976216,0.05120560456845591,599.571528843471,647.8666615804036,0.9254551351367245
2021-09-22,547.6450805664062,547.6450805664062,497.6907348632813,503.8218994140625,5552515723,BITCOIN_CASH,0.08655652536045566,0.08301354454328015,0.06372126728194744,0.05386278829764683,584.5954459054129,643.5311533610026,0.9084182527173966
2021-09-23,552.3037719726562,553.2644653320312,534.0375366210938,547.5657348632812,5454592394,BITCOIN_CASH,0.008506771212902553,0.008470792532279347,0.06499111511170524,0.05293983557414607,572.1286490304129,640.6944366455078,0.892982077425105
2021-09-24,513.6057739257812,555.3814697265625,483.0015563964844,552.4215087890625,5724596256,BITCOIN_CASH,-0.07006651051586676,-0.07264221207600309,0.067911440999701,0.054158942036068976,556.8497794015067,636.1708119710287,0.8753148822974697
2021-09-25,517.8965454101562,522.4804077148438,503.3245849609375,513.7374267578125,5083616990,BITCOIN_CASH,0.0083542119310267,0.008319508647627063,0.06721891542961186,0.05306603833369028,540.8042471749442,633.1873809814454,0.8540982707783806
2021-09-26,503.66741943359375,518.5611572265625,482.24560546875,517.896728515625,5773227295,BITCOIN_CASH,-0.027474842423004575,-0.02785933485035761,0.06717193395472018,0.05235130259809633,525.7162344796317,628.8007700602213,0.8360616899837494
2021-09-27,489.0119323730469,515.192626953125,488.82470703125,503.9295349121094,5464519283,BITCOIN_CASH,-0.02909754829293487,-0.02952927741912918,0.05398554643858773,0.05225065254614927,518.3070678710938,623.5245076497396,0.8312537222069369
2021-09-28,474.5220031738281,499.2173767089844,473.2707824707031,488.8280029296875,1295622291,BITCOIN_CASH,-0.029631034009544366,-0.030078902500069383,0.04889176223243339,0.05208671507034779,514.0932181222098,617.3361582438151,0.8327605815034249
2021-09-29,485.41998291015625,497.2633056640625,472.265625,474.8333129882813,1087541063,BITCOIN_CASH,0.022966226357128416,0.02270647211084752,0.0326805050433816,0.05204991306794939,505.20391845703125,612.461557006836,0.8248744964925079
2021-09-30,502.5036315917969,505.7545166015625,482.5621948242188,485.2820129394531,1168391225,BITCOIN_CASH,0.035193542258441735,0.034588406586658495,0.03727216100199633,0.05256865984454969,498.08961268833707,607.9861450195312,0.819245005447182
2021-10-01,543.302734375,544.8140258789062,501.2203979492188,502.8520812988281,1204656913,BITCOIN_CASH,0.08119165756864777,0.078063819490136,0.04077703521921895,0.05443829550770192,502.33203560965404,604.202333577474,0.8313970464750653
2021-10-02,552.6283569335938,560.0099487304688,537.212646484375,543.6395874023438,1052899621,BITCOIN_CASH,0.017164689166016656,0.017019040205934293,0.04091964732504502,0.054502620815514664,507.2937229701451,600.461983235677,0.8448390358312425
2021-10-03,570.4993286132812,578.4563598632812,545.6220703125,552.5328979492188,1336434935,BITCOIN_CASH,0.03233813729510615,0.03182626581077837,0.03800756029565045,0.05310645652057863,516.8411385672433,595.7180155436198,0.8675936014720023
2021-10-04,551.5970458984375,571.0426025390625,534.0560913085938,571.0426025390625,1278357308,BITCOIN_CASH,-0.03313287460090397,-0.033694202071583246,0.03889420935775484,0.05331825233344016,525.7818690708706,590.4521687825521,0.8904732624743769
2021-10-05,594.0425415039062,599.6044921875,549.753173828125,551.02294921875,1197469914,BITCOIN_CASH,0.07695018659197816,0.0741331451008603,0.03770560383348668,0.05331661836552991,542.8562316894531,584.7803344726562,0.9283079469130755
2021-10-06,618.7408447265625,624.7935180664062,563.388916015625,594.7125244140625,1778433548,BITCOIN_CASH,0.04157665738909677,0.0407355818803234,0.03757319216522189,0.053709751886032935,561.9020690917969,579.2594807942709,0.9700351702855622
2021-10-07,612.15673828125,634.218017578125,599.4169311523438,617.4456176757812,1512650547,BITCOIN_CASH,-0.010641137564180392,-0.010698159347027891,0.041302779995861016,0.04607462136572154,577.5667986188616,577.2563537597656,1.0005377937498203
2021-10-08,595.7726440429688,617.0116577148438,590.0999755859375,611.3931884765625,1241653777,BITCOIN_CASH,-0.026764541192967672,-0.027129233464187125,0.039219910787065035,0.0462347519068037,585.0625,575.0423421223958,1.0174250783700924
2021-10-09,614.4834594726562,623.489013671875,592.9171142578125,595.9883422851562,1160530389,BITCOIN_CASH,0.031405966045560785,0.030922887032923778,0.03979516701561711,0.04666063906402512,593.898943219866,573.4842325846354,1.0355976842523178
2021-10-10,586.6426391601562,622.333740234375,584.3057861328125,614.8944702148438,1215424338,BITCOIN_CASH,-0.04530768059467816,-0.04636616904526346,0.04497345598923399,0.04656208883680177,596.2051304408482,572.0583190917969,1.0422104015328137
2021-10-11,601.8111572265625,617.5758666992188,581.1066284179688,586.1339111328125,1285140009,BITCOIN_CASH,0.02585648749999092,0.0255278612340524,0.04218778891788303,0.046787954814597806,603.3785749162946,570.9226888020834,1.0568481280404367
2021-10-12,587.449462890625,602.1004638671875,569.3594360351562,602.1004638671875,1295493392,BITCOIN_CASH,-0.023864121100916735,-0.024153482075787987,0.033746970279454544,0.04680709570881271,602.4367065429688,568.926688639323,1.0589004147156293
2021-10-13,594.5084838867188,594.5084838867188,572.5851440429688,587.7376098632812,1224286953,BITCOIN_CASH,0.012016388544061174,0.011944764947648125,0.029172516951898497,0.045995219044840774,598.9749407087054,568.2392496744792,1.05408934889984
2021-10-14,597.6168212890625,607.2581176757812,591.8446655273438,593.7015380859375,1128243790,BITCOIN_CASH,0.005228415550981413,0.0052147948422500276,0.029338329086614653,0.045369965685616596,596.8978097098214,566.82763671875,1.0530499415397978
2021-10-15,624.5038452148438,636.523681640625,586.2923583984375,598.7199096679688,1754209051,BITCOIN_CASH,0.044990406842608355,0.04400770531971713,0.03196551505674052,0.045994215604368435,601.0022670200893,565.895176188151,1.0620381517800142
2021-10-16,626.3204956054688,646.348876953125,624.5023803710938,625.4146118164062,1345916541,BITCOIN_CASH,0.0029089498880507936,0.002904727080633196,0.030132660458675544,0.04586609097771917,602.6932721819196,565.4534810384115,1.0658582755121078
2021-10-17,611.6915283203125,628.5509033203125,593.0745849609375,625.2628173828125,1101439670,BITCOIN_CASH,-0.02335699915266909,-0.023634097147051322,0.024694357251896185,0.04573640228433944,606.2716849190848,565.1579366048177,1.0727473607842397
2021-10-18,611.1658325195312,619.4867553710938,600.2850341796875,612.8544921875,1179982882,BITCOIN_CASH,-0.0008594132441637203,-0.0008597827514473135,0.023179369681280374,0.04563744006987788,607.6080671037946,564.5229553222656,1.076321275114372
2021-10-19,619.0848999023438,624.5276489257812,601.8729858398438,611.5217895507812,1180856013,BITCOIN_CASH,0.012957313647862456,0.012874085827717777,0.02019490704704834,0.045276247611761175,612.1274152483259,564.849668375651,1.0836996983792737
2021-10-20,644.3960571289062,648.3104248046875,606.3157958984375,618.8771362304688,1138643163,BITCOIN_CASH,0.0408847917798596,0.0400711127877798,0.0237188327215247,0.03976520662398717,619.2542114257812,568.3003336588541,1.0896601229122527
2021-10-21,623.7405395507812,655.6233520507812,621.7437133789062,644.6884155273438,1408405297,BITCOIN_CASH,-0.03205407194785648,-0.03257905271602218,0.029085368136322568,0.03780417297194234,622.9861711774554,572.2910532633464,1.088582754570481
2021-10-22,623.5930786132812,636.9425659179688,613.9552612304688,623.4720458984375,1042106876,BITCOIN_CASH,-0.00023641390634354664,-0.0002364418565163961,0.02380591549711579,0.034990696880061,622.8560616629464,574.8226531982422,1.083562135551639
2021-10-23,629.4553833007812,636.7453002929688,616.6586303710938,623.6005859375,1064456581,BITCOIN_CASH,0.009400849509966225,0.009356936522607034,0.024069994072307335,0.034994687609053644,623.3039027622768,577.3943735758463,1.0795115631316414
2021-10-24,617.8567504882812,633.1553344726562,606.61376953125,629.5943603515625,1008042453,BITCOIN_CASH,-0.018426457410973707,-0.018598339301346207,0.023283431687482547,0.032171286779699715,624.1846487862723,580.8694061279297,1.0745696747003455
2021-10-25,621.6943359375,628.9171752929688,615.4833984375,617.6656494140625,1140962239,BITCOIN_CASH,0.006211124902634646,0.006191915367204623,0.023320237245713464,0.03216870713438861,625.688720703125,584.3293324788411,1.0707809550631817
2021-10-26,611.6384887695312,631.3919677734375,602.4031982421875,621.5352172851562,1319150850,BITCOIN_CASH,-0.016174905555162877,-0.01630714727713652,0.023748469376073604,0.03181552052081518,624.6249476841518,587.9283681233724,1.0624167527039263
2021-10-27,549.0943603515625,618.8717651367188,542.3541259765625,611.921630859375,1579662843,BITCOIN_CASH,-0.10225669176541263,-0.10787109983345275,0.04036545305642032,0.03756768827899826,611.0104195731027,589.9311157226563,1.0357318054407498
2021-10-28,579.4688720703125,591.328369140625,545.9429931640625,549.1450805664062,1361300962,BITCOIN_CASH,0.05531747166243428,0.05384164266743138,0.04915712998535302,0.03807420089683195,604.6858956473214,593.4293446858724,1.0189686456563884
2021-10-29,593.519287109375,595.694091796875,575.5743408203125,579.0743408203125,1238115116,BITCOIN_CASH,0.02424705746292033,0.023957764570734112,0.05082283232066449,0.03809306630487259,600.3896397181919,597.0326548258464,1.0056227827158377
2021-10-30,584.8463745117188,599.8135375976562,578.387451171875,593.8712768554688,1454401650,BITCOIN_CASH,-0.014612688729790158,-0.014720505685229014,0.050338941791585504,0.0379116851022046,594.0169241768973,599.777412923177,0.9903956224056447
2021-10-31,596.2386474609375,601.9669799804688,575.4000244140625,584.8793334960938,1330055653,BITCOIN_CASH,0.01947908621085337,0.019291797051342995,0.05135008968204146,0.03544749294670272,590.9286237444196,601.541943359375,0.9823564761657614
2021-11-01,587.6728515625,599.212646484375,580.0928344726562,596.6649169921875,1208247148,BITCOIN_CASH,-0.014366388248924555,-0.014470583952515926,0.05118723400507363,0.03548729570469247,586.0684116908482,602.7100931803385,0.9723885800523487
2021-11-02,598.3413696289062,608.0208740234375,583.5462036132812,587.2838134765625,1047259623,BITCOIN_CASH,0.018153838548166545,0.01799102512775984,0.05190053902203668,0.03517551667656376,584.1688232421875,603.6381612141927,0.9677466747084985
2021-11-03,611.1063232421875,618.8587646484375,592.3659057617188,598.7095336914062,1450315021,BITCOIN_CASH,0.02133389777343675,0.021109515860314267,0.023821764075124693,0.03469984526590803,593.0276750837054,605.6218037923177,0.979204631290106
2021-11-04,596.4094848632812,613.2819213867188,588.4388427734375,611.4177856445312,1284134827,BITCOIN_CASH,-0.02404956031371608,-0.024343472868297137,0.020878669276798285,0.032358200658643206,595.4477626255581,605.7007019042969,0.9830725979902218
2021-11-05,598.8560180664062,629.8613891601562,592.7810668945312,596.415283203125,1563407178,BITCOIN_CASH,0.00410210311072734,0.004093712424242347,0.018997672222364363,0.03145158943417758,596.2101527622768,605.0378743489583,0.9854096380393038
2021-11-06,589.2490234375,602.7744750976562,578.3321533203125,598.8544921875,1003134302,BITCOIN_CASH,-0.01604224444454183,-0.01617231419753934,0.01920820896652503,0.031525055778535455,596.8391026088169,604.2742838541667,0.9876956848172871
2021-11-07,600.8812866210938,600.9898071289062,587.5601806640625,588.7461547851562,915486512,BITCOIN_CASH,0.019740827257947124,0.019548504086030476,0.019248995002674702,0.03135626817749609,597.5023367745536,604.4445719401042,0.9885146868913589
2021-11-08,638.9419555664062,642.2825927734375,600.7612915039062,601.4351196289062,1557616519,BITCOIN_CASH,0.06334141167773288,0.061416225288875505,0.028269056701014112,0.032842690216296065,604.8264944893973,605.2598551432292,0.9992840089258368
2021-11-09,716.318603515625,729.9756469726562,637.7782592773438,638.924072265625,2451835311,BITCOIN_CASH,0.121101216276565,0.11431143107251855,0.0481508374280309,0.03756338629517215,621.6803850446429,609.5823872884115,1.019846370250372
2021-11-10,666.6940307617188,729.1342163085938,651.1315307617188,717.2832641601562,2306524746,BITCOIN_CASH,-0.06927723573051636,-0.07179382879069882,0.0607778423385759,0.040000833018608274,629.6214861188616,611.7451497395833,1.029221868594934
2021-11-11,676.9935913085938,681.4469604492188,659.8367919921875,665.573486328125,1166042995,BITCOIN_CASH,0.015448706710494253,0.015330590383973317,0.05858664599619362,0.03971106455672092,641.1335013253348,614.7299540201823,1.0429514571926743
2021-11-12,668.2821655273438,683.9830322265625,647.467529296875,676.9334106445312,1390603001,BITCOIN_CASH,-0.012867811295541598,-0.012951318724698166,0.059611298217004755,0.039815072235347936,651.0515223911831,617.1890767415365,1.0548655945572207
2021-11-13,666.955810546875,670.5091552734375,655.612548828125,668.636962890625,875576329,BITCOIN_CASH,-0.0019847229940995748,-0.0019866951666908036,0.05858060350846753,0.03982857376368764,662.1524919782366,619.5003763834635,1.068849216595749
2021-11-14,678.7428588867188,678.7594604492188,657.8456420898438,666.4622802734375,1109798292,BITCOIN_CASH,0.017672907490196232,0.01751855754882413,0.05857493118024493,0.039191761355575325,673.2755737304688,621.3083435058594,1.083641610108394
2021-11-15,665.6408081054688,685.637939453125,665.6408081054688,679.3583984375,1036539475,BITCOIN_CASH,-0.019303408661624943,-0.01949215233337683,0.056385002505063064,0.03940198280157886,677.0896955217634,622.6190205891927,1.0874863650664324
2021-11-16,599.5039672851562,667.8172607421875,578.45703125,666.6874389648438,1665351794,BITCOIN_CASH,-0.09935815234728418,-0.10464760577989923,0.04595577956079881,0.043757008918272354,660.4018903459821,622.2127685546875,1.0613763068218651
2021-11-17,595.5667724609375,603.4840087890625,579.083984375,599.1385498046875,1196598256,BITCOIN_CASH,-0.0065674207996458955,-0.006589081194997517,0.04137195059204243,0.04377036261034678,650.2408534458706,621.6927998860677,1.0459198716231466
2021-11-18,554.8060302734375,601.1182861328125,545.3870239257812,595.9006958007812,1352238674,BITCOIN_CASH,-0.06844025568967327,-0.07089495325130878,0.04324236785845365,0.0455016292430805,632.7854875837054,619.5501708984375,1.0213627843344386
2021-11-19,575.6010131835938,577.7923583984375,549.5670166015625,554.6311645507812,993087267,BITCOIN_CASH,0.037481537285936506,0.03679617757732738,0.04980161769663722,0.04539691721163822,619.5453229631696,617.257002766927,1.0037072405594183
2021-11-20,584.3694458007812,587.47705078125,567.1513671875,575.4630126953125,975250027,BITCOIN_CASH,0.015233525335006215,0.015118660252416807,0.05130574933137088,0.045187680318316104,607.7472708565848,615.9446329752604,0.9866913977656091
2021-11-21,575.9271850585938,585.2957763671875,570.2495727539062,584.6728515625,1079459640,BITCOIN_CASH,-0.014446786708053772,-0.014552157609718149,0.04888821128579678,0.045242076275936634,593.0593174525669,614.3557698567708,0.9653353098495862
2021-11-22,557.3172607421875,577.0842895507812,550.3196411132812,575.5565185546875,1195242517,BITCOIN_CASH,-0.032312981222640036,-0.032846571696572444,0.048967800724370174,0.0455111833367447,577.5845249720982,611.9511657714844,0.9438408769822991
2021-11-23,571.2039794921875,575.4552612304688,548.1824340820312,557.5748901367188,1202306823,BITCOIN_CASH,0.024917079961792155,0.024611711719732757,0.03700089113630579,0.045718404835490264,573.5416695731027,610.396073404948,0.9396221479173976
2021-11-24,559.1209716796875,619.0751953125,558.7168579101562,571.3513793945312,1209312711,BITCOIN_CASH,-0.021153577787119127,-0.021380520858586986,0.0373998477576833,0.04581226105431748,568.3351266043527,608.3102945963542,0.9342849063264216
2021-11-25,612.6768188476562,634.3695068359375,608.2313232421875,618.9609985351562,1346653274,BITCOIN_CASH,0.09578579570549572,0.0914717275500241,0.04261609644781878,0.04889831480817596,576.6023821149554,608.3449055989583,0.9478215019278411
2021-11-26,555.8290405273438,618.6910400390625,546.1338500976562,617.1558837890625,1679369323,BITCOIN_CASH,-0.09278591350531884,-0.09737681868797186,0.05810462006858032,0.0481311152860667,573.777814592634,608.569394938151,0.9428305454810901
2021-11-27,563.3384399414062,573.629150390625,555.8383178710938,556.6046752929688,857274434,BITCOIN_CASH,0.013510268205738196,0.013419818290009176,0.058010086052676726,0.04713922121477077,570.7733851841518,608.0317138671875,0.9387230504046142
2021-11-28,568.336181640625,568.4931030273438,537.4225463867188,563.3709716796875,1185816551,BITCOIN_CASH,0.008871650405639864,0.008832528528665548,0.058057497533865826,0.046944216850633554,569.6889561244419,607.1922770182292,0.9382348519352769
2021-11-29,576.1217651367188,581.1881713867188,558.3505249023438,568.9203491210938,1091029159,BITCOIN_CASH,0.01369890523883055,0.013605923439993558,0.05656573814359896,0.04695286809990739,572.3753138950893,606.9014567057292,0.9431107926514984
2021-11-30,570.5296630859375,586.8980102539062,557.5282592773438,575.6511840820312,1170851665,BITCOIN_CASH,-0.009706458580772792,-0.009753873318793802,0.05604256327015655,0.0468299645029084,572.2789829799107,606.0444905598958,0.9442854310105339
2021-12-01,571.056884765625,587.0393676757812,565.7195434570312,569.9547729492188,876219332,BITCOIN_CASH,0.00092409161836704,0.0009236649085665382,0.05526421266914158,0.04676688775113095,573.984113420759,605.490625,0.947965318902764
2021-12-02,561.4506225585938,572.0972900390625,559.1774291992188,571.033203125,921618457,BITCOIN_CASH,-0.016821900695539127,-0.01696499589249751,0.0392007112330697,0.046713977679901326,566.6660853794643,604.2609334309896,0.9377837520654166
2021-12-03,532.3550415039062,567.537109375,526.2933959960938,562.0358276367188,1248790208,BITCOIN_CASH,-0.05182215476419927,-0.05321319386217559,0.02377912956969908,0.04740517375492767,563.3126569475446,601.6358907063802,0.9363016163915349
2021-12-04,473.8507995605469,533.978515625,354.5585327148437,533.3831787109375,2018999582,BITCOIN_CASH,-0.10989703746973922,-0.1164181347110714,0.0461099786480763,0.05152883595404714,550.5287083217075,597.5506011962891,0.9213089355437944
2021-12-05,453.4902648925781,478.3522338867188,436.6603393554688,473.4739074707031,1128258510,BITCOIN_CASH,-0.04296823955314899,-0.043918700570104836,0.04397509480478278,0.05189523891957828,534.1221487862723,592.7050760904948,0.9011600715643644
2021-12-06,475.75677490234375,480.6147766113281,421.8958740234375,453.6459045410156,1394987155,BITCOIN_CASH,0.049100304314228405,0.04793294382696829,0.05125256545806778,0.052911013806155247,519.7842930385044,588.9220011393229,0.8826029457770888
2021-12-07,475.1602783203125,500.0962219238281,465.2597351074219,476.1176452636719,1065693574,BITCOIN_CASH,-0.001253784735180452,-0.0012545713808531742,0.051836102619469755,0.0526851350234673,506.16009521484375,584.7313008626302,0.8656285279548511
2021-12-08,480.8507080078125,487.0954284667969,464.2226867675781,474.8976440429688,1269638323,BITCOIN_CASH,0.011975810999218295,0.011904668404926794,0.05294558170965599,0.05119576872124323,493.27349853515625,579.461592610677,0.8512617657932887
2021-12-09,449.4764404296875,483.1486206054688,449.4764404296875,480.0682678222656,1100303590,BITCOIN_CASH,-0.06524741890910402,-0.06747340386539809,0.05513418205040161,0.04659004014862107,477.27718680245533,570.5668538411459,0.8364965184874483
2021-12-10,439.2785034179688,468.2049865722656,438.0936584472656,449.5289611816406,1230197772,BITCOIN_CASH,-0.022688479516233873,-0.022949823633802005,0.05435416276337594,0.04539432415008446,463.9805385044643,562.9863362630208,0.8241417395389465
2021-12-11,459.7817687988281,461.339599609375,433.7149658203125,439.3554992675781,943322036,BITCOIN_CASH,0.046674866221146916,0.045618345190615577,0.04358960808602036,0.04639282123698464,461.9706769670759,555.745942179362,0.8312623483231462
2021-12-12,458.7115783691406,462.7752075195313,443.0592956542969,459.3193054199219,677639381,BITCOIN_CASH,-0.0023276051864417058,-0.002330318270203186,0.039974906200502966,0.046432900613398956,462.7165788922991,548.7602559407552,0.843203518992189
2021-12-13,421.6638488769531,461.1350708007813,415.5772705078125,458.7722778320313,884428423,BITCOIN_CASH,-0.08076475772402225,-0.08421321302157095,0.045313397500620724,0.04818220818276973,454.98901803152904,540.5838572184244,0.8416622360361927
2021-12-14,424.4429626464844,441.6692504882813,419.6286926269531,421.8336181640625,966794262,BITCOIN_CASH,0.006590827686397738,0.00656920314534771,0.04586659030318987,0.047966149050724556,447.74368722098217,532.1071940104167,0.8414539255641355
2021-12-15,447.7202453613281,449.31201171875,417.52825927734375,437.1438903808594,5073381977,BITCOIN_CASH,0.05484195701986749,0.05339095193368651,0.05231856166380072,0.0495832447944018,443.0107639857701,524.8431752522787,0.8440821656351465
2021-12-16,438.5856628417969,453.0863342285156,437.8775024414063,447.7147521972656,5015506262,BITCOIN_CASH,-0.02040243347083681,-0.02061343805465456,0.04643586490502269,0.0465190388185157,441.45493861607144,519.4792317708333,0.8498028633622412
2021-12-17,425.8277282714844,441.0084533691406,418.8645629882813,438.5939636230469,4963631443,BITCOIN_CASH,-0.029088808985793135,-0.029520276239047297,0.04695791742968287,0.04664218350147158,439.5333993094308,513.8212636311849,0.8554208056771331
2021-12-18,436.0589599609375,438.7601623535156,419.87115478515625,425.845458984375,4875992191,BITCOIN_CASH,0.024026692040425957,0.023742592723320622,0.04368488568740102,0.045654236875671834,436.14442661830356,509.86302795410154,0.8554148912667694
2021-12-19,433.0191040039063,444.7205810546875,432.7292175292969,436.0161743164063,4907156810,BITCOIN_CASH,-0.006971203979625806,-0.00699561634395925,0.04362721332313718,0.044864893994856714,432.4740731375558,505.11029764811195,0.8561973001762903
2021-12-20,430.4444885253906,439.0173645019531,419.631103515625,433.03704833984375,5029758358,BITCOIN_CASH,-0.0059457318504184675,-0.005963478091930227,0.02821831489897339,0.04463068064291749,433.7284502301897,499.9794657389323,0.8674925270964308
2021-12-21,438.41510009765625,440.47845458984375,427.5394592285156,430.3456726074219,4936279709,BITCOIN_CASH,0.01851716489522537,0.01834780965535285,0.02881535798711943,0.044923061753596304,435.72446986607144,495.39572957356773,0.8795482961493011
2021-12-22,438.3659973144531,446.3620910644531,435.384765625,438.4154357910156,4952883975,BITCOIN_CASH,-0.00011200066601768643,-0.00011200693856063767,0.019224720547524547,0.04472333542169252,434.38814871651783,491.4306874593099,0.8839255663139368
2021-12-23,455.4015197753906,457.7057189941406,435.3380126953125,438.3778991699219,5049111595,BITCOIN_CASH,0.03886141389912012,0.0381253191004451,0.022758245527857008,0.045129366458724784,436.7904139927455,487.57060546875,0.8958505888040883
2021-12-24,451.6958923339844,460.9842529296875,449.8904113769531,455.4713745117188,5472891368,BITCOIN_CASH,-0.008137055500460177,-0.008170342029099149,0.018295305990195368,0.045054172470936876,440.4858660016741,483.9897694905599,0.9101140019247156
2021-12-25,456.433837890625,460.563232421875,448.2062683105469,451.6535034179688,4946110310,BITCOIN_CASH,0.010489237642075766,0.010434607277434706,0.017090036587913505,0.041204588224541754,443.3965628487723,478.78167012532555,0.9260934378141693
2021-12-26,452.2210998535156,456.439453125,445.4798583984375,456.439453125,5297110458,BITCOIN_CASH,-0.009229679500928789,-0.00927253690333112,0.01740892932228394,0.03774271859156625,446.1397051130022,475.3280721028646,0.9385932186568905
2021-12-27,465.2685241699219,475.5908508300781,448.5243225097656,452.1844787597656,5566545308,BITCOIN_CASH,0.028851869850019307,0.028443491047175272,0.018240212726735802,0.03811909806070339,451.1145673479353,472.0590749104818,0.95563159639179
2021-12-28,439.571533203125,465.3140563964844,438.9371337890625,465.3140563964844,5492150458,BITCOIN_CASH,-0.05523045216231304,-0.056814245950255096,0.030959832404052583,0.039087890638196274,451.27977207728793,467.7669199625651,0.964753497561143
2021-12-29,430.0830993652344,445.1114807128906,428.68603515625,439.47894287109375,5325244055,BITCOIN_CASH,-0.02158564220196224,-0.02182201994371035,0.0320839091443541,0.038929858065172275,450.0965009416853,462.898964436849,0.9723428556148558
2021-12-30,431.5367431640625,436.7949523925781,425.0855712890625,430.1059875488281,5140380417,BITCOIN_CASH,0.0033799137910175414,0.0033742147203680625,0.026994407104522455,0.03900346678333595,446.687247140067,458.2658671061198,0.9747338372827763
2021-12-31,430.6395568847656,436.74212646484375,421.2988586425781,431.56781005859375,5228424321,BITCOIN_CASH,-0.002079049567641933,-0.00208121379140022,0.02707432224040471,0.038980139158738804,443.67919921875,453.5852895100912,0.9781604683387317
2022-01-01,444.4561767578125,445.1204223632813,430.4936218261719,430.698974609375,5200720289,BITCOIN_CASH,0.03208395432364819,0.031580014839357004,0.03030694055831811,0.03965731147803147,441.96810477120533,449.6854746500651,0.982838294065724
2022-01-02,447.8326416015625,451.7073364257813,443.3173828125,444.4224243164063,5266233006,BITCOIN_CASH,0.00759684535915417,0.007568134645003875,0.03046800828362705,0.03879998062570338,441.34118216378346,446.86806131998696,0.9876319664916802
2022-01-03,434.94384765625,447.8177795410156,432.5278015136719,447.8177795410156,5175856851,BITCOIN_CASH,-0.028780380767286062,-0.029202657858789224,0.028804577942137,0.033066823604269574,437.0090855189732,445.5711629231771,0.9807840405379195
2022-01-04,427.5243225097656,438.9859313964844,427.22998046875,434.9792785644531,5170910046,BITCOIN_CASH,-0.017058581668565775,-0.017205755390632706,0.020756541012181263,0.032273083710295365,435.2880554199219,444.70563151041665,0.9788228989623798
2022-01-05,401.572509765625,432.0910949707031,394.7982482910156,427.5313415527344,5222363057,BITCOIN_CASH,-0.06070254106664963,-0.0626230672622878,0.03019018077044873,0.03268822854801139,431.2151140485491,442.232822672526,0.9750861807194814
2022-01-06,400.6392517089844,401.9890441894531,389.133056640625,401.5289306640625,4606482593,BITCOIN_CASH,-0.0023240088251691438,-0.002326713524988946,0.029850586195347282,0.03268384240421125,426.80118669782365,439.74878845214846,0.9705568222259384
2022-01-07,386.0583190917969,400.7229309082031,378.25787353515625,400.5964050292969,5495287581,BITCOIN_CASH,-0.03639416895621295,-0.03707295694820324,0.031087947554455268,0.03299659704838078,420.4324384416853,436.5890421549479,0.9629935656801745
2022-01-08,374.2579650878906,390.9888916015625,365.2764587402344,386.0547790527344,4940762099,BITCOIN_CASH,-0.03056624717132539,-0.031043137909338086,0.023272220492044457,0.03133496824134031,410.4041224888393,434.0817596435547,0.9454535081728422
2022-01-09,377.1028442382813,380.7779541015625,369.9472961425781,374.2613525390625,4998528088,BITCOIN_CASH,0.007601385717262099,0.0075726407606186265,0.023273257276463892,0.03126459846932706,400.29986572265625,432.0092376708984,0.926600245589197
2022-01-10,364.0692138671875,378.1414184570313,350.5097961425781,377.1104431152344,5091316579,BITCOIN_CASH,-0.0345625353142609,-0.035173949086173405,0.023579320808404733,0.030208106080886636,390.1749180385045,428.8188191731771,0.909882916964364
2022-01-11,369.8307495117188,374.38616943359375,362.8907775878906,364.064697265625,4883845879,BITCOIN_CASH,0.015825385462647557,0.015701469683741316,0.028296287275793926,0.030498282765949628,381.93297903878346,425.8561248779297,0.8968591895872423
2022-01-12,383.9136352539063,385.3151245117188,368.9432373046875,369.8577575683594,4878392863,BITCOIN_CASH,0.038079272101578576,0.037372151867710285,0.028845430375150843,0.027874120252473704,379.4102826799666,424.5977844238281,0.8935757476804073
2022-01-13,377.5850524902344,391.2665710449219,377.5850524902344,383.9088439941406,4820513787,BITCOIN_CASH,-0.016484391755157257,-0.016621771177434234,0.02901251753728888,0.027917505076156028,376.1168256487166,423.0358540852865,0.8890897119393792
2022-01-14,386.1727600097656,392.7408447265625,377.0051879882813,377.6080932617188,4865794221,BITCOIN_CASH,0.022743769815287695,0.022488986208022782,0.027938823368362575,0.026251146113324852,376.13317435128357,420.98427124023436,0.8934613477201466
2022-01-15,391.1540832519531,392.8488159179688,384.4070129394531,386.18988037109375,4761528715,BITCOIN_CASH,0.012899209260802236,0.012816723041736538,0.02451371186615014,0.026271949580995206,378.5469055175782,419.40321858723956,0.9025846458515842
2022-01-16,388.7116088867188,393.0111999511719,384.2950134277344,391.14361572265625,4738253300,BITCOIN_CASH,-0.006244276794781789,-0.006263853829959943,0.024948733451999976,0.025826648378147965,380.20530046735496,418.1660146077474,0.9092209485842584
2022-01-17,381.1038208007813,389.2840881347656,374.0353088378906,388.7239990234375,4688459028,BITCOIN_CASH,-0.019571805708932688,-0.019765869794856283,0.021294468149728615,0.025490237040359263,382.63881574358265,416.3341766357422,0.9190665509028335
2022-01-18,382.0470275878906,394.5392761230469,376.2998046875,381.0854797363281,4921110719,BITCOIN_CASH,0.002474933956650993,0.0024718763514808943,0.02092901896589935,0.025516741447413102,384.38399832589283,414.635107421875,0.9270416118787481
2022-01-19,370.5811767578125,384.1370849609375,367.4389343261719,382.05755615234375,4722885424,BITCOIN_CASH,-0.03001162161231674,-0.030471188600107328,0.018851910411568,0.025964370854707815,382.4793613978795,412.63966369628906,0.9269088627393605
2022-01-20,358.1083374023437,383.7067260742188,358.033935546875,370.5032043457031,4652760962,BITCOIN_CASH,-0.033657509171385214,-0.03423696223474056,0.021625744128943476,0.0261089935856681,379.6969735281808,409.9627716064453,0.9261742768503893
2022-01-21,315.2086486816406,359.8827514648437,311.0995483398437,358.2214050292969,4998844753,BITCOIN_CASH,-0.11979528047822074,-0.12760076274519763,0.04671370080240589,0.034134223355012996,369.55924333844865,405.85752665201824,0.910563976445134
2022-01-22,291.4414978027344,318.03399658203125,271.4568786621094,315.29010009765625,5502585985,BITCOIN_CASH,-0.07540132854321191,-0.07839550431333146,0.04581569638883342,0.034971368075746974,355.31458827427457,400.39219258626304,0.8874163753773079
2022-01-23,301.8079528808594,302.6041564941406,285.6424865722656,291.51531982421875,5029208794,BITCOIN_CASH,0.035569591689175395,0.03495160547570826,0.05322806372742867,0.036123788624849704,342.8997802734375,395.39592793782555,0.8672314408037028
2022-01-24,292.2291259765625,302.081787109375,262.5016784667969,301.8553771972656,5138719653,BITCOIN_CASH,-0.03173815273210567,-0.032252724909077914,0.052794959557377306,0.03599139962493863,330.2033952985491,389.9224375406901,0.8468437912452548
2022-01-25,292.2338256835937,294.0927429199219,285.4053955078125,292.208984375,4865661412,BITCOIN_CASH,1.608226769134191e-05,1.608213837306135e-05,0.05248898599122797,0.03608099703845811,317.37293788364957,384.5895284016927,0.8252251152094882
2022-01-26,289.95135498046875,312.758056640625,286.219482421875,292.1972961425781,4789506698,BITCOIN_CASH,-0.007810426112671243,-0.00784108724606015,0.053732581695065625,0.03518704340701656,305.8543919154576,378.74562276204426,0.8075456811486841
2022-01-27,289.5102844238281,293.70867919921875,279.4674072265625,289.8567199707031,4450566226,BITCOIN_CASH,-0.0015211881202291666,-0.001522346301567871,0.055217418261866796,0.0344020048472123,296.05467006138394,373.7435811360677,0.7921331228257275
2022-01-28,296.7961120605469,296.8013916015625,282.9716491699219,289.46710205078125,4402414050,BITCOIN_CASH,0.0251660408237957,0.024854590518844078,0.03779709373755371,0.035081124511893914,293.424307686942,369.30068155924477,0.7945403903617482
2022-01-29,298.87139892578125,301.1580505371094,292.78759765625,296.79400634765625,4549035847,BITCOIN_CASH,0.006992298015046083,0.006967965261342646,0.021990236991820507,0.03514280213388115,294.48572213309154,364.8785034179688,0.8070788478206341
2022-01-30,290.500732421875,301.1792297363281,288.5914306640625,298.9230651855469,4393440670,BITCOIN_CASH,-0.028007586319709787,-0.028407279407824525,0.019870490896632547,0.03520889052659545,292.8704049246652,360.20720926920575,0.8130609199045334
2022-01-31,285.5392761230469,290.51416015625,279.07098388671875,290.509033203125,4272814799,BITCOIN_CASH,-0.017078980343577688,-0.017226508292380528,0.0171134091035955,0.034184827291689084,291.91471208844865,354.90997924804685,0.8225035337325053
2022-02-01,288.1484375,290.81207275390625,283.4860534667969,285.5138854980469,4243564723,BITCOIN_CASH,0.00913766194402199,0.009096166102877883,0.017740043538614865,0.03422034578357347,291.3310852050781,349.58717244466146,0.8333574803898015
2022-02-02,278.5903625488281,296.18621826171875,278.2166442871094,288.1630554199219,4304273528,BITCOIN_CASH,-0.03317066382208611,-0.03373328702823268,0.02146619461105794,0.03429647693469523,289.7080862862723,344.3753896077474,0.841256649077791
2022-02-03,279.9759216308594,279.9759216308594,271.9233093261719,278.5341796875,4185575167,BITCOIN_CASH,0.004973463795928668,0.0049611369792869385,0.021814055114297185,0.03448223749210982,288.34603445870533,339.4571095784505,0.8494328924699304
2022-02-04,305.9831237792969,306.16510009765625,277.0716247558594,279.9513854980469,4426537277,BITCOIN_CASH,0.09289085288815402,0.08882634408742009,0.04113985836616808,0.038037913012770624,289.65846470424106,336.2707967122396,0.8613845375104441
2022-02-05,320.8785400390625,327.2886047363281,303.47772216796875,306.00537109375,4737535933,BITCOIN_CASH,0.048680515695726845,0.04753272220219154,0.044304532848393,0.03940695235248762,292.8023420061384,333.6121063232422,0.8776730114297395
2022-02-06,325.0093688964844,327.67352294921875,315.5516357421875,320.8395080566406,4528068784,BITCOIN_CASH,0.01287349679700922,0.012791337702386761,0.040937341974314034,0.03916307587206336,297.7321472167969,331.5771413167318,0.8979272395994112
2022-02-07,342.7969055175781,343.30523681640625,319.2076721191406,325.00732421875,4714385327,BITCOIN_CASH,0.054729304208947616,0.05328415031660215,0.04005425068516467,0.04029411071520075,305.9118085588728,330.5284393310547,0.9255234108689628
2022-02-08,336.2540283203125,355.26422119140625,326.70709228515625,342.8682861328125,4364847778,BITCOIN_CASH,-0.01908674521838738,-0.019271248625590914,0.04336087701119609,0.04035092730308241,312.7840358189174,329.16681213378905,0.9502295623040731
2022-02-09,345.8336486816406,347.2877197265625,329.99285888671875,336.0909118652344,4141759132,BITCOIN_CASH,0.028489235977874117,0.02809096430780913,0.03572802608011924,0.0403090485638765,322.39021955217635,328.5589599609375,0.9812248601910155
2022-02-10,341.83203125,361.3587036132813,337.94122314453125,345.8537902832031,4400654964,BITCOIN_CASH,-0.011570931420049169,-0.011638395567287846,0.03820095301933302,0.04021069666852877,331.226806640625,327.62566935221355,1.0109916213083416
2022-02-11,320.5527038574219,341.8083801269531,318.6541748046875,341.8083801269531,4306158732,BITCOIN_CASH,-0.06225082920042513,-0.06427277426518618,0.04159324509252824,0.04099897080332599,333.3081752232143,325.5136383056641,1.023945346677705
2022-02-12,329.23687744140625,329.4959411621094,314.3369445800781,320.55828857421875,4371772668,BITCOIN_CASH,0.027091250454237326,0.026730778464054267,0.03883686836082563,0.04137442918524626,334.5022234235491,323.90203247070315,1.032726534230083
2022-02-13,334.8714904785156,339.2978515625,325.9889831542969,329.2290344238281,4651844844,BITCOIN_CASH,0.01711416133240462,0.016969363797402544,0.03903196344253689,0.04126208423993221,335.91109793526783,322.1919901529948,1.042580536455169
2022-02-14,331.3344116210937,336.77294921875,319.7787170410156,334.7078857421875,4680229530,BITCOIN_CASH,-0.01056249623510086,-0.010618675343050337,0.03260095924781123,0.04113967514457499,334.27359880719865,320.1980010986328,1.0439590430304717
2022-02-15,343.13092041015625,344.24432373046875,329.6686706542969,331.3029479980469,4570027807,BITCOIN_CASH,0.03560302937249027,0.0349838941251214,0.034966924005258124,0.041798382898477586,335.2560119628906,318.67864481608075,1.0520190713010507
2022-02-16,335.3616027832031,343.2312927246094,330.2479248046875,343.1346130371094,4573029120,BITCOIN_CASH,-0.022642429360974492,-0.02290270552519013,0.0341443780585549,0.04184267454239997,333.76000540597096,317.1539042154948,1.0523597564770728
2022-02-17,312.8161926269531,336.1327819824219,310.8101806640625,335.2455139160156,4504176872,BITCOIN_CASH,-0.06722716604746382,-0.06959358693120452,0.04225688126316103,0.04347937199664515,329.61488560267856,314.84620971679686,1.0469075867204056
2022-02-18,310.9779357910156,318.5943908691406,307.9739685058594,312.8958740234375,4360014643,BITCOIN_CASH,-0.005876475960212568,-0.005893810388663461,0.0356143491853053,0.043246250360068045,328.247061593192,312.85943501790365,1.0491838341854953
2022-02-19,312.02392578125,315.8446044921875,306.6270751953125,310.95916748046875,4031413655,BITCOIN_CASH,0.003363550496191081,0.003357906412786121,0.03323272261843597,0.04293876386641129,325.78806849888394,311.3232879638672,1.0464622503174115
2022-02-20,303.1356201171875,312.1766052246094,298.1400756835937,312.025146484375,3986038360,BITCOIN_CASH,-0.02848597472712333,-0.028899573549471737,0.03206611463682365,0.036484918498278035,321.2543727329799,310.9208536783854,1.0332352073923077
2022-02-21,284.3456726074219,309.8935852050781,284.1423645019531,303.11456298828125,4150595974,BITCOIN_CASH,-0.06198528402073544,-0.06398964142172406,0.03702731914896503,0.03551723142984846,314.5416957310268,310.684326171875,1.0124157198616381
2022-02-22,293.67535400390625,294.4523620605469,278.5992126464844,284.2998046875,4210903986,BITCOIN_CASH,0.03281105462563261,0.032284264042231364,0.03634448533846382,0.03542781726977117,307.4766148158482,310.4132395426432,0.9905396279774608
2022-02-23,289.308349609375,304.37713623046875,288.7298278808594,293.67156982421875,4235446247,BITCOIN_CASH,-0.014870176659336432,-0.014981846149099308,0.03644336123095437,0.03503914211773472,300.89757864815846,310.3158803304037,0.9696493080785384
2022-02-24,300.8105163574219,308.0292663574219,261.3431091308594,289.24725341796875,4611840938,BITCOIN_CASH,0.03975746556771398,0.038987479771600164,0.03545849690575015,0.0357674474877711,299.18248203822543,310.6017700195313,0.9632349552271136
2022-02-25,308.45904541015625,311.1617126464844,291.6392517089844,300.8159484863281,4214133332,BITCOIN_CASH,0.0254264017939001,0.025108527835779795,0.037302540466433595,0.03599292281228902,298.8226405552455,311.21869303385415,0.9601693190156152
2022-02-26,314.5308532714844,322.1429443359375,308.366943359375,308.4540405273437,4208615883,BITCOIN_CASH,0.019684324229346073,0.019493093345828213,0.038117981961087954,0.036125010842702636,299.18077305385043,312.05271199544273,0.9587507544501639
2022-02-27,304.1036071777344,320.5884704589844,301.48712158203125,314.5098571777344,4162542039,BITCOIN_CASH,-0.03315174325601,-0.03371371751349458,0.03878790353084589,0.03647089161340306,299.31905691964283,312.2962951660156,0.9584457502466556
2022-02-28,337.1220092773437,337.1220092773437,301.50030517578125,304.10284423828125,4333237969,BITCOIN_CASH,0.1085761606251241,0.10307645373584133,0.043622646495752745,0.040973547719589755,306.85853358677457,313.5713155110677,0.9785924872836265
2022-03-01,328.2313842773437,342.2968139648437,322.3129577636719,337.1473388671875,4406526635,BITCOIN_CASH,-0.026372128651754312,-0.026726110614781723,0.04736853272685241,0.04092880121910381,311.7951093401228,314.82900390625,0.9903633574782371
2022-03-02,320.4051513671875,330.6590881347656,318.8574523925781,328.24188232421875,4160551460,BITCOIN_CASH,-0.023843645931015844,-0.024132506558336365,0.04847589041472948,0.04107188505034932,316.23750959123885,315.99119974772134,1.0007794832378691
2022-03-03,315.1263122558594,321.2419128417969,307.0061950683594,320.4064025878906,3961075276,BITCOIN_CASH,-0.01647551260896718,-0.016612743251455665,0.04836602663941728,0.04122635573963476,318.2826232910156,316.8904622395833,1.0043931932870223
2022-03-04,289.9174499511719,315.1760559082031,287.5074462890625,315.1760559082031,3826939389,BITCOIN_CASH,-0.07999605657879738,-0.08337732262084319,0.05790330806579456,0.04367460170828367,315.63382393973217,317.2680318196615,0.9948491252946083
2022-03-05,293.9798583984375,294.9566955566406,285.64031982421875,290.0039978027344,3571444342,BITCOIN_CASH,0.014012293664799502,0.013915029025279725,0.0574850137677159,0.04373084100425045,312.6979675292969,317.7348297119141,0.9841475919174991
2022-03-06,283.0827941894531,295.8532409667969,283.0827941894531,294.0160827636719,3599409412,BITCOIN_CASH,-0.037067383692032885,-0.03777184231345248,0.05778777189433732,0.04105231894819067,309.6949942452567,316.9714853922526,0.9770437043004319
2022-03-07,274.9350891113281,290.431884765625,272.1178283691406,283.1036682128906,3644280854,BITCOIN_CASH,-0.028782056858857152,-0.02920438361986753,0.029033798833410094,0.040203269166313414,300.8111485072545,315.4400370279948,0.9536238688703869
2022-03-08,284.36962890625,288.90673828125,273.893798828125,274.90679931640625,3565673322,BITCOIN_CASH,0.03431551725688098,0.03373987195453788,0.03759943236009039,0.04070445362697461,294.54518345424106,314.0853790283203,0.937786993987016
2022-03-09,308.3489074707031,316.09930419921875,284.38153076171875,284.401611328125,3604288416,BITCOIN_CASH,0.08432433047327481,0.08095705612027722,0.05351521664460646,0.04233873116660464,292.82286289760043,312.93711242675784,0.9357243077589108
2022-03-10,289.86834716796875,308.7500915527344,285.6387023925781,308.2718505859375,3301827584,BITCOIN_CASH,-0.05993392502773909,-0.06180511366480933,0.057648590251989804,0.043578053874265374,289.21458217075894,311.39092305501305,0.9287829565913961
2022-03-11,288.1972961425781,293.6310119628906,282.2691345214844,289.903564453125,3384249280,BITCOIN_CASH,-0.005764862020006256,-0.005781542976897652,0.048328561712507066,0.04312900983634212,288.9688459123884,309.46971130371094,0.9337548566386094
2022-03-12,291.2015991210937,293.79644775390625,288.0353698730469,288.1991882324219,3163131831,BITCOIN_CASH,0.010424466220631201,0.010370506151945832,0.048166373464069503,0.04321824403906045,288.57195172991067,307.7820302327474,0.9375854448412407
2022-03-13,280.4122314453125,295.2715759277344,280.0370788574219,291.1129150390625,3102894940,BITCOIN_CASH,-0.03705119651933819,-0.03775503216872732,0.04816425566693015,0.04223133659722004,288.19044276646207,306.4440144856771,0.9404342364139464
2022-03-14,289.5464782714844,289.5464782714844,278.7245788574219,280.3938903808594,3391951619,BITCOIN_CASH,0.03257435233510231,0.03205505520714532,0.04782468456742076,0.04237786613374415,290.2777840750558,305.121001180013,0.9513530138943136
2022-03-15,289.6955261230469,292.1330261230469,282.5234375,289.527587890625,3416509695,BITCOIN_CASH,0.0005147631304385225,0.0005146306853482434,0.04640211479011021,0.04219943728910141,291.0386265345982,303.6151357014974,0.9585774630838433
2022-03-16,299.7217712402344,300.9913635253906,287.83892822265625,289.6859130859375,3493261441,BITCOIN_CASH,0.034609595982952435,0.03402415360994441,0.035253093286974554,0.04277154034365084,289.8061785016741,302.56138102213544,0.95784259551774
2022-03-17,296.458740234375,300.35723876953125,294.953857421875,299.7149963378906,3089185447,BITCOIN_CASH,-0.010886866817706009,-0.010946562412963013,0.025164383176067288,0.04217015152355548,290.74766322544644,301.0056416829427,0.965920976098178
2022-03-18,305.8638916015625,306.2645874023437,291.439208984375,296.4346923828125,3141982108,BITCOIN_CASH,0.03172499269123241,0.03123215159692385,0.026795632302039896,0.04252877519999272,293.2714625767299,300.0223846435547,0.977498605396243
2022-03-19,327.6200866699219,327.6200866699219,305.6671447753906,305.8276672363281,3336760438,BITCOIN_CASH,0.07113031536491521,0.06871446040810439,0.035223369941322386,0.042565124313730704,298.47410365513394,300.51584777832034,0.9932058687144762
2022-03-20,326.9633483886719,331.2483215332031,317.392333984375,327.6376342773437,3504099063,BITCOIN_CASH,-0.0020045726985954415,-0.0020065845434899224,0.02779852118179778,0.04254762337455677,305.12426321847096,301.04869486490884,1.0135379040769168
2022-03-21,335.2315979003906,339.6693420410156,321.46246337890625,326.9395751953125,3775570531,BITCOIN_CASH,0.0252880010939025,0.024973549800795664,0.027496319697046172,0.042759673890511225,311.6507088797433,301.82228393554686,1.0325636159664582
2022-03-22,376.73681640625,384.0221862792969,334.7241516113281,335.19683837890625,4592700939,BITCOIN_CASH,0.12381057980755172,0.11672521396696203,0.04352602554059788,0.0471276747119468,324.0851789202009,304.27565714518227,1.0651038665428523
2022-03-23,364.3054809570313,382.5113220214844,355.1386413574219,376.7378540039063,3753713812,BITCOIN_CASH,-0.03299740006247098,-0.03355409486903523,0.051243645790320105,0.045851632919723474,333.3114231654576,306.94098409016925,1.085913711241447
2022-03-24,366.1062927246094,366.9442443847656,352.90252685546875,364.2068176269531,4086604251,BITCOIN_CASH,0.004943136630410683,0.004930959443051003,0.049562602567245775,0.04562885352962455,343.26107352120533,309.3553487141927,1.1096012237963193
2022-03-25,364.74017333984375,372.9959716796875,354.19464111328125,366.119873046875,4801830925,BITCOIN_CASH,-0.003731482937916142,-0.003738462288000966,0.051171145592958565,0.045485065073667064,351.6719709123884,311.86974283854164,1.1276245259048834
2022-03-26,361.8934631347656,365.9286193847656,358.0115661621094,364.7374267578125,4447203979,BITCOIN_CASH,-0.007804761891215484,-0.007835378452663293,0.04841462586254491,0.04517756770610749,356.5681675502232,313.9058410644531,1.1359080364388965
2022-03-27,376.5374450683594,376.5453796386719,356.1440124511719,361.9129638671875,4528242763,BITCOIN_CASH,0.04046489761585015,0.03966763020929212,0.048649363606666815,0.045465389567329755,363.65018136160717,316.1751210530599,1.150154320018684
2022-03-28,368.1392822265625,384.6416320800781,367.8821411132813,376.5372924804688,4895152714,BITCOIN_CASH,-0.022303659175974433,-0.02255614711428969,0.051120786613785066,0.045703264491017186,368.35127912248885,317.9620686848958,1.1584755396956778
2022-03-29,373.5299682617188,382.9936828613281,368.0021667480469,368.0021667480469,4628947859,BITCOIN_CASH,0.014643061187473938,0.014536886790811538,0.024182441378025527,0.04513035631710049,367.8931579589844,320.2762807210286,1.1486743792913958
2022-03-30,379.6378173828125,385.494873046875,364.674072265625,373.4966125488281,4659262272,BITCOIN_CASH,0.01635169769514766,0.01621944840580211,0.02005654838439358,0.04137434617642469,370.08349173409596,321.6934743245443,1.150422751071204
2022-03-31,384.0443420410156,389.4142456054688,364.435791015625,379.6182861328125,5207447297,BITCOIN_CASH,0.011607180466322697,0.011540333916518902,0.020159225873113376,0.040983740241210126,372.6460702078683,323.55390625,1.1517279285138233
2022-04-01,376.8889770507813,388.40826416015625,365.1932373046875,384.133056640625,5038480562,BITCOIN_CASH,-0.01863161152747861,-0.018807366490592635,0.022179623996499916,0.04086351778840064,374.3816135951451,325.43670043945315,1.1503976444254727
2022-04-02,373.2934265136719,382.1118469238281,372.20806884765625,376.91839599609375,4929841413,BITCOIN_CASH,-0.009540078792553697,-0.009585876855074619,0.02235344799485902,0.040752907470787636,376.0101797921317,327.3756042480469,1.1485589485380077
2022-04-03,378.7779541015625,380.6925048828125,369.9728393554688,373.2005920410156,4788326043,BITCOIN_CASH,0.014692269400810698,0.014585383668192705,0.017173924425107602,0.03713813084336948,376.3302525111607,330.3376210530599,1.1392291659408462
2022-04-04,375.8177185058594,379.0590515136719,364.4338073730469,378.7321166992188,4842131038,BITCOIN_CASH,-0.007815226740755299,-0.00784592567595718,0.0145292429574453,0.03724938622384879,377.4271719796317,333.0655497233073,1.1331918665655383
2022-04-05,365.98480224609375,380.6648254394531,365.98480224609375,375.8760070800781,4831755832,BITCOIN_CASH,-0.026164057136152108,-0.026512426011375503,0.01712487311751466,0.03682465833720856,376.3492911202567,335.828949991862,1.120657677455671
2022-04-06,331.06793212890625,366.5812072753906,331.06793212890625,366.1181335449219,4693817841,BITCOIN_CASH,-0.09540524607278322,-0.10026822128395599,0.03858445333933179,0.04134587251902903,369.4107360839844,337.7000447591146,1.0939019458747463
2022-04-07,336.7745056152344,339.6967163085937,328.95379638671875,331.1391296386719,4313693588,BITCOIN_CASH,0.017236865707990656,0.017089996248836798,0.03937873961303039,0.041074207955337776,362.6579023088728,339.4468739827474,1.0683789721018468
2022-04-08,323.3428955078125,337.9695739746094,322.4564514160156,336.7394104003906,4279423040,BITCOIN_CASH,-0.039883096503651405,-0.04070022745880156,0.04024271825353025,0.03935100086746436,355.00846208844865,339.94667358398436,1.0443063270649808
2022-04-09,326.0784912109375,327.1612854003906,323.03765869140625,323.4515075683594,4086027568,BITCOIN_CASH,0.00846035506309395,0.008424766844292554,0.04170960912282863,0.037495253048113276,348.2634713309152,341.15367838541664,1.020840440528583
2022-04-10,320.9402770996094,331.9846496582031,320.9402770996094,326.073486328125,4161265791,BITCOIN_CASH,-0.015757599013190515,-0.015883069800937025,0.03908939433358985,0.03763052743122156,340.0009460449219,342.2451110839844,0.993442813450411
2022-04-11,294.7629699707031,320.9681396484375,292.248291015625,320.9681396484375,4116764653,BITCOIN_CASH,-0.08156441866840436,-0.08508351142820886,0.04441612863928931,0.040928182541678244,328.4216962541853,342.36382344563805,0.9592768679496111
2022-04-12,304.5862731933594,306.8673400878906,294.3007202148437,294.84259033203125,3232224320,BITCOIN_CASH,0.03332611020859444,0.032782832677844806,0.05135161425367894,0.04068576963627252,319.65047781808033,343.1696248372396,0.931464951100162
2022-04-13,341.9760131835937,347.1517333984375,302.0919189453125,304.5785522460937,4640086854,BITCOIN_CASH,0.12275582743184987,0.11578622329230295,0.06303711790974457,0.045367559257928854,321.20877511160717,344.9172760009766,0.9312632258834658
2022-04-14,337.5608215332031,352.00177001953125,333.3792724609375,341.9194641113281,4518928223,BITCOIN_CASH,-0.012910822631352903,-0.012994891686228477,0.06307167205743654,0.04548613062220283,321.32110595703125,346.5127858479818,0.9272994217823687
2022-04-15,340.6129150390625,344.1576232910156,334.48291015625,337.5477600097656,4255742550,BITCOIN_CASH,0.009041610611079554,0.00900097997712469,0.06042449825068968,0.045165691857909425,323.7882516043527,347.8758239746094,0.9307581306023301
2022-04-16,343.1981506347656,346.595458984375,340.1876220703125,340.6186218261719,4186735944,BITCOIN_CASH,0.007589951765060388,0.007561293002230463,0.060423018314027056,0.0450770907783468,326.2339172363281,349.4338043212891,0.9336072045747764
2022-04-17,328.70330810546875,348.1711730957031,328.2963562011719,343.1590270996094,4209933062,BITCOIN_CASH,-0.04223461723930566,-0.043152434177508484,0.06299200125347064,0.045620103780167766,327.3429216657366,350.1951182047526,0.93474438862493
2022-04-18,340.0191345214844,340.13873291015625,314.01715087890625,328.7154235839844,4178084902,BITCOIN_CASH,0.034425654190206156,0.03384634920258548,0.04980222727590245,0.04429734829164113,333.80808803013394,350.60841979980466,0.9520823493649593
2022-04-19,340.39520263671875,342.07427978515625,333.7303161621094,340.01690673828125,4216376808,BITCOIN_CASH,0.001106020447242173,0.0011054092572448915,0.049929018179272984,0.04429313126450207,338.9236493791853,351.0561482747396,0.9654400045258307
2022-04-20,330.7242126464844,344.3811950683594,329.8896484375,340.3670654296875,4290468661,BITCOIN_CASH,-0.02841106430208884,-0.028822469632102193,0.025777329543978933,0.04439227102590608,337.31624930245533,350.90590209960936,0.9612726582373173
2022-04-21,315.8807067871094,344.4654541015625,314.1760559082031,330.7445068359375,4253223441,BITCOIN_CASH,-0.04488182386344186,-0.04592020151153328,0.030157994766825593,0.03921860184055424,334.2190900530134,348.8773651123047,0.9579844480464569
2022-04-22,320.96746826171875,333.2689208984375,315.1374206542969,315.9206848144531,4230621505,BITCOIN_CASH,0.01610342564554812,0.015975140870562336,0.030974556873283408,0.0390552942250672,331.41259765625,347.4327646891276,0.9538898783849243
2022-04-23,313.4471435546875,322.3563537597656,313.4471435546875,320.9567565917969,3981089499,BITCOIN_CASH,-0.023430177356476345,-0.023709028258460583,0.03052602631566916,0.03917370845445077,327.1624537876674,345.6774597167969,0.9464384922745664
2022-04-24,308.1383972167969,314.4516906738281,308.1229248046875,313.4375,3915756766,BITCOIN_CASH,-0.016936655659662736,-0.017081721093896156,0.02768579421051371,0.03923252388642704,324.224609375,343.7907338460287,0.9430871092651624
2022-04-25,314.77447509765625,315.2762145996094,301.0441589355469,308.1613464355469,4339854924,BITCOIN_CASH,0.02153603037076368,0.02130740667578111,0.024676345926500733,0.039535437889360175,320.6182294573103,342.22010091145836,0.936877257073403
2022-04-26,295.910400390625,321.27362060546875,293.759033203125,314.718017578125,4623962165,BITCOIN_CASH,-0.059928857640629274,-0.06179972322089586,0.030330664246414413,0.039951423121184625,314.2632577078683,339.53253275553385,0.9255762773523101
2022-04-27,307.33380126953125,308.77313232421875,294.97320556640625,295.92706298828125,4530909054,BITCOIN_CASH,0.03860425609855711,0.0378777503385731,0.03687161846855007,0.04071024005746659,310.92177036830356,337.50568339029945,0.9212341766960599
2022-04-28,306.7344055175781,311.8598937988281,303.9029541015625,307.30328369140625,4529814365,BITCOIN_CASH,-0.0019503085878518345,-0.0019522129160670428,0.03341038440749953,0.04053409138519122,309.6151559012277,335.27916463216144,0.9234548059105014
2022-04-29,294.709228515625,308.4897155761719,292.501708984375,306.7364501953125,4493805037,BITCOIN_CASH,-0.0392038740540438,-0.03999304033736049,0.034458716215300306,0.04074313638877526,305.86397879464283,332.4482116699219,0.9200349650198336
2022-04-30,278.6688842773437,297.3978576660156,273.4030456542969,294.6820983886719,4327964629,BITCOIN_CASH,-0.05442769579721818,-0.055964921884891855,0.03820809313055005,0.041459356644283,300.8956560407366,328.9356964111328,0.9147552525422801
2022-05-01,284.4119873046875,287.123779296875,275.1846618652344,278.5876159667969,4136305101,BITCOIN_CASH,0.020609057384490814,0.02039956417673742,0.040706787529521275,0.041811146610483726,297.5061689104353,325.85313008626304,0.913006939143646
2022-05-02,285.0909423828125,288.77410888671875,280.5032958984375,284.3893737792969,4223541712,BITCOIN_CASH,0.002387223845799591,0.00238437895365131,0.03875043534359594,0.041866236348026234,293.26566423688615,322.913047281901,0.9081877202096053
2022-05-03,279.4828186035156,288.95782470703125,277.0985717773437,285.1055603027344,4189270453,BITCOIN_CASH,-0.019671350245026198,-0.019867406644243097,0.032966043367024,0.04166945167397648,290.9188668387277,319.60320943196615,0.9102501422178475
2022-05-04,299.85614013671875,299.85614013671875,279.0277099609375,279.4761657714844,4249843095,BITCOIN_CASH,0.07289650803939196,0.0703620079618118,0.0416653463023976,0.04418783832806364,289.8506295340402,317.07115681966144,0.9141500994330326
2022-05-05,277.2933044433594,302.2406005859375,273.9027709960937,299.7738342285156,4043872451,BITCOIN_CASH,-0.07524553501913256,-0.07822701996993776,0.0502721740092615,0.04592847363833015,285.64475795200894,314.1147735595703,0.9093642897309885
2022-05-06,274.9815368652344,277.5096130371094,267.2474060058594,277.2726745605469,4076255396,BITCOIN_CASH,-0.008336903708388022,-0.008371850055204395,0.048995242235423966,0.04259203847643532,282.8265162876674,312.24522705078124,0.9057833131959151
2022-05-07,268.7116394042969,277.1395263671875,265.421875,274.9581604003906,3969336859,BITCOIN_CASH,-0.022801157970145147,-0.023065124587122298,0.045276519447673795,0.04246607143429349,281.404052734375,309.97646484375,0.9078239306852618
2022-05-08,261.7698059082031,269.1800537109375,260.5592346191406,268.6902160644531,3914963030,BITCOIN_CASH,-0.02583376556178585,-0.026173317994577658,0.044299460797502535,0.04215644226823343,278.1694553920201,307.924028523763,0.9033704083621175
2022-05-09,221.99842834472656,265.9736328125,221.99842834472656,261.7798767089844,3936060796,BITCOIN_CASH,-0.15193263953988456,-0.1647952118401341,0.07184608448180045,0.05091731852688443,269.156239100865,304.4546930948893,0.8840600759502075
2022-05-10,231.9148101806641,243.7340240478516,213.5845947265625,221.7211151123047,3859737063,BITCOIN_CASH,0.04466870288171165,0.04369980441670268,0.07794429899525095,0.05194521982236233,262.3608093261719,301.4871775309245,0.8702221151652816
2022-05-11,194.3667449951172,248.0335235595703,187.3526611328125,231.8101959228516,3953210175,BITCOIN_CASH,-0.1619045595074181,-0.1766232941825154,0.08247883157745843,0.05870601114289947,247.29089573451452,298.14063669840493,0.829443776846397
2022-05-12,194.1725616455078,223.55630493164065,160.06703186035156,194.3861389160156,3584276078,BITCOIN_CASH,-0.0009990564466891838,-0.0009995558362209465,0.08506122874843779,0.058100942220425715,235.41650390625,294.4601796468099,0.7994850243880861
2022-05-13,202.2874298095703,219.50782775878903,192.3825836181641,194.0931854248047,3636972858,BITCOIN_CASH,0.041792043609526264,0.04094234914249223,0.09100534668152147,0.0537338979020333,225.03163146972656,289.8038935343424,0.7764962324188367
2022-05-14,211.2171936035156,235.1434631347656,188.0918884277344,202.27560424804688,3521420797,BITCOIN_CASH,0.044143938169324715,0.04319735176670052,0.09679104843311676,0.054863917226036674,216.8181392124721,285.59243927001955,0.759187252178888
2022-05-15,214.53973388671875,215.27967834472656,204.2240295410156,211.08657836914065,3413965388,BITCOIN_CASH,0.015730444224346662,0.015608003152344403,0.09865276414365189,0.054979333858005075,210.07098606654577,281.38999989827477,0.7465474471107306
2022-05-16,197.2950439453125,214.5658264160156,197.095947265625,214.52536010742188,3256557517,BITCOIN_CASH,-0.08037993535739063,-0.08379466745052844,0.08359203651677362,0.056180118828201335,206.54193115234375,276.5265630086263,0.7469153375543913
2022-05-17,206.68150329589844,212.22921752929688,196.87777709960935,197.2946014404297,3449664523,BITCOIN_CASH,0.04757574829496347,0.04647868360774698,0.08393343343198358,0.05719547327128021,202.93717302594865,272.45916951497395,0.7448351743390142
2022-05-18,188.02528381347656,208.4884033203125,188.02528381347656,206.6738128662109,3060637904,BITCOIN_CASH,-0.09026554957708255,-0.09460253477892733,0.06022342845920011,0.05817609561686953,202.03125,267.39270782470703,0.75556005862525
2022-05-19,196.5090789794922,197.90283203125,182.75726318359372,188.0098571777344,2923280282,BITCOIN_CASH,0.04512050184927063,0.04413219154318907,0.06304041287872134,0.05922876376759326,202.3650381905692,262.59650370279945,0.7706311216527132
2022-05-20,190.89602661132807,199.6910858154297,186.7371063232422,196.46939086914065,2828424951,BITCOIN_CASH,-0.028563832253012067,-0.028979717164279894,0.06130338353055901,0.05922973282167623,200.73769487653456,257.93556416829426,0.7782474492178209
2022-05-21,192.2581787109375,195.1611175537109,187.8426971435547,190.8763732910156,2643841413,BITCOIN_CASH,0.007135570728157736,0.007110233004693726,0.05766212418530936,0.05916887145614879,198.02926417759485,253.81481323242187,0.7802116104084776
2022-05-22,198.9332275390625,201.89329528808597,191.0601348876953,192.2696685791016,2711327936,BITCOIN_CASH,0.03471919308130467,0.03413007887327993,0.05960910072746313,0.059604250847867364,195.79976327078683,249.74700520833332,0.783992437096313
2022-05-23,191.7128753662109,206.6263885498047,190.7355499267578,198.8458404541016,2902268797,BITCOIN_CASH,-0.036295355291683484,-0.036970416474460956,0.052220572570755006,0.05971288850291335,195.00231061662947,245.68919626871744,0.7936950976197983
2022-05-24,195.79901123046875,196.72628784179688,185.27638244628903,191.72715759277344,2488202440,BITCOIN_CASH,0.02131383119914343,0.021089868249021,0.048898125586233604,0.06010300421951033,193.44766889299666,241.94455006917318,0.7995537359187839
2022-05-25,190.59967041015625,199.9034423828125,190.300537109375,195.7704925537109,2749192229,BITCOIN_CASH,-0.026554479451341706,-0.026913418192276658,0.03294540959141973,0.059739039340215856,193.81543840680803,237.80538991292318,0.8150170123468485
2022-05-26,181.01046752929688,192.41976928710935,174.7511444091797,190.607421875,2687101363,BITCOIN_CASH,-0.05031070022431905,-0.05162040074870771,0.03238223874813082,0.059502619320282994,191.60135105678015,233.97539215087892,0.8188953090127791
2022-05-27,174.08544921875,183.5069732666016,172.5823516845703,180.82005310058597,2403823662,BITCOIN_CASH,-0.03825755717373669,-0.039008595112589806,0.033475691578520095,0.05873578094809072,189.19984000069755,229.53378041585287,0.8242788475749356
2022-05-28,179.02490234375,179.71566772460938,173.69064331054688,176.13522338867188,2443184415,BITCOIN_CASH,0.028373727655969905,0.0279786492687736,0.03638543264720351,0.059286026531409845,187.3093719482422,225.27679697672525,0.8314632241845763
2022-05-29,185.31155395507807,185.54791259765625,176.2801971435547,178.9846649169922,2372355059,BITCOIN_CASH,0.03511607340110112,0.03451356864281589,0.036463486702388935,0.05988823861617445,185.36341857910156,221.630207824707,0.836363510184091
2022-05-30,196.80284118652344,197.12765502929688,184.9847412109375,185.28695678710935,2126028710,BITCOIN_CASH,0.06201063552805253,0.06016393739111949,0.04252656347657461,0.06092431717867752,186.09055655343192,218.90133972167965,0.8501115470103348
2022-05-31,203.65670776367188,206.2813873291016,192.97882080078125,196.7918701171875,2833067479,BITCOIN_CASH,0.0348260550296251,0.034233349819892914,0.04369422286712065,0.061226425646261844,187.2130846296038,216.20949707031247,0.8658874247726552
2022-06-01,186.33226013183597,208.0984039306641,185.76641845703125,203.7167205810547,2770365463,BITCOIN_CASH,-0.08506691393607135,-0.08890434636552089,0.05595039894883017,0.06278025922665754,186.60345458984375,212.91754099527995,0.8764118433717044
2022-06-02,189.0033264160156,189.4698486328125,183.72756958007807,186.33030700683597,2404656966,BITCOIN_CASH,0.014334964231581537,0.014233190097796056,0.05184451709428177,0.06298204136960013,187.74529157366072,209.90155792236325,0.8944444883210562
2022-06-03,183.2595977783203,191.0761566162109,181.04112243652344,189.01145935058597,2215340158,BITCOIN_CASH,-0.030389563753247084,-0.030860900269203097,0.05074080588020769,0.06104145079736565,189.0558842250279,206.01500651041664,0.9176801604278704
2022-06-04,188.6269378662109,189.28114318847656,180.7606201171875,183.28903198242188,2154747013,BITCOIN_CASH,0.029288180007811526,0.028867475959531843,0.05080214485915778,0.060430298560996215,190.42760358537947,203.05946095784503,0.9377923229339807
2022-06-05,180.0278778076172,189.80963134765625,179.81442260742188,188.64341735839844,2226194881,BITCOIN_CASH,-0.04558765654507335,-0.046659475072794596,0.05282279212238277,0.060736136291435185,189.67279270717077,199.8943389892578,0.9488652538447508
2022-06-06,185.79116821289065,188.6123962402344,179.88455200195312,179.99588012695312,2251990334,BITCOIN_CASH,0.03201332191135564,0.03151157580488576,0.04788994115687344,0.06127394094121454,188.09969656808036,197.13032328287758,0.9541895606702857
2022-06-07,182.37486267089844,187.6691436767578,173.82684326171875,185.7882080078125,2206363272,BITCOIN_CASH,-0.018387879116393835,-0.018559037573239047,0.04409563343457719,0.06123024980039576,185.05943298339844,194.48382517496742,0.9515415115725417
2022-06-08,177.0389862060547,182.739013671875,176.06307983398438,182.3709716796875,2155743341,BITCOIN_CASH,-0.029257740824032985,-0.029694284467600706,0.03165084694333453,0.0541696200182896,183.73182242257255,192.98517710367835,0.9520514745226543
2022-06-09,175.6043701171875,180.2599639892578,173.78866577148438,177.03231811523438,2090813873,BITCOIN_CASH,-0.008103390781945885,-0.008136401707597548,0.030209820876549998,0.053298447043122976,181.81768580845423,191.1081624348958,0.9513862908414153
2022-06-10,167.9102020263672,176.4984130859375,167.1717529296875,175.6044921875,2142235323,BITCOIN_CASH,-0.04381535656365332,-0.04480424291036809,0.03217171887020428,0.043572246372713175,179.62491498674666,190.22627766927081,0.9442697254426868
2022-06-11,156.95407104492188,169.53611755371094,155.8970947265625,167.900634765625,2035539813,BITCOIN_CASH,-0.06524994222641012,-0.06747610331845437,0.03213490734046019,0.045034069311927986,175.1002197265625,188.98566131591795,0.9265264809368587
2022-06-12,147.1142120361328,157.9407196044922,147.1142120361328,157.01156616210938,1935626592,BITCOIN_CASH,-0.0626926013659932,-0.06474398370061746,0.03467487365871925,0.04527991381437861,170.3982674734933,187.14655405680335,0.9105071067553476
2022-06-13,126.7068099975586,148.12445068359375,125.15804290771484,147.0347442626953,2044007399,BITCOIN_CASH,-0.13871808682605014,-0.14933340285722793,0.04728836661984697,0.050708388923382135,161.95764487130302,184.32954126993812,0.8786309766491907
2022-06-14,126.29086303710938,132.9969482421875,118.69065856933594,126.72553253173828,1681543805,BITCOIN_CASH,-0.003282751420047858,-0.0032881514697432807,0.049531415729981904,0.0504054038970464,153.94564492361886,181.3879122416178,0.848709503412529
2022-06-15,127.5723876953125,129.956298828125,112.15670013427734,126.27769470214844,1699975336,BITCOIN_CASH,0.010147405975256873,0.010096266714167615,0.05460755205971766,0.04905446475610133,146.87898799351282,179.06382369995114,0.8202605359284132
2022-06-16,109.38005065917967,129.63330078125,108.11223602294922,127.54725646972656,1601917679,BITCOIN_CASH,-0.14260403340245142,-0.1538554290542511,0.06431806980563025,0.053862546914775974,137.41837092808314,175.82044194539384,0.7815835827028714
2022-06-17,120.93612670898438,121.19572448730467,108.08806610107422,109.37103271484376,1860195195,BITCOIN_CASH,0.10565067377608561,0.1004340067147316,0.09085861210203118,0.05640907423268427,130.70778873988561,173.58413670857743,0.7529938577240213
2022-06-18,116.51904296875,123.31108856201172,110.71099090576172,120.94042205810548,1955594257,BITCOIN_CASH,-0.0365241045867416,-0.037207809174698535,0.09043437175387933,0.05542956344882038,124.93135615757534,170.91780217488605,0.730944082874079
2022-06-19,120.19225311279295,122.2614974975586,111.78328704833984,116.48397064208984,1578105198,BITCOIN_CASH,0.03152454783745595,0.031037851440331346,0.09370484298814881,0.05607732972508607,121.08536202566964,168.56100972493488,0.7183473937612379
2022-06-20,118.97757720947266,124.16808319091795,116.47064208984376,120.1887435913086,1569058756,BITCOIN_CASH,-0.010106108104824374,-0.010157521501540786,0.07719697659203723,0.05592650399525703,119.98118591308594,166.11832300821936,0.7222634068317039
2022-06-21,118.88475799560548,122.5783920288086,116.0230712890625,118.9655303955078,1562491556,BITCOIN_CASH,-0.000780140393208284,-0.0007804448610869343,0.07723366520560694,0.05520608725982787,118.9231709071568,163.45004069010415,0.7275811642814528
2022-06-22,113.30838775634766,119.24260711669922,113.0276107788086,118.93859100341795,1422857193,BITCOIN_CASH,-0.046905678518216365,-0.04804140700218357,0.07800596261945116,0.0553798053533077,116.88545663016183,160.83655776977537,0.7267343833450725
2022-06-23,116.16727447509766,117.71651458740234,112.54875946044922,113.30931854248048,1253332573,BITCOIN_CASH,0.025231024598969753,0.02491797704654808,0.04991602960250955,0.0554761852504277,117.85506003243583,158.18216654459633,0.7450590835042642
2022-06-24,114.53982543945312,120.70429229736328,114.53982543945312,116.1563949584961,1542360255,BITCOIN_CASH,-0.014009531023243538,-0.014108590778395092,0.029319093673000222,0.055449734508365565,116.94130270821708,155.6468383789062,0.7513246264825214
2022-06-25,115.27176666259766,115.9377670288086,111.84400939941406,114.57484436035156,1522627566,BITCOIN_CASH,0.00639027709651474,0.006369945844750075,0.02651759503924529,0.05521060483625587,116.76312037876674,153.45554835001624,0.7608921386957097
2022-06-26,113.07980346679688,118.95384216308594,113.0697021484375,115.25562286376952,1484787303,BITCOIN_CASH,-0.01901561205543667,-0.019198733973008898,0.022764506552069807,0.055032253402335266,115.74705614362445,151.42202682495113,0.7644003885737962
2022-06-27,111.42684936523438,116.63211059570312,110.82582092285156,113.10125732421876,1386986480,BITCOIN_CASH,-0.014617589090945349,-0.014725478728096531,0.02287796891953047,0.054447964795755505,114.66838073730469,149.16875839233396,0.7687157952720326
2022-06-28,103.1723175048828,112.5249252319336,102.85765075683594,111.42487335205078,1207384600,BITCOIN_CASH,-0.07408027694738917,-0.07696774026174771,0.03368326595226988,0.0546990037207332,112.42374638148716,146.43078384399413,0.7677603262799049
2022-06-29,104.40489959716795,107.16561889648438,102.07849884033205,103.17366027832033,726870704,BITCOIN_CASH,0.0119468295575198,0.011876029522076505,0.03305120154297141,0.05295599471867355,111.15181950160434,143.3508524576823,0.7753830381609818
2022-06-30,102.73477935791016,104.67221069335938,98.28801727294922,104.4162368774414,1053256061,BITCOIN_CASH,-0.015996569564280305,-0.016125895720798172,0.028847560158068514,0.051928698691757647,109.2328916277204,139.98678817749024,0.780308578043974
2022-07-01,101.41802215576172,105.5563735961914,98.77178192138672,102.81454467773438,760197665,BITCOIN_CASH,-0.012817053877743567,-0.012899900977942486,0.02887522670029392,0.0504251642769661,107.35834830147878,137.15631357828775,0.7827444869331478
2022-07-02,106.48081970214844,106.81431579589844,100.92027282714844,101.44420623779295,1199030331,BITCOIN_CASH,0.049920097422242016,0.048714063580752816,0.03775145413220935,0.05161773741031061,106.10249873570032,134.4055633544922,0.7894204383181442
2022-07-03,105.5800552368164,107.24630737304688,102.15668487548828,106.45531463623048,1187978767,BITCOIN_CASH,-0.008459405814602805,-0.008495389666348545,0.03759618737667077,0.051603926342689635,105.03110613141739,131.81624526977538,0.7967994075120295
2022-07-04,108.13239288330078,108.14682006835938,102.86429595947266,105.58285522460938,1249269541,BITCOIN_CASH,0.024174429922010132,0.023886853831525504,0.03953619515962091,0.0514544713048832,104.56046949114116,129.13309377034506,0.8097108683626466
2022-07-05,104.31560516357422,108.28050231933594,102.18711853027344,108.12164306640624,1291077986,BITCOIN_CASH,-0.03529735741486584,-0.035935367527599946,0.028452610397466344,0.051289418782496,104.72379629952567,126.60935134887696,0.8271410854238974
2022-07-06,106.16500854492188,106.87326049804688,103.23578643798828,104.32518768310548,1266533088,BITCOIN_CASH,0.017728923476479475,0.017573599246679714,0.028874787812337058,0.05088521610076776,104.97524043491909,123.95514602661133,0.8468808581160677
2022-07-07,111.64202880859376,112.03264617919922,105.239501953125,106.16227722167967,1101358631,BITCOIN_CASH,0.05158969361693577,0.050303013156996014,0.03246836186956188,0.05241968764656053,106.2477046421596,121.59738489786784,0.8737663620924023
2022-07-08,109.0074234008789,112.83290100097656,107.4120101928711,111.6590576171875,632161393,BITCOIN_CASH,-0.023598688019471514,-0.02388159677258334,0.034089944802120284,0.05237942411641954,107.33190482003349,119.32966613769531,0.8994570109345859
2022-07-09,111.57935333251952,112.79811096191406,108.81466674804688,108.97972869873048,1334656388,BITCOIN_CASH,0.023594080580936705,0.023320042345134843,0.030482174545197024,0.052858351048562874,108.06026676722935,117.19549891153972,0.9220513396064322
2022-07-10,107.04318237304688,111.55611419677734,105.8044662475586,111.55611419677734,1259130239,BITCOIN_CASH,-0.040654214458066606,-0.04150370022261514,0.035380808614012355,0.052797829333569773,108.269284929548,115.16659825642904,0.9401101236703758
2022-07-11,99.30374908447266,107.10580444335938,99.12873840332033,107.02953338623048,1223361760,BITCOIN_CASH,-0.07230197306356412,-0.07504900115880894,0.043900059000821404,0.05307471725067888,107.00805010114398,113.2449208577474,0.9449258235215876
2022-07-12,97.541748046875,100.62295532226562,97.49634552001952,99.310302734375,1179157071,BITCOIN_CASH,-0.017743550005335784,-0.017902854014184146,0.04278789430678966,0.05225135945179539,106.0403562273298,111.5925053914388,0.9502462181968812
2022-07-13,102.34386444091795,102.34386444091795,96.00476837158205,97.52955627441406,1209984234,BITCOIN_CASH,0.0492313956864423,0.04805789201545956,0.04732437205140706,0.046717727119941564,105.49447849818638,110.78040720621745,0.952284624679242
2022-07-14,103.00496673583984,103.8016586303711,99.39031219482422,102.32205200195312,1243950769,BITCOIN_CASH,0.006459618253945587,0.006438844333026275,0.04126010579330163,0.04677893706102917,104.26061248779297,110.0042106628418,0.9477874697664737
2022-07-15,106.08636474609376,106.52957153320312,102.37350463867188,103.00578308105467,547465009,BITCOIN_CASH,0.029915043011045084,0.029476316326126354,0.04346208941139936,0.04715254866088745,103.84331839425224,109.28800989786784,0.9501803399228901
2022-07-16,109.59832763671876,110.36827087402344,104.13455963134766,106.06724548339844,615055280,BITCOIN_CASH,0.03310475289666592,0.03256859147894734,0.04455364544474549,0.03850679722046771,103.56031472342355,109.29528579711913,0.9475277361519397
2022-07-17,110.63470458984376,115.11505126953124,108.12824249267578,109.60568237304688,355265041,BITCOIN_CASH,0.009456138387076818,0.009411708977967538,0.04116318247043951,0.03359902959831148,104.07338932582311,108.95190505981445,0.9552232177003878
2022-07-18,121.6329116821289,121.6329116821289,110.64099884033205,110.64099884033205,412280051,BITCOIN_CASH,0.09941010041160969,0.09477376360579523,0.03604380007310065,0.03738813175103929,107.26326969691686,109.12236735026042,0.9829631843728589
2022-07-19,128.44296264648438,129.118408203125,116.55989837646484,121.5849380493164,541861862,BITCOIN_CASH,0.05598855499038469,0.054477347148050116,0.030274773718475787,0.03826283844520418,111.67772892543248,109.39739100138347,1.0208445366308614
2022-07-20,121.8243637084961,130.63555908203125,120.822021484375,128.45106506347656,367420156,BITCOIN_CASH,-0.05152947893458948,-0.052904569620452126,0.04559086946559913,0.03951486514372014,114.46065739222935,109.49228388468424,1.0453764715765517
2022-07-21,122.982177734375,123.77478790283205,118.4802474975586,121.8165054321289,305920034,BITCOIN_CASH,0.009503961199824884,0.00945908268561713,0.0454010257932757,0.03954506008977834,117.31454467773438,109.62886454264323,1.0701063553577315
2022-07-22,123.50938415527344,128.55946350097656,120.79060363769533,122.98787689208984,413046002,BITCOIN_CASH,0.004286852213961634,0.004277689838841838,0.046011724452640984,0.038440025908375766,119.80354745047433,109.96889775594076,1.0894311927756162
2022-07-23,122.71155548095705,126.58251190185548,119.01912689208984,123.4530029296875,246810479,BITCOIN_CASH,-0.006459660371339715,-0.0064806142628207695,0.04683745747854621,0.03824607622360052,121.67686571393696,110.18704045613607,1.104275649933395
2022-07-24,132.38540649414062,134.43792724609375,122.67337799072266,122.69570922851562,329204445,BITCOIN_CASH,0.07883406721777564,0.07588089059256456,0.05172744372279831,0.04042030673939342,124.78410884312221,110.78189315795899,1.1263944430449304
2022-07-25,119.32747650146484,132.61695861816406,119.29989624023438,132.2965850830078,310699338,BITCOIN_CASH,-0.09863572079792438,-0.10384579764251539,0.06110918250903904,0.04502206452135563,124.4547609601702,110.91708348592122,1.1220522308086773
2022-07-26,118.63275146484376,119.27522277832033,114.53998565673828,119.27522277832033,220203623,BITCOIN_CASH,-0.005822003925579966,-0.005839017859366294,0.05571176949889248,0.04487966979846752,123.05330221993583,111.10218175252278,1.1075687288844953
2022-07-27,127.09396362304688,127.09700012207033,116.49454498291016,118.64929962158205,282460841,BITCOIN_CASH,0.07132273384648369,0.06889408486443184,0.05946420013822839,0.046401767743162015,123.8061022077288,111.62441889444987,1.10913098974157
2022-07-28,154.74412536621094,157.46539306640625,127.10558319091795,127.10558319091795,918307842,BITCOIN_CASH,0.21755684499047323,0.19684626481524042,0.09362287567551894,0.05582125964403949,128.34352329799108,113.34347915649414,1.1323414831901029
2022-07-29,152.3015899658203,163.60162353515625,148.79129028320312,155.32122802734375,944041659,BITCOIN_CASH,-0.015784349774895956,-0.01591024920838299,0.09495013734129402,0.0560792718416956,132.45669555664062,114.94003550211589,1.1523982481648205
2022-07-30,145.0458526611328,153.79617309570312,144.2270965576172,152.3032989501953,512282965,BITCOIN_CASH,-0.04764058803533067,-0.04881278186230729,0.09892109034339519,0.056966866806678264,135.64730943952287,116.3504046122233,1.1658516349093324
2022-07-31,139.98597717285156,149.796630859375,139.52313232421875,145.05140686035156,417358573,BITCOIN_CASH,-0.034884661611818135,-0.03550766313950963,0.09811923591625986,0.05744822850216267,136.7331052507673,117.63600311279296,1.1623406238960996
2022-08-01,138.21359252929688,141.9862518310547,134.6973114013672,139.96820068359375,282082392,BITCOIN_CASH,-0.012661158491369395,-0.01274199399745264,0.08612385802545222,0.05714244876656066,139.43112182617188,118.69376220703126,1.1747131376876363
2022-08-02,134.04917907714844,138.50747680664062,129.6054229736328,138.18357849121094,316355200,BITCOIN_CASH,-0.03013027428011983,-0.030593519885782107,0.08789902017947653,0.05751290807838609,141.6334686279297,119.64273300170899,1.1838033541569681
2022-08-03,134.50466918945312,141.9907989501953,131.18467712402344,134.06137084960938,276340987,BITCOIN_CASH,0.003397932873893561,0.00339217294420081,0.08494711913195135,0.05743884809818396,142.69214085170202,120.52180887858073,1.1839528644600474
2022-08-04,134.64825439453125,138.2927703857422,133.14002990722656,134.4738311767578,332987332,BITCOIN_CASH,0.001067510934329663,0.0010669415497123822,0.01933557720386328,0.05687348338678864,139.82130214146204,121.5328971862793,1.1504811074087309
2022-08-05,141.2279815673828,141.2279815673828,134.2764892578125,134.615966796875,247420453,BITCOIN_CASH,0.048866041393840653,0.047709620014514745,0.03218853539393976,0.05730363763828341,138.2393580845424,122.70166295369467,1.1266298659433114
2022-08-06,141.84368896484375,143.03077697753906,139.53932189941406,141.26251220703125,214963349,BITCOIN_CASH,0.004359670021674589,0.0043501941913386705,0.027675793381042747,0.05678753886069487,137.7819061279297,123.708384958903,1.1137636803980753
2022-08-07,141.35702514648438,143.64678955078125,139.2611846923828,141.79539489746094,206578300,BITCOIN_CASH,-0.003430986756696619,-0.003436886089312115,0.02381995172161186,0.056513997444696276,137.97777012416296,124.78670501708984,1.1057088982777978
2022-08-08,143.53553771972656,147.62362670898438,140.68411254882812,141.3739776611328,264673057,BITCOIN_CASH,0.01541142062790768,0.015293870885580652,0.023400589270959893,0.056461188484781794,138.73804800851005,125.85191116333007,1.1023912686431627
2022-08-09,134.7403106689453,144.24505615234375,133.99972534179688,143.5265350341797,254120085,BITCOIN_CASH,-0.06127560596146697,-0.0632333529324965,0.03303576556513834,0.057257164846692854,138.83678109305245,126.77514877319337,1.0951419299174945
2022-08-10,142.0718994140625,143.08645629882812,132.34967041015625,134.74440002441406,285265503,BITCOIN_CASH,0.054412734457253586,0.052983962137458485,0.0385568061446796,0.05562729029164099,139.91781398228235,128.20075378417968,1.091396188027317
2022-08-11,142.97476196289062,148.02745056152344,142.03253173828125,142.07986450195312,304100155,BITCOIN_CASH,0.006354969227213347,0.006334861554406323,0.03845432294001934,0.05535427829337102,141.10731506347656,129.7151875813802,1.087824160720958
2022-08-12,143.0982208251953,143.33905029296875,139.31057739257812,142.95132446289062,222980965,BITCOIN_CASH,0.0008635010865534198,0.0008631284839699098,0.034367005887494216,0.05498552780666856,141.37449210030692,131.07366612752278,1.0785880663684373
2022-08-13,144.31005859375,146.7890625,142.93186950683594,143.09918212890625,224051962,BITCOIN_CASH,0.00846857327482109,0.00843291607713038,0.03445046953070128,0.05498081253991619,141.7268306187221,132.45050252278645,1.0700361864941945
2022-08-14,139.5986785888672,147.0292205810547,138.87661743164062,144.32907104492188,242271081,BITCOIN_CASH,-0.032647620344649075,-0.03319244488718149,0.037038280180502266,0.05545253163493439,141.47563825334822,133.5675796508789,1.0592064228695282
2022-08-15,137.51512145996094,143.22703552246094,134.49476623535156,139.6195831298828,260272051,BITCOIN_CASH,-0.014925335611825852,-0.01503783927351597,0.036476781583500505,0.05544044578648855,140.6155787876674,134.49813944498698,1.0454834495698182
2022-08-16,136.57183837890625,138.1951141357422,135.39654541015625,137.4866485595703,218356838,BITCOIN_CASH,-0.006859486222606681,-0.006883120640208476,0.026672397645812668,0.05550150462420407,140.8772256033761,135.36271057128906,1.0407388047181785
2022-08-17,133.74916076660156,144.3354949951172,133.26519775390625,136.55662536621094,326069878,BITCOIN_CASH,-0.020668079494349456,-0.020884653559754857,0.015290583359776934,0.053163467844112265,139.68826293945312,135.76658554077147,1.0288854388070616
2022-08-18,129.26272583007812,136.1018829345703,129.24380493164062,133.75320434570312,245877210,BITCOIN_CASH,-0.03354364925214348,-0.03411914353894646,0.016305759394265124,0.05267330384726448,137.72940063476562,135.7939109802246,1.0142531402223394
2022-08-19,114.59532928466795,129.2770538330078,114.32445526123048,129.2770538330078,357560698,BITCOIN_CASH,-0.11346965222357408,-0.12043992080347937,0.041840916542883695,0.05633744460089007,133.65755898611886,135.552943166097,0.9860173882196296
2022-08-20,114.68006896972656,118.07477569580078,112.31815338134766,114.59722137451172,237502981,BITCOIN_CASH,0.000739468925893938,0.0007391956534571085,0.040695362556851924,0.05629855704930574,129.42470332554407,135.27620620727538,0.956744034699159
2022-08-21,119.31036376953124,120.40933227539062,114.67021942138672,114.67021942138672,231205419,BITCOIN_CASH,0.040375758764384706,0.039581954402020045,0.04902994357470451,0.056808112049907836,126.52637263706752,135.136238861084,0.9362875103186262
2022-08-22,122.85778045654295,122.9104232788086,114.23363494873048,119.30382537841795,296849422,BITCOIN_CASH,0.02973267849441963,0.029299233114082,0.052859059929292566,0.057067402827598014,124.43246677943638,135.14111302693684,0.9207595230818769
2022-08-23,133.4949188232422,135.31658935546875,120.60337829589844,122.84442138671876,446011678,BITCOIN_CASH,0.08658090946435237,0.08303598592550199,0.06500330287885314,0.05740922559465043,123.99290684291294,135.17809677124023,0.9172559002124744
2022-08-24,131.21229553222656,138.1152801513672,131.21229553222656,133.481201171875,382734219,BITCOIN_CASH,-0.017098952612855656,-0.01724682780106189,0.06485323787004653,0.05407341645263156,123.63049752371651,135.57425740559896,0.9119024502848637
2022-08-25,130.68069458007812,132.39479064941406,129.4022216796875,131.20245361328125,265805093,BITCOIN_CASH,-0.004051456839407774,-0.0040596862255243595,0.06340794164167979,0.05406417497461147,123.83306448800224,135.9758555094401,0.9106989180105225
2022-08-26,116.28633880615234,130.66729736328125,115.85299682617188,130.66729736328125,335487137,BITCOIN_CASH,-0.1101490608094775,-0.1167013143385649,0.062213575936218415,0.05683809469840454,124.07463727678571,135.61560134887696,0.9148994366628834
2022-08-27,115.35123443603516,118.13255310058594,113.89434814453124,116.29462432861328,268806259,BITCOIN_CASH,-0.00804139488539568,-0.008073901283047927,0.06233458814671375,0.04250330454940834,124.17051805768695,134.30250498453776,0.9245584665154436
2022-08-28,113.46882629394533,119.71598052978516,113.46882629394533,115.35916900634766,235232305,BITCOIN_CASH,-0.016318924988476535,-0.016453545225774895,0.060086675487451204,0.04250611650552338,123.3360127040318,133.0080795288086,0.9272821105376392
2022-08-29,119.61377716064452,119.71881103515624,112.33865356445312,113.40616607666016,264119990,BITCOIN_CASH,0.054155410498214485,0.05273988754026591,0.0630386304024112,0.04332876278695496,122.8725836617606,132.16034367879232,0.929723548240726
2022-08-30,114.65457916259766,120.51405334472656,112.8371124267578,119.6305923461914,242607410,BITCOIN_CASH,-0.041460090265242,-0.04234407966398477,0.05088700502552958,0.04350460753371843,120.18110656738281,131.3159637451172,0.9152056089741913
2022-08-31,115.3424072265625,117.72820281982422,114.66875457763672,114.66875457763672,206762052,BITCOIN_CASH,0.00599913295211163,0.005981209800547449,0.05197411882929234,0.04354853530354908,117.91397966657367,130.5535909016927,0.9031844995773674
2022-09-01,116.7077178955078,117.07291412353516,113.5479965209961,115.34303283691406,227533596,BITCOIN_CASH,0.011837022494800786,0.011767512930529028,0.05303616148162795,0.04341115730309586,115.91784014020648,129.975542195638,0.8918434821047178
2022-09-02,116.36717987060548,119.71156311035156,115.27747344970705,116.7093276977539,271983506,BITCOIN_CASH,-0.0029178706519410458,-0.0029221359355629944,0.029135153363736854,0.043386282329889614,115.92938886369977,129.3709592183431,0.8961005589209738
2022-09-03,117.7043228149414,118.5808563232422,116.07842254638672,116.37312316894533,231099662,BITCOIN_CASH,0.011490722262262887,0.011425205326813603,0.029155623460188653,0.043475939051740534,116.26554434640067,128.80616149902343,0.9026396174944019
2022-09-04,118.1373519897461,118.1373519897461,116.45393371582033,117.71190643310548,175273025,BITCOIN_CASH,0.0036789572757280897,0.0036722064646406223,0.02789589090601292,0.04238263932296215,116.93247658865792,128.03647384643554,0.913274733955142
2022-09-05,125.6686019897461,125.90435791015624,117.3026351928711,118.12857055664062,251185197,BITCOIN_CASH,0.06374994760889585,0.06180035165411388,0.03052531361530699,0.04412617472916806,117.79745156424386,127.49730428059895,0.9239211152652496
2022-09-06,112.50064849853516,127.47740173339844,112.48841857910156,125.68889617919922,295404896,BITCOIN_CASH,-0.10478316208439542,-0.11068931305093915,0.052196479148438134,0.048229913645774725,117.48974718366351,126.53542505900064,0.9285126843244148
2022-09-07,118.6457977294922,119.15929412841795,111.3661651611328,112.4346694946289,263199586,BITCOIN_CASH,0.0546232338477326,0.053183578829009905,0.05638709500700709,0.049333874980894935,117.96166011265346,125.70576705932618,0.9383949748063832
2022-09-08,127.14407348632812,129.3760223388672,116.55583953857422,118.64781951904295,487324244,BITCOIN_CASH,0.0716272798486437,0.0691783154832181,0.06163082843136562,0.04998791536975719,119.45256805419922,125.45255915323894,0.9521732267596805
2022-09-09,132.77561950683594,138.0015869140625,126.3909149169922,127.10440826416016,460606403,BITCOIN_CASH,0.04429263485185864,0.043339751765538004,0.06221219201801207,0.04965244136340647,121.796630859375,125.14268315633139,0.9732621020057848
2022-09-10,132.8063201904297,134.4551544189453,130.94580078125,132.72679138183594,298635594,BITCOIN_CASH,0.00023122229598904198,0.00023119556823391666,0.06257747845311211,0.04962852609914021,123.95405905587333,124.80373509724934,0.9931919021436824
2022-09-11,130.25624084472656,133.1195831298828,128.4345703125,132.79507446289062,244950894,BITCOIN_CASH,-0.01920149087819456,-0.01938823386475747,0.06400189578783622,0.0497194233921422,125.68532889229911,124.37566909790038,1.0105298713478104
2022-09-12,128.7611083984375,132.4580078125,127.2132339477539,130.25352478027344,297325655,BITCOIN_CASH,-0.011478393945602572,-0.01154477919566917,0.06078569013272448,0.049692934576697774,126.12711552211216,123.85737075805665,1.0183254718727175
2022-09-13,119.0383071899414,133.22250366210938,117.19823455810548,128.76904296875,347352925,BITCOIN_CASH,-0.07551038764290474,-0.07851346417579336,0.051170065951914034,0.05128081845435523,127.06106676374164,123.17202504475911,1.0315740665753388
2022-09-14,120.23064422607422,120.5330581665039,117.16214752197266,117.58161926269533,218964930,BITCOIN_CASH,0.010016414583502886,0.009966582783978885,0.04727888094787738,0.051320458474949225,127.2874734061105,122.59587580362955,1.0382688044905835
2022-09-15,117.83324432373048,122.60118103027344,116.85348510742188,120.22850799560548,264217879,BITCOIN_CASH,-0.019940007123606662,-0.020141491970407512,0.037037618561527486,0.051398916911900724,125.95735495431083,121.97125600179037,1.0326806420068508
2022-09-16,119.55599212646484,120.5905532836914,116.7967529296875,117.84430694580078,226130263,BITCOIN_CASH,0.01462021870501462,0.014514373711620067,0.03113948684396263,0.05142608344965154,124.06883675711495,121.49815038045247,1.0211582346612913
2022-09-17,122.25165557861328,123.08463287353516,119.5562515258789,119.5673370361328,197971193,BITCOIN_CASH,0.02254728854825605,0.022296855834369987,0.03392819103089393,0.05130822435149927,122.56102752685547,121.26444803873697,1.010692165008695
2022-09-18,111.87236785888672,122.25377655029295,111.80294799804688,122.23072052001952,223851169,BITCOIN_CASH,-0.08490099925928785,-0.08872302202871345,0.04486160335051821,0.049057975639306334,119.93475995744977,121.1736826578776,0.989775645393845
2022-09-19,112.22876739501952,113.0849838256836,107.20182037353516,111.86649322509766,259524012,BITCOIN_CASH,0.0031857691309649105,0.0031807053203909415,0.045755427990694486,0.049062644793967075,117.57299695696149,121.09197260538737,0.9709396455213967
2022-09-20,112.89227294921876,114.54669952392578,111.4539794921875,112.2433853149414,234825794,BITCOIN_CASH,0.005912080918289542,0.0058946731449771,0.03814011622293247,0.048490601097656336,116.69499206542969,120.87803624471029,0.9653945058239342
2022-09-21,109.46312713623048,118.52194213867188,109.1682586669922,112.8823013305664,288706877,BITCOIN_CASH,-0.03037538109034954,-0.03084627319977169,0.03813148240721905,0.04840189693234517,115.15677533830915,120.43154780069987,0.9562010738986776
2022-09-22,116.53922271728516,116.62836456298828,109.10491180419922,109.51184844970705,224536083,BITCOIN_CASH,0.06464364545559009,0.06264013796255713,0.04740308582642228,0.04726942028895844,114.97191510881696,119.86635793050131,0.959167501989823
2022-09-23,120.06118774414062,120.22712707519533,113.30078125,116.5359344482422,284423405,BITCOIN_CASH,0.030221284686267946,0.029773618668074618,0.048602119679494814,0.0476114539093527,115.04408591134208,119.49465433756511,0.9627550834730193
2022-09-24,117.92076873779295,121.75325012207033,117.92076873779295,120.05921173095705,246871367,BITCOIN_CASH,-0.01782773472897059,-0.01798856312954388,0.04798632534794113,0.047690392669563986,114.42538779122489,119.0693234761556,0.9609980509727118
2022-09-25,113.50005340576172,118.33419036865234,112.7156753540039,117.9225616455078,231914637,BITCOIN_CASH,-0.037488861201889545,-0.03820964010990422,0.035497347320986326,0.04320356164825089,114.65791429792132,118.97644729614258,0.9637026226924388
2022-09-26,116.20259857177734,117.0771026611328,112.90509796142578,113.49515533447266,262464085,BITCOIN_CASH,0.023810959421790345,0.023531899635145754,0.03642537076490091,0.043405168191476565,115.22560446602958,119.00482610066732,0.9682431229180499
2022-09-27,114.40727996826172,120.15240478515624,112.85289001464844,116.2104721069336,287910263,BITCOIN_CASH,-0.01544990065266627,-0.015570494084626352,0.03722928209042689,0.04339375149152805,115.44203404017857,119.03610788981119,0.9698068601759092
2022-09-28,114.26228332519533,115.55818176269533,110.7281265258789,114.3796615600586,257950036,BITCOIN_CASH,-0.001267372523030108,-0.001268176318797062,0.03446881618661344,0.042247241075094415,116.12762778145927,118.85772476196288,0.9770305465128901
2022-09-29,116.74011993408205,117.5637435913086,114.03397369384766,114.25148010253906,271450641,BITCOIN_CASH,0.0216855163119285,0.0214537304473508,0.025585383133650517,0.041724174813967715,116.15632738385882,118.92724278767903,0.9767007513260261
2022-09-30,120.04029846191406,124.2698974609375,115.7625503540039,116.74517822265624,363557308,BITCOIN_CASH,0.02826944609698434,0.027877239787142773,0.025228167397358028,0.04201205365736407,116.1533432006836,119.08383916219076,0.9753913210883648
2022-10-01,117.18318939208984,120.72686767578124,116.1815414428711,120.0221710205078,202425471,BITCOIN_CASH,-0.0238012493007147,-0.024089075288887214,0.026044314254931596,0.0422144572228539,116.04797472272601,119.09968821207683,0.9743768137837882
2022-10-02,114.40396881103516,118.35503387451172,114.30953979492188,117.1717758178711,207890715,BITCOIN_CASH,-0.02371688802355032,-0.024002660885937253,0.023031225342514026,0.04244194466866406,116.17710549490792,119.03424784342448,0.9759973083353726
2022-10-03,116.26018524169922,116.3698501586914,114.10417175292967,114.41100311279295,197753341,BITCOIN_CASH,0.016225105212302804,0.016094884863772644,0.02197298771634526,0.04249597197500142,116.18533216203961,118.98610992431641,0.9764613049030825
2022-10-04,121.24559783935548,121.86060333251952,115.75715637207033,116.25691986083984,214269001,BITCOIN_CASH,0.04288151259428874,0.04198756706709784,0.025612383511981755,0.0431929872479827,117.16223471505302,119.08971811930338,0.9838148629899398
2022-10-05,122.21883392333984,123.32848358154295,119.32728576660156,121.24244689941406,188639642,BITCOIN_CASH,0.008026980783861992,0.007994935941613211,0.025273086309973877,0.04166561517489395,118.29888480050224,118.97472585042318,0.9943194569679393
2022-10-06,118.43882751464844,123.50678253173828,118.2146224975586,122.22779846191406,181434060,BITCOIN_CASH,-0.03092818256687313,-0.03141655483968465,0.028800052070729245,0.036679971637785885,118.54155731201172,119.17266515096028,0.9947042567341334
2022-10-07,116.79872131347656,120.09689331054688,115.85426330566406,118.43875885009766,178326597,BITCOIN_CASH,-0.013847707171611656,-0.013944481105272901,0.026822630519509515,0.035459122997441625,118.07847486223493,119.1110959370931,0.9913306055432188
2022-10-08,116.97750854492188,118.26995849609376,115.8260269165039,116.78759765625,149502325,BITCOIN_CASH,0.0015307293558930457,0.0015295589839088239,0.02531598631230044,0.032934901930913855,118.04909188406808,118.77221043904622,0.9939117193129176
2022-10-09,117.22793579101562,118.26921081542967,116.7435073852539,116.96251678466795,158347102,BITCOIN_CASH,0.002140815351675762,0.002138527071765316,0.023055507129662423,0.031784439863162976,118.45251573835101,118.25395431518555,1.0016791102193185
2022-10-10,111.73036193847656,117.91719818115234,111.73036193847656,117.23260498046876,185761107,BITCOIN_CASH,-0.046896448491080545,-0.04803172277446863,0.029145177442479638,0.03276136544970782,117.80539812360492,117.55142237345378,1.0021605502087783
2022-10-11,111.11306762695312,112.2020263671875,109.89740753173828,111.71949005126952,186705924,BITCOIN_CASH,-0.005524857351337897,-0.0055401758233496,0.020420638600166883,0.03266012821568117,116.35789380754743,116.91331659952799,0.9952492769161353
2022-10-12,111.90184020996094,112.31439208984376,110.90469360351562,111.1182861328125,181789992,BITCOIN_CASH,0.007098828246340894,0.007073750178425219,0.020269202885730923,0.032714194542221596,114.88403756277901,116.35134099324544,0.9873890286270821
2022-10-13,108.9775390625,112.6730499267578,103.09095001220705,111.8954620361328,322998475,BITCOIN_CASH,-0.026132735100460214,-0.026480262963566426,0.019579534069133837,0.02992504451394042,113.53242492675781,116.01598205566407,0.9785929741325238
2022-10-14,107.54891204833984,111.62824249267578,106.9994659423828,108.96894073486328,211846099,BITCOIN_CASH,-0.013109371219520938,-0.013196057461297811,0.01956850830820987,0.029879241854476876,112.21102360316685,115.59325764973958,0.9707402134402918
2022-10-15,108.0671844482422,109.21321868896484,107.053466796875,107.54191589355467,167106067,BITCOIN_CASH,0.004818946003557922,0.0048073720512060245,0.019975252307486847,0.02975322853936229,110.93812016078405,115.26772232055664,0.9624387289641061
2022-10-16,110.33349609375,110.83837890625,108.0539779663086,108.06999206542967,177467027,BITCOIN_CASH,0.020971321285724986,0.020754449939572005,0.02306561043585625,0.02990050022183881,109.9532002040318,114.9603057861328,0.9564449176795335
2022-10-17,110.58451080322266,111.3413314819336,109.40902709960938,110.32730102539062,185301371,BITCOIN_CASH,0.002275054433690471,0.002272470415797789,0.015274779248746501,0.029545195725235476,109.78950718470982,114.57140096028645,0.9582627624739077
2022-10-18,108.72208404541016,111.34130859375,107.51143646240234,110.57402801513672,216478780,BITCOIN_CASH,-0.016841660231481814,-0.016985093710501296,0.01635691718439309,0.02494097100004489,109.44793810163226,114.46639149983724,0.9561578439535929
2022-10-19,106.15585327148438,108.8679428100586,106.04267120361328,108.72764587402344,161389501,BITCOIN_CASH,-0.023603583360800373,-0.02388661044220936,0.017303484512050257,0.025273673154393102,108.62708282470703,114.26396102905274,0.9506679257958467
2022-10-20,106.39016723632812,108.72136688232422,105.47393035888672,106.13892364501952,170432867,BITCOIN_CASH,0.002207263731793585,0.0022048313038850694,0.015354699144202419,0.02524362242395637,108.25745827811105,114.04722417195639,0.9492336097096433
2022-10-21,107.005615234375,107.24495697021484,103.54673767089844,106.39215850830078,204900553,BITCOIN_CASH,0.0057848202896397805,0.005768152466098381,0.015014185011263502,0.02467853003322811,108.17984444754464,113.96530710856119,0.9492348785099537
2022-10-22,108.70037078857422,110.21695709228516,106.4119873046875,107.01490020751952,181042453,BITCOIN_CASH,0.015838005795183685,0.015713893328908716,0.0162026667884228,0.021846302799758757,108.27029963902065,113.70401204427084,0.9522117794477246
2022-10-23,110.88642120361328,110.90238189697266,108.03186798095705,108.70198822021484,185071846,BITCOIN_CASH,0.02011079078369482,0.019911239813013834,0.01603212729527994,0.02141666398442691,108.34928894042969,113.39818649291992,0.9554763818660763
2022-10-24,107.93132781982422,111.04734802246094,107.65222930908205,110.88728332519533,206923841,BITCOIN_CASH,-0.02664973178603014,-0.027011273689308512,0.019087249727055552,0.021700962041185805,107.9702627999442,113.06520512898763,0.954938017197855
2022-10-25,112.79578399658205,113.90664672851562,107.86619567871094,107.93101501464844,215642849,BITCOIN_CASH,0.045069918762403516,0.044083791085146415,0.024939197940882674,0.02228368304033853,108.55221993582589,113.04172948201497,0.9602844934630679
2022-10-26,114.58954620361328,116.09902954101562,112.30210876464844,112.7738037109375,397995808,BITCOIN_CASH,0.015902741605001713,0.015777617807460197,0.02148074528853766,0.02204249368213701,109.7570332118443,112.98796106974284,0.971404671548111
2022-10-27,112.5551528930664,116.72188568115234,112.15926361083984,114.59052276611328,443888620,BITCOIN_CASH,-0.017753742622664492,-0.0179132308055121,0.024035263976387066,0.022101920413205783,110.6377454485212,112.92622350056966,0.9797347508744334
2022-10-28,115.57781219482422,116.00935363769533,111.3401107788086,112.55474090576172,487781698,BITCOIN_CASH,0.026854917114541133,0.026500652334683586,0.024966962684939337,0.022645346184475272,111.86234501429966,112.97007446289062,0.9901944877538801
2022-10-29,118.45816802978516,120.25391387939452,115.50811004638672,115.56564331054688,533574676,BITCOIN_CASH,0.02492135627299863,0.02461588405949465,0.025468237207108252,0.02275390990160022,113.25631604875836,113.0273427327474,1.0020258223406382
2022-10-30,116.28987884521484,119.95218658447266,114.97639465332033,118.4579849243164,471100285,BITCOIN_CASH,-0.0183042606570204,-0.018473856373572944,0.027595029408092216,0.022400850955143797,114.02823856898716,112.90232874552409,1.0099724233855336
2022-10-31,115.10994720458984,117.61257934570312,113.86984252929688,116.27051544189452,444780235,BITCOIN_CASH,-0.010146468913219242,-0.010198295196136298,0.02474661407461572,0.02204918461628184,115.05375562395368,112.83322067260742,1.0196797976527612
2022-11-01,115.00502014160156,116.37054443359376,114.20447540283205,115.11144256591795,456423614,BITCOIN_CASH,-0.0009115377561749183,-0.0009119534593540119,0.019452572909087886,0.021602394485392782,115.3693607875279,112.85325571695964,1.022295369810852
2022-11-02,113.50633239746094,121.1754379272461,112.5083999633789,115.0004653930664,648808851,BITCOIN_CASH,-0.013031498471069769,-0.013117153402445987,0.019297680454863634,0.021518247555417203,115.21461595807757,112.76146062215169,1.0217552639207652
2022-11-03,115.75762939453124,119.702392578125,113.41776275634766,113.5219497680664,548999513,BITCOIN_CASH,0.019834109247641063,0.019639976076678486,0.019147203802567455,0.020340570633373765,115.67211260114398,112.57852834065756,1.0274793453608255
2022-11-04,123.9833526611328,124.08401489257812,115.3351821899414,115.73127746582033,657069486,BITCOIN_CASH,0.07105988011007214,0.06864870036960058,0.03060071483765809,0.024005616181133407,116.87290409633091,112.63734563191731,1.0376035003368669
2022-11-05,123.7420425415039,125.38790893554688,122.9634246826172,124.03108215332033,430694834,BITCOIN_CASH,-0.0019463106493694537,-0.0019482071731572158,0.030133850875853425,0.023246436787791966,117.62774331229073,112.81411946614584,1.0426686293251564
2022-11-06,116.6838607788086,123.99832916259766,116.6632080078125,123.74714660644533,342636984,BITCOIN_CASH,-0.05703948001608228,-0.05873086362603739,0.03835523646932375,0.0255897990701254,117.68402644566127,112.8102907816569,1.0432029350357535
2022-11-07,117.71343994140624,119.266845703125,115.67745971679688,116.69001007080078,340585029,BITCOIN_CASH,0.008823663835989759,0.008784962804226932,0.03814465973011428,0.02563931107711545,118.05595397949217,112.83482182820639,1.0462723480809415
2022-11-08,103.18102264404295,118.59906005859376,98.8423843383789,117.70523834228516,735395027,BITCOIN_CASH,-0.12345588833863852,-0.13176824883488805,0.06387764789381355,0.03517465669485824,116.36681147984095,112.36659138997396,1.0355997280008613
2022-11-09,89.35179138183594,103.76367950439452,88.28638458251953,103.1792449951172,677592889,BITCOIN_CASH,-0.13402882533850746,-0.14390365658396587,0.0801256304487506,0.042814554743832174,112.91616276332309,111.62063903808594,1.0116064890543683
2022-11-10,102.8276596069336,105.60553741455078,88.5364990234375,89.36911010742188,451189311,BITCOIN_CASH,0.15081810914690985,0.14047308870883535,0.10331392626678118,0.05062590899298067,111.0690242222377,111.34445877075196,0.997526284185535
2022-11-11,102.7311553955078,106.03107452392578,100.10420989990234,102.81922912597656,291046683,BITCOIN_CASH,-0.0009385044043080937,-0.0009389450753025666,0.09685395759312135,0.05059433151526905,108.03299604143415,111.03876927693685,0.9729304165105961
2022-11-12,102.31828308105467,102.86994171142578,98.55187225341795,102.74868774414062,197959492,BITCOIN_CASH,-0.004018959125531074,-0.004027056845309269,0.09676798373438614,0.050398414806226206,104.9724589756557,110.81679407755534,0.947261286968747
2022-11-13,99.6465072631836,103.2238540649414,98.83106231689452,102.31814575195312,209882318,BITCOIN_CASH,-0.026112398854020502,-0.026459381232713162,0.09577679220816333,0.05055701871649087,102.5385513305664,110.55338058471679,0.9275026307494175
2022-11-14,103.64167785644533,104.37651824951172,97.20249938964844,99.62444305419922,275594444,BITCOIN_CASH,0.040093433307298865,0.03931054883649207,0.0981077650493261,0.05111934072684295,100.52829960414341,110.40586369832357,0.9105340625641957
2022-11-15,103.85900115966795,105.89313507080078,102.7137451171875,103.63751220703124,205752751,BITCOIN_CASH,0.0020968717191518493,0.002094676352048357,0.08436204521594343,0.050953813327606914,100.62515367780414,110.19004720052084,0.9131963932703399
2022-11-16,104.47737121582033,109.08802032470705,103.1513900756836,103.83893585205078,239230175,BITCOIN_CASH,0.005953938024126693,0.005936283376920074,0.055589105334636624,0.05096883444003708,102.78595079694476,109.98647588094076,0.9345326320684145
2022-11-17,103.75926971435548,105.08018493652344,101.84808349609376,104.47183227539062,206654312,BITCOIN_CASH,-0.006873273064857743,-0.00689700280265741,0.01974036487973359,0.05089906509759842,102.91903795514789,109.82104873657227,0.9371522047838003
2022-11-18,104.72098541259766,105.4571533203125,103.74243927001952,103.75897979736328,173437211,BITCOIN_CASH,0.009268720769621153,0.009226029768496248,0.019922244843965355,0.05075698329751387,103.20329938616071,109.77321980794271,0.9401500617976167
2022-11-19,104.81979370117188,105.96793365478516,104.20748138427734,104.72036743164062,168724308,BITCOIN_CASH,0.0009435385676033192,0.0009430937148908449,0.019728474004293915,0.0507552272197514,103.56065804617745,109.7208740234375,0.9438555695797304
2022-11-20,104.89090728759766,107.28529357910156,103.56488037109376,104.829833984375,248473934,BITCOIN_CASH,0.0006784366188365976,0.0006782065847501935,0.014961884805719002,0.050742072047920195,104.30985804966518,109.65038375854492,0.9512949656369665
2022-11-21,103.24916076660156,106.98649597167967,101.27698516845705,104.89754486083984,315062965,BITCOIN_CASH,-0.015651943180304717,-0.015775728192561077,0.008371395402857184,0.050717258555406756,104.2537841796875,109.4686767578125,0.9523617829996942
2022-11-22,108.96452331542967,109.03255462646484,103.2032241821289,103.23087310791016,277512212,BITCOIN_CASH,0.055355050892354374,0.053877251440959714,0.02233057994469727,0.05158832974693001,104.98314448765346,109.40461349487305,0.9595860826524762
2022-11-23,114.89168548583984,118.60111236572266,108.6444854736328,108.97443389892578,364874328,BITCOIN_CASH,0.054395338868709286,0.052967464108297155,0.028288430256225204,0.05223793848922511,106.47090366908482,109.63662541707357,0.9711253266329031
2022-11-24,115.9189910888672,118.03813934326172,113.3403091430664,114.89715576171876,289855568,BITCOIN_CASH,0.008941513902274156,0.008901775273505943,0.02698306929339326,0.051654170080708384,108.20800672258649,109.74073232014975,0.9860332115053525
2022-11-25,113.82330322265624,116.01782989501952,113.3149871826172,115.9070281982422,206165000,BITCOIN_CASH,-0.01807890015713076,-0.01824432024780562,0.029939449142386273,0.051689968617733915,109.50833783830915,109.71519088745117,0.998114636200613
2022-11-26,112.44127655029295,115.53800201416016,111.86370086669922,113.8143081665039,192168490,BITCOIN_CASH,-0.012141860526221238,-0.012216175071934903,0.031131980465570728,0.05163317239272189,110.5971211024693,109.71139500935872,1.0080732369963488
2022-11-27,111.24122619628906,113.37995147705078,111.1554183959961,112.44275665283205,154665479,BITCOIN_CASH,-0.010672685252440473,-0.010730046857666554,0.03198974309755467,0.05142040483293459,111.50430951799665,109.56684214274088,1.017682971758296
2022-11-28,110.08090209960938,111.90184020996094,106.73121643066406,111.22572326660156,194956339,BITCOIN_CASH,-0.01043070214483477,-0.010485483187921777,0.03138016735709652,0.051209887375343995,112.4802725655692,109.28759994506837,1.029213493773361
2022-11-29,111.11190032958984,112.78677368164062,109.59091186523438,110.0762939453125,175021732,BITCOIN_CASH,0.009365822865873286,0.00932223548996592,0.024577970526020912,0.05116130790065252,112.78704071044922,109.1150006612142,1.0336529352241508
2022-11-30,113.3907241821289,114.20293426513672,110.86798858642578,111.12239837646484,188335842,BITCOIN_CASH,0.020509268996204977,0.020301786025343046,0.014495824331085823,0.051285767038148945,112.57261766706195,109.05769322713216,1.032229954035515
2022-12-01,110.30767059326172,113.59993743896484,110.07878112792967,113.39045715332033,170949348,BITCOIN_CASH,-0.02718964545913971,-0.02756612376760959,0.016403347311402517,0.05152344810305296,111.77100045340401,108.90111490885417,1.026353132811834
2022-12-02,111.93447875976562,112.01112365722656,108.92417907714844,110.31117248535156,153274799,BITCOIN_CASH,0.014747915151816171,0.014640222191094709,0.017357065004270134,0.05155481488945924,111.50116838727679,108.84871978759766,1.0243682112647259
2022-12-03,109.8917465209961,111.9885482788086,109.82218933105467,111.9526596069336,127942793,BITCOIN_CASH,-0.01824935677909978,-0.01841793034633584,0.01808519734007444,0.05151126410334856,111.13694981166294,108.65319035847982,1.0228595170099326
2022-12-04,111.15482330322266,111.70801544189452,109.81670379638672,109.87963104248048,145041966,BITCOIN_CASH,0.011493827536767975,0.011428275320111772,0.018497651280576975,0.04984781901070666,111.12460654122489,108.22557271321615,1.026786957604658
2022-12-05,110.39720916748048,116.64049530029295,110.12029266357422,111.15161895751952,203082882,BITCOIN_CASH,-0.006815845801629861,-0.00683917976620391,0.01820584968602766,0.04985009056721675,111.16979326520648,107.78074493408204,1.0314439126691615
2022-12-06,112.0299301147461,112.0383529663086,110.4009017944336,110.4009017944336,159142305,BITCOIN_CASH,0.014789512883325306,0.014681214518647132,0.018747692429172434,0.04885269362085228,111.30094037737165,107.62561391194662,1.0341491800309914
2022-12-07,109.19988250732422,112.5251922607422,108.2646484375,112.02080535888672,156533462,BITCOIN_CASH,-0.02526153149005106,-0.02558608139207618,0.018966665451607953,0.049009433476428284,110.70224870954242,107.34182866414388,1.0313057834696742
2022-12-08,111.8478775024414,112.1712646484375,108.69202423095705,109.20304870605467,148391126,BITCOIN_CASH,0.024249064507368745,0.02395972410038798,0.018919666074118966,0.04268490648966414,110.92227826799665,107.63072382609049,1.0305819223814257
2022-12-09,109.74801635742188,112.14392852783205,109.24539947509766,111.84178924560548,131120607,BITCOIN_CASH,-0.01877426011033334,-0.018952733870474664,0.01942707843046397,0.03285112509299902,110.60992649623326,108.31059799194335,1.0212290260317918
2022-12-10,109.072509765625,110.4372329711914,109.0523910522461,109.75948333740234,96665780,BITCOIN_CASH,-0.006155068804131414,-0.006174089328712929,0.018307376958598555,0.021087159025418186,110.49289267403739,108.51875966389974,1.0181916289520065
2022-12-11,106.33975219726562,109.90103149414062,106.26458740234376,109.08782958984376,239688863,BITCOIN_CASH,-0.025054503414577378,-0.025373710484833622,0.019373585941756782,0.021667124410969213,109.80502537318638,108.63904622395833,1.0107325974385342
2022-12-12,106.24568176269533,106.69380950927734,104.06452941894533,106.3313980102539,136423089,BITCOIN_CASH,-0.0008846215326493434,-0.0008850130411856401,0.019477749066291294,0.021648818899515792,109.21195002964565,108.76995951334635,1.0040635348057205
2022-12-13,110.0393524169922,110.9366455078125,104.2584991455078,106.2626953125,202881888,BITCOIN_CASH,0.03570658676528815,0.035083886315644096,0.023998655140164818,0.0218470062820385,108.92758178710938,109.11638768513997,0.9982696833900385
2022-12-14,109.1084976196289,110.9014663696289,108.26531219482422,110.03510284423828,144048921,BITCOIN_CASH,-0.008459290035039757,-0.008495272899009953,0.022056559569801504,0.020851125860553002,108.9145268031529,109.29861501057943,0.9964858822100412
2022-12-15,107.25273895263672,109.8188705444336,107.0213394165039,109.08771514892578,135525935,BITCOIN_CASH,-0.017008378884123987,-0.017154682659827173,0.019949294406073008,0.02113325825809353,108.25807843889508,109.41173960367838,0.9894557826339093
2022-12-16,100.19449615478516,107.76815795898438,99.82524871826172,107.25457000732422,164515036,BITCOIN_CASH,-0.06580944101547381,-0.06807483695478402,0.030901255754905547,0.024584007220293594,106.89328983851841,109.26897710164388,0.9782583554258446
2022-12-17,103.08944702148438,103.14740753173828,99.31485748291016,100.18516540527344,141948275,BITCOIN_CASH,0.028893312285606543,0.028483770510300856,0.03471976014120833,0.025153040719426176,106.03856658935547,109.24664967854818,0.9706344945256233
2022-12-18,102.10164642333984,103.25364685058594,101.79448699951172,103.09065246582033,82518306,BITCOIN_CASH,-0.009581975912031693,-0.009628178420987602,0.03391172130938928,0.02514453426824821,105.43312290736607,109.15933837890626,0.9658644370066992
2022-12-19,98.55999755859376,102.84908294677734,98.55999755859376,102.09603118896484,134472213,BITCOIN_CASH,-0.03468748045512893,-0.03530337562204074,0.035534953661201,0.02591472488280771,104.33516802106585,108.95067850748698,0.9576366980945056
2022-12-20,101.79222869873048,102.25901794433594,98.56092834472656,98.56775665283205,124604132,BITCOIN_CASH,0.03279455377639562,0.032268287275737106,0.034940956743067325,0.026660584218990018,103.15700748988561,108.8473892211914,0.947721467900877
2022-12-21,100.34043884277344,102.17839813232422,100.09610748291016,101.77903747558594,102295161,BITCOIN_CASH,-0.014262285780713535,-0.01436496968600371,0.03493764365023196,0.026634854329650643,101.90442766462056,108.75043182373047,0.9370484875848002
2022-12-22,101.35968780517578,101.36163330078124,99.5865478515625,100.3486328125,101874609,BITCOIN_CASH,0.010157908159036833,0.010106663344524997,0.03577251818798767,0.024652890974602413,101.06256321498327,108.496937306722,0.9314784889206441
2022-12-23,101.9491958618164,102.5707778930664,101.28588104248048,101.3623504638672,95474710,BITCOIN_CASH,0.005816001108583935,0.005799153466510559,0.024120065556198268,0.02240043373234612,101.31323460170202,108.06552098592122,0.9375167368591237
2022-12-24,101.8064193725586,102.63886260986328,101.73106384277344,101.95374298095705,68743900,BITCOIN_CASH,-0.0014004670468547031,-0.001401448617374511,0.02122088985402901,0.022274691546039106,101.12994493756977,107.59510192871093,0.9399121625868735
2022-12-25,101.35171508789062,102.005859375,99.95372772216795,101.80876922607422,89486065,BITCOIN_CASH,-0.004466361625036552,-0.004476365616862825,0.020991807506749987,0.022119358284274738,101.02281188964845,107.17938232421875,0.9425582579311139
2022-12-26,103.38439178466795,103.42463684082033,100.99940490722656,101.35447692871094,94382578,BITCOIN_CASH,0.020055671431061795,0.019857205641129055,0.015670731941554633,0.022474230469129976,101.7120110648019,106.87748616536459,0.9516691935234097
2022-12-27,101.69137573242188,103.59049987792967,101.52075958251952,103.382568359375,99717575,BITCOIN_CASH,-0.0163759347327046,-0.016511502421206147,0.013108057588091061,0.022569169028452712,101.69760349818638,106.55915781656901,0.9543769449947107
2022-12-28,99.17676544189452,102.4274444580078,98.9590301513672,101.70286560058594,121739372,BITCOIN_CASH,-0.024727861850782684,-0.025038730879448662,0.015449995315538662,0.022889917885262377,101.53136444091795,106.19568659464518,0.956078045132556
2022-12-29,98.40066528320312,100.16041564941406,97.71018981933594,99.16822814941406,117365942,BITCOIN_CASH,-0.007825423174806945,-0.007856202477939946,0.014639140884483266,0.022773260318626993,101.108646937779,105.77197875976563,0.9559114627837472
2022-12-30,96.6463394165039,98.45028686523438,95.72980499267578,98.40699005126952,147217395,BITCOIN_CASH,-0.017828394367560008,-0.01798923474167777,0.014683304796940725,0.02243186193789929,100.35109601702007,105.21383260091146,0.9537823453087549
2022-12-31,97.0721435546875,98.28890991210938,96.52781677246094,96.64940643310548,99844577,BITCOIN_CASH,0.004405796854328514,0.004396119744543016,0.015245972461658937,0.0220956469647767,99.67477090018134,104.77264836629232,0.9513434322258568
2023-01-01,96.95507049560548,97.47777557373048,96.47205352783205,97.0744857788086,77861035,BITCOIN_CASH,-0.001206041762290555,-0.0012067696159301943,0.015378628604360817,0.021815862348532857,99.0466788155692,104.27333475748698,0.949875431201336
2023-01-02,99.31005096435548,100.17461395263672,95.8727798461914,96.95294189453124,114241757,BITCOIN_CASH,0.02428939978808775,0.023999103669214473,0.016586609182659307,0.022271867240839696,98.46463012695312,103.92061157226563,0.9474985629629551
2023-01-03,99.64935302734376,100.3274154663086,98.94808959960938,99.30143737792967,110701275,BITCOIN_CASH,0.003416593382980615,0.0034107700879262917,0.016134126928307145,0.022135798456041137,98.17291259765625,103.53709589640299,0.9481907112392448
2023-01-04,101.48273468017578,102.2946319580078,99.58446502685548,99.6481475830078,147986336,BITCOIN_CASH,0.018398329714483408,0.01823112815217684,0.01443725896776082,0.022481475557565203,98.50233677455358,103.23994674682618,0.954110689499961
2023-01-05,101.08454895019533,103.26126861572266,100.99300384521484,101.48712158203124,139283849,BITCOIN_CASH,-0.003923679542489067,-0.003931397367862338,0.014002186743250553,0.02223772942618334,98.88574872698105,102.8751007080078,0.9612214038812967
2023-01-06,101.6265106201172,101.76496124267578,98.44566345214844,101.08406066894533,147863090,BITCOIN_CASH,0.005361468944070857,0.005347147436192463,0.010199077916356361,0.02188925454358791,99.59720175606866,102.62265497843424,0.9705186615664799
2023-01-07,101.51829528808594,102.0927734375,101.41241455078124,101.62449645996094,106519970,BITCOIN_CASH,-0.0010648336873020359,-0.0010654010254758006,0.010646446444495574,0.021319671147086623,100.23236628941129,102.27833557128906,0.9799960639714194
2023-01-08,103.42367553710938,103.42367553710938,101.06768798828124,101.5084991455078,115698170,BITCOIN_CASH,0.018768836135559575,0.018594874860225475,0.010916388103513756,0.021466454474990574,101.15645272391183,102.06752421061198,0.9910738357401498
2023-01-09,107.11087036132812,107.60820770263672,103.4423828125,103.4423828125,196600228,BITCOIN_CASH,0.0356513613064906,0.03503056336500484,0.013815679653237274,0.022482882188860277,102.27085549490792,102.00213623046875,1.00263444741816
2023-01-10,107.45953369140624,108.61373901367188,106.02980041503906,107.09615325927734,162339916,BITCOIN_CASH,0.003255162887781049,0.0032498763143997086,0.01383015298506036,0.021997631114418124,103.38659558977399,102.03946228027344,1.0132020816201517
2023-01-11,109.7518081665039,109.75764465332033,105.69137573242188,107.45477294921876,151126033,BITCOIN_CASH,0.02133151332743033,0.02110718121853352,0.014127934021521417,0.022319179397118208,104.56789180210659,102.1563331604004,1.0236065505397467
2023-01-12,119.71046447753906,123.86819458007812,108.15975952148438,110.87028503417967,335419197,BITCOIN_CASH,0.09073797031140418,0.08685450413784784,0.03032198835856969,0.026624888658906352,107.2287368774414,102.47870356241862,1.0463514188792367
2023-01-13,124.35079956054688,126.6856918334961,118.21669006347656,119.71163940429688,267055371,BITCOIN_CASH,0.038762986203920935,0.03803056887006857,0.029446046627855334,0.02729050150504762,110.47506386893136,102.98678029378256,1.0727111145118582
2023-01-14,125.94871520996094,130.49806213378906,122.83958435058594,124.34815979003906,301481038,BITCOIN_CASH,0.012850063329395978,0.012768201803614054,0.02750562645718975,0.027022605600656533,113.96512385777065,103.60997950236002,1.0999435035615923
2023-01-15,124.9091339111328,126.73342895507812,121.97691345214844,125.9440460205078,223512411,BITCOIN_CASH,-0.008254004791514724,-0.008288257701739006,0.031132285551089767,0.023379418134324138,117.03447505405971,104.43380076090494,1.1206570497420014
2023-01-16,123.95055389404295,126.8525848388672,120.82077026367188,124.90596771240234,229264592,BITCOIN_CASH,-0.0076742187466597445,-0.007703817090026791,0.033394785865251735,0.023184108631499323,119.44014413016183,105.12917098999023,1.1361275182274024
2023-01-17,122.8044662475586,125.16626739501952,122.33356475830078,123.96053314208984,182486972,BITCOIN_CASH,-0.00924632936666081,-0.0092893420147574,0.03480342116638375,0.023176241758588564,121.6322773524693,105.81926498413085,1.1494341542696394
2023-01-18,119.09417724609376,126.68327331542967,117.69266510009766,122.80783081054688,239576877,BITCOIN_CASH,-0.030212980967527225,-0.030678799601052634,0.039486679154582455,0.02290477598471057,122.96690150669643,106.50373764038086,1.1545782733175514
2023-01-19,121.66796112060548,122.22209167480467,118.9578628540039,119.0818328857422,173405717,BITCOIN_CASH,0.02161133259431569,0.021381118660487707,0.023037814831135425,0.02256297861308484,123.24654388427734,107.16626205444337,1.1500498526454601
2023-01-20,127.90760803222656,127.90760803222656,120.56047058105467,121.66154479980467,183173886,BITCOIN_CASH,0.05128422350593942,0.050012486834273916,0.026341773392131045,0.023602162980882895,123.75465938023159,108.0851676940918,1.1449735613168348
2023-01-21,128.22267150878906,133.2876739501953,126.76421356201172,127.92733001708984,251243207,BITCOIN_CASH,0.002463211386793507,0.002460182654211633,0.026058390266333793,0.02362092866915344,124.07951028006417,108.98060048421225,1.1385467663856308
2023-01-22,128.63442993164062,132.2273406982422,127.642578125,128.22056579589844,205987418,BITCOIN_CASH,0.0032112762743625733,0.003206131138732778,0.025619599848176477,0.023633381501048566,124.61169542585101,109.87010828653972,1.134172864386967
2023-01-23,133.3980712890625,137.0502471923828,128.55967712402344,128.62730407714844,248410473,BITCOIN_CASH,0.03703239762444155,0.03636317044157923,0.027549015210315456,0.024129671823166506,125.96134076799665,110.92316335042318,1.1355729224027409
2023-01-24,128.29624938964844,136.70040893554688,127.37958526611328,133.37171936035156,216925422,BITCOIN_CASH,-0.038245094926139034,-0.03899563720795694,0.032877147126613986,0.0255746702229543,126.74588121686664,111.82131449381511,1.1334679957091456
2023-01-25,131.89364624023438,133.88150024414062,126.00745391845705,128.31671142578125,197388003,BITCOIN_CASH,0.02803976630415983,0.027653849460051387,0.02913689555434394,0.0257398890044706,128.57437678745814,112.77162297566731,1.1401305877738461
2023-01-26,134.0192108154297,134.57908630371094,130.2814178466797,131.86412048339844,226363781,BITCOIN_CASH,0.01611574655631065,0.015987266443365917,0.028998143253892907,0.025348480131357133,130.3388410295759,113.84921747843424,1.1448373903339755
2023-01-27,134.9151153564453,136.072998046875,132.42373657226562,134.01463317871094,191933573,BITCOIN_CASH,0.00668489640824288,0.0066626515695131575,0.024212862352583037,0.024519084875944303,131.33991350446428,115.04049580891927,1.141684174611157
2023-01-28,132.6318359375,135.56980895996094,131.8209991455078,134.923828125,168595111,BITCOIN_CASH,-0.016923822159680912,-0.01706866657783844,0.025967887774993967,0.02480974142300966,131.96979413713728,116.18153483072916,1.135893017159834
2023-01-29,136.7196807861328,137.99317932128906,132.1691131591797,132.6301727294922,208860844,BITCOIN_CASH,0.030820992710672623,0.030355565043368712,0.027657474723303235,0.024500498533323093,133.1248299734933,117.51731287638346,1.1328103639803897
2023-01-30,130.90599060058594,136.7164306640625,128.4717559814453,136.7164306640625,203674676,BITCOIN_CASH,-0.042522701575357535,-0.04345326742548752,0.03064734938289594,0.026462084319580748,132.76881844656808,118.64510777791341,1.1190416607408054
2023-01-31,133.396728515625,135.4885711669922,130.83201599121094,130.90956115722656,186997808,BITCOIN_CASH,0.01902692079722068,0.01884817273089084,0.026782562146729978,0.026423350869398603,133.4974583217076,119.85982971191406,1.1137798096540927
2023-02-01,136.29177856445312,136.63409423828125,130.31268310546875,133.3712158203125,182482657,BITCOIN_CASH,0.021702556584729304,0.021470408897251943,0.026023996774867823,0.026383255782657405,134.12576293945312,121.09255396525064,1.107630143616779
2023-02-02,136.686279296875,142.75672912597656,136.10418701171875,136.2833251953125,224622869,BITCOIN_CASH,0.002894530664850903,0.0028903495772138036,0.025542423857634066,0.026388283564933977,134.50677272251673,122.32711817423503,1.0995662673172253
2023-02-03,137.89990234375,139.35354614257812,136.64466857910156,136.64466857910156,172264478,BITCOIN_CASH,0.008878894451717967,0.008839708847458272,0.025610245272841958,0.026349504626698005,134.93317086356026,123.54102376302083,1.0922134749538106
2023-02-04,138.27224731445312,139.81398010253906,136.6641845703125,137.8858642578125,151670335,BITCOIN_CASH,0.0027001104741537496,0.0026964717244132613,0.024054998485236477,0.026254362634767596,135.73894391741072,124.78061370849609,1.0878207750645843
2023-02-05,134.46292114257812,138.29440307617188,133.27552795410156,138.27313232421875,160929294,BITCOIN_CASH,-0.02754946307636108,-0.02793606655821813,0.024286594854934652,0.027164545862527718,135.4165496826172,125.87516072591146,1.075800411309756
2023-02-06,131.60269165039062,134.9373321533203,131.00123596191406,134.4541778564453,117258317,BITCOIN_CASH,-0.02127151089596402,-0.021501009845553243,0.018923925823154844,0.02768551522669255,135.51607840401786,126.87797393798829,1.0680819861629525
2023-02-07,135.96920776367188,136.3541259765625,131.49749755859375,131.5977325439453,199061198,BITCOIN_CASH,0.033179534996754745,0.032640974645735794,0.02164399136219992,0.02797670791397407,135.88357543945312,127.96282501220703,1.0618988399677054
2023-02-08,131.4954376220703,136.50962829589844,130.4174346923828,135.95703125,207253748,BITCOIN_CASH,-0.03290281833058428,-0.03345629047149426,0.02358630716379498,0.028577299508823015,135.19838387625558,128.77564392089843,1.0498754248847117
2023-02-09,126.42708587646484,132.32308959960938,124.37360382080078,131.5137939453125,289805877,BITCOIN_CASH,-0.038543936103489496,-0.0393064103728122,0.026420421607052286,0.02979190572341878,133.73278481619698,129.40789566040038,1.0334205972033284
2023-02-10,124.68172454833984,129.66204833984375,124.55350494384766,126.43303680419922,224126509,BITCOIN_CASH,-0.013805280063406977,-0.013901459154331575,0.024908204537189137,0.02984178738553971,131.84447370256697,129.90555953979492,1.014925567232387
2023-02-11,124.76457977294922,125.28033447265624,123.6212921142578,124.6928482055664,189062240,BITCOIN_CASH,0.0006645338353277186,0.0006643131304903795,0.02468666028354802,0.02543918355057853,129.91480691092355,130.07403004964192,0.9987759037014721
2023-02-12,122.90042877197266,126.45134735107422,122.4636459350586,124.7678451538086,174302815,BITCOIN_CASH,-0.014941347972068697,-0.015054094376771951,0.024004963635173456,0.0246353575566991,128.26302228655135,130.02568435668945,0.9864437393361243
2023-02-13,123.85804748535156,124.5579833984375,120.56654357910156,122.89067840576172,225101293,BITCOIN_CASH,0.007791825650630191,0.007761626148542644,0.024781709700029842,0.02455998210687634,127.15664454868862,129.95599543253581,0.9784592401871877
2023-02-14,126.73186492919922,126.95184326171876,123.61554718017578,123.86532592773438,192113583,BITCOIN_CASH,0.023202508857468773,0.022937423251214565,0.02222568821933138,0.02488065495252094,125.83702414376395,130.01675313313802,0.9678523814150781
2023-02-15,134.57415771484375,134.80882263183594,125.29740142822266,126.7182159423828,226653099,BITCOIN_CASH,0.061880986206789945,0.06004185082126173,0.03183338890432243,0.027088377999424606,126.27684129987445,130.37087326049806,0.9685970350720655
2023-02-16,128.01425170898438,135.5973663330078,127.9430694580078,134.56591796875,231794695,BITCOIN_CASH,-0.04874565902734096,-0.049973806376276485,0.034367755628266744,0.02868291646757487,126.50357927594867,130.5445327758789,0.9690454022546634
2023-02-17,133.4793243408203,134.204345703125,127.86672973632812,128.0281524658203,225368493,BITCOIN_CASH,0.04269112664314689,0.041804992796522146,0.03651342169201932,0.028940574317580972,127.76037924630302,131.02403767903647,0.9750911474677014
2023-02-18,136.1602783203125,137.985107421875,133.44790649414062,133.4707489013672,206167566,BITCOIN_CASH,0.020085162947384605,0.01988611689649722,0.03643981380873342,0.028910530551039943,129.38833618164062,131.5071149190267,0.9838884858914997
2023-02-19,135.9656524658203,140.15591430664062,135.052490234375,136.16525268554688,240426539,BITCOIN_CASH,-0.001429387901472512,-0.001430410450888282,0.03506148572610949,0.02756639508973937,131.25479670933314,131.77571640014648,0.9960469219591906
2023-02-20,144.5414276123047,148.12612915039062,134.55328369140625,136.0170440673828,327748035,BITCOIN_CASH,0.06307309964654628,0.06116386430170045,0.03896101086301904,0.029605612505703323,134.20956529889787,132.31967493693034,1.014282761523321
2023-02-21,145.24305725097656,152.71278381347656,143.77142333984375,144.63735961914062,398335317,BITCOIN_CASH,0.004854176759301332,0.004842433231402916,0.03948990013653064,0.02960561965430202,136.85402134486608,132.87329584757487,1.0299588075384063
2023-02-22,141.8830108642578,145.44473266601562,137.5940399169922,145.22683715820312,250108636,BITCOIN_CASH,-0.023133955249321603,-0.023405745090203364,0.037760772635999106,0.0293660756836131,137.8981432233538,133.15612716674804,1.0356124510190017
2023-02-23,138.9110870361328,143.56863403320312,138.13699340820312,141.88668823242188,222393001,BITCOIN_CASH,-0.020946298010043662,-0.021168784033722885,0.0314965474900467,0.028679082670360203,139.454833984375,133.50995508829752,1.0445276076390393
2023-02-24,132.81246948242188,139.43423461914062,131.14381408691406,138.90097045898438,228991182,BITCOIN_CASH,-0.04390302951214109,-0.044895937510065966,0.03456872182693635,0.029543737174295853,139.3595690046038,133.54058252970378,1.0435746674506656
2023-02-25,133.2133331298828,134.9259796142578,130.3597412109375,132.82618713378906,214694693,BITCOIN_CASH,0.0030182681567711978,0.0030137223301569364,0.0334633919139621,0.02939975577635855,138.9385768345424,133.51371994018555,1.040631456428502
2023-02-26,136.25645446777344,137.22972106933594,132.5061798095703,133.2205810546875,200257985,BITCOIN_CASH,0.022843969641714423,0.02258695299240864,0.034867988793841204,0.02967046205818935,138.98011997767858,133.55843124389648,1.040594133094311
2023-02-27,135.12850952148438,137.95849609375,133.92288208007812,136.25704956054688,204642631,BITCOIN_CASH,-0.008278102866355108,-0.00831255663285315,0.0222694974186095,0.029536174120195574,137.63541739327567,133.64165369669595,1.0298841235955047
2023-02-28,131.9375,135.1755828857422,131.12203979492188,135.13832092285156,190165456,BITCOIN_CASH,-0.02361462827336991,-0.02389792242047079,0.02180320976628313,0.02931291905679611,135.734623500279,133.48224767049155,1.016873972899734
2023-03-01,134.23985290527344,135.51455688476562,131.84999084472656,131.9423828125,183285053,BITCOIN_CASH,0.01745032993101603,0.01729982135047018,0.02409860847796847,0.02837582789819108,134.64274379185267,133.59337641398113,1.0078549356715092
2023-03-02,131.7173309326172,134.6017303466797,130.39126586914062,134.2328643798828,188615409,BITCOIN_CASH,-0.018791155666985637,-0.018969952846117008,0.023910587081349605,0.02838818210025512,133.6150643484933,133.53739649454752,1.000581618752384
2023-03-03,126.12358856201172,131.8066864013672,122.92595672607422,131.73609924316406,209408774,BITCOIN_CASH,-0.042467778013715374,-0.04339590628856175,0.023524190447602115,0.029123968868332833,132.65950993129186,133.19845682779948,0.9959538052516301
2023-03-04,124.41452026367188,126.89268493652344,122.96395111083984,126.10914611816406,155554695,BITCOIN_CASH,-0.01355074271058776,-0.013643391953994888,0.023136599341199087,0.029173188843303197,131.4025366646903,132.78939819335938,0.9895559318173156
2023-03-05,124.03861236572266,126.19230651855467,123.68211364746094,124.40021514892578,154233890,BITCOIN_CASH,-0.0030214150016618646,-0.003025988690967006,0.018783958423375647,0.029085535651763018,129.6571306501116,132.3273551940918,0.9798210691956805
2023-03-06,124.19681549072266,124.7051773071289,122.55391693115234,124.0417022705078,168642334,BITCOIN_CASH,0.0012754344956193986,0.0012746218199793924,0.01955229773896965,0.029076194705945527,128.0954600742885,131.8581741333008,0.9714639302133183
2023-03-07,122.15843963623048,125.57074737548828,120.778076171875,124.18941497802734,157880549,BITCOIN_CASH,-0.0164124647354138,-0.01654864128588499,0.018999653096361663,0.028820455175784087,126.69845145089286,131.44802474975586,0.9638672904525952
2023-03-08,116.58035278320312,122.50511169433594,116.05658721923828,122.15850830078124,179237916,BITCOIN_CASH,-0.04566272186873099,-0.04673812899664864,0.018512361587703603,0.02972715171637499,124.17566571916852,130.9472801208496,0.9482874757273947
2023-03-09,110.1605987548828,118.17166900634766,107.98392486572266,116.5932388305664,188052799,BITCOIN_CASH,-0.0550672036501616,-0.05664146899089991,0.023035383527649552,0.03039003454056523,121.09613255092076,130.08699315388998,0.930885783543838
2023-03-10,111.6947250366211,111.90625,105.84867095947266,110.16297149658205,214896350,BITCOIN_CASH,0.013926270364160498,0.013830190852944074,0.025645404585574075,0.030197077759205333,119.03486633300781,129.42696940104167,0.9197068190955399
2023-03-11,114.32966613769533,115.2705535888672,109.07720184326172,111.68985748291016,221368661,BITCOIN_CASH,0.02359055989627379,0.023316602807153454,0.029976261715411703,0.02993863832709534,117.59417288643974,129.02372207641602,0.9114151335425978
2023-03-12,121.01817321777344,121.34819793701172,113.07484436035156,114.30207061767578,189202752,BITCOIN_CASH,0.05850193835100215,0.05685464281548225,0.039893109013625784,0.03180766580531852,117.16268157958984,128.90160369873047,0.9089311398593853
2023-03-13,127.04195404052734,128.4029541015625,120.0975570678711,121.0107879638672,240270537,BITCOIN_CASH,0.04977583665813601,0.04857665248042015,0.04457270840161505,0.033071548210841586,117.56912994384766,128.9775161743164,0.9115474807636238
2023-03-14,131.37879943847656,135.9808349609375,126.3232879638672,127.02955627441406,261083217,BITCOIN_CASH,0.034137111875386816,0.033567370656297946,0.0448890237463873,0.033466812822875024,118.88632420131138,129.26012852986653,0.9197447469181635
2023-03-15,123.4795913696289,133.86590576171875,122.70620727539062,131.39955139160156,217563688,BITCOIN_CASH,-0.06012543958849903,-0.062008858993590266,0.04836486542544691,0.035435071623325445,119.87192971365792,129.2475133260091,0.9274602398832806
2023-03-16,126.14076232910156,126.84265899658205,122.98088836669922,123.5221176147461,189331326,BITCOIN_CASH,0.021551504422351098,0.021322554388567953,0.039013429744849525,0.03540007514207821,122.1548102242606,129.22780990600586,0.9452672014879009
2023-03-17,135.60182189941406,135.72415161132812,125.45475006103516,126.14303588867188,204223180,BITCOIN_CASH,0.07500398281745424,0.07232436651923188,0.04362559054279972,0.03618267059585476,125.57010977608817,129.26206537882487,0.9714382128127321
2023-03-18,131.30953979492188,137.94009399414062,131.1678009033203,135.59963989257812,192852739,BITCOIN_CASH,-0.031653572528517304,-0.03216537610989597,0.049235653387222196,0.03546927320969704,127.99580601283482,129.37190831502278,0.9893632062778488
2023-03-19,136.12599182128906,137.09495544433594,131.29185485839844,131.29185485839844,198906416,BITCOIN_CASH,0.03668013789317581,0.03602343219086164,0.047209274451833844,0.03525411355850419,130.15406581333704,129.46013056437175,1.0053602236143293
2023-03-20,130.60391235351562,138.40077209472656,130.37515258789062,136.1090545654297,213053042,BITCOIN_CASH,-0.040565944783146346,-0.04141169417470125,0.04932093556361105,0.035871986195915084,130.66291700090682,129.27491836547853,1.0107367976168757
2023-03-21,134.4617462158203,134.47369384765625,126.68700408935548,130.6146697998047,211002763,BITCOIN_CASH,0.029538424942909813,0.029110570677395788,0.04890187195736956,0.036301562440468046,131.10333796909876,129.22478815714518,1.0145370701607894
2023-03-22,126.23603057861328,134.45660400390625,124.2077865600586,134.45660400390625,216060192,BITCOIN_CASH,-0.06117513619081072,-0.06312633068492328,0.049151840875310875,0.036128658146574344,131.4971149989537,128.61460825602214,1.0224119700088312
2023-03-23,128.81271362304688,131.03955078125,125.1238784790039,126.23396301269533,195367902,BITCOIN_CASH,0.020411629172932377,0.020206103901224782,0.04908482526760064,0.036373912323282874,131.87882232666016,128.06693013509116,1.0297648439573592
2023-03-24,123.89299011230467,131.52862548828125,122.70757293701172,128.8096923828125,206632553,BITCOIN_CASH,-0.038192841159600976,-0.03894130699680214,0.04008181167730408,0.03676814563584397,130.2061320713588,127.4672627766927,1.0214868448180634
2023-03-25,125.15267944335938,127.41072082519533,123.6475830078125,123.90516662597656,154714176,BITCOIN_CASH,0.010167559358385203,0.010116217448062882,0.03988016726598954,0.03672327986854749,129.32658059256417,127.00864919026692,1.0182501854564632
2023-03-26,124.87345886230467,126.98897552490234,123.92925262451172,125.14630889892578,143248028,BITCOIN_CASH,-0.002231039577391347,-0.0022335320540887945,0.03539271105806193,0.0358804039516165,127.71907588413784,126.74401550292968,1.0076931473043444
2023-03-27,120.26806640625,124.97805786132812,117.6333999633789,124.8816909790039,171497739,BITCOIN_CASH,-0.03688047482638357,-0.03757775736402607,0.03489373279834017,0.036443619592515596,126.24252646309989,126.31250661214193,0.9994459760880455
2023-03-28,121.0765380859375,122.0781478881836,119.35499572753906,120.27671813964844,155374918,BITCOIN_CASH,0.006722247258524883,0.006699753702982561,0.03136675052650323,0.03616724202836848,124.33035387311664,125.80650939941407,0.9882664614625711
2023-03-29,123.31118774414062,124.57280731201172,120.7744140625,121.057861328125,177348230,BITCOIN_CASH,0.01845650440233948,0.0182882502277391,0.02498321925421404,0.036381717867955986,123.91251918247768,125.4125986735026,0.9880388453242229
2023-03-30,121.12210845947266,125.03609466552734,119.40419006347656,123.30099487304688,160162686,BITCOIN_CASH,-0.01775247911170974,-0.017911944457885316,0.023074670320245873,0.03627971106319914,122.81386130196708,125.0520856221517,0.9821016634064987
2023-03-31,124.0087890625,124.45124053955078,120.6257095336914,121.13058471679688,115946660,BITCOIN_CASH,0.023832813346320147,0.023553245071125654,0.02150282767746847,0.036417185358175154,122.83040400913784,124.71105016072592,0.9849199718135295
2023-04-01,125.5730438232422,127.22975158691406,123.76513671875,123.99665832519533,115075829,BITCOIN_CASH,0.012614063668937359,0.012535169128899301,0.02170844927377201,0.036384357163102274,122.8904560634068,124.50624059041341,0.9870224615300848
2023-04-02,123.0359878540039,126.4445343017578,121.71800231933594,126.27365112304688,111112400,BITCOIN_CASH,-0.0202038263308284,-0.02041071500148355,0.023127770151751215,0.03570946217412717,122.62796020507812,124.40332056681315,0.9857289953865698
2023-04-03,127.8363037109375,129.1506805419922,120.54287719726562,123.03254699707033,185604852,BITCOIN_CASH,0.03901554285588138,0.038273671443005974,0.02145340679099167,0.036319689898234135,123.70913696289062,124.51738001505534,0.9935089940692056
2023-04-04,127.13724517822266,128.1963653564453,126.11027526855467,127.82356262207033,120449269,BITCOIN_CASH,-0.005468388184122985,-0.005483394550884504,0.02212803307819493,0.03633162912447255,124.57495226178851,124.620667775472,0.9996331626647528
2023-04-05,127.248291015625,129.70375061035156,125.85992431640624,127.13910675048828,120721406,BITCOIN_CASH,0.0008734327792510044,0.0008730515588052087,0.021617555184682145,0.03633153077097257,125.13739558628627,124.72238362630209,1.0033274857961956
2023-04-06,126.07366180419922,127.41560363769533,125.36700439453124,127.26790618896484,99703664,BITCOIN_CASH,-0.009231001862976318,-0.009273871584944644,0.020334092838303276,0.03623583429360969,125.84476034981864,124.85289103190104,1.0079443039702154
2023-04-07,124.68407440185548,126.43966674804688,123.52352142333984,126.05229949951172,96333613,BITCOIN_CASH,-0.01102202777691863,-0.011083220384937737,0.019468182506850226,0.03518378158358722,125.94122968401227,125.12301508585612,1.0065392813432021
2023-04-08,123.81997680664062,125.1849365234375,123.186767578125,124.66111755371094,78481532,BITCOIN_CASH,-0.006930296426068683,-0.006954422462013048,0.018891229922602136,0.033442830703136556,125.69079153878349,125.57832768758138,1.000895567358421
2023-04-09,125.55250549316406,126.25458526611328,123.63601684570312,123.83234405517578,80526038,BITCOIN_CASH,0.013992319585304003,0.013895330766838257,0.01773615233956362,0.03344350002474589,126.05029405866351,126.04025370279948,1.0000796599147421
2023-04-10,127.98754119873048,128.42662048339844,124.3585205078125,125.54425811767578,104181884,BITCOIN_CASH,0.019394560833347896,0.01920888325462348,0.011901666538073761,0.03336958437345899,126.0718994140625,126.49551620483399,0.99665113196514
2023-04-11,129.1404571533203,130.25860595703125,127.65845489501952,127.99317169189452,112965138,BITCOIN_CASH,0.009008032686553813,0.00896770237700186,0.01201065358135324,0.03185318456919753,126.35807255336216,126.76625900268554,0.9967800071364831
2023-04-12,128.86749267578125,129.7500762939453,126.0364227294922,129.14480590820312,106621583,BITCOIN_CASH,-0.0021137022708149766,-0.0021159392922805746,0.012119711286648507,0.03062723382559353,126.58938707624164,126.82711029052734,0.9981256119946189
2023-04-13,131.23565673828125,131.74497985839844,128.26513671875,128.84646606445312,116155822,BITCOIN_CASH,0.018376737323958725,0.018209925623851618,0.012380911714115431,0.030180134315296897,127.32681492396763,126.8223388671875,1.0039778170098916
2023-04-14,132.49490356445312,134.2668914794922,129.3147430419922,131.23464965820312,133266699,BITCOIN_CASH,0.009595310127362255,0.009549567516053082,0.009922221954469578,0.027851195709460062,128.44264766148157,127.12284927368164,1.010382070535239
2023-04-15,132.8057861328125,133.42129516601562,131.06040954589844,132.4980010986328,108023622,BITCOIN_CASH,0.0023463737849218624,0.0023436253483526703,0.007895822713909458,0.027619944950326186,129.72633470807756,127.34501673380534,1.0186997342758217
2023-04-16,134.45375061035156,135.97410583496094,131.73904418945312,132.79678344726562,114434126,BITCOIN_CASH,0.012408830409625482,0.012332471904473154,0.0077889705872446315,0.024304261955423737,130.99794115339006,127.30674769083659,1.0289944840278027
2023-04-17,131.61575317382812,134.5218048095703,130.90411376953125,134.45957946777344,117754450,BITCOIN_CASH,-0.02110761078542156,-0.021333561579404595,0.012966399966067155,0.023891244734001334,131.5162571498326,127.3169548034668,1.0329830567566438
2023-04-18,133.6016845703125,134.13430786132812,130.82798767089844,131.6226806640625,112024509,BITCOIN_CASH,0.015088857895767971,0.014976153386829415,0.013536894125658812,0.02309504742233962,132.15357535226005,127.23281122843424,1.0386752762618052
2023-04-19,125.0929183959961,133.78382873535156,123.9428482055664,133.58773803710938,157215946,BITCOIN_CASH,-0.06368756652793828,-0.0658060617576737,0.030177177667513655,0.024936669793549127,131.61435045514787,127.04911142985026,1.0359328685885245
2023-04-20,123.1105728149414,126.64337158203124,121.83165740966795,125.08243560791016,134532218,BITCOIN_CASH,-0.01584698483713798,-0.01597389080496451,0.02866547396288889,0.02438462906275115,130.45362418038505,126.6707389831543,1.029863923014879
2023-04-21,119.75077056884766,124.77409362792967,118.7155532836914,123.11222076416016,110461167,BITCOIN_CASH,-0.027290931796281837,-0.027670246436393584,0.02806881652373839,0.022121118497136924,128.6330337524414,126.45456364949544,1.0172272952440389
2023-04-22,122.23889923095705,122.72952270507812,119.31961822509766,119.77680206298828,94924148,BITCOIN_CASH,0.020777558676993158,0.020564649312065798,0.03061487909831147,0.022133487787910397,127.12347848074776,126.23543650309244,1.007034807358816
2023-04-23,119.92919158935548,122.68909454345705,118.7131805419922,122.22671508789062,91823882,BITCOIN_CASH,-0.01889502978293045,-0.019075821861838788,0.028724189089076698,0.021262341128034355,125.04854147774833,126.1033098856608,0.9916356802302109
2023-04-24,119.3284683227539,121.4790496826172,118.9468765258789,119.93231964111328,98481284,BITCOIN_CASH,-0.005008982872647838,-0.0050215698770084295,0.028911786907214358,0.021166785823850388,123.293215070452,125.90916951497395,0.9792234794765219
2023-04-25,120.19910430908205,120.27501678466795,116.95551300048828,119.3241195678711,104909569,BITCOIN_CASH,0.007296129738071366,0.007269641745348937,0.027747761020498404,0.02122782152064211,121.37856074741909,125.7533576965332,0.9652112911396662
2023-04-26,117.64835357666016,123.26006317138672,113.56391143798828,120.19685363769533,143569349,BITCOIN_CASH,-0.021221046089185847,-0.02144944957489432,0.017358648619122036,0.02046724310663936,120.31505148751395,125.66603393554688,0.9574190234190298
2023-04-27,117.19754791259766,120.1869125366211,116.81465911865234,117.6396255493164,136186814,BITCOIN_CASH,-0.0038318059739675947,-0.0038391661503399087,0.01712309230151606,0.020425651654322155,119.47033364432198,125.53673426310222,0.9516762909725996
2023-04-28,118.1279525756836,119.5025634765625,116.3344955444336,117.19674682617188,117268285,BITCOIN_CASH,0.007938772437285246,0.007907426174652045,0.01514158661936112,0.020172489556514617,119.2385025024414,125.36395975748698,0.9511386105951416
2023-04-29,119.74381256103516,120.17665100097656,117.8440399169922,118.13495635986328,86265849,BITCOIN_CASH,0.013678896062439438,0.013586184468422578,0.013559276374291005,0.020104726445026058,118.88206154959542,125.3180165608724,0.9486430188739003
2023-04-30,118.2165756225586,120.86781311035156,118.13014221191406,119.7508773803711,92003173,BITCOIN_CASH,-0.012754203376463491,-0.012836236486091643,0.012484717659540935,0.019704638222298364,118.6374021257673,125.12494277954102,0.9481514995359144
2023-05-01,116.97727966308594,118.34700775146484,115.5680694580078,118.20101928710938,97056942,BITCOIN_CASH,-0.010483267282495823,-0.010538603807097896,0.012871381008646297,0.01958404913034467,118.30151803152901,124.8384173075358,0.9476371183086747
2023-05-02,119.24887084960938,119.6126937866211,116.5766143798828,116.9762191772461,101423192,BITCOIN_CASH,0.01941908029547279,0.019232935930779307,0.015048076421760013,0.019661654289727087,118.16577039446149,124.712180074056,0.9475078562839079
2023-05-03,120.1817855834961,120.66403198242188,116.2837371826172,119.24288940429688,102663343,BITCOIN_CASH,0.007823258427857693,0.00779281541426936,0.012271039579849433,0.018300360603552758,118.52768925258091,124.45702946980795,0.9523583340974289
2023-05-04,117.41165924072266,120.20890045166016,116.8066177368164,120.19017791748048,83667384,BITCOIN_CASH,-0.023049469013329826,-0.023319261807080893,0.015794982131356033,0.01870081196928945,118.5582765851702,124.13284327189128,0.9550919278106684
2023-05-05,120.1935577392578,120.78536224365234,117.38033294677734,117.41212463378906,93400228,BITCOIN_CASH,0.023693545568856722,0.023417209921129365,0.017982741395827465,0.019291018632242692,118.85336303710938,123.89768549601237,0.9592863866769703
2023-05-06,117.20550537109376,120.59375,116.11336517333984,120.18638610839844,90952873,BITCOIN_CASH,-0.024860337145907407,-0.025174574289809792,0.01986117500340221,0.019714359957133908,118.4907477242606,123.60208028157552,0.9586468727251929
2023-05-07,116.38961791992188,117.79627227783205,116.38961791992188,117.19335174560548,71934748,BITCOIN_CASH,-0.006961170028563446,-0.006985512004176323,0.01950107643950179,0.019666485294853965,118.22975376674107,123.3255983988444,0.9586797493929607
2023-05-08,111.40475463867188,116.8814697265625,109.02898406982422,116.37496948242188,119230714,BITCOIN_CASH,-0.04282910598331613,-0.04377333083116581,0.025103476947754385,0.02106633832135365,117.43367876325335,122.91175765991211,0.9554307984772604
2023-05-09,121.97784423828124,123.12947845458984,110.50508880615234,111.39715576171876,276567847,BITCOIN_CASH,0.09490698699442346,0.09066941627648241,0.04453340907931428,0.02706448570670402,117.82353210449219,122.79260228474935,0.9595328212954217
2023-05-10,116.04965209960938,123.0340347290039,113.63188934326172,121.98238372802734,206713571,BITCOIN_CASH,-0.04860056492793274,-0.049821288770061124,0.04868101131703539,0.028200952945982453,117.2332273210798,122.39467264811198,0.9578294935934714
2023-05-11,113.51126861572266,116.03923034667967,111.41511535644533,116.03923034667967,139247989,BITCOIN_CASH,-0.021873253714780105,-0.022116019915690795,0.04860760705661314,0.02830688169049483,116.67602866036552,121.87369969685872,0.9573519877592821
2023-05-12,114.97211456298828,115.3658676147461,113.03427124023438,113.5074462890625,108355859,BITCOIN_CASH,0.012869611670107695,0.012787501947610856,0.047736438602686025,0.028476798996520784,115.93010820661273,121.41052042643229,0.9548604832549057
2023-05-13,113.11613464355467,114.9762191772461,112.79267120361328,114.9762191772461,77921601,BITCOIN_CASH,-0.016142870177592417,-0.016274585741357823,0.0472675549585707,0.028252698904205918,115.34591238839286,120.80653635660808,0.954798605001835
2023-05-14,115.3438491821289,115.7791519165039,113.0832061767578,113.10901641845705,84333105,BITCOIN_CASH,0.019694047587411667,0.01950262895550226,0.048141153605433314,0.02848634225798278,115.19651685442243,120.23483454386393,0.958096023431517
2023-05-15,116.27071380615234,120.51783752441406,114.79011535644533,115.34205627441406,143879936,BITCOIN_CASH,0.00803566579922177,0.008003551760545773,0.04435447901846285,0.02855272396239838,115.89165387834821,119.6836654663086,0.9683163815781707
2023-05-16,116.86369323730467,117.41980743408205,114.4301986694336,116.28119659423828,88554667,BITCOIN_CASH,0.005099989599624877,0.005087028700954701,0.02452167695770375,0.02843643525283865,115.1610608782087,119.09733022054037,0.9669491386998967
2023-05-17,118.00822448730467,118.49752044677734,115.56668090820312,116.85653686523438,97673648,BITCOIN_CASH,0.009793728216991315,0.009746080507358878,0.015506771271877887,0.0283746351885986,115.44085693359375,118.64374593098958,0.9730041480714978
2023-05-18,115.42849731445312,118.0111312866211,113.2307357788086,118.0111312866211,86139584,BITCOIN_CASH,-0.02186057102426009,-0.02210305369393572,0.01550335636714721,0.0283434229552731,115.7147467476981,118.03797302246093,0.9803179755186007
2023-05-19,115.52147674560548,115.9881820678711,114.83465576171876,115.4210433959961,64504684,BITCOIN_CASH,0.0008055153910482282,0.0008051911376413434,0.014810371750561593,0.025910147741994925,115.79322705950055,117.71892496744792,0.9836415605351487
2023-05-20,116.541748046875,116.91334533691406,114.72563934326172,115.520263671875,61950575,BITCOIN_CASH,0.008831875509315967,0.008793102621124437,0.012939785331958262,0.025865617137920127,116.28260040283203,117.49996414184571,0.9896394543785215
2023-05-21,114.65476989746094,117.0296401977539,114.11856079101562,116.5412368774414,67675864,BITCOIN_CASH,-0.01619143509547405,-0.016323948718027732,0.012992143935393365,0.025555813744677337,116.18416050502232,117.33009745279948,0.990233222569016
2023-05-22,114.77024841308594,115.14219665527344,113.2919464111328,114.65548706054688,80933304,BITCOIN_CASH,0.0010071845744252794,0.0010066777043543935,0.01245497818963686,0.025222148003967385,115.96980830601284,117.08114242553711,0.9905080007206876
2023-05-23,115.6506805419922,117.16720581054688,114.74903869628906,114.77698516845705,71203726,BITCOIN_CASH,0.007671257499917372,0.007641983023481608,0.01272680986116225,0.02507338124006978,115.79652077811105,116.938525390625,0.9902341456017238
2023-05-24,112.18870544433594,115.69325256347656,111.44461822509766,115.65226745605467,80839475,BITCOIN_CASH,-0.02993475768090481,-0.03039194962379064,0.015549416850873589,0.025628052937001777,114.9651609148298,116.70053329467774,0.985129696233127
2023-05-25,111.94451904296876,112.25404357910156,110.38585662841795,112.18096160888672,75859761,BITCOIN_CASH,-0.0021765684914542005,-0.002178940659402265,0.014130848569526273,0.025567474216687296,114.46744973318917,116.42538045247396,0.983182956227624
2023-05-26,113.27008819580078,113.69449615478516,111.6744384765625,111.9407730102539,69641876,BITCOIN_CASH,0.011841304640588968,0.01177174497248033,0.015356102083833213,0.02543175722185304,114.14582279750279,116.27943827311198,0.9816509650605824
2023-05-27,113.9607162475586,114.05895233154295,112.58280181884766,113.26864624023438,55854303,BITCOIN_CASH,0.006097179429788824,0.006078666842888261,0.01504534398080853,0.025461574688509785,113.77710396902901,116.17154388427734,0.9793887570467901
2023-05-28,116.52263641357422,116.68238830566406,113.84386444091795,113.95691680908205,73381272,BITCOIN_CASH,0.022480730644499625,0.022231763421791503,0.01643320267273576,0.025765582325653694,114.04394204275948,116.11803334554037,0.9821380775834458
2023-05-29,114.9809112548828,117.12191772460938,114.8222885131836,116.53467559814452,82696686,BITCOIN_CASH,-0.01323112148972816,-0.013319432612798774,0.017481040336042256,0.02572818207115164,114.07403673444476,115.95926996866862,0.9837422809342173
2023-05-30,114.1355972290039,115.66507720947266,114.13395690917967,114.98673248291016,69575018,BITCOIN_CASH,-0.007351777061542442,-0.007378934560308528,0.01734554258740582,0.025663401479381287,113.85759626116071,115.82323735555013,0.9830289574072656
2023-05-31,113.2657241821289,114.27890014648438,112.24971771240234,114.12879180908205,71106387,BITCOIN_CASH,-0.007621400053917204,-0.007650591336856347,0.01259543678586089,0.025632448717646753,114.01145608084542,115.69951883951823,0.9854099414102642
2023-06-01,113.36608123779295,113.53516387939452,111.8989715576172,113.26417541503906,64956487,BITCOIN_CASH,0.0008860319958992058,0.0008856397012569624,0.01250466184432484,0.025348515476890304,114.21453639439174,115.50342585245768,0.9888411148972123
2023-06-02,114.82804107666016,115.18627166748048,113.05077362060548,113.36264038085938,72689135,BITCOIN_CASH,0.012895919334114048,0.012813475006787938,0.012648449837958648,0.025429700228442147,114.43710109165737,115.32496770222981,0.9923011761610467
2023-06-03,114.92384338378906,115.26109313964844,114.40544128417967,114.83375549316406,53934925,BITCOIN_CASH,0.0008343110814277299,0.0008339632373974074,0.012517891543936463,0.025095856680203307,114.57469068254743,115.24204050699869,0.9942091460588921
2023-06-04,115.72877502441406,116.8987274169922,114.31421661376952,114.9229507446289,68360725,BITCOIN_CASH,0.0070040438687464235,0.006979629486799468,0.009111269554558819,0.024727572647320055,114.46128191266742,115.09321441650391,0.9945093852227497
2023-06-05,108.79646301269533,115.73091888427734,107.725341796875,115.73091888427734,99469541,BITCOIN_CASH,-0.05990136861170703,-0.06177048221371871,0.024853851291390505,0.026766532221894675,113.57778930664062,114.81291300455729,0.9892422928258284
2023-06-06,114.7855453491211,114.7855453491211,107.83457946777344,108.7966766357422,112721019,BITCOIN_CASH,0.055048502226831664,0.05358673954599478,0.03404760545374823,0.0286344691619039,113.67063903808594,114.75944391886394,0.9905122851453707
2023-06-07,111.18528747558594,116.5185546875,110.32062530517578,114.7878646850586,94236952,BITCOIN_CASH,-0.031365080529825784,-0.03186749817598585,0.036212226397775854,0.028090847070142075,113.37343379429409,114.75212834676107,0.9879854555002169
2023-06-08,111.77751159667967,112.37896728515624,110.57411193847656,111.17951965332033,65358199,BITCOIN_CASH,0.005326461212089573,0.005312325789869552,0.036322711125811376,0.022312027348695876,113.14649527413505,114.41211725870768,0.9889380424478046
2023-06-09,110.77734375,111.91803741455078,109.85965728759766,111.77901458740234,64126457,BITCOIN_CASH,-0.008947844985926379,-0.008988117364866313,0.035769709617317014,0.020525632109972308,112.5678242274693,114.23637364705404,0.9853938866727343
2023-06-10,103.61753845214844,110.89964294433594,95.77547454833984,110.77982330322266,161603092,BITCOIN_CASH,-0.0646323973429952,-0.06681566903784432,0.04241174632649234,0.02347985372219173,110.95263780866351,113.90658264160156,0.9740669523706772
2023-06-11,102.82831573486328,103.62835693359376,101.95978546142578,103.61819458007812,71123670,BITCOIN_CASH,-0.007616690466446752,-0.007645845591335972,0.04151096952648012,0.023300580958327374,109.10971505301339,113.50178934733073,0.9613039202326846
2023-06-12,102.72838592529295,103.96629333496094,101.3389129638672,102.8225326538086,65344006,BITCOIN_CASH,-0.0009718121789331624,-0.000972284694544479,0.036627174178839886,0.02318348960996774,108.2428468976702,113.15553105672201,0.9565846749763456
2023-06-13,105.27336883544922,106.32384490966795,102.32183837890624,102.73148345947266,77407090,BITCOIN_CASH,0.024773901460956038,0.024472004317625133,0.02937726697270564,0.023368389358198686,106.88396453857422,112.81984837849934,0.9473861742837056
2023-06-14,101.79300689697266,106.15538024902344,100.99095916748048,105.27320861816406,70788287,BITCOIN_CASH,-0.03306023144292691,-0.03361907237974249,0.029577913322130524,0.023918902063034056,105.54221017020089,112.33725814819336,0.9395120720408846
2023-06-15,104.71800994873048,104.9529037475586,101.77647399902344,101.79540252685548,77778724,BITCOIN_CASH,0.02873481333269101,0.028329710647631165,0.03298533622205352,0.02460448757569591,104.53370993477958,111.93240203857422,0.933900354418867
2023-06-16,108.06197357177734,108.714111328125,103.0882797241211,104.71918487548828,69319354,BITCOIN_CASH,0.03193303257657454,0.03143377403969257,0.036413201660291716,0.02532010513192436,104.1457999093192,111.60086034138997,0.9331988982050358
2023-06-17,106.69098663330078,108.23835754394533,106.27552032470705,108.06572723388672,64072141,BITCOIN_CASH,-0.012687043306366386,-0.0127682110905341,0.024563354916529917,0.02513309176795223,104.5848639351981,111.30960998535156,0.9395852159482148
2023-06-18,107.03558349609376,108.54192352294922,106.0364227294922,106.68592071533205,68252712,BITCOIN_CASH,0.003229859181801187,0.003224654390784147,0.024029233313602842,0.025148351669488294,105.18590218680245,111.02674687703451,0.9473924540300098
2023-06-19,106.7096939086914,107.19145965576172,105.04447174072266,107.0440902709961,63266436,BITCOIN_CASH,-0.0030446845502949405,-0.0030493290320173323,0.024138345790579704,0.025057051101905998,105.75466047014508,110.69901173909506,0.9553351814865046
2023-06-20,109.89054870605467,110.29856872558594,105.38333892822266,106.71080017089844,77606253,BITCOIN_CASH,0.029808489565015917,0.029372852492811838,0.02484341142709607,0.025598364722010648,106.4142575945173,110.54020436604817,0.962674695644057
2023-06-21,136.005615234375,138.78076171875,109.88082122802734,109.89236450195312,555415604,BITCOIN_CASH,0.2376461564331187,0.21321131469529994,0.07778306684015676,0.04681601726903866,111.30177307128906,111.24804992675782,1.0004829131348065
2023-06-22,133.963623046875,146.69943237304688,130.27850341796875,135.9871826171875,382972945,BITCOIN_CASH,-0.015014028530962342,-0.015127880074882288,0.08067986680029138,0.04696708875934495,115.47971779959542,111.85848134358724,1.0323733740393373
2023-06-23,181.7744598388672,190.91835021972656,133.7311248779297,133.96011352539062,1124083040,BITCOIN_CASH,0.3568941754827186,0.30519839364284673,0.12989849401500986,0.0717156798581436,126.01007298060826,114.17800649007161,1.1036282455287525
2023-06-24,213.7257537841797,215.22506713867188,180.18533325195312,181.7718048095703,1519570120,BITCOIN_CASH,0.17577438532143352,0.16192698185455207,0.12713605642021586,0.07638136344913037,141.3007540021624,117.57071431477864,1.2018363146442232
2023-06-25,195.3999938964844,216.93995666503903,187.7025146484375,213.628662109375,1050435537,BITCOIN_CASH,-0.08574427537731666,-0.08964496042159815,0.14271765611942538,0.07902780269099846,153.92424120221818,120.30837783813476,1.2794141519330504
2023-06-26,223.4814453125,228.25341796875,189.3214263916016,195.31451416015625,1431075211,BITCOIN_CASH,0.14371265247271237,0.1342796834986838,0.13779293674557294,0.08176972271683357,170.60591997419084,123.95906880696614,1.3763084993794603
2023-06-27,230.1822509765625,236.6352386474609,217.84918212890625,223.49639892578125,1194486314,BITCOIN_CASH,0.02998372260700477,0.02954299882250091,0.13777726286813136,0.08177994708759286,187.79044886997767,127.74772262573242,1.470010149771161
2023-06-28,225.38499450683597,235.0438537597656,222.49575805664065,230.12522888183597,1022829188,BITCOIN_CASH,-0.020841122412235902,-0.021061364033457566,0.1357266307338127,0.08190961831977706,200.5589316231864,131.42785873413087,1.5260001460489647
2023-06-29,253.4472198486328,253.5072326660156,224.6776123046875,225.3638610839844,1081990101,BITCOIN_CASH,0.12450795760915545,0.11734556896769954,0.13066883928196743,0.08349417441696504,217.62801688058036,136.0715794881185,1.5993642294685293
2023-06-30,305.0069580078125,326.1219177246094,253.13870239257807,253.4526824951172,3266168960,BITCOIN_CASH,0.2034338281160586,0.18517899385946227,0.10279197090067492,0.08806439015145746,235.23265947614397,142.46295394897462,1.6511847673774636
2023-07-01,290.7802734375,307.9686279296875,283.6842956542969,305.0053100585937,1228271488,BITCOIN_CASH,-0.046643803352014346,-0.04776668162603692,0.10342919080484629,0.08911823418317791,246.24044799804688,148.37676035563152,1.6595620999397365
2023-07-02,298.8141174316406,304.4624328613281,270.1523742675781,290.8076477050781,1444350172,BITCOIN_CASH,0.02762857293986065,0.027253791374869645,0.08627191236682683,0.08905336717188432,261.0138942173549,154.5096295674642,1.6893050287418319
2023-07-03,288.7218322753906,300.9984130859375,281.6044006347656,298.8041687011719,779631399,BITCOIN_CASH,-0.03377445899475884,-0.034357992720177505,0.08583931035119638,0.08970581495698453,270.33394949776783,160.30289586385092,1.6863946720424123
2023-07-04,272.4275817871094,291.171630859375,272.1070251464844,289.1444396972656,576532823,BITCOIN_CASH,-0.056435810066276404,-0.05809088264170534,0.09312014282083432,0.09107551459271192,276.3689967564174,165.52618942260742,1.6696390928858729
2023-07-05,271.9447021484375,277.7300109863281,250.22689819335935,272.4911499023437,968548029,BITCOIN_CASH,-0.0017725064235574184,-0.001774079171813892,0.09183865982701345,0.08967200998957542,283.0203835623605,170.9644640604655,1.655433982247117
2023-07-06,277.2987365722656,300.8526916503906,268.8232727050781,271.8865661621094,1458427854,BITCOIN_CASH,0.01968795266658918,0.019496651732184858,0.08276309411466999,0.08958580849550846,286.427743094308,176.3815704345703,1.6239096997980293
2023-07-07,278.4218139648437,287.8769226074219,274.88885498046875,277.3536682128906,737064205,BITCOIN_CASH,0.004050063142950533,0.00404188371458282,0.03364252104356012,0.08897678289807014,282.62986537388394,181.95612131754558,1.5532858324708125
2023-07-08,271.9184875488281,282.1136779785156,262.94415283203125,278.3890991210937,470898805,BITCOIN_CASH,-0.02335781928651881,-0.0236349368952432,0.030587208338171207,0.08941632229530092,279.9353245326451,187.29415384928384,1.494629270478511
2023-07-09,265.5489807128906,277.9119873046875,263.9962158203125,271.92633056640625,400133279,BITCOIN_CASH,-0.023424324301574928,-0.023703034793143837,0.026093333127370194,0.08967547011697898,275.1831621442522,192.45320841471354,1.429870483381423
2023-07-10,274.58551025390625,286.04412841796875,261.56915283203125,265.5678405761719,756800670,BITCOIN_CASH,0.034029614863352986,0.03346341674316238,0.03069847669147362,0.08782515904918324,273.1636875697545,198.15214080810546,1.3785553184322732
2023-07-11,274.0305480957031,276.858642578125,271.44122314453125,274.5970458984375,334511106,BITCOIN_CASH,-0.002021090470833542,-0.0020231356302786497,0.020972299415310248,0.0877425247493623,273.39268275669644,203.85888188680013,1.3410879144746188
2023-07-12,282.50115966796875,289.4921264648437,273.26611328125,274.0299987792969,644274214,BITCOIN_CASH,0.030911194504151807,0.030443066023463115,0.023665643900212478,0.08751430664817451,274.9007481166295,209.85130767822267,1.3099787233070328
2023-07-13,274.3050231933594,287.49932861328125,270.3282775878906,282.4942626953125,872446208,BITCOIN_CASH,-0.029012753378579115,-0.02944194504954852,0.025940478761123074,0.08826114400116912,274.4730747767857,215.48569615681967,1.273741504294735
2023-07-14,264.3955078125,277.3254699707031,257.5531005859375,274.28875732421875,579193830,BITCOIN_CASH,-0.036125898335715445,-0.0367945928338201,0.02889658861380742,0.08834432300036135,272.4693167550223,220.90577952067056,1.2334186880317761
2023-07-15,253.3329162597656,264.3602905273437,248.2893829345703,264.3602905273437,365742268,BITCOIN_CASH,-0.04184107227941103,-0.042741619446178505,0.03147479375580084,0.0893878208817865,269.8142351422991,225.8596097310384,1.1946103841390827
2023-07-16,249.92123413085935,260.3437805175781,249.87522888183597,253.3818817138672,379661094,BITCOIN_CASH,-0.013467188469926006,-0.013558693525121991,0.0309743936049151,0.08973013722520663,267.58169991629467,230.58825174967447,1.1604307586614608
2023-07-17,242.3697052001953,254.0129852294922,236.71751403808597,249.9383544921875,353367690,BITCOIN_CASH,-0.030215635565844057,-0.03068153690511833,0.02542516384056986,0.09006938816881675,262.97944205147877,235.1108757019043,1.1185337184695312
2023-07-18,244.37628173828125,247.2397918701172,232.76161193847656,242.36572265625,409074431,BITCOIN_CASH,0.00827899071143623,0.008244907853068298,0.026750644592294166,0.09002767175787037,258.7431182861328,239.68889897664388,1.079495627001673
2023-07-19,244.3693389892578,250.96925354003903,241.8146209716797,244.32321166992188,303356781,BITCOIN_CASH,-2.841007717302446e-05,-2.841048074691068e-05,0.019309068109244494,0.08999398564790015,253.29571533203125,244.27755381266277,1.03691768391575
2023-07-20,244.0637969970703,247.33538818359372,241.1842498779297,244.35427856445312,310023091,BITCOIN_CASH,-0.0012503286764667942,-0.001251110989533356,0.020108734219860095,0.09014695856227099,248.9755401611328,248.74999542236327,1.0009067125343523
2023-07-21,246.22056579589844,247.9808654785156,242.1670379638672,244.0611572265625,193465961,BITCOIN_CASH,0.008836905863814026,0.008798088924668913,0.019893098954984093,0.08299715354585332,246.37911987304688,252.4238271077474,0.9760533413031555
2023-07-22,239.2456817626953,247.5905914306641,238.67251586914065,246.2220764160156,162239993,BITCOIN_CASH,-0.02832778817909498,-0.02873676203366524,0.016483935007046042,0.0832314097479926,244.36665780203683,255.9332290649414,0.9548062934025279
2023-07-23,249.65774536132807,254.0852203369141,238.8908233642578,239.28050231933597,294423444,BITCOIN_CASH,0.04352038257041713,0.042599980234068524,0.024928927369316723,0.06363124168009655,244.32901654924666,258.1960052490234,0.946292783707469
2023-07-24,238.61561584472656,252.70452880859372,236.5799865722656,249.6449432373047,270198822,BITCOIN_CASH,-0.04422906848181418,-0.04523700602478041,0.028281577597630787,0.05759463938467002,243.79271806989397,259.0256673177083,0.9411913521715577
2023-07-25,237.52088928222656,238.6177673339844,233.0025329589844,238.6177673339844,201128778,BITCOIN_CASH,-0.004587824475043467,-0.004598380841294958,0.02790282506615008,0.0548717555652109,242.8133762904576,260.42969716389973,0.9323567125205563
2023-07-26,241.8631134033203,243.796142578125,234.3982696533203,237.51893615722656,241690654,BITCOIN_CASH,0.01828144098910922,0.018116344544872542,0.029154998019629882,0.049366844168289514,242.4553440638951,261.04241943359375,0.9287967242640923
2023-07-27,244.65963745117188,249.2808380126953,241.31076049804688,241.8681640625,223970540,BITCOIN_CASH,0.011562424747209032,0.011496090745797442,0.02956633973272549,0.04913706662150723,242.54046412876673,261.5249989827474,0.9274083359991407
2023-07-28,241.77761840820312,245.08108520507807,241.7198028564453,244.7002716064453,133161572,BITCOIN_CASH,-0.011779707813651674,-0.011849638287947143,0.029612775545462024,0.04901640596919444,241.905757359096,262.07141977945963,0.9230527982130459
2023-07-29,242.0587921142578,242.2247772216797,239.2466735839844,241.7145538330078,134092120,BITCOIN_CASH,0.0011629434846196496,0.0011622677896580716,0.027279100101826145,0.043943871873728814,242.30763026646204,261.69180552164715,0.925927465644003
2023-07-30,252.8351287841797,254.76644897460935,241.33079528808597,242.0558319091797,399871336,BITCOIN_CASH,0.04451950113357239,0.04355697214519535,0.027519751173269658,0.027856882671104782,242.76154218401228,259.95274454752604,0.9338679712982574
2023-07-31,248.1854553222656,258.30255126953125,247.89816284179688,252.83694458007807,343798443,BITCOIN_CASH,-0.018390140184527337,-0.018561340999092804,0.02099251087970075,0.02684814435516563,244.12866210937497,258.5329172770182,0.9442846376416777
2023-08-01,244.7663116455078,248.42913818359372,239.8754425048828,248.1859588623047,255860410,BITCOIN_CASH,-0.013776567495939918,-0.01387234507683887,0.022012556256398263,0.026171113259616123,245.1637224469866,256.73132375081383,0.9549427738897383
2023-08-02,228.94781494140625,245.9175262451172,226.36978149414065,244.75460815429688,310823027,BITCOIN_CASH,-0.06462693578114342,-0.06680983010789696,0.033519716530731034,0.0279650136684654,243.3186798095703,254.73885650634764,0.955169082355943
2023-08-03,225.4103240966797,231.13543701171875,224.84500122070312,228.97879028320312,225984833,BITCOIN_CASH,-0.01545107930220646,-0.015571691230659325,0.03246196094093356,0.02635593626484977,240.56877790178572,253.17161458333334,0.9502201828499249
2023-08-04,227.18479919433597,229.17935180664065,222.11175537109372,225.392333984375,218453673,BITCOIN_CASH,0.007872199752905651,0.007841375651738711,0.03329009396285595,0.026471277404422667,238.48408944266183,251.67961781819662,0.9475701350394344
2023-08-05,226.7115936279297,228.0386962890625,223.5219268798828,227.1727600097656,155052135,BITCOIN_CASH,-0.002082910335922117,-0.002085082610615633,0.03314893578837847,0.02604444898473741,236.29163251604353,249.99337972005208,0.9451915597950952
2023-08-06,222.56349182128903,227.89476013183597,221.9618988037109,226.71044921875,136600537,BITCOIN_CASH,-0.018296822585299077,-0.018466279643589167,0.023546391190690838,0.026048119339373708,231.9671129499163,248.13143564860027,0.9348558047212703
2023-08-07,237.7392425537109,242.2850799560547,219.27317810058597,222.56114196777344,716073059,BITCOIN_CASH,0.06818616390421961,0.06596203611938693,0.0395645804976823,0.029089017056425095,230.47479684012276,246.99212748209635,0.9331260845827125
2023-08-08,239.6984405517578,248.2940368652344,235.0997314453125,237.7290954589844,452286436,BITCOIN_CASH,0.008240953310870713,0.00820718206643992,0.039725480147229715,0.028944834891392008,229.75081525530135,246.13044281005858,0.9334514358819175
2023-08-09,238.3264312744141,239.4428558349609,234.91661071777344,239.4428558349609,578838605,BITCOIN_CASH,-0.005723897386172072,-0.005740341667089872,0.028490813044414177,0.028095001068458872,231.09061758858817,244.92180684407552,0.9435281429869057
2023-08-10,231.9976043701172,239.74339294433597,230.9457092285156,238.33294677734372,267558366,BITCOIN_CASH,-0.026555287512402548,-0.02691424829666275,0.03017721251277978,0.028378699657455944,232.03165762765067,243.5207087198893,0.952821051020125
2023-08-11,228.98910522460935,232.64938354492188,227.55056762695312,232.00347900390625,182824624,BITCOIN_CASH,-0.012967802636048908,-0.013052618638016886,0.030774606615327785,0.02757613714656715,232.28941563197546,241.73697357177736,0.9609180267287631
2023-08-12,228.5760498046875,230.568603515625,227.7435760498047,228.9954833984375,111690005,BITCOIN_CASH,-0.001803821275761952,-0.0018054501204172156,0.030769918651307553,0.02726040154175242,232.55576651436942,240.21267445882162,0.9681244632003596
2023-08-13,228.3480682373047,230.76727294921875,226.15167236328125,228.57846069335935,130752324,BITCOIN_CASH,-0.0009973991919871583,-0.0009978969255481371,0.02959800164627353,0.026646094317568984,233.38213457380022,239.01109313964844,0.9764489652262317
2023-08-14,230.12991333007807,230.72901916503903,226.2912750244141,228.3441467285156,146707563,BITCOIN_CASH,0.007803197576962351,0.007772910088224208,0.012305518336984312,0.025752497061771632,232.29508754185267,238.23765970865887,0.9750561176009143
2023-08-15,228.54771423339844,236.5824737548828,228.49118041992188,230.1249237060547,311130308,BITCOIN_CASH,-0.006875243091106875,-0.00689898646511421,0.01092238026408934,0.025688767494657025,230.7021266392299,237.52520904541015,0.9712742810179958
2023-08-16,207.95086669921875,230.6639709472656,204.43946838378903,228.55584716796875,310736141,BITCOIN_CASH,-0.09012055799055463,-0.0944431695559668,0.034811484852601146,0.030286041581628804,226.36276027134485,236.37791442871094,0.9576307533570927
2023-08-17,184.4539794921875,210.67709350585935,173.42864990234375,207.94644165039065,397195864,BITCOIN_CASH,-0.11299249471759731,-0.11990183528512782,0.05174556004723913,0.03669665304419278,219.57081386021204,234.38050435384113,0.9368134711781697
2023-08-18,187.28445434570312,189.0137939453125,179.556396484375,184.42022705078125,270514217,BITCOIN_CASH,0.015345154717225862,0.01522860859712141,0.05456790785757899,0.03693562236490137,213.61300659179688,232.47767486572266,0.9188538500102349
2023-08-19,186.96714782714844,191.25552368164065,185.3497314453125,187.2941436767578,186899193,BITCOIN_CASH,-0.0016942491017912786,-0.00169568596496618,0.05457694632795595,0.03693254985587538,207.66887773786272,230.57445322672527,0.9006586585447115
2023-08-20,188.9172821044922,190.4613494873047,186.91212463378903,186.9673767089844,147977614,BITCOIN_CASH,0.010430357953294944,0.010376337083087725,0.05569716826269868,0.03695971841103343,202.03590829031808,228.66434377034506,0.8835479330053715
2023-08-21,186.077392578125,193.6125946044922,183.7064514160156,188.9027404785156,181788058,BITCOIN_CASH,-0.015032449624150401,-0.01514658213356979,0.05395317909060018,0.036790217550615505,195.74269104003906,226.8920674641927,0.8627128009705781
2023-08-22,184.73858642578125,187.0749053955078,180.67996215820312,186.05503845214844,150252025,BITCOIN_CASH,-0.007194888824453294,-0.007220896862096201,0.05392998685985683,0.03551200333834464,189.48424421037947,224.72809549967448,0.8431711388336575
2023-08-23,193.6615295410156,195.92385864257807,184.7136383056641,184.74322509765625,173286459,BITCOIN_CASH,0.048300375616542546,0.04717016278648746,0.05244280822483039,0.0363513474206397,187.44291033063615,223.22962595621746,0.8396865314257157
2023-08-24,194.4614715576172,194.5178985595703,189.0657196044922,193.6721343994141,137341529,BITCOIN_CASH,0.004130619119333989,0.004122111531868579,0.020278288213308408,0.03640569331154818,188.87255205426897,221.7943120320638,0.8515662566989748
2023-08-25,192.05203247070312,194.4436187744141,188.98114013671875,194.4436187744141,139896933,BITCOIN_CASH,-0.012390316023090264,-0.012467715993259628,0.021210421234614803,0.03611480344895804,189.5536346435547,220.13394266764323,0.8610831766627717
2023-08-26,190.15110778808597,192.0515899658203,189.1286773681641,192.0515899658203,89396996,BITCOIN_CASH,-0.00989796701530421,-0.00994727754328669,0.02177499513938719,0.03593379388651918,190.00848606654577,218.3169916788737,0.8703330171663074
2023-08-27,198.0108337402344,200.03195190429688,190.0707855224609,190.14862060546875,133931468,BITCOIN_CASH,0.04133410550995964,0.04050268483590476,0.02614924149886029,0.03701550155829497,191.30756487165178,216.85809885660808,0.8821785576850836
2023-08-28,190.41270446777344,198.0061492919922,188.47210693359372,198.0061492919922,154008890,BITCOIN_CASH,-0.038372290692077815,-0.03912789978033658,0.030670923562265535,0.03745038911358506,191.92689514160156,215.13656260172527,0.8921165831626168
2023-08-29,224.1767425537109,227.0346527099609,189.10975646972656,190.4162750244141,473894980,BITCOIN_CASH,0.17732030108133823,0.16324092471562718,0.06704098561535407,0.048016222222394725,197.5609174455915,214.18128306070963,0.9224004760004773
2023-08-30,215.93649291992188,225.12249755859372,212.38287353515625,224.32742309570312,281864292,BITCOIN_CASH,-0.03675782572233044,-0.03745041979885978,0.07047418331302668,0.04833639081331361,200.74305507114954,213.10631764729817,0.9419854713241751
2023-08-31,207.4877777099609,222.1581573486328,204.27932739257807,215.9506378173828,358274720,BITCOIN_CASH,-0.03912592584845809,-0.039911914860549215,0.07356218798933085,0.04874001311118813,202.6039559500558,211.86369984944662,0.9562938629601441
2023-09-01,199.63319396972656,210.3929901123047,198.59942626953125,207.49237060546875,208560401,BITCOIN_CASH,-0.037855645411625005,-0.03859078282914517,0.07548578914596384,0.04777897163298389,203.68697902134485,210.88654581705728,0.9658604736123944
2023-09-02,195.1054229736328,201.04425048828125,191.97984313964844,199.63710021972656,162289264,BITCOIN_CASH,-0.022680451612572816,-0.022941609394512605,0.07608724216597254,0.047856389007714085,204.39473833356584,209.87638244628906,0.9738815580446454
2023-09-03,196.30442810058597,197.59011840820312,192.00108337402344,195.1471710205078,136468819,BITCOIN_CASH,0.006145421837481013,0.0061266157409694865,0.07440484618303897,0.04784177583134167,204.15096609933036,208.84703674316407,0.977514305603441
2023-09-04,193.5686492919922,198.6370391845703,190.9085235595703,196.2878875732422,157433175,BITCOIN_CASH,-0.01393640905131277,-0.014034432596375435,0.07286352329617976,0.047867526864027767,204.60181535993303,207.74227193196614,0.9848829198659116
2023-09-05,192.0220489501953,194.38229370117188,189.6777191162109,193.55810546875,129307973,BITCOIN_CASH,-0.007989931982548826,-0.008022022537626858,0.017727268873001606,0.04780616833336308,200.00828770228796,206.724223836263,0.9675125826603929
2023-09-06,193.0559844970703,194.9384613037109,190.7523956298828,192.03500366210935,119644090,BITCOIN_CASH,0.005384462630867892,0.005370018238949753,0.01890363925709039,0.045952259681514014,196.73964364188058,205.23478190104166,0.9586077068395883
2023-09-07,193.3433074951172,194.1376800537109,190.3492126464844,193.0598907470703,120002022,BITCOIN_CASH,0.001488288481682476,0.001487182078009309,0.016499067706185217,0.045892217243708476,194.71900503976005,203.68961079915366,0.9559594339436438
2023-09-08,193.10623168945312,196.59518432617188,191.2184295654297,193.3619079589844,155951873,BITCOIN_CASH,-0.001226190907435698,-0.001226943294616205,0.010800242044814893,0.045904441067121424,193.78658185686385,202.1822708129883,0.958474652983346
2023-09-09,193.1083068847656,195.44728088378903,191.2529754638672,193.1055908203125,93793587,BITCOIN_CASH,1.0746392254290527e-05,1.0746334512230964e-05,0.007260452212109154,0.04576493205627817,193.50127955845423,200.8859608968099,0.9632394354220253
2023-09-10,190.58035278320312,193.1124420166016,187.2457427978516,193.1124420166016,132343527,BITCOIN_CASH,-0.013090861508464169,-0.01317730205219885,0.007554350900164524,0.04576558939304558,192.68355451311385,199.605669148763,0.9653210519261844
2023-09-11,183.90966796875,191.255126953125,181.37893676757807,190.57437133789065,165103031,BITCOIN_CASH,-0.035001954383206746,-0.03562920291277374,0.013938433675985226,0.04607124455333209,191.30370003836495,198.11678975423177,0.9656107403904606
2023-09-12,198.82443237304688,208.52691650390625,183.91372680664065,183.91372680664065,342890549,BITCOIN_CASH,0.0810983161952703,0.0779774838232569,0.03507848061248546,0.04862614611169503,192.27546909877233,197.1326685587565,0.9753607583385578
2023-09-13,199.8748779296875,203.04437255859372,196.74948120117188,198.81822204589844,240819278,BITCOIN_CASH,0.005283282059971972,0.005269374488883644,0.035078311457031795,0.04860629740981861,193.24959673200334,196.1241673787435,0.9853431084748013
2023-09-14,207.90626525878903,209.8073883056641,199.26585388183597,199.8761749267578,243097950,BITCOIN_CASH,0.04018207496755455,0.03939576991413946,0.03730837433588101,0.049264454103530114,195.33001926967077,195.43611907958984,0.9994571125827777
2023-09-15,217.2364654541016,219.9273223876953,206.8768310546875,207.8956298828125,322686773,BITCOIN_CASH,0.04487695540920278,0.04389913246426588,0.03883706906158104,0.04683989085025263,198.7771955217634,195.74563903808593,1.0154872236161931
2023-09-16,215.16744995117188,222.7919921875,213.53292846679688,217.22994995117188,192483371,BITCOIN_CASH,-0.009524255049007224,-0.009569900825345702,0.039687712625018086,0.04094290681525173,201.92850167410714,196.76942138671876,1.0262189127305967
2023-09-17,209.76336669921875,215.1459197998047,206.61595153808597,215.1459197998047,157999942,BITCOIN_CASH,-0.025115709895616067,-0.02543649184295689,0.041395358232148995,0.04126902896008614,204.66893223353796,197.51871846516926,1.0362001830709
2023-09-18,217.423828125,224.2794647216797,208.8319854736328,209.81539916992188,269553563,BITCOIN_CASH,0.036519538880045,0.03586850354095754,0.03561162233610256,0.04166517798958872,209.4566693987165,198.53394114176433,1.0550169315842712
2023-09-19,219.08657836914065,221.96331787109372,215.48519897460935,217.43472290039065,191290308,BITCOIN_CASH,0.007647506984306718,0.007618413039387472,0.02659802606355713,0.04165601771809142,212.35126168387276,199.53958435058593,1.064206194349774
2023-09-20,215.49688720703125,220.7642364501953,212.28439331054688,219.09213256835935,219665668,BITCOIN_CASH,-0.016384806357517268,-0.016520521786565545,0.028943142799472528,0.041679610069044075,214.58297729492188,200.52023417154948,1.0701312921435222
2023-09-21,208.66839599609372,215.514404296875,206.5900115966797,215.49313354492188,170527081,BITCOIN_CASH,-0.03168719186359892,-0.032200095005679864,0.0297718626089209,0.04217649662040337,214.69185311453683,201.3178944905599,1.066432041015629
2023-09-22,207.82501220703125,209.8055419921875,205.77757263183597,208.65586853027344,132959007,BITCOIN_CASH,-0.00404174185092343,-0.004049931764644931,0.022836863909616156,0.041400774499042524,213.34735979352678,201.79001057942708,1.0572741394924037
2023-09-23,208.16177368164065,209.3193359375,207.0419464111328,207.829345703125,94613506,BITCOIN_CASH,0.001620408780603988,0.0016190973348235572,0.02296329186871973,0.04139960804726695,212.34654889787947,202.24668731689454,1.049938328854602
2023-09-24,204.7707061767578,209.8134613037109,204.58905029296875,208.1663818359375,104588724,BITCOIN_CASH,-0.01629053905963107,-0.016424688800648606,0.021833684519648552,0.04145444660563143,211.63331168038505,202.67064310709637,1.0442228259400774
2023-09-25,210.32069396972656,213.20062255859372,203.34912109375,204.7598419189453,143589850,BITCOIN_CASH,0.027103426542749665,0.0267426333175877,0.019210110941290017,0.04162648503905975,210.6185782296317,203.34296264648438,1.0357800215382724
2023-09-26,214.2321929931641,215.13829040527344,209.98638916015625,210.31277465820312,169779812,BITCOIN_CASH,0.018597784885592494,0.018426960800375758,0.020742737706393146,0.04113953311004743,209.9250946044922,203.88367462158203,1.02963170049845
2023-09-27,228.83692932128903,234.943359375,213.7658843994141,214.243896484375,402387282,BITCOIN_CASH,0.06817246336357563,0.06594921005126402,0.03218252657233094,0.04192771468819586,211.830814906529,205.16448211669922,1.0324926260191465
2023-09-28,239.1876983642578,244.4618988037109,228.34141540527344,228.85025024414065,423897095,BITCOIN_CASH,0.04523207453302347,0.04423894165330867,0.028833027156278328,0.03066830120202147,216.19071524483817,205.66484731038412,1.0511797133642808
2023-09-29,235.29722595214844,240.05589294433597,230.41085815429688,239.14198303222656,239398024,BITCOIN_CASH,-0.01626535327157419,-0.016399086255742667,0.03082322645519356,0.029963460064631433,220.11531720842635,206.310205078125,1.0669143444701326
2023-09-30,234.35104370117188,237.89593505859372,232.4773712158203,235.29525756835935,153627677,BITCOIN_CASH,-0.004021221445122292,-0.004029328296338704,0.03138430235723307,0.02889422495933327,223.8566414969308,207.20564727783204,1.0803597509906293
2023-10-01,242.1915283203125,244.5816192626953,233.7401428222656,234.3290557861328,206197082,BITCOIN_CASH,0.033456154046995756,0.032908674515005884,0.028003041306224472,0.02819538415039432,229.20247323172433,208.62425842285157,1.098637689425185
2023-10-02,246.634033203125,255.1218414306641,241.09402465820312,242.1822052001953,446812722,BITCOIN_CASH,0.01834294086842303,0.01817673847895322,0.028049158418796915,0.027713059490705606,234.39009312220983,210.34187876383464,1.1143291792376533
2023-10-03,230.07504272460935,250.7174835205078,228.78375244140625,246.6022186279297,302066948,BITCOIN_CASH,-0.06713992494652132,-0.06950006252928713,0.04492219372614943,0.031103881731888647,236.65335736955916,211.46756591796876,1.119100020574126
2023-10-04,233.37852478027344,233.7784576416016,226.2657012939453,230.091796875,180040550,BITCOIN_CASH,0.014358280744158014,0.014256176828426967,0.03793404261093761,0.030926107154219496,237.30215672084265,212.79456176757813,1.1151702127615113
2023-10-05,231.2909240722656,234.44088745117188,226.46749877929688,233.38755798339844,160136435,BITCOIN_CASH,-0.008945127706044609,-0.008985375555423801,0.033296047330212755,0.03094191660649992,236.1740461077009,214.10352427164713,1.1030834121536992
2023-10-06,230.9955902099609,233.48422241210935,227.1322326660156,231.29733276367188,130776610,BITCOIN_CASH,-0.0012768934340562366,-0.0012777093571156935,0.03290603630610684,0.030971871216276262,235.55952671595983,215.36817779541016,1.0937527035202503
2023-10-07,230.31724548339844,236.0262908935547,229.1745147705078,230.99615478515625,119032840,BITCOIN_CASH,-0.002936613317794934,-0.002940933626808467,0.03290092551283787,0.03100455854179296,234.98326982770647,216.60064239501952,1.0848687576796847
2023-10-08,228.08560180664065,232.9198455810547,227.44378662109372,230.3252868652344,106051163,BITCOIN_CASH,-0.009689433685584059,-0.009736681700213719,0.02896921474104999,0.03111012439435732,232.96813746861048,217.7666213989258,1.0698064559758085
2023-10-09,218.4397125244141,228.97091674804688,213.69276428222656,228.08270263671875,183099157,BITCOIN_CASH,-0.04229065406067967,-0.04321094376842125,0.02881329757288624,0.032351504317926424,228.94037737165178,218.61100158691406,1.0472500272619218
2023-10-10,212.49974060058597,219.81903076171875,210.9920196533203,218.4388427734375,148956797,BITCOIN_CASH,-0.027192729083839295,-0.02756929358336294,0.01877151726936668,0.032721267024522,226.42961992536272,219.34164784749348,1.0323147571262774
2023-10-11,214.0279235839844,215.5523223876953,209.36643981933597,212.4931182861328,150057573,BITCOIN_CASH,0.007191458112275173,0.007165722886258736,0.017292401443334705,0.031872603175830815,223.66524832589286,220.34558970133463,1.015065691258254
2023-10-12,213.9836578369141,216.66778564453125,210.40618896484372,214.0261993408203,119489032,BITCOIN_CASH,-0.00020682229836677113,-0.0002068436890477527,0.017886463140745747,0.028747606991319487,221.19278172084265,220.85089721679688,1.001548033122592
2023-10-13,217.254150390625,218.6187744140625,212.16441345214844,213.97679138183597,135722427,BITCOIN_CASH,0.015283842639064904,0.015168221319820227,0.02030934671353586,0.02883775975338712,219.22971888950892,221.43020629882812,0.9900623882978749
2023-10-14,214.63487243652344,218.11070251464844,214.597412109375,217.2523956298828,74662095,BITCOIN_CASH,-0.012056284997971622,-0.012129551478471551,0.0201668869319083,0.028106864227421598,216.9893798828125,221.6544932047526,0.9789532201468584
2023-10-15,215.15821838378903,216.36257934570312,213.1031494140625,214.6397857666016,83522313,BITCOIN_CASH,0.002438308096557762,0.002435340246746709,0.02071806417909847,0.02692224545625513,215.14261082240515,221.58521830240886,0.9709249221163699
2023-10-16,231.4263610839844,242.7676696777344,215.16754150390625,215.16754150390625,397121135,BITCOIN_CASH,0.07561013854082499,0.07288807130792645,0.03170382229743261,0.02998085552473013,216.99784633091517,222.12718200683594,0.9769081134979558
2023-10-17,226.79425048828125,231.74441528320312,225.17433166503903,231.41159057617188,175844414,BITCOIN_CASH,-0.02001548386280061,-0.02021850730233917,0.030415197825104944,0.029828373586263484,219.03991917201452,222.69487813313802,0.9835875930701092
2023-10-18,227.14825439453125,231.1865997314453,225.44956970214844,226.7928466796875,174678715,BITCOIN_CASH,0.0015609033539776274,0.0015596864105268896,0.030554260843174953,0.02915914780576405,220.91425214494978,223.01902567545574,0.990562358865432
2023-10-19,227.4677276611328,233.3279266357422,225.5632781982422,227.12600708007807,147505814,BITCOIN_CASH,0.0014064526599737448,0.001405464531826503,0.030483686152338606,0.029135943224079294,222.8405478341239,223.29839731852215,0.9979496069389824
2023-10-20,240.6028289794922,247.56344604492188,226.7420196533203,227.46690368652344,293140536,BITCOIN_CASH,0.05774490057740067,0.05613918959710712,0.035454015583944974,0.030591323165932244,226.1760733468192,224.13526204427083,1.0091052665427775
2023-10-21,243.60321044921875,245.59458923339844,238.50247192382807,240.6044158935547,169457976,BITCOIN_CASH,0.012470266797994789,0.012393153441926805,0.033534207646355674,0.029862839565173577,230.3144073486328,225.299755859375,1.0222576871871436
2023-10-22,243.489501953125,253.179931640625,237.8986968994141,243.6859436035156,231961899,BITCOIN_CASH,-0.00046677749395862556,-0.0004668864684856159,0.03377701880559197,0.02983188460791284,234.36173357282365,226.4885721842448,1.0347618483027663
2023-10-23,260.6100769042969,262.5324401855469,241.05210876464844,243.5325164794922,373641365,BITCOIN_CASH,0.07031340084004034,0.06795150356892117,0.03245779094731623,0.03193530513230834,238.5308358328683,228.23684895833333,1.0451022125547056
2023-10-24,251.6548309326172,267.4948425292969,248.68112182617188,260.6049194335937,371213677,BITCOIN_CASH,-0.03436262357179798,-0.034966901965139234,0.03560037698341861,0.03258690002360304,242.0823473249163,229.79965311686198,1.0534495768007452
2023-10-25,254.08761596679688,259.3616638183594,249.2153778076172,251.67648315429688,215801794,BITCOIN_CASH,0.009667150140388436,0.009620722221763765,0.035226885737557855,0.03237614362681952,245.93082754952567,231.25855051676433,1.0634453385614286
2023-10-26,247.45997619628903,256.1741943359375,242.3446807861328,254.08673095703125,203108208,BITCOIN_CASH,-0.0260840723987662,-0.026430295696273542,0.038563468996296785,0.032829496209566426,248.78686305454798,232.36614329020182,1.0706674368814493
2023-10-27,239.4364318847656,247.45594787597656,235.29429626464844,247.4556579589844,164496329,BITCOIN_CASH,-0.032423604151481156,-0.03296089507821193,0.03621248648236448,0.031413424309634105,248.6202348981585,232.7194600423177,1.0683259356692791
2023-10-28,244.94923400878903,247.53321838378903,239.2245330810547,239.43507385253903,169505406,BITCOIN_CASH,0.02302407399169981,0.02276301943130837,0.03703976683242942,0.030641315957478103,248.8125239780971,232.91151123046876,1.0682706177278378
2023-10-29,246.3280334472656,249.1754302978516,243.250244140625,244.9572296142578,135591529,BITCOIN_CASH,0.005628919167908419,0.005613136002816591,0.03707672712738075,0.030478547289654018,249.21802847726005,233.27920481363932,1.0683250942849958
2023-10-30,246.09274291992188,250.21368408203125,242.50015258789065,246.31158447265625,155625496,BITCOIN_CASH,-0.0009551918393165826,-0.0009556483257527605,0.023027091761285774,0.030464387574604967,247.14412362234933,233.67059478759765,1.0576603523733865
2023-10-31,244.8642578125,248.4380340576172,238.71536254882807,246.0838165283203,187983060,BITCOIN_CASH,-0.004991959912534316,-0.005004461366276004,0.019774835678541932,0.029903295788754475,246.17404174804688,233.7596857706706,1.053107343708339
2023-11-01,245.07037353515625,247.0918884277344,237.70703125,244.87728881835935,186486135,BITCOIN_CASH,0.0008417550380672711,0.0008414009609787324,0.01903850603132775,0.029714147763667622,244.8858642578125,233.7075637817383,1.0478302896799427
2023-11-02,235.5221099853516,248.63185119628903,233.14871215820312,245.06814575195312,227857558,BITCOIN_CASH,-0.03896131307946504,-0.03974061388089002,0.02195761127149796,0.02775331106994123,243.18045479910714,233.88913269042968,1.0397253262765964
2023-11-03,237.716064453125,240.46112060546875,232.49688720703125,235.5216522216797,174408959,BITCOIN_CASH,0.00931528028476758,0.009272160635609396,0.019296757858698773,0.02768469213365716,242.9346880231585,234.0337173461914,1.0380328560256147
2023-11-04,240.3309631347656,240.3309631347656,236.42079162597656,237.7181701660156,95444150,BITCOIN_CASH,0.011000092432357444,0.010940031464994324,0.017279036703047215,0.027685471317986626,242.27493504115515,234.33505198160807,1.0338826095046603
2023-11-05,238.23455810546875,242.97140502929688,235.64334106445312,240.3368225097656,152062842,BITCOIN_CASH,-0.008722991835726446,-0.008761259832483806,0.016975243628400513,0.027742947517579677,241.1187242780413,234.57635091145832,1.0278901659999495
2023-11-06,242.87181091308597,244.54510498046875,236.3286590576172,238.22946166992188,140253235,BITCOIN_CASH,0.0194650719211118,0.019278050436767113,0.019297379197687262,0.02792927856358748,240.6585911342076,234.99483642578124,1.0241016134421113
2023-11-07,244.0255889892578,250.72848510742188,238.6885528564453,242.8763427734375,247212999,BITCOIN_CASH,0.004750563977903299,0.004739315658688756,0.01938583682974843,0.027848571106512086,240.53878130231584,235.5261693318685,1.0212826115444706
2023-11-08,245.6894378662109,246.9564514160156,242.0862274169922,244.0125732421875,138118349,BITCOIN_CASH,0.006818337715502221,0.006795197974399144,0.019583594738541505,0.0264973508303981,240.6272190638951,236.4344935099284,1.0177331382224508
2023-11-09,239.7634735107422,256.8758850097656,229.57415771484372,245.6778259277344,386966813,BITCOIN_CASH,-0.024119735902915274,-0.0244153803232761,0.014567651871954893,0.026374081979744224,241.2331281389509,237.3432846069336,1.0163891029757142
2023-11-10,239.92774963378903,242.40130615234372,236.06268310546875,239.7845001220703,214502445,BITCOIN_CASH,0.0006851590888363734,0.000684924474507176,0.01426564025987737,0.02637400064517182,241.54908316476005,238.20661214192708,1.0140318146199967
2023-11-11,236.4889678955078,241.23306274414065,234.3375244140625,239.93019104003903,163830006,BITCOIN_CASH,-0.014332571966060526,-0.014436275359170858,0.014633999777729013,0.0265758683441968,241.00022670200892,238.9567891438802,1.0085514940397795
2023-11-12,236.5060272216797,239.24740600585935,232.2759552001953,236.4996795654297,129707085,BITCOIN_CASH,7.213582233323024e-05,7.213322066991306e-05,0.014362536876894101,0.026486823627734725,240.75329371861048,239.59851837158203,1.0048196264103668
2023-11-13,234.7109832763672,239.75531005859372,233.67906188964844,236.5338287353516,205987752,BITCOIN_CASH,-0.0075898443959315776,-0.007618793839112524,0.01129002445540278,0.026411669364708994,239.58746119907923,240.2677220662435,0.9971687380172659
2023-11-14,231.6561584472656,238.7428131103516,226.31558227539065,234.6934051513672,180833069,BITCOIN_CASH,-0.01301526152061061,-0.013100702201748391,0.010756965138167426,0.026574537958534934,237.82039969308036,240.8176534016927,0.9875538455496333
2023-11-15,238.07025146484372,238.10585021972656,230.5098571777344,231.655517578125,146261819,BITCOIN_CASH,0.027687988355544757,0.02731160769068156,0.016526832333031816,0.02353901338767765,236.73194449288502,241.03911641438802,0.9821308176632285
2023-11-16,234.1369171142578,244.09695434570312,231.9419403076172,238.0812530517578,217433523,BITCOIN_CASH,-0.0165217381272299,-0.01665974422111728,0.015173808551421291,0.02343743770574844,235.92815072195867,241.28387196858725,0.9778032356537869
2023-11-17,229.26284790039065,234.67518615722656,222.6617889404297,234.1421356201172,181426910,BITCOIN_CASH,-0.02081717515520476,-0.021036907364835752,0.01637459986148508,0.02378146858261202,234.40459333147322,241.35435841878254,0.9712051394769076
2023-11-18,227.48513793945312,229.5441131591797,222.41470336914065,229.2677764892578,127556133,BITCOIN_CASH,-0.007754025465608327,-0.00778424423382631,0.01602627560423738,0.02382600016573315,233.1183319091797,241.35493876139324,0.9658734687821889
2023-11-19,230.48040771484372,230.8810272216797,225.14996337890625,227.47976684570312,120262627,BITCOIN_CASH,0.013166881153299004,0.013080951237766793,0.017474998558519625,0.021512299782063232,232.25752912248882,241.01752471923828,0.9636541135050076
2023-11-20,226.49826049804688,230.5389709472656,226.01124572753903,230.4721221923828,132208553,BITCOIN_CASH,-0.017277595333498597,-0.01742859478287944,0.018220326043542383,0.021540387640423306,231.0842830113002,240.44735972086588,0.9610597649296909
2023-11-21,217.1041717529297,234.43490600585935,214.95733642578125,226.5194854736328,283335681,BITCOIN_CASH,-0.041475324024390026,-0.04235997246098482,0.02307438646006577,0.022733825783159627,229.00542776925224,239.5678487141927,0.9559105238802659
2023-11-22,224.0798492431641,224.62164306640625,216.4335784912109,217.10292053222656,176249941,BITCOIN_CASH,0.0321305548111388,0.03162516565802658,0.02424214705946352,0.019519193652119064,227.00679888044084,238.3501744588216,0.9524087800475242
2023-11-23,225.28274536132807,227.22381591796875,222.4351806640625,224.0614318847656,134136473,BITCOIN_CASH,0.0053681583695579516,0.005353801165660861,0.02445709346651644,0.018760479602067275,225.7419172014509,237.47110493977866,0.9506079371580715
2023-11-24,226.5084381103516,228.7765655517578,224.9115447998047,225.28309631347656,140230461,BITCOIN_CASH,0.005440686312028209,0.005425939243522951,0.02368970731408161,0.01867327993936546,225.34843008858817,236.55179901123046,0.952638834413978
2023-11-25,227.51412963867188,228.1522521972656,226.04714965820312,226.5035552978516,111650919,BITCOIN_CASH,0.0044399737895430835,0.004430146184718075,0.02361889586044104,0.01823009537758367,225.35257175990515,235.8869374593099,0.9553414622578585
2023-11-26,226.9101409912109,229.61964416503903,223.9496612548828,227.5326690673828,128228138,BITCOIN_CASH,-0.0026547302728854305,-0.0026582603182258935,0.022906522412836722,0.01731807993147808,224.842533656529,235.46939442952473,0.9548694606416194
2023-11-27,223.3904266357422,228.8469390869141,220.5201416015625,226.90158081054688,183614197,BITCOIN_CASH,-0.01551148987918105,-0.0156330517472732,0.02271723820506163,0.016853436713073815,224.39855739048548,234.75076751708986,0.9559012725023328
2023-11-28,223.45953369140625,224.70745849609372,220.21029663085935,223.38975524902344,156921548,BITCOIN_CASH,0.0003093554934507914,0.00030930765290636313,0.01420391547702703,0.01678688541454641,225.30646623883928,233.98848419189454,0.9628955331582253
2023-11-29,223.2935943603516,226.60647583007807,221.6746826171875,223.45541381835935,141670438,BITCOIN_CASH,-0.0007425923088330011,-0.0007428681670768314,0.007394495249120737,0.01678793218824181,225.19414411272322,233.2285125732422,0.9655515169570191
2023-11-30,221.5819091796875,223.51077270507807,220.77362060546875,223.29443359375,110706490,BITCOIN_CASH,-0.007665625991499669,-0.007695157919702494,0.007316576497639616,0.01680485906857808,224.6654532296317,232.45243428548176,0.9665007549618232
2023-12-01,225.21685791015625,226.0735321044922,221.11184692382807,221.57455444335935,117943685,BITCOIN_CASH,0.016404537463936553,0.01627143670413997,0.009925018570891073,0.017169125180188025,224.48094177246094,231.7906504313151,0.9684641781484616
2023-12-02,228.1851348876953,228.51177978515625,225.04412841796875,225.21560668945312,137656262,BITCOIN_CASH,0.013179639415461297,0.013093543617236896,0.011152602163637927,0.01591489321575715,224.57679966517858,231.54608459472655,0.9699010892723742
2023-12-03,230.08058166503903,232.3254852294922,225.68099975585935,228.19044494628903,199699086,BITCOIN_CASH,0.00830661812513167,0.008272308042354692,0.011411855074847897,0.01589355348352309,225.02971976143974,231.29156850179035,0.9729266017740628
2023-12-04,251.2904815673828,255.35446166992188,229.3080596923828,230.07464599609372,640822664,BITCOIN_CASH,0.09218465873500814,0.08817996443236734,0.03256159509281079,0.022705622205274258,229.01544189453125,231.6568857828776,0.9885976025300536
2023-12-05,251.5111389160156,252.0131378173828,238.8988037109375,251.3426055908203,312672388,BITCOIN_CASH,0.0008780967239843118,0.000877711422594071,0.03251425496767194,0.022623661489487783,233.02281406947546,232.0994384765625,1.0039783620286793
2023-12-06,244.5463104248047,262.81658935546875,244.0297393798828,251.39767456054688,409184986,BITCOIN_CASH,-0.027691928561210166,-0.02808257881376628,0.0363962129823172,0.023011632322403684,236.05891636439733,232.15525512695314,1.0168148734574607
2023-12-07,246.98426818847656,248.85353088378903,240.5771331787109,244.5705718994141,216175162,BITCOIN_CASH,0.009969309123645687,0.009919943385182255,0.03532089157437385,0.0230660206346936,239.68782479422433,232.25387776692708,1.032007848905573
2023-12-08,253.6110076904297,254.3800811767578,246.34347534179688,246.98558044433597,194865623,BITCOIN_CASH,0.02683061374944007,0.02647698428547454,0.03556758370510436,0.023529386188651743,243.74413190569197,232.51793009440104,1.0482810156048317
2023-12-09,252.7654571533203,261.1710510253906,251.6645965576172,253.6029052734375,235925661,BITCOIN_CASH,-0.0033340450984742365,-0.0033396154113959587,0.03639814214486519,0.023052397163362017,247.25560651506697,232.95132954915366,1.0614045731938828
2023-12-10,250.95263671875,255.09262084960935,246.04786682128903,252.7611083984375,157830189,BITCOIN_CASH,-0.007171946890950021,-0.007197788934693548,0.037305777370791326,0.023109930074605895,250.2373286655971,233.318825785319,1.072512377958927
2023-12-11,230.49122619628903,251.2843017578125,225.91896057128903,250.95709228515625,279165986,BITCOIN_CASH,-0.08153494934341998,-0.08505142550644072,0.0360998629911451,0.027890560985215862,247.26600646972656,233.11890106201173,1.0606862221092557
2023-12-12,232.0464324951172,234.68292236328125,227.2894744873047,230.48292541503903,184029167,BITCOIN_CASH,0.0067473557431800835,0.006724694218219612,0.03652190996766361,0.027924623005902916,244.48533412388392,232.97024790445963,1.0494272823375566
2023-12-13,235.4631805419922,236.68734741210935,224.91677856445312,232.04022216796875,197906215,BITCOIN_CASH,0.014724415325570117,0.014617063633183672,0.03685638862429212,0.02802775904279313,243.187744140625,232.99532114664714,1.0437451831385178
2023-12-14,237.323974609375,237.7756500244141,230.67572021484372,235.4522399902344,211489888,BITCOIN_CASH,0.007902696562152922,0.007871633801401502,0.03672230743362967,0.027948414512065332,241.80770220075334,233.1842483520508,1.0369812880142883
2023-12-15,226.94537353515625,237.3636016845703,226.7332000732422,237.3218688964844,178289292,BITCOIN_CASH,-0.0437317851738388,-0.04471684583858495,0.036180276310077454,0.02867722245089808,237.99832589285714,232.81341908772785,1.0222706527203036
2023-12-16,229.6128692626953,231.7813720703125,225.97218322753903,226.9547576904297,146876427,BITCOIN_CASH,0.011753911022670982,0.011685370368215736,0.037470259402700004,0.028630681606303467,234.69081333705358,232.6626174926758,1.0087173258267055
2023-12-17,225.9416961669922,230.3541259765625,225.38497924804688,229.6136016845703,154297340,BITCOIN_CASH,-0.015988533689298645,-0.01611772924299865,0.03736285111140053,0.028523785425260538,231.1178218296596,232.55191243489583,0.9938332452731916
2023-12-18,227.93328857421875,228.13385009765625,218.4354705810547,225.92616271972656,188493869,BITCOIN_CASH,0.00881462979615133,0.008776007740410983,0.021509667449261635,0.028537921636707635,230.75240216936385,232.566850789388,0.9921981631781766
2023-12-19,225.1953125,230.33059692382807,223.2703094482422,227.93972778320312,165200963,BITCOIN_CASH,-0.012012181684147527,-0.012084910950105303,0.02147207707855411,0.028512006648420633,229.77367074148995,232.39068094889322,0.9887387471962407
2023-12-20,229.5563507080078,234.2230224609375,224.2985992431641,225.1844787597656,227716086,BITCOIN_CASH,0.01936558163486546,0.019180454997781746,0.02219846779396698,0.028557973461966465,228.9298379080636,232.49261728922525,0.9846757311148101
2023-12-21,233.1860809326172,234.29161071777344,228.88961791992188,229.5570526123047,162612095,BITCOIN_CASH,0.01581193555924032,0.01568822922662994,0.023053564049121,0.0275046773866998,228.33871023995536,233.02868092854817,0.9798738478460904
2023-12-22,238.7271881103516,243.5013732910156,232.18165588378903,233.1705780029297,248327711,BITCOIN_CASH,0.023762598331654283,0.023484662172089128,0.015378511896359415,0.02724515867571718,230.0218266078404,233.5169255574544,0.9850327810659957
2023-12-23,233.23106384277344,238.7809295654297,230.7470550537109,238.72488403320312,187359813,BITCOIN_CASH,-0.023022615526462675,-0.023291775136097415,0.018955955533235022,0.02762686930820243,230.53871154785156,233.78186950683593,0.9861274188378003
2023-12-24,229.19573974609372,233.79177856445312,227.3707275390625,233.2312469482422,184178169,BITCOIN_CASH,-0.017301829482714304,-0.01745325530543927,0.019176876631195695,0.027820041563469886,231.00357491629464,233.87144622802734,0.9877374029280321
2023-12-25,234.9774627685547,236.9493408203125,228.53082275390625,229.2086334228516,191923180,BITCOIN_CASH,0.02522613652795669,0.0249132092600215,0.021004105376006228,0.028171664566478752,232.00988551548548,234.12022399902344,0.9909860906183536
2023-12-26,229.1773223876953,235.0907287597656,223.28289794921875,234.98663330078125,236094205,BITCOIN_CASH,-0.024683815683942067,-0.024993568949234258,0.023144903142119446,0.028566125725222543,232.57874407087053,234.19579671223957,0.9930952960553945
2023-12-27,264.0868530273437,264.5057067871094,227.21902465820312,229.1730194091797,596803711,BITCOIN_CASH,0.15232541455647408,0.14178200029793137,0.05800441425421054,0.03832353577759868,237.5116729736328,235.55234425862628,1.0083180183206129
2023-12-28,262.49664306640625,276.7077941894531,258.1340026855469,264.10595703125,696442353,BITCOIN_CASH,-0.0060215415599381705,-0.006039744149870325,0.05884996423681668,0.038371138945951865,241.69889613560267,236.85358123779295,1.0204570050091206
2023-12-29,254.51272583007807,268.8082580566406,251.2141876220703,262.4530029296875,459219918,BITCOIN_CASH,-0.030415311765752406,-0.030887455629395356,0.06137241190290239,0.038927317726181174,243.95397295270647,237.8942189534505,1.0254724727062061
2023-12-30,271.1043395996094,286.23223876953125,254.39495849609372,254.49790954589844,660308285,BITCOIN_CASH,0.06518972171398807,0.06315292575035447,0.06244499818324458,0.04029563716409057,249.36444091796875,239.54496663411456,1.0409921962537105
2023-12-31,259.262939453125,271.7076416015625,256.4693908691406,271.0721740722656,315116101,BITCOIN_CASH,-0.04367838657239054,-0.044661006786558946,0.06601797303487125,0.04132039854639036,253.65975516183036,240.67983601888017,1.053930230955999
2024-01-01,266.6159362792969,268.5260925292969,256.3830871582031,259.40106201171875,273011073,BITCOIN_CASH,0.028361156599095327,0.027966424983601048,0.06608432327709025,0.041513440035219354,258.17953709193637,241.96086273193356,1.0670301559387783
2024-01-02,256.9635009765625,270.4891967773437,255.38931274414065,266.6797790527344,300655768,BITCOIN_CASH,-0.0362035197049243,-0.036875126686416335,0.06751120497585705,0.04221026669682252,262.1489911760603,242.85696004231767,1.0794378350547622
2024-01-03,233.9602508544922,266.4560241699219,224.33746337890625,256.98046875,415537419,BITCOIN_CASH,-0.08951952333560564,-0.09378282247776111,0.05133966483717951,0.042720355658057825,257.8451908656529,242.2792856852213,1.0642477756049498
2024-01-04,239.56756591796875,240.0231170654297,233.66624450683597,233.97296142578125,221787623,BITCOIN_CASH,0.02396695610898436,0.02368425667182699,0.05360580516837002,0.04298248174606196,254.5696084158761,241.88116658528642,1.0524573368390622
2024-01-05,239.58287048339844,240.8262939453125,231.3397521972656,239.5657501220703,253547290,BITCOIN_CASH,6.388412960256495e-05,6.388208909846084e-05,0.05316468922566471,0.042691182765804525,252.436771937779,241.71571858723956,1.0443539767012298
2024-01-06,236.0817413330078,242.78836059570312,232.0385284423828,239.5755157470703,212617756,BITCOIN_CASH,-0.014613436859348572,-0.014721264909377587,0.042770621099374774,0.04271717782036077,247.4335436139788,241.3523010253906,1.025196538681222
2024-01-07,232.1685028076172,239.55665588378903,230.74322509765625,236.08462524414065,194108741,BITCOIN_CASH,-0.01657577796273013,-0.01671469339725173,0.04133933594847132,0.042468702640479396,243.56290980747767,240.63755086263018,1.0121567017880657
2024-01-08,253.8999938964844,255.49240112304688,223.1665954589844,232.191650390625,375612797,BITCOIN_CASH,0.0936022364191007,0.0894770514320047,0.0560907236832435,0.04569711863747381,241.74634660993303,240.67536875406898,1.004449885592399
2024-01-09,245.189453125,256.5728759765625,240.5681915283203,253.92974853515625,351740119,BITCOIN_CASH,-0.034306975111766724,-0.034909274891067675,0.055920768817075535,0.046128792078247244,240.06433977399553,240.4832626342773,0.99825799577196
2024-01-10,254.23910522460935,259.7375793457031,235.00277709960935,245.1351318359375,326715011,BITCOIN_CASH,0.036908814731911654,0.03624399358937159,0.042048360128676354,0.04374117913056135,242.96131896972656,241.274858601888,1.0069897890630257
2024-01-11,276.5281066894531,286.9382019042969,251.28079223632807,254.29690551757807,618582477,BITCOIN_CASH,0.08766944583584979,0.08403728410608262,0.05025930580490721,0.04616230874862877,248.24139622279577,242.75758107503256,1.0225896761842763
2024-01-12,259.4555053710937,296.81414794921875,253.0500946044922,276.56005859375,715701199,BITCOIN_CASH,-0.061739117671435584,-0.06372724249596463,0.05951306737461885,0.04783473260216666,251.08034406389507,243.5573252360026,1.0308880827977676
2024-01-13,254.2232208251953,262.133056640625,252.0791015625,259.4586181640625,290470802,BITCOIN_CASH,-0.020166404017578077,-0.020372521753111408,0.05996284557355386,0.04801791220576169,253.67198399135046,244.12063344319662,1.0391255356560276
2024-01-14,246.0057830810547,258.6366577148437,245.6628570556641,254.2372589111328,238067684,BITCOIN_CASH,-0.03232371031044001,-0.03285765911127453,0.06147864393909797,0.04766507969995018,255.64873831612724,244.7559804280599,1.0445045627445617
2024-01-15,250.4188995361328,257.3055725097656,245.7116241455078,245.9675445556641,227614648,BITCOIN_CASH,0.01793907606482592,0.0177800696427761,0.05072685115052653,0.04771770879940413,255.15143912179127,245.44951477050782,1.0395271685925092
2024-01-16,251.1593017578125,256.19647216796875,249.27171325683597,250.37689208984372,216494444,BITCOIN_CASH,0.0029566547215533756,0.002952292414424201,0.048603659480950065,0.0475825775183279,256.0042746407645,246.29010162353515,1.0394419952454195
2024-01-17,244.0523834228516,251.28369140625,241.4932556152344,251.1553192138672,225618926,BITCOIN_CASH,-0.028296456811358506,-0.028704517762161468,0.047483339852277685,0.047930784218335416,254.54902866908483,246.82740478515626,1.0312834950019008
2024-01-18,237.42599487304688,244.616943359375,233.84591674804688,244.0533905029297,203425435,BITCOIN_CASH,-0.027151501070668327,-0.02752691402803141,0.02627396697289804,0.048172650335565406,248.9630126953125,247.23509419759114,1.0069889693586154
2024-01-19,236.43170166015625,237.7614288330078,227.33447265625,237.42860412597656,206989711,BITCOIN_CASH,-0.004187802660034268,-0.0041965960642083,0.019084034393001843,0.04807015437814586,245.67389787946428,247.46427256266276,0.9927651185172797
2024-01-20,238.890869140625,239.7688751220703,235.080078125,236.4375,143029544,BITCOIN_CASH,0.01040117489829484,0.01034745485858982,0.02064799624277769,0.048023686106202494,243.48356192452567,247.65443216959636,0.9831585075682617
2024-01-21,236.9248504638672,242.4431915283203,236.9126434326172,238.9058074951172,147163319,BITCOIN_CASH,-0.00822977740350761,-0.0082638289748238,0.01778297066814625,0.047856206514694764,242.18628583635603,247.59435424804684,0.9781575455219271
2024-01-22,235.01434326171875,240.3723907470703,231.201904296875,236.9600982666016,270560061,BITCOIN_CASH,-0.008063768736829124,-0.008096456764340718,0.014566472891859084,0.04768405534645703,239.98563494001115,247.653796895345,0.9690367680549864
2024-01-23,229.54351806640625,237.4127197265625,219.3202362060547,235.0138702392578,260253542,BITCOIN_CASH,-0.023278686395834303,-0.023553914708683458,0.014364211848232883,0.04777509556900573,236.89766584123885,247.66538950602214,0.9565230988219229
2024-01-24,236.37936401367188,237.9470672607422,228.56419372558597,229.54283142089844,195225843,BITCOIN_CASH,0.029780174168490436,0.02934535632619774,0.01952097241119731,0.047861406263098795,235.80152021135603,247.71211954752604,0.9519175752969776
2024-01-25,236.7863311767578,237.93898010253903,234.7041473388672,236.36117553710935,177660138,BITCOIN_CASH,0.0017216695915232005,0.0017201892173319422,0.016715167163767822,0.04762446906727189,235.71013968331474,247.96575317382812,0.9505753785204282
2024-01-26,242.0111083984375,242.7001953125,234.67466735839844,236.7595977783203,164559325,BITCOIN_CASH,0.022065366677688214,0.021825449303396388,0.01852224877773022,0.03979706116308046,236.5071977887835,247.22989501953126,0.9566286381754089
2024-01-27,243.7912139892578,244.51434326171875,239.53289794921875,241.9708404541016,176692375,BITCOIN_CASH,0.0073554705922407315,0.00732855104180178,0.018366165715110582,0.039835630751056124,237.2072470528739,246.60638071695965,0.9618860889294121
2024-01-28,236.90118408203125,245.46099853515625,235.48629760742188,243.79702758789065,166929403,BITCOIN_CASH,-0.028262010736490928,-0.02866906922996125,0.02174251021121205,0.039783074086428415,237.20386614118303,246.0193293253581,0.9641675993168948
2024-01-29,241.2978515625,241.78790283203125,234.6900634765625,236.88702392578125,164159496,BITCOIN_CASH,0.018559077691001846,0.018388959608316005,0.022396304067113255,0.03804134309786211,238.10151018415178,245.0257797241211,0.9717406488910454
2024-01-30,237.38525390625,243.58453369140625,236.86705017089844,241.2978515625,170467048,BITCOIN_CASH,-0.016214805191651638,-0.016347703719346806,0.02105660239760144,0.037339512568850694,239.22175816127233,244.29652353922526,0.9792270258109583
2024-01-31,234.2543792724609,238.8311004638672,232.9396209716797,237.39456176757807,186941232,BITCOIN_CASH,-0.013189002190614363,-0.013276749466678804,0.01881912212309505,0.03691929337426771,238.9181889125279,243.21780497233073,0.9823219518805708
2024-02-01,236.6152801513672,237.17071533203125,230.6651763916016,234.24935913085935,158977457,BITCOIN_CASH,0.01007836389756589,0.010027915860765513,0.01929650767572569,0.03648337768265434,238.8937530517578,242.5395309448242,0.984968314736719
2024-02-02,236.2069091796875,237.76976013183597,234.57894897460935,236.6177520751953,131568380,BITCOIN_CASH,-0.0017258858828493873,-0.0017273769397326845,0.016716528425327226,0.032180341500751,238.06458173479353,242.61441955566406,0.9812466306446117
2024-02-03,240.6577911376953,241.7821807861328,236.17739868164065,236.2158966064453,153085026,BITCOIN_CASH,0.01884314888783356,0.018667815884182086,0.018401597032097917,0.03206757822472323,237.61694989885603,242.6507603963216,0.9792549156275305
2024-02-04,235.22705078125,243.69119262695312,233.81629943847656,240.6281890869141,184417282,BITCOIN_CASH,-0.022566235361721754,-0.02282474937926674,0.01706598863226415,0.032340850704472415,237.37778799874442,242.50556640625,0.9788550073984057
2024-02-05,235.4398498535156,237.66099548339844,234.306396484375,235.2378845214844,148993672,BITCOIN_CASH,0.0009046539144150767,0.0009042449616845177,0.014894347675595913,0.03223141798323684,236.54093061174666,242.48417002360026,0.9754901962826061
2024-02-06,235.1861724853516,237.16546630859372,234.52691650390625,235.44155883789065,163839292,BITCOIN_CASH,-0.0010774614761343004,-0.0010780423550378236,0.01377725908175419,0.03207939186356681,236.22677612304688,242.5847590128581,0.9737906745844894
2024-02-07,240.5064697265625,240.8129730224609,234.689453125,235.1975860595703,148607995,BITCOIN_CASH,0.02262164133625788,0.022369566491126137,0.015145229452111917,0.027696290153718415,237.11993190220423,242.138308207194,0.9792747527553731
2024-02-08,244.4889373779297,244.8486328125,240.4169464111328,240.50376892089844,171364551,BITCOIN_CASH,0.016558671606194064,0.01642307165932772,0.015766295753462334,0.02716116323263753,238.24474007742745,242.11495768229167,0.9840149586712326
2024-02-09,250.30352783203125,253.4197540283203,244.50473022460935,244.50473022460935,216806589,BITCOIN_CASH,0.023782632116043034,0.023504230759968388,0.01690162501409346,0.026668537960003503,240.25854274204798,241.98377176920573,0.9928704763358958
2024-02-10,247.73220825195312,251.4709625244141,243.70611572265625,250.31329345703125,150933342,BITCOIN_CASH,-0.010272805990188205,-0.010325935433827866,0.01747485547025144,0.02139490686704877,241.26917375837053,241.02390848795574,1.0010175972664017
2024-02-11,276.5019226074219,282.7867736816406,246.9868927001953,247.73434448242188,730387312,BITCOIN_CASH,0.11613231302652771,0.10986941699104344,0.04034999443681485,0.02726166099694682,247.16558401925224,241.59212239583334,1.0230697158837287
2024-02-12,280.8579406738281,288.1115417480469,267.4097595214844,276.6849670410156,534826120,BITCOIN_CASH,0.015754024512122156,0.015631217986756814,0.03937220003495606,0.027028783523076458,253.6538827078683,242.47994639078777,1.046081898661724
2024-02-13,270.8520812988281,285.8793334960937,268.0388488769531,280.8519592285156,328586647,BITCOIN_CASH,-0.03562605120223472,-0.036276145900027534,0.04511605418426936,0.027193273451941696,258.749012538365,243.30815633138022,1.0634621396989037
2024-02-14,281.2616577148437,291.9614562988281,265.7129821777344,270.77392578125,469160002,BITCOIN_CASH,0.03843269863793597,0.037712555915219145,0.04561067100570417,0.027798384166166784,264.57118225097656,244.33624827067058,1.0828159314204175
2024-02-15,270.6659240722656,282.2859191894531,267.2340393066406,281.2286376953125,421814453,BITCOIN_CASH,-0.037672158120181876,-0.038400094397962985,0.05116877580825608,0.028850871840084936,268.31075177873885,244.98646901448566,1.0952064122483192
2024-02-16,274.8199768066406,274.9676208496094,265.8943786621094,270.6646423339844,378009847,BITCOIN_CASH,0.015347527578927433,0.015230945594464494,0.051022299757669115,0.028322900571299815,271.8131016322545,246.01205546061198,1.1048771619071058
2024-02-17,267.4199523925781,274.81219482421875,260.258056640625,274.81219482421875,233218469,BITCOIN_CASH,-0.02692680677747472,-0.027295975347303963,0.0527099239985515,0.028314078193470104,274.6256365094866,247.01185404459636,1.1117913250426628
2024-02-18,270.4164428710937,271.55926513671875,265.5129699707031,267.41143798828125,170527092,BITCOIN_CASH,0.011205186642605725,0.011142873592916484,0.030242246562063774,0.028300101117744208,273.7562822614397,248.1446787516276,1.1032123825449718
2024-02-19,273.1034545898437,273.3285217285156,267.5062255859375,270.4383544921875,210590890,BITCOIN_CASH,0.009936569278928387,0.009887526186866006,0.029720237631970042,0.02829693555131894,272.64849853515625,249.28509826660155,1.0937216080343815
2024-02-20,265.4651794433594,273.4005432128906,258.3062744140625,273.10223388671875,312167987,BITCOIN_CASH,-0.027968431076625277,-0.02836699673287793,0.028410138737950567,0.028841471394087183,271.87894112723217,250.23644256591797,1.0864881962810555
2024-02-21,263.1250915527344,266.13543701171875,255.9720764160156,265.45416259765625,231191873,BITCOIN_CASH,-0.00881504646120379,-0.008854128828027535,0.02206774989282051,0.02885256980821637,269.28800310407365,251.17346750895183,1.07211962224663
2024-02-22,260.16876220703125,265.5233764648437,259.5995178222656,263.1244201660156,192047055,BITCOIN_CASH,-0.011235452036358229,-0.011299046518106889,0.018194401916286417,0.028537466071501538,267.7884085518973,252.19430898030598,1.0618336695805815
2024-02-23,264.5448608398437,266.6666259765625,259.6177978515625,260.1498718261719,189044000,BITCOIN_CASH,0.016820230821293247,0.016680337254273696,0.018477687097941772,0.02824443903146772,266.3205348423549,253.1331588745117,1.0520965962202553
2024-02-24,267.6621398925781,270.09991455078125,263.3573303222656,264.557373046875,159597826,BITCOIN_CASH,0.011783555510540111,0.011714670036110729,0.016573208499455795,0.028278564679333908,266.35513305664057,254.1623524983724,1.0479724099120709
2024-02-25,267.8255920410156,270.4248962402344,265.8407287597656,267.6665954589844,161409575,BITCOIN_CASH,0.0006106659257192337,0.0006104795451564623,0.01586985215450805,0.02808423914329882,265.9850115094866,255.02283528645833,1.0429850770450215
2024-02-26,274.89813232421875,276.4686584472656,262.6242980957031,267.8261108398437,230049730,BITCOIN_CASH,0.026407260894321105,0.02606460843136965,0.018707509237683193,0.028381859635641663,266.24139404296875,256.05973256429036,1.0397628372751737
2024-02-27,292.5193786621094,311.0049133300781,274.80078125,274.8973388671875,824513989,BITCOIN_CASH,0.06410100421165432,0.06213031518435386,0.02521901231966775,0.029593150034351534,270.1062796456473,257.9136723836263,1.0472739857074558
2024-02-28,296.7937927246094,312.6141052246094,284.6575012207031,292.52984619140625,670196449,BITCOIN_CASH,0.014612413311042127,0.01450668076025571,0.023174465833591847,0.029550220591252157,274.9160940987723,259.76353708902997,1.0583321168919448
2024-02-29,298.5623779296875,322.6735534667969,292.13299560546875,296.7846984863281,694427673,BITCOIN_CASH,0.005958969656481905,0.005941285216051394,0.020389528719291828,0.02922395439068119,280.40089634486606,261.80277455647786,1.0710386733673676
2024-03-01,316.1250305175781,318.6593322753906,297.406494140625,298.4423217773437,422717646,BITCOIN_CASH,0.05882406453778555,0.05715891923661836,0.024689019161714246,0.03029506739484257,287.76949201311385,264.53179626464845,1.0878446223727958
2024-03-02,500.8060607910156,502.6207885742188,316.1112365722656,316.17779541015625,2934086433,BITCOIN_CASH,0.5842024909291967,0.46008112040458715,0.16515490932407534,0.08758157881133521,321.07576642717635,273.3381556193034,1.1746467144322155
2024-03-03,469.36279296875,525.2508544921875,459.2616271972656,501.09271240234375,2172425729,BITCOIN_CASH,-0.06278531807822263,-0.06484290674160673,0.17270644958541445,0.08899228048271164,349.8667951311384,281.11001841227215,1.2445902750361195
2024-03-04,470.4231567382813,476.0616760253906,438.16302490234375,469.6398620605469,1502795369,BITCOIN_CASH,0.002259155999188689,0.0022566079431900685,0.1741772158047908,0.08906952937978871,377.7989414760045,288.76886393229165,1.3083091311554556
2024-03-05,401.4908447265625,479.2146301269531,371.2442321777344,471.4237365722656,1415399701,BITCOIN_CASH,-0.14653256546651916,-0.15844789267945894,0.19586505455929643,0.09470459505292908,393.36629377092635,294.3109903971354,1.336566783456263
2024-03-06,415.1284484863281,420.7047729492188,385.10540771484375,401.4948425292969,799980731,BITCOIN_CASH,0.03396740906770512,0.033403256312613615,0.19550081800472227,0.09469028747419761,410.27124459402904,300.3006103515625,1.3662018339347486
2024-03-07,432.400634765625,438.80963134765625,398.8231201171875,415.1284484863281,747708408,BITCOIN_CASH,0.041606848054562384,0.04076456700370675,0.194695519194756,0.09469396678726777,429.39099557059154,306.87442576090496,1.3992400784324168
2024-03-08,437.7683715820313,445.85150146484375,420.2042541503906,432.3984069824219,725669296,BITCOIN_CASH,0.012413804201087286,0.012337384721405163,0.1952687064331463,0.09470411666983096,446.76861572265625,313.44982248942057,1.4253273846972283
2024-03-09,433.648193359375,456.426513671875,427.3447570800781,437.7683715820313,591969159,BITCOIN_CASH,-0.009411776843919917,-0.009456347495398823,0.06996774058553984,0.09485523546646385,437.1746346609933,319.7551310221354,1.3672169489931638
2024-03-10,423.9754333496094,446.2189331054688,414.0293884277344,433.6483154296875,557238332,BITCOIN_CASH,-0.022305546657148345,-0.02255807765541686,0.0672820983742482,0.0951538543434807,430.6907261439732,325.544194539388,1.3229869657278235
2024-03-11,448.73834228515625,455.5777282714844,408.0856323242188,423.97698974609375,826784007,BITCOIN_CASH,0.05840647119553144,0.05676444793023837,0.07250034624180603,0.09526403415895766,427.5928955078125,332.24439900716146,1.2869830064421819
2024-03-12,434.3209533691406,448.73834228515625,413.2445983886719,448.73834228515625,705846784,BITCOIN_CASH,-0.032128720809985745,-0.03265617659103166,0.03399537183168403,0.09416507016594157,432.2829110281808,337.5050333658854,1.280819153175555
2024-03-13,442.5234069824219,451.8923645019531,424.7401428222656,434.2847595214844,690137309,BITCOIN_CASH,0.018885696279796527,0.018709575505016868,0.032831674676783114,0.09416740009827784,436.1964765276228,342.8938822428385,1.2721034090036845
2024-03-14,441.2276916503906,471.48089599609375,420.2702331542969,442.52337646484375,1011438433,BITCOIN_CASH,-0.0029280153582535995,-0.002932310381200342,0.02983128961959919,0.0937352136690492,437.45748465401783,348.5730692545573,1.2549950734563193
2024-03-15,416.3032531738281,444.3124084472656,388.78466796875,441.22857666015625,763061215,BITCOIN_CASH,-0.05648883546572936,-0.058147081138857415,0.03711592500846819,0.09460872602114971,434.3910391671317,353.0744557698568,1.2303100155460671
2024-03-16,388.6847839355469,420.6546020507813,382.5898742675781,416.3032531738281,515159877,BITCOIN_CASH,-0.06634218932406255,-0.06864527760905624,0.043851271790592485,0.0953344930427419,427.9676949637277,357.0084177652995,1.1987607957330504
2024-03-17,402.6595153808594,407.2947998046875,370.9772338867188,388.68499755859375,481342541,BITCOIN_CASH,0.03595389380519154,0.03532263879791383,0.04762367846518036,0.09542804280554947,424.9225638253348,361.2697357177734,1.1761919746227718
2024-03-18,401.5744934082031,410.5715637207031,384.4044799804688,402.6595153808594,452506764,BITCOIN_CASH,-0.0026946388479853756,-0.0026982759224499584,0.03875493175637124,0.09517760003635828,418.1848711286272,365.7415537516276,1.1433890047194732
2024-03-19,359.2396850585937,411.2204895019531,351.5081481933594,401.5755004882813,731923248,BITCOIN_CASH,-0.10542205504714619,-0.11140324181640746,0.05318457022479284,0.09787606851320184,407.458975655692,368.70232849121095,1.1051163612746342
2024-03-20,409.9807434082031,410.208251953125,348.9519348144531,359.2396850585937,668448924,BITCOIN_CASH,0.1412456932238244,0.13212037918395075,0.07998939298933498,0.10040564770637812,402.81002371651783,373.26490478515626,1.079153219476573
2024-03-21,414.4288024902344,435.2151184082031,404.5779724121094,409.9792785644531,648916371,BITCOIN_CASH,0.010849434158917148,0.010791001310437628,0.08038475738817162,0.10009609560038281,398.9816109793527,378.23035888671876,1.054864057326633
2024-03-22,431.5363464355469,432.5784301757813,393.63714599609375,414.4159240722656,605142312,BITCOIN_CASH,0.04127981415026194,0.04045054712646425,0.07895337195278751,0.10009829031650744,401.1577671595982,383.8440673828125,1.0451060762638245
2024-03-23,456.816650390625,475.3690490722656,421.51361083984375,431.5363464355469,969866091,BITCOIN_CASH,0.05858209665047043,0.056930368009363394,0.07347170752170969,0.10022015081300342,410.8908909388951,390.3989969889323,1.0524896173095029
2024-03-24,484.7536315917969,497.8091125488281,446.2447204589844,456.816650390625,905012893,BITCOIN_CASH,0.061155785756239256,0.05935867802997191,0.07469113958371756,0.10049207583575595,422.6186218261719,397.7392893473307,1.0625518603396382
2024-03-25,488.04595947265625,505.8142395019531,474.100830078125,484.7536315917969,1012118329,BITCOIN_CASH,0.006791754958179963,0.006768794891279408,0.07415798645128636,0.10051051084290522,434.971688406808,405.0854166666667,1.0737777034435527
2024-03-26,480.10736083984375,494.4664611816406,469.08404541015625,488.04595947265625,600500877,BITCOIN_CASH,-0.016266088221261632,-0.016399833357579965,0.04877130321056411,0.10067164892038641,452.2384992327009,412.1614756266276,1.0972362192394194
2024-03-27,539.7933349609375,551.3453979492188,479.4212341308594,480.10736083984375,1460761937,BITCOIN_CASH,0.12431797341470885,0.11717660596146803,0.04425830171130678,0.10224001744549722,470.7831551688058,420.99131571451824,1.1182728422076342
2024-03-28,569.156982421875,585.3680419921875,528.4859008789062,539.7953491210938,1200994117,BITCOIN_CASH,0.054397943729820986,0.05296993458383707,0.042569596406626255,0.10213117679917115,492.8871808733259,430.2125691731771,1.1456828930419276
2024-03-29,621.78271484375,637.7060546875,556.4142456054688,569.156982421875,1535887261,BITCOIN_CASH,0.09246259651940347,0.08843441080601086,0.04542215966182092,0.10282895412008262,520.0652335030692,441.0455332438151,1.1791644950535551
2024-03-30,597.110107421875,622.9341430664062,591.5826416015625,621.78271484375,648865139,BITCOIN_CASH,-0.039680433104473,-0.04048916773039578,0.05713677068570024,0.10346770616036882,540.107155936105,450.99712422688805,1.1975844787524352
2024-03-31,680.4213256835938,691.443603515625,590.6242065429688,597.1167602539062,1008114145,BITCOIN_CASH,0.13952404627921844,0.13061067196380718,0.06701480398748812,0.10515661811716123,568.0596836635044,463.1403340657552,1.2265390031498598
2024-04-01,649.0584106445312,700.2962646484375,620.2125854492188,680.3960571289062,1501793106,BITCOIN_CASH,-0.0460933745830987,-0.047189489245596086,0.07520899017487453,0.06658629905624706,591.0614624023438,468.0820790608724,1.2627303817916053
2024-04-02,639.1395263671875,649.0509033203125,589.8909912109375,649.0503540039062,1297935218,BITCOIN_CASH,-0.015281959396372446,-0.015399931982600831,0.07508324369173835,0.0653042410677429,613.7803431919643,473.741303507487,1.2956023438270128
2024-04-03,594.6307983398438,642.8534545898438,563.0863037109375,639.1395263671875,1154343285,BITCOIN_CASH,-0.06963851583444924,-0.072182075705125,0.07709506429771285,0.06701191586944227,621.6142665318081,477.8815582275391,1.300770569254384
2024-04-04,668.4983520507812,681.6694946289062,592.2933959960938,594.55859375,1966188490,BITCOIN_CASH,0.12422423109796732,0.11709322543464697,0.08583596070748256,0.06214486235606078,635.805890764509,486.7818084716797,1.3061414368805428
2024-04-05,657.8128662109375,713.0036010742188,648.8736572265625,668.4983520507812,1899990157,BITCOIN_CASH,-0.015984311415373598,-0.016113438373419383,0.08153726375010882,0.06235126818308378,640.9530552455357,494.8712890625,1.2951914354534038
2024-04-06,695.160400390625,714.0624389648438,657.74267578125,657.848876953125,1612294144,BITCOIN_CASH,0.056775317264335046,0.055222117844529066,0.08005310571719251,0.06260985333931904,654.9602399553571,503.62994791666665,1.300479136843805
2024-04-07,684.9078369140625,708.3209838867188,675.7245483398438,695.160400390625,715347978,BITCOIN_CASH,-0.014748486062786892,-0.01485832630611056,0.06443188396761441,0.06285850021844071,655.6011701311384,511.86793009440106,1.2808014169010926
2024-04-08,680.6610107421875,709.4932250976562,680.1904296875,684.9075927734375,884595693,BITCOIN_CASH,-0.00620058049125205,-0.00621988392683855,0.06110636625892601,0.06281798580579971,660.1158272879464,520.1016906738281,1.2692053095092235
2024-04-09,672.5899047851562,694.4515991210938,659.240234375,680.7141723632812,942180380,BITCOIN_CASH,-0.01185774685144747,-0.011928610678939435,0.06091002689562606,0.06262836936575218,664.8944527762277,528.3888397216797,1.258343104154982
2024-04-10,629.482421875,672.7896118164062,603.3048706054688,672.588134765625,1161061008,BITCOIN_CASH,-0.06409177807080824,-0.0662378608065564,0.05964576674581595,0.06384033014855398,669.8732561383929,534.4136423746745,1.253473345406756
2024-04-11,614.3172607421875,629.467529296875,601.0624389648438,629.467529296875,531145133,BITCOIN_CASH,-0.02409147675266443,-0.024386423142626176,0.0357594938528374,0.06366167021737058,662.1331002371652,540.4135192871094,1.2252341523776518
2024-04-12,534.7660522460938,617.891357421875,505.7550964355469,614.320068359375,986769076,BITCOIN_CASH,-0.1294953171265023,-0.1386821402668262,0.05991583305918318,0.06928863340687606,644.5549839564732,543.4882741292317,1.1859593198936424
2024-04-13,481.4837646484375,551.1442260742188,446.9825744628906,534.7593383789062,1241330163,BITCOIN_CASH,-0.09963663058614702,-0.10495685334725026,0.052222216872247915,0.0722005581216901,614.0297502790179,544.8301432291667,1.1270113408918796
2024-04-14,527.90087890625,529.7763671875,457.4591674804688,481.4837646484375,982260976,BITCOIN_CASH,0.09640431862059695,0.0920360243484379,0.07549543219763571,0.07302296080098639,591.6001848493304,548.5500640869141,1.0784798390901205
2024-04-15,507.9172058105469,566.6868896484375,493.0061950683594,527.90087890625,890446926,BITCOIN_CASH,-0.037854972200665804,-0.038590083130892544,0.07426311417735691,0.0721371486341548,566.9224984305246,552.5244781494141,1.026058610705057
2024-04-16,487.4125671386719,510.0460205078125,465.9005737304688,507.9172058105469,757483532,BITCOIN_CASH,-0.040370041489642405,-0.041207528714056765,0.07311455164588887,0.07252335242972537,540.4685930524554,555.3495798746745,0.9732042890433493
2024-04-17,463.6148071289063,489.6588745117188,449.1393432617188,487.412109375,557879247,BITCOIN_CASH,-0.04882467464774043,-0.05005687448843176,0.07262233893628418,0.0732393822436976,516.7732195172991,557.4175903320313,0.9270845206185152
2024-04-18,483.3103332519531,488.1336669921875,454.8056945800781,463.61956787109375,492755084,BITCOIN_CASH,0.042482521740446755,0.04160490883367543,0.07950341447290143,0.07013058976889262,498.05794416155135,561.5532786051432,0.8869291002960403
2024-04-19,477.1127624511719,489.69183349609375,446.0408630371094,483.3103332519531,592472882,BITCOIN_CASH,-0.012823170485681379,-0.01290609701983243,0.06483053312357111,0.06630875998462976,489.82175990513394,563.7910125732421,0.868800227356411
2024-04-20,515.57373046875,522.0184936523438,471.7188415527344,477.1158142089844,481997719,BITCOIN_CASH,0.0806119036095041,0.07752745810795146,0.059725901176151924,0.06761443109134356,494.69175502232144,567.162510172526,0.8722222399217473
2024-04-21,502.52093505859375,518.1041259765625,495.4931335449219,515.5736083984375,333859362,BITCOIN_CASH,-0.02531702962889304,-0.02564301945354413,0.04815209375351676,0.06757309287054139,491.0660487583705,569.5286631266276,0.8622323695922361
2024-04-22,522.2345581054688,528.0584716796875,497.28912353515625,502.52093505859375,350700875,BITCOIN_CASH,0.03922945627046648,0.038479531113478384,0.04854489257952085,0.06716760893028449,493.1113848005022,571.7092600504558,0.862521248574814
2024-04-23,505.4361267089844,522.8160400390625,502.9811096191406,522.2345581054688,317009725,BITCOIN_CASH,-0.03216644922431933,-0.0326951581689606,0.04731559366970217,0.06667407431749311,495.6861790248326,572.3986765543619,0.8659806518224125
2024-04-24,479.0196533203125,511.3694458007813,474.4481506347656,505.4406433105469,365292368,BITCOIN_CASH,-0.05226471158814039,-0.05368004735258596,0.04803499157152696,0.06741529448026423,497.8868713378906,572.0977996826172,0.8702827936309202
2024-04-25,478.7244567871094,485.6326293945313,467.7991943359375,479.0152282714844,337139336,BITCOIN_CASH,-0.000616251402540513,-0.0006164413634825534,0.045190760525136146,0.06734947469069301,497.2317461286272,572.0517028808594,0.8692077020740644
2024-04-26,482.4371032714844,492.7309875488281,467.8858337402344,478.7244567871094,300240918,BITCOIN_CASH,0.007755288938634752,0.007725371265950245,0.044984689280947635,0.06364003236142225,497.9923662458147,570.1398284912109,0.873456547604605
2024-04-27,477.4198303222656,484.7651977539063,466.7556457519531,482.4371032714844,309938819,BITCOIN_CASH,-0.010399848840803916,-0.010454305156097651,0.030037926109599836,0.06273808749936086,492.54180908203125,567.0819234212239,0.8685549454839088
2024-04-28,470.6212768554688,486.8470153808594,468.8340759277344,477.4198303222656,236288399,BITCOIN_CASH,-0.014240199160155731,-0.014342563753061852,0.029415980740129445,0.060164902507595375,487.9847150530135,562.0432088216146,0.8682334514389509
2024-04-29,465.6100158691406,473.79241943359375,448.30169677734375,470.6212768554688,330553401,BITCOIN_CASH,-0.010648181951763203,-0.010705279526498614,0.02064986845090928,0.05987728004591497,479.89549473353793,557.6598724365234,0.8605523159426588
2024-04-30,434.15716552734375,469.61572265625,421.2178039550781,465.61126708984375,462026012,BITCOIN_CASH,-0.06755191956746198,-0.06994180683456838,0.028757154998135602,0.05481615032721994,469.71278599330356,549.4510670979818,0.8548764651130275
2024-05-01,424.0386352539063,435.3014526367188,399.7004089355469,434.15716552734375,534977086,BITCOIN_CASH,-0.02330614596939129,-0.02358202913516459,0.025213220703696707,0.05450634820122294,461.8583548409598,541.9504079182942,0.8522151622968992
2024-05-02,429.9698486328125,434.0450134277344,411.8739013671875,424.0386352539063,308029753,BITCOIN_CASH,0.013987436251780894,0.013890514807991465,0.027331508371192397,0.05474573449129087,454.8934108189174,534.9780853271484,0.8503028877168719
2024-05-03,453.3455505371094,457.9335021972656,426.60162353515625,429.9698486328125,349672737,BITCOIN_CASH,0.05436590955999643,0.05293955264251439,0.037239085310723875,0.05486437083964106,450.7374747140067,530.2685770670573,0.8500173199156148
2024-05-04,463.5088195800781,478.9064331054688,453.066650390625,453.3455505371094,358128520,BITCOIN_CASH,0.02241837166136884,0.022170773632046087,0.03900950143928163,0.04984683825446656,448.7501874651228,523.4355926513672,0.8573169149466142
2024-05-05,469.2642822265625,472.1885070800781,456.5005798339844,463.5088195800781,231293769,BITCOIN_CASH,0.012417158861612654,0.012340698242964805,0.039159415570104515,0.05004027678574029,448.5563310895647,517.1506398518881,0.8673610675953746
2024-05-06,473.3588562011719,483.94927978515625,463.8734130859375,469.26416015625,337432461,BITCOIN_CASH,0.008725518070928917,0.008687670737180025,0.038995522264663775,0.04860922538861707,449.6633082798549,509.7572550455729,0.8821126209172923
2024-05-07,471.1045837402344,493.6477355957031,467.4046630859375,473.3592834472656,387695587,BITCOIN_CASH,-0.00476229066258238,-0.0047736664998251944,0.023596668971988477,0.048629434993713416,454.94151088169644,502.63047993977864,0.9051212153632308
2024-05-08,448.2036743164063,472.5580139160156,445.2866516113281,471.1045837402344,348316667,BITCOIN_CASH,-0.04861109446656453,-0.04983235625287799,0.031043215547630648,0.04908578477332362,458.39365931919644,494.88190205891925,0.9262687873856041
2024-05-09,454.960693359375,456.85107421875,443.47662353515625,448.2036743164063,267752419,BITCOIN_CASH,0.015075777888867936,0.014963267725568587,0.031080242158197803,0.049368276105321685,461.96377999441967,487.6275950113932,0.9473700519012385
2024-05-10,426.7308654785156,456.2049865722656,422.8780517578125,454.9870910644531,285659678,BITCOIN_CASH,-0.06204893805751377,-0.06405750410616308,0.03422892134127457,0.04928878614182957,458.16168212890625,480.8692097981771,0.9527781625303036
2024-05-11,429.4651794433594,433.9058837890625,426.05078125,426.7308654785156,194706217,BITCOIN_CASH,0.006407584231756136,0.006387142936991022,0.032327855283061015,0.049362912366301276,453.29830496651783,474.7074737548828,0.9549002912909273
2024-05-12,433.1579284667969,437.831298828125,428.526123046875,429.4649353027344,164145761,BITCOIN_CASH,0.008598482950873398,0.008561726545608326,0.03190388295978973,0.04326981336240509,448.14025442940846,471.32053629557294,0.950818434417575
2024-05-13,437.3409423828125,447.6558532714844,421.9918212890625,433.1579284667969,266985849,BITCOIN_CASH,0.009657018009163076,0.009610687051200013,0.03200267900613655,0.03919202239825693,442.99483816964283,469.84910888671874,0.9428449044402668
2024-05-14,428.7911071777344,438.655029296875,426.6369323730469,437.3394775390625,257117254,BITCOIN_CASH,-0.01954958792217143,-0.019743208742111818,0.0319935852539131,0.03490406889667795,436.95005580357144,466.5454498291016,0.9365648212057986
2024-05-15,464.11572265625,466.2270202636719,424.3751220703125,428.7911071777344,371656141,BITCOIN_CASH,0.08238187520030249,0.07916405272343496,0.04284974779726014,0.03772790703748047,439.22320556640625,465.085400390625,0.9443925893986413
2024-05-16,444.84912109375,465.3505554199219,442.7225341796875,464.1213684082031,265379271,BITCOIN_CASH,-0.04151249488431985,-0.04239875245445709,0.04599285694225323,0.037770102481783925,437.7786952427455,463.6666188557943,0.9441669454727337
2024-05-17,466.2641296386719,476.8539733886719,442.5953369140625,444.8496398925781,451040195,BITCOIN_CASH,0.04813993673241135,0.04701710440128149,0.04031144716684903,0.03776195463316742,443.42630440848217,463.7549296061198,0.9561651555598486
2024-05-18,475.79290771484375,490.9467468261719,465.220947265625,466.2641296386719,400393285,BITCOIN_CASH,0.02043643821272756,0.020230416382092782,0.04029215502732679,0.03715029281697854,450.04455130440846,463.5043487548828,0.9709607957581594
2024-05-19,484.9183044433594,496.274169921875,473.8381652832031,475.79290771484375,475853440,BITCOIN_CASH,0.019179345846795925,0.018997740566446923,0.04022301504577002,0.03724010813007103,457.4388907296317,463.7645334879557,0.9863602274396683
2024-05-20,516.750732421875,516.750732421875,477.3843383789063,484.9183044433594,603764607,BITCOIN_CASH,0.0656449296445023,0.06358018362054993,0.043781190792227004,0.036321591098217955,468.7831464494978,463.80376688639325,1.0107359618843377
2024-05-21,515.1150512695312,527.9810180664062,510.0365295410156,516.7470092773438,653802741,BITCOIN_CASH,-0.003165319465882055,-0.003170339686075508,0.041416049517205844,0.03600321714054,481.1151384626116,464.22357076009115,1.036386708401866
2024-05-22,498.79437255859375,515.3020629882812,496.4347229003906,515.114990234375,402178200,BITCOIN_CASH,-0.031683560149745604,-0.032196344454192435,0.03899943420048002,0.035765893278680065,486.06923130580356,463.442231241862,1.0488237768131514
2024-05-23,490.9042053222656,514.55224609375,474.5372009277344,498.79437255859375,531630155,BITCOIN_CASH,-0.015818476852204832,-0.015944924199562557,0.03400417342729717,0.03539139322718207,492.6485290527344,462.9578338623047,1.064132612127394
2024-05-24,494.8669128417969,499.6725158691406,480.94189453125,490.9028015136719,376270122,BITCOIN_CASH,0.008072262320364176,0.008039855889542041,0.03074569615945568,0.03398788826624651,496.7346409388951,463.48607584635414,1.0717358445597898
2024-05-25,493.4154052734375,498.6882934570313,491.3402404785156,494.8674926757813,278239148,BITCOIN_CASH,-0.002933127131139246,-0.002937437178530834,0.03051929169768855,0.033994535574268826,499.2521405901228,463.97577412923175,1.0760306214847017
2024-05-26,483.971435546875,493.6876831054688,481.5008544921875,493.4154052734375,280188399,BITCOIN_CASH,-0.019139997709088363,-0.019325538784274725,0.031063200432775835,0.03416851656540345,499.1168736049107,464.02691853841145,1.0756205161050254
2024-05-27,489.1649169921875,502.51556396484375,481.78955078125,483.971435546875,309836261,BITCOIN_CASH,0.010730966879158865,0.010673798670529703,0.015446737922159098,0.034161090596625976,495.17604282924106,464.4184214274089,1.0662282544850339
2024-05-28,470.170166015625,489.1937255859375,461.76568603515625,489.1649169921875,436966181,BITCOIN_CASH,-0.038830975641832244,-0.03960500165015368,0.0192759683737624,0.03485186787716599,488.7553449358259,464.40338439941405,1.0524370867105217
2024-05-29,465.5042724609375,474.3714294433594,463.3364868164063,470.170166015625,310986837,BITCOIN_CASH,-0.009923840115649618,-0.009973409636287263,0.017327068998742753,0.0348443944771518,483.99961635044644,464.3998596191406,1.0422044846167262
2024-05-30,465.2304992675781,474.39111328125,459.900634765625,465.5042419433594,254871814,BITCOIN_CASH,-0.0005881217629046809,-0.000588294774346537,0.017401358833060793,0.032248513763731015,480.33194405691967,465.4356374104818,1.0320050839452597
2024-05-31,454.9013671875,468.5384521484375,448.344970703125,465.2304992675781,257453971,BITCOIN_CASH,-0.02220218170635735,-0.022452360079963835,0.0166107924077689,0.03221788986878687,474.6225803920201,466.4643951416016,1.0174894061270034
2024-06-01,463.0711975097656,464.9303894042969,454.3775939941406,454.9013977050781,184767899,BITCOIN_CASH,0.017959564229883318,0.017800196543646882,0.02000512613419916,0.03227407391021983,470.2876935686384,467.5677734375,1.0058171676613679
2024-06-02,458.3445739746094,464.5645751953125,453.8782958984375,463.0719299316406,204501658,BITCOIN_CASH,-0.010207120547713555,-0.010259570415984043,0.019517844495352425,0.03089965130614768,466.62671334402904,467.7344075520833,0.9976317880614097
2024-06-03,464.8462829589844,471.2911682128906,455.0487365722656,458.344970703125,251105225,BITCOIN_CASH,0.014185198982491265,0.01408553048654024,0.020089464291672035,0.030737742822193704,463.15262276785717,467.77898966471355,0.9901099301185536
2024-06-04,477.0933227539063,479.1919250488281,460.1847839355469,464.8462829589844,287270755,BITCOIN_CASH,0.026346429441068686,0.026005340284824232,0.017654956566426315,0.031025346776583414,464.1416451590402,468.0399576822917,0.9916709835148355
2024-06-05,495.13134765625,497.5778198242188,476.9119873046875,477.0933227539063,285638569,BITCOIN_CASH,0.037808168846764634,0.037110959231724826,0.020954674699476566,0.03170883569387517,468.37408447265625,468.7657073974609,0.9991645657550785
2024-06-06,495.8234558105469,501.9044494628906,487.7302856445313,495.13134765625,308007650,BITCOIN_CASH,0.0013978273796904084,0.001396851328460252,0.020819206556214425,0.03168674952814947,472.7445068359375,469.5896697998047,1.0067182845769962
2024-06-07,478.025146484375,519.4896240234375,469.0709838867188,495.8223571777344,536658669,BITCOIN_CASH,-0.03589646499695365,-0.03655658868327255,0.02470201667819379,0.031028039045503105,476.0479038783482,470.58371887207034,1.011611504578558
2024-06-08,469.8932189941406,484.4852600097656,465.9952392578125,477.9809265136719,298913751,BITCOIN_CASH,-0.017011505670863625,-0.01715786355338258,0.025688308776533275,0.031124598185430712,477.02247837611606,471.0814697265625,1.0126114250535094
2024-06-09,474.4519348144531,475.471923828125,465.6462097167969,469.861083984375,248749607,BITCOIN_CASH,0.009701599503970204,0.009654841164716781,0.025190691877009216,0.02861366499964149,479.3235299246652,472.6721720377604,1.0140718203448065
2024-06-10,468.9225463867188,474.6488952636719,462.06732177734375,474.4474487304688,282512743,BITCOIN_CASH,-0.011654264683095272,-0.01172270791579734,0.025514626121110776,0.028742130233671594,479.9058532714844,473.98741760253904,1.0124864826557658
2024-06-11,446.3967895507813,468.9769592285156,434.8058471679688,468.9368286132813,372317398,BITCOIN_CASH,-0.04803726544929354,-0.04922938933644298,0.028960598233217925,0.030248817663543506,475.52063424246654,474.4287129720052,1.0023015497178094
2024-06-12,454.10943603515625,466.1671447753906,439.8754577636719,446.3961791992188,309627044,BITCOIN_CASH,0.017277558138660387,0.017129998354693803,0.02419303076766784,0.030353567834900452,469.66036115373885,474.98766276041664,0.9887843368905249
2024-06-13,431.5286560058594,455.7046203613281,430.72406005859375,454.1106567382813,295548514,BITCOIN_CASH,-0.04972541470719127,-0.051004299000415476,0.02715451095177555,0.03160986090383262,460.4753897530692,475.07891438802085,0.969260844477252
2024-06-14,422.8840637207031,439.8710632324219,411.8221740722656,431.4947204589844,290871259,BITCOIN_CASH,-0.020032487216883443,-0.020235858088309813,0.02616260962965273,0.02805885823430402,452.5980922154018,473.70452575683595,0.9554438845444584
2024-06-15,429.7106628417969,432.14697265625,422.5713195800781,422.84478759765625,195278489,BITCOIN_CASH,0.016142956679498832,0.016014044651422286,0.029078598018388597,0.027252994451301714,446.85772705078125,473.1999104817708,0.9443318080847263
2024-06-16,428.1529846191406,433.4825134277344,426.6978454589844,429.7192077636719,172946681,BITCOIN_CASH,-0.0036249466381748086,-0.0036315326780856517,0.027775277434462228,0.025689933977897046,440.24359130859375,471.9295389811198,0.9328587319604216
2024-06-17,420.2284851074219,428.9483947753906,405.64166259765625,428.1435852050781,275760280,BITCOIN_CASH,-0.01850857005882589,-0.018681996897043855,0.027776811029429024,0.025466187684520275,433.2872968401228,470.0773915608724,0.9217360898838601
2024-06-18,389.31488037109375,420.6909790039063,373.4500732421875,420.1836242675781,413991010,BITCOIN_CASH,-0.0735638011983547,-0.07641009822727168,0.03436880501530684,0.028279129609065746,425.1327383858817,466.89061075846354,0.910561764553915
2024-06-19,388.6602783203125,397.8953857421875,385.5561218261719,389.29779052734375,212059873,BITCOIN_CASH,-0.0016814205769820623,-0.0016828357511181609,0.031650971756406514,0.02495137835184137,415.7828587123326,462.6209289550781,0.8987549691092906
2024-06-20,389.8619384765625,400.22747802734375,385.9397583007813,388.6602783203125,227242865,BITCOIN_CASH,0.003091800791795052,0.0030870310046857722,0.03001683707352959,0.025032096818643858,409.8304704938616,458.4458251953125,0.8939561622559454
2024-06-21,382.8753356933594,393.7512512207031,377.3739013671875,389.8275451660156,241770183,BITCOIN_CASH,-0.017920710112159677,-0.01808323062059342,0.029959322190548233,0.02471733642378407,404.1149379185268,454.5818572998047,0.888981668381908
2024-06-22,392.1610412597656,396.1449279785156,380.3350524902344,382.8687438964844,177606883,BITCOIN_CASH,0.02425255612140842,0.023963133044764218,0.03141085120091721,0.02538532592051882,398.7507062639509,451.29041849772136,0.8835789325892021
2024-06-23,381.1669616699219,396.1653442382813,381.1669616699219,392.1531677246094,169313535,BITCOIN_CASH,-0.02803460423943882,-0.028435076224812592,0.031568233082543036,0.02548934956971259,392.03841727120533,447.50042012532555,0.8760626798102498
2024-06-24,363.9482727050781,383.5332336425781,345.6747741699219,381.1705322265625,367138327,BITCOIN_CASH,-0.04517361339347814,-0.046225749157258994,0.033525988953406534,0.026362110474465045,383.9983869280134,443.1848490397135,0.8664519731666268
2024-06-25,388.6441650390625,393.5743408203125,363.7201843261719,363.9336242675781,324782473,BITCOIN_CASH,0.06785550086673009,0.06565243257036976,0.03689802902843033,0.029696201242752355,383.90257045200894,440.0072733561198,0.8724914193436468
2024-06-26,373.6109924316406,396.8505859375,373.4199523925781,388.6399841308594,231622959,BITCOIN_CASH,-0.038681071169332726,-0.03944905323700012,0.03979074868619265,0.030057197700690378,381.75267246791293,436.1554758707682,0.8752674071230171
2024-06-27,388.7424926757813,391.5429382324219,370.2091064453125,373.58978271484375,249899601,BITCOIN_CASH,0.040500682663691334,0.03970202294330352,0.04337462299209892,0.030750644008230583,381.5927516392299,433.44122009277345,0.8803794700410682
2024-06-28,385.3994140625,405.8716430664063,384.0180969238281,388.7351379394531,279403507,BITCOIN_CASH,-0.008599725206962394,-0.008636916218944227,0.04287725492096801,0.03074616528762279,381.95333426339283,430.77105814615885,0.8866736217310998
2024-06-29,380.4427185058594,388.5091857910156,379.1665649414063,385.4081726074219,161900666,BITCOIN_CASH,-0.0128611912104174,-0.012944612365609039,0.041830565539681834,0.030749848708521235,380.279288155692,427.9447987874349,0.8886176189854362
2024-06-30,393.6454162597656,396.4529113769531,379.1102294921875,380.4472961425781,172000441,BITCOIN_CASH,0.03470351017824225,0.03411492208289774,0.04249958309841554,0.03147678183054509,382.06192452566967,425.90293375651044,0.8970633781642257
2024-07-01,384.1968994140625,397.5183715820313,382.9884948730469,393.5794067382813,195655265,BITCOIN_CASH,-0.024002608579768325,-0.024295365297788765,0.03877324040581551,0.03137169288594621,384.95458548409596,423.27379048665364,0.9094694595701268
2024-07-02,381.79339599609375,391.1229553222656,378.3669738769531,384.1803894042969,184758001,BITCOIN_CASH,-0.0062559157078944105,-0.006275565944918495,0.029220223422444316,0.03136245260713677,383.9759041922433,420.7220845540365,0.9126592548600249
2024-07-03,373.1245422363281,381.9670715332031,369.6036682128906,381.7962036132813,309827762,BITCOIN_CASH,-0.02270561474000543,-0.022967356808874937,0.026265130023482956,0.03126991833843479,383.90641130719865,417.66469319661456,0.9191737237087352
2024-07-04,331.47320556640625,373.83203125,330.89288330078125,373.0910949707031,320890173,BITCOIN_CASH,-0.11162850993473628,-0.11836527880361038,0.04644901501806159,0.036615554881724334,375.72508457728793,412.81068929036456,0.9101631675845699
2024-07-05,325.8738098144531,331.3988647460937,289.6138000488281,331.3988647460937,468690544,BITCOIN_CASH,-0.016892453621960568,-0.017036758534519168,0.046130539304090126,0.035419155888684904,367.221426827567,407.1687713623047,0.9018899597798673
2024-07-06,343.05389404296875,343.5633239746094,320.2796325683594,325.8674621582031,230791690,BITCOIN_CASH,0.05272005209101538,0.05137734034205496,0.054363606694551925,0.03729159338749335,361.88016619001115,402.0764526367187,0.9000282503909139
2024-07-07,312.7734680175781,343.0304870605469,311.12139892578125,343.0304870605469,203765363,BITCOIN_CASH,-0.0882672564025695,-0.09240837615474012,0.05639358036349591,0.03985175121832139,350.32703072684154,396.5680633544922,0.8833969830134409
2024-07-08,333.3305969238281,336.5621337890625,299.7061462402344,312.8996887207031,294005484,BITCOIN_CASH,0.06572529644712288,0.06365559689382816,0.0673511291286177,0.04229696669705064,343.0604160853795,392.01597595214844,0.8751184572315881
2024-07-09,331.0573425292969,340.0464172363281,328.82135009765625,333.3280334472656,205966843,BITCOIN_CASH,-0.006819819169047725,-0.006843180409336492,0.06733178508335504,0.042120044463649996,335.8124084472656,387.2361562093099,0.8672031344762946
2024-07-10,340.7474365234375,345.6974792480469,327.52935791015625,331.05572509765625,218127618,BITCOIN_CASH,0.029270137674965113,0.02884994686386145,0.0698017037213715,0.04277538006188267,331.1871076311384,382.9636525472005,0.8648003679417575
2024-07-11,347.4631042480469,366.6850891113281,336.6863708496094,340.7381591796875,277960465,BITCOIN_CASH,0.01970863755609642,0.019516937035795854,0.052383543938424204,0.04247736351951219,333.4713788713728,379.6658630371094,0.8783285813578098
2024-07-12,368.7078552246094,369.2003479003906,341.5185852050781,347.4317932128906,233104741,BITCOIN_CASH,0.061142465823929015,0.05934612566387493,0.05451957018315789,0.04402183404556051,339.5905282156808,376.8191436767578,0.9012029614583161
2024-07-13,375.97796630859375,379.5633239746094,368.7138366699219,368.7138366699219,261496545,BITCOIN_CASH,0.019717809048455326,0.01952593122371985,0.05252753315268302,0.04346751799138956,344.2939671107701,374.9674540201823,0.918196935279185
2024-07-14,376.9600830078125,387.7035217285156,365.2854919433594,375.9429931640625,269171844,BITCOIN_CASH,0.0026121655714597125,0.002608759796649229,0.02659792027106579,0.04338405845471306,353.46348353794644,373.43665466308596,0.9465152365850126
2024-07-15,400.7192993164063,400.7317199707031,376.0260314941406,376.9571228027344,312071188,BITCOIN_CASH,0.0630284674149475,0.061121879259878546,0.026021641784645066,0.04485241416327512,363.09044102260043,372.47027587890625,0.974817225792924
2024-07-16,387.09423828125,404.21820068359375,371.1886291503906,400.668212890625,396734235,BITCOIN_CASH,-0.03400150943166336,-0.03459300732949757,0.033071752128745434,0.045237986715187584,371.095711844308,371.1016510009766,0.9999839958764599
2024-07-17,375.7253112792969,397.7931213378906,372.6299743652344,387.1311340332031,322763583,BITCOIN_CASH,-0.029369920493863888,-0.029809851860542868,0.03818386985584144,0.04541322990312205,376.0925510951451,369.6182118733724,1.0175162884668432
2024-07-18,382.8452453613281,386.0286254882813,371.1753540039063,375.7327270507813,267578836,BITCOIN_CASH,0.018949838800555563,0.018772527121745534,0.03816684538788293,0.04344267465988596,381.1471426827567,369.4025573730469,1.0317934596696616
2024-07-19,391.8265380859375,400.0182800292969,370.3345031738281,382.84759521484375,296593090,BITCOIN_CASH,0.02345932941163431,0.02318838855550801,0.033093349678076756,0.043657265916042076,384.44981166294644,369.5080993652344,1.0404367653195692
2024-07-20,395.6181640625,398.7216491699219,386.3375549316406,391.8265380859375,208701674,BITCOIN_CASH,0.009676797276377602,0.009630276944723746,0.03276291823707336,0.043688156370807675,387.25555419921875,369.69997355143227,1.0474860208377703
2024-07-21,400.7705383300781,401.1235656738281,380.2879638671875,395.6181640625,238719310,BITCOIN_CASH,0.013023603908045356,0.012939525990191299,0.032750413042132165,0.04360047053133579,390.6570478166853,370.2964803059896,1.0549845018615112
2024-07-22,385.781494140625,404.287353515625,383.7500305175781,400.7705383300781,374688068,BITCOIN_CASH,-0.03740056405320902,-0.03811790808172797,0.027332469581329916,0.04397035064328245,388.52307564871654,370.0838287353516,1.0498245140199058
2024-07-23,366.4976196289063,392.39453125,361.2513732910156,385.781494140625,317545733,BITCOIN_CASH,-0.04998652036089979,-0.051279105394425074,0.030806825062296542,0.04466232698507045,385.58070155552457,369.5948506673177,1.0432523636607594
2024-07-24,362.4208679199219,374.4277648925781,360.3771057128906,366.5050048828125,211913383,BITCOIN_CASH,-0.01112354212044353,-0.011185871360731514,0.029360540915528713,0.04389880000006411,383.68006678989957,369.54393717447914,1.0382529063350485
2024-07-25,361.60260009765625,364.9766845703125,347.36578369140625,362.4208679199219,267412875,BITCOIN_CASH,-0.002257783407898062,-0.0022603360437796214,0.02752302272655487,0.04210337146629892,380.64540318080356,368.6425516764323,1.0325595931608744
2024-07-26,377.4776306152344,378.3834838867188,361.4549255371094,361.60260009765625,218018021,BITCOIN_CASH,0.04390187048790817,0.042965491257225714,0.03193775511431954,0.04229117594113721,378.5955592564174,368.7714396158854,1.0266401314883953
2024-07-27,392.1049499511719,397.6997680664063,377.0933227539063,377.4776306152344,287635434,BITCOIN_CASH,0.03875016199528725,0.03801822313965049,0.03573102733706697,0.04223822392566053,378.0936715262277,368.8835215250651,1.0249676373807248
2024-07-28,416.6730346679688,422.8785400390625,389.7191162109375,392.1049499511719,379230665,BITCOIN_CASH,0.06265691040079036,0.06077229128997588,0.04278069959598683,0.043611211179913616,380.3654567173549,369.9259755452474,1.028220459935857
2024-07-29,439.7582702636719,457.971923828125,414.91650390625,416.6730346679688,552096539,BITCOIN_CASH,0.05540371868340088,0.05392336546569492,0.04123579906815751,0.04448924972412124,388.076424734933,371.9031606038412,1.0434878372768657
2024-07-30,432.6112060546875,445.677001953125,428.8737182617188,439.7582702636719,385439890,BITCOIN_CASH,-0.01625225650605533,-0.01638577303313479,0.03256227147379204,0.04429795801887408,397.52122279575894,373.2020202636719,1.0651636411692125
2024-07-31,414.818115234375,440.7234191894531,412.3179626464844,432.6113586425781,309358049,BITCOIN_CASH,-0.04112951900294337,-0.04199926953134779,0.0394230855483331,0.04479131425567992,405.0065438406808,374.2227274576823,1.0822606809376099
2024-08-01,413.147216796875,423.1206665039063,390.1377258300781,414.817626953125,330265168,BITCOIN_CASH,-0.004028026684793962,-0.004036161035215715,0.03959023947032921,0.044777952269390055,412.3700605119978,375.2678548177083,1.0988685953725303
2024-08-02,381.5531005859375,416.3282470703125,379.5459899902344,413.147216796875,344448094,BITCOIN_CASH,-0.07647181180569551,-0.07955395658797937,0.052293190324847874,0.04702868548187568,412.9522705078125,375.54880676269534,1.0995968115770154
2024-08-03,364.3846130371094,385.3769226074219,355.9820556640625,381.5531005859375,300350654,BITCOIN_CASH,-0.044996325603076204,-0.046040090972762696,0.05217004149952247,0.042331410542414204,408.99222237723217,376.64585367838544,1.0858800604943524
2024-08-04,331.857666015625,366.6183471679688,331.5862731933594,364.3846130371094,338173942,BITCOIN_CASH,-0.089265424108816,-0.09350377884907829,0.049578155942603036,0.04575303754112578,396.875741141183,376.84531555175784,1.0531529111887663
2024-08-05,309.95574951171875,333.95587158203125,277.6203308105469,331.8416442871094,733413582,BITCOIN_CASH,-0.06599792244327729,-0.06827661639096885,0.03271678259339979,0.04638550986296097,378.33252389090404,375.74204406738284,1.0068943038566551
2024-08-06,314.6262512207031,330.0059509277344,308.6315002441406,309.95574951171875,343921171,BITCOIN_CASH,0.015068285445073881,0.014955886531367242,0.039516915502339586,0.04332045081397219,361.477530343192,375.803803507487,0.9618783178068351
2024-08-07,312.33428955078125,327.3889465332031,309.99176025390625,314.6262512207031,277606567,BITCOIN_CASH,-0.007284712133934779,-0.007311375216875249,0.04211746812303147,0.0416407748131247,346.8369838169643,375.1039265950521,0.9246423703567259
2024-08-08,354.3216247558594,369.5331726074219,309.6346435546875,312.31304931640625,352545131,BITCOIN_CASH,0.13443075771625002,0.1261309900708324,0.07601420919322097,0.047754480788521556,338.4333278111049,375.87940266927086,0.9003774226726808
2024-08-09,347.96014404296875,357.1910095214844,337.2919311523437,354.3216247558594,314111073,BITCOIN_CASH,-0.017953972516562944,-0.018117100561693678,0.07167673562563208,0.04762252751163305,333.6343340192522,376.1198262532552,0.8870426676061581
2024-08-10,354.6650085449219,358.2238464355469,346.6122436523437,347.96014404296875,189822367,BITCOIN_CASH,0.019269058875677425,0.01908576146384279,0.07092118568992142,0.0476167168699045,332.2458190917969,376.3598897298177,0.882787534373842
2024-08-11,330.2902526855469,357.9990539550781,328.5062561035156,354.6792907714844,177657496,BITCOIN_CASH,-0.06872613669833649,-0.0712018845947625,0.06659186605748857,0.048034255413606945,332.0219029017857,375.0793029785156,0.8852045427865258
2024-08-12,354.6017761230469,358.9184265136719,330.2963256835937,330.2988586425781,290779742,BITCOIN_CASH,0.07360654224527119,0.07102358096230887,0.06377808080824639,0.04978015457653554,338.39990670340404,374.36676330566405,0.9039261490932792
2024-08-13,351.9599609375,364.7131652832031,344.3289489746094,354.60235595703125,261042950,BITCOIN_CASH,-0.0074500901107448225,-0.007477980643071779,0.06458680191298292,0.04978235774575766,343.73329380580356,373.53342590332034,0.9202209761403527
2024-08-14,338.1859436035156,352.39093017578125,336.0010070800781,351.9599609375,218272409,BITCOIN_CASH,-0.039135182585243955,-0.03992154856971394,0.06765333377913843,0.048751827050921306,347.42638724190846,371.4489807128906,0.9353273404469232
2024-08-15,334.6147155761719,344.1620178222656,328.8085021972656,338.1849060058594,219997424,BITCOIN_CASH,-0.010559954057495102,-0.01061610603035473,0.04490932729408984,0.04845671523738551,344.6111145019531,369.699663289388,0.9321380264071367
2024-08-16,338.479248046875,346.1034240722656,329.41119384765625,334.6147155761719,277503253,BITCOIN_CASH,0.011549200590442732,0.011483017659171011,0.04520972240482426,0.04830970471136983,343.25670078822543,368.4581278483073,0.931603009527158
2024-08-17,341.055419921875,347.58428955078125,336.28240966796875,338.479248046875,176731429,BITCOIN_CASH,0.007611018666181968,0.007582200992482016,0.044435414627335475,0.04817497778529617,341.3124738420759,367.0651336669922,0.9298417161890414
2024-08-18,333.3903503417969,345.2036437988281,333.3903503417969,341.055419921875,164347920,BITCOIN_CASH,-0.022474557307530674,-0.02273095913145542,0.035355996309070506,0.048015404550112106,341.7553449358259,365.1172607421875,0.9360153070855293
2024-08-19,338.10125732421875,339.5158386230469,331.09820556640625,333.385009765625,167998447,BITCOIN_CASH,0.014130303944286826,0.014031401788969639,0.019752291619489853,0.048069551786935366,339.3981279645647,363.2000305175781,0.9344661328384403
2024-08-20,335.4502868652344,346.6777038574219,332.12322998046875,338.1015319824219,206346038,BITCOIN_CASH,-0.007840758948856164,-0.007871659326894863,0.01975508027413159,0.04794821170005326,337.0396030970982,361.02268880208334,0.9335690347203277
2024-08-21,349.2322082519531,354.8583679199219,334.45806884765625,335.4490661621094,240728482,BITCOIN_CASH,0.04108484006828572,0.04026328493667343,0.020620150698337586,0.0482682697399313,338.61764090401783,359.80437927246095,0.9411159519200862
2024-08-22,346.5582275390625,351.62921142578125,343.1354064941406,349.2318725585937,166587949,BITCOIN_CASH,-0.007656741416477542,-0.0076862047528241184,0.020287054739956047,0.04742340529308591,340.32385689871654,359.1397328694662,0.9476084814664923
2024-08-23,365.1933898925781,368.2425842285156,346.55670166015625,346.5582275390625,218734147,BITCOIN_CASH,0.05377209620976364,0.05237619923366515,0.027178847728123536,0.04840238030460253,344.1401628766741,359.2321502685547,0.9579882051742915
2024-08-24,363.6802368164063,368.8868103027344,358.33612060546875,365.1949768066406,191318746,BITCOIN_CASH,-0.004143429530903964,-0.004152037320450463,0.027769583726389095,0.04840700086968952,347.37227957589283,359.30140482584636,0.9667991132521856
2024-08-25,356.3801574707031,364.21185302734375,351.1066589355469,363.6802368164063,228595165,BITCOIN_CASH,-0.020072796392806014,-0.020276992110041855,0.027311366652351076,0.04785389115650124,350.6565377371652,358.59815572102866,0.9778537121366524
2024-08-26,342.5382080078125,358.0350341796875,340.3446044921875,356.3801574707031,239610229,BITCOIN_CASH,-0.03884040447461934,-0.03961481145342004,0.03280976696489084,0.04771873112488146,351.29038783482144,356.94593098958336,0.9841557427504981
2024-08-27,324.7033996582031,347.0865783691406,318.0483703613281,342.54010009765625,226143494,BITCOIN_CASH,-0.05206662478132251,-0.053471058502013856,0.03900618268369037,0.04688090868828091,349.755118233817,353.8802764892578,0.9883430681801051
2024-08-28,322.3939514160156,329.4745788574219,315.30206298828125,324.7033996582031,223905263,BITCOIN_CASH,-0.0071124855625734895,-0.00713789986561829,0.03365694845461317,0.04538741386167136,345.92108154296875,349.9681325276693,0.9884359442802108
2024-08-29,322.449951171875,330.7136535644531,318.2591552734375,322.3939514160156,166814961,BITCOIN_CASH,0.00017369977201320275,0.00017368468795451046,0.03393238172398554,0.04541214537411008,342.477042061942,346.2960906982422,0.9889717246631349
2024-08-30,325.1635131835937,326.7728271484375,316.1108703613281,322.449951171875,163701066,BITCOIN_CASH,0.0084154517681172,0.008380239268690646,0.02255558791498213,0.045110739598418534,336.7584882463728,343.30760396321614,0.9809234760860553
2024-08-31,322.2494201660156,326.6273498535156,320.5391540527344,325.1635131835937,102613536,BITCOIN_CASH,-0.008961931149798819,-0.009002330808536112,0.02218137151604463,0.04510435937412766,330.8398001534598,340.2776774088542,0.9722641892725321
2024-09-01,312.7499694824219,322.6195983886719,311.6368408203125,322.2494201660156,139653679,BITCOIN_CASH,-0.029478565636207654,-0.029921790719185194,0.02269233840903151,0.04327308267997121,324.60691615513394,337.98423970540364,0.9604202741467184
2024-09-02,323.7297668457031,325.1840209960937,311.17877197265625,312.7499694824219,167884718,BITCOIN_CASH,0.035107269175603806,0.03450506306246009,0.02796336767389216,0.04324215224373265,321.9199959891183,336.6290781656901,0.9563047783729132
2024-09-03,309.1968078613281,325.8701171875,309.1968078613281,323.7288818359375,193357056,BITCOIN_CASH,-0.0448922541970066,-0.04593112203506408,0.025999205917894865,0.040638478968459575,319.7047685895647,335.87371622721355,0.9518600388882148
2024-09-04,315.29083251953125,319.0618591308594,299.4540100097656,309.1857604980469,178174932,BITCOIN_CASH,0.019709209484905843,0.019517497910371166,0.027859492739606053,0.03884956419050142,318.6900373186384,336.051552327474,0.9483367510473001
2024-09-05,307.4684143066406,316.8160095214844,304.0265808105469,315.29083251953125,144472397,BITCOIN_CASH,-0.024810167014310713,-0.025123126437829112,0.02897012153662395,0.039026480082191395,316.54981776646207,335.8129577636719,0.9426372939105994
2024-09-06,294.8648681640625,312.48712158203125,287.6148986816406,307.4681396484375,213371563,BITCOIN_CASH,-0.04099135246460961,-0.04185518689702817,0.03075134348267433,0.039729492929391916,312.22143990652904,335.2306437174479,0.9313630652742105
2024-09-07,299.4573669433594,308.0719909667969,293.6490783691406,294.8648681640625,148417531,BITCOIN_CASH,0.015574926941590128,0.015454882616881906,0.032735588928709786,0.03177039807088039,308.9654323032924,333.40183512369794,0.9267058538794809
2024-09-08,305.2160949707031,307.8006591796875,298.9897766113281,299.4463195800781,135436999,BITCOIN_CASH,0.01923054385378653,0.01904797384608323,0.033118390868555836,0.03198963639168786,307.88916451590404,331.97703348795574,0.9274411584471081
2024-09-09,322.45269775390625,325.3136901855469,305.2160949707031,305.2160949707031,172859472,BITCOIN_CASH,0.056473439858594654,0.05493641801219626,0.037618890736966,0.0335286432952874,307.70672607421875,330.9032897949219,0.9298992653258925
2024-09-10,329.6400451660156,331.50946044921875,318.5246887207031,322.4523010253906,170652733,BITCOIN_CASH,0.022289617863872513,0.022044835064459818,0.03236267261845887,0.031249427865175247,310.627188546317,330.8816162109375,0.9387864823178683
2024-09-11,337.615966796875,343.4049072265625,320.1967468261719,329.6400451660156,205137277,BITCOIN_CASH,0.024195851650373523,0.02390776970650855,0.032638530983758025,0.028627405306831177,313.81649344308033,330.3154225667318,0.9500509876425214
2024-09-12,333.0194702148437,340.529541015625,330.4661560058594,337.615966796875,171190530,BITCOIN_CASH,-0.01361457109283215,-0.013708099233031752,0.030840021478155632,0.028693764850294862,317.4666442871094,329.68407287597654,0.9629420114769596
2024-09-13,335.8511047363281,337.0822448730469,327.5243530273437,333.0194702148437,166901824,BITCOIN_CASH,0.00850290981382451,0.008466963696836097,0.020481529809121345,0.027826425476016485,323.3218209402902,329.606244913737,0.980933540943402
2024-09-14,327.154296875,337.8517150878906,326.7914428710937,335.85125732421875,245227524,BITCOIN_CASH,-0.025894831783137562,-0.02623600558655123,0.02667221706757379,0.028171438214081263,327.27852521623885,329.35756429036456,0.9936875927577214
2024-09-15,316.6377258300781,329.0856628417969,315.2851257324219,327.154296875,182881544,BITCOIN_CASH,-0.03214559963105135,-0.03267361586070119,0.031353486090542046,0.028659477613270312,328.9101867675781,328.6295135498047,1.0008540718535643
2024-09-16,311.9154663085937,316.9617614746094,309.3701477050781,316.6377258300781,198920950,BITCOIN_CASH,-0.014913761489111388,-0.015026089854778072,0.022880637041826062,0.02868997273989428,327.40486798967635,327.65818176269534,0.999226896237853
2024-09-17,314.1930236816406,321.28253173828125,309.6545104980469,311.9154663085937,184848630,BITCOIN_CASH,0.007301841745781301,0.00727531236329932,0.020561826560701053,0.028499973112555574,325.1981506347656,327.0182708740234,0.9944341940455096
2024-09-18,325.80963134765625,325.8941650390625,307.0740966796875,314.1930236816406,194653140,BITCOIN_CASH,0.03697283768396553,0.03630573573555398,0.02391410294057129,0.02921263371807803,323.5115312848772,326.608550008138,0.9905176434505966
2024-09-19,340.2292175292969,348.9515686035156,325.80963134765625,325.80963134765625,365393921,BITCOIN_CASH,0.044257703868349374,0.043306301785554356,0.029536141021114515,0.030286264359364632,324.541495186942,326.7678476969401,0.9931867454962614
2024-09-20,335.6577453613281,345.07647705078125,332.846435546875,340.2292175292969,221485678,BITCOIN_CASH,-0.013436447936970963,-0.013527533837714175,0.030030805636032044,0.02942941156397368,324.5138724190848,326.31536560058595,0.9944792879177311
2024-09-21,345.7752380371094,346.6807556152344,331.636962890625,335.6577453613281,152676406,BITCOIN_CASH,0.0301422887319045,0.029696937100392756,0.029345503266832093,0.02993767573227476,327.1740068708147,326.2892659505208,1.0027115232176471
2024-09-22,342.9818725585937,346.8246459960937,334.8514099121094,345.7752380371094,160097412,BITCOIN_CASH,-0.008078558471604325,-0.008111366840782504,0.02480090822484575,0.02827397803867829,330.9374564034598,325.54888203938805,1.016552274209376
2024-09-23,342.42919921875,348.9223022460937,337.64312744140625,342.9818725585937,192148182,BITCOIN_CASH,-0.0016113776967885407,-0.0016126773621849238,0.022859505107939864,0.028271398033133912,335.2965611049107,324.84051411946615,1.0321882478661488
2024-09-24,348.152099609375,350.778564453125,337.4798583984375,342.42919921875,203850391,BITCOIN_CASH,0.016712653020483526,0.01657453340741695,0.0227185519524737,0.028250785539293225,340.1478576660156,324.5662455240885,1.0480074941766262
2024-09-25,343.22100830078125,355.4508361816406,342.1428527832031,348.1498107910156,212850621,BITCOIN_CASH,-0.01416361215148898,-0.014264873393195389,0.02272934038447952,0.027415895330845475,342.6351972307478,324.58900553385416,1.0555970516229067
2024-09-26,351.9991455078125,357.6687316894531,339.5717163085937,343.22100830078125,235151901,BITCOIN_CASH,0.025575757295539958,0.025254169322544654,0.018637059657362322,0.025836946969256074,344.31661551339283,325.4988637288412,1.0578120352525344
2024-09-27,359.0396728515625,364.2591552734375,351.8868408203125,351.9991455078125,264022346,BITCOIN_CASH,0.020001546690100458,0.019804143657873623,0.017371694210053693,0.02595152492053529,347.6568908691406,326.7203877766927,1.0640807977577378
2024-09-28,353.09991455078125,360.8158874511719,346.85125732421875,359.0396728515625,195300825,BITCOIN_CASH,-0.016543459539182792,-0.016681830781310334,0.017282383275186008,0.026209189546988244,348.7032732282366,327.74205322265624,1.0639564553876155
2024-09-29,352.8612365722656,357.73492431640625,346.6228942871094,353.0820007324219,196199677,BITCOIN_CASH,-0.0006759502584963162,-0.0006761788158737128,0.01670488717293612,0.026197555256173035,350.11461094447543,328.6653106689453,1.0652618319586984
2024-09-30,337.37799072265625,353.32794189453125,335.61236572265625,352.861572265625,222103505,BITCOIN_CASH,-0.04387913503907481,-0.044870946138659884,0.025062493951646277,0.02753555433238799,349.3930097307478,329.1695963541667,1.06143767103819
2024-10-01,318.2869873046875,346.9056091308594,314.1782531738281,337.37799072265625,304853275,BITCOIN_CASH,-0.056586392541719266,-0.05825048438791627,0.031009790259449724,0.029093010847630833,345.1265651157924,329.3541636149088,1.0478888784273126
2024-10-02,316.298095703125,323.9666748046875,310.50616455078125,318.28326416015625,226461466,BITCOIN_CASH,-0.006248736771819696,-0.006268341841391709,0.031094535458563093,0.028397835896868975,341.28043474469865,329.1064412434896,1.0369910520596652
2024-10-03,320.2301940917969,322.23828125,309.1224975585937,316.2959899902344,240219460,BITCOIN_CASH,0.012431622074520865,0.012354983964490904,0.028842267851724945,0.02716910847144648,336.7420131138393,329.47422078450523,1.0220587586853649
2024-10-04,324.7106018066406,325.5118103027344,318.6153259277344,320.2301940917969,188846591,BITCOIN_CASH,0.013991209440916696,0.013894235940996313,0.027771080273646283,0.027057321308895987,331.8378601074219,329.7882130940755,1.0062150402348118
2024-10-05,321.6606140136719,325.4635314941406,318.5011901855469,324.7106018066406,130406755,BITCOIN_CASH,-0.009392941825733692,-0.009437333702700767,0.02780496728777212,0.026684469203287774,327.3465314592634,330.26128641764325,0.9911743971266015
2024-10-06,324.4873352050781,325.2454528808594,321.0790405273437,321.6602783203125,124485113,BITCOIN_CASH,0.0087878996316475,0.008749510782645001,0.028732212638736848,0.02541847518061673,323.2931169782366,331.2487019856771,0.9759830454889314
2024-10-07,324.4577331542969,332.41412353515625,321.1130676269531,324.4867553710937,232662830,BITCOIN_CASH,-9.122713760933987e-05,-9.123129905775134e-05,0.024919549626374667,0.02531810106859557,321.4473658970424,332.08204752604166,0.967975740609208
2024-10-08,328.7540283203125,333.219970703125,322.40753173828125,324.458251953125,200392818,BITCOIN_CASH,0.013241463300159628,0.013154561423096362,0.009781728784597207,0.025209292185278304,322.9426574707031,332.86664530436195,0.9701862954019179
2024-10-09,320.572509765625,330.0743103027344,318.58935546875,328.7546081542969,167522875,BITCOIN_CASH,-0.02488644351063607,-0.025201346571964014,0.01468406327281958,0.023656789999754027,323.5532880510603,332.80397237141926,0.9722038043763644
2024-10-10,322.5751647949219,325.1151123046875,317.5360412597656,320.5728759765625,175685487,BITCOIN_CASH,0.006247120287266705,0.0062276879202222395,0.014130375562874773,0.023317871702139677,323.8882838657924,332.5684763590495,0.9738995331479171
2024-10-11,326.8042297363281,328.8378601074219,322.0180053710937,322.5751647949219,151465097,BITCOIN_CASH,0.013110324051434308,0.013025127580732989,0.0140018633866235,0.02300403083519599,324.18737357003346,332.2080851236979,0.9758563625846796
2024-10-12,329.4590759277344,332.923828125,325.1742553710937,326.8042297363281,146537217,BITCOIN_CASH,0.008123659211963785,0.00809083991451882,0.013395483667573246,0.022935733262963,325.3014395577567,332.0894053141276,0.9795598244094836
2024-10-13,321.1786499023437,329.5268249511719,318.1198425292969,329.4590759277344,149198960,BITCOIN_CASH,-0.025133397834233517,-0.02545463563628768,0.016906561345924644,0.023318612758072985,324.82877022879467,331.60032348632814,0.9795791717380136
2024-10-14,368.0122985839844,368.0841369628906,319.4667053222656,321.1786499023437,410845988,BITCOIN_CASH,0.14581806323639745,0.13611884760572654,0.05475967199673822,0.03384235593507953,331.0508510044643,332.9622568766276,0.9942593917698259
2024-10-15,354.6675720214844,383.9180908203125,346.7770690917969,368.0122985839844,612331359,BITCOIN_CASH,-0.03626163205373034,-0.036935423753290814,0.058633275657591515,0.03400980491907291,334.7527858189174,334.22991841634115,1.0015643943697612
2024-10-16,365.4289245605469,370.2337646484375,351.9092712402344,354.6675720214844,447274937,BITCOIN_CASH,0.030342081960655243,0.02989086551083709,0.05665343461058027,0.03414175696796946,341.1608450753348,336.0137003580729,1.0153182584870106
2024-10-17,369.3623352050781,374.4607238769531,360.9576416015625,365.4300842285156,323021012,BITCOIN_CASH,0.010763818570906691,0.010706301046481568,0.05651410463725459,0.0341544223404708,347.8447265625,337.85267740885416,1.0295751664017565
2024-10-18,367.1418151855469,376.3393249511719,363.8491516113281,369.3681640625,303447320,BITCOIN_CASH,-0.006011766246545869,-0.0060299096657909215,0.05732260364047839,0.033704752378444086,353.60723876953125,339.2304168701172,1.0423806981462944
2024-10-19,363.72308349609375,368.4596862792969,361.7007751464844,367.1418151855469,175417450,BITCOIN_CASH,-0.009311746981817803,-0.009355372327732918,0.05812918222174295,0.03294889182793283,358.5020969935826,340.0135457356771,1.0543759255764424
2024-10-20,369.35589599609375,369.8941650390625,357.7776184082031,363.7339172363281,233339219,BITCOIN_CASH,0.015486541150640187,0.015367848529145748,0.05548299169337114,0.03289480129290215,365.38456072126115,341.1368174235026,1.0710792329039533
2024-10-21,363.7775573730469,378.1859130859375,359.0672302246094,369.35589599609375,265056162,BITCOIN_CASH,-0.015102882297311049,-0.015218092298031356,0.02215408950181939,0.03266806493474356,364.7795976911272,341.7368947347005,1.0674281978664182
2024-10-22,357.16131591796875,365.9845886230469,354.5358581542969,363.7775573730469,214889463,BITCOIN_CASH,-0.018187602068846953,-0.018355029681596344,0.017933332618345208,0.03282721054437679,365.13584681919644,342.2095428466797,1.0669949288433151
2024-10-23,347.0507202148437,357.27313232421875,339.5334167480469,357.16131591796875,212510742,BITCOIN_CASH,-0.02830820487134511,-0.02871660800417771,0.015745057673723604,0.03328140249716962,362.51038905552457,342.36359354654945,1.0588461971095529
2024-10-24,367.38958740234375,370.3706970214844,346.90789794921875,347.9410400390625,295183980,BITCOIN_CASH,0.05860488396309682,0.05695189403690459,0.028846189351552223,0.03474055211304776,362.2285679408482,343.0048431396484,1.0560450535486265
2024-10-25,348.0643615722656,373.4409790039063,344.4532165527344,367.39556884765625,370369875,BITCOIN_CASH,-0.05260145222601054,-0.05403542134779867,0.03529261540309509,0.03610639900956413,359.5032174246652,343.1662882486979,1.047606451261109
2024-10-26,347.7802429199219,356.413330078125,346.5236511230469,348.0669250488281,189752488,BITCOIN_CASH,-0.0008162819400996391,-0.0008166152796142007,0.03537023623884909,0.03580169619637872,357.22566877092635,343.0256581624349,1.0413963511783926
2024-10-27,352.1592712402344,353.3833923339844,347.0345153808594,347.7828063964844,162404003,BITCOIN_CASH,0.012591365983146918,0.01251275393539936,0.03509271583048723,0.035684350642508036,354.76900809151783,342.7963114420573,1.034926562071495
2024-10-28,365.2552185058594,367.4704284667969,344.49658203125,352.1576232910156,280381234,BITCOIN_CASH,0.03718756919135968,0.03651278964271518,0.03832529145914891,0.03617820373951773,354.9801025390625,343.2014882405599,1.0343198229089456
2024-10-29,385.384521484375,388.4923095703125,363.9862365722656,365.2541198730469,442798064,BITCOIN_CASH,0.05511024061711711,0.05364525494490724,0.041892530639798226,0.0374227653553322,359.0119890485491,344.2855977376302,1.04277376517545
2024-10-30,369.8304138183594,386.5310974121094,367.3707275390625,385.3846435546875,359629190,BITCOIN_CASH,-0.04035996984545798,-0.04119703342757388,0.04406699710633379,0.037266601031022646,362.26623099190846,345.3673451741536,1.0489301784140403
2024-10-31,358.219970703125,377.2573852539063,349.8980712890625,369.8304138183594,376030299,BITCOIN_CASH,-0.03139396512947901,-0.03189731852393033,0.0406436326398459,0.036062687100623894,360.95628574916293,346.6984446207682,1.0411246180927938
2024-11-01,349.5990295410156,359.2394104003906,344.4457092285156,358.219970703125,273732546,BITCOIN_CASH,-0.024066054009183047,-0.024360373147420625,0.0357620149883311,0.03638907911819836,361.17552403041293,347.8084757486979,1.038432209718124
2024-11-02,353.3771667480469,356.5190734863281,342.2245178222656,349.5993957519531,217277347,BITCOIN_CASH,0.0108070586236797,0.010749079712584642,0.035950797119923404,0.0363765343732625,361.97508457728793,348.9133748372396,1.0374353942325694
2024-11-03,340.2908935546875,353.80615234375,335.0462951660156,353.3771667480469,277290045,BITCOIN_CASH,-0.03703202816918194,-0.03773512647975612,0.038493811565171294,0.03707186442305995,360.27960205078125,349.43271789550784,1.0310414096899678
2024-11-04,329.0894470214844,341.5669860839844,322.61163330078125,340.2908935546875,265898977,BITCOIN_CASH,-0.03291726797679628,-0.03347123183874762,0.034863070779728535,0.03757405053705172,355.1130632672991,349.6803456624349,1.0155362395177585
2024-11-05,343.36505126953125,344.9583740234375,327.0946044921875,329.0894470214844,249764943,BITCOIN_CASH,0.043379100658657466,0.042464581367845325,0.031270575777544905,0.038318063312709635,349.1102818080357,350.3096028645833,0.9965763968594055
2024-11-06,378.5013732910156,383.03314208984375,343.22784423828125,343.36505126953125,693259435,BITCOIN_CASH,0.10232934857981046,0.0974255304896425,0.050808333430173026,0.04209474699290639,350.3489903041295,352.1110575358073,0.994995706059306
2024-11-07,377.6909484863281,386.3945617675781,371.4493713378906,378.5013732910156,359758040,BITCOIN_CASH,-0.0021411409888449917,-0.0021434365084848314,0.04856712015242005,0.04208691337038311,353.1305585588728,353.74228820800784,0.9982706912079018
2024-11-08,377.42822265625,383.0251159667969,365.6027221679688,377.6909484863281,390020359,BITCOIN_CASH,-0.0006956106073789936,-0.0006958526566920983,0.04676497526286491,0.04172429888742401,357.1061575753348,355.6374786376953,1.0041297079915914
2024-11-09,406.3508911132813,406.61431884765625,370.4314575195313,377.42822265625,435832514,BITCOIN_CASH,0.07663091078213613,0.0738366382151243,0.05245459438978932,0.04355392465659236,364.67383248465404,358.4300028483073,1.0174199413741298
2024-11-10,442.1380310058594,453.0811462402344,396.3116760253906,406.3434448242188,1090610989,BITCOIN_CASH,0.08806954943431244,0.0844050705031114,0.050338070997488736,0.04574947802317198,379.22342354910717,362.274462890625,1.046784861740584
2024-11-11,473.3267211914063,477.26470947265625,423.9671936035156,442.1370239257813,1002017140,BITCOIN_CASH,0.07054061853623628,0.06816377184596632,0.0401059436297761,0.04695833103294609,399.82874843052457,367.07005106608074,1.0892437213804362
2024-11-12,434.3050231933594,473.3289794921875,420.8152770996094,473.3267211914063,1046905545,BITCOIN_CASH,-0.0824413586873477,-0.08603878685861634,0.06612579460633528,0.04984226590252832,412.82017299107144,370.84093017578124,1.1132001335327029
2024-11-13,439.2732849121094,449.64300537109375,404.33734130859375,434.2893981933594,924206089,BITCOIN_CASH,0.011439567708011689,0.011374630618910196,0.05998902144316459,0.043800119928315326,421.5018746512277,373.21629638671874,1.1293769289604558
2024-11-14,414.5817565917969,445.0203552246094,411.172119140625,439.2732849121094,675972965,BITCOIN_CASH,-0.0562099475847998,-0.05785153967419362,0.06690911115054922,0.044663444379792194,426.77199009486606,375.21343587239585,1.1374112686092734
2024-11-15,433.191162109375,435.42822265625,410.93853759765625,414.5759582519531,520649465,BITCOIN_CASH,0.04488717899833006,0.04390891690736071,0.06747415955633727,0.045002675188368174,434.73812430245533,377.47217712402346,1.1517090547301885
2024-11-16,462.042236328125,481.8152770996094,429.3029174804688,431.4165954589844,802471705,BITCOIN_CASH,0.06660125307788589,0.06447719401761981,0.06630486369560608,0.04626330228305079,442.69403076171875,380.56150716145834,1.163265391877639
2024-11-17,432.03131103515625,485.6870727539063,425.9366455078125,462.042236328125,801735981,BITCOIN_CASH,-0.06495277473216998,-0.06715824266111209,0.06588411257589541,0.0481843329889694,441.2502136230469,382.7244903564453,1.1529186784260772
2024-11-18,451.98638916015625,469.2617492675781,432.03076171875,432.03131103515625,605139453,BITCOIN_CASH,0.04618896273325013,0.04515400203564767,0.06219488667933668,0.048633414325603204,438.2015947614397,385.6666005452474,1.1362186773288625
2024-11-19,447.0617980957031,459.7451477050781,440.7442321777344,451.98638916015625,506264726,BITCOIN_CASH,-0.010895441063177969,-0.010955231070114521,0.0518184141095653,0.04871913606477846,440.0239911760603,388.256797281901,1.1333323569775722
2024-11-20,440.3277893066406,453.9173889160156,430.1485290527344,447.0617980957031,454972041,BITCOIN_CASH,-0.0150628141741177,-0.015177410578632825,0.052170817575010894,0.048718515177104675,440.1746346609933,390.8084716796875,1.1263180472243373
2024-11-21,486.0648498535156,533.6788940429688,429.9026184082031,440.3276672363281,2198657781,BITCOIN_CASH,0.10387048389313458,0.09882262565873416,0.05647397749776055,0.05129722519547289,450.3865051269531,395.1052561442057,1.1399152456796748
2024-11-22,490.2834777832031,501.3301696777344,474.6234436035156,486.048583984375,906194077,BITCOIN_CASH,0.008679146272269733,0.0086416989998415,0.05583864814670386,0.050768844859888904,458.5425502232143,399.8796813964844,1.1467012993054906
2024-11-23,509.9440612792969,564.1494750976562,487.828369140625,490.2828674316406,1773571615,BITCOIN_CASH,0.040100440636891,0.039317286025443474,0.05306570116901504,0.050324792093276276,465.3856680733817,404.6314971923828,1.1501469146681707
2024-11-24,514.7054443359375,525.1842041015625,482.78033447265625,509.9440612792969,956982722,BITCOIN_CASH,0.009337069334028003,0.009293748354034894,0.03975388977707389,0.04881122451452053,477.1962585449219,410.1861999511719,1.1633649757152404
2024-11-25,491.65716552734375,529.560791015625,484.7273559570313,514.7053833007812,965075712,BITCOIN_CASH,-0.044779551221437286,-0.04581312872269007,0.0463877033967844,0.049930210285096484,482.86351231166293,414.9820973714193,1.1635767310691674
2024-11-26,492.5515441894531,504.5390625,473.8035278320313,491.6503601074219,669553524,BITCOIN_CASH,0.0018191103980964574,0.0018174578206199541,0.04557754717153865,0.04996120129697914,489.36204746791293,419.6618398030599,1.1660865989091649
2024-11-27,519.6979370117188,523.0794067382812,486.7175903320313,492.5515441894531,796745568,BITCOIN_CASH,0.05511381121936787,0.05364863904267416,0.045697261973953456,0.05035715288563553,500.7006399972098,424.8099304199219,1.1786462701148968
2024-11-28,511.9243774414063,522.2720947265625,498.7605895996094,519.4590454101562,716434291,BITCOIN_CASH,-0.014957841886020673,-0.015070838610231937,0.03299120620110218,0.04994717363715828,504.39485822405135,429.0279256184896,1.1756690604624682
2024-11-29,518.328369140625,522.3468627929688,500.7226867675781,511.9245300292969,521915378,BITCOIN_CASH,0.012509643965825212,0.012432044857714267,0.03304594688927427,0.04902259486584658,508.4012712751116,433.9778574625651,1.171491269733655
2024-11-30,525.2651977539062,535.3505859375,507.3683776855469,518.3289794921875,787619820,BITCOIN_CASH,0.013383077265831211,0.013294314952245399,0.030276328025368924,0.0483405474827976,510.59000505719865,439.54603169759116,1.161630337294197
2024-12-01,532.6294555664062,535.982177734375,511.3776245117188,525.2639770507812,639650950,BITCOIN_CASH,0.01402007565700214,0.013922703451309994,0.030455411174699024,0.04782948746214529,513.1505780901227,445.6470458984375,1.1514730834927809
2024-12-02,538.0313110351562,558.864501953125,496.1868286132813,532.6294555664062,1611257901,BITCOIN_CASH,0.010141863939923557,0.010090780336136649,0.020716138462673724,0.04783119777215342,519.7754560198102,451.80218404134115,1.1504491885595873
2024-12-03,583.9658813476562,587.8036499023438,519.8336791992188,538.034423828125,1796306978,BITCOIN_CASH,0.08537527346526219,0.08192580135327565,0.03241321556189553,0.04835356242671358,532.8346470424107,459.9246836344401,1.158525876088706
2024-12-04,584.1792602539062,595.9005126953125,545.916748046875,583.902099609375,1524904836,BITCOIN_CASH,0.0003653961867731148,0.0003653294458438864,0.03058273365287716,0.04749859488540547,542.0462646484375,468.42767740885415,1.1571610534347812
2024-12-05,590.051025390625,630.7698974609375,554.1620483398438,584.2101440429688,1896615331,BITCOIN_CASH,0.010051307083662309,0.010001128655672825,0.027559266419412313,0.047318085925100624,553.2072143554688,476.6505432128906,1.1606138338300076
2024-12-06,619.4531860351562,639.6852416992188,581.8483276367188,589.1842041015625,1095984082,BITCOIN_CASH,0.049829861112547835,0.04862811400434449,0.029186736229313642,0.04529060672993019,567.6536167689732,484.68227030436196,1.1711870880123352
2024-12-07,608.5131225585938,626.1600341796875,605.4369506835938,619.4531860351562,690068241,BITCOIN_CASH,-0.017660839790953342,-0.017818653261620382,0.03341161449473354,0.045601514147388236,579.5461774553571,492.3763427734375,1.1770390392660073
2024-12-08,623.3380126953125,624.5870971679688,604.1690063476562,611.3733520507812,687043318,BITCOIN_CASH,0.024362482232733296,0.024070450534260626,0.03327238708560761,0.045514843494770106,592.5045427594866,500.5733357747396,1.183651825646016
2024-12-09,553.742919921875,623.3421630859375,528.13818359375,623.3421630859375,1239636044,BITCOIN_CASH,-0.111649043305587,-0.11838839256669598,0.06320737159390126,0.050459305661215696,594.7490583147321,505.4864034016927,1.1765876476841761
2024-12-10,516.675048828125,563.96923828125,486.8644104003906,553.7376708984375,1030856705,BITCOIN_CASH,-0.0669405779472173,-0.06928639093158787,0.05778827842676077,0.05047980868062677,585.1360822405134,507.9709706624349,1.1519085066562937
2024-12-11,547.3112182617188,550.3167114257812,504.4171752929688,516.6876831054688,637935609,BITCOIN_CASH,0.05929484983468791,0.057603450751313255,0.06440635246783548,0.05006063315637574,579.8692190987723,510.43712056477864,1.136024782949112
2024-12-12,539.8097534179688,563.5128784179688,538.213134765625,547.3128662109375,561758706,BITCOIN_CASH,-0.013706031583958667,-0.013800826405339786,0.06384257456650656,0.0471937943400812,572.69189453125,513.953944905599,1.1142864068033174
2024-12-13,542.1737670898438,543.1663818359375,527.14404296875,539.8097534179688,459700503,BITCOIN_CASH,0.004379345976812221,0.0043697845462643764,0.05874307180739825,0.047190006906414034,561.6519775390625,517.3839609781901,1.0855612463849424
2024-12-14,534.1950073242188,550.5867309570312,520.7566528320312,542.1737670898438,428124631,BITCOIN_CASH,-0.014716240899023125,-0.014825598991651553,0.0587642968015509,0.04578344806208593,551.0351039341518,521.3710693359375,1.0568962037651937
2024-12-15,546.8533935546875,549.443603515625,525.3402099609375,534.1914672851562,430168201,BITCOIN_CASH,0.0236961897002268,0.023419792850333833,0.058686000518100634,0.04538735703851578,540.1087297712054,525.1598103841146,1.0284654672568276
2024-12-16,537.910888671875,555.5768432617188,523.1478271484375,546.861083984375,548587535,BITCOIN_CASH,-0.016352655004449934,-0.016487835398817364,0.03926034279808837,0.044292930768929366,537.8470110212054,527.6887654622395,1.019250448794504
2024-12-17,529.7596435546875,546.4817504882812,524.9396362304688,537.910888671875,511984306,BITCOIN_CASH,-0.015153523174281314,-0.015269511048291128,0.028022774334265848,0.04234557979781343,539.7162388392857,530.946376546224,1.01651741622216
2024-12-18,480.6501159667969,542.9521484375,479.8158874511719,529.7572631835938,697284590,BITCOIN_CASH,-0.09270152640991236,-0.09728380517313197,0.03772097547320105,0.04574543936422574,530.1932242257254,531.9018341064453,0.9967877345570912
2024-12-19,440.0602722167969,488.3216552734375,424.0520629882813,480.65826416015625,740380640,BITCOIN_CASH,-0.08444779768409316,-0.08822789594057988,0.045785277525169296,0.04858997135783988,515.9432983398438,531.6684499104817,0.9704230116094238
2024-12-20,448.8754577636719,450.4432678222656,391.4194030761719,440.0610961914063,725668445,BITCOIN_CASH,0.020031768608578693,0.019833772505847627,0.04799400774541632,0.048646360476649456,502.6149684361049,531.9533721923829,0.9448477906336731
2024-12-21,456.0484619140625,471.9540710449219,444.8200988769531,448.8804016113281,488020092,BITCOIN_CASH,0.015979942824513094,0.01585360764697222,0.05061770477740033,0.04510137671241211,491.45117623465404,530.9528259277344,0.9256023364711186
2024-12-22,445.06976318359375,460.4260559082031,435.7720031738281,456.0484619140625,386167743,BITCOIN_CASH,-0.024073535265069168,-0.024368038916801515,0.04642646129298944,0.045232127838122325,476.91065761021207,529.4457021077474,0.9007734989850879
2024-12-23,460.2939758300781,464.9556884765625,432.5489196777344,445.0756530761719,431340213,BITCOIN_CASH,0.03420635124162397,0.03363432217329471,0.05225315527323876,0.045059386959858165,465.82252720424106,527.7906992594401,0.8825894959078503
2024-12-24,470.2679443359375,477.73681640625,451.2635803222656,460.2939758300781,347113797,BITCOIN_CASH,0.021668692247976296,0.021437263342546253,0.05484908473035839,0.045231701521661914,457.32371303013394,526.3094492594402,0.8689255221878028
2024-12-25,465.3318786621094,470.6792602539063,456.0006713867188,470.2740478515625,304299463,BITCOIN_CASH,-0.010496283519384475,-0.010551758028818156,0.04198210026603072,0.04453383224901272,455.13539341517856,525.4319396972656,0.8662118897404879
2024-12-26,437.1010437011719,467.1692199707031,433.5889892578125,465.2933349609375,305992681,BITCOIN_CASH,-0.060668173094233,-0.06258647891281456,0.03379162572209422,0.045883595681771534,454.712646484375,523.5835896809896,0.8684623724769975
2024-12-27,440.2722473144531,460.1948547363281,435.3415222167969,437.0999450683594,328412674,BITCOIN_CASH,0.007255081311243083,0.007228889813495507,0.03282053427130782,0.04463896222445307,453.4836164202009,520.9360666910808,0.870516835781156
2024-12-28,451.0380554199219,452.17193603515625,438.3994140625,440.2774353027344,216070856,BITCOIN_CASH,0.024452615787475596,0.024158436565686836,0.033742861370538516,0.04492347141538997,452.7678440638951,518.9065226236979,0.8725422100585822
2024-12-29,438.5054321289063,452.7679138183594,435.2436218261719,451.0356750488281,231286471,BITCOIN_CASH,-0.027786177109484833,-0.028179516316628368,0.03419956660265588,0.045016147757559605,451.83008248465404,516.2457580566406,0.8752228477102196
2024-12-30,443.3424377441406,451.9984436035156,428.7264099121094,438.5054321289063,338824201,BITCOIN_CASH,0.011030662931017954,0.010970268887033282,0.031190660494524507,0.04498454527586267,449.40843418666293,513.5149993896484,0.8751612605684721
2024-12-31,433.8179931640625,453.3890686035156,433.0258483886719,443.3473510742188,287771055,BITCOIN_CASH,-0.021483268393031274,-0.02171739305155394,0.029213389533457493,0.04492033387709334,444.20129830496654,510.221283976237,0.8706051908364818
2025-01-01,449.35986328125,451.3052062988281,430.111328125,433.8179931640625,292109398,BITCOIN_CASH,0.03582578491922961,0.03519896842172394,0.034165600914910034,0.04547711303445899,441.9195818219866,507.26556905110675,0.8711799278012173
2025-01-02,461.3688049316406,464.3663330078125,449.3548889160156,449.375244140625,321312293,BITCOIN_CASH,0.026724553373994375,0.026373689884391014,0.024287914898545187,0.04282714433982924,445.3864048549107,503.1789998372396,0.8851450577209647
2025-01-03,473.068359375,476.60150146484375,455.9979248046875,461.3644409179688,308314941,BITCOIN_CASH,0.025358356088016842,0.025042167184671282,0.02514602889442016,0.043225594088603686,450.0715637207031,499.475303141276,0.9010887242875368
2025-01-04,478.9778747558594,482.3426513671875,469.29986572265625,473.06549072265625,345856160,BITCOIN_CASH,0.012491884658417662,0.012414504814255562,0.02444653501584211,0.04326061909168528,454.0629664829799,495.7728647867838,0.9158689366314108
2025-01-05,470.9113464355469,478.9992980957031,463.4584045410156,478.9586791992188,256046099,BITCOIN_CASH,-0.016841129299394297,-0.01698455368360768,0.021870994417448778,0.04199383356046662,458.6923828125,490.82147013346355,0.9345401754486676
2025-01-06,482.6858825683594,485.5890197753906,465.1578063964844,470.9109191894531,346240277,BITCOIN_CASH,0.025003721447650618,0.024696243264415343,0.022557618402236204,0.04240616769611153,464.3128749302455,486.6272288004557,0.9541448719891498
2025-01-07,437.4750061035156,485.9147033691406,436.3887023925781,482.6858215332031,433839864,BITCOIN_CASH,-0.09366521395711391,-0.09834652017659708,0.04703920295099305,0.045048932831000144,464.8353053501674,480.4317952473958,0.9675365160018248
2025-01-08,434.2833862304688,441.3079528808594,420.6199645996094,437.4744567871094,373567190,BITCOIN_CASH,-0.007295547925066148,-0.00732229058244102,0.04459906299849996,0.04030105363365766,462.68152291434154,476.44981079101564,0.9711023332052213
2025-01-09,421.61907958984375,436.6822204589844,412.5258483886719,434.2833862304688,308922428,BITCOIN_CASH,-0.029161388720277404,-0.029595033279766265,0.0430533198575802,0.03884843668614061,457.00299072265625,473.2812784830729,0.9656054686705744
2025-01-10,449.9591369628906,450.0120544433594,421.1983337402344,421.6039733886719,431880574,BITCOIN_CASH,0.06721720800827247,0.06505452049475742,0.05087202673247979,0.03929547889199072,453.70167323521207,470.0362091064453,0.9652483456491878
2025-01-11,440.8851318359375,450.1679992675781,436.53265380859375,449.9739379882813,234257749,BITCOIN_CASH,-0.020166287072644784,-0.020372402401288004,0.050275841782055436,0.039355685743480216,448.25985281808033,466.7387217203776,0.960408536848657
2025-01-12,447.8367309570313,463.2405395507813,436.9677429199219,440.8851318359375,357837351,BITCOIN_CASH,0.015767370272038672,0.015644356671833896,0.05122287882076998,0.03951900442079263,444.9634791782924,463.5941538492838,0.9598125331902949
2025-01-13,428.0797119140625,452.8014221191406,405.0858459472656,447.8420104980469,383375947,BITCOIN_CASH,-0.044116566769205945,-0.04511930513196981,0.05077738429368082,0.04012484999264703,437.16259765625,460.056977335612,0.9502357733775647
2025-01-14,438.0751647949219,440.4337768554688,426.4832153320313,428.0801086425781,245246168,BITCOIN_CASH,0.023349513192687743,0.02308108374348442,0.037393343605769666,0.040115930886772795,437.2483346121652,456.4310363769531,0.9579723983779546
2025-01-15,461.0185546875,462.8702087402344,431.2518310546875,438.07415771484375,313541748,BITCOIN_CASH,0.05237318098897181,0.051047786192402966,0.04169781469050149,0.041460377690638074,441.06764439174106,453.867958577474,0.9717972728767811
2025-01-16,461.8852233886719,470.82177734375,448.31103515625,461.0155944824219,427794865,BITCOIN_CASH,0.001879899826937148,0.0018781350266764809,0.038473341870939655,0.041434132566129336,446.81995064871654,451.60547790527346,0.9894033011318771
2025-01-17,489.7207336425781,499.6245422363281,461.7247924804688,461.8766784667969,583682548,BITCOIN_CASH,0.06026499408162045,0.05851887129720168,0.03705352115823783,0.039111737470232395,452.5001787458147,451.9078318277995,1.001310769312449
2025-01-18,466.1343383789063,494.12152099609375,459.28167724609375,489.7207336425781,544203117,BITCOIN_CASH,-0.04816295011288274,-0.04936142492631873,0.04250607924052197,0.03663223804618855,456.1072082519531,452.77696736653644,1.0073551464085866
2025-01-19,426.2817077636719,470.2031555175781,422.7901611328125,466.1365661621094,605577025,BITCOIN_CASH,-0.08549601978226162,-0.08937345881761714,0.05579561500585496,0.040056632923273085,453.02791922433033,452.0238423665365,1.0022212918073903
2025-01-20,431.2214965820313,472.091552734375,417.6389465332031,426.2937622070313,634836087,BITCOIN_CASH,0.011588085363254619,0.011521457732503302,0.05341015687443602,0.039998856584075274,453.4767456054688,451.1962768554688,1.0050542720917233
2025-01-21,446.2886962890625,453.6377868652344,420.6411743164063,431.2189331054688,321862327,BITCOIN_CASH,0.03494074350758858,0.03434417242866402,0.054346114234859924,0.04029514692007512,454.6501072474889,451.23690795898443,1.0075640959954781
2025-01-22,434.7673950195313,450.6258850097656,434.51605224609375,446.2886962890625,243291373,BITCOIN_CASH,-0.02581580345935719,-0.026154879727884387,0.05059228366700313,0.04005677887685482,450.8999415806362,450.3860219319662,1.0011410648280459
2025-01-23,437.4604187011719,446.418212890625,425.8639221191406,434.7536926269531,333292464,BITCOIN_CASH,0.006194171210836874,0.006175066184953994,0.05076320452130492,0.03984650708694103,447.4106837681362,449.29243774414067,0.9958117390413856
2025-01-24,431.7235412597656,442.0299682617188,426.92919921875,437.4375305175781,274041524,BITCOIN_CASH,-0.013114049171440767,-0.013200797564071514,0.04155940793636047,0.03986809975440738,439.1253705705916,448.17215983072924,0.9798140311447402
2025-01-25,445.2803649902344,453.8683776855469,431.2792053222656,431.71978759765625,279385877,BITCOIN_CASH,0.03140163191219569,0.0309186848636382,0.04253047810301326,0.03864482993027347,436.146231515067,448.444803873698,0.9725750588424816
2025-01-26,425.595947265625,447.6676940917969,425.5618286132813,445.2889099121094,221197470,BITCOIN_CASH,-0.044206794802283955,-0.045213701884361135,0.029463565107627515,0.039511861785496025,436.0482657296317,447.9555938720704,0.9734185077598578
2025-01-27,426.9776611328125,428.2572326660156,398.0462646484375,425.5960998535156,419819358,BITCOIN_CASH,0.003246539061437792,0.0032412804319891107,0.029076819433837883,0.0392338015151722,435.44200352260043,447.1535807291667,0.9738086024325951
2025-01-28,410.5862121582031,430.6153869628906,407.4515075683594,426.9776611328125,239574617,BITCOIN_CASH,-0.03838947670264836,-0.039145771732214035,0.02722264292835429,0.03953770087121764,430.3416486467634,446.22294006347664,0.964409513741149
2025-01-29,414.92584228515625,420.957275390625,405.208740234375,410.59033203125,261734295,BITCOIN_CASH,0.010569351815645112,0.010513886694695738,0.02755106880277707,0.03953254896718884,427.50714111328125,445.27572021484383,0.9600953335317962
2025-01-30,434.8733215332031,438.8310852050781,413.33880615234375,414.9347534179688,273589657,BITCOIN_CASH,0.048074805700672796,0.04695496283683098,0.03422398436519443,0.04034380124017758,427.13755580357144,445.3108978271485,0.9591895412570136
2025-01-31,424.243408203125,444.5398864746094,420.5759887695313,434.8512268066406,291331116,BITCOIN_CASH,-0.02444370073703528,-0.024747407347037922,0.035183436857328616,0.04002776534512979,426.06896536690846,444.47368265787765,0.9585921101539419
2025-02-01,404.39166259765625,430.9076232910156,401.1238098144531,424.2419738769531,279447559,BITCOIN_CASH,-0.046793291826384364,-0.0479234962522927,0.03532282592725723,0.04051250851971192,420.22772216796875,442.5744445800782,0.9495074270876341
2025-02-02,359.7787780761719,410.1123352050781,347.9127197265625,404.39166259765625,514459348,BITCOIN_CASH,-0.11032097999970725,-0.11689453299147566,0.05228062648997139,0.04499618484649102,410.8252694266183,438.7981252034506,0.9362511957774147
2025-02-03,353.2078857421875,360.3173522949219,289.74371337890625,359.77960205078125,875556667,BITCOIN_CASH,-0.018263701847898273,-0.018432542176439196,0.05102512157149767,0.044839177672264655,400.28673008510043,434.60579223632817,0.9210340433461921
2025-02-04,330.6802978515625,355.3353576660156,322.07147216796875,353.2110595703125,359848862,BITCOIN_CASH,-0.06377996868130031,-0.06590475393543241,0.053040843565601035,0.04597142816885838,388.87159946986606,429.9314239501954,0.9044968053205484
2025-02-05,327.9939880371094,337.9870300292969,323.8624572753906,330.67755126953125,261078049,BITCOIN_CASH,-0.008123585928481836,-0.008156762047515025,0.05104184258139456,0.04546092304441624,376.45276314871654,424.77502746582036,0.8862403361953944
2025-02-06,315.9839782714844,334.9215087890625,314.7781066894531,327.9939880371094,254750213,BITCOIN_CASH,-0.03661655458229374,-0.03730376843198735,0.036842713448273515,0.04279132951822384,359.4685712541853,420.725326538086,0.8544020256922767
2025-02-07,318.4578552246094,334.9669189453125,309.4197082519531,315.9844970703125,276800126,BITCOIN_CASH,0.007829121484759227,0.007798632942093086,0.04165551998451485,0.04292309506976483,344.3563494001116,416.86447550455733,0.8260630723769767
2025-02-08,323.50653076171875,324.2894592285156,315.6938781738281,318.459228515625,188643537,BITCOIN_CASH,0.015853512338543263,0.015729157992093533,0.04654607741955622,0.04301954680543059,332.80133056640625,413.5940572102865,0.8046569450517945
2025-02-09,324.8921203613281,328.8790283203125,313.35894775390625,323.5047912597656,215414667,BITCOIN_CASH,0.004283034399172436,0.004273888313373745,0.028814397089901585,0.04079362550759451,327.81752232142856,409.4251566569011,0.80067752797159
2025-02-10,329.0276184082031,334.14801025390625,316.8863525390625,324.8838806152344,239642715,BITCOIN_CASH,0.01272883455060625,0.012648503894970405,0.03046745449689674,0.040973075355012344,324.36319841657365,405.69657287597664,0.7995216625005432
2025-02-11,331.39703369140625,343.8803100585937,326.2595520019531,329.03057861328125,233949040,BITCOIN_CASH,0.007201265640453203,0.007175460340194566,0.01823639823242376,0.040820938162036344,324.46558925083707,401.8152496337891,0.8074994404681061
2025-02-12,343.0455627441406,346.4083557128906,323.61187744140625,331.3970947265625,280974652,BITCOIN_CASH,0.0351497686113309,0.03454612022102287,0.02173851287343339,0.0410506259931082,326.6158142089844,398.9807779947917,0.8186254381739865
2025-02-13,335.3482360839844,345.3232421875,328.35015869140625,343.05963134765625,258121099,BITCOIN_CASH,-0.022438204996976685,-0.022693771726354228,0.017034420324645753,0.04072875435853712,329.3821367536272,395.5565470377605,0.8327055618730129
2025-02-14,341.62628173828125,350.4349060058594,334.8716125488281,335.3456726074219,246694060,BITCOIN_CASH,0.018720974136045898,0.01854789352144165,0.01744065192348357,0.039492502286445345,332.69191196986606,391.5768046061199,0.8496210910769214
2025-02-15,332.8094177246094,345.609619140625,331.4545593261719,341.62628173828125,194011933,BITCOIN_CASH,-0.0258085062097958,-0.02614738912984661,0.021798573343917306,0.03953351390280212,334.0208958217076,387.2742777506511,0.8624918178448427
2025-02-16,326.4682922363281,334.72735595703125,326.3597106933594,332.8093566894531,188181161,BITCOIN_CASH,-0.019053323465528682,-0.019237177128101784,0.0235030028547779,0.037310065702436335,334.2460632324219,381.8325297037761,0.8753734614799017
2025-02-17,323.638427734375,336.3781433105469,317.9869384765625,326.4666748046875,271156083,BITCOIN_CASH,-0.008668114390430914,-0.008705901011607049,0.023074294654996996,0.036696517178144865,333.47617885044644,377.082666015625,0.8843582824266665
2025-02-18,315.8368530273437,324.8931884765625,308.24761962890625,323.63787841796875,257561898,BITCOIN_CASH,-0.0241058355203555,-0.02440113648202428,0.023968841431011596,0.03378421072237373,331.2532958984375,373.4011708577474,0.8871244167165006
2025-02-19,322.58984375,324.0519714355469,312.1624450683594,315.8370361328125,217394652,BITCOIN_CASH,0.021381262692836023,0.021155890333196675,0.02037796369341234,0.03404062263033098,328.33105032784596,369.7801157633464,0.8879088851223488
2025-02-20,326.0089416503906,326.79278564453125,320.78662109375,322.58984375,216685266,BITCOIN_CASH,0.010598901256917204,0.010543126656514135,0.020468474077259758,0.033247438772210154,326.99686540876115,365.770790608724,0.8939939268101906
2025-02-21,313.6491394042969,333.2948913574219,310.45538330078125,326.00152587890625,286852656,BITCOIN_CASH,-0.037912463945078856,-0.03864983863603274,0.021348641336322544,0.03352780937046273,323.0001307896205,361.7335154215495,0.8929228755958909
2025-02-22,320.9940490722656,322.4486083984375,312.9087219238281,313.6491394042969,235127955,BITCOIN_CASH,0.02341759866428683,0.02314761351253316,0.023954700655725202,0.03396593683674326,321.31222098214283,357.85130310058594,0.8978931142576485
2025-02-23,327.8842468261719,332.192626953125,320.8865966796875,320.9942932128906,266935800,BITCOIN_CASH,0.021465188447637118,0.021238055837903558,0.02485940042628642,0.034443784800822594,321.5145002092634,354.38999328613284,0.9072335740294848
2025-02-24,291.61492919921875,329.0187683105469,291.3382873535156,327.8842468261719,400106307,BITCOIN_CASH,-0.11061622501852408,-0.11722644372825247,0.0513581959825974,0.03883747593702021,316.93971470424106,349.26781209309894,0.9074403759249344
2025-02-25,291.6081237792969,296.29107666015625,277.3119812011719,291.61492919921875,559716985,BITCOIN_CASH,-2.3337007952761724e-05,-2.333728026496846e-05,0.05143180827040221,0.03846403042212298,313.4784676688058,344.8015513102213,0.909156198623846
2025-02-26,293.3774719238281,300.4550476074219,284.60968017578125,291.6091003417969,390767787,BITCOIN_CASH,0.0060675543657706665,0.006049220880017799,0.050138655468761374,0.03850730642798499,309.3052716936384,340.34821166992185,0.9087906476018459
2025-02-27,296.6879577636719,302.9151611328125,290.605224609375,293.3851013183594,282014979,BITCOIN_CASH,0.011284049242551442,0.01122085927371658,0.050193581259645986,0.0384037538232244,305.11655970982144,336.5516031901042,0.9065966610103284
2025-02-28,315.8653259277344,319.462158203125,270.5917358398437,296.690185546875,542714254,BITCOIN_CASH,0.06463817510024561,0.06263499974619545,0.05598730280749467,0.040523134836831114,305.4331577845982,333.2495859781901,0.9165297441797501
2025-03-01,311.22760009765625,323.8949279785156,307.99029541015625,315.8651733398437,269438185,BITCOIN_CASH,-0.014682605051556608,-0.014791461340406738,0.05531898594258891,0.03912211008993373,304.03795078822543,329.12806193033856,0.9237679370304694
2025-03-02,333.97296142578125,340.64178466796875,310.0177001953125,311.22760009765625,446948008,BITCOIN_CASH,0.07308272569973884,0.07053555825333985,0.06187807012154873,0.04175910006499659,304.9077671595982,326.1190470377604,0.9349584758362605
2025-03-03,320.451171875,350.9582214355469,311.9561462402344,333.95709228515625,647665016,BITCOIN_CASH,-0.040487677484592366,-0.041330120974422596,0.04024432742171478,0.04155846824006789,309.0272303989955,323.32103068033854,0.9557906881242284
2025-03-04,320.1509704589844,328.759033203125,292.4519958496094,320.4491882324219,460959785,BITCOIN_CASH,-0.0009368086072493176,-0.000937247686676302,0.040296848816062235,0.0360903816518915,313.1047799246652,322.00010375976564,0.972374779600267
2025-03-05,392.21337890625,395.1079711914063,320.14996337890625,320.14996337890625,1087265580,BITCOIN_CASH,0.22508883338367958,0.203013358415358,0.08177572717336021,0.05210592965534842,327.2241952078683,323.3002868652344,1.0121370394708915
2025-03-06,395.435302734375,418.2606201171875,385.3105163574219,392.216796875,686078740,BITCOIN_CASH,0.008214721887126464,0.008181164709283628,0.08197101316255644,0.050432263827122965,341.3309587751116,325.4587870279948,1.0487686072084805
2025-03-07,388.5880126953125,408.4529418945313,384.3415222167969,395.4474182128906,672899922,BITCOIN_CASH,-0.01731582888961747,-0.017467501293720416,0.08402007338061432,0.050550650873672325,351.7199140276228,327.4785878499349,1.0740241563176531
2025-03-08,385.4015502929688,395.1691284179688,377.5358581542969,388.5882263183594,360054808,BITCOIN_CASH,-0.00820010473365318,-0.008233910526678783,0.08347743131876972,0.04997420082569913,362.3161926269531,329.7925069173177,1.0986186314954374
2025-03-09,357.228515625,386.4710083007813,356.64630126953125,385.4015502929688,353389842,BITCOIN_CASH,-0.07310047052626711,-0.07591010173481608,0.08988726707903331,0.05219374598653338,365.63841465541293,331.0848622639974,1.1043646397939617
2025-03-10,331.64532470703125,369.6250915527344,331.64532470703125,357.2312316894531,447773807,BITCOIN_CASH,-0.07161575797835984,-0.0743095779899696,0.09378252911707138,0.05404190930121143,367.2375793457031,331.3561553955078,1.1082865773456574
2025-03-11,339.49188232421875,349.2240905761719,318.9726867675781,331.65899658203125,379042726,BITCOIN_CASH,0.023659485096372057,0.0233839372300227,0.09398032132639082,0.05419633058984883,370.0005667550223,331.8428141276042,1.1149874308043484
2025-03-12,353.9580078125,360.14404296875,331.29119873046875,339.4934997558594,391371601,BITCOIN_CASH,0.042611108664053265,0.04172824806592331,0.045657270839304195,0.054661302780601,364.5355137416295,332.6738271077474,1.0957745516408257
2025-03-13,326.1294250488281,355.05426025390625,324.73046875,353.9580078125,291085257,BITCOIN_CASH,-0.07862114191357228,-0.08188397216746075,0.050573122453028044,0.05677257534581852,354.6346740722656,332.4982401529948,1.0665760934827355
2025-03-14,330.35772705078125,334.2023010253906,325.6778259277344,326.1297302246094,294948840,BITCOIN_CASH,0.01296510427208486,0.012881776768055403,0.05282986998495887,0.05644782557876981,346.3160618373326,332.0753122965495,1.0428840959067316
2025-03-15,342.82183837890625,351.34942626953125,328.5343322753906,330.3565673828125,491892978,BITCOIN_CASH,0.03772913513903986,0.037034801884312955,0.057527874588432025,0.05671832176133276,340.2332458496094,332.3244323730469,1.0237984713314263
2025-03-16,332.9571838378906,342.8220520019531,325.58892822265625,342.8208923339844,260268495,BITCOIN_CASH,-0.028774872066675727,-0.029196985933635743,0.051957803483616,0.056870901622631836,336.7659127371652,332.03546244303385,1.0142468224909649
2025-03-17,337.76959228515625,341.8912353515625,331.5973815917969,332.9564514160156,273412665,BITCOIN_CASH,0.014453535411954599,0.014350078753788435,0.043857943422326316,0.05673035124414394,337.64080810546875,332.2008015950521,1.016375657386426
2025-03-18,335.1486511230469,343.1203918457031,330.010986328125,337.7679748535156,248691822,BITCOIN_CASH,-0.007759553322658763,-0.007789815304498665,0.04297118081105428,0.05663147773763987,337.02034650530135,332.490146891276,1.0136250642504203
2025-03-19,345.6285705566406,346.5509033203125,332.6737060546875,335.1486511230469,332817765,BITCOIN_CASH,0.03126946624572913,0.03079053484809237,0.041288852913778734,0.05685971038043197,335.83042689732144,333.2231516520182,1.0078244120565367
2025-03-20,333.59228515625,349.5953674316406,330.4903259277344,345.6213684082031,262410447,BITCOIN_CASH,-0.0348243357920498,-0.03544515876093993,0.028248522899274802,0.05707316902022665,336.8965497698103,333.81499938964845,1.0092313119116763
2025-03-21,322.62158203125,335.0297546386719,321.7940673828125,333.5857849121094,220548444,BITCOIN_CASH,-0.03288656127002898,-0.03343948045051286,0.030911290211952946,0.057305410595570885,335.79138619559154,333.81605733235676,1.00591741715189
2025-03-22,322.0602111816406,325.82635498046875,321.3017578125,322.6218566894531,185224689,BITCOIN_CASH,-0.001740028816655581,-0.0017415444251871607,0.025453145394115823,0.05727137999016425,332.825439453125,333.68443298339844,0.997425730884137
2025-03-23,325.2769775390625,325.7184143066406,320.8895874023437,322.0602111816406,204811893,BITCOIN_CASH,0.009988089946347367,0.009938538651311004,0.02453985695741298,0.056837961551825064,331.72826712472096,334.0720275878906,0.9929842660575554
2025-03-24,332.1944580078125,336.5546569824219,321.7784118652344,325.2757568359375,230935543,BITCOIN_CASH,0.021266431215284154,0.021043456379935616,0.025457018754652252,0.05681125318677863,330.9318193708147,334.44537455240885,0.9894943824943121
2025-03-25,335.6667175292969,338.8973083496094,327.0877685546875,332.19952392578125,221709790,BITCOIN_CASH,0.010452490816095228,0.010398241235339447,0.025739180095186467,0.05671342765150079,331.0058288574219,334.704790242513,0.9889485854612029
2025-03-26,334.5726928710937,340.34930419921875,328.9994812011719,335.6667175292969,338155329,BITCOIN_CASH,-0.003259258666619802,-0.003264581619214186,0.021935446914687125,0.052171289353711736,329.4264177594866,336.1367156982422,0.9800369979672806
2025-03-27,324.70166015625,339.2383728027344,321.6712341308594,334.568359375,263541169,BITCOIN_CASH,-0.029503402175881877,-0.029947381970027498,0.02071319540390922,0.05254705625666317,328.1563284737723,337.239833577474,0.9730651477100349
2025-03-28,307.4603576660156,326.4827880859375,305.025634765625,324.7008056640625,236547305,BITCOIN_CASH,-0.053098904643535505,-0.05456063121178607,0.026476851087094293,0.05360351644674685,325.99043927873885,337.7092631022135,0.9652990749622175
2025-03-29,303.1073913574219,308.6727600097656,299.4413146972656,307.4598693847656,127181460,BITCOIN_CASH,-0.014157813194643598,-0.014258991139444758,0.026494959261228652,0.053647054111215765,323.2828935895647,337.9232442220052,0.956675514683381
2025-03-30,298.8476867675781,307.8231811523437,294.5411376953125,303.1073913574219,119451420,BITCOIN_CASH,-0.014053450068529427,-0.01415313484331403,0.02520924025214062,0.05240834027309298,319.5072806222098,337.3559895833333,0.9470923608524978
2025-03-31,303.31646728515625,305.48370361328125,290.2252197265625,298.8476257324219,235148617,BITCOIN_CASH,0.014953371618545042,0.014842672146435207,0.023926570328610168,0.052435197318449624,315.38185337611606,337.09228515625,0.9355949906415963
2025-04-01,308.4830017089844,315.9886169433594,302.69598388671875,303.32330322265625,198248523,BITCOIN_CASH,0.017033478169093064,0.016890035078299698,0.025082186243037746,0.05080593379111977,311.4984654017857,336.24261983235675,0.9264098214470613
2025-04-02,293.8935241699219,315.8262023925781,291.0789794921875,308.4781494140625,290225176,BITCOIN_CASH,-0.047294267295887704,-0.04844920296399285,0.02807559298892524,0.05100906641605395,305.6871555873326,335.35736490885415,0.9115265909559328
2025-04-03,300.488037109375,307.26324462890625,292.34014892578125,293.8478088378906,274708947,BITCOIN_CASH,0.022438442487219712,0.02219040417606525,0.031272458107442815,0.05121385702101727,302.22806658063615,334.7019337972005,0.9029767565184112
2025-04-04,301.255859375,309.7270202636719,295.23699951171875,300.50933837890625,226666431,BITCOIN_CASH,0.002555250694873834,0.002551991592518783,0.024819646281967204,0.03356333854313677,301.34170968191967,331.6700164794922,0.9085587925025843
2025-04-05,303.8316650390625,303.9845275878906,297.1915588378906,301.255859375,143154117,BITCOIN_CASH,0.008550225942182132,0.008513879791932983,0.024575780143385722,0.033569195909038486,301.44517735072543,328.61656188964844,0.9173158395222718
2025-04-06,271.9084777832031,307.02032470703125,266.0008239746094,303.8300476074219,244203906,BITCOIN_CASH,-0.10506866442559615,-0.11100828367901265,0.04911255035871121,0.03840016890887349,297.59671892438615,324.7272440592448,0.9164513429926168
2025-04-07,275.4508972167969,280.0010681152344,250.7925720214844,271.9084777832031,344774605,BITCOIN_CASH,0.013027984498586331,0.01294385025376489,0.048934867903893446,0.03866367778805823,293.6159232003348,321.0622222900391,0.9145140811212912
2025-04-08,268.9667358398437,284.1695556640625,267.3828125,275.4556884765625,209257907,BITCOIN_CASH,-0.023540171560413325,-0.02382166782232207,0.04706770347848311,0.03678106675249677,287.97074236188615,318.1201629638672,0.9052263134751208
2025-04-09,301.1901550292969,310.915771484375,259.43267822265625,268.9667358398437,348038068,BITCOIN_CASH,0.11980447726681209,0.11315409619829388,0.06626612573430615,0.0410591401449236,289.0131181989397,317.10499064127606,0.9114114464564981
2025-04-10,290.2632141113281,303.61083984375,283.2398376464844,301.19244384765625,199533114,BITCOIN_CASH,-0.03627921011198354,-0.03695366337012756,0.06724960603943042,0.04118908547630513,287.55242919921875,315.4640350341797,0.9115220667486333
2025-04-11,312.836669921875,315.55572509765625,289.6643981933594,290.2613525390625,255219920,BITCOIN_CASH,0.07776891701436539,0.07489308681244498,0.07383028577044262,0.042902103508356916,289.2068307059152,314.09332377115885,0.9207672013959285
2025-04-12,344.92498779296875,352.2669982910156,311.5403747558594,312.83428955078125,305977008,BITCOIN_CASH,0.10257211176396686,0.09764573369554858,0.08172323536419701,0.0441824420045496,295.07730538504467,314.7198425292969,0.9375872300062437
2025-04-13,342.37060546875,352.7746276855469,336.3592224121094,344.9286804199219,235231633,BITCOIN_CASH,-0.0074056169156174745,-0.00743317463547606,0.061261790367146816,0.04416348909844225,305.14332362583707,315.1202718098958,0.9683392371847229
2025-04-14,323.5287780761719,372.0552368164063,323.5250549316406,342.3725891113281,359026415,BITCOIN_CASH,-0.05503342603487005,-0.05660572357945028,0.0700506919439653,0.04484660473684317,312.01159232003346,314.4771697998047,0.9921597568391346
2025-04-15,319.1454162597656,336.9947204589844,317.63555908203125,323.5284118652344,247986818,BITCOIN_CASH,-0.013548599424358598,-0.013641219228043767,0.06901503936179405,0.04460978030820565,319.1799752371652,314.01677754720055,1.016442426198672
2025-04-16,321.89044189453125,325.3072204589844,315.5398254394531,319.1454162597656,193855393,BITCOIN_CASH,0.008601175185080301,0.008564395824473258,0.056857950711060715,0.044551755759615674,322.1371590750558,313.4874725341797,1.0275918092386709
2025-04-17,333.2281494140625,339.97735595703125,321.49267578125,321.8946228027344,239998275,BITCOIN_CASH,0.03522225591043204,0.03461614367407596,0.053445788736959286,0.04501903588491696,328.27500697544644,313.4234558105469,1.0473849384580738
2025-04-18,335.34393310546875,344.60888671875,327.7904663085937,333.2535095214844,201608726,BITCOIN_CASH,0.0063493546242314736,0.006329282391172704,0.047613671391422314,0.04465862093493472,331.4903302873884,313.08063456217445,1.0588017708312074
2025-04-19,335.3309631347656,339.8147888183594,332.9826965332031,335.34393310546875,140595989,BITCOIN_CASH,-3.8676622484357104e-05,-3.867737044420627e-05,0.027819514905474584,0.04418243496243178,330.11975533621654,313.1385904947917,1.054228911277249
2025-04-20,335.9388732910156,341.6944885253906,331.9967956542969,335.3309631347656,173751765,BITCOIN_CASH,0.0018128661623344478,0.0018112249037618901,0.027850432785120508,0.043724049995134844,329.200936453683,313.58250020345054,1.0498064663688162
2025-04-21,344.80694580078125,347.8679504394531,335.9322204589844,335.9388732910156,229779711,BITCOIN_CASH,0.02639787537205751,0.02605546433668882,0.01633161465580904,0.04395025583280999,332.2406747000558,314.3407246907552,1.0569444192346071
2025-04-22,362.78173828125,364.1048583984375,337.42340087890625,344.8091125488281,344762513,BITCOIN_CASH,0.052130018549144896,0.05081669845543741,0.019278510859218476,0.044821100698140784,338.4744349888393,315.59088338216145,1.0725101795129082
2025-04-23,358.2170715332031,363.7303466796875,354.2479248046875,362.78173828125,295609566,BITCOIN_CASH,-0.012582404973505268,-0.012662233763280108,0.022471490924276156,0.04479218078733859,343.66395350864957,316.4583038330078,1.085969144579622
2025-04-24,356.4633483886719,366.5555725097656,344.7096252441406,358.21728515625,354380198,BITCOIN_CASH,-0.0048956995182422025,-0.0049077227124775455,0.021755996774485187,0.04478644905900434,346.9832676478795,317.1515248616536,1.0940614830694537
2025-04-25,373.3293762207031,383.821533203125,349.1286926269531,356.4664306640625,432211377,BITCOIN_CASH,0.04731490041899411,0.0462296511558836,0.025629455337732743,0.04549174727992384,352.4097595214844,318.44341430664065,1.1066636761472992
2025-04-26,355.95916748046875,376.7112426757813,355.7266540527344,373.33203125,266233899,BITCOIN_CASH,-0.04652783800749061,-0.04764504997089478,0.034992932107532015,0.04605377553980859,355.3566458565848,319.48533121744794,1.1122784401476078
2025-04-27,345.9830322265625,359.6478881835937,345.6003112792969,355.95916748046875,238642089,BITCOIN_CASH,-0.02802606637305849,-0.028426292137520036,0.037720327488430815,0.04516477470372988,356.7915257045201,320.76942036946616,1.1122990629641791
2025-04-28,364.2192077636719,368.1187744140625,342.68426513671875,345.9845886230469,291452282,BITCOIN_CASH,0.052708294449444804,0.05136617145892482,0.041214820507561645,0.045837425146453725,359.564705984933,322.8064809163412,1.1138707778240615
2025-04-29,363.6363830566406,376.84423828125,361.1186828613281,364.2124938964844,382374602,BITCOIN_CASH,-0.0016002031046353782,-0.0016014847971181012,0.036605921144203926,0.04570306302577769,359.6867980957031,324.9661041259766,1.106844047821882
2025-04-30,366.22747802734375,369.5191345214844,356.13641357421875,363.6363830566406,243001680,BITCOIN_CASH,0.0071255107888903435,0.007100244290360925,0.03619613740993781,0.04567641849393651,360.83114188058033,327.0631378173828,1.1032461325007283
2025-05-01,361.1256103515625,373.5812072753906,360.4165344238281,366.2293395996094,228995000,BITCOIN_CASH,-0.01393087078900268,-0.014028816075485647,0.03669566922751594,0.04577753213356293,361.49717930385043,328.81789143880206,1.0993841537090765
2025-05-02,382.875244140625,385.8911437988281,359.6660461425781,361.1297912597656,330355046,BITCOIN_CASH,0.060227336875634085,0.058483353879439245,0.03936074648475912,0.0456147672743455,362.86087472098217,331.78394877115886,1.0936661525216158
2025-05-03,363.1204833984375,383.3672180175781,363.1120300292969,382.8751220703125,236203523,BITCOIN_CASH,-0.05159581624695442,-0.05297451342034937,0.0405508863253917,0.04690100676273339,363.8839198521205,333.8716969807943,1.089891485689644
2025-05-04,356.13006591796875,368.4869689941406,353.4664306640625,363.1196899414063,213163761,BITCOIN_CASH,-0.019250958841664834,-0.019438671554604645,0.03952502492573306,0.04713305438490836,365.33349609375,335.7008371988932,1.088271030665617
2025-05-05,353.4871520996094,360.7534484863281,349.96343994140625,356.13262939453125,185202344,BITCOIN_CASH,-0.007421203855807357,-0.00744887799108583,0.033620293430564566,0.04718883634453074,363.8003452845982,337.35602010091145,1.0783869965497477
2025-05-06,373.054443359375,373.41900634765625,350.6373291015625,353.4871520996094,304975554,BITCOIN_CASH,0.05535502816309368,0.05387722990388466,0.04024202478967431,0.04258319505429987,365.1457824707031,340.72755228678386,1.0716649710891795
2025-05-07,383.2935791015625,386.0776977539063,355.7275390625,373.104248046875,391867796,BITCOIN_CASH,0.02744675991521106,0.027076850878122647,0.04122360446723329,0.04268872982821893,367.5837969098772,344.3223083496094,1.0675573089404626
2025-05-08,421.6309814453125,425.85009765625,382.3884582519531,383.2634887695313,687502658,BITCOIN_CASH,0.10002098765550049,0.09532925930912858,0.05156809131605367,0.04482534436217973,376.22742135184154,349.41111653645834,1.0767471426816644
2025-05-09,412.3817443847656,428.35107421875,404.46673583984375,421.6309814453125,472493370,BITCOIN_CASH,-0.02193680604029935,-0.02218099553409485,0.05110095988111756,0.041274350540260664,380.442635672433,353.1175028483073,1.0773825500115866
2025-05-10,430.8814697265625,431.9118957519531,410.7369689941406,412.3818664550781,339256975,BITCOIN_CASH,0.0448606796826001,0.04388355565086147,0.043574835937965246,0.04070611581404597,390.1227765764509,357.8047780354818,1.0903229932210807
2025-05-11,408.0454406738281,431.3128356933594,403.46588134765625,430.875732421875,313898580,BITCOIN_CASH,-0.05299840131724887,-0.0544544976425195,0.050853756327878315,0.04079292233564239,397.5392586844308,360.97840372721356,1.101282665610228
2025-05-12,410.6682434082031,418.3527526855469,399.6185607910156,408.0461730957031,368334322,BITCOIN_CASH,0.006427722192027918,0.00640715248293667,0.049893275220440514,0.03718676793516878,405.7079860142299,363.1698455810547,1.117130155355041
2025-05-13,411.29534912109375,415.5973205566406,392.215576171875,410.6682434082031,278987880,BITCOIN_CASH,0.001527037269028142,0.0015258725331968918,0.04810889189834911,0.03711260468118138,411.1709725516183,365.4673370361328,1.125055322005334
2025-05-14,402.6856689453125,413.1819458007813,399.6062622070313,411.3062438964844,250914523,BITCOIN_CASH,-0.02093308420379536,-0.02115528761667025,0.04935190009734346,0.035579431207124465,413.94127110072543,368.10590006510415,1.124516806243841
2025-05-15,395.69183349609375,404.7180786132813,383.8249816894531,402.6812438964844,288151652,BITCOIN_CASH,-0.017367977031654824,-0.017520569743679472,0.03056417007016586,0.03566509552060145,410.23567853655135,370.6574473063151,1.1067784595125871
2025-05-16,395.8854064941406,403.4589538574219,393.8097839355469,395.7008361816406,235045682,BITCOIN_CASH,0.0004892013978063936,0.0004890817778131744,0.030141612357878586,0.0356846479705736,407.8790588378906,373.1239461263021,1.0931462938050724
2025-05-17,391.9806213378906,401.2992248535156,386.7214965820313,395.8811950683594,243531787,BITCOIN_CASH,-0.009863422829423762,-0.00991238863070131,0.02074718509967129,0.03541699916478427,402.32179478236606,375.0823618570964,1.0726225375952168
2025-05-18,406.8180847167969,407.8995361328125,391.5286560058594,391.9806213378906,271577964,BITCOIN_CASH,0.037852543139157424,0.03715371601961729,0.019474313538868696,0.035888487860668825,402.1464582170759,377.46483357747394,1.065387878403608
2025-05-19,392.8945007324219,408.2640075683594,376.310791015625,406.8044738769531,274592762,BITCOIN_CASH,-0.03422557773966173,-0.034824989367878194,0.022981381914609657,0.03665874079083997,399.6073521205357,379.3836181640625,1.053306819241013
2025-05-20,394.0870361328125,397.9524230957031,384.6618041992188,392.8945007324219,218700549,BITCOIN_CASH,0.003035256024626287,0.003030658934939132,0.023073863548994055,0.03665543695905353,397.1490216936384,381.32189025878904,1.0415059608146495
2025-05-21,407.5686645507813,411.59027099609375,391.17425537109375,394.0870361328125,305925011,BITCOIN_CASH,0.03420977393792102,0.03363763165851424,0.026199760306500626,0.036829056021518695,397.84659249441967,383.4139475504557,1.0376424619818105
2025-05-22,443.9219970703125,445.2454223632813,407.4554748535156,407.5499267578125,559337290,BITCOIN_CASH,0.08919560231550072,0.08543944427305213,0.039248203736025465,0.03878616013770154,404.7366158621652,386.1186228434245,1.048218324414491
2025-05-23,425.5870971679688,454.7947998046875,425.318115234375,443.9219970703125,519314459,BITCOIN_CASH,-0.04130207564244592,-0.042179243960929,0.045024834487879355,0.03965955579255851,408.9797145298549,388.3642903645833,1.053082697551617
2025-05-24,421.8962097167969,431.6207885742188,420.0252990722656,425.5870971679688,240255954,BITCOIN_CASH,-0.008672460879882382,-0.00871028551597251,0.04493694489830329,0.039700828815038565,413.2533700125558,390.5453857421875,1.0581442902653027
2025-05-25,422.8595275878906,426.9320373535156,408.3558044433594,421.8962097167969,247777621,BITCOIN_CASH,0.0022833053459769825,0.002280702565534218,0.043397091977950886,0.03895440779028066,415.54500470842635,392.19639078776044,1.05953296478269
2025-05-26,415.6390075683594,427.0845336914063,413.61328125,422.8595275878906,244174068,BITCOIN_CASH,-0.017075457802072314,-0.017222924550530476,0.04111961334238257,0.03794233149947998,418.7942199707031,394.1857187906901,1.0624286979637636
2025-05-27,414.824462890625,423.97265625,409.4835510253906,415.6390075683594,261406309,BITCOIN_CASH,-0.001959740695416823,-0.0019616634997560913,0.04126400607711715,0.03743867329059962,421.75670950753346,396.4804331461589,1.0637516362681554
2025-05-28,419.5234069824219,423.8404541015625,404.9913635253906,414.8221740722656,246566682,BITCOIN_CASH,0.011327548185208647,0.011263871924014079,0.039724074390391745,0.03646817431598076,423.4645298549107,398.32390645345055,1.0631160294276694
2025-05-29,409.2194213867188,427.7229919433594,405.7762451171875,419.6850280761719,280548439,BITCOIN_CASH,-0.024561169708785302,-0.024867826891005532,0.018071227732275378,0.03685244186854195,418.50701904296875,399.8433410644531,1.0466774760555713
2025-05-30,399.1341552734375,414.1343688964844,397.031982421875,409.225830078125,287455853,BITCOIN_CASH,-0.024645130671231197,-0.024953905662445174,0.013911842427188442,0.03722039365964571,414.72802734375,400.9402303059896,1.0343886594449199
2025-05-31,414.50787353515625,422.4761657714844,391.6991882324219,399.13909912109375,321386312,BITCOIN_CASH,0.03851767146108198,0.037794380521542666,0.0225738944365761,0.0376096977243798,413.6725507463728,402.719639078776,1.0271973616500343
2025-06-01,403.7017517089844,415.0939025878906,397.5145568847656,414.5330200195313,214987576,BITCOIN_CASH,-0.026069762521061857,-0.026415602669728488,0.024109380153024378,0.036595517186779995,410.9357256208147,403.4138559977213,1.0186455410771411
2025-06-02,403.9165649414063,406.8408508300781,397.6424560546875,403.6998901367188,208545824,BITCOIN_CASH,0.0005321087449152717,0.0005319672252574036,0.023739517799302036,0.03510935518899916,409.26109095982144,404.773725382487,1.0110861088453658
2025-06-03,400.9271240234375,408.8075256347656,400.3507385253906,403.9080200195313,236080352,BITCOIN_CASH,-0.0074011347328685195,-0.007428659021943035,0.023747871788697826,0.034906082294948224,407.2757568359375,406.2669606526693,1.0024830869378292
2025-06-04,401.0262756347656,410.4613342285156,398.3108520507813,400.9281005859375,219056231,BITCOIN_CASH,0.0002473058204022216,0.00024727524535863947,0.022848632457040417,0.034847654960580586,404.633309500558,407.8515981038411,0.9921091676034975
2025-06-05,385.5867309570313,404.7999877929688,379.1656494140625,401.0256042480469,306343127,BITCOIN_CASH,-0.03850008245294101,-0.039260799707795134,0.025299325729115408,0.03441600802015538,401.2572108677456,408.26934102376305,0.9828247447177051
2025-06-06,396.12689208984375,399.0812683105469,381.1384887695313,385.5870361328125,297322966,BITCOIN_CASH,0.02733538342113495,0.026968443770783914,0.02720987705432829,0.034413192210334266,400.82760184151795,408.6971181233724,0.980744869653133
2025-06-07,409.3663635253906,411.3736572265625,394.48333740234375,396.1304626464844,304914177,BITCOIN_CASH,0.033422299015599455,0.0328759149385062,0.02607869834887439,0.030139920941387323,400.0931004115514,408.2882975260417,0.9799279157297729
2025-06-08,411.2310791015625,419.0455627441406,406.7830200195313,409.3712158203125,263273582,BITCOIN_CASH,0.004555126513358987,0.004544783322384214,0.023723883087166373,0.029885687994656452,401.1687186104911,408.24994201660155,0.9826546860701759
2025-06-09,425.5355224609375,429.4818115234375,411.2161254882813,411.2310791015625,324486989,BITCOIN_CASH,0.034784441367190944,0.034193135815845085,0.026477144006384918,0.029443074751376756,404.25714111328125,408.0717437744141,0.9906521274277653
2025-06-10,437.98931884765625,442.6920471191406,418.6221923828125,425.5355224609375,457677172,BITCOIN_CASH,0.029266173396515827,0.028846095313196086,0.02662948336873323,0.028066903967494818,409.55174037388394,409.069873046875,1.001177958482789
2025-06-11,428.98236083984375,445.685546875,423.0916442871094,437.9772033691406,544053809,BITCOIN_CASH,-0.020564332553838716,-0.020778722727280506,0.02931001032823231,0.028368994813548244,413.5454668317522,409.6803436279297,1.0094344853589872
2025-06-12,425.6308898925781,441.1277465820313,424.1990661621094,428.98236083984375,329563543,BITCOIN_CASH,-0.007812607820760431,-0.007843286130774594,0.02209316227412432,0.02841970587196555,419.2660609654018,410.15819498697914,1.0222057393701758
2025-06-13,448.6900329589844,453.3433837890625,398.740234375,425.622314453125,534510139,BITCOIN_CASH,0.054176385253020376,0.0527597845553836,0.02633697530788374,0.02959952128864234,426.7750810895647,411.6916737874349,1.0366376302036113
2025-06-14,430.8078918457031,449.1024169921875,421.7742004394531,448.71282958984375,318902456,BITCOIN_CASH,-0.03985410818099433,-0.040670035421826206,0.0331172562236761,0.030458555288241294,429.8381565638951,412.8622090657552,1.0411177073739781
2025-06-15,460.8656921386719,467.172119140625,430.8075866699219,430.8075866699219,483029475,BITCOIN_CASH,0.06977077454220404,0.0674443961236098,0.04005401703929469,0.0326546853075397,436.92881556919644,415.02821858723956,1.0527689347401648
2025-06-16,466.32757568359375,475.4433898925781,452.0440673828125,460.8656921386719,518993408,BITCOIN_CASH,0.011851356345436992,0.011781678995607349,0.03927147294692927,0.032551594837392867,442.7562517438616,417.50645039876304,1.0604776317131923
2025-06-17,463.8364868164063,480.4688720703125,458.4645385742188,466.32757568359375,565650223,BITCOIN_CASH,-0.005341929143983681,-0.005356248264724597,0.03910990149392596,0.032060737008978775,446.4487043108259,419.4070638020833,1.0644758823649747
2025-06-18,459.44927978515625,478.6559143066406,457.56634521484375,463.8363342285156,425013872,BITCOIN_CASH,-0.009458520741570275,-0.009503536629560069,0.03793238486823421,0.03131793514861168,450.8011213030134,421.62555643717445,1.0691978093367458
2025-06-19,498.56549072265625,500.1043701171875,454.105224609375,459.44927978515625,717984472,BITCOIN_CASH,0.08513716890750422,0.0817064019579395,0.04536246861266059,0.03428240558423895,461.22034999302457,425.10817159016926,1.0849482103996573
2025-06-20,473.8587646484375,500.107666015625,473.147216796875,498.5669860839844,529414408,BITCOIN_CASH,-0.04955562816513248,-0.050825643926898485,0.05048807390428293,0.035535969018337596,464.81588309151783,427.3178415934245,1.087752108262709
2025-06-21,466.2036437988281,477.0577392578125,459.4090270996094,473.8587646484375,375029616,BITCOIN_CASH,-0.016154857566660907,-0.016286769890593873,0.04732921424696086,0.032304465283990204,469.87241908482144,428.06056315104166,1.0976774305626151
2025-06-22,455.07818603515625,469.5803833007813,437.9855651855469,466.2036437988281,692961160,BITCOIN_CASH,-0.023863944247661473,-0.024153300898922075,0.041518716012560436,0.031621896001502836,469.0456324986049,429.04359944661456,1.0932353567413322
2025-06-23,463.4538269042969,469.2757263183594,438.8252258300781,455.078125,474786271,BITCOIN_CASH,0.018404839269737128,0.01823752008572532,0.041940390077403376,0.03168299371711534,468.63509695870533,430.42885335286456,1.0887632028109402
2025-06-24,453.8330078125,466.1972961425781,449.6499328613281,463.4538269042969,386206996,BITCOIN_CASH,-0.02075895921727622,-0.020977455538326237,0.042628027228242125,0.03198762739335253,467.2060285295759,431.4613026936849,1.0828457282558848
2025-06-25,482.2212524414063,494.4190979003906,453.8260192871094,453.8330078125,690654788,BITCOIN_CASH,0.06255218139760088,0.060673732514109145,0.04869545998734086,0.03347070433723796,470.45916748046875,433.6807108561198,1.084805378020492
2025-06-26,489.6326599121094,505.3204650878906,482.2186279296875,482.2212524414063,529349910,BITCOIN_CASH,0.015369309073750559,0.015252397620104725,0.036678307736884595,0.0334956227962596,469.1830487932478,436.1743174235026,1.0756778426678786
2025-06-27,505.1834411621094,508.1553955078125,485.6226806640625,489.6323547363281,516249957,BITCOIN_CASH,0.03176009797383905,0.031266176831968036,0.03143099599461841,0.0338113509400637,473.6580025809152,439.02965189615884,1.0788747423669387
2025-06-28,491.9881896972656,505.1878356933594,487.5185241699219,505.1878356933594,329535051,BITCOIN_CASH,-0.026119722836698278,-0.02646690161823689,0.033000163660022355,0.03386322713178983,477.3415091378348,441.7886108398437,1.0804749090982784
2025-06-29,503.7851257324219,506.1245422363281,488.8601379394531,491.9881896972656,368787760,BITCOIN_CASH,0.02397808785291211,0.023695127807222622,0.030136179845598247,0.03348559987119534,484.29964338030135,445.2769765218099,1.0876368393517875
2025-06-30,506.029052734375,520.1087646484375,488.92864990234375,503.7851257324219,488449544,BITCOIN_CASH,0.004454135081282562,0.004444244779240484,0.030303513791027043,0.03300430931507881,490.38181849888394,448.3276824951172,1.093802229141237
2025-07-01,500.6935119628906,526.7191162109375,499.466552734375,506.0309448242188,582309412,BITCOIN_CASH,-0.010543941583300964,-0.010599922791467943,0.028595311202993023,0.03258153392638644,497.07617623465404,451.5607411702474,1.1007958197305872
2025-07-02,510.3337097167969,511.9389343261719,499.4970703125,500.6907958984375,405960321,BITCOIN_CASH,0.019253690178874905,0.019070683195219162,0.020450405780596755,0.03262692547370768,501.0922415597098,455.1079793294271,1.1010403339841186
2025-07-03,496.7096252441406,514.459228515625,492.5596008300781,510.3421936035156,442561351,BITCOIN_CASH,-0.02669642277837525,-0.02705924420287829,0.023937818522010733,0.03313566338241923,502.10323660714283,458.3007293701172,1.0955759055789138
2025-07-04,484.2389831542969,496.7086486816406,472.5374450683594,496.7086486816406,406151257,BITCOIN_CASH,-0.025106503792259427,-0.025427048609557332,0.021910273628909977,0.03364744620994213,499.11117117745533,461.0744862874349,1.0824957485639495
2025-07-05,489.408203125,489.7107238769531,481.3070373535156,484.241455078125,257663061,BITCOIN_CASH,0.010674935621727943,0.010618360762313494,0.02059448789522516,0.03253316093658738,498.7426016671317,464.5352020263672,1.0736379062158197
2025-07-06,491.9597778320313,499.3248596191406,483.2451477050781,489.408203125,284802640,BITCOIN_CASH,0.005213592029595704,0.005200048312551499,0.01795238297346343,0.03233646141634193,497.0532662527902,467.72963155110676,1.0626935578240768
2025-07-07,496.19720458984375,499.67236328125,489.8722229003906,491.9597778320313,313746593,BITCOIN_CASH,0.008613360174455575,0.00857647682940539,0.018317283185363638,0.031974013354777564,495.64871651785717,470.6239929199219,1.0531734972598248
2025-07-08,501.3925476074219,505.2498168945313,494.4668884277344,496.19720458984375,351578231,BITCOIN_CASH,0.010470318997207073,0.010415884839563948,0.018547178972774612,0.031980157008025346,495.7485787527902,473.62937520345054,1.0467015027094513
2025-07-09,514.939208984375,516.2163696289062,500.2592468261719,501.3925476074219,441973390,BITCOIN_CASH,0.027018074842946938,0.026659530443883035,0.019999060048980773,0.03178506054508253,496.40650721958707,476.6094980875651,1.0415371687124555
2025-07-10,518.3226928710938,520.1332397460938,503.1311645507813,514.939208984375,488833459,BITCOIN_CASH,0.006570647229198201,0.006549154622214652,0.015614280155710246,0.031500467231239455,499.4940883091518,479.2872772216797,1.042160124100532
2025-07-11,531.6624755859375,537.9725341796875,514.771240234375,518.3204345703125,573257647,BITCOIN_CASH,0.025736443528937558,0.025410836097754862,0.008889487527850935,0.03129414264817795,506.2688729422433,482.70994771321614,1.0488055515338661
2025-07-12,506.4053649902344,533.9378662109375,502.8403625488281,531.6624755859375,443181913,BITCOIN_CASH,-0.047505911655449484,-0.04867137846295535,0.025201890565544324,0.03281940870005841,508.69703892299106,485.4024302164714,1.0479903009470537
2025-07-13,507.888916015625,512.526123046875,501.8155212402344,506.4053649902344,383360325,BITCOIN_CASH,0.002929572093730126,0.0029252892599453016,0.02521169812412097,0.03159865403144999,510.9726300920759,487.3757263183594,1.0484162474646979
2025-07-14,504.8515319824219,524.4868774414062,499.0111999511719,507.88470458984375,443891301,BITCOIN_CASH,-0.005980410159432736,-0.0059983644306629775,0.025424899238337986,0.03051917008257179,512.20896257673,489.84384765625,1.0456576417719445
2025-07-15,497.8650207519531,505.25103759765625,483.2316284179688,504.8515319824219,400487202,BITCOIN_CASH,-0.013838744240380008,-0.013935392356439709,0.025819396281765418,0.02834293235664876,511.7050301688058,491.07715861002606,1.0420053574007924
2025-07-16,499.2821044921875,508.5984497070313,492.8641662597656,497.8650207519531,419602529,BITCOIN_CASH,0.0028463211536613464,0.002842278051767103,0.02297866023588674,0.028289733042732655,509.46830095563615,492.17564290364584,1.0351351358022725
2025-07-17,500.064208984375,504.4915771484375,488.8630676269531,499.2821044921875,444869784,BITCOIN_CASH,0.0015664580908281156,0.001565232475103129,0.02265742705158391,0.028253542102428926,506.85994611467635,493.38323364257815,1.0273148975343194
2025-07-18,514.4284057617188,539.76123046875,500.0242919921875,500.0590515136719,807225450,BITCOIN_CASH,0.028724704786445843,0.028319884406914176,0.02332758328606514,0.02854155811432397,504.39793613978793,495.2158711751302,1.0185415401628164
2025-07-19,513.4231567382812,521.0634765625,502.6670837402344,514.441650390625,429562488,BITCOIN_CASH,-0.001954108700410906,-0.0019560204617497133,0.013089713270944731,0.024458962366943088,505.40047781808033,495.71112670898435,1.0195463659922732
2025-07-20,547.8762817382812,552.83837890625,511.0695190429688,513.4215698242188,713360776,BITCOIN_CASH,0.06710473524193339,0.06494912611712017,0.027216466331446042,0.02512773052705995,511.1129586356027,498.1783772786458,1.0259637550461613
2025-07-21,523.5546264648438,548.2609252929688,518.0252685546875,547.8762817382812,821323203,BITCOIN_CASH,-0.04439260483456353,-0.04540812479374976,0.03440400074467464,0.02649712507021949,513.7848292759487,500.09007670084634,1.0273845717264543
2025-07-22,525.9108276367188,529.7896728515625,512.6481323242188,523.55517578125,555595995,BITCOIN_CASH,0.004500392227998473,0.004490295743655334,0.03338605586829758,0.025963314518996645,517.7913731166294,502.4511647542318,1.0305307449528973
2025-07-23,512.2735595703125,529.5054931640625,501.859130859375,525.9076538085938,532105351,BITCOIN_CASH,-0.025930761166656158,-0.026272890768281,0.03583467170346468,0.02643769602171103,519.6472952706473,504.0784891764323,1.0308856783784832
2025-07-24,512.129150390625,526.9827270507812,491.5447387695313,512.2803344726562,716060573,BITCOIN_CASH,-0.00028189856179305917,-0.0002819383026614009,0.03585954357941352,0.026048476385754984,521.3708583286831,506.0216939290365,1.03033301651648
2025-07-25,556.8209228515625,562.0377807617188,510.7155456542969,512.129150390625,954270883,BITCOIN_CASH,0.08726660536087238,0.08366684518732692,0.046724292237585646,0.02803516441307963,527.4269321986607,508.508349609375,1.037204074630866
2025-07-26,559.5679321289062,562.7250366210938,552.1812744140625,556.832275390625,386968270,BITCOIN_CASH,0.004933380131040943,0.004921250887039277,0.04647041182916008,0.027965642372253637,534.01904296875,510.8395253499349,1.045375340921274
2025-07-27,590.12890625,605.4916381835938,556.2771606445312,559.5680541992188,874093389,BITCOIN_CASH,0.05461530650054036,0.05317606204317404,0.04441470684362401,0.028958557734693236,540.0551321847098,513.6710408528646,1.0513637897282253
2025-07-28,571.1161499023438,603.461669921875,569.6373291015625,590.12890625,722777681,BITCOIN_CASH,-0.032217971609751594,-0.032748394344572114,0.04194230929218219,0.029216831185479044,546.8496355329241,516.3086395263672,1.059152595305346
2025-07-29,563.8141479492188,586.019775390625,560.4815063476562,571.120361328125,498857311,BITCOIN_CASH,-0.012785493729031483,-0.012867931580214063,0.04298944602249531,0.029171410990638198,552.2643955775669,518.3096069335937,1.0655106295344503
2025-07-30,590.1255493164062,593.0418090820312,556.5669555664062,563.8141479492188,533364882,BITCOIN_CASH,0.046666798736588744,0.04561063743349856,0.04145505859304493,0.03015666101896651,563.3861083984375,521.1128234863281,1.081121175697221
2025-07-31,562.23876953125,596.6082153320312,561.45263671875,590.1271362304688,521765046,BITCOIN_CASH,-0.04725567265721664,-0.04840869322880158,0.048766353028231936,0.03159234564858718,570.5446254185268,523.1643320719401,1.0905648386978941
2025-08-01,535.5762329101562,571.24169921875,530.8395385742188,562.2476806640625,560426904,BITCOIN_CASH,-0.047422088383059835,-0.048583378353305486,0.04214627688696414,0.032858728013970426,567.5096697126116,524.0057495117187,1.083021837530277
2025-08-02,520.4732055664062,543.407958984375,518.4656982421875,535.574951171875,349688653,BITCOIN_CASH,-0.028199584700920766,-0.028604829660066382,0.04265887095539962,0.03290640473676546,561.9247087751116,524.7978688557943,1.0707450279862307
2025-08-03,544.4601440429688,547.5726928710938,516.455810546875,520.4786987304688,311771833,BITCOIN_CASH,0.04608678836878588,0.04505633387265181,0.04070956641503438,0.03342539907498582,555.4005998883929,526.8052408854167,1.0542807033485757
2025-08-04,574.1052856445312,578.8119506835938,544.4057006835938,544.4591674804688,507557710,BITCOIN_CASH,0.054448690002225186,0.0530180616231412,0.04583483314351335,0.034594883925268466,555.827619280134,529.628476969401,1.0494670197128515
2025-08-05,551.3870849609375,582.7623901367188,542.3895874023438,574.10498046875,594892199,BITCOIN_CASH,-0.03957148845631808,-0.040375727920673024,0.04830896711777423,0.03558683836867692,554.0523245675223,531.6093872070312,1.0422169696408143
2025-08-06,571.0632934570312,572.9185791015625,549.0108642578125,551.3895263671875,426357931,BITCOIN_CASH,0.03568492812537971,0.03506297415128161,0.04667004770333497,0.03603512290007162,551.3291451590402,534.1049235026042,1.0322487603062735
2025-08-07,582.2788696289062,583.8564453125,568.5697631835938,571.0626220703125,952705537,BITCOIN_CASH,0.019639812784988386,0.01944944021236418,0.04297718868666269,0.03612230753981206,554.1920166015625,536.8011342366536,1.0323972533881456
2025-08-08,586.4481811523438,588.771484375,573.669677734375,582.2784423828125,464041675,BITCOIN_CASH,0.007160334576617355,0.007134821098623371,0.03599014872841564,0.03589349884052031,561.4594377790179,539.1847666422526,1.0413117590014267
2025-08-09,567.5014038085938,591.417724609375,567.5014038085938,586.4271240234375,408771803,BITCOIN_CASH,-0.03230767517518851,-0.03284108848474725,0.03683139802451128,0.03652460469301593,568.177751813616,540.8240570068359,1.0505778070564535
2025-08-10,570.7457885742188,580.3805541992188,561.1895141601562,567.4968872070312,463752534,BITCOIN_CASH,0.0057169634186831075,0.005700683601261169,0.03389486203063759,0.03628446136415879,571.932843889509,542.1268341064454,1.0549797720900331
2025-08-11,579.3138427734375,594.676513671875,569.9832763671875,570.7457885742188,642023774,BITCOIN_CASH,0.01501203227556469,0.014900466882171538,0.027719439653028026,0.03503598082344162,572.6769234793527,544.5571166992188,1.051637938276483
2025-08-12,618.7223510742188,625.0442504882812,579.281494140625,579.3143310546875,733343503,BITCOIN_CASH,0.06802618095938273,0.0658122542444524,0.030073254228285398,0.036777538597043885,582.2962472098214,548.2515645345052,1.062096827218764
2025-08-13,616.6964111328125,629.1561279296875,602.3524169921875,618.7223510742188,698338792,BITCOIN_CASH,-0.003274392686620775,-0.0032797652414624746,0.02960845269621975,0.036748815360840924,588.8152640206473,551.9797271728515,1.0667334958775774
2025-08-14,593.7769775390625,626.236328125,583.9264526367188,616.6964111328125,594001439,BITCOIN_CASH,-0.037164856451246675,-0.037873072338514564,0.034413464835512,0.03746456259763312,590.4578508649554,555.1767923990885,1.0635492314320392
2025-08-15,592.5665893554688,601.648681640625,581.0377197265625,593.7769775390625,344054956,BITCOIN_CASH,-0.0020384559007495806,-0.002040536379769856,0.03439528297389368,0.03748877954952101,591.3319091796875,558.2862752278646,1.0591911988850797
2025-08-16,587.9867553710938,597.5339965820312,577.9286499023438,592.5665893554688,270413314,BITCOIN_CASH,-0.007728808992347069,-0.0077588310263212714,0.03139963335162575,0.03756290198363764,594.2583879743304,561.2170267740886,1.0588744810366244
2025-08-17,582.4995727539062,592.0797119140625,582.4708862304688,587.9815673828125,290609014,BITCOIN_CASH,-0.009332153432137114,-0.00937597079594799,0.03186250116330598,0.03739986087943705,595.9375,563.4860656738281,1.0575904823615574
2025-08-18,569.276123046875,582.5004272460938,561.6901245117188,582.4995727539062,333083989,BITCOIN_CASH,-0.02270121786444279,-0.02296285779021879,0.0326912328462254,0.03771331649813872,594.5035400390625,565.347831217448,1.0515712756142166
2025-08-19,548.0706176757812,573.6394653320312,547.9998779296875,569.276123046875,309888843,BITCOIN_CASH,-0.03724994692838657,-0.037961451162099855,0.015628253597989566,0.03658936554833656,584.4104352678571,565.3543090820312,1.0337065197517772
2025-08-20,560.5867309570312,562.565673828125,544.8709106445312,548.0789184570312,305696457,BITCOIN_CASH,0.022836679941587557,0.022579826073426068,0.021466574115939267,0.03577560961681644,576.3947666713169,566.5887125651042,1.0173071822448032
2025-08-21,553.983642578125,564.2708129882812,551.024169921875,560.5867309570312,274445580,BITCOIN_CASH,-0.011778888108238794,-0.011848808811888618,0.01863442137205704,0.035865029305006464,570.7100045340402,567.524473063151,1.005613029256158
2025-08-22,599.3248901367188,607.5272827148438,551.385986328125,553.982421875,513876610,BITCOIN_CASH,0.08184582372790827,0.0786686783378084,0.038594265488954504,0.03808805255935112,571.6754760742188,570.4261840820312,1.0021901028161917
2025-08-23,591.0036010742188,600.7739868164062,584.5089111328125,599.328125,318991529,BITCOIN_CASH,-0.013884437638826852,-0.013981728041202821,0.038916629680532104,0.038238266953546256,572.1064540318081,573.055332438151,0.9983441766394429
2025-08-24,583.865234375,599.3931274414062,583.8507690429688,591.006103515625,318837090,BITCOIN_CASH,-0.012078381055959597,-0.012151917433892982,0.039050699529899605,0.03531108678004919,572.3015485491071,573.9568094889323,0.9971160531376932
2025-08-25,544.4395751953125,586.8638916015625,538.02001953125,583.8656005859375,393223697,BITCOIN_CASH,-0.06752527271450026,-0.06991322993813787,0.04695177911080116,0.03763384827200122,568.7534702845982,573.4525309244792,0.9918056676246496
2025-08-26,550.5748291015625,554.0781860351562,532.8626708984375,544.4374389648438,421075257,BITCOIN_CASH,0.011268934489284677,0.011205913061292361,0.045078865941306924,0.036310616013326524,569.1112147739956,572.1340616861979,0.9947165409042534
2025-08-27,550.0770263671875,562.1173095703125,544.64892578125,550.594482421875,410100247,BITCOIN_CASH,-0.0009041509129419367,-0.0009045599039235869,0.04403671736139853,0.03585276812671091,567.6098284040179,571.4327575683594,0.9933099229721982
2025-08-28,557.6010131835938,565.0848388671875,548.7591552734375,550.082275390625,280402200,BITCOIN_CASH,0.013678060445636353,0.013585360127350916,0.04420535350992032,0.03588249724314805,568.1265956333706,571.2256530761719,0.9945747229205968
2025-08-29,531.1219482421875,559.2968139648438,529.0952758789062,557.5950317382812,527578258,BITCOIN_CASH,-0.04748747637710593,-0.04865202390719862,0.03115527302148513,0.03584445671529823,558.383318219866,569.258866373698,0.9808952503048192
2025-08-30,553.5634155273438,554.0957641601562,525.436767578125,531.121337890625,317294001,BITCOIN_CASH,0.04225294653973344,0.04138466486974391,0.03832821551271882,0.03571489850852764,553.0347202845982,568.9696879069011,0.9719932925057507
2025-08-31,544.5551147460938,554.0567016601562,542.7286987304688,553.5299682617188,260203888,BITCOIN_CASH,-0.016273295034622826,-0.01640715936278677,0.03841372101147239,0.034690136662263164,547.4189889090402,569.268983968099,0.9616174503189108
2025-09-01,544.568603515625,551.0439453125,530.5772705078125,544.5555419921875,365940268,BITCOIN_CASH,2.4770255876660485e-05,2.4769949098938353e-05,0.027868291757058718,0.03425133851240948,547.4374215262277,570.0721638997396,0.960294952451857
2025-09-02,585.287841796875,585.8167114257812,544.0823364257812,544.5696411132812,589869802,BITCOIN_CASH,0.07477338579267112,0.0721098354435637,0.03915797979038312,0.0357603174901818,552.3964233398438,571.4330871582031,0.9666861015818481
2025-09-03,603.4998779296875,604.8558959960938,579.2242431640625,585.287841796875,735284538,BITCOIN_CASH,0.03111637528109301,0.030642074786124563,0.03967566455038783,0.034891164286452336,560.0282592773438,572.4129069010417,0.9783641363177037
2025-09-04,586.7719116210938,604.08837890625,584.561279296875,603.4998779296875,407599911,BITCOIN_CASH,-0.027718259639056164,-0.028109660183511027,0.04263480844128728,0.034450620962911786,564.1955304827009,573.5924011230469,0.9836175119789806
2025-09-05,606.7718505859375,618.5623168945312,585.3610229492188,586.7719116210938,817645654,BITCOIN_CASH,0.03408469043719098,0.033516678377405566,0.03535779583642071,0.034400682135303354,575.0026593889509,574.7826863606771,1.000382706427131
2025-09-06,595.3136596679688,616.1646728515625,585.2756958007812,606.7718505859375,599677544,BITCOIN_CASH,-0.018883853802551975,-0.01906443070894057,0.03635391059643489,0.03444649047995509,580.9669799804688,575.2171793619792,1.009995877774143
2025-09-07,603.4046020507812,606.682861328125,593.8171997070312,595.3151245117188,311967593,BITCOIN_CASH,0.013591057842222476,0.013499527809695162,0.034384110524548386,0.03450679487929904,589.3740495954241,575.782393391927,1.0236055432737858
2025-09-08,588.297607421875,605.8727416992188,585.869873046875,603.4046020507812,584953952,BITCOIN_CASH,-0.025036260210085204,-0.025354998634915298,0.03739114157915471,0.03428033180722699,595.6210501534598,576.4756001790364,1.0332112061091179
2025-09-09,581.1709594726562,590.4154052734375,575.9751586914062,588.3297119140625,391270417,BITCOIN_CASH,-0.01211401824401459,-0.012187990974703567,0.026402184974078164,0.034354840243703305,595.0329241071429,576.8231058756511,1.03156915533723
2025-09-10,580.6012573242188,589.4597778320312,577.7383422851562,581.1588134765625,417427915,BITCOIN_CASH,-0.0009802660286990506,-0.000980746803659815,0.02250126994146943,0.03424913374201723,591.7616925920759,576.8660196940104,1.0258217201040314
2025-09-11,596.3865356445312,602.39794921875,576.7447509765625,580.6012573242188,793975677,BITCOIN_CASH,0.027187812842605963,0.026824789438673058,0.022888408360008185,0.03235605286049703,593.1352103097098,576.1214925130208,1.0295314755963638
2025-09-12,598.6129760742188,601.3950805664062,587.84375,596.3819580078125,465340294,BITCOIN_CASH,0.0037332171278503523,0.003726265967544253,0.01846324374410608,0.03236599727060115,591.9696568080357,575.518711344401,1.0285845536198215
2025-09-13,598.5404052734375,605.3619995117188,594.5784912109375,598.6121215820312,432912858,BITCOIN_CASH,-0.00012123158648713606,-0.00012123893562988864,0.016851888665703016,0.03160762546163277,592.4306204659598,575.6774922688802,1.0291015862563109
2025-09-14,601.4661865234375,603.2343139648438,589.073974609375,598.5404052734375,612145989,BITCOIN_CASH,0.004888193385479855,0.004876284959551854,0.01606317299218911,0.0316154440538705,592.1537039620536,575.9741455078125,1.028090772095293
2025-09-15,593.8782348632812,604.7797241210938,588.7097778320312,601.4590454101562,654786898,BITCOIN_CASH,-0.012615757677111872,-0.012696012042172678,0.01326154082559192,0.031672699061006795,592.9509364536831,576.1705281575521,1.029124030952764
2025-09-16,598.8651123046875,601.6998291015625,590.48486328125,593.8778076171875,428838130,BITCOIN_CASH,0.008397137912545816,0.008362078081413659,0.011977926047168784,0.03165077431728624,595.4786725725446,576.7160461425781,1.03253356058924
2025-09-17,616.8861083984375,624.8118896484375,591.2916870117188,598.8651123046875,822736383,BITCOIN_CASH,0.030091911723489018,0.029648032943365963,0.014957681963056291,0.03173904417142537,600.6622227260044,578.3030456542969,1.0386634261045784
2025-09-18,624.3959350585938,650.3606567382812,612.9776000976562,616.8861083984375,1304984363,BITCOIN_CASH,0.012173765234644751,0.012100260903012685,0.012866604416832544,0.030831794125551835,604.6635654994419,580.8472229003906,1.0410027657188876
2025-09-19,600.8482055664062,631.8939208984375,598.6806640625,624.395751953125,623480321,BITCOIN_CASH,-0.03771281677222604,-0.03844234560302977,0.021432676014253863,0.03159093885306094,604.9828839983259,582.1892720540365,1.0391515492270593
2025-09-20,595.0829467773438,606.5555419921875,594.456298828125,600.8482055664062,355273479,BITCOIN_CASH,-0.009595200144814853,-0.009641530683111714,0.021780311992594486,0.0315593755339638,604.4889613560268,583.559248860677,1.0358656169638514
2025-09-21,594.320556640625,602.1749267578125,594.1094970703125,595.0845336914062,267177207,BITCOIN_CASH,-0.0012811493605175972,-0.0012819707339692381,0.02163541196867197,0.028079377384520543,603.4681570870536,583.3924377441406,1.034412032182902
2025-09-22,567.727783203125,594.7813110351562,561.9478759765625,594.3181762695312,533884120,BITCOIN_CASH,-0.04474483196040646,-0.04577678252624662,0.027305604535270967,0.029192373665890017,599.7323782784598,582.6165771484375,1.0293774701945386
2025-09-23,557.0358276367188,569.7745971679688,554.4091186523438,567.727783203125,511617224,BITCOIN_CASH,-0.018832891189651035,-0.019012488551474423,0.026788875740795883,0.02930664584210141,593.7567661830357,581.7222635904948,1.020687711895814
2025-09-24,556.486328125,563.6603393554688,551.8634033203125,557.0316162109375,351089397,BITCOIN_CASH,-0.0009864706800818412,-0.000986957562506332,0.0210554553894373,0.026312717689145282,585.1282261439732,582.1238220214843,1.0051611083567338
2025-09-25,536.1151733398438,557.5267944335938,535.1172485351562,556.4874877929688,539205043,BITCOIN_CASH,-0.036606748010852175,-0.037293589181371704,0.018715733451959326,0.02712424140228124,572.5166887555804,581.6418334960938,0.9843114022840059
2025-09-26,548.5003662109375,550.294677734375,535.1489868164062,536.1202392578125,414681524,BITCOIN_CASH,0.02310173911687219,0.02283893375164206,0.02337369051154543,0.02746793970218775,565.0384259905134,581.589278157552,0.9715420266696267
2025-09-27,544.2048950195312,548.5022583007812,540.7780151367188,548.5003662109375,223029363,BITCOIN_CASH,-0.007831300498629679,-0.00786212617460359,0.023426199877055815,0.0273785451799494,557.7701328822544,581.1427408854166,0.9597816399331561
2025-09-28,556.2056274414062,558.0104370117188,536.4159545898438,544.2035522460938,342052822,BITCOIN_CASH,0.022051864163118662,0.021812238207314393,0.026709506867387375,0.02612664154996018,552.3251429966518,581.9788635253906,0.9490467396889491
2025-09-29,561.4266967773438,563.2060546875,550.9896850585938,556.2053833007812,376423264,BITCOIN_CASH,0.009386940869251736,0.009343157322256218,0.021916371222117988,0.025075332078615578,551.4249877929688,582.2409729003906,0.947073485821662
2025-09-30,560.0418701171875,562.7998657226562,549.868408203125,561.4264526367188,404325821,BITCOIN_CASH,-0.002466620608006953,-0.0024696677283767956,0.02057605976833505,0.024880209245052666,551.8544224330357,582.7571980794271,0.9469714389659422
2025-10-01,593.0653686523438,597.029541015625,559.721435546875,560.0427856445312,555056991,BITCOIN_CASH,0.05896612431539472,0.05729307773689848,0.02957174049359192,0.026921233152516127,557.0799996512277,584.3737569173177,0.9532940058601027
2025-10-02,595.0222778320312,596.69873046875,582.9244384765625,593.0824584960938,517575999,BITCOIN_CASH,0.0032996517468795172,0.0032942198417046016,0.02195970083748903,0.023534554302759254,565.4953002929688,584.6982381184896,0.9671575240463964
2025-10-03,609.2512817382812,615.2291259765625,591.6470336914062,595.0222778320312,441355850,BITCOIN_CASH,0.023913396920353103,0.02363194972082349,0.022009515251000086,0.023258654465620743,574.1740025111607,584.889951578776,0.981678691797166
2025-10-04,590.4147338867188,609.244873046875,584.9299926757812,609.2333374023438,313671709,BITCOIN_CASH,-0.030917535040417388,-0.03140556755497509,0.027259297751926637,0.023404880053684893,580.775408063616,585.0113789876302,0.9927591649048868
2025-10-05,594.2940673828125,611.0782470703125,588.36474609375,590.41259765625,375572874,BITCOIN_CASH,0.006570522843418747,0.006549031048387537,0.026918591061103465,0.02258491342650553,586.2166137695312,584.5954528808594,1.0027731329087197
2025-10-06,599.4307250976562,606.4380493164062,592.8822021484375,594.2955322265625,310828922,BITCOIN_CASH,0.008643292936550528,0.008606153531228122,0.026920576036608187,0.02237277658630356,591.6457606724331,584.7326883951823,1.011822619830309
2025-10-07,576.8434448242188,599.722412109375,575.0706176757812,599.4307250976562,382423336,BITCOIN_CASH,-0.03768121874259567,-0.0384095097600403,0.032417976705930704,0.023299236467364808,594.0459856305804,583.8473164876302,1.017468041480955
2025-10-08,583.4630737304688,587.7357788085938,574.5777587890625,576.8434448242188,286669148,BITCOIN_CASH,0.011475607403785615,0.011410262064282835,0.02323792072392857,0.022965774932279068,592.6742292131696,583.6861653645833,1.015398795417692
2025-10-09,580.16064453125,592.620361328125,569.8235473632812,583.4630737304688,337786367,BITCOIN_CASH,-0.005660048335371259,-0.005676127108743747,0.023123006838462697,0.022879909758976406,590.5511387416294,583.6524881998698,1.011819791196362
2025-10-10,513.3910522460938,597.1498413085938,484.9796142578125,580.1597290039062,925216944,BITCOIN_CASH,-0.11508811036140487,-0.12226719866100745,0.04744034470417728,0.031961781296272945,576.8568202427456,581.4121480305989,0.9921650625923736
2025-10-11,500.3888549804688,539.9500732421875,480.0081787109375,513.3832397460938,579560115,BITCOIN_CASH,-0.025326108058837615,-0.025652333735726278,0.04734963147130388,0.031645330703173755,563.9959803989956,578.2122253417969,0.9754134480044976
2025-10-12,541.6370239257812,545.138916015625,496.85345458984375,500.3948364257813,457468716,BITCOIN_CASH,0.08243222952462137,0.07921057341472024,0.061051493925096546,0.03523079875350482,556.4735456194196,576.3130269368489,0.9655751642074138
2025-10-13,546.7172241210938,549.7081298828125,535.340576171875,541.6417846679688,390044712,BITCOIN_CASH,0.00937934441499455,0.009335631484012737,0.0610956335304663,0.035302770421258095,548.9430454799107,574.5855875651042,0.9553721105434304
2025-10-14,538.9210815429688,546.9992065429688,509.2484130859375,546.7161254882812,733655484,BITCOIN_CASH,-0.014259917621322615,-0.01436256726544893,0.06010666805578641,0.03532913979577654,543.5255650111607,572.5007507324219,0.9493883882524308
2025-10-15,522.3030395507812,544.7749633789062,519.6494750976562,538.9210815429688,350007473,BITCOIN_CASH,-0.03083576160095447,-0.03132118878175728,0.05977263264910533,0.035655546840681514,534.7884172712054,570.1149108886718,0.938036187191805
2025-10-16,504.8136291503906,528.9629516601562,501.9852600097656,522.3030395507812,381079860,BITCOIN_CASH,-0.03348517828927977,-0.03405864500310211,0.059932364250493315,0.03597657748876633,524.0245579310825,566.9798614501954,0.9242383963881121
2025-10-17,469.9474792480469,509.63031005859375,454.5906372070313,504.8136291503906,642250305,BITCOIN_CASH,-0.06906737038978927,-0.07156836779259354,0.047208829352309314,0.03727058933873553,517.8183332170759,562.0819071451823,0.9212506694034658
2025-10-18,468.3700866699219,479.3109436035156,463.8443298339844,469.9474792480469,318606442,BITCOIN_CASH,-0.003356529501230554,-0.0033621752834065532,0.04693509348546329,0.03707414540254774,513.2442234584263,556.8810455322266,0.9216406763636651
2025-10-19,472.87347412109375,478.5227355957031,457.3219909667969,468.3700866699219,363322774,BITCOIN_CASH,0.009615019360417865,0.009569089239737247,0.028942648080732453,0.03682085920474743,503.42085920061385,552.6152211507161,0.910978995751032
2025-10-20,479.0804443359375,486.32763671875,467.7850646972656,472.87152099609375,415474887,BITCOIN_CASH,0.013126069772427584,0.013040669420808103,0.029582447220615204,0.03701799472123882,493.75846208844865,548.7484710693359,0.8997901372303977
2025-10-21,481.7611389160156,514.15478515625,464.5065307617188,479.0878601074219,659711067,BITCOIN_CASH,0.005595499903557677,0.005579903247648227,0.031014084287472123,0.03707715168738389,485.59275599888394,544.9964904785156,0.8910016201618578
2025-10-22,473.4272766113281,484.5442199707031,464.246826171875,481.7559509277344,355610006,BITCOIN_CASH,-0.017298743363649227,-0.0174501148556941,0.03030840448741647,0.03641025983419877,478.6105041503906,541.853140258789,0.8832845444465013
2025-10-23,480.9351501464844,491.3616638183594,473.1453857421875,473.4272766113281,741446707,BITCOIN_CASH,0.015858557176712917,0.015734124087678984,0.030666833768291567,0.036536290076781136,475.1992928641183,539.3164510091145,0.8811140323551662
2025-10-24,502.617919921875,506.58642578125,479.1665649414063,480.9351501464844,403057486,BITCOIN_CASH,0.04508460188195107,0.044097840878501667,0.01895369591209447,0.037613977108978285,479.8664986746652,537.5208374023438,0.892740272160792
2025-10-25,508.5125732421875,511.0977478027344,497.1448059082031,502.61920166015625,398125645,BITCOIN_CASH,0.011727901228091309,0.011659662408377762,0.018071170250410308,0.03715162399747728,485.6011396135603,536.6007507324218,0.9049579952147836
2025-10-26,558.7027587890625,563.8194580078125,508.3830261230469,508.5137023925781,689666603,BITCOIN_CASH,0.09869998931761148,0.09412765300194535,0.03586950707078845,0.04087291670947254,497.86246599469865,536.940830485026,0.9272203522778714
2025-10-27,555.938720703125,571.3715209960938,554.24951171875,558.70703125,674062650,BITCOIN_CASH,-0.00494724259448498,-0.00495952071108276,0.037384856953549296,0.04085559135498431,508.8422197614397,537.3319580078125,0.9469792596144847
2025-10-28,557.8362426757812,570.3652954101562,551.4577026367188,555.9384155273438,784132942,BITCOIN_CASH,0.00341318548608438,0.0034073737890153214,0.037545356645217756,0.040665549532352005,519.7100917271206,537.3863118489584,0.9671070517947878
2025-10-29,556.59375,566.3123168945312,549.5780639648438,557.83544921875,569007521,BITCOIN_CASH,-0.002227343045732133,-0.0022298272637431265,0.03532635453934711,0.04062969539712185,531.5910164969308,537.2252136230469,0.9895124112136899
2025-10-30,541.5377807617188,574.0560913085938,528.7237548828125,556.595703125,609455219,BITCOIN_CASH,-0.02705019457778901,-0.027422785565441744,0.04025258298601771,0.04093020325973446,540.24853515625,536.6084106445312,1.0067835770731706
2025-10-31,536.194091796875,563.2086181640625,535.1064453125,541.5430297851562,550029509,BITCOIN_CASH,-0.009867619868234145,-0.00991662748804936,0.039349094539765705,0.039434752706530005,545.0451311383929,534.7127014160156,1.0193233295095012
2025-11-01,554.5016479492188,559.8309326171875,532.1148681640625,536.184326171875,408534892,BITCOIN_CASH,0.03414352457893011,0.033573571655746745,0.04043072412832901,0.03999446413180181,551.6149989536831,533.3620137532552,1.0342225069085482
2025-11-02,537.2799072265625,555.1066284179688,525.3387451171875,554.5016479492188,416673515,BITCOIN_CASH,-0.031058051470810755,-0.031550577524572576,0.021586137598577037,0.040027214468348234,548.5545915876116,530.962967936198,1.0331315453501222
2025-11-03,505.5304565429688,537.2637939453125,502.5325317382813,537.2637939453125,468518058,BITCOIN_CASH,-0.05909294253619923,-0.06091091423891148,0.03002514697164339,0.04106793882567395,541.3534109933036,528.1334920247396,1.0250313967362341
2025-11-04,481.1529846191406,512.2496337890625,462.54541015625,505.53033447265625,473763872,BITCOIN_CASH,-0.04822156926119081,-0.049423012099698224,0.0316402700547539,0.04178220229157585,530.398659842355,524.3621225992839,1.011512153496419
2025-11-05,489.8068237304688,493.8278503417969,462.5619812011719,481.1470642089844,303803109,BITCOIN_CASH,0.017985629078406618,0.017825801209833764,0.034422245617881736,0.041934878168849436,520.857670375279,520.7079925537109,1.0002874505936312
2025-11-06,472.376708984375,489.8311767578125,465.7696533203125,489.80072021484375,275627079,BITCOIN_CASH,-0.035585691953702314,-0.03623429656960457,0.034969895148321994,0.041880063036358904,510.9775172642299,517.2257680257161,0.9879196839219048
2025-11-07,511.1354675292969,519.9895629882812,472.3684387207031,472.3703918457031,809035614,BITCOIN_CASH,0.0820505283341646,0.07885787834886428,0.05131179011152597,0.044605302792130305,507.397713797433,514.8148478190104,0.9855926182918
2025-11-08,495.8359680175781,514.7979125976562,486.4957580566406,511.1442260742188,274523232,BITCOIN_CASH,-0.02993237699914031,-0.030389495480770787,0.04853622405470164,0.04485695817663776,499.0169023786272,512.0040252685546,0.9746347250236647
2025-11-09,503.3228149414063,505.0336608886719,489.3652038574219,495.8366394042969,289590084,BITCOIN_CASH,0.0150994429745821,0.014986581068645616,0.04922942772714904,0.03914463369244449,494.16588919503346,511.6684173583984,0.9657932216068257
2025-11-10,517.1731567382812,523.322998046875,502.1119689941406,503.3214111328125,349519334,BITCOIN_CASH,0.02751781041057577,0.027146000970945668,0.04491258718940884,0.03916914000156247,495.8291320800781,512.2278940836588,0.96798541783259
2025-11-11,505.4093017578125,530.5660400390625,504.66937255859375,517.1721801757812,480848970,BITCOIN_CASH,-0.022746453150548795,-0.023009144896931937,0.0406573532369614,0.03649471616309651,499.2943202427455,511.0203033447266,0.97705378235418
2025-11-12,507.0968933105469,531.5944213867188,499.4349670410156,505.4055480957031,388130618,BITCOIN_CASH,0.003339059148426804,0.003333496868842955,0.0403838308212766,0.03644510345782248,501.7643301827567,509.6996256510417,0.984431427709704
2025-11-13,509.6495361328125,530.5211181640625,494.75384521484375,507.0963439941406,543104748,BITCOIN_CASH,0.005033836444157336,0.005021209047920333,0.03616018245325527,0.03639947984629018,507.0890197753906,508.7239074707031,0.9967862967096615
2025-11-14,479.8135681152344,516.010009765625,477.9355773925781,509.6495361328125,435619431,BITCOIN_CASH,-0.058542127290003076,-0.06032567675059233,0.030327882196605222,0.037575159130876924,502.61446271623885,507.3075917561849,0.9907489477464757
2025-11-15,502.3940124511719,516.9778442382812,479.76171875,479.8135681152344,355284220,BITCOIN_CASH,0.047060870797456245,0.04598706849590941,0.034776865646034605,0.03811910578482438,503.5513262067522,507.22693786621096,0.992753516453757
2025-11-16,483.67388916015625,503.4653930664063,474.0812377929688,502.3927001953125,278777967,BITCOIN_CASH,-0.037261835983435465,-0.03797380029510782,0.03713069163236488,0.036403883626632334,500.7443368094308,507.6844848632812,0.9863298007704148
2025-11-17,490.4173583984375,514.2647094726562,482.0979919433594,483.67327880859375,378967181,BITCOIN_CASH,0.013942181683593624,0.01384588350738365,0.03547379710964181,0.036468950086656855,496.92207990373885,508.4193939208984,0.9773861615929066
2025-11-18,523.0634765625,535.68310546875,476.5802001953125,490.4173583984375,597668795,BITCOIN_CASH,0.066568031504177,0.0644460463970801,0.043606054217450695,0.03822014542409882,499.44410487583707,510.09239400227864,0.9791247835653986
2025-11-19,486.0149230957031,523.1023559570312,471.31341552734375,523.0634765625,412222154,BITCOIN_CASH,-0.07082993771668933,-0.0734634974132382,0.05276602889875058,0.04065063105686142,496.4323948451451,510.32354329427085,0.9727797225276835
2025-11-20,480.1640625,511.3036193847656,473.8077392578125,486.0045471191406,496518784,BITCOIN_CASH,-0.012038438158309406,-0.012111487009620888,0.05256299083822615,0.04070237204330338,492.2201843261719,510.270307413737,0.9646263503376266
2025-11-21,533.1057739257812,545.064697265625,449.54248046875,480.154541015625,908027251,BITCOIN_CASH,0.11025754645222174,0.10459201224170708,0.06164441357230174,0.044801990742682915,499.83335658482144,512.259590657552,0.9757423105406774
2025-11-22,556.4970703125,566.3325805664062,522.0986938476562,533.104736328125,886601314,BITCOIN_CASH,0.04387740206688373,0.04294205159447285,0.06139994290141427,0.04532098920494969,507.56236485072543,514.7783213297527,0.9859824002293117
2025-11-23,539.2669067382812,556.9505004882812,537.8284301757812,556.4962768554688,505148426,BITCOIN_CASH,-0.030961822610392487,-0.03145126911659627,0.06051199787909758,0.04516447581767044,515.5042245047433,515.9999542236328,0.9990392834052954
2025-11-24,548.7407836914062,562.4476318359375,538.4798583984375,539.270263671875,480968305,BITCOIN_CASH,0.017568066637775104,0.017415532055679483,0.0605103550906246,0.045217599723401246,523.8361424037388,517.3408945719401,1.0125550635952973
2025-11-25,527.0858154296875,548.9869995117188,516.7832641601562,548.7216796875,385810724,BITCOIN_CASH,-0.03946301952635034,-0.0402627962407092,0.059487078166621604,0.04240018372396453,524.4107622419085,516.286996459961,1.0157349804230011
2025-11-26,544.1484985351562,547.8298950195312,526.4061279296875,527.0858154296875,553618586,BITCOIN_CASH,0.03237173645350144,0.03185881194118192,0.05005857786489858,0.04284039375164648,532.715558733259,515.893989054362,1.0326066401931355
2025-11-27,532.4583129882812,549.1996459960938,532.0436401367188,544.1559448242188,338818403,BITCOIN_CASH,-0.021483447217707785,-0.021717575802330778,0.05108333428712963,0.04300231610641971,540.1861659458706,515.0480580647786,1.0488073054299922
2025-11-28,549.3899536132812,554.314453125,531.740478515625,532.4622192382812,635412763,BITCOIN_CASH,0.03179899761537319,0.03130387833673414,0.034387093455194,0.043417914641870954,542.5124773297991,514.8079315185547,1.053815304922601
2025-11-29,521.7120971679688,549.398681640625,518.142578125,549.3826293945312,457127022,BITCOIN_CASH,-0.05037925477755478,-0.05169258965061558,0.03525407746210069,0.0441579246047553,537.543195452009,514.147075398763,1.0455047226226082
2025-11-30,541.7889404296875,561.2555541992188,519.220703125,521.7110595703125,511253535,BITCOIN_CASH,0.038482610180409216,0.0377606190618202,0.03760727196669989,0.044689753793670565,537.9034859793527,514.3335703531901,1.0458261272154123
2025-12-01,522.865234375,542.1174926757812,509.9967041015625,541.7889404296875,572835027,BITCOIN_CASH,-0.03492818816065035,-0.03555276399808126,0.03897936722422559,0.04469954031227786,534.2069789341518,513.2790232340495,1.0407730586148645
2025-12-02,546.04150390625,555.7528076171875,520.7159423828125,522.8696899414062,506411625,BITCOIN_CASH,0.044325512593992755,0.0433712345353081,0.039856595296389866,0.045080524854271956,536.9149344308036,513.5710764567058,1.0454539966213725
2025-12-03,591.4345703125,604.9505004882812,544.18359375,546.0424194335938,805072559,BITCOIN_CASH,0.08313116508821938,0.07985607341680331,0.048441841733863046,0.04578431379284511,543.6700875418527,516.4345469156901,1.0527376427251465
2025-12-04,574.7135620117188,596.2896728515625,567.7872924804688,591.4420166015625,419578192,BITCOIN_CASH,-0.02827194949383205,-0.028679297098252055,0.049310823554351145,0.0450816823609172,549.7065516880581,519.553232828776,1.0580370151776524
2025-12-05,560.5130004882812,581.9634399414062,558.7340698242188,574.716064453125,372950285,BITCOIN_CASH,-0.024708937568360234,-0.025019326963269573,0.05001852687268003,0.045369340694021716,551.2955583844866,521.9101053873698,1.0563036674204775
2025-12-06,583.8262939453125,595.5606689453125,558.9982299804688,560.50732421875,377143590,BITCOIN_CASH,0.04159277918036208,0.040751060017610384,0.045183699846707295,0.04516294164152102,560.1690150669643,525.6250915527344,1.065719700351794
2025-12-07,598.684326171875,603.696533203125,571.7680053710938,583.8307495117188,384880361,BITCOIN_CASH,0.0254494057233301,0.0251309611097466,0.044418882797073636,0.043242120367083386,568.2969273158482,528.5433868408203,1.0752133911137183
2025-12-08,579.8814697265625,604.55029296875,576.711669921875,598.6857299804688,343154879,BITCOIN_CASH,-0.03140696294079104,-0.031910737703714755,0.043754455140893364,0.04328624800338115,576.4421037946429,531.3449035644531,1.084873685486887
2025-12-09,585.3843994140625,590.6727905273438,570.9510498046875,579.8801879882812,454957972,BITCOIN_CASH,0.00948974915527967,0.009445004341070975,0.041900035704842985,0.043254942599244554,582.062517438616,534.0802897135417,1.0898408509904196
2025-12-10,573.5526733398438,587.97119140625,560.6657104492188,585.3505249023438,501078112,BITCOIN_CASH,-0.02021189168358717,-0.02041894669922981,0.029241713618827207,0.0432882333827256,579.5079607282366,535.9596069335937,1.0812530519674752
2025-12-11,575.1439819335938,576.0899658203125,552.4445190429688,573.5494995117188,367698610,BITCOIN_CASH,0.0027744768139317255,0.002770635057405303,0.027234212072751066,0.042999812890688494,579.5694492885044,538.2840962727864,1.076698073195155
2025-12-12,581.1588745117188,585.3566284179688,569.25390625,575.1426391601562,382716483,BITCOIN_CASH,0.010458064010169021,0.010403756763041054,0.024985502058389106,0.04301365865289356,582.5188598632812,540.7528289794922,1.0772368236382783
2025-12-13,580.5532836914062,586.5040893554688,569.6392822265625,581.1588745117188,206191549,BITCOIN_CASH,-0.001042040045970749,-0.001042583347159976,0.019444314963926294,0.043025584794768534,582.051286969866,543.1162872314453,1.0716881460817411
2025-12-14,558.4771118164062,584.8614501953125,556.1887817382812,580.5532836914062,270374711,BITCOIN_CASH,-0.038026090791581146,-0.038767950089192524,0.020223513313359084,0.042077882684973464,576.3073992047991,545.7384053548177,1.056014005153452
2025-12-15,535.7216796875,571.8214721679688,520.3450317382812,558.4872436523438,356975087,BITCOIN_CASH,-0.040745505316942765,-0.04159886424389252,0.02221211598749437,0.042178727445118164,569.9988577706473,546.8493275960286,1.042332556714269
2025-12-16,546.167724609375,555.3692626953125,529.00537109375,535.7176513671875,304579900,BITCOIN_CASH,0.01949901472714055,0.01931134460438307,0.023990861217787565,0.0415926648882739,564.3964756556919,548.9324554443359,1.0281710801720378
2025-12-17,546.0899047851562,567.4837036132812,542.3353881835938,546.1693115234375,360239945,BITCOIN_CASH,-0.0001424833814088755,-0.00014249353313017685,0.02373268687039895,0.04155746033464639,560.4732230050223,550.7882069905598,1.0175839204462642
2025-12-18,565.4888305664062,577.3231811523438,528.9080810546875,546.0972290039062,603048870,BITCOIN_CASH,0.03552331880019266,0.03490692096275756,0.028557661789204405,0.040399520995943745,559.0939156668527,552.2023854573567,1.0124800804759075
2025-12-19,624.416748046875,630.127197265625,557.6459350585938,565.4888305664062,673679486,BITCOIN_CASH,0.10420704052004925,0.0991274669750375,0.0481592256539679,0.04146898874873311,565.2736118861607,556.8157796223958,1.0151896418407909
2025-12-20,592.2434692382812,624.6204223632812,589.62060546875,624.4175415039062,446014823,BITCOIN_CASH,-0.05152532969243562,-0.05290019496358514,0.05384045447130481,0.04281004732394791,566.9436383928571,560.5517598470052,1.0114028337857623
2025-12-21,590.0581665039062,601.8732299804688,577.7149047851562,592.2476196289062,285515749,BITCOIN_CASH,-0.003689872236473324,-0.0036966966075778394,0.050872385135107785,0.03866127223520929,571.4552176339286,562.4501729329427,1.0160103865806074
2025-12-22,589.5384521484375,596.2508544921875,577.5313720703125,590.0581665039062,472502809,BITCOIN_CASH,-0.0008807849547241009,-0.0008811730737086453,0.04640676080403752,0.03793615636823173,579.143327985491,563.5515523274739,1.0276669908788698
2025-12-23,572.1438598632812,592.9747314453125,571.3783569335938,589.53857421875,371786932,BITCOIN_CASH,-0.02950544145469336,-0.029949483245764682,0.04906830781905259,0.03789156316237678,582.8542044503348,564.647450764974,1.0322444627363405
2025-12-24,568.0906982421875,578.7781372070312,563.3032836914062,572.1463012695312,332717910,BITCOIN_CASH,-0.007084165199399806,-0.007109377038132405,0.0492988692588699,0.03781137317988392,585.9971749441964,565.2924479166667,1.036626576392158
2025-12-25,589.3689575195312,599.01953125,566.455078125,568.0913696289062,363338125,BITCOIN_CASH,0.0374557431466207,0.0367713150047953,0.04948799737274944,0.03751622758422765,589.4086216517857,567.3685526529948,1.0388461237333868
2025-12-26,593.6592407226562,610.5982666015625,587.3539428710938,589.3665161132812,407726235,BITCOIN_CASH,0.0072794522826269414,0.0072530849523513,0.02828610414914216,0.037147055032892444,585.0146920340402,569.0189107259115,1.0281111594124746
2025-12-27,622.9710693359375,624.2138671875,593.2817993164062,593.6599731445312,337483157,BITCOIN_CASH,0.049374837621663614,0.048194594111515554,0.02684493503314133,0.03773751014248495,589.4043491908482,572.0360026041667,1.0303623312302248
2025-12-28,621.391357421875,632.6312866210938,612.7124633789062,622.966064453125,383578300,BITCOIN_CASH,-0.0025357709078631663,-0.0025389914203850774,0.02676988800171127,0.03743593054780635,593.8805193219866,574.4360493977864,1.0338496686351508
2025-12-29,598.3258666992188,624.660888671875,592.9468994140625,621.3900756835938,618555240,BITCOIN_CASH,-0.037119104485704324,-0.037825555503609644,0.03183529722166584,0.03680348851132008,595.1358642578125,576.9898417154948,1.0314494662304041
2025-12-30,595.146240234375,606.549072265625,592.2642211914062,598.3453979492188,430688431,BITCOIN_CASH,-0.005314205254713045,-0.005328375869457174,0.028929961471447434,0.03630077766390506,598.4219185965402,578.7684183756511,1.0339574510234126
2025-12-31,598.9570922851562,601.8131103515625,593.7905883789062,595.146240234375,266490838,BITCOIN_CASH,0.006403219567144625,0.006382806051871685,0.028383973283981106,0.03555964704046465,602.8314034598214,581.3048136393229,1.0370315010566125
2026-01-01,592.3270263671875,603.4395141601562,586.3814086914062,598.9595336914062,277799901,BITCOIN_CASH,-0.011069350381466503,-0.011131071538458511,0.025826333842441554,0.034892769040053416,603.2539847237723,582.8476643880208,1.0350114130716777
2026-01-02,608.3951416015625,615.4260864257812,585.7467041015625,592.337890625,439466348,BITCOIN_CASH,0.02712710127870177,0.026765683053858794,0.027639008361815317,0.032078076650641524,605.359113420759,583.413016764323,1.0376167415292714
2026-01-03,654.7691040039062,661.61962890625,608.3897094726562,608.3966064453125,658302981,BITCOIN_CASH,0.07622342657153247,0.07345808569682373,0.03509202238250471,0.03417723664601083,609.9016898018973,586.0815348307292,1.0406430736263477
2026-01-04,639.0763549804688,659.2989501953125,637.0991821289062,654.7627563476562,571624506,BITCOIN_CASH,-0.023966844079044813,-0.024258721915566876,0.03699612496308481,0.034154975643727,612.4281180245536,588.7003133138021,1.0403054052701064
2026-01-05,647.2938842773438,667.6519165039062,638.8945922851562,638.8945922851562,586344512,BITCOIN_CASH,0.012858446776873977,0.01277647885575282,0.032076017178257164,0.033503187330062,619.4235491071429,590.8158996582031,1.0484205815474665
