Date,Close,High,Low,Open,Volume,sentiment_score_mean,sentiment_polarity_mean,sentiment_subjectivity_mean,news_count,return,log_return,vol_7d,vol_30d,ma_7,ma_30,ma_ratio
2021-10-12,2.119189977645874,2.173574924468994,2.0755839347839355,2.173525094985962,3467823586,1.0,0.16,0.5,1.0,,,,,,,
2021-10-13,2.189053058624268,2.196760892868042,2.0895650386810303,2.1193768978118896,3088601173,1.0,0.16,0.5,1.0,0.03296687966408851,0.03243512734284555,,,,,
2021-10-14,2.170362949371338,2.221946954727173,2.1588668823242188,2.1872479915618896,2171800205,1.0,0.16,0.5,1.0,-0.008537988231621996,-0.008574645656052631,,,,,
2021-10-15,2.214651107788086,2.2405691146850586,2.1391348838806152,2.172977924346924,3419909583,0.0,0.0,0.0,1.0,0.020405876551466307,0.02020046633544543,,,,,
2021-10-16,2.177712917327881,2.247747898101806,2.171731948852539,2.215553998947144,2415050040,0.0,0.0,0.0,1.0,-0.016679011122929244,-0.016819672079514212,,,,,
2021-10-17,2.1569631099700928,2.1876749992370605,2.096560001373291,2.1776371002197266,2044782419,0.0,0.0,0.0,1.0,-0.009528256545058622,-0.009573940807298606,,,,,
2021-10-18,2.128262996673584,2.1698899269104004,2.10994291305542,2.1578330993652344,2594342479,1.0,0.14,0.45,1.0,-0.013305797008696496,-0.013395112284441943,,,2.165170873914446,,
2021-10-19,2.112962007522583,2.155571937561035,2.0966060161590576,2.1282129287719727,3071082063,1.0,0.1,0.4,1.0,-0.007189425919125636,-0.007215394382066219,0.018878718482131705,,2.1642811638968333,,
2021-10-20,2.1859500408172607,2.206167936325073,2.09511399269104,2.1113030910491943,3023618047,1.0,0.1,0.4,1.0,0.034542993690764634,0.03395977721494755,0.019324488176748714,,2.163837875638689,,
2021-10-21,2.1365909576416016,2.296410083770752,2.1347100734710693,2.189640045166016,3967007331,1.0,0.1,0.4,1.0,-0.02258015153777504,-0.022838986942591444,0.021031172366675753,,2.1590133053915843,,
2021-10-22,2.1541988849639893,2.208739995956421,2.1334190368652344,2.1375129222869877,2785878320,1.0,0.1,0.4,1.0,0.008241131630466025,0.008207358928507422,0.019316989207016546,,2.1503772735595703,,
2021-10-23,2.1668150424957275,2.174762964248657,2.134751081466675,2.156006097793579,2115938187,1.0,0.1,0.4,1.0,0.005856542596784919,0.00583945971648482,0.01869002225360002,,2.1488204342978343,,
2021-10-24,2.1234350204467773,2.16968297958374,2.095418930053711,2.166815996170044,2188895748,1.0,0.1,0.4,1.0,-0.020020177633152003,-0.020223296951068174,0.019923843055928158,,2.1440307072230746,,
2021-10-25,2.144066095352173,2.1762518882751465,2.1156508922576904,2.1198010444641118,2398064828,1.0,0.1,0.4,1.0,0.009715896510482658,0.009669000699870764,0.01967680782541025,,2.1462882927485873,,
2021-10-26,2.138777017593384,2.1995890140533447,2.1289820671081543,2.143915891647339,2803084142,1.0,0.1,0.4,1.0,-0.00246684454842816,-0.0024698922225651304,0.019424432256032326,,2.1499761513301303,,
2021-10-27,1.9132369756698608,2.154366970062256,1.8334200382232664,2.1378579139709477,5058404282,0.0,0.0,0.0,1.0,-0.10545280787489819,-0.11143761931982263,0.04284338480635063,,2.111017142023359,,
2021-10-28,1.9882190227508545,2.054593086242676,1.910781025886536,1.912248015403748,4494724914,0.0,0.0,0.0,1.0,0.03919119692673778,0.03844271532869087,0.04789957533269023,,2.089821151324681,,
2021-10-29,2.0121870040893555,2.044696092605591,1.982498049736023,1.9874130487442017,2884450462,1.0,0.2,0.33,1.0,0.012055000512639413,0.011982917721104321,0.04816300067038819,,2.069533739771162,,
2021-10-30,1.9574220180511477,2.0169949531555176,1.9323920011520384,2.01220703125,2313950989,1.0,0.2,0.33,1.0,-0.027216648316935377,-0.027593881729316615,0.048017784231655904,,2.0396204505647932,,
2021-10-31,1.9650260210037231,2.0222361087799072,1.9230539798736568,1.955862045288086,2446176744,1.0,0.2,0.33,1.0,0.0038847028808566275,0.003877176907105018,0.048403046645653904,,2.0169905935015,,
2021-11-01,1.9500019550323489,2.0153160095214844,1.9179600477218628,1.9649620056152344,2649338831,0.0,0.0,1.0,1.0,-0.007645733853285153,-0.007675112318782817,0.04760143287951647,,1.989267144884382,,
2021-11-02,1.9713770151138303,1.9965399503707888,1.9348269701004028,1.949818015098572,2459979881,0.0,-0.02500000000000001,0.815,2.0,0.01096155828270784,0.010901915856183797,0.04838225018194599,,1.9653528588158744,,
2021-11-03,2.0637009143829346,2.1446259021759038,1.950845003128052,1.971403956413269,4722705987,0.0,0.0,0.35000000000000003,3.0,0.04683218814122836,0.04576864028520316,0.025336663316590874,,1.9868477072034563,,
2021-11-04,1.9848819971084597,2.100965976715088,1.9564030170440676,2.064558982849121,3301214469,0.0,0.0,0.0,3.0,-0.038192994307046924,-0.03894146622566287,0.028013709030895565,,1.986370989254543,,
2021-11-05,1.9862060546875,2.018975019454956,1.9636679887771609,1.9847450256347656,2274851985,0.5,0.119,0.373,10.0,0.000667071181545964,0.0006668487884611887,0.027512837276027005,,1.982659425054278,,
2021-11-06,2.0066089630126958,2.039940118789673,1.946815013885498,1.985306024551392,1883049324,0.0,0.0,0.0,1.0,0.010272301948251794,0.010219900405389497,0.025235223837429963,,1.9896861314773562,,
2021-11-07,2.021872043609619,2.0361669063568115,1.978158950805664,2.006963014602661,1871914235,0.0,0.0,0.0,1.0,0.007606405073566247,0.007577622238287675,0.025282047577561844,,1.997806991849627,,
2021-11-08,2.124418973922729,2.138434886932373,2.011635065078736,2.0219459533691406,3157370460,0.0,0.03,0.14625,8.0,0.05071880321864208,0.04947450444914326,0.029697551448376314,,2.022723708833967,,
2021-11-09,2.2734830379486084,2.3759140968322754,2.107469081878662,2.126183032989502,7356647142,0.2,0.05,0.209,10.0,0.07016698017464673,0.0678146925362944,0.03632238884689286,,2.065881712096078,,
2021-11-10,2.101802110671997,2.3595221042633057,1.9446020126342771,2.2689220905303955,6436473948,0.3333333333333333,0.05833333333333334,0.22999999999999998,12.0,-0.07551449666038468,-0.07851790881914746,0.049736906566423586,,2.071324740137373,2.087981176376343,0.9920227076625868
2021-11-11,2.085524082183838,2.1525309085845947,2.0635640621185303,2.101768970489502,3597674965,0.0,0.049,0.328,10.0,-0.007744795956530215,-0.007774942642899775,0.04669921823551762,0.035455470435958064,2.0857021808624268,2.0868589798609416,0.9994456745713638
2021-11-12,2.045766115188598,2.102993965148926,1.994117021560669,2.0822250843048096,2818140241,0.7,0.144,0.376,10.0,-0.019063777462405285,-0.019247834233968444,0.04774883413392907,0.03505161184286489,2.094210760934012,2.082082748413086,1.0058249426110322
2021-11-13,2.0531039237976074,2.079476118087769,2.023658037185669,2.0461909770965576,2022529448,0.0,0.0,0.0,1.0,0.0035868267415959387,0.0035804094191965873,0.04767569460399084,0.03504631240245738,2.100852898189,2.078174114227295,1.0109128411360937
2021-11-14,2.0408530235290527,2.07004189491272,2.0120699405670166,2.0521020889282227,1527465250,1.0,0.29,0.79,1.0,-0.005967014200574106,-0.005984887967290754,0.04774710322530605,0.034803399623708896,2.1035644667489186,2.072380844751994,1.0150472448516847
2021-11-15,2.015587091445923,2.094681978225708,2.0148110389709477,2.041248083114624,1411134707,0.4,0.062,0.28500000000000003,10.0,-0.012380084107889266,-0.012457355764553287,0.04282440659079018,0.03475155173421458,2.088017054966518,2.0669766505559286,1.0101793140260826
2021-11-16,1.877235054969788,2.0211470127105717,1.7864739894866943,2.0211470127105717,3400794601,0.2857142857142857,0.041428571428571426,0.19428571428571426,7.0,-0.06864106099076328,-0.0711105346437396,0.03320872317432398,0.036926711586774075,2.031410200255258,2.0576523820559185,0.9872465426961766
2021-11-17,1.875540018081665,1.8933180570602417,1.8052970170974727,1.8778079748153689,2869765024,0.5454545454545454,0.12727272727272726,0.35818181818181816,11.0,-0.0009029433387340857,-0.000903351237628779,0.02529496049878177,0.03689488290308104,1.9990870441709245,2.049228282769521,0.9755316481720471
2021-11-18,1.7883310317993164,1.9085129499435425,1.7108639478683472,1.876270055770874,2511854943,0.36363636363636365,0.10636363636363635,0.30272727272727273,11.0,-0.04649806745875118,-0.0476138271568805,0.027454353406664505,0.03773588015312965,1.956630894115993,2.0384072502454122,0.9598822285784286
2021-11-19,1.8647929430007932,1.8944250345230105,1.7566230297088623,1.7872250080108645,1897885322,0.3,0.156,0.406,10.0,0.042756016555025145,0.04186722397040813,0.03664180829367492,0.03804777015410387,1.9307775838034493,2.02770201365153,0.952199865071132
2021-11-20,1.921736001968384,1.9559149742126465,1.8606250286102293,1.8646399974823,1632660169,1.0,0.09,0.2,1.0,0.030535861464575875,0.030078920805533142,0.039892749109496216,0.038431178564312024,1.912010737827846,2.0205401817957562,0.946286916268374
2021-11-21,1.839763045310974,1.9228689670562744,1.8363319635391235,1.9228689670562744,1252654509,1.0,0.09,0.2,1.0,-0.04265568037100176,-0.04359216161239687,0.04183400991637918,0.03904426990348329,1.883283598082406,2.0100589871406553,0.9369295180542987
2021-11-22,1.7765549421310425,1.839810967445373,1.7598299980163574,1.838291049003601,1581033619,0.3333333333333333,0.07333333333333333,0.27,9.0,-0.03435665442950964,-0.03496072042744731,0.042481931650733495,0.039353696876775666,1.8491361481802804,1.9970503171284995,0.9259336794473458
2021-11-23,1.7505029439926147,1.8176300525665283,1.7451269626617432,1.7782829999923706,1765447419,0.3333333333333333,0.07555555555555556,0.2577777777777778,9.0,-0.014664335743637347,-0.014772919966181124,0.03551602445391804,0.03930127401808367,1.8310315608978271,1.9846192479133606,0.9226110060269664
2021-11-24,1.6864229440689087,1.7523880004882812,1.594202995300293,1.7512459754943848,1983587289,0.7,0.16899999999999998,0.363,10.0,-0.03660662219599009,-0.037293458585840114,0.03661149024657381,0.039571954288327944,1.804014836038862,1.9693644762039184,0.9160390866378483
2021-11-25,1.6513450145721436,1.7488670349121094,1.6208850145339966,1.667261004447937,3072612884,0.5555555555555556,0.14,0.28444444444444444,9.0,-0.020800197020642397,-0.02101956842981706,0.03396989617101295,0.0396273973862821,1.7844454050064087,1.953116742769877,0.9136399099603941
2021-11-26,1.5284199714660645,1.685439944267273,1.50204598903656,1.6763880252838137,3011271612,0.25,0.013750000000000002,0.2775,8.0,-0.07443934612169978,-0.07735561278071819,0.03268419803688294,0.036978134444585184,1.7363921233585902,1.9402895092964172,0.8949139368321567
2021-11-27,1.5461180210113523,1.585798978805542,1.5319570302963257,1.5319570302963257,1560548721,0.25,0.013750000000000002,0.2775,8.0,0.011579310579350688,0.011512783429109935,0.027486151213394434,0.036142178739789206,1.6827324117933,1.9255528092384337,0.8738957476106975
2021-11-28,1.5928549766540527,1.5985089540481567,1.4336179494857788,1.546671986579895,2236244253,0.25,0.013750000000000002,0.2775,8.0,0.030228582170026552,0.02978070205687822,0.03490386115990666,0.036630775002866794,1.647459830556597,1.9115750749905904,0.8618337056757798
2021-11-29,1.6025079488754272,1.6361479759216309,1.5599180459976196,1.59450101852417,1801591216,0.2222222222222222,0.014444444444444446,0.13777777777777778,9.0,0.006060170174218671,0.006041881195302986,0.035524627323161265,0.036518299002036375,1.6225959743772234,1.8997446060180665,0.8541126892726087
2021-11-30,1.5549030303955078,1.6284029483795166,1.5498429536819458,1.6021020412445068,1814169292,0.2727272727272727,0.02,0.19727272727272727,11.0,-0.029706510044662515,-0.030156686284596116,0.03600042548274838,0.03670754143942258,1.5946531295776367,1.8860738396644592,0.8454881755113748
2021-12-01,1.547713041305542,1.6223880052566528,1.5345619916915894,1.552819013595581,1666236481,1.0,0.18,0.55,1.0,-0.004624075552889573,-0.004634799662414715,0.03502410741422255,0.03671210354094121,1.57483742918287,1.872664209206899,0.8409609269191068
2021-12-02,1.715366005897522,1.756862998008728,1.521644949913025,1.5477060079574585,3716108059,-1.0,-0.08,0.05,1.0,0.10832302895797774,0.10284808821571675,0.05528982014849429,0.0418037045812592,1.5839832850864954,1.8641305088996887,0.8497169471366297
2021-12-03,1.5565550327301023,1.7285089492797852,1.5325640439987185,1.7207189798355105,2675040145,0.5,0.15,0.39,2.0,-0.09258139232176621,-0.0971514053742193,0.060491651588469336,0.04394993112814452,1.5880025795527863,1.8472256461779277,0.8596689759253306
2021-12-04,1.420706033706665,1.55861496925354,1.205124020576477,1.558385968208313,4076290725,0.5,0.15,0.39,2.0,-0.08727542307654002,-0.09132111210906356,0.06974678213924793,0.04614935377450968,1.5700865813664027,1.8284197807312013,0.858712314268724
2021-12-05,1.3781050443649292,1.4365730285644531,1.2905490398406982,1.4206089973449707,3034823821,0.5,0.15,0.39,2.0,-0.02998578758097381,-0.030444555613670217,0.06739670140977407,0.04622422738366985,1.5394080196108137,1.8081497470537822,0.8513719740962501
2021-12-06,1.425392985343933,1.43899405002594,1.2578680515289309,1.3791890144348145,2642050277,0.0,0.0,0.0,2.0,0.034313742027405114,0.033738155620431226,0.06999053406341293,0.04681296775869096,1.5141058819634574,1.78877588113149,0.8464480642514645
2021-12-07,1.3819409608840942,1.4775480031967163,1.3705519437789917,1.4231890439987185,2210387832,0.0,0.0,0.75,1.0,-0.030484241824267344,-0.030958550511222226,0.07001681966893743,0.04680298160890442,1.4893970148903983,1.7674448450406393,0.8426837301710268
2021-12-08,1.3970739841461182,1.4236880540847778,1.3435169458389282,1.38093900680542,1764297116,0.0,-0.005000000000000001,0.2225,4.0,0.010950556999441252,0.010891033797380604,0.0707105998514877,0.045549327229838565,1.4678771495819092,1.7432000120480855,0.8420589372629137
2021-12-09,1.2904399633407593,1.407884955406189,1.2904399633407593,1.3937389850616455,1670588001,0.6,0.1,0.326,10.0,-0.07632668134646636,-0.0793968210951923,0.05107092529688194,0.04434849224076323,1.4071734292166573,1.7104319095611573,0.8227006414875021
2021-12-10,1.211688995361328,1.3318530321121216,1.2100239992141724,1.2917530536651611,1721213997,0.4444444444444444,0.11666666666666664,0.20666666666666667,9.0,-0.06102644851106187,-0.06296796684900963,0.04616835217746536,0.04371372783254106,1.3579068524496896,1.6807614723841349,0.8079116964309749
2021-12-11,1.354248046875,1.3621569871902466,1.1951429843902588,1.213407039642334,1693932686,1.0,0.09,0.32,1.0,0.11765317012816534,0.11123110310468597,0.0651350929826191,0.04969749165451369,1.3484128543308802,1.656385604540507,0.8140694115154058
2021-12-12,1.3472820520401,1.4119600057601929,1.3218369483947754,1.3522210121154783,1473164555,1.0,0.09,0.32,1.0,-0.005143810139489835,-0.005157085072923825,0.06430394975439477,0.04971660335886661,1.3440095697130476,1.633102802435557,0.8229791582677067
2021-12-13,1.2253479957580566,1.357772946357727,1.2025740146636963,1.3478950262069702,1448791702,0.36363636363636365,0.09272727272727273,0.2781818181818182,11.0,-0.09050373386731214,-0.0948643864389977,0.07009181193855117,0.05172960768475623,1.3154317140579224,1.605510938167572,0.8193227979868343
2021-12-14,1.2228349447250366,1.2698760032653809,1.2014219760894775,1.2244600057601929,1596202685,-0.09090909090909091,-0.02090909090909091,0.3109090909090909,11.0,-0.0020508876186354774,-0.0020529935685179523,0.07029995406032971,0.051763983046503884,1.292702283178057,1.5782436688741048,0.8190764890571374
2021-12-15,1.3118469715118408,1.3292690515518188,1.2071609497070312,1.2662630081176758,1634066534,0.16666666666666666,0.008333333333333333,0.04833333333333334,6.0,0.07279153018220241,0.07026415789656157,0.07750516117315315,0.05416583771481592,1.2805269956588745,1.554785664876302,0.823603551657876
2021-12-16,1.2405339479446411,1.3310099840164185,1.2367839813232422,1.31181800365448,1293311594,0.5555555555555556,0.08888888888888889,0.17222222222222222,9.0,-0.05436077920354909,-0.05589415603684952,0.07439350627197877,0.05368477650628582,1.2733975648880005,1.5335622946421306,0.8303526823376668
2021-12-17,1.2198920249938965,1.2586950063705444,1.1878809928894043,1.2407439947128296,1376131289,-0.4444444444444444,-0.0044444444444444444,0.20666666666666667,9.0,-0.01663954701517434,-0.01677953939008095,0.07040203428599043,0.053631398674708744,1.2745694262640817,1.511707361539205,0.8431323804405689
2021-12-18,1.242534041404724,1.2672220468521118,1.2019469738006592,1.2205170392990112,1057989368,1.0,0.11,0.385,2.0,0.018560672540621548,0.018390525397091576,0.052681694335671395,0.05357306070211117,1.2586102826254708,1.4935141285260518,0.8427173594049576
2021-12-19,1.2446609735488892,1.3093849420547483,1.241757035255432,1.242393970489502,1220196479,1.0,0.11,0.385,2.0,0.0017117697167963186,0.0017103063087883167,0.05290035107685078,0.05267126348005608,1.2439501285552979,1.472843062877655,0.8445910904620456
2021-12-20,1.2382400035858154,1.2606990337371826,1.2027159929275513,1.2434370517730713,1365306484,0.6,0.12,0.318,5.0,-0.005158810390564206,-0.005172162995053522,0.03807714877756747,0.0520557006409831,1.2457918439592635,1.4500598629315695,0.8591313198895528
2021-12-21,1.2808589935302734,1.289425015449524,1.229115009307861,1.2364189624786377,1149078005,0.2,0.028000000000000004,0.316,5.0,0.03441900586399882,0.03383992211181765,0.03989312087588802,0.05248909414703908,1.2540809937885828,1.4314297278722128,0.876103778878999
2021-12-22,1.3280409574508667,1.3667980432510376,1.278285026550293,1.2803369760513306,1528804985,0.0,0.06249999999999999,0.20375,8.0,0.036836188962964256,0.03617395048489376,0.032160506251743104,0.053023382977275955,1.256394420351301,1.416479261716207,0.8869839850878246
2021-12-23,1.4746910333633425,1.489488959312439,1.3111209869384766,1.3288429975509644,2068524292,0.1111111111111111,0.0,0.3188888888888889,9.0,0.11042586833614387,0.10474360691127912,0.040421534097690524,0.0569719017453504,1.2898454325539725,1.4072855313618977,0.9165484926898433
2021-12-24,1.3923670053482056,1.4903470277786257,1.3834799528121948,1.473876953125,1337799712,0.42857142857142855,0.028571428571428574,0.13285714285714284,7.0,-0.05582459386586203,-0.05744331851469709,0.04931908262418169,0.05747359508317127,1.314484715461731,1.3974836667378743,0.9406082852689889
2021-12-25,1.4534950256347656,1.4607330560684204,1.3852189779281616,1.394186019897461,1005403101,0.0,0.0,0.0,1.0,0.04390223271002691,0.04296583824583273,0.050145222260745435,0.05809573130701742,1.3446219989231654,1.3908886671066285,0.9667358939089579
2021-12-26,1.4560450315475464,1.4683270454406738,1.4108339548110962,1.453510046005249,1111799397,0.0,0.0,0.0,1.0,0.0017543960370054457,0.0017528588818681032,0.05014229822140154,0.056434867150974524,1.3748197214944022,1.3884761691093446,0.9901644349980436
2021-12-27,1.5129129886627195,1.5907280445098877,1.4520879983901978,1.455837965011597,1891237484,0.3333333333333333,0.011111111111111115,0.23111111111111113,9.0,0.03905645490560916,0.03831304645000972,0.048832382645579056,0.05686038842749621,1.4140587193625314,1.3873693346977234,1.0192374041989496
2021-12-28,1.4022639989852903,1.537979006767273,1.3813519477844238,1.5150920152664185,2111991275,0.2857142857142857,-0.032857142857142856,0.2814285714285714,7.0,-0.07313638689508051,-0.07594885141970616,0.0625742926835967,0.05816613961335687,1.431402291570391,1.3810163021087647,1.0364847173669771
2021-12-29,1.330814003944397,1.4361129999160769,1.32846999168396,1.4019620418548584,1516774796,0.25,0.02125,0.1875,8.0,-0.05095331199588393,-0.052297284528481466,0.0659426464999009,0.0587822099330197,1.4317984410694666,1.3719598372777304,1.0436154194648068
2021-12-30,1.360414981842041,1.3764740228652954,1.300004005432129,1.332746982574463,1292798472,0.0,0.02857142857142857,0.19714285714285715,7.0,0.02224276105444467,0.021998998852796752,0.049454602274869655,0.058820274671549176,1.415473290852138,1.365476902325948,1.0366145984901145
2021-12-31,1.310209035873413,1.3792020082473757,1.2873649597167969,1.3604700565338137,1271633462,0.16666666666666666,0.07833333333333332,0.2383333333333333,6.0,-0.03690487582005875,-0.03760309305928171,0.04688602357888529,0.0591309209611817,1.4037364380700248,1.357560102144877,1.0340142111219912
2022-01-01,1.3769750595092771,1.3769750595092771,1.309787034988403,1.310130000114441,851279685,0.75,0.24000000000000002,0.42000000000000004,4.0,0.050958298872787466,0.04970241353655134,0.04817440252505898,0.05650929696163432,1.3928050143378121,1.3462804039319356,1.0345578902210841
2022-01-02,1.3775839805603027,1.388754963874817,1.3465150594711304,1.3770170211791992,881893010,0.75,0.24000000000000002,0.42000000000000004,4.0,0.0004422164706763265,0.00044211872178924136,0.04813394912221504,0.05390915035758388,1.381596292768206,1.3403147021929422,1.030799923710246
2022-01-03,1.3216370344161987,1.377599000930786,1.3157999515533447,1.377599000930786,956659954,0.0,0.036,0.26799999999999996,10.0,-0.04061236696535098,-0.041460080309273235,0.04468533790462503,0.051855979204228686,1.3542711564472742,1.3370124022165935,1.0129084473727155
2022-01-04,1.3116580247879028,1.3496819734573364,1.299481987953186,1.3215080499649048,1014646349,-0.09090909090909091,0.06272727272727273,0.1890909090909091,11.0,-0.007550491828268058,-0.007579141093493404,0.0370640745522109,0.05159710120532013,1.3413274458476476,1.3347975015640259,1.0048920860849457
2022-01-05,1.236001968383789,1.3508750200271606,1.2026790380477903,1.3119440078735352,1416139355,0.2222222222222222,0.09333333333333332,0.23555555555555557,9.0,-0.05767971146011741,-0.05941005313006456,0.038501191639728885,0.05219352590774981,1.3277828693389893,1.3284844676653544,0.9994718806704619
2022-01-06,1.2797820568084717,1.2945760488510132,1.1934159994125366,1.2352089881896973,1559075484,0.14285714285714285,0.03642857142857143,0.375,14.0,0.03542072710606603,0.034807843738133025,0.04055597871658334,0.05243544760949935,1.3162638800484794,1.3250791708628336,0.9933473478353644
2022-01-07,1.2115470170974731,1.2824079990386963,1.1932369470596311,1.2799170017242432,1751707653,-0.09090909090909091,0.051818181818181826,0.2972727272727273,11.0,-0.053317703079197365,-0.054791725799463536,0.04303989172227054,0.05321985228843323,1.3021693059376307,1.3188949386278788,0.9873184495592585
2022-01-08,1.1875120401382446,1.2526700496673584,1.1381160020828247,1.211467981338501,1499054949,-1.0,-0.29,0.54,1.0,-0.01983825358821778,-0.02003767357737487,0.03364273578341374,0.0514219432160965,1.2751031603131975,1.3154640078544617,0.9693181665934796
2022-01-09,1.17385995388031,1.204035997390747,1.153478980064392,1.1876929998397827,1088569809,-1.0,-0.29,0.54,1.0,-0.011496377128391244,-0.011562971358850555,0.032650108957254204,0.05018853694098656,1.2459997279303414,1.3142030398050943,0.9481029111872485
2022-01-10,1.128051996231079,1.178858995437622,1.080152988433838,1.1737860441207886,1481621292,0.3076923076923077,0.05538461538461538,0.24923076923076926,13.0,-0.03902335836383908,-0.0398051766171739,0.03249863841923362,0.045931025375804777,1.2183447224753243,1.306663171450297,0.9324091694748342
2022-01-11,1.1851099729537964,1.1936149597167969,1.125648021697998,1.127856969833374,1089929557,0.0,-0.05,0.1453846153846154,13.0,0.05058098111909115,0.049343326498452134,0.0424798255859223,0.047033841001823284,1.2002664293561662,1.3012574354807536,0.9223896798812328
2022-01-12,1.3045350313186646,1.30634605884552,1.1855510473251345,1.1855510473251345,1651269250,0.5416666666666666,0.12125000000000001,0.33166666666666667,24.0,0.10077128797356272,0.09601110498392448,0.054114463098790956,0.047266576461922415,1.2100568669182914,1.303897003332774,0.9280310207212485
2022-01-13,1.2331609725952148,1.3509949445724487,1.2331609725952148,1.3046560287475586,2022506483,0.2727272727272727,0.05909090909090909,0.24545454545454543,22.0,-0.05471225916509315,-0.05626591017936672,0.05736406988315895,0.04845180522957251,1.2033967120306832,1.3042412042617797,0.9226795688546153
2022-01-14,1.2909259796142578,1.3065030574798584,1.2271050214767456,1.2333699464797974,1855980787,0.358974358974359,0.08205128205128205,0.3076923076923077,39.0,0.0468430385835803,0.045779005257013054,0.05546588701200662,0.047427677427877984,1.2147365638187952,1.3035438378651938,0.9318724300121447
2022-01-15,1.2962629795074463,1.315587043762207,1.257258057594299,1.2910890579223633,967735764,0.4,0.1,0.39,5.0,0.004134241604451416,0.004125719108925049,0.054087525353480874,0.0462635869149803,1.2302724123001099,1.3054014722506204,0.9424475446461832
2022-01-16,1.407251000404358,1.4206409454345703,1.2911590337753296,1.2959330081939695,2436680646,0.2,0.046,0.336,5.0,0.08562153100992265,0.08215266262290902,0.058548013918444726,0.04839517286284811,1.263613990374974,1.3116467714309692,0.9633797893593007
2022-01-17,1.5941309928894043,1.5941309928894043,1.3907630443572998,1.408210039138794,5285117130,0.40625,0.0975,0.31125,32.0,0.132797910558492,0.12469059946276054,0.06074834166848304,0.0530910257154739,1.330196704183306,1.3233666698137918,1.0051611050250158
2022-01-18,1.4655410051345823,1.631297945976257,1.4182369709014893,1.5964800119400024,4287066351,0.3170731707317073,0.08317073170731708,0.3353658536585366,41.0,-0.08066463065356333,-0.08410429463690303,0.07897564319088368,0.05570603806079231,1.3702582802091325,1.3307293375333151,1.0297047202319065
2022-01-19,1.34175705909729,1.5311110019683838,1.3314779996871948,1.4649460315704346,3304139176,0.3617021276595745,0.06489361702127659,0.3302127659574468,47.0,-0.08446297005925474,-0.08824446790757597,0.08398704914362336,0.05825826528051084,1.3755757127489363,1.334179906050364,1.0310271549667678
2022-01-20,1.2580549716949463,1.4233380556106567,1.2578760385513306,1.3416539430618286,1686210420,0.17391304347826086,0.03934782608695652,0.3517391304347826,46.0,-0.062382446088010135,-0.06441313815888952,0.08501191282819427,0.059200061490407394,1.3791319983346122,1.3334197719891867,1.034281947294986
2022-01-21,1.1232329607009888,1.279778003692627,1.1091660261154177,1.2588030099868774,3009627794,0.45,0.07875,0.39875,40.0,-0.10716702690051383,-0.1133557558019812,0.0925625687607053,0.062215244206635836,1.3551758527755737,1.3265928387641908,1.0215461844630565
2022-01-22,1.066715955734253,1.1521949768066406,0.9333969950675964,1.1230789422988892,3930474859,0.14285714285714285,0.044285714285714296,0.37214285714285716,14.0,-0.05031636975063891,-0.051626370641434154,0.09255149061414275,0.05912706995962678,1.3223834208079748,1.3129936695098876,1.0071514063747102
2022-01-23,1.122370958328247,1.1648730039596558,1.056931972503662,1.0676610469818115,2362627205,0.1111111111111111,0.005555555555555554,0.3566666666666667,9.0,0.05217415404242742,0.05085864628205284,0.0869383629487798,0.059485880786628156,1.2816862719399589,1.3039938012758892,0.9828929176548972
2022-01-24,1.0665980577468872,1.1243380308151243,0.9591240286827089,1.1227819919586182,3237316963,0.22580645161290322,0.1003225806451613,0.38451612903225807,31.0,-0.04969203824057655,-0.05096917664630366,0.05266142741030413,0.05922670581207249,1.2063244240624564,1.2910972356796264,0.9343404901858178
2022-01-25,1.043573975563049,1.0720239877700806,0.9982119798660278,1.066519021987915,1766326155,0.40540540540540543,0.08351351351351351,0.3651351351351351,37.0,-0.02158646550742349,-0.021822861413176825,0.052660548694709465,0.059217446949743145,1.1460434198379517,1.2773482004801433,0.8972051782021258
2022-01-26,1.0790469646453855,1.1496479511260986,1.026486039161682,1.043619990348816,2437592239,0.23809523809523808,0.07809523809523809,0.27285714285714285,42.0,0.033991829916223626,0.03342687462003406,0.057240555758543074,0.05908341520777049,1.1085134063448223,1.2628859996795654,0.877762051860649
2022-01-27,1.0435329675674438,1.0787349939346311,1.0091660022735596,1.0787349939346311,1519972359,0.33962264150943394,0.0949056603773585,0.38849056603773585,53.0,-0.03291237382759593,-0.03346617111679039,0.05540711249450849,0.05797841613704037,1.0778674057551794,1.2509282986323038,0.8616540268004651
2022-01-28,1.0506060123443604,1.0583430528640747,1.0140960216522217,1.0432339906692505,1206550586,0.37735849056603776,0.0860377358490566,0.3109433962264151,53.0,0.0067779792270523664,0.006755111996772269,0.04076487151600223,0.05748793855537791,1.067492127418518,1.241588032245636,0.8597796529077087
2022-01-29,1.0595699548721311,1.0806139707565308,1.041646957397461,1.0504920482635498,913122499,0.0,0.009375000000000001,0.36375,16.0,0.008532163744016996,0.008495970560006736,0.03653627301847952,0.05729847688222623,1.0664712701525008,1.2315598646799724,0.8659516282869686
2022-01-30,1.03747296333313,1.0753459930419922,1.028417944908142,1.0597480535507202,748084610,0.4444444444444444,0.05722222222222222,0.41833333333333333,18.0,-0.020854679237925056,-0.021075209508231905,0.028837477505529095,0.05708638288262434,1.0543429851531982,1.222468662261963,0.8624703583013099
2022-01-31,1.0523029565811155,1.05760395526886,1.012045979499817,1.0376149415969849,925666321,0.20833333333333334,0.055,0.30312500000000003,48.0,0.014294341898164253,0.014193141052561455,0.023982602455556074,0.056214908402874575,1.0523008278438024,1.2116462588310242,0.8684884884298198
2022-02-01,1.0886240005493164,1.09231698513031,1.0378860235214231,1.0522359609603882,1130552843,0.3684210526315789,0.12280701754385964,0.3133333333333333,57.0,0.03451576729025474,0.03393345954719938,0.025485535031666815,0.05673825662181129,1.0587365456989832,1.2020142594973247,0.8808019849462856
2022-02-02,1.028905987739563,1.1002399921417236,1.027750015258789,1.0903090238571167,1086043481,0.11320754716981132,0.03037735849056604,0.2616981132075472,53.0,-0.05485641762410154,-0.056418424007843686,0.031343496716348854,0.05710834896906402,1.0515735489981515,1.1922565579414368,0.8820027384154715
2022-02-03,1.0564440488815308,1.057224988937378,1.0192610025405884,1.0286879539489746,873675008,0.19607843137254902,0.039411764705882354,0.3184313725490196,51.0,0.026764409450533932,0.026412507796019564,0.031021392657218927,0.05746020581548932,1.0534179891858781,1.1837494254112244,0.889899472449526
2022-02-04,1.1356240510940552,1.1356240510940552,1.0472970008850098,1.0562429428100586,1178757518,0.27450980392156865,0.05431372549019608,0.3184313725490196,51.0,0.07494954635444562,0.07227372685443761,0.04104548881120393,0.05835802436692148,1.0655634232929774,1.1804034948348998,0.9027111728790799
2022-02-05,1.1273449659347534,1.1728849411010742,1.1026179790496826,1.1360609531402588,1363912644,0.10526315789473684,0.06894736842105263,0.3252631578947368,19.0,-0.007290339748727392,-0.00731704414412225,0.04164452379297454,0.05792654385986773,1.0752455677304948,1.1753222584724425,0.9148517012925318
2022-02-06,1.1445469856262207,1.1478029489517212,1.10316801071167,1.1272350549697876,911521818,0.5294117647058824,0.09529411764705883,0.29058823529411765,17.0,0.0152588783480343,0.015143632533015755,0.039500526226825775,0.05722445697140629,1.090541856629508,1.1730889240900675,0.9296327279497681
2022-02-07,1.197306990623474,1.206853985786438,1.1282639503479004,1.1443560123443604,2107219347,0.2765957446808511,0.052553191489361696,0.37787234042553197,47.0,0.046096845004913733,0.04506594740367032,0.04120819977202747,0.05774485407864423,1.111256718635559,1.1734154224395752,0.9470275380608295
2022-02-08,1.178719997406006,1.257815957069397,1.1359130144119265,1.1976499557495115,2267265855,0.38181818181818183,0.066,0.40745454545454546,55.0,-0.015523999578244352,-0.015645758628475465,0.04234683106922641,0.05777851428697507,1.1241275753293718,1.1735774238904317,0.9578640083266661
2022-02-09,1.1948100328445437,1.2121570110321045,1.1547499895095823,1.1779580116271973,1239455609,0.32075471698113206,0.08056603773584906,0.3443396226415094,53.0,0.013650430529682067,0.013558102664064634,0.030196630881011852,0.05732607722495546,1.147828153201512,1.1758026917775473,0.9762081352835278
2022-02-10,1.1524779796600342,1.2186670303344729,1.1491819620132446,1.194635987281799,1810255178,0.22807017543859648,0.0687719298245614,0.35824561403508776,57.0,-0.03542994452743875,-0.03607281529526403,0.036936274374339766,0.05700961246362455,1.1615472861698695,1.1747149586677552,0.9887907509811408
2022-02-11,1.080346941947937,1.162572979927063,1.0725680589675903,1.1525709629058838,1395763170,0.08163265306122448,0.06959183673469388,0.36836734693877554,49.0,-0.06258777953690264,-0.06463215702730375,0.03620604682447743,0.055102641837165976,1.1536505562918526,1.1672420223553976,0.9883559143663123
2022-02-12,1.0581990480422974,1.0914069414138794,1.0347169637680054,1.0805109739303589,1401190670,0.34615384615384615,0.13192307692307692,0.35500000000000004,26.0,-0.020500723467320126,-0.020713780206614917,0.03656991032621714,0.054368073080971316,1.1437725680215018,1.1614099582036337,0.9848138118176533
2022-02-13,1.0458190441131592,1.0709439516067505,1.0356290340423584,1.0580079555511477,1066206015,0.11764705882352941,0.04470588235294118,0.33,17.0,-0.011699125936695531,-0.011768099189477795,0.03498369155988003,0.05351960255986591,1.1296685763767786,1.1532397270202637,0.9795609272805854
2022-02-14,1.050266981124878,1.0527809858322144,1.021528959274292,1.045469045639038,1261583495,0.4375,0.08791666666666666,0.4083333333333334,48.0,0.004253065610877682,0.0042440468897649505,0.02594874677166861,0.053520456546000274,1.1086628607341222,1.1450398604075114,0.9682308005762849
2022-02-15,1.1075860261917114,1.1133660078048706,1.0500179529190063,1.0502179861068726,1370174980,0.2641509433962264,0.09773584905660376,0.25528301886792454,53.0,0.0545756898930998,0.0531384963532835,0.03767875965315591,0.052096815165816004,1.0985008648463659,1.1350510279337565,0.9677986608637972
2022-02-16,1.0849809646606443,1.1105409860610962,1.069288969039917,1.107630968093872,1028924852,0.25,0.03339285714285714,0.31428571428571433,56.0,-0.020409305459361593,-0.020620453193180406,0.0364800849412134,0.04569847983873588,1.0828109979629517,1.1180793603261312,0.9684562978133393
2022-02-17,1.0198949575424194,1.0915119647979736,1.0122220516204834,1.0843180418014526,1093325576,0.19607843137254902,0.07490196078431373,0.3201960784313725,51.0,-0.05998815577246763,-0.061862803555414146,0.04021817164302197,0.04467109062273338,1.063870566231864,1.1032244920730592,0.9643282703348567
2022-02-18,0.9971129894256592,1.0413110256195068,0.9894729852676392,1.0202230215072632,1288743412,0.16981132075471697,0.04924528301886792,0.3992452830188679,53.0,-0.022337563244411607,-0.022590825219228096,0.03476962674057511,0.04235970815240878,1.051980001585824,1.0917363564173381,0.9635842897437443
2022-02-19,0.9977030158042908,1.0178539752960205,0.9775140285491944,0.9970049858093262,1104597763,0.5882352941176471,0.1188235294117647,0.39705882352941174,17.0,0.0005917347230341985,0.0005915597170776405,0.0347563912396752,0.04111924627226948,1.0433377112661089,1.0830579578876496,0.9633258346589232
2022-02-20,0.9329019784927368,0.9976289868354796,0.9232950210571288,0.9976289868354796,1429017666,0.4444444444444444,0.08777777777777779,0.22111111111111112,18.0,-0.06495022695638053,-0.0671555179085546,0.041331137457561215,0.03775434203171433,1.0272067018917628,1.0767135918140411,0.95402037245683
2022-02-21,0.8582360148429871,0.9862470030784608,0.8577139973640442,0.9324520230293274,2072270994,0.16279069767441862,0.04790697674418605,0.3206976744186047,43.0,-0.08003623678704752,-0.08342099752677946,0.046959154645915345,0.039480618583776834,0.9997737067086356,1.069764260450999,0.9345738530161251
2022-02-22,0.8890169858932495,0.8937559723854065,0.8199899792671204,0.8581299781799316,2058499639,0.3,0.0842,0.34840000000000004,50.0,0.03586539194104299,0.035237204836746215,0.04197300864487032,0.038784689615013516,0.9685495580945697,1.0619857947031657,0.9120174327428624
2022-02-23,0.8691689968109131,0.9554309844970704,0.8691689968109131,0.8889889717102051,1824386011,0.23214285714285715,0.04857142857142858,0.2916071428571429,56.0,-0.022325770370285936,-0.022578762975085133,0.04189561681879813,0.038033352985686976,0.9377192769731794,1.0554048260053,0.8884925043619901
2022-02-24,0.8534250259399414,0.8823419809341431,0.752810001373291,0.8685150146484375,3629367685,0.3333333333333333,0.11148148148148149,0.33555555555555555,54.0,-0.01811382013019125,-0.018279883791565657,0.039851632279446506,0.037990647038536406,0.9139378581728254,1.0490665276845297,0.871191515556257
2022-02-25,0.8980270028114319,0.9065409898757936,0.8292440176010132,0.8535720109939575,1652894219,0.1956521739130435,0.020869565217391306,0.3076086956521739,46.0,0.05226232594054414,0.05094244248973787,0.049303632912486815,0.038755565166728206,0.8997827172279358,1.0430325289567313,0.862660264419483
2022-02-26,0.8879179954528809,0.9282960295677184,0.8854010105133057,0.8979960083961487,1099934921,0.4117647058823529,0.10823529411764707,0.2570588235294118,17.0,-0.01125690800711221,-0.01132074653111447,0.04888149164566757,0.03842626513428666,0.8840991428920201,1.037845363219579,0.8518601847864782
2022-02-27,0.858335018157959,0.9126759767532348,0.840146005153656,0.8877879977226257,1278510571,0.2,0.048666666666666664,0.33999999999999997,15.0,-0.03331724038303008,-0.0338849039346317,0.04458092299783786,0.038698986173659466,0.8734467199870518,1.0314363300800324,0.8468256299632942
2022-02-28,0.9598280191421508,0.9676129817962646,0.8450400233268738,0.8578699827194214,1779202386,0.24489795918367346,0.08265306122448979,0.3122448979591837,49.0,0.1182440408897707,0.11175963435598718,0.052692991142734145,0.04428933893095974,0.887959863458361,1.028111598889033,0.8636804257610569
2022-03-01,0.9623460173606871,1.0054030418395996,0.9449350237846376,0.9598860144615172,1778795527,0.45652173913043476,0.09108695652173913,0.3071739130434783,46.0,0.0026233847817724865,0.0026199497142735347,0.05214581306846479,0.04417245932858989,0.8984354393822807,1.0256073673566182,0.8760033010467659
2022-03-02,0.9386619925498962,0.9736289978027344,0.929062008857727,0.9624249935150146,1262681262,0.35294117647058826,0.1080392156862745,0.3305882352941176,51.0,-0.02461071629490008,-0.024918622330921493,0.05240619597384718,0.044239738893770475,0.9083630102021354,1.0218193352222442,0.8889663552946645
2022-03-03,0.902658998966217,0.9440789818763732,0.8860729932785034,0.9387220144271852,986233549,0.034482758620689655,-0.009827586206896553,0.3148275862068966,58.0,-0.03835565290747123,-0.03911059823992098,0.054878258493105264,0.04410070340944291,0.9153964349201748,1.015620501836141,0.9013174047444187
2022-03-04,0.8428890109062195,0.9030500054359436,0.83086097240448,0.902792990207672,1115108721,0.2765957446808511,0.059148936170212774,0.2868085106382979,47.0,-0.06621546799893419,-0.06850956115620853,0.05779846645230441,0.04462716789143931,0.9075195789337158,1.0094199359416962,0.8990505800611945
2022-03-05,0.8656719923019409,0.8809400200843811,0.8248389959335327,0.8431749939918518,734896311,0.4117647058823529,0.13117647058823528,0.29294117647058826,17.0,0.02702963391494051,0.026670785364539852,0.059313801021673156,0.044633789949834274,0.9043415784835815,1.003060867389043,0.9015819556769005
2022-03-06,0.8237519860267639,0.87049800157547,0.8230040073394775,0.8656880259513855,670024869,0.35714285714285715,0.052142857142857144,0.2207142857142857,14.0,-0.04842481522788544,-0.04963657826608039,0.06092991608004346,0.042709665096647954,0.8994011453219822,0.9926651318868002,0.9060468796888764
2022-03-07,0.7973790168762207,0.845475971698761,0.7832909822463989,0.8237379789352417,1040234323,0.13333333333333333,0.0028888888888888896,0.2762222222222222,45.0,-0.03201566684864576,-0.03253937659753238,0.03207597636321515,0.04288860599886359,0.876194144998278,0.9816662669181824,0.8925580663467017
2022-03-08,0.8012499809265137,0.8191480040550232,0.7903180122375488,0.7971739768981934,955952004,0.5106382978723404,0.0970212765957447,0.2987234042553191,47.0,0.004854609876063343,0.004842864255802959,0.03242133826989926,0.04270844471132925,0.8531804255076817,0.9702230334281922,0.8793652553197471
2022-03-09,0.8492929935455322,0.8614310026168823,0.8010069727897644,0.801485002040863,980869497,0.5306122448979592,0.0810204081632653,0.2930612244897959,49.0,0.059960079578990744,0.05823124664025397,0.04553648140507923,0.043376245897531536,0.8404134256499154,0.9586225668589274,0.8766885474057404
2022-03-10,0.8063160181045532,0.8505759835243225,0.7912219762802124,0.8493549823760986,903650101,0.30357142857142855,0.08982142857142858,0.3439285714285715,56.0,-0.05060323794920718,-0.05192848339233538,0.04693696356710652,0.043998692683060246,0.8266501426696777,0.9462091008822123,0.8736442525219194
2022-03-11,0.7901250123977661,0.8171470165252686,0.7859299778938293,0.806302011013031,792395101,0.18518518518518517,0.0612962962962963,0.37092592592592594,54.0,-0.02008022331597492,-0.020284571194780235,0.04114874271673926,0.0437364511209425,0.8191124285970416,0.932719600200653,0.8781979368942483
2022-03-12,0.7906739711761475,0.8008009791374207,0.7895650267601013,0.7900729775428772,493606091,0.5333333333333333,0.11733333333333333,0.40599999999999997,15.0,0.000694774586005531,0.0006945333418765775,0.038454076201088316,0.04360531826841551,0.808398425579071,0.9206594665845235,0.8780645340867236
2022-03-13,0.7909950017929077,0.8190249800682068,0.7832509875297546,0.7905669808387756,772035954,0.07692307692307693,-0.018461538461538456,0.2576923076923077,13.0,0.000406021480993779,0.00040593907657681923,0.034991898401675964,0.042530649263457315,0.8037188564028058,0.9110144019126892,0.882224095157426
2022-03-14,0.8039169907569885,0.8120750188827515,0.7819079756736755,0.7904120087623596,924771999,0.2826086956521739,0.06717391304347826,0.26152173913043475,46.0,0.01633637246100328,0.01620436961986375,0.03360571729190234,0.04275519284894939,0.804652852671487,0.9025383333365122,0.8915442402283776
2022-03-15,0.8000059723854065,0.8156219720840454,0.7859169840812683,0.8038409948348999,832137304,0.38333333333333336,0.05666666666666667,0.3171666666666667,60.0,-0.004864952994586336,-0.00487682539985318,0.03362929424814467,0.042759214412207355,0.8044751371656146,0.8943445642789205,0.8995136430601951
2022-03-16,0.8383740186691284,0.8386319875717163,0.7953959703445435,0.8000239729881287,1233395707,0.3888888888888889,0.06555555555555556,0.3216666666666667,54.0,0.047959699812388346,0.046845130781969856,0.03045649768317042,0.04390392340077783,0.8029152836118426,0.8872814655303956,0.9049161002499687
2022-03-17,0.8367840051651001,0.8558800220489502,0.8299300074577332,0.8383619785308838,909733920,0.28,0.0574,0.3326,50.0,-0.0018965443449122654,-0.0018983450622587707,0.02121328019740299,0.042406583982269194,0.8072678531919207,0.8782547314961752,0.9191727914937358
2022-03-18,0.8534330129623413,0.8588799834251404,0.8228790163993835,0.8366569876670837,792706852,0.2391304347826087,0.054565217391304356,0.3773913043478261,46.0,0.019896422128618863,0.019701075207214265,0.0183691063618841,0.042675049927632686,0.8163118532725743,0.8705364664395651,0.9377112674110416
2022-03-19,0.9010990262031556,0.9129210114479064,0.8519719839096069,0.8532739877700806,1103521076,0.35714285714285715,0.02428571428571429,0.31857142857142856,14.0,0.05585208506917416,0.05434810451599561,0.023752168637133208,0.04289118064531576,0.8320868611335754,0.8665766020615896,0.9602000090402131
2022-03-20,0.8770920038223267,0.9146029949188232,0.8656690120697021,0.9013220071792604,949951339,0.25,0.16166666666666665,0.30416666666666664,12.0,-0.026641935772569014,-0.027003264257868528,0.028955280686284654,0.04296417947488514,0.8443864328520638,0.8625759025414784,0.978912615532359
2022-03-21,0.916782021522522,0.9275990128517152,0.8659189939498901,0.8772010207176208,1233477886,0.21153846153846154,0.04557692307692308,0.3278846153846154,52.0,0.0452518293716373,0.04425784142917158,0.031053867105361458,0.04386495827756996,0.8605100086757115,0.8598785360654195,1.0007343741979902
2022-03-22,0.9764400124549866,0.9850329756736756,0.9095919728279114,0.9168879985809326,1699537576,0.26,0.0638,0.2894,50.0,0.06507325572701483,0.06304358151602976,0.032985662716976935,0.04372077248681268,0.8857148715427944,0.8613298038641611,1.028310953097449
2022-03-23,1.1074819564819336,1.1074819564819336,0.95906800031662,0.9761620163917542,3447683427,0.27450980392156865,0.040196078431372545,0.23823529411764707,51.0,0.13420378349457285,0.12593089241886474,0.04965833659211422,0.046325551564172174,0.9241588626589093,0.8696380019187927,1.0626937422465674
2022-03-24,1.130010962486267,1.185750961303711,1.0854220390319824,1.1072039604187012,3671006856,0.3157894736842105,0.08035087719298245,0.3201754385964912,57.0,0.02034254903429744,0.02013840330367216,0.04721500575165838,0.04610654270590272,0.9660484279905047,0.8776711344718933,1.1006952263182146
2022-03-25,1.0978879928588867,1.1638150215148926,1.075631022453308,1.130228042602539,2232929187,0.34615384615384615,0.07403846153846154,0.3507692307692307,52.0,-0.028427130969334025,-0.02883900625525571,0.05423538468089032,0.04626359058422185,1.0009705679757255,0.8852951010068257,1.1306631730338783
2022-03-26,1.1505939960479736,1.1572309732437134,1.0822720527648926,1.0980149507522583,1407171432,0.5294117647058824,0.10294117647058823,0.38176470588235295,17.0,0.048006721570787114,0.046889999590865775,0.05388659638300905,0.04652670110175559,1.0366127065249853,0.8952007333437602,1.1579667753991019
2022-03-27,1.182147979736328,1.1833950281143188,1.1081249713897705,1.1510059833526611,1322194562,0.058823529411764705,0.06,0.35117647058823526,17.0,0.027424081645424092,0.02705477818203955,0.046962446224798816,0.04600258439145435,1.0801921316555567,0.90467143257459,1.1940159628799762
2022-03-28,1.1701840162277222,1.242864966392517,1.1624679565429688,1.1823339462280271,2304056098,0.4883720930232558,0.09302325581395349,0.3651162790697674,43.0,-0.010120529505345255,-0.010172090240362211,0.05098372607782228,0.045985422482764736,1.1163924166134425,0.9140802999337514,1.2213286039468894
2022-03-29,1.191112041473389,1.2393579483032229,1.1690330505371094,1.1692850589752195,1761798381,0.3770491803278688,0.1078688524590164,0.3065573770491803,61.0,0.017884388229068016,0.017726344124104933,0.049669331351308,0.04527791014741787,1.1470598493303572,0.9251728673775991,1.2398329974610003
2022-03-30,1.1903849840164185,1.216668963432312,1.1676080226898191,1.1909799575805664,1424442312,0.35185185185185186,0.11277777777777777,0.3933333333333333,54.0,-0.0006104022389623598,-0.000610588610253853,0.025303173580982576,0.04110389123766737,1.1589031389781408,0.9328580995400747,1.242314495151527
2022-03-31,1.1418509483337402,1.2263200283050537,1.1371619701385498,1.1902990341186523,1745903089,0.34615384615384615,0.06634615384615385,0.30365384615384616,52.0,-0.040771713634123574,-0.04162618616456997,0.03135178799114226,0.04205579163392397,1.1605945655277796,0.9388415972391765,1.236198490715266
2022-04-01,1.165424942970276,1.1729730367660522,1.107619047164917,1.1419520378112793,1687785845,0.2608695652173913,0.06391304347826086,0.2871739130434783,46.0,0.02064542195365915,0.020435193805027542,0.028838414449211248,0.04173106130184624,1.1702427012579781,0.9464003622531891,1.2365197097683536
2022-04-02,1.1560070514678955,1.193843960762024,1.1510499715805054,1.165444016456604,1224117012,0.5,0.126,0.3875,20.0,-0.008081079403000846,-0.008113908306763994,0.023675069574452565,0.04092043743259253,1.1710159948893957,0.9548452973365784,1.226393425359897
2022-04-03,1.1859409809112549,1.1985429525375366,1.1466870307922363,1.1559089422225952,976725814,0.35294117647058826,0.11823529411764705,0.3264705882352941,17.0,0.025894244680730427,0.025564666076035945,0.02340343884600652,0.03836013139052002,1.1715578522000993,0.9662803630034129,1.2124409198988984
2022-04-04,1.2129449844360352,1.2403579950332642,1.1654930114746094,1.1857999563217163,2447778820,0.13043478260869565,0.025434782608695656,0.32717391304347826,46.0,0.022770107416332674,0.022514737782079155,0.024177185809163924,0.03831048515019087,1.1776665619441442,0.9778561294078827,1.2043352048703238
2022-04-05,1.170801043510437,1.2173930406570437,1.1675479412078855,1.2130290269851685,1188106135,0.24074074074074073,0.09148148148148148,0.38370370370370366,54.0,-0.03474513804531143,-0.03536310686038256,0.027644471583689215,0.03761057720406015,1.1747649908065796,0.9894244313240051,1.1873215918415918
2022-04-06,1.052770972251892,1.1716070175170898,1.0523790121078491,1.1707919836044312,1710318316,0.2222222222222222,0.053492063492063494,0.30682539682539683,63.0,-0.10081138201299589,-0.10626245785542492,0.047893705421630475,0.04267025943332879,1.1551058462687902,0.9979374965031942,1.1574931800000692
2022-04-07,1.091894030570984,1.0984690189361572,1.0451380014419556,1.053128957748413,1139697598,0.203125,0.05171875,0.31859375,64.0,0.03716198427793582,0.036488121752597656,0.05038457024154418,0.04294750268903057,1.1479691437312536,1.0076256314913432,1.1392814035825924
2022-04-08,1.0263259410858154,1.097432017326355,1.0213700532913208,1.0916320085525513,926095649,0.3,0.042800000000000005,0.3318,50.0,-0.060049865325191965,-0.06192845334348329,0.05264232977607619,0.043917003436339884,1.1280978577477592,1.013526729742686,1.1130420388953732
2022-04-09,1.0450149774551392,1.0450750589370728,1.0237900018692017,1.0259120464324951,640896639,0.35714285714285715,0.08428571428571428,0.2992857142857143,14.0,0.018209650191197024,0.018045840138295122,0.054374197222312654,0.04255423236555752,1.1122418471745081,1.0214833617210388,1.0888496953103137
2022-04-10,1.0308849811553955,1.0680299997329712,1.0287569761276243,1.0450119972229004,626332866,0.5714285714285714,0.13214285714285715,0.5035714285714286,14.0,-0.013521333765142307,-0.013613579465563888,0.05151361149378758,0.04241505766968035,1.0900909900665283,1.0295086940129599,1.0588458323915872
2022-04-11,0.92044997215271,1.030671000480652,0.9201160073280334,1.030671000480652,1398303911,0.1568627450980392,0.05549019607843137,0.32803921568627453,51.0,-0.10712641179320725,-0.11331026668501916,0.05799584986047356,0.04792203453320949,1.0483059883117676,1.0338345607121786,1.0139978175904856
2022-04-12,0.955145001411438,0.9808549880981444,0.9205989837646484,0.9205989837646484,1076130201,0.11320754716981132,0.01169811320754717,0.3428301886792453,53.0,0.03769355240196792,0.03700051225522773,0.0648803489993763,0.048263853122687404,1.017497982297625,1.0393062273661295,0.9790165357483016
2022-04-13,0.9746959805488586,0.9781529903411864,0.9373999834060668,0.9551219940185548,791702878,0.38461538461538464,0.053076923076923084,0.3367307692307693,52.0,0.02046912155592051,0.020262444658011095,0.05693285599177987,0.04829828523475712,1.0063444120543343,1.044998860359192,0.963010056975975
2022-04-14,0.9324120283126832,0.98362398147583,0.925471007823944,0.9745690226554872,812010499,0.03389830508474576,0.013220338983050844,0.33677966101694917,59.0,-0.04338168319147573,-0.04435080009516801,0.05380584537145246,0.04914692969816792,0.9835612688745771,1.0494123955567678,0.9372495246282533
2022-04-15,0.954716980457306,0.9579880237579346,0.9324740171432496,0.9325289726257324,574655010,0.16666666666666666,0.026190476190476188,0.32404761904761903,42.0,0.02392177649722771,0.023640133560014678,0.05308541130824257,0.04864741994239753,0.9733314173562186,1.0532904942830403,0.9240863965251593
2022-04-16,0.9526399970054626,0.9610810279846193,0.9398519992828368,0.9547039866447448,468473785,0.5,0.13714285714285715,0.4192857142857143,14.0,-0.0021754965024802786,-0.002177866332658436,0.05181877910114694,0.048648681069880365,0.9601349915776934,1.0571523606777191,0.9082276380314472
2022-04-17,0.9174659848213196,0.96151202917099,0.9153460264205932,0.9525309801101683,528371933,0.17647058823529413,0.04470588235294118,0.29470588235294115,17.0,-0.03692266994322024,-0.03762156920675528,0.05263710943767961,0.04914699655923737,0.9439322778156826,1.0592867930730183,0.8911017148408984
2022-04-18,0.9367300271987916,0.9373679757118224,0.87773597240448,0.9175090193748474,1105222191,0.1702127659574468,0.06148936170212766,0.405531914893617,47.0,0.02099700991227893,0.02077961059085422,0.03192036775167901,0.048298573447739634,0.9462579999651227,1.0604744931062062,0.8922968030975124
2022-04-19,0.953333020210266,0.954662024974823,0.9282010197639464,0.9367619752883912,777142382,0.32608695652173914,0.06869565217391305,0.3623913043478261,46.0,0.01772441635198163,0.017569170626863518,0.029144737910121857,0.048083209241426034,0.9459991455078125,1.0630158603191375,0.8899200668782172
2022-04-20,0.9373409748077391,0.9747350215911864,0.9325100183486938,0.9533249735832214,828312845,0.2,0.07127272727272727,0.3603636363636364,55.0,-0.016774878309575025,-0.01691717011040865,0.02814981457750249,0.047557762436409204,0.940662716116224,1.0637011587619782,0.8843298781502162
2022-04-21,0.9104740023612976,0.969452977180481,0.8969119787216187,0.937272012233734,871111347,0.32727272727272727,0.07727272727272727,0.35545454545454547,55.0,-0.028662965952120367,-0.029081770969739792,0.02506792490038237,0.046355092127871186,0.9375287124088832,1.0615022917588552,0.8832093154084915
2022-04-22,0.9071540236473083,0.9237409830093384,0.8939729928970337,0.9103350043296814,725788912,0.32075471698113206,0.12075471698113208,0.36924528301886794,53.0,-0.0036464288989899174,-0.0036530933266879988,0.022108857296831794,0.03952554320421782,0.9307340042931693,1.054824693997701,0.882358945130268
2022-04-23,0.8885030150413513,0.910614013671875,0.884660005569458,0.9071850180625916,447997661,0.5294117647058824,0.17941176470588238,0.4011764705882353,17.0,-0.020559913884269254,-0.02077421129304438,0.022504480374298818,0.039274358265005783,0.9215715782982963,1.0467744290828704,0.8803917565179058
2022-04-24,0.8863499760627747,0.8978549838066101,0.8818569779396057,0.8882790207862854,487629549,0.2777777777777778,0.08833333333333333,0.3333333333333333,18.0,-0.002423220790619851,-0.0024261615418067544,0.01894349390174398,0.039087043891606284,0.9171264341899327,1.0397231618563334,0.8820871438051691
2022-04-25,0.8986949920654297,0.9017069935798644,0.8302320241928101,0.8863779902458191,1139869029,0.2926829268292683,0.09658536585365854,0.38439024390243903,41.0,0.013927925013878184,0.01383182277472766,0.017498925548535455,0.03796124714117659,0.9116928577423096,1.0313265283902486,0.8840002003684809
2022-04-26,0.8276450037956238,0.9011369943618774,0.8210110068321228,0.8985769748687744,1020049782,0.36363636363636365,0.0849090909090909,0.3578181818181818,55.0,-0.07905906775614158,-0.08235937915501618,0.030826545165927487,0.039671212409105344,0.893737426825932,1.0195097625255585,0.8766344959875032
2022-04-27,0.840595006942749,0.8539419770240784,0.8225899934768677,0.8275409936904907,927312593,0.42857142857142855,0.1089795918367347,0.3359183673469388,49.0,0.01564680882230407,0.015525659607378136,0.03370621337761331,0.0399856296372177,0.8799165742737907,1.0085234622160593,0.8724800237570312
2022-04-28,0.8439499735832214,0.8520619869232178,0.827688992023468,0.8406149744987488,836357358,0.4482758620689655,0.1253448275862069,0.3446551724137931,58.0,0.003991180785946513,0.003983237153214699,0.03381254611892797,0.03972271424434181,0.8704131415912083,0.9969513932863872,0.8730748032980289
2022-04-29,0.8050429821014404,0.8486999869346619,0.7936859726905823,0.8439300060272217,874797260,0.17647058823529413,0.0696078431372549,0.3537254901960784,51.0,-0.046101063688159916,-0.047197549925589374,0.036192018414996675,0.04019080232489378,0.8558258499417987,0.9841066598892212,0.8696474526837743
2022-04-30,0.756659984588623,0.8170480132102966,0.7423589825630188,0.8050559759140015,868001173,0.3157894736842105,0.08578947368421053,0.3215789473684211,19.0,-0.060099893531797566,-0.061981679079791935,0.040043301483166885,0.04085639690089711,0.8369911313056946,0.9712669610977173,0.8617518816451192
2022-05-01,0.7903439998626709,0.7994250059127808,0.74965500831604,0.7567009925842285,928448231,0.5714285714285714,0.15285714285714286,0.355,14.0,0.04451671286986447,0.04355430271927613,0.047116911991453576,0.04173144653141668,0.823275991848537,0.9587642629941304,0.8586844792040158
2022-05-02,0.7815290093421936,0.7958179712295532,0.7661979794502258,0.790278971195221,805325174,0.2857142857142857,0.10523809523809524,0.3480952380952381,42.0,-0.01115335919803151,-0.011216024295295626,0.04535861264260151,0.04172290352991876,0.8065379943166461,0.9462816615899404,0.8523233906504144
2022-05-03,0.7711449861526489,0.7985889911651611,0.762067973613739,0.7814300060272217,649650331,0.2916666666666667,0.080625,0.4010416666666667,48.0,-0.01328680454009612,-0.013375863883310106,0.03608718567440216,0.0410809768704014,0.7984665632247925,0.9324551284313202,0.8563056160869229
2022-05-04,0.8969420194625854,0.8976609706878662,0.7696380019187927,0.771107017993927,1516023155,0.2545454545454545,0.05490909090909091,0.3563636363636364,55.0,0.16313019674491525,0.15111481632049828,0.07132228904663841,0.05065412073626689,0.806516136441912,0.9219216962655385,0.8748206487697339
2022-05-05,0.7911520004272461,0.9041110277175904,0.7781410217285156,0.8970609903335571,1802128590,0.3584905660377358,0.06849056603773584,0.33226415094339623,53.0,-0.11794521467365837,-0.12550111002192169,0.08780757439451421,0.05471709068037655,0.7989735688482013,0.9092667281627655,0.8787009841024107
2022-05-06,0.7833589911460876,0.7983149886131287,0.7657420039176941,0.791064977645874,1312283636,0.2765957446808511,0.057446808510638304,0.32127659574468087,47.0,-0.009850204861960754,-0.009899039079193974,0.0862371924823436,0.05180852967303768,0.7958758558545794,0.900286328792572,0.8840252599658781
2022-05-07,0.7618820071220398,0.7851160168647766,0.7506570219993591,0.7833520174026489,801558914,0.6153846153846154,0.18076923076923077,0.4230769230769231,13.0,-0.02741652839476072,-0.027799375188067858,0.0833186106012742,0.05115102692065145,0.7966218590736389,0.8892859280109405,0.8957994655953202
2022-05-08,0.73956298828125,0.7638689875602722,0.7292720079421997,0.7620530128479004,1085127147,0.21428571428571427,0.06999999999999999,0.3735714285714286,14.0,-0.029294587130490823,-0.029732242025759813,0.08166569312635451,0.050399495319708436,0.7893674288477216,0.879727162917455,0.8972866385413498
2022-05-09,0.6100879907608032,0.753233015537262,0.6100879907608032,0.7395089864730835,2306123277,0.24,0.037200000000000004,0.32539999999999997,50.0,-0.17506960133490135,-0.1924562614608302,0.10708089411112312,0.05997165471095719,0.7648758547646659,0.8652295966943105,0.8840148992671363
2022-05-10,0.6289629936218262,0.6985200047492981,0.5906879901885986,0.6099720001220703,2372592084,0.45614035087719296,0.11052631578947368,0.35210526315789475,57.0,0.030938164898943743,0.030469227386484592,0.10982947521443166,0.060617879331115176,0.7445641415459769,0.8518321971098582,0.8740737249333541
2022-05-11,0.5127999782562256,0.657571017742157,0.484609991312027,0.6287720203399658,2692548110,0.14545454545454545,0.05272727272727273,0.3674545454545455,55.0,-0.1846897457300094,-0.2041865580956764,0.09354882528216042,0.06750363313985039,0.6896867070879255,0.8382438639799754,0.8227757299806506
2022-05-12,0.4737460017204284,0.5454980134963989,0.4065290093421936,0.5129989981651306,2798263564,0.22388059701492538,0.06791044776119402,0.3556716417910448,67.0,-0.07615830380609623,-0.0792145464836377,0.09139718001685254,0.06748409139461352,0.6443429929869515,0.8221972306569417,0.7836842170729724
2022-05-13,0.5288770198822021,0.6010879874229431,0.4699810147285461,0.4734179973602295,1946134960,0.26785714285714285,0.08464285714285714,0.3067857142857143,56.0,0.11637252443622348,0.11008461151747122,0.11377219830216287,0.07136765764894795,0.6079884256635394,0.8073365986347198,0.7530792319977857
2022-05-14,0.5393580198287964,0.5542250275611877,0.4914349913597107,0.5289419889450073,1178703676,0.21052631578947367,0.07631578947368421,0.42000000000000004,19.0,0.01981746143730856,0.01962365190585231,0.11710278833809343,0.07158213835971056,0.5761992846216474,0.7942347983519237,0.7254772591396011
2022-05-15,0.5975000262260437,0.5978839993476868,0.5165460109710693,0.539385974407196,1090431332,0.05,0.0040000000000000036,0.46449999999999997,20.0,0.10779853874371392,0.10237474755453589,0.13065177088049112,0.07455255770138476,0.555904575756618,0.7823275665442149,0.7105777675868206
2022-05-16,0.5567160248756409,0.6084650158882141,0.5478119850158691,0.5975689888000488,1291715346,0.26666666666666666,0.058888888888888886,0.3071111111111111,45.0,-0.06825773984982819,-0.070699047445388,0.11230971589796376,0.07517351433870485,0.5482800092015948,0.7691301008065542,0.7128573028498517
2022-05-17,0.5780770182609558,0.5978860259056091,0.5543839931488037,0.5566959977149963,935138863,0.21739130434782608,0.059782608695652176,0.26782608695652177,46.0,0.0383696398717579,0.03765182912863174,0.11280560138367203,0.07574680344066434,0.5410105841500419,0.7578171352545421,0.7139065072318833
2022-05-18,0.5056149959564209,0.5844990015029907,0.5056149959564209,0.5780569911003113,933793601,0.36065573770491804,0.06770491803278689,0.31459016393442624,61.0,-0.12535011774473293,-0.13393160726512818,0.09450263709308698,0.07841833863420637,0.5399841581072126,0.7434466342131297,0.7263253786584647
2022-05-19,0.5333210229873657,0.5442489981651306,0.4956110119819641,0.505499005317688,939230823,0.05454545454545454,0.017272727272727273,0.32799999999999996,55.0,0.054796687702143965,0.05334803527794195,0.08960988023468094,0.07928540806824243,0.5484948754310608,0.7294462343056997,0.7519332469419467
2022-05-20,0.5179070234298706,0.5434110164642334,0.50313800573349,0.5333639979362488,722609837,0.34,0.05,0.3014,50.0,-0.028901916281406925,-0.02932780269384356,0.0804805764489075,0.07930459043870705,0.5469277330807277,0.715465102593104,0.764436631637887
2022-05-21,0.5283139944076538,0.5363900065422058,0.5114240050315857,0.5179049968719482,428041383,0.2777777777777778,0.05777777777777778,0.28833333333333333,18.0,0.020094284315478772,0.019895058627683135,0.0804933533357758,0.07960992580015801,0.5453500151634216,0.7027264356613159,0.7760488114414086
2022-05-22,0.5426179766654968,0.547016978263855,0.5233929753303528,0.5283439755439758,489742264,0.23529411764705882,-0.003529411764705886,0.4676470588235294,17.0,0.027074774488759612,0.02671473695107235,0.06812140945232148,0.07999266259789103,0.5375097223690578,0.6905752340952556,0.7783507079764688
2022-05-23,0.5126050114631653,0.5578050017356873,0.5094329714775085,0.5424839854240417,753004177,0.38,0.0916,0.2736,50.0,-0.0553114096712527,-0.05689993984032219,0.0663765385019644,0.08032065165577798,0.5312081490244184,0.6780453006426493,0.7834404995078365
2022-05-24,0.5212240219116211,0.5242589712142944,0.4959569871425628,0.5126870274543762,678125877,0.34545454545454546,0.07290909090909091,0.3065454545454545,55.0,0.01681413613935212,0.0166743433725414,0.0642103451658244,0.0805265398634458,0.5230862924030849,0.6658744355042775,0.7855629597897735
2022-05-25,0.5138769745826721,0.5314620137214661,0.5082889795303345,0.5212420225143433,589015500,0.4603174603174603,0.11206349206349207,0.34253968253968253,63.0,-0.014095757332908798,-0.014196046066155701,0.03762813167383367,0.08031042116318832,0.5242665750639779,0.6530471682548523,0.8028004722307935
2022-05-26,0.4808830022811889,0.5201079845428467,0.4663679897785187,0.5139529705047607,909554798,0.2692307692307692,0.07057692307692308,0.3992307692307693,52.0,-0.06420597523031302,-0.06635988572782568,0.03777146605671435,0.07992483276999887,0.5167754292488098,0.6414884348710378,0.8055880685560609
2022-05-27,0.4555070102214813,0.4828709959983825,0.4473670125007629,0.4806430041790008,922413717,0.2765957446808511,0.05106382978723404,0.31978723404255316,47.0,-0.05276957584137976,-0.0542128952683405,0.04044475372588524,0.07992731893866449,0.5078611416476113,0.6286521683136622,0.8078571382485347
2022-05-28,0.4647639989852905,0.4674490094184875,0.4497080147266388,0.4581759870052337,448858644,0.4090909090909091,0.06181818181818182,0.41,22.0,0.020322384850472774,0.020118640937503658,0.04048005503233732,0.08015119429908041,0.498782570872988,0.6160126358270646,0.8096953566598803
2022-05-29,0.4811260104179382,0.4818409979343414,0.4573799967765808,0.4647319912910461,444269488,0.4,0.10466666666666667,0.32866666666666666,15.0,0.0352049889156012,0.03459946402993546,0.042022002435850775,0.08058018801862253,0.48999800426619394,0.6052154034376145,0.809625798489286
2022-05-30,0.5700730085372925,0.5749559998512268,0.4780830144882202,0.4811339974403381,1185015742,0.2558139534883721,0.046511627906976744,0.337906976744186,43.0,0.18487256185149703,0.16963522606260656,0.07808887526210792,0.08697930331473272,0.4982077181339264,0.5989958375692368,0.8317381973064871
2022-05-31,0.6252539753913879,0.6823130249977112,0.5696359872817993,0.5699999928474426,3269050143,0.34,0.07139999999999999,0.34,50.0,0.09679631560820634,0.09239349004096575,0.08339453815154681,0.0884499795121146,0.5130691400596074,0.5934928367535274,0.8644908721496174
2022-06-01,0.5527499914169312,0.6299769878387451,0.5408089756965637,0.6254169940948486,1404107650,0.38181818181818183,0.09145454545454546,0.3705454545454545,55.0,-0.11595925308443134,-0.12325212361088783,0.10057223770632656,0.09092918236409826,0.5186224281787872,0.585866869489352,0.8852223178805524
2022-06-02,0.5877950191497803,0.5958110094070435,0.5504440069198608,0.5526360273361206,1257661647,0.16279069767441862,0.03697674418604651,0.3902325581395349,43.0,0.06340122709547935,0.06147247602337598,0.09580020027893842,0.09189889676905103,0.5338955734457288,0.5797552039225896,0.9208982857478859
2022-06-03,0.5596579909324646,0.6032900214195251,0.5414860248565674,0.5878360271453857,910186327,0.391304347826087,0.10065217391304347,0.2897826086956522,46.0,-0.0478687761900648,-0.049052413553363906,0.09507310375069547,0.08700548839579207,0.5487742849758693,0.5685124029715856,0.9652811127909504
2022-06-04,0.5660690069198608,0.5705699920654297,0.548088014125824,0.5599570274353027,559861766,0.3333333333333333,0.050666666666666665,0.2673333333333333,15.0,0.011455238898161024,0.011390124444984068,0.09527240302631339,0.08460612966868133,0.5632464289665222,0.5610096365213394,1.0039870838209706
2022-06-05,0.5670899748802185,0.5795530080795288,0.5563979744911194,0.566091001033783,478128224,0.4,0.13266666666666665,0.34933333333333333,15.0,0.0018036104218335236,0.001801985869636188,0.09570894753890383,0.08463910346306244,0.5755269953182766,0.5538006693124771,1.0392313104871684
2022-06-06,0.6093279719352722,0.643451988697052,0.5666080117225647,0.5672069787979126,1417826128,0.061224489795918366,0.01612244897959184,0.31367346938775514,49.0,0.07448200272624339,0.07183868751971109,0.07590885230528732,0.08589340815142152,0.5811348472322736,0.5487155348062516,1.0590821844281648
2022-06-07,0.6154450178146362,0.64199298620224,0.5748469829559326,0.6093400120735168,1450579665,0.2631578947368421,0.03929824561403509,0.3119298245614035,57.0,0.010039003888063558,0.009988947818477497,0.06675069322365104,0.08584418592861048,0.579733567578452,0.5445782691240311,1.0645550886761772
2022-06-08,0.6416140198707581,0.6660990118980408,0.6109539866447449,0.6154850125312805,1636846100,0.38,0.08839999999999999,0.31920000000000004,50.0,0.04252045479065614,0.04164129540064012,0.04110461287254192,0.07866175887399394,0.5924284287861415,0.5456291367610295,1.085771248036574
2022-06-09,0.6329200267791748,0.6552159786224365,0.6277459859848022,0.6416490077972412,1166081755,0.25,0.0625,0.34589285714285717,56.0,-0.013550191894707186,-0.013642833571774293,0.038596759772449196,0.078517196935138,0.5988748584474836,0.5457610378662745,1.0973206529891995
2022-06-10,0.5742160081863403,0.635083019733429,0.5739319920539856,0.6328629851341248,1170021356,0.2909090909090909,0.09327272727272727,0.3281818181818182,55.0,-0.09275108403753551,-0.09733842775055354,0.052748214504273874,0.07098833079786403,0.6009545751980373,0.547808238863945,1.097016314402843
2022-06-11,0.5527769923210144,0.613660991191864,0.5464969873428345,0.5742679834365845,1232257018,0.5909090909090909,0.1431818181818182,0.3772727272727273,22.0,-0.03733615148250746,-0.03805099508209269,0.05481170505500104,0.06971542531874583,0.5990557159696307,0.5504426052172978,1.0883164026395484
2022-06-12,0.4968610107898712,0.5599300265312195,0.4968610107898712,0.5529770255088806,1474640183,0.05263157894736842,-0.05947368421052631,0.4357894736842105,19.0,-0.10115468318672549,-0.1066443207015668,0.06705641794294864,0.06969510641671307,0.5890230068138668,0.5493754049142202,1.0721685054427166
2022-06-13,0.4631330072879791,0.4964630007743835,0.4392060041427612,0.4961000084877014,2551895485,0.140625,0.064375,0.34078125,64.0,-0.06788216980091455,-0.07029604503555978,0.0555354741230427,0.07065638474475229,0.5681380118642535,0.5468345711628596,1.0389577430265455
2022-06-14,0.484385997056961,0.5174030065536499,0.4385370016098022,0.463250994682312,2241209963,0.06896551724137931,0.05810344827586207,0.32275862068965516,58.0,0.045889602845272215,0.04486781785982701,0.06188512707101982,0.0683842027388265,0.549415294613157,0.5430641035238902,1.0116951038524817
2022-06-15,0.5332959890365601,0.536791980266571,0.4501039981842041,0.4841600060462951,2335125416,0.25862068965517243,0.06810344827586207,0.34672413793103446,58.0,0.10097317485799961,0.09619449310040287,0.07506139170783431,0.06979705580630056,0.5339412902082715,0.5422834356625875,0.9846166323628839
2022-06-16,0.4750219881534576,0.5440170168876648,0.4690180122852325,0.5335289835929871,1226235066,0.203125,0.0659375,0.3646875,64.0,-0.10927140290025228,-0.11571550273912214,0.08178036393879373,0.07240360344492054,0.5113844275474547,0.5388482679923375,0.9490323304792113
2022-06-17,0.4873920083045959,0.5027390122413635,0.4734779894351959,0.4751830101013183,872710309,0.22413793103448276,0.08896551724137931,0.3729310344827586,58.0,0.026040942229272446,0.025707650659299378,0.08087083949424828,0.06847841984914578,0.49898099899291987,0.53824083507061,0.9270589789558799
2022-06-18,0.4561820030212402,0.4946689903736114,0.4234189987182617,0.4873670041561126,1214101657,0.3,0.10300000000000001,0.366,20.0,-0.0640347087181844,-0.06617688515597024,0.08240313182303047,0.0686706769861514,0.4851817148072378,0.5356695344050725,0.9057481966863998
2022-06-19,0.4843640029430389,0.4872260093688965,0.4372130036354065,0.4559699892997741,1050008285,0.125,0.03937500000000001,0.283125,16.0,0.06177797399974705,0.059944836932446295,0.07972772326938142,0.06951844675357421,0.4833964279719761,0.5345514337221782,0.9043029304140098
2022-06-20,0.492260992527008,0.5079650282859802,0.4628860056400299,0.4844030141830444,1096263588,0.1568627450980392,0.02666666666666667,0.3333333333333333,51.0,0.01630383252261991,0.016172352208905956,0.07418478155028985,0.06948090049536913,0.4875575687204088,0.5333496669928233,0.9141424451793448
2022-06-21,0.479203999042511,0.5097280144691467,0.4773179888725281,0.4922699928283691,1018828248,0.22807017543859648,0.052456140350877194,0.3466666666666667,57.0,-0.02652453410429556,-0.026882656443590395,0.07330848143423858,0.06939665035919251,0.4868172832897731,0.5312358677387237,0.9163863226366393
2022-06-22,0.4585680067539215,0.4809960126876831,0.4579429924488067,0.4795059859752655,818977392,0.0847457627118644,0.03677966101694915,0.34796610169491526,59.0,-0.043063063600933815,-0.04401778688015648,0.060124325798957115,0.06909816113334859,0.47614185724939617,0.5294346342484156,0.8993402139724505
2022-06-23,0.4802919924259186,0.4822210073471069,0.4580399990081787,0.45865198969841,711554788,0.21428571428571427,0.0475,0.28732142857142856,56.0,0.04737353097477359,0.04628563137224044,0.047750051132705564,0.06960903771945574,0.4768947150026049,0.5280702332655589,0.9030895607455711
2022-06-24,0.4992240071296692,0.5088160037994385,0.4770449995994568,0.4801990091800689,945924412,0.26666666666666666,0.062,0.3857777777777778,45.0,0.039417718809190205,0.03866067059832749,0.0490736990401036,0.06997667412030925,0.4785850005490439,0.5275818010171255,0.9071294719157852
2022-06-25,0.4989460110664367,0.5069429874420166,0.4795170128345489,0.4992330074310303,649820170,-0.13333333333333333,-0.05,0.322,15.0,-0.0005568563595946818,-0.0005570114616796867,0.03874156699498532,0.06887884464056353,0.4846941445555006,0.5281839013099671,0.9176617147046586
2022-06-26,0.4896529912948608,0.5240370035171509,0.4894259870052337,0.498876005411148,842528877,0.3333333333333333,0.11083333333333334,0.24916666666666668,12.0,-0.018625301265989158,-0.018800936447322475,0.033901157848422965,0.06819600228829344,0.4854497143200466,0.5293221006790797,0.9171158991798223
2022-06-27,0.4857900142669678,0.5076149702072144,0.4786199927330017,0.4895580112934112,709992597,0.3269230769230769,0.09384615384615384,0.3528846153846154,52.0,-0.007889213578942011,-0.007920498073058063,0.03338850896051099,0.06813704178979457,0.4845252888543265,0.5300229678551356,0.9141590426072924
2022-06-28,0.4696710109710693,0.4965440034866333,0.4682280123233795,0.4855709969997406,724759074,0.25,0.06541666666666666,0.3802083333333333,48.0,-0.03318100994772655,-0.033743988173317016,0.03433188116865056,0.06813386297671475,0.4831634334155491,0.52964113454024,0.9122468061982454
2022-06-29,0.4655089974403381,0.4759159982204437,0.4604629874229431,0.4696730077266693,769352065,0.10714285714285714,0.01892857142857143,0.36892857142857144,56.0,-0.008861550816444907,-0.008901047867762205,0.029549877453507945,0.06005120740248571,0.4841550035136086,0.5261556675036748,0.9201744529535588
2022-06-30,0.4588490128517151,0.4667359888553619,0.4361850023269653,0.4656020104885101,903962268,0.16326530612244897,0.030408163265306123,0.30795918367346936,49.0,-0.0143068869242996,-0.014410217171207006,0.022504456281203518,0.057062078607396774,0.48109172071729384,0.520608835419019,0.9240944217361979
2022-07-01,0.4480890035629272,0.4703119993209839,0.4444099962711334,0.4593119919300079,796619668,0.2,0.03945454545454545,0.39545454545454545,55.0,-0.023449999863604742,-0.02372932655956621,0.01108233861620573,0.05301959501787068,0.47378672020775925,0.5171201358238856,0.9162024206481792
2022-07-02,0.4563510119915008,0.4605920016765594,0.442331999540329,0.4481799900531769,494852064,0.14285714285714285,0.03809523809523809,0.4071428571428572,21.0,0.018438319983037355,0.018270395187719453,0.016335374261117117,0.05166516636201904,0.46770172033991125,0.5127386689186096,0.9121639320208023
2022-07-03,0.4555869996547699,0.4588820040225982,0.4445460140705108,0.4563210010528564,439469536,0.5,0.07333333333333333,0.43722222222222223,18.0,-0.0016741769310355537,-0.0016755799313662814,0.016558625459530386,0.051101892189388584,0.46283515010561255,0.5092696358760198,0.9088214130604252
2022-07-04,0.4696440100669861,0.4732089936733246,0.4453009963035583,0.4556120038032532,808524892,0.425,0.1405,0.35,40.0,0.03085472241935827,0.03038828571659693,0.022676946849616457,0.05145234081104254,0.4605285780770437,0.5060554693142573,0.9100357688082972
2022-07-05,0.4576320052146911,0.470672994852066,0.4454399943351745,0.4695689976215362,766706338,0.2127659574468085,0.0174468085106383,0.28595744680851065,47.0,-0.025576829672716794,-0.02590960323770815,0.021154224048302573,0.051551924893749886,0.4588087201118469,0.5024068703254064,0.913221429107207
2022-07-06,0.4621790051460266,0.4642910063266754,0.4491150081157684,0.4576680064201355,622551308,0.39215686274509803,0.0927450980392157,0.3311764705882353,51.0,0.009935930790510028,0.009886893980211043,0.02157349237113468,0.04947787121760794,0.4583330069269453,0.4975019047657649,0.921268848493633
2022-07-07,0.4778119921684265,0.4819450080394745,0.461557000875473,0.4622099995613098,619107061,0.2542372881355932,0.06457627118644067,0.3583050847457627,59.0,0.03382452869632324,0.0332650602310835,0.024029459714298887,0.04996942732634432,0.46104200397218975,0.49291413724422456,0.9353393809107912
2022-07-08,0.4673109948635101,0.4909169971942901,0.4619159996509552,0.4778169989585876,827327238,0.02127659574468085,0.031914893617021274,0.33085106382978724,47.0,-0.021977257743700296,-0.02222235537688884,0.023725798828123316,0.04911546448096376,0.4637880027294159,0.48710403641064964,0.9521333597375955
2022-07-09,0.4787600040435791,0.484264999628067,0.4664910137653351,0.4672900140285492,666827059,0.5,0.10833333333333334,0.3488888888888889,18.0,0.024499764195389906,0.024204458531236886,0.024335451500890195,0.04951813928039254,0.4669892873082842,0.48196536898612974,0.9689270585781932
2022-07-10,0.4632200002670288,0.4794290065765381,0.4570670127868652,0.4787710011005401,612314122,0.11764705882352941,0.01058823529411765,0.34470588235294114,17.0,-0.03245885964846751,-0.03299733265508334,0.028659333514069303,0.0468978214660056,0.46807971596717834,0.47826550205548607,0.9787026535584705
2022-07-11,0.4355199933052063,0.4631809890270233,0.4338650107383728,0.4631809890270233,737643033,0.14893617021276595,0.0697872340425532,0.3414893617021277,47.0,-0.05979881470112369,-0.06166139970488168,0.03423779388018761,0.04762653773389996,0.4632048564297812,0.47435693542162577,0.9764901108024653
2022-07-12,0.417928010225296,0.4409059882164001,0.4174349904060364,0.4355809986591339,707915451,0.125,0.020416666666666666,0.35000000000000003,48.0,-0.040393055084343876,-0.04123151074010211,0.03581974345844457,0.044335870391196394,0.45753285714558195,0.4717258354028066,0.9699126543596975
2022-07-13,0.4381079971790313,0.4397299885749817,0.4064370095729828,0.4178810119628906,977278539,0.3333333333333333,0.07354166666666667,0.288125,48.0,0.04828579674010536,0.04715625553418403,0.04201639309675535,0.04362116769453748,0.45409414172172546,0.470891668399175,0.964328256784509
2022-07-14,0.4410249888896942,0.4444189965724945,0.4177410006523132,0.438057005405426,861474952,0.1,0.0262,0.2712,50.0,0.006658156731776943,0.006636089105231866,0.038776054208922606,0.042759146800931916,0.4488388555390494,0.4694463014602661,0.9561026557092581
2022-07-15,0.4424560070037842,0.4515599906444549,0.4339680075645447,0.441114991903305,739541229,0.06,0.0344,0.38780000000000003,50.0,0.003244755172927105,0.0032395023146199364,0.03879082390222566,0.03846625443371321,0.44528814298766,0.46641830205917356,0.9546969769877667
2022-07-16,0.4572300016880035,0.4579269886016845,0.4324580132961273,0.4424450099468231,653009372,0.19047619047619047,0.058095238095238096,0.38333333333333336,21.0,0.03339087830282961,0.03284550995259157,0.040094901106269884,0.03306860242861099,0.4422124283654349,0.4658252358436584,0.9493097289255739
2022-07-17,0.4473530054092407,0.4650610089302063,0.4437899887561798,0.4573180079460144,695937971,0.1875,0.0012500000000000098,0.476875,16.0,-0.02160181143472395,-0.02183854603640342,0.03907816048560516,0.032869712504457506,0.4399457148143223,0.4644906024138133,0.947157407551544
2022-07-18,0.4925430119037628,0.4972459971904754,0.446382999420166,0.4474149942398071,1514608156,0.24390243902439024,0.06341463414634146,0.36829268292682926,41.0,0.10101643656821313,0.09623378639224639,0.045884353496888415,0.035361470123540656,0.4480918603284018,0.4657026360432307,0.9621845049784212
2022-07-19,0.5157679915428162,0.5245940089225769,0.474606990814209,0.4920780062675476,1558576681,0.34615384615384615,0.10134615384615385,0.37403846153846154,52.0,0.04715320099514719,0.04607524496172003,0.03850752335632206,0.034669183665058306,0.462069000516619,0.46674943566322324,0.9899722746532009
2022-07-20,0.4910430014133453,0.5460000038146973,0.4892680048942566,0.5158010125160217,1559480054,0.33962264150943394,0.07716981132075472,0.32943396226415095,53.0,-0.04793820193360787,-0.049125332362304215,0.04751967967502541,0.03578658572331773,0.4696311439786638,0.4667088359594345,1.0062615228040879
2022-07-21,0.5000979900360107,0.5014479756355286,0.4772349894046783,0.4910709857940674,929201777,0.1568627450980392,0.06549019607843137,0.3756862745098039,51.0,0.018440317032526465,0.018272356079696832,0.04732861661042569,0.03556945870865799,0.4780701441424234,0.4674053023258845,1.022817117742287
2022-07-22,0.4839459955692291,0.5106430053710938,0.4789040088653564,0.500091016292572,783147406,0.1956521739130435,0.030652173913043482,0.315,46.0,-0.03229765923598005,-0.0328307382038597,0.05101788504892962,0.03513260416636894,0.48399728536605835,0.46825123528639473,1.033627354063536
2022-07-23,0.5173680186271667,0.5175319910049438,0.4755159914493561,0.4837270081043243,837188756,0.38461538461538464,0.08692307692307694,0.17538461538461542,13.0,0.06906147248646177,0.06678113505418241,0.05471784741996465,0.03621033171421856,0.49258843064308167,0.46948710282643635,1.0492054577805636
2022-07-24,0.5138139724731445,0.5340740084648132,0.5106319785118103,0.5173599720001221,910596091,0.2,0.11299999999999999,0.426,10.0,-0.0068694740031531865,-0.006893177455564073,0.05319037137226683,0.0355905733908701,0.5020828545093536,0.4699734350045522,1.0683217754733103
2022-07-25,0.4762499928474426,0.5148119926452637,0.4762369990348816,0.5137630105018616,747132740,0.11363636363636363,0.05363636363636364,0.325,44.0,-0.07310813181061415,-0.07591836726496876,0.0517319111256361,0.038260757524352734,0.49975528035845074,0.46921690106391906,1.0650837154955157
2022-07-26,0.4676069915294647,0.476604014635086,0.4521049857139587,0.4762980043888092,753266177,0.058823529411764705,0.02137254901960784,0.2958823529411765,51.0,-0.018148034536026758,-0.018314729991320212,0.04665206378042968,0.03825330127268682,0.49287513749940054,0.4684820344050725,1.052068385344392
2022-07-27,0.5105530023574829,0.5105530023574829,0.4598250091075897,0.4677129983901977,1108377917,0.25,0.07022727272727274,0.38386363636363635,44.0,0.09184210588372288,0.0878662751867559,0.057040353437012865,0.04155687135815286,0.4956622804914202,0.46930746734142303,1.0561568161258852
2022-07-28,0.5133280158042908,0.5229480266571045,0.4921120107173919,0.5105800032615662,1404871202,-0.0425531914893617,-0.003404255319148933,0.35425531914893615,47.0,0.005435309231351493,0.005420591245248919,0.0567693998238638,0.041018086055188585,0.49755228417260305,0.47076270083586375,1.0569067670169556
2022-07-29,0.5233349800109863,0.5440840125083923,0.5083330273628235,0.5132279992103577,1601170272,0.25,0.05550000000000001,0.367,40.0,0.019494288054815234,0.01930670832400012,0.054549961198332934,0.04106003622729681,0.503179281949997,0.4726902335882187,1.0645011176353996
2022-07-30,0.5255759954452515,0.5512179732322693,0.5119810104370117,0.5232189893722534,1247885850,0.125,0.07250000000000001,0.386875,16.0,0.0042821816233611365,0.004273039174093132,0.04873743026529432,0.040914122761571754,0.5043518500668662,0.47491446634133655,1.0619846010426055
2022-07-31,0.5170199871063232,0.5425360202789307,0.5149509906768799,0.5255929827690125,875157898,0.6153846153846154,0.14615384615384613,0.36,13.0,-0.016279298166347655,-0.01641326181991381,0.049165991962483564,0.04076141937447263,0.5048098521573203,0.4772121657927831,1.0578310620365048
2022-08-01,0.5141230225563049,0.5257329940795898,0.5025309920310974,0.5170509815216064,647889797,0.2857142857142857,0.09023809523809524,0.3852380952380952,42.0,-0.005603196437785951,-0.005618953229444362,0.03637949155104357,0.040721906248337054,0.5102202849728721,0.47913789947827656,1.0648714817350924
2022-08-02,0.4968329966068268,0.5146099925041199,0.4902209937572479,0.5139070153236389,709947033,-0.037037037037037035,0.001296296296296299,0.3212962962962963,54.0,-0.03363013362737444,-0.03420863360745093,0.038916582428970045,0.041306511492050335,0.5143954285553524,0.48051276604334514,1.0705135532423102
2022-08-03,0.5009880065917969,0.5157430171966553,0.4902360141277313,0.4968659877777099,553477710,0.0425531914893617,0.007446808510638297,0.37170212765957444,47.0,0.00836299121303763,0.008328215155408419,0.017841206172690662,0.04099527205831373,0.5130290005888257,0.4815575659275055,1.0653534216635234
2022-08-04,0.4996680021286011,0.510420024394989,0.4948889911174774,0.5009750127792358,499753654,0.3409090909090909,0.10727272727272727,0.48068181818181815,44.0,-0.0026348025218722038,-0.002638279723205695,0.017486210804631478,0.04066478854484894,0.5110775700637272,0.4829587658246358,1.0582219564667794
2022-08-05,0.517503023147583,0.5184270143508911,0.4995140135288238,0.4995819926261902,536832135,0.5641025641025641,0.12102564102564102,0.29384615384615387,39.0,0.035693742531049066,0.035071484816950105,0.021516836661456856,0.041071298997608474,0.5102444333689553,0.48480289975802104,1.0524780970238274
2022-08-06,0.5112559795379639,0.5214679837226868,0.5112059712409973,0.5175639986991882,370884770,0.3333333333333333,0.092,0.34600000000000003,15.0,-0.012071511334606377,-0.012144963747146412,0.021664148570880188,0.04078250830641841,0.5081987168107714,0.4859176993370056,1.0458534799291452
2022-08-07,0.5274699926376343,0.5366640090942383,0.5076680183410645,0.5113720297813416,495713645,-0.14285714285714285,0.008571428571428572,0.39428571428571424,7.0,0.031714080125426536,0.03122157453075336,0.02440360728210565,0.04084363735121973,0.5096915747438159,0.48792299926280974,1.0446147763353966
2022-08-08,0.5365960001945496,0.5484070181846619,0.5236330032348633,0.5274879932403564,782794306,0.1702127659574468,0.07893617021276596,0.3280851063829787,47.0,0.017301472471031643,0.017153506247002306,0.02460219020951109,0.04074374574144587,0.512902000120708,0.48985086580117543,1.0470574534594959
2022-08-09,0.5140519738197327,0.5370849967002869,0.5076410174369812,0.5366560220718384,636681258,0.1509433962264151,0.061509433962264146,0.37716981132075467,53.0,-0.04201303469769302,-0.042921107260096854,0.02707782634473016,0.04109161237578877,0.515361854008266,0.4915452649195989,1.0484524840099165
2022-08-10,0.5370929837226868,0.5378860235214233,0.5040609836578369,0.5139920115470886,816259967,0.2222222222222222,0.04694444444444445,0.41888888888888887,36.0,0.04482233524315604,0.04384685684135353,0.030893532091046248,0.03982031447019692,0.5205197078841073,0.49493103126684823,1.0517014998064702
2022-08-11,0.5312579870223999,0.5465980172157288,0.5298910140991211,0.5371040105819702,819277170,0.2765957446808511,0.10170212765957447,0.34255319148936175,47.0,-0.010864034491464558,-0.010923479044687932,0.03160629868882124,0.03892927524661174,0.5250325628689357,0.49870869716008503,1.0527840518097096
2022-08-12,0.5407530069351196,0.5414419770240784,0.5220350027084351,0.5311949849128723,538287825,0.14705882352941177,0.048529411764705876,0.34794117647058825,34.0,0.017872709953854038,0.017714870972200383,0.029828756254154046,0.03827365992413833,0.5283539891242981,0.502130197485288,1.0522250837936877
2022-08-13,0.5598130226135254,0.5663920044898987,0.5386880040168762,0.5407080054283142,930190208,0.5625,0.14250000000000002,0.34125,16.0,0.035247174650833824,0.034640214293071986,0.030251247115000372,0.038604135054874526,0.535290709563664,0.5060897986094157,1.0576990704702678
2022-08-14,0.570343017578125,0.5938979983329773,0.5575540065765381,0.5598189830780029,1180283864,0.3,0.061,0.265,10.0,0.01880984282116116,0.018635125267270486,0.02934553666939871,0.03864166903741416,0.5414154274123055,0.5103526989618937,1.0608652183354694
2022-08-15,0.5511710047721863,0.5810099840164185,0.5456050038337708,0.5703859925270081,876107175,0.14634146341463414,0.03951219512195122,0.42121951219512194,41.0,-0.03361488124699019,-0.034192850561486035,0.0336938862796796,0.0391184849204564,0.5434975709233966,0.5134840657313665,1.0584507041114921
2022-08-16,0.5579149723052979,0.5692669749259949,0.5491570234298706,0.5510039925575256,734187541,0.15384615384615385,0.03487179487179487,0.31538461538461543,39.0,0.012235708110043042,0.012161456897433006,0.026652507404863923,0.03876824131145358,0.5497637135641915,0.5171694646279017,1.0630243105318313
2022-08-17,0.5370380282402039,0.579925000667572,0.5329669713973999,0.5579209923744202,1035477916,0.08333333333333333,0.017291666666666667,0.28854166666666664,48.0,-0.03741958022533565,-0.03813766329791802,0.028142149045591473,0.03579466122248516,0.5497558627809797,0.5186526318391164,1.0599692916462657
2022-08-18,0.5126330256462097,0.5429829955101013,0.5114129781723022,0.5372999906539917,642877241,0.3888888888888889,0.06972222222222223,0.38916666666666666,36.0,-0.04544371405869674,-0.04650866852266816,0.03320059234347095,0.03593322276847973,0.5470951540129525,0.5185481329758962,1.0550518249351855
2022-08-19,0.450980007648468,0.5126979947090149,0.4493190050125122,0.5126979947090149,1294433367,-0.07894736842105263,-0.011315789473684211,0.385,38.0,-0.12026735483930984,-0.12813722998759416,0.055064903243603386,0.0420223008362215,0.5342704398291451,0.5172126998504003,1.0329801259398284
2022-08-20,0.4513880014419555,0.4629789888858795,0.4388700127601623,0.4508750140666961,792647751,0.25,0.05333333333333334,0.30083333333333334,12.0,0.0009046826612444381,0.0009042736825310401,0.050135342934639913,0.04184069870570424,0.5187811510903495,0.5155890335639318,1.0061912052402524
2022-08-21,0.4635460078716278,0.4722779989242553,0.4484820067882538,0.4512659907341003,616272980,0.25,0.11875000000000001,0.32875,8.0,0.02693471335266695,0.02657835867517944,0.05151053324789411,0.041806389509474164,0.5035244354179927,0.5149090339740118,0.9778900780431954
2022-08-22,0.4614459872245788,0.4635359942913055,0.4400149881839752,0.4635359942913055,722091304,0.10869565217391304,0.0482608695652174,0.34021739130434786,46.0,-0.004530339192632127,-0.004540632278443817,0.052285117665221745,0.03977176779982531,0.49070657576833454,0.5130449662605922,0.9564591956625665
2022-08-23,0.4652070105075836,0.4688099920749664,0.4478049874305725,0.4614830017089844,562953519,0.5,0.1315909090909091,0.3406818181818182,44.0,0.008150516825654819,0.008117480749393174,0.051821427240731646,0.03982606561365226,0.47746258122580393,0.5114247341950734,0.9335930573973467
2022-08-24,0.4581089913845062,0.466601014137268,0.4545179903507232,0.4651820063591003,494717036,0.3333333333333333,0.10377777777777777,0.41155555555555556,45.0,-0.015257764742910518,-0.015375362151201137,0.051643828389316165,0.037485207974067306,0.46618700453213285,0.5108200341463089,0.912624747209127
2022-08-25,0.4649989902973175,0.4734149873256683,0.4580410122871399,0.4581080079078674,525337287,0.23255813953488372,0.046744186046511635,0.24186046511627907,43.0,0.015040086622155613,0.014928105922895224,0.05214308060572224,0.037456058822936344,0.4593821423394339,0.510733100771904,0.8994563728983689
2022-08-26,0.4308629930019378,0.4816389977931976,0.4281570017337799,0.4649589955806732,1299179883,0.07142857142857142,0.0330952380952381,0.3454761904761905,42.0,-0.07341090627649183,-0.07624507627875689,0.03358774545191851,0.03611266900183489,0.4565082831042154,0.5080767671267191,0.8985025741008896
2022-08-27,0.4497030079364776,0.4507949948310852,0.4280770123004913,0.4310390055179596,733099946,-0.5384615384615384,-0.07307692307692307,0.33692307692307694,13.0,0.043726231401950644,0.04279722461412684,0.03850343288095402,0.03713820347759344,0.45626756974628996,0.5059559335311253,0.901793099968105
2022-08-28,0.4300490021705627,0.4534009993076324,0.4300490021705627,0.4497190117835998,519341943,0.06666666666666667,0.07733333333333332,0.3313333333333333,15.0,-0.04370441251015855,-0.044688221785730904,0.03954744383465654,0.037564363951401385,0.45148228321756634,0.5028464009364446,0.8978532656826747
2022-08-29,0.4507029950618744,0.4520489871501922,0.4276820123195648,0.430070012807846,587946527,0.07317073170731707,0.03048780487804878,0.3309756097560976,41.0,0.048027068513276205,0.046909414299336594,0.04525541547482089,0.03877478425419346,0.44994757005146574,0.5003506342569987,0.8992645142133585
2022-08-30,0.4521690011024475,0.4625459909439087,0.4400179982185364,0.4507359862327575,640051711,0.13043478260869565,0.061956521739130424,0.28804347826086957,46.0,0.0032527097814645245,0.0032474311644454627,0.04508658792953323,0.038743514391645174,0.4480849972793034,0.49818893472353615,0.899427839616636
2022-08-31,0.4466649889945984,0.4627789855003357,0.446054995059967,0.4522629976272583,521553602,0.34,0.1024,0.3574,50.0,-0.01217246669813632,-0.012247157907250535,0.04497110636189997,0.03876919763743665,0.44645013979503084,0.4959403336048126,0.9002093791201549
2022-09-01,0.4574809968471527,0.4585019946098327,0.4424760043621063,0.4466769993305206,582859437,0.09523809523809523,0.04047619047619048,0.3595238095238095,42.0,0.02421503390471713,0.023926498619227608,0.0457119700598988,0.03869562408133772,0.4453761407307216,0.4946286002794901,0.9004253706297243
2022-09-02,0.4545589983463287,0.4656389951705932,0.4499129951000213,0.4574640095233917,525812957,-0.02564102564102564,0.004102564102564103,0.28076923076923077,39.0,-0.006387147271606275,-0.006407632370891627,0.032643885050369005,0.03864363414861596,0.4487612843513489,0.4930809666713079,0.9101168260069894
2022-09-03,0.4803870022296905,0.4848169982433319,0.4539940059185028,0.4545339941978454,778592386,0.16666666666666666,0.016666666666666666,0.2558333333333333,12.0,0.056819915516628905,0.05526431916255702,0.03512685496443299,0.04009361019849314,0.45314471210752216,0.49243826667467755,0.9202061309481577
2022-09-04,0.5030840039253235,0.5058280229568481,0.4768050014972687,0.4803720116615295,907968827,0.14285714285714285,0.028571428571428574,0.4614285714285714,7.0,0.04724732682251198,0.0461651282731287,0.027823886708673855,0.04048994817752653,0.4635782837867737,0.4919576327006022,0.9423134289876954
2022-09-05,0.4991210103034973,0.5053390264511108,0.4838849902153015,0.503167986869812,646475147,0.4146341463414634,0.09634146341463415,0.2836585365853659,41.0,-0.007877399382418937,-0.007908590001557617,0.027491004721595175,0.04045690318443448,0.4704951431070055,0.49155313372612,0.9571602962644372
2022-09-06,0.4630660116672516,0.5111560225486755,0.4629909992218017,0.4990909993648529,982012136,0.42857142857142855,0.08160714285714286,0.3735714285714286,56.0,-0.07223698840952819,-0.07497895425109906,0.04387913095106902,0.042168422223440645,0.47205185890197754,0.48940633436044056,0.9645397408246831
2022-09-07,0.4792819917201996,0.4816190004348755,0.4554769992828369,0.4630109965801239,693147052,0.12727272727272726,0.057818181818181824,0.31799999999999995,55.0,0.03501872226502423,0.03441951569867673,0.044643687331063615,0.04258764470598593,0.47671143071992056,0.4874958674112956,0.9778778910503537
2022-09-08,0.4792740046977997,0.4814310073852539,0.4645690023899078,0.4792740046977997,647768733,0.2631578947368421,0.07298245614035088,0.3314035087719298,57.0,-1.6664557688117476e-05,-1.666469654340159e-05,0.044321041400216483,0.04194291058684655,0.47982471755572725,0.4863366017738978,0.9866103349112144
2022-09-09,0.5029199719429016,0.5029379725456238,0.4786770045757293,0.4792529940605163,858927416,0.14,0.0378,0.3354,50.0,0.04933705357128981,0.0481585872155367,0.046392235164110424,0.04211365738127426,0.4867334280695234,0.4851975013812383,1.0031655700697402
2022-09-10,0.5124220252037048,0.5234929919242859,0.4963620007038116,0.5028420090675354,995666468,0.3125,0.108125,0.3325,16.0,0.0188937679768304,0.018717497556618126,0.04296227522857686,0.042249214212020936,0.491309859922954,0.4845696359872818,1.0139097117010631
2022-09-11,0.5097519755363464,0.5191500186920166,0.5033079981803894,0.5123800039291382,705305295,0.5,0.1625,0.3858333333333333,12.0,-0.005210645788102042,-0.0052242685457152115,0.03987733764229025,0.04210234553821377,0.4922624272959573,0.4835362682739894,1.0180465449946836
2022-09-12,0.5015460252761841,0.5188620090484619,0.4978199899196625,0.50975102186203,856809100,0.28846153846153844,0.0626923076923077,0.32173076923076926,52.0,-0.016097927333245332,-0.01622890652989938,0.0403390952062548,0.04159848291413588,0.49260885800634113,0.48159403502941134,1.0228715934495682
2022-09-13,0.4688810110092163,0.5075240135192871,0.4629139900207519,0.5014950037002563,1004511415,0.36507936507936506,0.05634920634920635,0.28650793650793654,63.0,-0.06512864746357083,-0.0673463500300714,0.03798739017003701,0.042949214233843,0.49343957219805035,0.47821196814378103,1.0318427916251793
2022-09-14,0.4813759922981262,0.485709011554718,0.4630489945411682,0.4639120101928711,737527013,0.36507936507936506,0.08952380952380952,0.3703174603174603,63.0,0.026648512086287823,0.026299625128190205,0.036934065100269316,0.04302563128510325,0.4937387151377542,0.475885467727979,1.037515849128598
2022-09-15,0.4656440019607544,0.4814060032367706,0.4638690054416656,0.4813739955425262,685227625,0.41818181818181815,0.08890909090909091,0.3367272727272727,55.0,-0.032681294017730456,-0.03322725563442919,0.03909945491179201,0.04321666493549056,0.4917915718896048,0.4728097687164942,1.0401468083551642
2022-09-16,0.4741260111331939,0.4741300046443939,0.4560190141201019,0.465703010559082,558761609,0.14583333333333334,0.03833333333333334,0.3675,48.0,0.01821565216500831,0.018051734755499454,0.03366886598043241,0.042994017174837945,0.4876781489167894,0.47071270147959393,1.0360420430208657
2022-09-17,0.4871560037136078,0.4877260029315948,0.4730989933013916,0.4742209911346435,511814025,0.5294117647058824,0.15294117647058825,0.3911764705882353,17.0,0.027482129801888133,0.0271112753167079,0.034922678597025476,0.04259225171104752,0.484068717275347,0.4698634674151739,1.0302327183220255
2022-09-18,0.4471859931945801,0.4896210134029388,0.4446550011634826,0.4870910048484802,677522389,0.25,0.07125,0.35375,16.0,-0.08204766073769976,-0.08560980772435686,0.04570715856200031,0.038775670206091975,0.47513071979795185,0.4697370002667109,1.0114824242675762
2022-09-19,0.4535039961338043,0.4556849896907806,0.4343880116939544,0.447282999753952,776470650,0.2391304347826087,0.03869565217391304,0.2573913043478261,46.0,0.014128356065202574,0.014029481048659087,0.04738074944823472,0.038863458651189516,0.4682675727776119,0.4698075334231059,0.9967221456959756
2022-09-20,0.4418990015983581,0.4540709853172302,0.4388140141963959,0.4535430073738098,544680283,0.2545454545454545,0.08345454545454545,0.41090909090909095,55.0,-0.02558961913099045,-0.025922728482053403,0.041937756157565835,0.03881465825168492,0.46441300000463215,0.4690859665473302,0.9900381446558868
2022-09-21,0.4411590099334717,0.4618420004844665,0.4325459897518158,0.4419510066509247,1223771049,0.15517241379310345,0.03310344827586207,0.31793103448275867,58.0,-0.0016745719320701014,-0.0016759755948897164,0.039323991476911756,0.03881068308138575,0.4586677168096815,0.46840973397096,0.9792019327209744
2022-09-22,0.4589659869670868,0.4654990136623382,0.4357100129127502,0.4408760070800781,762487961,0.25,0.07729166666666666,0.31395833333333334,48.0,0.040364078784881796,0.03957072764575551,0.042421656473918205,0.03949816744421984,0.457713714667729,0.4682016998529434,0.9775994295011988
2022-09-23,0.4618209898471832,0.4791080057621002,0.4483520090579986,0.4589509963989258,1025328778,0.26666666666666666,0.05555555555555555,0.2797777777777778,45.0,0.006220510802908752,0.006201243286829463,0.04171570494435128,0.03941337737594927,0.45595585448401316,0.46832543313503266,0.9735876427461649
2022-09-24,0.4515999853610992,0.4670960009098053,0.4512940049171448,0.4618299901485443,582129449,0.4117647058823529,0.1652941176470588,0.2582352941176471,17.0,-0.022131961757446694,-0.022380548273559238,0.039760348225443415,0.03952333684724333,0.45087642329079763,0.4678787996371587,0.9636607250434376
2022-09-25,0.4461880028247833,0.461773008108139,0.4402160048484802,0.4515990018844604,528836100,0.11764705882352941,0.0976470588235294,0.35705882352941176,17.0,-0.011984018405112318,-0.012056405661766903,0.022808820483938477,0.036962494818127176,0.45073385323796955,0.4683896332979202,0.9623053568977675
2022-09-26,0.4467569887638092,0.4502699971199035,0.4382340013980865,0.4462989866733551,630690579,0.04081632653061224,-0.00020408163265306112,0.2761224489795919,49.0,0.0012752156835766915,0.0012744032866377388,0.021965380587651073,0.03611755408499365,0.44976999504225595,0.4682914326588313,0.9604489078277267
2022-09-27,0.441890001296997,0.4624939858913421,0.4381720125675201,0.446819007396698,683067297,0.16363636363636364,0.035272727272727275,0.2983636363636364,55.0,-0.010894037674215928,-0.01095381222318498,0.019895404427963014,0.03519877070769158,0.44976870928491863,0.4686861326297124,0.9596373307683511
2022-09-28,0.4372900128364563,0.4425140023231506,0.4264140129089355,0.441781997680664,618645006,0.09433962264150944,0.008867924528301886,0.31528301886792454,53.0,-0.010409804356376506,-0.010464365346203932,0.020291919265491672,0.03415624689780505,0.44921599541391644,0.4682390332221985,0.9593732336294679
2022-09-29,0.4381699860095978,0.4383679926395416,0.4284639954566955,0.4373080134391784,533583651,0.09090909090909091,0.049818181818181824,0.3449090909090909,55.0,0.0020123331137467115,0.0020103110836773366,0.010105266714185223,0.03415167975221082,0.4462451381342752,0.46777239938577014,0.9539791974050579
2022-09-30,0.4344139993190765,0.4405440092086792,0.4302490055561065,0.4381830096244812,562475136,0.4807692307692308,0.11326923076923076,0.34076923076923077,52.0,-0.008571985326350062,-0.008608936105122467,0.008374685500477054,0.03411698296036939,0.44232985377311707,0.4673640330632527,0.9464353747419252
2022-10-01,0.4302929937839508,0.4362309873104095,0.4289569854736328,0.4344289898872375,317805815,-0.11764705882352941,0.009411764705882356,0.33705882352941174,17.0,-0.009486355277650294,-0.009531637347954938,0.005941197568155155,0.03382210757037362,0.43928599783352446,0.4664577662944793,0.9417487060472671
2022-10-02,0.419633001089096,0.4322940111160278,0.418965995311737,0.4302839934825897,404886268,0.06666666666666667,0.006,0.27133333333333337,15.0,-0.02477380029154541,-0.025085835191079788,0.009051311466082556,0.03407619913635998,0.4354924261569977,0.4652935663859049,0.9359519615532557
2022-10-03,0.4279980063438415,0.4286009967327118,0.4180969893932342,0.4196439981460571,454947649,-0.07317073170731707,0.007560975609756099,0.33707317073170734,41.0,0.0199340977307203,0.019738015140938092,0.013871521671345671,0.032578000927990416,0.43281257152557373,0.46354726652304323,0.933696739864301
2022-10-04,0.4357649981975555,0.4372200071811676,0.4259200096130371,0.4280030131340027,443212603,0.28,0.056600000000000004,0.364,50.0,0.018147261759612565,0.017984565583488113,0.016294228887179796,0.03147372834923791,0.43193757108279635,0.46130329966545097,0.9363418197876507
2022-10-05,0.4312730133533478,0.4362210035324096,0.4247120022773742,0.4357770085334778,442089311,0.3191489361702128,0.0797872340425532,0.3095744680851064,47.0,-0.010308273640122101,-0.010361771859935247,0.016285383937154285,0.031485299064360026,0.4310779997280666,0.4590416997671127,0.9390824405424758
2022-10-06,0.4286870062351227,0.4366840124130249,0.4267889857292175,0.4312649965286255,429115801,0.24489795918367346,0.06653061224489797,0.29877551020408166,49.0,-0.005996218261183794,-0.006014267766586873,0.016240108742741524,0.02857291774869809,0.42972328833171297,0.457895732919375,0.9384741054299744
2022-10-07,0.4243200123310089,0.4303190112113952,0.4223909974098205,0.4286929965019226,412845097,0.37209302325581395,0.09093023255813953,0.34581395348837213,43.0,-0.010186905225950782,-0.010239146834699009,0.016343206536504916,0.027730179132777498,0.4282812901905605,0.4560636669397354,0.9390822405661048
2022-10-08,0.4217360019683838,0.4267620146274566,0.4201120138168335,0.424252986907959,295762328,0.2777777777777778,0.10833333333333334,0.43555555555555553,18.0,-0.0060897678344932205,-0.006108386096377958,0.016178087655105654,0.027721852496577642,0.4270588627883366,0.4541457335154215,0.9403564346682008
2022-10-09,0.4230720102787018,0.424001008272171,0.4199750125408172,0.4217909872531891,280279986,0.21428571428571427,0.06999999999999999,0.13357142857142856,14.0,0.0031678782557864604,0.003162871101381519,0.012904851965633872,0.02594832853704304,0.42755014981542316,0.4514841347932815,0.9469882037187933
2022-10-10,0.4018009901046753,0.426265001296997,0.4017879962921142,0.4230540096759796,522186013,0.23529411764705882,0.09509803921568627,0.34490196078431373,51.0,-0.05027754060121836,-0.05158548507237382,0.021253579917286408,0.02682113052372209,0.4238077189241137,0.44779676695664716,0.9464287154291671
2022-10-11,0.3905400037765503,0.4017350077629089,0.3884730041027069,0.4017350077629089,647675205,0.2,0.05236363636363636,0.32090909090909087,55.0,-0.02802627819605752,-0.028426510068284207,0.018482670995628055,0.02706854274717089,0.41734700543539865,0.443823034564654,0.9403455272319841
2022-10-12,0.3813000023365021,0.395018994808197,0.3786399960517883,0.3905830085277557,470666876,0.18867924528301888,0.06981132075471698,0.3469811320754717,53.0,-0.02365955177625012,-0.023943933491179403,0.01854740356528047,0.02717720199882845,0.41020800386156353,0.4398148337999979,0.9326834211510523
2022-10-13,0.3776380121707916,0.3820089995861053,0.3511689901351928,0.3813230097293854,1059234268,0.11320754716981132,0.03981132075471698,0.359811320754717,53.0,-0.009603960512118426,-0.009650375961374556,0.018217036658087937,0.024858481527957894,0.402915290423802,0.43677340050538377,0.9224812911170756
2022-10-14,0.3668510019779205,0.3885340094566345,0.3620469868183136,0.3776290118694305,563104935,0.32786885245901637,0.09639344262295081,0.3655737704918033,61.0,-0.028564418425104376,-0.028980320572191416,0.01824412178524829,0.024331866640041302,0.3947054318019321,0.4329559008280436,0.9116527365651881
2022-10-15,0.3637439906597137,0.3693670034408569,0.3620829880237579,0.3668490052223205,349542728,0.3684210526315789,0.18473684210526314,0.35000000000000003,19.0,-0.008469409382705684,-0.00850547863156535,0.01794261791705847,0.023899830312929023,0.3864208587578365,0.42955923378467553,0.899575258464906
2022-10-16,0.3702810108661651,0.3744179904460907,0.3638130128383636,0.3638130128383636,337167739,0.3333333333333333,0.16066666666666668,0.3953333333333333,15.0,0.01797148646935831,0.017811908373938024,0.02170782515387141,0.023890773819120147,0.3788792874131884,0.4260977337757746,0.8891840002429255
2022-10-17,0.3723450005054474,0.375328004360199,0.3665989935398102,0.3702709972858429,360241999,0.32,0.0956,0.3152,50.0,0.005574116896932324,0.005558638997783339,0.01782681819666023,0.0231020922605571,0.37467128889901297,0.42227070033550257,0.8872774942740026
2022-10-18,0.3618200123310089,0.3739030063152313,0.3593179881572723,0.3723430037498474,435708572,0.24528301886792453,0.053018867924528305,0.30264150943396223,53.0,-0.02826676378130799,-0.028673960524213258,0.01786761801896685,0.018460345095939787,0.37056843297822134,0.41942516764005017,0.8835150142831735
2022-10-19,0.3500320017337799,0.3621990084648132,0.3495770096778869,0.3618920147418976,430500856,0.1016949152542373,0.02830508474576271,0.3535593220338983,59.0,-0.0325797639585641,-0.03312230084486636,0.0192654415844662,0.018609439946134357,0.36610157574926105,0.4159761011600494,0.8801024259045142
2022-10-20,0.340254008769989,0.3555040061473846,0.3377240002155304,0.3500440120697021,497190070,0.2553191489361702,0.06851063829787234,0.2742553191489362,47.0,-0.027934568597609677,-0.028332160529732357,0.020124474775415152,0.018691651084491504,0.36076100383486065,0.4125879347324371,0.8743857332348165
2022-10-21,0.3490769863128662,0.3495770096778869,0.3309940099716186,0.3402509987354278,513576018,0.15384615384615385,0.06897435897435897,0.36153846153846153,39.0,0.025930561625922,0.025600065731097858,0.023963563839317255,0.019682849347015516,0.3582218587398529,0.4095185339450836,0.8747390631845992
2022-10-22,0.351408988237381,0.3539870083332062,0.3439610004425049,0.3490979969501495,345854400,-0.05263157894736842,0.02894736842105262,0.3931578947368421,19.0,0.006680480283580481,0.006658264760528032,0.024494289567038745,0.017776119594542467,0.3564597155366625,0.4059333006540934,0.8781238567082018
2022-10-23,0.3620989918708801,0.3632999956607818,0.3466019928455353,0.3513979911804199,394201921,0.23809523809523808,0.0880952380952381,0.33904761904761904,21.0,0.03042040468890317,0.02996687885909342,0.026706043595702448,0.018962324214243317,0.3552908556801932,0.40260923405488325,0.8824707076434326
2022-10-24,0.3578569889068603,0.3645899891853332,0.3543840050697326,0.3620960116386413,389895509,0.25,0.011785714285714288,0.3505357142857143,56.0,-0.011715036659180944,-0.011784198386572775,0.026563001273561062,0.01878517612745527,0.35322113973753794,0.39948446750640865,0.8841924241569453
2022-10-25,0.4019879996776581,0.4141890108585357,0.3577100038528442,0.3578380048274994,1215554912,0.2,0.046799999999999994,0.268,50.0,0.12332024283109311,0.11628880236217161,0.0509512664445186,0.029392115125971993,0.3589594236442021,0.3980111340681711,0.9018828693941002
2022-10-26,0.4034920036792755,0.4102120101451874,0.396356999874115,0.4016720056533813,761857225,0.21153846153846154,0.06346153846153847,0.28634615384615386,52.0,0.003741415173645679,0.0037344334887307834,0.04688707539319055,0.02940925556189966,0.3665965667792729,0.3965689678986867,0.9244207097740664
2022-10-27,0.3886969983577728,0.4142679870128631,0.3885039985179901,0.4035109877586365,719088729,0.2641509433962264,0.0750943396226415,0.3232075471698113,53.0,-0.036667406507670974,-0.03735655454510635,0.048542123919948,0.030031722010721303,0.373516993863242,0.3947958678007126,0.9461015788842758
2022-10-28,0.4045070111751556,0.4107449948787689,0.3801069855690002,0.3886710107326507,618236710,0.21739130434782608,0.057173913043478256,0.3115217391304348,46.0,0.040674388750567614,0.039868953721656164,0.04916037395868211,0.031062336802488887,0.38143556884356905,0.39370310107866924,0.9688406512382312
2022-10-29,0.4197779893875122,0.4357289969921112,0.4022609889507293,0.4045079946517944,855151911,0.2222222222222222,0.09055555555555556,0.31166666666666665,18.0,0.03775207299372152,0.037056905533907766,0.04901923309330499,0.03188962540727138,0.39120256900787354,0.39309003452459973,0.9951983887889478
2022-10-30,0.406046986579895,0.4211589992046356,0.4003750085830688,0.4198639988899231,577564479,0.2857142857142857,0.08928571428571429,0.32142857142857145,14.0,-0.03271015430716551,-0.03325709142670065,0.053643301899654675,0.03239449980769657,0.3974808539663042,0.3921444674332937,1.0136082157882753
2022-10-31,0.4063360095024109,0.4151740074157715,0.3987129926681518,0.406029999256134,569992895,0.16279069767441862,0.052558139534883724,0.28930232558139535,43.0,0.000711796742909776,0.0007115435357557281,0.05275096132384551,0.03236908692801547,0.40440642833709717,0.39134590129057567,1.0333733584622982
2022-11-01,0.4014019966125488,0.4144349992275238,0.3999249935150146,0.4062890112400055,452398724,0.43478260869565216,0.13108695652173913,0.3297826086956522,46.0,-0.012142691699670416,-0.0122170164617718,0.03062596330551703,0.032135788853918594,0.40432271361351013,0.39073820114135743,1.0347662768382306
2022-11-02,0.3860760033130646,0.4077480137348175,0.3822959959506988,0.4013850092887878,741360035,0.3333333333333333,0.09491228070175439,0.3429824561403509,57.0,-0.03818115861112059,-0.03892916061441894,0.033792067069022214,0.03258199177499809,0.40183471356119427,0.38934080104033153,1.0320899132263524
2022-11-03,0.3894200026988983,0.3984470069408417,0.3851360082626343,0.3860599994659424,445099982,0.2777777777777778,0.06962962962962962,0.3642592592592593,54.0,0.008661505395667124,0.008624209760640898,0.031112448809113135,0.032414175413662955,0.4019379998956408,0.38779596785704296,1.0364677129490194
2022-11-04,0.4215250015258789,0.4253070056438446,0.3888120055198669,0.389396995306015,909794346,0.23529411764705882,0.058235294117647066,0.4015686274509804,51.0,0.08244311695463757,0.07922063166591146,0.04133635560643415,0.035739605976075034,0.4043691413743155,0.38747103412946066,1.0436112786671143
2022-11-05,0.4267350137233734,0.4362139999866485,0.4207749962806701,0.4215250015258789,701622249,0.15789473684210525,0.0868421052631579,0.33894736842105266,19.0,0.012359912647256444,0.012284152546969934,0.03922980086106376,0.03580296706238394,0.40536300199372427,0.3874059677124023,1.0463519815849938
2022-11-06,0.4030050039291382,0.4302760064601898,0.4030050039291382,0.4267489910125732,495843423,0.5555555555555556,0.17833333333333334,0.38222222222222224,18.0,-0.05560830264942351,-0.05721426526370583,0.043649782237875336,0.03725703141036208,0.40492843304361614,0.38669546743234,1.0471507094001984
2022-11-07,0.4042589962482452,0.4157429933547973,0.3990289866924286,0.4029659926891327,554735710,0.23076923076923078,0.06692307692307692,0.29096153846153844,52.0,0.0031116048358732495,0.003106773812442242,0.043675495330685855,0.03725757361408544,0.40463171686444965,0.386112900575002,1.0479621796160379
2022-11-08,0.3718340098857879,0.4134860038757324,0.3532580137252807,0.4042339920997619,1420168187,0.30434782608695654,0.03978260869565218,0.33956521739130435,46.0,-0.08020844721670939,-0.08360820767224555,0.05393474371607083,0.04014636995529152,0.40040771876062664,0.3844049672285716,1.0416299291016695
2022-11-09,0.3178369998931885,0.3752500116825104,0.3123779892921448,0.3719609975814819,1446651845,0.1076923076923077,0.024923076923076923,0.29384615384615387,65.0,-0.14521805041229308,-0.1569088722929667,0.07744994190162383,0.04821765206924905,0.39065928970064434,0.3816061675548553,1.0237237312064345
2022-11-10,0.3689770102500915,0.376563012599945,0.3142740130424499,0.3178919851779938,1353707790,0.12903225806451613,0.013225806451612903,0.3645161290322581,62.0,0.16090011664497528,0.14919566683990407,0.10260328547374115,0.05589361868700366,0.3877388622079576,0.3808874011039734,1.0179881536751434
2022-11-11,0.3546670079231262,0.3730320036411285,0.3433910012245178,0.3689669966697693,595121832,0.0,0.03150943396226415,0.3260377358490566,53.0,-0.038782910396683024,-0.039554995832061096,0.0954008670622806,0.05617793594581574,0.3781877202647072,0.37999963462352754,0.9952317997341881
2022-11-12,0.3391439914703369,0.3558340072631836,0.3385289907455444,0.354898989200592,389700815,-0.058823529411764705,-0.001764705882352941,0.18294117647058825,17.0,-0.0437678614193342,-0.0447545726242929,0.09414598653797375,0.056697067484696606,0.36567471708570204,0.37871650060017903,0.9655632023061875
2022-11-13,0.3301270008087158,0.3448689877986908,0.3273569941520691,0.3391819894313812,405636157,0.5714285714285714,0.17142857142857143,0.35428571428571426,14.0,-0.02658749937608662,-0.026947339438088094,0.09353192494555179,0.05666687287697637,0.35526357378278456,0.3774923672278722,0.941114588333731
2022-11-14,0.3318490087985992,0.3405559957027435,0.3159460127353668,0.3301230072975158,484659345,0.25,0.054615384615384614,0.34403846153846157,52.0,0.005216198571049713,0.005202641331682231,0.09365322669738507,0.05668051861196707,0.3449192898614065,0.37642920116583506,0.9162925957740805
2022-11-15,0.3370090126991272,0.3441289961338043,0.3303369879722595,0.3318740129470825,312070544,0.2549019607843137,0.043529411764705886,0.35803921568627456,51.0,0.015549252110798495,0.015429601217489595,0.09133923322520476,0.05665193147537145,0.3399442902633122,0.37532013456026714,0.9057448800651156
2022-11-16,0.3323819935321808,0.3439300060272217,0.325433999300003,0.3369640111923218,279986402,0.2641509433962264,0.10245283018867923,0.30150943396226415,53.0,-0.013729660016770229,-0.013824783477575231,0.06673743112324405,0.05665985459870523,0.34202214649745394,0.3739880343278249,0.9145269770787618
2022-11-17,0.3248589932918548,0.3340280055999756,0.3199630081653595,0.3324210047721863,238288352,0.16071428571428573,0.05714285714285714,0.30946428571428575,56.0,-0.022633597447262455,-0.02289366904348404,0.022201739448823147,0.05658207231302662,0.3357195726462773,0.3727560003598531,0.9006416323873487
2022-11-18,0.3262209892272949,0.3321560025215149,0.3213970065116882,0.3248690068721771,223268757,0.18181818181818182,0.056363636363636366,0.3502272727272727,44.0,0.00419257574382903,0.004183811386427015,0.021324845132782686,0.05632002723512729,0.33165585568972994,0.37196229994297025,0.8916383615774498
2022-11-19,0.3285120129585266,0.3316879868507385,0.3230740129947662,0.3262169957160949,160053174,0.3333333333333333,0.09166666666666666,0.22166666666666668,18.0,0.007022919453032017,0.006998373609524632,0.01647268187173802,0.05612701449921286,0.3301370016166142,0.3715709000825882,0.8884899262650423
2022-11-20,0.3123070001602173,0.3307340145111084,0.3110789954662323,0.3285129964351654,241625735,0.0,0.04,0.39705882352941174,17.0,-0.04932852425203438,-0.050586727487937515,0.022970975210994775,0.05659560418322646,0.32759128723825726,0.3703452338774999,0.8845565090939324
2022-11-21,0.3045479953289032,0.3126220107078552,0.2972880005836487,0.3122999966144562,402254597,0.13725490196078433,0.02509803921568627,0.33313725490196083,51.0,-0.024844159200189675,-0.025157984039062872,0.022944924125653323,0.05669262869381553,0.32369114245687214,0.36878320078055066,0.8777274609357514
2022-11-22,0.311922013759613,0.315869003534317,0.2991040050983429,0.3045240044593811,303965817,0.03389830508474576,0.03711864406779661,0.2916949152542373,59.0,0.02421299284123024,0.02392450580965828,0.02480318797994446,0.05657557298963603,0.320107285465513,0.3671106348435084,0.8719640759030803
2022-11-23,0.3183169960975647,0.3191660046577453,0.3098540008068084,0.3119829893112182,326001398,0.038461538461538464,0.03692307692307692,0.3136538461538461,52.0,0.020501862824212624,0.020294528669538448,0.027385300310315646,0.05674527710117585,0.31809800011771067,0.36579263508319854,0.8696129161959757
2022-11-24,0.316457986831665,0.3206849992275238,0.3125399947166443,0.3183329999446869,221490892,0.23529411764705882,0.07176470588235294,0.34725490196078435,51.0,-0.005840119405153943,-0.00585723959098147,0.026391006875565743,0.05200836489272046,0.3168978563376835,0.3629416346549988,0.8731372377239578
2022-11-25,0.3149890005588531,0.3168269991874695,0.3083139955997467,0.3164199888706207,205372207,0.24444444444444444,0.05711111111111112,0.31222222222222223,45.0,-0.004641963021755902,-0.004652770390009078,0.026158970606081425,0.05196577862305704,0.31529328652790617,0.3599915345509847,0.8758352801856011
2022-11-26,0.3137899935245514,0.3218970000743866,0.3122150003910064,0.3149529993534088,206097213,0.2222222222222222,0.043333333333333335,0.23666666666666666,18.0,-0.0038065044562648476,-0.0038137676317510764,0.025646250623906387,0.05167807277735104,0.3131901408944811,0.35749463438987733,0.8760694868301757
2022-11-27,0.3124539852142334,0.3191910088062286,0.3122879862785339,0.3137930035591125,167898046,-0.05555555555555555,0.04555555555555556,0.27444444444444444,18.0,-0.004257651097511639,-0.00426674070336749,0.01686143445920253,0.050916401818902515,0.31321113875934053,0.35442620019117993,0.8837132768130356
2022-11-28,0.3066999912261963,0.3137849867343902,0.3014039993286133,0.3124639987945556,268746809,0.16363636363636364,0.04072727272727273,0.3310909090909091,55.0,-0.01841549239351803,-0.018587168506967528,0.01533707487008531,0.0502041058517508,0.31351856674466816,0.3506569335858027,0.8940891701146212
2022-11-29,0.3093720078468323,0.3123700022697449,0.3049699962139129,0.3066970109939575,184241191,0.2727272727272727,0.06745454545454545,0.34818181818181815,55.0,0.008712150952314035,0.008674419156900422,0.012326634462451167,0.05013123524719823,0.31315428018569946,0.3474344342947006,0.9013334582722331
2022-11-30,0.3188830018043518,0.3206279873847961,0.3090580105781555,0.3093850016593933,272587134,0.19298245614035087,0.06894736842105263,0.308421052631579,57.0,0.030742904064637866,0.030279808336342313,0.015415629138658694,0.05061835623541505,0.31323513814381193,0.34451933403809865,0.9091946581702519
2022-12-01,0.3144840002059936,0.3194620013236999,0.3136230111122131,0.3188909888267517,205527704,0.2916666666666667,0.05479166666666666,0.3491666666666667,48.0,-0.013795033204865526,-0.013891068908773868,0.016224270713124805,0.05062399824327924,0.31295314005443026,0.3416220674912135,0.9160799896583947
2022-12-02,0.3194069862365722,0.3198420107364654,0.311832994222641,0.3144940137863159,189604155,0.3076923076923077,0.09634615384615385,0.4115384615384615,52.0,0.015654170092449737,0.015532907445312653,0.017208833939170127,0.05045784647058296,0.313584280865533,0.3393997669219971,0.9239378203156011
2022-12-03,0.3196539878845215,0.3255949914455414,0.3171299993991852,0.3194000124931335,228514876,0.5714285714285714,0.125,0.3514285714285714,14.0,0.0007733132291800615,0.0007730143765660443,0.01703749653783088,0.050397994369261914,0.31442199434552875,0.3370742330948512,0.9327974774537329
2022-12-04,0.3227500021457672,0.3236570060253143,0.3188340067863464,0.3196330070495605,174449332,0.375,0.0875,0.27625,16.0,0.009685517398782428,0.009638913455706949,0.016907472840622034,0.04784983880416205,0.3158928539071764,0.3337817331155141,0.9464054577182426
2022-12-05,0.3195169866085052,0.3287560045719147,0.3173210024833679,0.3227089941501617,202743238,0.17647058823529413,0.034509803921568626,0.2988235294117647,51.0,-0.010017089127088097,-0.010067597747020499,0.015175434811094426,0.04768233431617056,0.31772385324750624,0.33020779887835183,0.9621936681288238
2022-12-06,0.3184640109539032,0.3208560049533844,0.314312994480133,0.3195129930973053,162651156,0.11764705882352941,0.06019607843137255,0.37490196078431376,51.0,-0.003295523238932452,-0.0033009654355212283,0.015475818640452763,0.04683613359683976,0.3190227108342306,0.32738976577917733,0.9744431383643487
2022-12-07,0.3103199899196625,0.3190059959888458,0.3080610036849975,0.318477988243103,224226547,0.20833333333333334,0.025625,0.38187499999999996,48.0,-0.025572814365575347,-0.025905482544573175,0.014172961635505733,0.04690161692235588,0.31779942342213213,0.3242584655682246,0.9800805751215355
2022-12-08,0.3148429989814758,0.3156479895114898,0.3081380128860473,0.3103210031986236,164158396,0.17857142857142858,0.045178571428571436,0.3457142857142857,56.0,0.014575306808253696,0.014470107995277233,0.014873479846137025,0.044883230524634894,0.3178507089614868,0.32235876520474754,0.986015406652903
2022-12-09,0.3116770088672638,0.3162760138511657,0.3093680143356323,0.3148230016231537,158935988,0.3181818181818182,0.06977272727272726,0.28659090909090906,44.0,-0.010055774225420366,-0.010106675041958429,0.013556309956765896,0.034647127937972054,0.31674642648015705,0.32215343217055004,0.9832160543689925
2022-12-10,0.312606006860733,0.3148010075092315,0.3112600147724151,0.311708003282547,95343947,0.21052631578947367,0.001052631578947369,0.3136842105263158,19.0,0.0029806433167638424,0.0029762100066989643,0.013696895119764763,0.020050230687814783,0.31573957204818726,0.3202743987242381,0.9858408080879565
2022-12-11,0.3077110052108764,0.3149070143699646,0.3067420125007629,0.312620997428894,121149579,-0.14285714285714285,-0.005,0.3692857142857143,14.0,-0.015658693506927057,-0.015782585878438962,0.013086574998265038,0.01910654802818531,0.31359114391463144,0.31870919863382974,0.9839413021615403
2022-12-12,0.3069489896297455,0.3078080117702484,0.3026399910449981,0.3076989948749542,180119689,0.06521739130434782,0.01978260869565217,0.3302173913043478,46.0,-0.002476400155427383,-0.0024794715059353197,0.013086687971963513,0.017548557466468936,0.31179571577480863,0.31763603190581,0.9816131813007498
2022-12-13,0.3128649890422821,0.3180480003356933,0.3001750111579895,0.3069410026073456,304333274,0.32,0.08199999999999999,0.361,50.0,0.019273558840094962,0.019090176347670518,0.016156560641085095,0.01742408173010457,0.3109958555017199,0.3170606315135956,0.9808718730454693
2022-12-14,0.308133989572525,0.3152059912681579,0.306782990694046,0.3129160106182098,255357209,0.25,0.06136363636363637,0.27090909090909093,44.0,-0.015121536878380804,-0.015237033116723508,0.013934892124091644,0.01754044785625407,0.3106835697378431,0.31627013087272643,0.9823361089475393
2022-12-15,0.3002009987831116,0.3084929883480072,0.298361986875534,0.3081200122833252,221898095,0.19047619047619047,0.05261904761904762,0.310952380952381,42.0,-0.025745263612167224,-0.026082473201789403,0.014827680539818424,0.017716092361250317,0.3085918554237911,0.3150431970755259,0.9795223584841026
2022-12-16,0.2640700042247772,0.301146000623703,0.261786013841629,0.3002069890499115,415410448,0.1836734693877551,0.022448979591836737,0.34469387755102043,49.0,-0.12035601048895306,-0.1282380107391071,0.048409892662097644,0.028790127517692703,0.3017908547605787,0.31276613076527915,0.9649090009271591
2022-12-17,0.2669000029563904,0.2672480046749115,0.2602719962596893,0.2640239894390106,336512356,0.2857142857142857,0.06357142857142857,0.19357142857142856,14.0,0.010716850404577816,0.010659831973531065,0.04919574475569622,0.02883000168450673,0.2952614256313869,0.31083416442076367,0.9499001700202537
2022-12-18,0.2663350105285644,0.2706849873065948,0.2639980018138885,0.2669259905815124,178941855,0.23076923076923078,0.057692307692307696,0.3469230769230769,13.0,-0.002116869320223591,-0.0021191130551046116,0.049778071047048705,0.028771985616062916,0.28935056924819946,0.30883796513080597,0.9369009057084262
2022-12-19,0.2529439926147461,0.2692889869213104,0.2511399984359741,0.2663480043411255,225101432,-0.09302325581395349,0.019069767441860466,0.3113953488372093,43.0,-0.05027884951078232,-0.05158686327550357,0.05025198756201362,0.029776556546661847,0.2816355696746281,0.3063190311193466,0.9194191057783104
2022-12-20,0.2590070068836212,0.2614690065383911,0.2522099912166595,0.2529610097408294,187028227,0.1875,0.03625,0.355625,48.0,0.023969789541946396,0.023687023781668693,0.05098913736602818,0.029258183799359287,0.27394157222339083,0.3045423646767934,0.8995187665076457
2022-12-21,0.2531540095806122,0.2592009902000427,0.249219000339508,0.2589940130710602,204481179,0.2,0.0656,0.30579999999999996,50.0,-0.022597833832499137,-0.02285707789367778,0.050777350053523886,0.02920985216736148,0.2660872893674033,0.30282923181851706,0.8786710839291336
2022-12-22,0.2565230131149292,0.2567630112171173,0.2481759935617447,0.2531580030918121,174290867,0.16279069767441862,0.03465116279069767,0.27581395348837207,43.0,0.013308118405465086,0.013220343287928303,0.05315202883598792,0.028893339812893885,0.2598475771290915,0.30098259846369424,0.8633308983822711
2022-12-23,0.259429007768631,0.2623080015182495,0.2558139860630035,0.2565410137176513,178906111,0.15789473684210525,0.08263157894736842,0.30736842105263157,38.0,0.01132839747364045,0.011264711699492084,0.026203072600883285,0.028650405197091583,0.25918457763535635,0.29901966551939646,0.8667810432640052
2022-12-24,0.2593680024147033,0.2603900134563446,0.2573640048503876,0.259427011013031,90666010,0.3333333333333333,0.08666666666666667,0.5533333333333333,15.0,-0.0002351524004673422,-0.00023518005312820966,0.02560559011240824,0.028675287887622167,0.2581085775579725,0.2971166660388311,0.8687112069446805
2022-12-25,0.2592700123786926,0.2599050104618072,0.2552999854087829,0.2593710124492645,118238326,-0.125,-0.06937499999999999,0.443125,16.0,-0.0003778031025354345,-0.0003778744881079372,0.025636360595915272,0.028696073587431738,0.2570992921079908,0.29525936643282574,0.8707574469664904
2022-12-26,0.265296995639801,0.2653070092201233,0.2579900026321411,0.2592929899692535,151542330,0.15151515151515152,0.06515151515151515,0.3333333333333333,33.0,0.023245971278411215,0.022979899200519762,0.016272021599557034,0.029194826851877624,0.2588640068258558,0.29364293317000073,0.8815604858298766
2022-12-27,0.2603699862957001,0.2659690082073211,0.2574859857559204,0.2653059959411621,164331309,0.10526315789473684,0.04842105263157895,0.27052631578947367,38.0,-0.018571674105161917,-0.018746293001018714,0.016831910616722245,0.029291625262068285,0.2590587181704385,0.2919067998727163,0.8874706525623901
2022-12-28,0.2483779937028885,0.2608419954776764,0.2479639947414398,0.2603839933872223,209596269,0.17073170731707318,0.04365853658536586,0.39195121951219514,41.0,-0.046057507485491755,-0.04715188973390089,0.023639114103162443,0.030163543409233915,0.2583764301879065,0.289962733288606,0.8910677150043934
2022-12-29,0.2441399991512298,0.2484599947929382,0.2410939931869506,0.2483800053596496,214425739,0.02564102564102564,0.012564102564102564,0.2853846153846154,39.0,-0.01706268131277444,-0.017209926191335184,0.023008582394607038,0.03006887405718314,0.2566074281930923,0.2877883329987526,0.891653339519516
2022-12-30,0.2455569952726364,0.2459869980812072,0.240349993109703,0.2441260069608688,159952057,0.175,0.034499999999999996,0.33999999999999997,40.0,0.005804030991778841,0.005787252494543466,0.0223653431176849,0.02931984595120534,0.25462571212223595,0.28534413278102877,0.8923460582160772
2022-12-31,0.2464659959077835,0.2516860067844391,0.2444310039281845,0.2455769926309585,144122815,0.23076923076923078,0.03769230769230769,0.37846153846153846,13.0,0.003701790837348673,0.0036949560717024926,0.02263606967567165,0.029388405237403346,0.25278256833553314,0.2830768659710884,0.8929820791549624
2023-01-01,0.2497709989547729,0.2497709989547729,0.2442449927330017,0.2464140057563781,113369989,0.16666666666666666,0.008333333333333333,0.4816666666666667,6.0,0.013409570090252787,0.013320457561808982,0.023890490038690156,0.029329710976778382,0.2514255664178303,0.2807556663950284,0.895531583195439
2023-01-02,0.2538279891014099,0.2557669878005981,0.2473679929971695,0.249778002500534,159328803,0.3448275862068966,0.0696551724137931,0.32724137931034486,29.0,0.016242839095069073,0.016112335454141254,0.02264246861747042,0.029623719401460476,0.2497871369123459,0.2785614664355914,0.8967038410178004
2023-01-03,0.2527959942817688,0.2550620138645172,0.2505480051040649,0.2538000047206878,153555529,0.34146341463414637,0.07951219512195122,0.2990243902439024,41.0,-0.004065725073482018,-0.004074012604511041,0.02196880267936217,0.029452475669807892,0.24870513805321284,0.2762296661734581,0.9003563646818394
2023-01-04,0.2676770091056824,0.2695640027523041,0.2522439956665039,0.2527959942817688,289945179,0.15384615384615385,0.07884615384615384,0.30173076923076925,52.0,0.05886570657969781,0.05719824703853304,0.023340549813646985,0.031770174765948914,0.25146214025361197,0.27450166692336403,0.9160678077915487
2023-01-05,0.26910200715065,0.2702510058879852,0.2640640139579773,0.2676889896392822,175511469,0.13953488372093023,0.056511627906976745,0.37953488372093025,43.0,0.005323572800400855,0.0053094526775527805,0.020194018840676738,0.0318333042559747,0.2550281413963863,0.2728562667965889,0.9346611107396948
2023-01-06,0.278652012348175,0.2793590128421783,0.2681350111961365,0.2690899968147278,326480796,0.21153846153846154,0.052884615384615384,0.3126923076923077,52.0,0.03548842053853063,0.034873219307665564,0.02121158807437018,0.03242591021877971,0.25975600097860607,0.271800667544206,0.9556856623111826
2023-01-07,0.2771050035953522,0.280018001794815,0.2727659940719604,0.2786639928817749,166488086,0.5333333333333333,0.14400000000000002,0.38999999999999996,15.0,-0.005551758768172266,-0.005567227058257928,0.022506530655510625,0.0322469931915653,0.26413300207683016,0.2705427343646685,0.976307874972541
2023-01-08,0.2952179908752441,0.2952179908752441,0.2749840021133423,0.2770279943943023,391160515,0.625,0.14125000000000001,0.31875,8.0,0.065365067555192,0.06331752686034045,0.02840200348211062,0.03449558896485509,0.27062542949404034,0.2699941004316012,1.0023383068794092
2023-01-09,0.3171019852161407,0.3408809900283813,0.295414000749588,0.295414000749588,957174794,0.43478260869565216,0.10434782608695654,0.3282608695652174,46.0,0.07412825443333015,0.07150940649265579,0.03319063740852477,0.037001620986539925,0.27966457179614473,0.27014396637678145,1.035242709830078
2023-01-10,0.3224959969520569,0.3245179951190948,0.3091480135917663,0.3170779943466186,415469645,0.16666666666666666,0.07133333333333333,0.32116666666666666,60.0,0.017010337328035252,0.01686728154577252,0.030230512389681698,0.03698707967862347,0.28962171503475737,0.27063679943482083,1.0701490545246741
2023-01-11,0.322748988866806,0.3228720128536224,0.3087050020694732,0.3225019872188568,323983138,0.17543859649122806,0.0656140350877193,0.39421052631578946,57.0,0.0007844807908938822,0.0007841732466694221,0.030774892947043383,0.036979574580381605,0.2974891407149179,0.2711634660760562,1.0970841500878215
2023-01-12,0.3297579884529114,0.3337650001049042,0.318242996931076,0.3274869918823242,497343610,0.3392857142857143,0.08892857142857144,0.3173214285714286,56.0,0.02171656559084667,0.021484120236218634,0.0294786478315151,0.03702101455376735,0.3061542809009552,0.2717265660564105,1.1266998488377375
2023-01-13,0.3457710146903991,0.3493149876594543,0.3247630000114441,0.3297550082206726,365604016,0.14814814814814814,0.05907407407407407,0.4042592592592592,54.0,0.04855993424939986,0.04741773162353566,0.030263341882069802,0.03778882975316667,0.31574270980698715,0.27298113356033954,1.1566466359375551
2023-01-14,0.3525519967079162,0.3690379858016968,0.3430550098419189,0.3457390069961548,747126617,0.0,0.037083333333333336,0.36874999999999997,24.0,0.01961119275306733,0.01942137105182905,0.02649337038503474,0.03745809207560556,0.3265208516802106,0.2747261668244997,1.1885320406657818
2023-01-15,0.3503679931163788,0.353192001581192,0.3399760127067566,0.352620005607605,358086150,0.15789473684210525,0.07421052631578948,0.35526315789473684,19.0,-0.0061948410785681585,-0.0062141087210997505,0.026876391342822815,0.027841791506957935,0.33439942342894413,0.2776027664542198,1.2045968694771305
2023-01-16,0.3500399887561798,0.3627479970455169,0.3406609892845154,0.3504180014133453,398812791,0.46808510638297873,0.15574468085106383,0.3521276595744681,47.0,-0.0009361710163120485,-0.0009366094980819161,0.01833322573246254,0.027904496067799347,0.33910485250609257,0.28037409931421275,1.2094728198344056
2023-01-17,0.3457610011100769,0.356014996767044,0.3457440137863159,0.3500869870185852,296246243,0.1702127659574468,0.03319148936170213,0.3148936170212766,47.0,-0.012224282320736357,-0.012299613401627947,0.02075824357861144,0.02810604706562967,0.34242842452866684,0.2830216323335965,1.209901948855442
2023-01-18,0.3268350064754486,0.3546079993247986,0.3268339931964874,0.3457710146903991,461982437,0.15,0.0655,0.35866666666666663,60.0,-0.05473721609396598,-0.05629231193752941,0.03272151551675136,0.02846492154951539,0.34301214132990154,0.28548466612895324,1.201508108932769
2023-01-19,0.3390989899635315,0.3425450026988983,0.3267450034618377,0.3268409967422485,252071129,0.12903225806451613,0.06483870967741935,0.3041935483870968,62.0,0.037523469778639296,0.03683659434024191,0.03471478503023411,0.02880536684649545,0.344346570117133,0.2881543988982836,1.195007160861302
2023-01-20,0.3645859956741333,0.3647570013999939,0.3347040116786957,0.3390470147132873,365358670,0.37254901960784315,0.08019607843137255,0.37215686274509807,51.0,0.07516096026515084,0.07247038085034682,0.04071160451495108,0.0303865946370278,0.34703442454338074,0.2918687984347343,1.1890083023759124
2023-01-21,0.3690260052680969,0.3794249892234802,0.3591609895229339,0.3645890057086944,609231750,0.13333333333333333,0.10200000000000001,0.4046666666666667,15.0,0.012178223098651575,0.012104665141042952,0.04044968051165525,0.030385933378620278,0.34938785433769226,0.2956188981731732,1.1818860583568689
2023-01-22,0.3765940070152282,0.3855290114879608,0.364003986120224,0.369033008813858,604497889,0.4,0.08933333333333333,0.31533333333333335,15.0,0.02050804452556987,0.020300586162287505,0.040299202973101945,0.0304219085174227,0.35313442775181364,0.2995243981480598,1.1789838488457742
2023-01-23,0.3755039870738983,0.3823649883270263,0.3710219860076904,0.3765909969806671,526544110,0.1111111111111111,0.050555555555555555,0.360925925925926,54.0,-0.0028944165892842433,-0.0028986135133679067,0.040397181336680237,0.030463979813527508,0.35677214179720196,0.3033955976366996,1.1759305163828315
2023-01-24,0.3592970073223114,0.3825030028820038,0.3582949936389923,0.3753899931907654,382547334,0.29310344827586204,0.1067241379310345,0.35344827586206895,58.0,-0.04316060630375518,-0.044119724291934344,0.044871362780955694,0.03209641953845288,0.3587058569703783,0.3067298308014869,1.169452139797025
2023-01-25,0.3734099864959717,0.3785629868507385,0.3484080135822296,0.3593449890613556,396421939,0.07407407407407407,0.025185185185185185,0.28185185185185185,54.0,0.03927942311247823,0.03852761062135733,0.03667749611898721,0.0324224669064535,0.36535942554473877,0.3103335971633593,1.1773118633765391
2023-01-26,0.380059003829956,0.386597990989685,0.3722319900989532,0.3732869923114776,481117555,0.22807017543859648,0.04631578947368421,0.28842105263157897,57.0,0.017806211870169175,0.017649538386598985,0.03583232797182099,0.03193300997185435,0.37121085609708515,0.3143232310811678,1.1809844751857597
2023-01-27,0.3889789879322052,0.3892900049686432,0.3705399930477142,0.3800559937953949,360985598,0.09433962264150944,0.026792452830188683,0.32339622641509436,53.0,0.0234699981117672,0.023198812657590606,0.02660977554888041,0.02991241458164601,0.3746955692768097,0.3190099308888117,1.1745576955327035
2023-01-28,0.3823510110378265,0.3972249925136566,0.3797270059585571,0.3889929950237274,354272484,0.3333333333333333,0.096,0.3573333333333333,15.0,-0.017039421408371558,-0.017186262801251535,0.028333578613528154,0.02991153752518296,0.3765991415296282,0.3236169646183649,1.1637187870349879
2023-01-29,0.3963130116462707,0.3986749947071075,0.3782309889793396,0.3823460042476654,328417772,0.6923076923076923,0.19230769230769232,0.41307692307692306,13.0,0.036516185927027545,0.035865268716803435,0.030272649060554706,0.030097223807755154,0.37941614219120573,0.32864216516415273,1.1544962345342753
2023-01-30,0.3725109994411468,0.3976069986820221,0.3685890138149261,0.3966720104217529,398952288,0.3877551020408163,0.07591836734693878,0.30612244897959184,49.0,-0.06005861908558374,-0.061937766391943004,0.04018590419423611,0.03324047177055292,0.37898857252938406,0.3328436652819315,1.1386383821015973
2023-01-31,0.3909260034561157,0.3965669870376587,0.3694239854812622,0.37254598736763,466045236,0.3275862068965517,0.12931034482758622,0.3594827586206897,58.0,0.04943479264396422,0.04825172651785898,0.03886599913384762,0.03383081029594906,0.38350700054849896,0.33754883209864295,1.1361526513486069
2023-02-01,0.3972429931163788,0.4010570049285888,0.3727230131626129,0.3908630013465881,488339901,0.2708333333333333,0.10895833333333334,0.36000000000000004,48.0,0.016159041875995817,0.016029874185132093,0.03720659810302493,0.03383071447677932,0.3869117157799857,0.34232933223247525,1.1302324380349464
2023-02-02,0.3975630104541778,0.4129289984703064,0.3956640064716339,0.3971889913082123,551818110,0.19298245614035087,0.06403508771929825,0.31666666666666665,57.0,0.0008055959282968761,0.0008052716100649751,0.0370862944009026,0.0337478299239057,0.38941228815487455,0.3471548994382222,1.121724880694568
2023-02-03,0.404336005449295,0.4064370095729828,0.3967800140380859,0.397504985332489,379100047,0.40425531914893614,0.1274468085106383,0.34489361702127663,47.0,0.017036280581987917,0.0168927905520319,0.036685569258161035,0.03280283265006633,0.391606147800173,0.3517101993163426,1.113434152780842
2023-02-04,0.399726003408432,0.4052329957485199,0.3983339965343475,0.4042330086231231,264897945,0.09090909090909091,0.02136363636363636,0.33,22.0,-0.011401413623158274,-0.011466908034595713,0.036155131999800624,0.03309337790574664,0.3940882895674024,0.35606433252493536,1.1067895702240949
2023-02-05,0.3924719989299774,0.4016860127449035,0.3843370079994201,0.3997290134429931,340587829,0.3181818181818182,0.05136363636363636,0.3427272727272727,22.0,-0.018147442039297634,-0.01831412654337572,0.034546670881647,0.03331562231086271,0.39353957346507473,0.3598583320776621,1.093595835875057
2023-02-06,0.3824209868907928,0.4024190008640289,0.3816019892692566,0.3924770057201385,343275735,0.2978723404255319,0.09021276595744682,0.42851063829787234,47.0,-0.025609500974814403,-0.025943132663958045,0.025536462281733206,0.033876782151462476,0.3949552859578813,0.3633688648541768,1.0869266031264964
2023-02-07,0.3992100059986114,0.3992660045623779,0.3823829889297485,0.3824630081653595,371684529,0.2909090909090909,0.0770909090909091,0.3145454545454546,55.0,0.04390192924378655,0.04296554754209156,0.02403517313558132,0.03297942749785557,0.39613871489252356,0.36683526535828903,1.0798817679254848
2023-02-08,0.3940330147743225,0.4022339880466461,0.3871180117130279,0.3992129862308502,356894107,0.2641509433962264,0.08226415094339623,0.32433962264150945,53.0,-0.012968089843687136,-0.013052909619081923,0.023919904032541878,0.031106771105123512,0.3956801465579441,0.36939963301022843,1.0711438539707157
2023-02-09,0.3625310063362121,0.395235002040863,0.3589360117912292,0.3940730094909668,486448326,0.16129032258064516,0.04112903225806451,0.3143548387096774,62.0,-0.07994763701755492,-0.08332469427345497,0.03909215817079545,0.03515289027299762,0.3906755745410919,0.37073413332303357,1.053789061825291
2023-02-10,0.3586350083351135,0.3654339909553528,0.355787992477417,0.3624640107154846,357711042,0.16363636363636364,0.06218181818181818,0.3478181818181818,55.0,-0.01074666147999881,-0.010804823923206579,0.03688040771340413,0.03525185574994644,0.3841468606676374,0.3719303339719772,1.0328462767884392
2023-02-11,0.3692019879817962,0.3698669970035553,0.3577800095081329,0.3586559891700744,224047056,-0.05555555555555555,0.003888888888888888,0.305,18.0,0.029464439893187366,0.02903870574605663,0.04087876086606721,0.03541127060549107,0.3797862870352609,0.3732451339562734,1.0175250860196179
2023-02-12,0.3642959892749786,0.3736529946327209,0.361063003540039,0.3691659867763519,241295741,0.3157894736842105,0.07052631578947369,0.37,19.0,-0.013288115629159436,-0.01337719262801566,0.04078101384687146,0.03455631029188004,0.3757611427988325,0.37386263310909273,1.0050780942560413
2023-02-13,0.3596270084381103,0.3655290007591247,0.3468959927558899,0.3642919957637787,368832511,0.09433962264150944,0.0560377358490566,0.310377358490566,53.0,-0.012816448641557843,-0.012899287883882699,0.04026004639888343,0.03448980569985792,0.372504860162735,0.3740984668334325,0.9957401411339997
2023-02-14,0.3864409923553467,0.3921389877796173,0.3553909957408905,0.3595710098743438,476431370,0.24074074074074073,0.09833333333333333,0.3874074074074074,54.0,0.07456053991520739,0.07191177791921749,0.04732696094623287,0.03682325010145003,0.3706807153565543,0.3753009001413981,0.9876893852823078
2023-02-15,0.4181149899959564,0.4181149899959564,0.3825759887695312,0.386476993560791,478319555,0.3898305084745763,0.09847457627118643,0.33203389830508473,59.0,0.08196334826581841,0.07877730578938484,0.05645467056116785,0.03930210363585012,0.3741209975310734,0.37757006684939065,0.990865088042869
2023-02-16,0.3879019916057586,0.4191820025444031,0.3876869976520538,0.4180609881877899,552970408,0.2549019607843137,0.10529411764705883,0.3523529411764706,51.0,-0.07226002203482351,-0.07500378161642927,0.05424392228052625,0.04188700105843,0.37774542399815153,0.37897476653258005,0.9967561361784681
2023-02-17,0.4039430022239685,0.4093399941921234,0.3870519995689392,0.3878630101680755,403546665,0.2708333333333333,0.08166666666666667,0.38187499999999996,48.0,0.04135325666106149,0.040521075643330046,0.05448447368918603,0.040810555850665696,0.3842179945537022,0.38154503305753074,1.0070056251938377
2023-02-18,0.4063310027122497,0.4159469902515411,0.3984729945659637,0.4039280116558075,314618907,-0.19047619047619047,0.0066666666666666645,0.27999999999999997,21.0,0.005911726345384727,0.005894320655953425,0.05433387843569548,0.040421221576058146,0.3895221395151955,0.38378610014915465,1.0149459278588036
2023-02-19,0.4001069962978363,0.4116280078887939,0.399073988199234,0.4063059985637665,346665034,0.2,0.053000000000000005,0.3905,20.0,-0.015317576982480596,-0.015436102976535242,0.05451010616425969,0.038583149521091875,0.394637997661318,0.3849701335032781,1.025113283646347
2023-02-20,0.4040029942989349,0.4092299938201904,0.3920359909534454,0.4001510143280029,375569552,0.24,0.07100000000000001,0.34759999999999996,50.0,0.009737390340953667,0.009690287481408882,0.053350327962827175,0.03856623146298253,0.4009774242128644,0.3861360331376394,1.0384356542812847
2023-02-21,0.3924170136451721,0.4054850041866302,0.3877910077571869,0.4040429890155792,387686829,0.19672131147540983,0.06557377049180328,0.3426229508196721,61.0,-0.028677957384617647,-0.029097204900147517,0.04941880824917004,0.03885635907598989,0.40183114153998234,0.3866634666919708,1.0392270699318344
2023-02-22,0.3889209926128387,0.3927150070667267,0.3788279891014099,0.3924370110034942,383736395,0.21052631578947367,0.059298245614035086,0.36087719298245613,57.0,-0.00890894357474159,-0.0089488654975287,0.036084986510294854,0.03889497062714547,0.3976605704852512,0.3871107002099355,1.0272528511084669
2023-02-23,0.3830229938030243,0.3946340084075928,0.3807959854602813,0.3889259994029999,291434286,0.11320754716981132,0.028490566037735844,0.3313207547169811,53.0,-0.015165030743623853,-0.015281195749251844,0.022899169786544365,0.038084973254231984,0.3969635707991464,0.38790156642595924,1.023361608092183
2023-02-24,0.3658190071582794,0.3848980069160461,0.359807014465332,0.3829750120639801,396691064,0.3125,0.095625,0.40229166666666666,48.0,-0.0449163285836367,-0.04595632829074543,0.01930103616350921,0.03842293615095452,0.39151728578976225,0.38764853378136954,1.0099800506676873
2023-02-25,0.3623639941215515,0.3673349916934967,0.3538799881935119,0.3658440113067627,281884667,0.5652173913043478,0.14913043478260868,0.3595652173913043,23.0,-0.009444596833736996,-0.009489479863374593,0.01742097816107891,0.038295661294732886,0.3852362845625196,0.3870587001244227,0.9952916300258403
2023-02-26,0.3689729869365692,0.3698079884052276,0.3584780097007751,0.3623909950256347,207684310,0.1111111111111111,0.03944444444444444,0.18722222222222223,18.0,0.01823854721283591,0.018074219963205632,0.021776799277790356,0.03819257069560279,0.3807885689394815,0.3863918334245682,0.9854984914266296
2023-02-27,0.3648990094661712,0.3698930144309997,0.3588050007820129,0.368939995765686,232732125,0.2830188679245283,0.08603773584905659,0.30415094339622645,53.0,-0.011041397648707485,-0.011102806323171012,0.01971343613183947,0.03812392986948015,0.3752022853919438,0.38581010003884636,0.9725050882653552
2023-02-28,0.3524540066719055,0.3676069974899292,0.3496910035610199,0.364886999130249,240196843,0.08196721311475409,0.016229508196721313,0.30327868852459017,61.0,-0.0341053345485155,-0.03470049269081642,0.020500937768640416,0.03791170679007443,0.36949328439576284,0.3843481332063675,0.9613505373717305
2023-03-01,0.3603560030460357,0.3636679947376251,0.3505060076713562,0.3525260090827942,229659633,0.14814814814814814,0.06592592592592593,0.37833333333333335,54.0,0.022419936288271547,0.022172303950503663,0.024999726174133464,0.03655830833096308,0.3654125716005053,0.38394296665986377,0.9517365945766246
2023-03-02,0.3502059876918793,0.3610869944095611,0.3459819853305816,0.3603720068931579,245002411,0.1724137931034483,0.05758620689655172,0.3313793103448276,58.0,-0.028166633185960133,-0.02857092253695807,0.0258773230683668,0.03566135271162888,0.3607244278703417,0.3825856328010559,0.942859315519352
2023-03-03,0.3427369892597198,0.3506760001182556,0.3276219964027405,0.3502559959888458,396068284,0.07317073170731707,0.02048780487804878,0.35512195121951223,41.0,-0.021327443546541813,-0.02155815975943519,0.022022545273874455,0.03560574090737381,0.35742699674197603,0.3807687660058339,0.938698308927208
2023-03-04,0.3364990055561065,0.3443379998207092,0.3317309916019439,0.342752993106842,173055989,0.4666666666666667,0.12333333333333334,0.5286666666666666,15.0,-0.018200497463336962,-0.018368164043317335,0.022288629423090487,0.03567145799973321,0.3537319983754839,0.3787332991758982,0.9339870540699334
2023-03-05,0.3371019959449768,0.3425059914588928,0.3353210091590881,0.3364900052547455,171839723,0.26666666666666666,0.012,0.3253333333333333,15.0,0.0017919529594858652,0.0017903493272512403,0.019471373906736974,0.03544956282994573,0.3491789996623993,0.3764921655257543,0.9274535611512302
2023-03-06,0.3308210074901581,0.3384090065956116,0.3304100036621094,0.3370989859104156,225815313,0.02040816326530612,0.037551020408163265,0.3248979591836735,49.0,-0.018632308708857126,-0.018808076908448306,0.01957003176481731,0.03551343909045,0.344310713665826,0.3741953323284785,0.9201363136287894
2023-03-07,0.3304829895496368,0.3345009982585907,0.3230539858341217,0.3308599889278412,272117336,0.10909090909090909,0.027454545454545454,0.38072727272727275,55.0,-0.0010217547642628055,-0.0010222771114994497,0.01768337890028211,0.035452108155789565,0.3411719969340733,0.3721290320158005,0.9168110187102715
2023-03-08,0.3175770044326782,0.332408994436264,0.3156569898128509,0.3304699957370758,293562114,0.2,0.0392,0.369,50.0,-0.039051889280431906,-0.039834866558530815,0.014616406615899502,0.035814096847563225,0.33506071141787935,0.3699675659338633,0.9056488791716838
2023-03-09,0.3096779882907867,0.3214240074157715,0.3031519949436188,0.3176090121269226,444234076,0.14285714285714285,0.07979591836734694,0.32877551020408163,49.0,-0.024872758517268556,-0.02518731241435438,0.014262265530498242,0.034733555846468964,0.32927099721772324,0.3669831653436025,0.8972373348772832
2023-03-10,0.3153420090675354,0.3177340030670166,0.2984839975833893,0.3097479939460754,469881853,0.32608695652173914,0.06565217391304348,0.3291304347826087,46.0,0.01829003348933611,0.018124782746364233,0.019380859148428107,0.03505648285997661,0.32535742861883976,0.36436013182004295,0.8929556233104379
2023-03-11,0.307327002286911,0.3227939903736114,0.3045479953289032,0.3153339922428131,444484034,0.3448275862068966,0.06206896551724138,0.34310344827586203,29.0,-0.025416869779972262,-0.025745458162283026,0.019982405259489668,0.032219195030966694,0.3211899995803833,0.3625199983517329,0.8859924998365211
2023-03-12,0.3315390050411224,0.3315390050411224,0.3044080138206482,0.3073189854621887,375802348,0.3333333333333333,0.08600000000000001,0.5093333333333334,15.0,0.07878254293974396,0.07583313022791136,0.03932439888244815,0.035448891552084416,0.32039528659411837,0.3616167982419332,0.8860077522719607
2023-03-13,0.3445850014686584,0.3520779907703399,0.3286899924278259,0.3316029906272888,652883098,0.12727272727272726,0.06418181818181817,0.31872727272727275,55.0,0.039349808707780376,0.03859533370948826,0.04126435845748356,0.035784534113340226,0.3223615714481899,0.3607962320248286,0.8934726663830742
2023-03-14,0.3443079888820648,0.3684920072555542,0.3392319977283478,0.3445799946784973,594801973,0.21818181818181817,0.03545454545454546,0.3350909090909091,55.0,-0.0008039020427845767,-0.0008042253453124276,0.04125841132991542,0.035723902935185015,0.32433657135282246,0.3601299653450648,0.900609786919713
2023-03-15,0.3246369957923889,0.348033994436264,0.3177160024642944,0.3443939983844757,589352992,0.18,0.04100000000000001,0.3386,50.0,-0.05713196825187161,-0.05882895126584806,0.04520034980240053,0.03716740707041134,0.32534514154706684,0.35896363159020744,0.9063456933110164
2023-03-16,0.3253830075263977,0.3295080065727234,0.3200100064277649,0.324766993522644,342137034,0.20833333333333334,0.06145833333333334,0.33749999999999997,48.0,0.0022979874249633436,0.002295351089931379,0.0434908988137986,0.034370407985921315,0.32758871572358267,0.35692836542924244,0.9177996131790314
2023-03-17,0.3505240082740783,0.3505240082740783,0.3226380050182342,0.3254030048847198,413038577,0.35185185185185186,0.09888888888888889,0.33314814814814814,54.0,0.07726586873360608,0.07442622818610349,0.05051549125604537,0.03400877494490905,0.33261471561023165,0.35467533270517987,0.93780053175199
2023-03-18,0.3377110064029693,0.3565959930419922,0.3369880020618438,0.3505350053310394,367227473,0.2777777777777778,0.14222222222222222,0.3827777777777778,18.0,-0.036553849575662656,-0.037238682233614095,0.05222266308167341,0.032001537159910276,0.3369552876268114,0.35300229986508685,0.9545413379901251
2023-03-19,0.3460099995136261,0.3526990115642547,0.3377169966697693,0.3377169966697693,269005859,0.4666666666666667,0.12200000000000001,0.28800000000000003,15.0,0.024574245296447694,0.02427715585768344,0.045112789884193934,0.03134206570220711,0.33902257255145474,0.3510711997747421,0.965680388391249
2023-03-20,0.3325949907302856,0.3467400074005127,0.3321349918842315,0.3459599912166595,322120843,0.3076923076923077,0.10230769230769231,0.33442307692307693,52.0,-0.038770581203426246,-0.03954216926632512,0.04539921015705431,0.031882612612855514,0.33730971387454434,0.34861333270867667,0.9675754832831412
2023-03-21,0.3712359964847564,0.3842729926109314,0.3318080008029938,0.3326190114021301,685951110,0.25,0.058653846153846154,0.3063461538461538,52.0,0.1161803599916702,0.10991246379692386,0.06300233764180987,0.03826883330013632,0.3411565721035003,0.34765096604824064,0.9813192121438283
2023-03-22,0.3606129884719848,0.3869589865207672,0.3514809906482696,0.371192991733551,792747065,0.4126984126984127,0.12269841269841271,0.3944444444444445,63.0,-0.02861524236162749,-0.029032640321484643,0.05835227259901124,0.038495979970442594,0.34629599962915686,0.3462046325206757,1.0002639107045332
2023-03-23,0.3720450103282928,0.3843640089035034,0.3550519943237304,0.3605760037899017,435026934,0.2777777777777778,0.09296296296296297,0.3888888888888889,54.0,0.031701636440630176,0.031209513282313108,0.05832527562820735,0.03870276707017747,0.3529620000294276,0.3455255657434463,1.021522095680477
2023-03-24,0.3600830137729645,0.3727200031280517,0.357028990983963,0.3720600008964538,305578157,0.37777777777777777,0.08555555555555555,0.342,45.0,-0.03215201446935956,-0.03268024377866519,0.0553804184893397,0.03909494323743025,0.35432757224355427,0.34456429978211717,1.0283351248739665
2023-03-25,0.3519960045814514,0.3628759980201721,0.3499520123004913,0.3600989878177643,211460876,0.21052631578947367,0.03,0.2805263157894737,19.0,-0.022458735575380362,-0.022714773768477206,0.053835245815115354,0.039201709772432515,0.3563682862690517,0.3435300668080647,1.0373714579928164
2023-03-26,0.3562450110912323,0.3614110052585602,0.3497959971427917,0.3520010113716125,219918828,0.5833333333333334,0.12833333333333333,0.3666666666666667,12.0,0.012071178236336078,0.011998902617566662,0.0533350979207532,0.0384227222614681,0.35783043078013826,0.3432109336058298,1.042596245465474
2023-03-27,0.3455100059509277,0.3569889962673187,0.3387379944324493,0.3562529981136322,302198799,0.17307692307692307,0.09346153846153847,0.36096153846153844,52.0,-0.030133769754197237,-0.03059712395783806,0.05220865857103169,0.03877736026421181,0.3596754329545157,0.34264913400014235,1.0496901852796343
2023-03-28,0.3683539927005768,0.3694590032100677,0.3438090085983276,0.345564991235733,319572685,0.3448275862068966,0.07568965517241379,0.28051724137931033,58.0,0.06611671545307907,0.06402280891814294,0.03779613703496026,0.040452009901266545,0.35926371812820435,0.3426285008589426,1.0485517615363538
2023-03-29,0.3815889954566955,0.3895060122013092,0.3674310147762298,0.3683030009269714,472185946,0.1,0.03183333333333334,0.2985,60.0,0.035930118902978814,0.03529968876589665,0.037697207956270164,0.04089971114046627,0.3622602905545916,0.3431848337252934,1.0555836242010839
2023-03-30,0.376459002494812,0.3869290053844452,0.3708980083465576,0.3816100060939789,391063045,0.12244897959183673,0.04387755102040816,0.3283673469387755,49.0,-0.013443765472701319,-0.013534951061726747,0.03690624989110846,0.040433784257018844,0.36289086086409433,0.34398500025272366,1.0549612936537367
2023-03-31,0.3989230096340179,0.407938003540039,0.3750810027122497,0.3764959871768951,637648499,0.2619047619047619,0.07714285714285715,0.3742857142857143,42.0,0.059671855342376734,0.05795928976543821,0.038696737347269174,0.04155578566834343,0.36843943170138765,0.3452705671389897,1.0671035030711762
2023-04-01,0.3853879868984222,0.4012320041656494,0.3827530145645141,0.3988800048828125,355308379,0.05263157894736842,0.09263157894736844,0.32263157894736844,19.0,-0.03392890961093742,-0.03451785494215536,0.04079559409995667,0.041727330358998484,0.3732097148895263,0.34644330044587446,1.077260591875217
2023-04-02,0.381752997636795,0.3931959867477417,0.3773170113563537,0.3931959867477417,300032590,0.5714285714285714,0.09857142857142856,0.3764285714285714,14.0,-0.009432025349003115,-0.00947678859449673,0.04167680154205447,0.041538108909008414,0.37685371296746384,0.34774383405844367,1.0837106975249138
2023-04-03,0.3871389925479889,0.4034650027751922,0.3728750050067901,0.3817349970340729,617334084,0.21739130434782608,0.058478260869565216,0.30195652173913046,46.0,0.014108585772830473,0.014009985996611754,0.037674483993045495,0.04136809206588237,0.3828007110527583,0.3494318336248397,1.0954946693945018
2023-04-04,0.3896830081939697,0.3994449973106384,0.3857069909572601,0.3871519863605499,386367284,0.3728813559322034,0.08322033898305085,0.298135593220339,59.0,0.006571323723392419,0.006549826700194228,0.031241998636284535,0.04136578227683895,0.3858477132661001,0.3511845340331395,1.0987036041561262
2023-04-05,0.3923639953136444,0.3995940089225769,0.3879239857196808,0.3896889984607696,303259182,0.2857142857142857,0.04142857142857143,0.3812244897959184,49.0,0.0068799179417651235,0.006856359298951217,0.028865161444620487,0.04112471365711885,0.38738699895995,0.353235966960589,1.0966805059326568
2023-04-06,0.3832100033760071,0.3924680054187774,0.3777239918708801,0.3923769891262054,271945888,0.4107142857142857,0.08803571428571429,0.30375,56.0,-0.023330356625408277,-0.023606817819964307,0.030107894376276523,0.041457138318491786,0.38835142765726355,0.3549935340881347,1.0939676088884678
2023-04-07,0.3836430013179779,0.3849380016326904,0.3772059977054596,0.3832019865512848,191601659,0.10810810810810811,0.055945945945945944,0.2664864864864865,37.0,0.0011299233792338992,0.001129285496273126,0.017833154329523197,0.04059743601323461,0.38616856932640076,0.35719573398431137,1.0811119299184069
2023-04-08,0.3856349885463714,0.3902480006217956,0.3810870051383972,0.3836260139942169,202832134,0.16666666666666666,0.03388888888888889,0.30666666666666664,18.0,0.00519229393355336,0.0051788604557193585,0.012657792111309539,0.04016152206198568,0.3862038552761078,0.35972763399283086,1.0736007433996704
2023-04-09,0.3896929919719696,0.392753005027771,0.3852789998054504,0.3856649994850158,198718327,0.25,0.07083333333333335,0.3066666666666667,12.0,0.010522912977618093,0.010467932495727052,0.012386873373949977,0.040114739012422775,0.3873381401811327,0.3622060000896453,1.069386316309689
2023-04-10,0.3969889879226684,0.3974229991436004,0.3854900002479553,0.3897010087966919,259765415,0.21052631578947367,0.08631578947368422,0.35157894736842105,38.0,0.01872242021540793,0.01854931302528263,0.013157780763962623,0.0396785674316071,0.38874528237751554,0.3651947329441706,1.0644876481199013
2023-04-11,0.4014559984207153,0.4116309881210327,0.396263986825943,0.3970449864864349,445334495,0.22641509433962265,0.043018867924528296,0.39773584905660375,53.0,0.01125222772909007,0.011189392334086064,0.013445477695594454,0.03759849344479221,0.39042713812419344,0.367525299390157,1.0623136387400758
2023-04-12,0.4065630137920379,0.4093089997768402,0.3902699947357178,0.4014860093593597,372409439,0.2830188679245283,0.07169811320754718,0.35792452830188676,53.0,0.012721233189722181,0.012640998046265298,0.01380517411344664,0.03712726967301409,0.39245556933539255,0.36959123313426967,1.0618638488992957
2023-04-13,0.4257589876651764,0.428180992603302,0.4018740057945251,0.4048689901828766,517280941,0.3617021276595745,0.10574468085106382,0.3731914893617021,47.0,0.047215248859202585,0.0461344970613951,0.014784108881200526,0.037834176406910204,0.3985339956624167,0.37230626642704007,1.0704466499773955
2023-04-14,0.4383299946784973,0.4440799951553345,0.4251779913902282,0.4257439970970154,722237052,0.3508771929824561,0.09228070175438596,0.3392982456140351,57.0,0.029526110728182564,0.029098609697529382,0.014164032569757113,0.0359092789610513,0.4063464232853481,0.37609603305657696,1.0804326224419933
2023-04-15,0.4532800018787384,0.460561990737915,0.4328080117702484,0.4383380115032196,588188293,0.1111111111111111,-0.005,0.27555555555555555,18.0,0.03410674008564363,0.03353800101526981,0.013583405766818097,0.03613022496020781,0.4160099966185434,0.380359266201655,1.0937290966325175
2023-04-16,0.4517549872398376,0.4572660028934479,0.4442819952964782,0.4532659947872162,378398337,0.23076923076923078,0.1546153846153846,0.3738461538461539,13.0,-0.0033643986775944157,-0.003370070993019069,0.0164340701744425,0.03416294028412712,0.4248759959425245,0.3837336321671803,1.1072159444117209
2023-04-17,0.4341669976711273,0.4517579972743988,0.4331679940223694,0.4517579972743988,467653074,0.20408163265306123,0.053877551020408164,0.3461224489795919,49.0,-0.03893258528515764,-0.03971072188451677,0.028367715240242165,0.034279741006552227,0.43018714019230436,0.3869488318761189,1.1117416690639557
2023-04-18,0.4437519907951355,0.4477519989013672,0.429621011018753,0.4341950118541717,344714826,0.3333333333333333,0.06924242424242424,0.3245454545454546,66.0,0.02207674276354976,0.02183657972902494,0.02855251269032434,0.03424357671842917,0.4362294248172215,0.39020689825216925,1.117943908145136
2023-04-19,0.4157930016517639,0.4437260031700134,0.4120390117168426,0.4437260031700134,572007595,0.07547169811320754,0.04207547169811321,0.28962264150943395,53.0,-0.06300589005420199,-0.06507828284052888,0.041489446222999604,0.03575755189888821,0.4375479945114681,0.39298016528288515,1.1134098694179666
2023-04-20,0.4007309973239898,0.4216710031032562,0.3973990082740783,0.4157969951629638,446305606,0.4807692307692308,0.1346153846153846,0.36961538461538457,52.0,-0.03622476633310168,-0.03689717165421114,0.03896347917457565,0.03097653367936517,0.43397256731987,0.3939633319775263,1.1015557339854818
2023-04-21,0.3829390108585357,0.4064089953899383,0.3804149925708771,0.4007250070571899,423456899,0.0,0.02485714285714286,0.31885714285714284,35.0,-0.04439882760321967,-0.04541463666143576,0.037062376756778495,0.031688662762703095,0.426059569631304,0.3947075327237447,1.079431057956278
2023-04-22,0.3961530029773712,0.3985260128974914,0.3817180097103119,0.3829520046710968,263309100,0.4666666666666667,0.062000000000000006,0.358,15.0,0.03450677978514172,0.03392477186506099,0.03715444979006889,0.03177871005838266,0.4178985697882515,0.395511132478714,1.0566038107934734
2023-04-23,0.3889999985694885,0.3961189985275268,0.3819740116596222,0.3961189985275268,238675240,0.07692307692307693,0.0038461538461538455,0.2907692307692308,13.0,-0.018056166062412227,-0.018221167846305394,0.03651545113158816,0.03133975565877247,0.4089335714067731,0.39647503197193146,1.0314232635857978
2023-04-24,0.3839159905910492,0.3966079950332641,0.381285011768341,0.3889980018138885,282707626,0.16279069767441862,0.07046511627906978,0.29511627906976745,43.0,-0.013069429298548374,-0.01315558579042053,0.03566137356411349,0.03112159929922459,0.4017548561096191,0.39753903150558473,1.0106048067483284
2023-04-25,0.3949190080165863,0.3949730098247528,0.3777909874916076,0.3839139938354492,286897325,0.125,0.043333333333333335,0.268125,48.0,0.028659961281106483,0.02825694673033036,0.03690476843126223,0.0314256927496894,0.39477871571268347,0.39882816473642985,0.9898466322547143
2023-04-26,0.4014979898929596,0.4165779948234558,0.3824639916419983,0.3948900103569031,488881520,0.12244897959183673,0.06714285714285714,0.3140816326530612,49.0,0.016659066144764978,0.01652182600008372,0.031560620525425756,0.030838112450917932,0.3927365711757114,0.4006944308678309,0.9801398295581892
2023-04-27,0.4098429977893829,0.4178690016269684,0.4014739990234375,0.4015040099620819,398037704,-0.020833333333333332,0.015833333333333335,0.3104166666666667,48.0,0.020784681633519764,0.020571627259037967,0.029271317532744957,0.028932180145961276,0.3940382855279105,0.40207739770412443,0.9800060579825737
2023-04-28,0.4049319922924042,0.4106369912624359,0.3991599977016449,0.4098559916019439,231694651,0.13333333333333333,0.028,0.268,45.0,-0.011982650730810951,-0.012055021399386297,0.02179607705753669,0.02842807662999777,0.39718014001846313,0.4028554975986481,0.9859121754226645
2023-04-29,0.402783989906311,0.407489001750946,0.4019350111484527,0.4049179852008819,156258897,0.46153846153846156,0.09307692307692307,0.33615384615384614,13.0,-0.005304600345191091,-0.005318719691396312,0.018858884163227653,0.02831280431027431,0.3981274238654545,0.4037329971790314,0.9861156423855761
2023-04-30,0.3973540067672729,0.4145829975605011,0.3963460028171539,0.4027790129184723,227002470,0.21428571428571427,0.020714285714285716,0.45357142857142857,14.0,-0.013481129526278113,-0.01357282499109371,0.018078636859691022,0.026407641488729688,0.3993208536079952,0.4036806970834732,0.9891997722284539
2023-05-01,0.3868570029735565,0.3977470099925995,0.3816260099411011,0.3972809910774231,273072699,0.3409090909090909,0.07954545454545454,0.38181818181818183,44.0,-0.02641725920701332,-0.026772464671179826,0.020659528466235103,0.026095884263328956,0.39974099823406767,0.4037296642859777,0.9901204533509713
2023-05-02,0.391772985458374,0.3945469856262207,0.3830159902572632,0.3868510127067566,197535867,0.04,0.00020000000000000296,0.3362,50.0,0.01270749255417658,0.012627429920790268,0.017893549621094584,0.02612741299269659,0.3992915664400373,0.4040636638800303,0.9881897387303555
2023-05-03,0.3939419984817505,0.3961189985275268,0.3793840110301971,0.3917680084705353,262387946,0.06779661016949153,0.008813559322033896,0.30254237288135594,59.0,0.0055364027227111645,0.005521133178130312,0.016513430772142772,0.026025897671868074,0.3982121390955789,0.40429043074448906,0.9849655317398506
2023-05-04,0.3874480128288269,0.3960410058498382,0.3858900070190429,0.3939619958400726,173399725,0.2978723404255319,0.08148936170212766,0.2976595744680851,47.0,-0.016484623822672795,-0.016622007134587297,0.013476769476139537,0.02618599014033981,0.39501285552978516,0.4042159308989843,0.977232279418747
2023-05-05,0.3946839869022369,0.3966329991817474,0.3856689929962158,0.3874540030956268,213191196,0.1,0.011200000000000002,0.3102,50.0,0.018675987058441423,0.018503732193562362,0.01655304443379693,0.026379719896732195,0.39354885475976126,0.4042932639519374,0.9734242191246267
2023-05-06,0.3801189959049225,0.3967199921607971,0.376579999923706,0.394688993692398,226511291,0.3684210526315789,0.07157894736842106,0.44947368421052625,19.0,-0.03690291848836047,-0.03760106072658667,0.020993089610976266,0.026933077434682783,0.3903109984738486,0.40419023036956786,0.9656616344164753
2023-05-07,0.376906007528305,0.3834860026836395,0.3766120076179504,0.3800880014896393,156582718,0.0,0.02153846153846154,0.23076923076923078,13.0,-0.008452585667202861,-0.008488511355985438,0.020866766361202316,0.02697305963811976,0.3873898557254246,0.4039656639099121,0.9589672844368673
2023-05-08,0.3658280074596405,0.3796750009059906,0.3585630059242248,0.376895010471344,326851208,0.3137254901960784,0.07686274509803921,0.3007843137254902,51.0,-0.029391943475012283,-0.02983254148397502,0.021362811808649986,0.027467711604093323,0.3843857135091509,0.40330543120702106,0.9530883637216419
2023-05-09,0.3638060092926025,0.3695060014724731,0.3609000146389007,0.3657940030097961,196752939,0.24074074074074073,0.08425925925925926,0.3014814814814815,54.0,-0.005527182516940288,-0.005542513909261347,0.01946006374149552,0.02737737405383243,0.38039043119975496,0.4024425317843755,0.9452043488374737
2023-05-10,0.369937002658844,0.3726849853992462,0.3558509945869446,0.3637880086898803,339570773,0.3484848484848485,0.06272727272727274,0.3715151515151515,66.0,0.016852369696044533,0.016711943988559033,0.021369305293089235,0.02733116028953296,0.37696114608219694,0.40154079894224803,0.9387866614680261
2023-05-11,0.3600389957427978,0.3699570000171661,0.3512080013751983,0.3699570000171661,243032648,0.3880597014925373,0.07985074626865671,0.35119402985074627,67.0,-0.026755925589779794,-0.027120380966083848,0.022341211578379455,0.027570548422973663,0.3730455722127642,0.40016023218631747,0.9322404932009123
2023-05-12,0.3704630136489868,0.3705480098724365,0.3558019995689392,0.3600009977817535,262170427,0.32142857142857145,0.10196428571428572,0.3267857142857143,56.0,0.028952469119860824,0.028541264453535196,0.02470834666512879,0.028042899026795284,0.3695854331765856,0.3989568988482157,0.9263793513624523
2023-05-13,0.3650310039520263,0.3706420063972473,0.3633829951286316,0.3704740107059479,131504736,0.35,0.05500000000000001,0.2665,20.0,-0.014662758485540328,-0.014771319235697236,0.02162563814855827,0.026518903061719883,0.3674300057547432,0.39693263272444407,0.9256734656276498
2023-05-14,0.3707610070705414,0.3727940022945404,0.3639349937438965,0.3650270104408264,122914097,0.625,0.123125,0.358125,16.0,0.01569730531510727,0.015575376927513275,0.022993804319141803,0.02602740024570419,0.36655214854649126,0.3946803331375122,0.9287317298852571
2023-05-15,0.3674820065498352,0.3754650056362152,0.3674800097942352,0.3707869946956634,176627170,0.35185185185185186,0.08499999999999999,0.34203703703703703,54.0,-0.008843973498222524,-0.008883313551858642,0.01998715328679451,0.02495928338296414,0.3667884341308048,0.3918203999598821,0.9361136739392837
2023-05-16,0.3678300082683563,0.3700850009918213,0.362960010766983,0.367453008890152,168825148,0.3442622950819672,0.06491803278688525,0.4042622950819672,61.0,0.0009469898180549663,0.0009465417060798871,0.01980200024006519,0.024993317543203646,0.36736329112734106,0.3890229006608327,0.9443230475720105
2023-05-17,0.3754250109195709,0.3795289993286133,0.3651629984378814,0.3678410053253174,222726188,0.2222222222222222,0.07841269841269842,0.34031746031746035,63.0,0.020648132236327887,0.020437849261086938,0.020320099192766252,0.02467694223434734,0.3681472923074449,0.3870648344357808,0.9511256501616537
2023-05-18,0.372078001499176,0.3798089921474457,0.3671520054340362,0.3754410147666931,203250353,0.14285714285714285,0.05946428571428571,0.3008928571428572,56.0,-0.008915254239979076,-0.00895523290977392,0.01682533861515408,0.02416390409556997,0.3698671502726419,0.38467570145924884,0.9615038040343297
2023-05-19,0.3682149946689605,0.3726530075073242,0.3669410049915313,0.3720360100269317,133533511,0.203125,0.044687500000000005,0.36421875,64.0,-0.010382249997717419,-0.010436521522394023,0.013796882983577828,0.021454738934472584,0.3695460047040667,0.3830897678931554,0.9646459803309961
2023-05-20,0.3663569986820221,0.3683820068836212,0.3645119965076446,0.3682419955730438,118748065,0.32142857142857145,0.09821428571428571,0.38321428571428573,28.0,-0.005045954167642863,-0.00505872798321694,0.012602492594469078,0.02054197030741616,0.3697354325226375,0.38194396793842317,0.9680357946698771
2023-05-21,0.3603630065917969,0.3673979938030243,0.3583360016345978,0.3663519918918609,116595379,0.1,0.059,0.3875,20.0,-0.016361068880323737,-0.0164963891878373,0.012033002551502935,0.01911116891172532,0.36825000388281687,0.3811914344628652,0.9660500488467585
2023-05-22,0.3679969906806946,0.373212993144989,0.3572629988193512,0.3603819906711578,177956408,0.078125,0.017343749999999998,0.3646875,64.0,0.021184150285284753,0.02096288558836869,0.014969985508829301,0.018403814257279796,0.3683235730443682,0.38025290071964263,0.9686279114434163
2023-05-23,0.3704839944839477,0.3751780092716217,0.3665960133075714,0.3680039942264557,141912382,0.10344827586206896,0.02017241379310345,0.36551724137931035,58.0,0.006758217774153197,0.006735483392201628,0.015176571522824645,0.018229919337039373,0.36870271393230986,0.37963570058345797,0.9712013737529286
2023-05-24,0.3642340004444122,0.3705660104751587,0.3609839975833893,0.3704999983310699,175329362,0.17543859649122806,0.07280701754385965,0.3740350877192983,57.0,-0.01686980850074571,-0.01701372457399687,0.013725195700125904,0.018327411316364634,0.36710399815014433,0.37897963424523673,0.9686641839772115
2023-05-25,0.3584159910678863,0.3646219968795776,0.3557209968566894,0.3642190098762512,157069344,0.2972972972972973,0.06986486486486486,0.3068918918918919,74.0,-0.015973273690614187,-0.01610222141521158,0.014377522317835024,0.017597539117785048,0.3651522823742458,0.3777628670136134,0.9666177230730485
2023-05-26,0.3628840148448944,0.3663319945335388,0.3544839918613434,0.3584080040454864,173562194,0.1320754716981132,0.05622641509433962,0.27584905660377357,53.0,0.01246602799081531,0.01238896683399213,0.015569104904562554,0.017453141644671506,0.36439071382795063,0.3764757345120112,0.967899602613897
2023-05-27,0.3667739927768707,0.3672299981117248,0.3620820045471191,0.3628729879856109,106732324,0.2,0.051500000000000004,0.3445,20.0,0.010719617764477718,0.01066256998676421,0.01618991741059498,0.017074055983732624,0.364450284412929,0.37504010101159413,0.971763508568547
2023-05-28,0.3829990029335022,0.383745014667511,0.3664889931678772,0.366780012845993,223363707,0.3076923076923077,0.05730769230769231,0.4076923076923077,26.0,0.04423707917181052,0.0432865510093427,0.020993146163014804,0.019019157914184126,0.36768399817602976,0.3743090013662974,0.9823007110005766
2023-05-29,0.3791379928588867,0.3859469890594482,0.37636798620224,0.3830260038375854,190025476,0.37254901960784315,0.08274509803921568,0.3558823529411764,51.0,-0.010080992496175889,-0.010132149802369156,0.021254795912909873,0.019069611521980768,0.3692755699157715,0.3735208014647166,0.9886345511888549
2023-05-30,0.3779340088367462,0.3830679953098297,0.3755120038986206,0.3791289925575256,186645169,0.3275862068965517,0.06620689655172414,0.23344827586206898,58.0,-0.0031755826237879203,-0.0031806354863120815,0.021392372425655497,0.01894644235105818,0.37033985768045696,0.3728734682003657,0.9932051735079545
2023-05-31,0.3744029998779297,0.3803589940071106,0.3710030019283294,0.377936989068985,193309518,0.16176470588235295,0.027941176470588237,0.3101470588235294,68.0,-0.009342924627727234,-0.009386843515985933,0.020382807451675148,0.01841046603276453,0.37179257188524517,0.3724583347638448,0.9982125171691438
2023-06-01,0.3647240102291107,0.3754740059375763,0.3616920113563537,0.3744139969348907,235187863,0.24193548387096775,0.07370967741935484,0.32403225806451613,62.0,-0.025851795129779198,-0.026191825857199938,0.022302168422830265,0.01877365842361968,0.3726937174797058,0.3715567022562027,1.0030601391835992
2023-06-02,0.3783040046691894,0.3792600035667419,0.3631559908390045,0.3647089898586273,202740337,0.11864406779661017,0.06610169491525425,0.314406779661017,59.0,0.0372336179116588,0.0365571863357233,0.025701315858611785,0.020036964961675115,0.3748965731688908,0.371035435795784,1.0104063844059141
2023-06-03,0.3760280013084411,0.3783040046691894,0.3741309940814972,0.3782530128955841,114085774,0.17647058823529413,0.04235294117647059,0.35352941176470587,17.0,-0.006016334304307924,-0.006034505362302859,0.025963983789884206,0.01985108074382945,0.3762185743876866,0.37065476874510445,1.0150107488470175
2023-06-04,0.3776929974555969,0.3817349970340729,0.3753150105476379,0.3760400116443634,139910794,0.1,0.018000000000000002,0.3665,20.0,0.004427851493405299,0.004418077400514989,0.01937120232843244,0.019538044411743408,0.3754605736051287,0.37008840243021646,1.0145159133321537
2023-06-05,0.3520149886608124,0.3790220022201538,0.3482640087604522,0.3776910006999969,292202913,0.16363636363636364,0.04163636363636364,0.3441818181818182,55.0,-0.06798645716963114,-0.0704079334682467,0.032523835287299206,0.02234651830788322,0.3715858587196895,0.36915160218874615,1.0065941919702104
2023-06-06,0.3537150025367737,0.3565309941768646,0.3390690088272095,0.3520019948482513,262332330,0.1694915254237288,0.0676271186440678,0.34949152542372885,59.0,0.0048293792330511565,0.004817755190745725,0.03296558991453476,0.022356848110949092,0.36812600067683626,0.3683785686890284,0.9993143791912462
2023-06-07,0.3222779929637909,0.3536979854106903,0.3196260035037994,0.3536979854106903,388306759,0.3220338983050847,0.09983050847457627,0.3635593220338983,59.0,-0.08887666439795538,-0.09307700603182545,0.0456643697997226,0.027459875238159973,0.3606795711176736,0.3669269015391668,0.982973910075039
2023-06-08,0.3231570124626159,0.3302170038223266,0.3209480047225952,0.3222619891166687,249967035,0.19696969696969696,0.05954545454545455,0.328939393939394,66.0,0.002727519464612582,0.002723806533260366,0.04646133981399695,0.027487658273619955,0.35474142857960295,0.3655719349781672,0.9703738023565428
2023-06-09,0.295401006937027,0.3233799934387207,0.2916730046272278,0.3231619894504547,508063099,0.21052631578947367,0.04543859649122807,0.37017543859649127,57.0,-0.08589015387311105,-0.08980453299115178,0.046602436535843755,0.03133665185775919,0.342898143189294,0.36308740178744,0.9443955959398304
2023-06-10,0.2761940062046051,0.2953779995441437,0.2304199934005737,0.2953779995441437,1293643754,0.4,0.091,0.341,20.0,-0.06502009228599681,-0.06723023900027597,0.04592418288887041,0.033013427237541755,0.328636143888746,0.36029256880283356,0.9121368919173817
2023-06-11,0.2726300060749054,0.2794040143489837,0.2603119909763336,0.2760469913482666,507820127,0.1111111111111111,0.07055555555555555,0.39444444444444443,18.0,-0.012903973473846864,-0.01298795296792327,0.04325419738390841,0.03225401061595277,0.3136271451200758,0.35703146855036416,0.8784299781570497
2023-06-12,0.2750479876995086,0.2859340012073517,0.2666940093040466,0.2725830078125,431423925,0.32142857142857145,0.08785714285714286,0.33749999999999997,56.0,0.008869095736801835,0.008829996321450212,0.04624026945810799,0.032426572278540365,0.302631859268461,0.35403203467528027,0.8548149026853918
2023-06-13,0.2749859988689422,0.2874220013618469,0.2698929905891418,0.275054007768631,319427367,0.23333333333333334,0.05616666666666667,0.36133333333333334,60.0,-0.00022537460130089837,-0.00022540000197287003,0.045546077076008204,0.03213333467840021,0.29138485874448505,0.35083953440189364,0.8305359863198825
2023-06-14,0.2632260024547577,0.2769159972667694,0.2582210004329681,0.2749899923801422,244895035,0.14754098360655737,0.049999999999999996,0.37868852459016394,61.0,-0.04276580066823443,-0.043707195074084174,0.03850728200022655,0.032716751060781715,0.28294886010033743,0.34736433426539104,0.8145593320590038
2023-06-15,0.2619569897651672,0.2652539908885956,0.2534059882164001,0.2632339894771576,256333352,0.2222222222222222,0.04634920634920635,0.27809523809523806,63.0,-0.004821000500543682,-0.004832659008999453,0.037566962487102624,0.03266020486777276,0.2742059997149876,0.34383523364861807,0.7974924407985833
2023-06-16,0.2631849944591522,0.2668130099773407,0.2553530037403106,0.2619690001010895,175866740,0.1509433962264151,0.014150943396226415,0.3552830188679245,53.0,0.004687810373320778,0.004676856809087874,0.02833484438450015,0.032256090651936936,0.26960371221814833,0.3400938997666041,0.7927331610568993
2023-06-17,0.2669279873371124,0.2729139924049377,0.2611640095710754,0.2631869912147522,171716790,0.3333333333333333,0.10111111111111111,0.34777777777777774,18.0,0.014221908379131065,0.014121725781370926,0.019301642573011382,0.03260058510777373,0.26827999523707796,0.33658889929453534,0.7970553865542577
2023-06-18,0.2609629929065704,0.268664002418518,0.2602030038833618,0.2669230103492737,136453692,0.42857142857142855,0.19214285714285714,0.3628571428571429,14.0,-0.022346830282014007,-0.02260030403438386,0.020291575597310565,0.032667996084644005,0.26661327907017296,0.3330138325691223,0.8006072210674106
2023-06-19,0.263047993183136,0.2632449865341186,0.2579100131988525,0.2609679996967315,142015570,0.22641509433962265,0.053018867924528305,0.36264150943396223,53.0,0.007989639654815361,0.007957891476133778,0.02018597171506985,0.032842148783614196,0.2648989941392626,0.3295701990524928,0.8037710779094757
2023-06-20,0.2703289985656738,0.2703979909420013,0.2532309889793396,0.2630969882011413,214174021,0.45098039215686275,0.07745098039215687,0.3456862745098039,51.0,0.027679380079773885,0.027303231304150254,0.023919519338834783,0.033557099680168144,0.26423370838165283,0.32656906545162195,0.809120447511574
2023-06-21,0.2870000004768371,0.2886320054531097,0.2693980038166046,0.270330011844635,343644852,0.3469387755102041,0.11428571428571428,0.3557142857142857,49.0,0.06166930665824699,0.05984248700119559,0.026067891085406452,0.03547349793707525,0.2676299938133785,0.32386916577816005,0.8263521881446918
2023-06-22,0.2903130054473877,0.3043000102043152,0.2861790060997009,0.2869859933853149,340493541,0.16981132075471697,0.05566037735849057,0.3315094339622642,53.0,0.011543571306781075,0.011477452631467025,0.02498210964071315,0.03555321710084128,0.27168085319655283,0.32119679947694135,0.8458392289056939
2023-06-23,0.2964819967746734,0.3022379875183105,0.2880629897117615,0.2903429865837097,245002154,0.1836734693877551,0.06448979591836734,0.32244897959183677,49.0,0.021249448738195342,0.02102682740068911,0.02465283964703603,0.035902043307571276,0.27643756781305584,0.31893839935461676,0.8667428204707778
2023-06-24,0.290012001991272,0.2972660064697265,0.2859370112419128,0.2964850068092346,208155226,0.10526315789473684,0.07,0.3778947368421052,19.0,-0.021822555344966355,-0.02206418915229532,0.028805607947743908,0.035971398882087786,0.2797352841922215,0.31665826638539624,0.883398015739034
2023-06-25,0.2923249900341034,0.3030869960784912,0.2891179919242859,0.2900019884109497,225729335,0.5,0.11499999999999999,0.30722222222222223,18.0,0.00797549076227888,0.00794385463360785,0.02474467114022405,0.035897607065552506,0.28421556949615473,0.31430629889170325,0.904263040538311
2023-06-26,0.2803539931774139,0.2924599945545196,0.2782549858093261,0.2923089861869812,211210054,0.28,0.0542,0.301,50.0,-0.040950986965886615,-0.041813096922822736,0.03321331526795564,0.036273365031945635,0.2866878552096231,0.311425632238388,0.9205660213291987
2023-06-27,0.2865200042724609,0.289108008146286,0.2793309986591339,0.2803539931774139,196600613,0.38,0.0728,0.4,50.0,0.021993662459250274,0.02175529064609222,0.03276983823160041,0.03540669187071833,0.2890008560248783,0.30820966561635327,0.9376761609566608
2023-06-28,0.2671689987182617,0.2867850065231323,0.2649100124835968,0.2865259945392608,277304805,0.31746031746031744,0.06380952380952382,0.3126984126984127,63.0,-0.06753806109746419,-0.06992694448747992,0.03536197529846302,0.03707698971416794,0.2861678557736532,0.3044773658116658,0.9398657762648344
2023-06-29,0.2755639851093292,0.2778699994087219,0.2670080065727234,0.2671619951725006,195764456,0.2549019607843137,0.07549019607843137,0.3843137254901961,51.0,0.03142200791013283,0.030938440307142386,0.03801816965306048,0.037861277344501086,0.28406085286821636,0.30106503168741855,0.9435199142062543
2023-06-30,0.2869560122489929,0.2983100116252899,0.2726539969444275,0.275505006313324,517537042,0.14516129032258066,0.05274193548387097,0.4170967741935484,62.0,0.041340769314044845,0.04050908411038181,0.04104296954698072,0.038992265819438265,0.2826999979359763,0.29815013209978736,0.948180019056171
2023-07-01,0.2923400104045868,0.2928079962730407,0.2827500104904175,0.2869569957256317,227531987,0.3333333333333333,0.1391666666666667,0.3829166666666666,24.0,0.018762451127604107,0.01858860746399416,0.04104689894508083,0.03916292513706679,0.28303257056644987,0.2957373321056365,0.9570403863160281
2023-07-02,0.2920550107955932,0.2930929958820343,0.2877689898014068,0.2923519909381866,193472138,0.2,0.042,0.4653333333333334,15.0,-0.000974890876548673,-0.0009753663917346602,0.040938864985416705,0.03830113662680857,0.28299400210380554,0.29286236564318335,0.9663037498256052
2023-07-03,0.2963109910488128,0.2993089854717254,0.2911649942398071,0.2920419871807098,196367871,0.20967741935483872,0.05806451612903226,0.3606451612903226,62.0,0.014572529475271878,0.014467370557489648,0.03669530583931772,0.0385311692355645,0.28527357322829106,0.2902051319678624,0.9830066453128146
2023-07-04,0.292614996433258,0.3009479939937591,0.2912899851799011,0.2963339984416961,234604743,0.14285714285714285,0.04732142857142857,0.41250000000000003,56.0,-0.01247336321367154,-0.01255180860981191,0.036828418104880085,0.03846797386291542,0.28614428639411926,0.28736919860045107,0.9957374965295606
2023-07-05,0.2844710052013397,0.2955999970436096,0.2812899947166443,0.2926200032234192,231548975,0.2972972972972973,0.07945945945945945,0.32675675675675675,74.0,-0.027831763003219212,-0.028226406168867978,0.024309586070634208,0.03686490932643345,0.28861600160598755,0.28511773248513533,1.0122695599826805
2023-07-06,0.2797000110149383,0.2933529913425445,0.2770929932594299,0.2844620048999786,288260059,0.4126984126984127,0.08142857142857143,0.3325396825396825,63.0,-0.016771460356828527,-0.016913693849753535,0.023823738242857155,0.03683612218205859,0.28920686244964594,0.28265056610107414,1.0231957658497217
2023-07-07,0.2845250070095062,0.2852169871330261,0.2779540121555328,0.2796559929847717,208453044,0.5588235294117647,0.17558823529411763,0.38382352941176473,68.0,0.017250610670552335,0.01710350821459867,0.018611524487608784,0.03337309476425014,0.2888595759868621,0.2813921332359313,1.0265374965001945
2023-07-08,0.2906509935855865,0.2922050058841705,0.2826719880104065,0.2845189869403839,207964892,0.6111111111111112,0.1388888888888889,0.29888888888888887,18.0,0.02153057350026044,0.02130206483279575,0.019114212551756115,0.03367609872260188,0.2886182878698621,0.2803085992733637,1.0296447865603815
2023-07-09,0.2845909893512726,0.2915079891681671,0.2837670147418976,0.2906439900398254,182219306,0.1875,0.06625,0.35,16.0,-0.020849762663995297,-0.02107018822948832,0.020591935296824997,0.0297087699635988,0.287551999092102,0.27994826535383854,1.0271612104066898
2023-07-10,0.2879909873008728,0.2925859987735748,0.2796140015125274,0.2845979928970337,257987869,0.2537313432835821,0.055820895522388066,0.36716417910447763,67.0,0.011946962752933832,0.011876161145005077,0.020231077882886028,0.02704075672540256,0.28636342712811064,0.28034149805704744,1.0214806909173246
2023-07-11,0.292818009853363,0.293724000453949,0.2879999876022339,0.2879999876022339,198400377,0.06153846153846154,0.024,0.3576923076923077,65.0,0.016761019494847096,0.016622103705499897,0.02117519246481322,0.027038090276945845,0.28639242904526846,0.2810144315163294,1.0191377983682897
2023-07-12,0.2887580096721649,0.2948450148105621,0.2859019935131073,0.292820006608963,174629627,0.18666666666666668,0.06546666666666667,0.36933333333333335,75.0,-0.01386526799779575,-0.013962288681922213,0.018514207089135367,0.027170532573710153,0.28700485825538635,0.28147143224875126,1.0196589258186064
2023-07-13,0.3576579988002777,0.3584699928760528,0.2864449918270111,0.288780003786087,1078757677,0.04054054054054054,0.05675675675675676,0.3827027027027027,74.0,0.23860806218444597,0.2139882186112852,0.08057938674634998,0.04733430250842876,0.29814171365329195,0.28422716557979577,1.0489557289329183
2023-07-14,0.3288010060787201,0.3747099936008453,0.3193419873714447,0.3574849963188171,852132416,0.23376623376623376,0.09480519480519481,0.3648051948051948,77.0,-0.08068320244019445,-0.08412449615948138,0.09254690242401095,0.049408911116763266,0.3044668563774654,0.28641299903392786,1.063034350411585
2023-07-15,0.3263649940490722,0.3373709917068481,0.3255529999732971,0.3287799954414367,265031790,0.2608695652173913,0.08652173913043479,0.3721739130434783,23.0,-0.00740877304087284,-0.0074363543132244785,0.09314923292237086,0.049433446813560274,0.30956885644367765,0.288559932510058,1.0728061021877573
2023-07-16,0.3148840069770813,0.3274439871311188,0.3136470019817352,0.3263669908046722,298667636,0.14285714285714285,0.06071428571428572,0.2414285714285714,14.0,-0.035178365576378656,-0.035812029521381655,0.09430121678717415,0.050057099173333175,0.31389643039022175,0.29028323292732233,1.0813453716385037
2023-07-17,0.3124890029430389,0.3194659948348999,0.3066270053386688,0.3148930072784424,273592230,0.14754098360655737,0.048032786885245905,0.3772131147540984,61.0,-0.0076059881765183635,-0.00763506121788175,0.09467758056168867,0.05009264145174376,0.31739614691053114,0.29180193344751987,1.0877109111671268
2023-07-18,0.3073990046977997,0.3135899901390075,0.3024350106716156,0.3124400079250335,287022077,0.23636363636363636,0.06345454545454544,0.38636363636363635,55.0,-0.01628856758894337,-0.01642268468379251,0.09521141035107593,0.049986779497505865,0.3194791461740221,0.2933498005072276,1.0890723144233083
2023-07-19,0.323513001203537,0.3258419930934906,0.3074089884757995,0.3077020049095154,451977716,0.1774193548387097,0.06999999999999999,0.3141935483870968,62.0,0.05242045764454817,0.05109270903397427,0.0960025644658018,0.050676744965755416,0.32444414496421814,0.2953653007745743,1.0984504412447456
2023-07-20,0.3160929977893829,0.3315599858760834,0.3113450109958648,0.3234600126743316,412101582,0.3333333333333333,0.0780701754385965,0.35333333333333333,57.0,-0.022935719388556652,-0.023202835233212055,0.04023107386946382,0.05081418982642259,0.31850628767694744,0.2968907674153646,1.0728063066755515
2023-07-21,0.313291996717453,0.3180629909038543,0.3110679984092712,0.3160449862480163,207721960,0.3939393939393939,0.11151515151515151,0.35393939393939394,66.0,-0.008861319584802185,-0.008900814568755452,0.02756917034365745,0.04980572711326065,0.31629071491105215,0.29776716729005176,1.0622081601191335
2023-07-22,0.3097720146179199,0.3148100078105926,0.3073559999465942,0.3133159875869751,179065530,0.0,-0.007499999999999998,0.28125,16.0,-0.011235467667269017,-0.011299062326633746,0.027620248166303978,0.04984439362504979,0.3139202892780304,0.2984158009290695,1.0519559899331408
2023-07-23,0.3171629905700683,0.3185270130634308,0.3083780109882355,0.3098410069942474,168560213,0.17647058823529413,0.018823529411764708,0.30470588235294116,17.0,0.02385940499261885,0.023579217378938366,0.026558986827404457,0.04987986918636237,0.3142458583627428,0.299105167388916,1.0506199578763542
2023-07-24,0.305308997631073,0.3185960054397583,0.3014310002326965,0.3171600103378296,245375061,0.1875,0.059687500000000004,0.38296875,64.0,-0.03737508250155219,-0.03809143682749445,0.030428008000636168,0.05023381637810635,0.31322014331817627,0.29961506724357606,1.045408517668238
2023-07-25,0.3040170073509216,0.3073430061340332,0.3023310005664825,0.305307000875473,177902317,0.25806451612903225,0.07500000000000001,0.35,62.0,-0.004231746493474242,-0.004240725673362104,0.02989750958735348,0.05023096216059001,0.31273700084005085,0.30000480115413664,1.0424399864166596
2023-07-26,0.306641012430191,0.3102999925613403,0.3008849918842315,0.3040049970149994,211751643,0.33962264150943394,0.0769811320754717,0.3475471698113208,53.0,0.00863111278587314,0.008594077682109147,0.020142033838820947,0.049577655811914007,0.3103267167295728,0.3008810351292292,1.0313934096786348
2023-07-27,0.3075250089168548,0.3130249977111816,0.3059859871864319,0.3066009879112243,168357194,0.3728813559322034,0.12576271186440677,0.4213559322033898,59.0,0.002882838403310606,0.0028786909936434233,0.019174984142258458,0.04945087378545939,0.3091027183192116,0.30158120195070903,1.024940269220533
2023-07-28,0.3102009892463684,0.3126960098743438,0.3067449927330017,0.3075189888477325,146065281,0.1320754716981132,0.03773584905660377,0.2884905660377358,53.0,0.008701667350368592,0.008664026046820154,0.01956082609005621,0.04753401848568659,0.3086611458233424,0.30301560163497926,1.0186311997068849
2023-07-29,0.3127650022506714,0.3142479956150055,0.309264987707138,0.3101969957351684,150822871,0.3125,0.038125,0.238125,16.0,0.008265650636808841,0.008231677226427012,0.019307525992780357,0.04728652881050934,0.30908871548516403,0.30425563553969065,1.0158849315540217
2023-07-30,0.3156329989433288,0.3178060054779053,0.3073790073394775,0.3127569854259491,184419569,0.2,0.042499999999999996,0.281,20.0,0.009169813348741673,0.009128025871635602,0.017194439695403387,0.0468007114960973,0.30887014525277273,0.3052115350961685,1.011987129370623
2023-07-31,0.3074879944324493,0.3177199959754944,0.306894987821579,0.3155820071697235,193109898,0.1935483870967742,0.05370967741935484,0.305,62.0,-0.02580530089739419,-0.02614409890698083,0.01292648624924449,0.04700485105637733,0.3091814305101122,0.3057164678970973,1.0113339089544278
2023-08-01,0.3099510073661804,0.3099510073661804,0.2991270124912262,0.3074850142002105,255356878,0.2807017543859649,0.0431578947368421,0.3977192982456141,57.0,0.008010110893198474,0.00797820024688462,0.01292333554775097,0.04701580734648777,0.3100291447980063,0.30631300111611687,1.0121318509771013
2023-08-02,0.2993890047073364,0.311268001794815,0.2990129888057709,0.3099980056285858,225428320,0.2459016393442623,0.07868852459016393,0.3424590163934426,61.0,-0.034076361772768515,-0.03467049734840354,0.018716342896598206,0.04742005044780907,0.3089931436947414,0.30641560157140096,1.0084119154185425
2023-08-03,0.2925759851932525,0.3010239899158478,0.2909190058708191,0.2993929982185364,308202642,0.015151515151515152,-0.00030303030303030205,0.4125757575757576,66.0,-0.02275641191547395,-0.02301933551297045,0.01979266939767923,0.04755652735235686,0.3068575688770839,0.30641430119673413,1.001446628563414
2023-08-04,0.2933880090713501,0.2968809902667999,0.2908990085124969,0.2925190031528473,209059217,0.16666666666666666,0.053703703703703705,0.32944444444444443,54.0,0.0027754290139747617,0.0027715846224500513,0.019123545174043632,0.047258012837384185,0.30445571456636694,0.3067115346590678,0.9926451409947514
2023-08-05,0.293628990650177,0.2936649918556213,0.2904660105705261,0.2933880090713501,171376888,0.0625,0.029375,0.229375,16.0,0.0008213750098025052,0.0008210378659508665,0.018263539807522673,0.04713659491139319,0.3017219986234392,0.3071758339802424,0.9822452330115461
2023-08-06,0.2920820116996765,0.2953140139579773,0.290798008441925,0.2936339974403381,162499505,0.35294117647058826,0.07588235294117647,0.4235294117647059,17.0,-0.005268481654604473,-0.005282409043074641,0.016614825206967797,0.04706015879395289,0.29835757187434603,0.3074277341365814,0.9704966037377559
2023-08-07,0.2902959883213043,0.2951839864253998,0.2844060063362121,0.2920799851417541,261829458,0.3888888888888889,0.10462962962962964,0.3788888888888889,54.0,-0.006114801003933801,-0.006133572963245114,0.015256521806945192,0.04691584383024466,0.29590157100132536,0.307415900627772,0.9625447818316055
2023-08-08,0.2977449893951416,0.3020919859409332,0.2896150052547455,0.2903090119361877,325442761,0.32727272727272727,0.08018181818181819,0.3287272727272727,55.0,0.025660020715107423,0.025336328010022877,0.01922301508436565,0.04696358381649399,0.2941578541483198,0.307854367295901,0.9555097649973681
2023-08-09,0.3011400103569031,0.3018819987773895,0.2964890003204345,0.297773003578186,237656101,0.273972602739726,0.07260273972602739,0.31616438356164384,73.0,0.011402445322953536,0.011337927421306843,0.01510733879675414,0.04695958827441949,0.2944079978125436,0.30829266806443534,0.9549626971699835
2023-08-10,0.2961300015449524,0.3013330101966858,0.2960909903049469,0.3011580109596252,193645057,0.25,0.04783333333333333,0.3401666666666667,60.0,-0.016636808924901603,-0.016776754972167424,0.013570750153523818,0.04698432461047672,0.294915714434215,0.3084030677874883,0.9562671232486991
2023-08-11,0.2934499979019165,0.2971670031547546,0.2925240099430084,0.2961469888687134,134863796,0.19642857142857142,0.07214285714285715,0.4023214285714286,56.0,-0.009050091611974231,-0.009091292460418988,0.014146739971637123,0.046941467170018444,0.2949245699814388,0.30855946739514667,0.9558111195588538
2023-08-12,0.2918370068073272,0.2943289875984192,0.2910760045051574,0.2934480011463165,116090863,-0.2,-0.076,0.32,20.0,-0.005496647149843992,-0.005511809300976795,0.014289509136342794,0.024047952345603,0.2946685722896031,0.306365434328715,0.961820555687879
2023-08-13,0.2895309925079345,0.2931970059871673,0.2877770066261291,0.2918339967727661,138807073,0.47368421052631576,0.11473684210526316,0.3889473684210526,19.0,-0.007901719951901587,-0.007933103975501595,0.014459891957214203,0.019115238578471368,0.2943041409764971,0.3050564338763555,0.9647531023580493
2023-08-14,0.2906109988689422,0.2920739948749542,0.2878159880638122,0.2895289957523346,136047668,0.2631578947368421,0.06614035087719299,0.373859649122807,57.0,0.0037301925837114336,0.0037232526681493156,0.014385165839655182,0.019159418640248536,0.2943491424833025,0.3038646340370178,0.9686850969548629
2023-08-15,0.2818169891834259,0.2906450033187866,0.2780449986457824,0.2906160056591034,188931464,0.26785714285714285,0.07821428571428571,0.3260714285714286,56.0,-0.030260415881513736,-0.030727713510167266,0.013614992903343719,0.01888766678399105,0.29207371388162884,0.30276240011056266,0.9646961240067111
2023-08-16,0.2745319902896881,0.2826069891452789,0.2676500082015991,0.2818169891834259,246639932,0.2222222222222222,0.06430555555555556,0.3501388888888889,72.0,-0.025850105470384577,-0.0261900913593886,0.012102900256649764,0.01931988806877604,0.288272568157741,0.30149716635545093,0.9561369071637683
2023-08-17,0.2559579908847809,0.2778559923171997,0.2457949966192245,0.274524986743927,352479738,0.08695652173913043,0.03130434782608696,0.3698550724637681,69.0,-0.06765695824850071,-0.07005446146907436,0.02480382764799768,0.022669668287270406,0.2825337094920022,0.299782465895017,0.9424624240396525
2023-08-18,0.2638919949531555,0.2667779922485351,0.255605012178421,0.2559829950332641,268892871,0.4074074074074074,0.07777777777777778,0.3764814814814815,54.0,0.03099728998867679,0.030526576504381665,0.03153456916081499,0.021139699959448557,0.2783111376421792,0.2977950990200043,0.9345725922221565
2023-08-19,0.2683779895305633,0.2694390118122101,0.2610200047492981,0.2638989984989166,144989107,-0.14285714285714285,-0.030476190476190476,0.3242857142857143,21.0,0.016999358310221258,0.016856486102822914,0.03373269307186973,0.021331539220006412,0.27495984945978436,0.2962045987447103,0.928276774314243
2023-08-20,0.2707090079784393,0.2725450098514557,0.2653819918632507,0.2683860063552856,147916643,0.29411764705882354,0.06823529411764706,0.29470588235294115,17.0,0.00868557981208995,0.00864807716214111,0.034633660062629086,0.02147392041191231,0.2722709945269993,0.2947851657867432,0.9236251552901026
2023-08-21,0.2631790041923523,0.2718839943408966,0.2616469860076904,0.2707040011882782,182615915,0.12962962962962962,0.004259259259259259,0.29814814814814816,54.0,-0.027815859702336576,-0.028210047713406197,0.034688921544651787,0.02186687834833793,0.2683521381446293,0.29323206543922425,0.9151527741097211
2023-08-22,0.2583659887313843,0.2632800042629242,0.2523030042648315,0.2631460130214691,212444186,0.171875,0.02734375,0.3175,64.0,-0.01828799176339413,-0.018457284274734385,0.03401594091690523,0.021282692964372938,0.2650019952229091,0.29127216537793477,0.9098088548181757
2023-08-23,0.2679649889469147,0.2692840099334717,0.2582490146160126,0.2583709955215454,193068301,0.26153846153846155,0.07061538461538461,0.3067692307692308,65.0,0.03715272378792167,0.036479193030279675,0.03781952174010258,0.021853253851962254,0.26406385217394146,0.29002736508846283,0.9104790925276927
2023-08-24,0.2658840119838714,0.2710210084915161,0.2625589966773987,0.2679730057716369,166177312,0.28169014084507044,0.08394366197183098,0.34774647887323945,71.0,-0.007765853931968381,-0.007796165206213378,0.02453567999790699,0.021862285847507646,0.26548185518809725,0.2887562652428945,0.9193977313869903
2023-08-25,0.2610799968242645,0.2700639963150024,0.2597070038318634,0.2658840119838714,226745372,0.3090909090909091,0.07581818181818181,0.41654545454545455,55.0,-0.018068085868578998,-0.018233306909765636,0.02310475444013804,0.021858267432513172,0.26508014116968426,0.28723756472269696,0.9228602861383963
2023-08-26,0.2609530091285705,0.2616139948368072,0.2584550082683563,0.2610749900341034,131669884,0.3,0.055499999999999994,0.3315,20.0,-0.0004863938150707625,-0.00048651214291327484,0.02169109051820247,0.021823127369237742,0.26401942968368525,0.28568516472975414,0.9241621976886208
2023-08-27,0.2634460031986236,0.26494100689888,0.2603130042552948,0.2609550058841705,144926713,0.3888888888888889,0.09444444444444444,0.36666666666666664,18.0,0.009553421431614195,0.009508076074536808,0.021776986419047822,0.021842518336584727,0.26298185757228304,0.2841266651948293,0.9255796438252389
2023-08-28,0.2674340009689331,0.2676059901714325,0.258774995803833,0.2634530067443847,162632681,0.2641509433962264,0.05132075471698114,0.3350943396226415,53.0,0.015137818459529884,0.015024385009772424,0.019766393084167767,0.02202364620580482,0.2635897142546518,0.28261563181877136,0.9326791747445872
2023-08-29,0.2724489867687225,0.278573989868164,0.2605639994144439,0.267421007156372,338279148,0.25,0.07906250000000001,0.369375,64.0,0.018752237118764725,0.018578581515324058,0.01818007314743829,0.022301774532560083,0.2656015711171286,0.2811761647462845,0.9446091255878343
2023-08-30,0.2656539976596832,0.2728219926357269,0.2613970041275024,0.2724640071392059,217687329,0.07272727272727272,0.02618181818181818,0.3352727272727273,55.0,-0.024940408806905956,-0.025256690679586243,0.016742921097308214,0.022273201584569562,0.26527142950466703,0.2797816981871923,0.9481371770328704
2023-08-31,0.2553730010986328,0.2661640048027038,0.2525239884853363,0.2656759917736053,203402067,0.10344827586206896,0.04689655172413793,0.32982758620689656,58.0,-0.038700703364610844,-0.03946947559128633,0.02220102879399775,0.023001744607213968,0.2637698565210615,0.27796243131160736,0.9489406725809093
2023-09-01,0.2551850080490112,0.258558988571167,0.2526789903640747,0.2553679943084717,174494416,0.2222222222222222,0.07796296296296296,0.3261111111111111,54.0,-0.0007361508413687989,-0.0007364219334506973,0.021537979255452082,0.022392747794580416,0.26292771526745384,0.27648896475632984,0.9509519322016069
2023-09-02,0.2562299966812134,0.2571969926357269,0.2542740106582641,0.25518798828125,116288308,0.0,0.014545454545454544,0.41181818181818186,11.0,0.004095023607348924,0.004086661818219406,0.02170493184813762,0.02220020743268209,0.26225299920354567,0.27527743180592856,0.9526861591343051
2023-09-03,0.2557930052280426,0.2566129863262176,0.2535929977893829,0.2562420070171356,99655432,0.4166666666666667,0.1075,0.5691666666666667,12.0,-0.0017054656317794237,-0.0017069215939210926,0.021065930437508342,0.02216519935875391,0.26115971377917696,0.2740242650111516,0.9530532406265149
2023-09-04,0.2561460137367248,0.2594659924507141,0.2540099918842315,0.2557989954948425,96786285,0.3448275862068966,0.07965517241379311,0.3603448275862069,58.0,0.0013800553629974566,0.0013791039618185948,0.01956731732575152,0.022170114245840974,0.25954714417457575,0.2727748324473699,0.9515069328276599
2023-09-05,0.2576139867305755,0.2582559883594513,0.2543689906597137,0.2561460137367248,91567308,0.18032786885245902,0.04967213114754099,0.3365573770491804,61.0,0.0057310007383504225,0.005714641028863256,0.017333157127198826,0.022248402605136663,0.2574278584548405,0.2716258982817331,0.9477294325883232
2023-09-06,0.2576670050621032,0.2592659890651703,0.2533980011940002,0.2576209902763366,116742728,0.36231884057971014,0.07869565217391304,0.33449275362318837,69.0,0.00020580532990677192,0.00020578415489509993,0.015702826709532634,0.022259366910805354,0.2562868595123291,0.27053826550642646,0.9473220323660321
2023-09-07,0.2577199935913086,0.2591310143470764,0.2534120082855224,0.257669985294342,112745360,0.2857142857142857,0.06952380952380952,0.3196825396825397,63.0,0.0002056473206284437,0.0002056261781167538,0.0026722030676986698,0.0215808052536379,0.2566221441541399,0.269204098979632,0.9532623950631449
2023-09-08,0.2543700039386749,0.2591080069541931,0.2530269920825958,0.2577399909496307,100457117,0.36666666666666664,0.07933333333333333,0.3145,60.0,-0.012998563308774802,-0.013083783935504948,0.006109850329550463,0.021410534872146787,0.25650571499552044,0.26764509876569104,0.9583800195798746
2023-09-09,0.253491997718811,0.2556320130825043,0.253371000289917,0.2543779909610748,58257359,0.0,0.030909090909090907,0.28909090909090907,11.0,-0.0034516892961782286,-0.0034576601192536694,0.005833952274023871,0.02130919582502892,0.2561145722866058,0.26622383197148636,0.9620272174357278
2023-09-10,0.2490520030260086,0.2534950077533722,0.2454610019922256,0.2534950077533722,130899937,-0.1875,-0.009375000000000003,0.2475,16.0,-0.01751532487320362,-0.01767053319569,0.008447275313038773,0.021420741496186134,0.25515157197202953,0.2647438988089561,0.9637675244639026
2023-09-11,0.2418729960918426,0.2493820041418075,0.2376260012388229,0.2490399926900863,135478337,0.3275862068965517,0.07948275862068967,0.2925862068965517,58.0,-0.02882533305068946,-0.0292489432949967,0.012342464189290739,0.021856378919680494,0.25311256945133204,0.26307843178510665,0.9621182843984902
2023-09-12,0.2458699941635131,0.2513310015201568,0.2411019951105117,0.2418680042028427,120715898,0.3611111111111111,0.07333333333333333,0.3609722222222222,72.0,0.016525193536498728,0.01639013836988271,0.014768190215803475,0.02223992868297552,0.25143485622746603,0.26162306517362593,0.9610576806773573
2023-09-13,0.2488840073347091,0.2497150003910064,0.243924006819725,0.2458689957857132,103707077,0.26153846153846155,0.06861538461538462,0.3283076923076923,65.0,0.012258564455781329,0.012184036705189428,0.016310493513225745,0.022413219657244656,0.2501801422664097,0.2602321654558182,0.9613728642199111
2023-09-14,0.2511810064315796,0.2522650063037872,0.2469280064105987,0.2488840073347091,111430594,0.23529411764705882,0.06323529411764706,0.4261764705882353,68.0,0.009229195244278454,0.009186866462917212,0.01711734168727266,0.02202488204961281,0.24924600124359125,0.2592109660307566,0.9615565462381597
2023-09-15,0.2506429851055145,0.2546780109405517,0.2457049936056137,0.2511860132217407,126290025,0.3055555555555556,0.056805555555555554,0.34791666666666665,72.0,-0.0021419665989419467,-0.0021442638904648047,0.016606542796695916,0.021617088661081398,0.24871356998171118,0.25841466585795086,0.9624591899843165
2023-09-16,0.250436007976532,0.2536050081253052,0.248867005109787,0.2506000101566314,88723252,0.19047619047619047,0.0638095238095238,0.37666666666666665,21.0,-0.0008257846470165475,-0.0008261257949809358,0.01660069876294314,0.01752350311975327,0.24827700001852854,0.2582305997610092,0.9614546078129677
2023-09-17,0.2473160028457641,0.2511669993400574,0.2458000034093856,0.2504310011863708,85817848,0.3157894736842105,0.0736842105263158,0.3826315789473684,19.0,-0.01245829286282285,-0.012536548023113383,0.015876829503818822,0.01661530964553323,0.2480289999927793,0.2576780666907628,0.9625537911631289
2023-09-18,0.2517429888248443,0.25586798787117,0.2451210021972656,0.2473269999027252,123063381,0.2542372881355932,0.04474576271186441,0.34254237288135597,59.0,0.017900119394380853,0.017741798770954085,0.011181667358560838,0.016651001790987403,0.24943899895463667,0.25712356666723885,0.9701133279527532
2023-09-19,0.2552599906921386,0.2575440108776092,0.251228004693985,0.2517409920692444,105915013,0.453125,0.11703125,0.35796875,64.0,0.013970605035365402,0.013873915631802203,0.010815701640488881,0.016794394151545242,0.25078042703015463,0.25660859942436215,0.9772876964868614
2023-09-20,0.2516300082206726,0.2560330033302307,0.2509990036487579,0.2552680075168609,106833619,0.30434782608695654,0.07898550724637682,0.32217391304347825,69.0,-0.014220726333270206,-0.014322809818546473,0.01253025208650177,0.016227699632512443,0.25117271287100656,0.2562236328919728,0.9802870642182496
2023-09-21,0.2454549968242645,0.252905011177063,0.2454400062561035,0.2516399919986725,248242483,0.32857142857142857,0.08428571428571428,0.3452857142857143,70.0,-0.024540043693806135,-0.024846169165730264,0.01536342945826591,0.016497644293998543,0.250354711498533,0.25579326649506884,0.9787384747415129
2023-09-22,0.2449219971895218,0.2463829964399337,0.2432360053062439,0.2454580068588256,120378252,0.2641509433962264,0.09188679245283018,0.35547169811320756,53.0,-0.0021714760002393696,-0.002173837072876783,0.015363064563150501,0.014838310779779583,0.249537427510534,0.2550251667698224,0.978481577607431
2023-09-23,0.2461329996585846,0.2466749995946884,0.2439959943294525,0.2449160069227218,68761491,0.17391304347826086,0.017826086956521738,0.3452173913043478,23.0,0.004944441426082857,0.004932257819822342,0.015668645509009444,0.014878281805793248,0.24892271203654154,0.25436679969231285,0.9785974912513874
2023-09-24,0.243026003241539,0.2462279945611953,0.2425650060176849,0.2461359947919845,75004199,-0.043478260869565216,0.009565217391304347,0.2839130434782609,23.0,-0.012623241992562373,-0.012703592013064634,0.01568663851374252,0.014710890347405232,0.24830985495022365,0.253764999906222,0.9785031625400892
2023-09-25,0.2458810061216354,0.246064007282257,0.2421820014715194,0.2430279999971389,116640933,0.26229508196721313,0.046557377049180323,0.35950819672131146,61.0,0.011747725930623565,0.011679257111933176,0.014505727380854943,0.014931166224750297,0.24747242884976522,0.2532625998059908,0.9771376785965986
2023-09-26,0.2453950047492981,0.2473960071802139,0.2439540028572082,0.2458720058202743,106282468,0.42424242424242425,0.10787878787878788,0.3243939393939394,66.0,-0.0019765714318612515,-0.0019785274270416628,0.012458676952178407,0.01477276981969908,0.24606314514364516,0.25266089985768,0.97388691832511
2023-09-27,0.2447910010814666,0.2479220032691955,0.2431070059537887,0.2453909963369369,107855435,0.453125,0.1034375,0.36640625,64.0,-0.0024613527420762615,-0.0024643868504332063,0.011872170938175212,0.014403300559206543,0.24508614412375856,0.2519061331947644,0.9729264667576281
2023-09-28,0.2491199970245361,0.2504410147666931,0.2434969991445541,0.2447890043258667,133206511,0.25862068965517243,0.04793103448275862,0.33586206896551724,58.0,0.01768445704271948,0.01752990646742155,0.010105640369005069,0.014350428646993646,0.24560971558094022,0.2511285002032915,0.9780240609174833
2023-09-29,0.2495359927415847,0.2554470002651214,0.2479739934206009,0.2491140067577362,168414042,0.12962962962962962,0.05148148148148149,0.33148148148148143,54.0,0.001669860798078071,0.0016684681306938214,0.009936652489684906,0.013738331192127026,0.2462688578026635,0.25059123337268824,0.9827512897723906
2023-09-30,0.2540470063686371,0.2546730041503906,0.2493219971656799,0.2495390027761459,108039965,0.0,0.04105263157894737,0.23421052631578948,19.0,0.018077607071793844,0.017916150067194117,0.011516403749850522,0.012270438456631809,0.24739943018981383,0.25054703354835506,0.987437075929563
2023-10-01,0.2658950090408325,0.2674709856510162,0.2540189921855926,0.2540430128574371,165088197,0.2631578947368421,0.09894736842105263,0.3642105263157895,19.0,0.04663704895228449,0.045582213672333546,0.016831409805081257,0.014841813647240534,0.25066643101828434,0.2509040335814158,0.9990530141754205
2023-10-02,0.2595129907131195,0.2690359950065613,0.2582579851150512,0.2658880054950714,212684773,0.22058823529411764,0.06720588235294118,0.3538235294117647,68.0,-0.024002023771468983,-0.024294766107535518,0.02195864099458522,0.015550338059718923,0.25261385738849634,0.25101346671581265,1.0063757163853506
2023-10-03,0.261027991771698,0.2642180025577545,0.2580899894237518,0.2594859898090362,160216793,0.13846153846153847,0.04692307692307692,0.27476923076923077,65.0,0.0058378621217203275,0.005820887834969105,0.021579801222664098,0.01557547627133333,0.25484714124883917,0.25118796626726786,1.0145674772400437
2023-10-04,0.259315013885498,0.2610499858856201,0.2545740008354187,0.2610319852828979,138128623,0.3114754098360656,0.07114754098360655,0.29327868852459016,61.0,-0.006562429855025753,-0.006584057268676216,0.021991179050327162,0.01563082456855017,0.2569220002208437,0.25129359960556025,1.022397707797246
2023-10-05,0.2601490020751953,0.2637180089950561,0.2570439875125885,0.2592929899692535,103200693,0.1746031746031746,0.05174603174603175,0.313968253968254,63.0,0.0032161199507929616,0.0032109592989139147,0.02164563759041191,0.015608192097818023,0.25849757237093784,0.2513781001170476,1.0283217680878933
2023-10-06,0.2648720145225525,0.2665579915046692,0.2601509988307953,0.2601509988307953,93706350,0.22033898305084745,0.0411864406779661,0.24983050847457627,59.0,0.01815502811727865,0.017992193485990342,0.021954613434294855,0.015937782418562894,0.26068843262536184,0.2516182670990626,1.0360473253030087
2023-10-07,0.2587350010871887,0.2655209898948669,0.2572140097618103,0.2648650109767914,116821694,-0.17647058823529413,0.03882352941176471,0.3864705882352941,17.0,-0.023169731413211436,-0.023442369169032397,0.024430230631948577,0.01654743911715889,0.26135814615658354,0.2516521006822586,1.0385693004271004
2023-10-08,0.2566289901733398,0.2591269910335541,0.2559469938278198,0.2587519884109497,77624838,0.15384615384615385,0.07999999999999999,0.39923076923076917,13.0,-0.008139644443154626,-0.008172952214395028,0.015481745698350351,0.016436120346734986,0.2600344291755131,0.25172740022341406,1.0330000982996939
2023-10-09,0.2516419887542724,0.2585330009460449,0.2494249939918518,0.2566100060939789,134553476,0.22,0.044199999999999996,0.2956,50.0,-0.019432728218658823,-0.019624026029367525,0.014589903160053803,0.01682383344803762,0.25891000032424927,0.25166573325792946,1.028785273912898
2023-10-10,0.2491409927606582,0.2531009912490845,0.2475010007619857,0.2516309916973114,110183513,0.08571428571428572,0.03471428571428572,0.3385714285714286,70.0,-0.009938706993992241,-0.009988425642697528,0.01395381404021681,0.016606505668612267,0.25721185760838644,0.2516686995824178,1.022025615561912
2023-10-11,0.2480009943246841,0.2494809925556183,0.2454050034284591,0.2491270005702972,113880690,0.2714285714285714,0.07971428571428571,0.35714285714285715,70.0,-0.004575716036699262,-0.004586216669510133,0.013976001510511522,0.015693371319475357,0.2555955690996987,0.2518729661901792,1.014779684242527
2023-10-12,0.2459219992160797,0.2480709999799728,0.2431759983301162,0.2479989975690841,92208448,0.29850746268656714,0.0735820895522388,0.36761194029850747,67.0,-0.008383011182134803,-0.00841834623504431,0.013322808198462604,0.015497799916643207,0.25356314011982506,0.2518746996919314,1.0067034935623103
2023-10-13,0.2461459934711456,0.2491589933633804,0.2451869994401931,0.2459110021591186,99166403,0.08333333333333333,0.0465,0.3143333333333333,60.0,0.0009108345564037279,0.0009104199983192799,0.008425446576355213,0.015328104512553169,0.25088799425533836,0.25178343256314595,0.9964436170454424
2023-10-14,0.2470110058784485,0.2476560026407241,0.2452490031719207,0.2461459934711456,71920372,0.4117647058823529,0.07941176470588236,0.2752941176470588,17.0,0.003514225013799832,0.0035080645536859295,0.007632362500606556,0.015240845661649748,0.2492131377969469,0.2516444325447082,0.9903383725871648
2023-10-15,0.2473559975624084,0.2482459992170334,0.2457859963178634,0.2469979971647262,81524646,0.36363636363636365,0.1390909090909091,0.2890909090909091,11.0,0.0013966652325188011,0.0013956908028287963,0.008148247303494916,0.015241844740783606,0.24788842456681384,0.2515348662932714,0.985503235475093
2023-10-16,0.251563012599945,0.2577979862689972,0.2473459988832473,0.2473459988832473,187099359,0.1388888888888889,0.03944444444444445,0.3108333333333333,72.0,0.017007936249757494,0.016864920624723823,0.009047701273137759,0.015565192152321921,0.24787714225905275,0.2515724331140518,0.9853112250445828
2023-10-17,0.2471150010824203,0.2516759932041168,0.2466129958629608,0.2515580058097839,131953756,0.2191780821917808,0.02671232876712329,0.33,73.0,-0.01768150043821537,-0.01783968557446129,0.010802321934051834,0.01574332954577728,0.24758771487644735,0.2515657330552737,0.9841869632619944
2023-10-18,0.2434529960155487,0.2479310035705566,0.2430620044469833,0.2471030056476593,107992174,0.08333333333333333,0.03483333333333334,0.308,60.0,-0.014819031830650364,-0.01492993065544426,0.011990238474168219,0.015601170816420562,0.24693800083228518,0.2512893999616305,0.982683713956857
2023-10-19,0.2469229996204376,0.2469239979982376,0.2406560033559799,0.2434529960155487,120374373,0.3088235294117647,0.0763235294117647,0.33735294117647063,68.0,0.014253279531081464,0.01415265655354884,0.013156788498163804,0.015610486303062835,0.24708100089005058,0.25101150025924046,0.9843413574074076
2023-10-20,0.2511380016803741,0.2527180016040802,0.2459809929132461,0.2469380050897598,137878642,0.25806451612903225,0.05290322580645162,0.31612903225806455,62.0,0.01707010714439594,0.016926049935725152,0.014543257214987506,0.015740247690209937,0.24779414491994037,0.25099510004123055,0.9872469417898423
2023-10-21,0.2585850059986114,0.2619169950485229,0.2499839961528778,0.2511219978332519,138559397,0.0,0.007857142857142852,0.43,14.0,0.029653036451708248,0.02922188767833087,0.01764787747679841,0.015899580054790682,0.24944757350853508,0.2514327670137087,0.992104475766019
2023-10-22,0.2635729908943176,0.2640439867973327,0.2568309903144836,0.2585889995098114,121687463,0.5,0.13214285714285715,0.3178571428571429,14.0,0.019289536438678923,0.01910585170117936,0.018052037888680608,0.01619108917909649,0.25176428684166496,0.25205446680386856,0.9988487410444132
2023-10-23,0.2799539864063263,0.2799539864063263,0.26248699426651,0.2650279998779297,313911948,0.2222222222222222,0.035555555555555556,0.31253968253968256,63.0,0.06214975008033652,0.06029492048771183,0.026611057201148397,0.01933417501845746,0.2558201402425766,0.2531818330287933,1.0104206023877047
2023-10-24,0.278993010520935,0.293188989162445,0.2749480009078979,0.2799879908561706,386762854,0.2714285714285714,0.07914285714285714,0.3355714285714286,70.0,-0.0034326208307551287,-0.003438525790503394,0.024058430385866126,0.019126216954758066,0.26037414159093586,0.25438073327143984,1.023560779318537
2023-10-25,0.2805559933185577,0.2894569933414459,0.2771260142326355,0.2790339887142181,244471413,0.10256410256410256,0.03910256410256411,0.3655128205128205,78.0,0.005602229226833622,0.005586595104126088,0.020452326789461822,0.01908075455629969,0.26567456977708,0.2555365661780039,1.0396733968476906
2023-10-26,0.2872920036315918,0.2970030009746551,0.280593991279602,0.280593991279602,299638179,0.2903225806451613,0.03951612903225807,0.31758064516129036,62.0,0.024009504246753632,0.023725808065213617,0.020295013839436285,0.019359650164043746,0.27144157035010197,0.2569331328074137,1.056467756354192
2023-10-27,0.289467990398407,0.2921600043773651,0.2813920080661773,0.2872549891471863,188027753,0.208955223880597,0.06597014925373135,0.357910447761194,67.0,0.007574129245885963,0.00754558954728717,0.020956432160883828,0.019308223042869256,0.2769172830241067,0.25842236578464506,1.0715685625093079
2023-10-28,0.2912499904632568,0.2972820103168487,0.2892079949378967,0.2895010113716125,146280893,0.7,0.13,0.344,10.0,0.006156121312056451,0.006137249807828862,0.021132539498510166,0.01917683849783384,0.28158370937619887,0.25982669889926907,1.0837366235614019
2023-10-29,0.2952829897403717,0.2985959947109222,0.2895100116729736,0.2912690043449402,144390110,0.25,0.078125,0.3575,16.0,0.013847208271835942,0.013752211637614952,0.021140243422614405,0.019226763929709807,0.2861137092113495,0.26135159879922865,1.0947463513745068
2023-10-30,0.3027339875698089,0.3029640018939972,0.2927550077438354,0.2953050136566162,222609453,0.234375,0.05984375,0.30171875,64.0,0.025233413668658944,0.024920307318309545,0.01029915228040245,0.01942286420689242,0.28936799509184696,0.26297449817260105,1.1003652335213234
2023-10-31,0.2931070029735565,0.3046140074729919,0.2878290116786957,0.3027740120887756,303875077,0.30666666666666664,0.07853333333333333,0.33199999999999996,75.0,-0.031800144653505225,-0.032316750881124796,0.019128126976203537,0.01913212058911758,0.29138427972793574,0.26388156463702517,1.1042237078165773
2023-11-01,0.3074589967727661,0.3085789978504181,0.2853190004825592,0.2931259870529175,334066110,0.2702702702702703,0.0777027027027027,0.3472972972972973,74.0,0.04896503206545488,0.047803994316564215,0.02449295890756221,0.02005894727252189,0.29522756593567984,0.26547976483901337,1.1120529887266757
2023-11-02,0.3231419920921325,0.329129010438919,0.3015879988670349,0.307449996471405,459253523,0.4177215189873418,0.09632911392405064,0.31506329113924053,79.0,0.051008412451684526,0.04975009609844593,0.02808907992237386,0.021614842132586607,0.3003489928586142,0.26755023151636126,1.1225891719710481
2023-11-03,0.329021006822586,0.3291960060596466,0.3126310110092163,0.3231480121612549,355511861,0.23214285714285715,0.06535714285714286,0.41696428571428573,56.0,0.018193286153838306,0.01802976862605458,0.027791383508272482,0.021543933193256228,0.3059994237763541,0.26987376461426416,1.1338613229549195
2023-11-04,0.3285419940948486,0.330267995595932,0.3219180107116699,0.3290309906005859,203170093,0.125,0.051875,0.29125,16.0,-0.00145587277956305,-0.0014569335920685653,0.02848473550808645,0.02159602847406295,0.3113268528665815,0.2721535310149193,1.1439383193213641
2023-11-05,0.3428699970245361,0.3497900068759918,0.3271819949150085,0.3285529911518097,315492035,0.375,0.164375,0.419375,16.0,0.04361087223921545,0.04268669223998238,0.02996019847576915,0.02245233208910597,0.3181249967643192,0.27475346376498533,1.1578561827938678
2023-11-06,0.3634079992771148,0.3752520084381103,0.3399359881877899,0.3428589999675751,418581325,0.2631578947368421,0.06842105263157895,0.37543859649122807,57.0,0.05990026083008071,0.05817481014037174,0.03309413873608302,0.023361804201966836,0.32679271272250576,0.27824256370464956,1.1744885770582227
2023-11-07,0.3515709936618805,0.3654719889163971,0.3351300060749054,0.3632929921150207,438830911,0.21875,0.07109375,0.35703125,64.0,-0.0325722208613467,-0.033114503749530434,0.03332935495819404,0.024495854250164376,0.33514471139226637,0.28140729715426754,1.1909595621059534
2023-11-08,0.35835000872612,0.3597640097141266,0.3499220013618469,0.3515830039978027,300080444,0.18309859154929578,0.04746478873239437,0.3043661971830986,71.0,0.019282065888402533,0.019098522500411632,0.031933636243197304,0.02386631094877335,0.3424148559570312,0.28496423115332914,1.2016064422232344
2023-11-09,0.3683350086212158,0.3858389854431152,0.3527419865131378,0.3583230078220367,685476982,0.2692307692307692,0.06474358974358974,0.36115384615384616,78.0,0.027863819316179095,0.027482686775535517,0.029727681903120935,0.023667286883634005,0.34887100117547165,0.2889373650153477,1.2074277799167317
2023-11-10,0.3862099945545196,0.3875490128993988,0.3648169934749603,0.3683879971504211,550972799,0.056338028169014086,0.055492957746478874,0.3152112676056338,71.0,0.04852915284977932,0.0473883753126263,0.031627632450846294,0.024228751166077908,0.35704085656574786,0.2935443316896756,1.216309831331366
2023-11-11,0.3845640122890472,0.3943940103054046,0.371627002954483,0.3862259984016418,537348711,0.3076923076923077,0.02307692307692307,0.44384615384615383,13.0,-0.004261884178763942,-0.004270991893702813,0.03200437906471397,0.02410341771349148,0.36504400202206205,0.2981657321254412,1.2242989810394596
2023-11-12,0.3833830058574676,0.3908190131187439,0.3735199868679046,0.3845439851284027,398823705,0.23529411764705882,0.03294117647058824,0.29000000000000004,17.0,-0.0030710269131785095,-0.0030757521931170533,0.03186538148417868,0.02419403086519947,0.3708315747124808,0.30274029920498524,1.2249164570633888
2023-11-13,0.3584150075912475,0.3883390128612518,0.3559080064296722,0.3834140002727508,441634462,0.25396825396825395,0.054603174603174605,0.2977777777777778,63.0,-0.06512546952981679,-0.0673429507085027,0.03872491096945846,0.028420248404729263,0.37011829018592834,0.30645376592874524,1.2077459353917224
2023-11-14,0.3578700125217438,0.3713549971580505,0.3449530005455017,0.3583149909973144,430223143,0.2923076923076923,0.06615384615384615,0.36646153846153845,65.0,-0.001520569892333512,-0.0015217271319902046,0.03625316009520044,0.028464188828776334,0.37101815002305166,0.3101375664273897,1.1963018679000161
2023-11-15,0.3792920112609863,0.3792920112609863,0.3545100092887878,0.3578819930553436,400207664,0.2077922077922078,0.06207792207792208,0.42181818181818176,77.0,0.059859719981262494,0.058136559725994505,0.04180326201510591,0.029663937150146848,0.3740098646708897,0.3143951997160911,1.189616969370501
2023-11-16,0.3717660009860992,0.4085249900817871,0.3620989918708801,0.3792830109596252,784296833,0.19696969696969696,0.026212121212121207,0.3190909090909091,66.0,-0.01984225887032598,-0.020041759933842437,0.0419920614467098,0.02974724674529581,0.37450000643730164,0.3185502330462137,1.1756387771437322
2023-11-17,0.3666090071201324,0.3781569898128509,0.3551070094108581,0.3717910051345825,419332542,0.1746031746031746,0.04746031746031747,0.3531746031746032,63.0,-0.013871612391364474,-0.013968722299734828,0.03686505228156897,0.029715943916580688,0.37169986537524624,0.32265543341636654,1.1520024982675279
2023-11-18,0.3776940107345581,0.3777289986610412,0.3510220050811767,0.366795003414154,350054655,-0.15384615384615385,0.0007692307692307699,0.19615384615384615,13.0,0.03023658284203945,0.02978846794600733,0.039506201470245556,0.029861902825092976,0.3707184365817478,0.3270144671201705,1.1336453700243085
2023-11-19,0.3845250010490417,0.3853659927845001,0.3702619969844818,0.3776879906654358,308083348,0.17647058823529413,0.045294117647058825,0.2658823529411765,17.0,0.01808604351760401,0.017924436675991764,0.040252163613316023,0.02986563984796787,0.3708815787519727,0.33146070043245945,1.1189307760107925
2023-11-20,0.3806819915771484,0.3992759883403778,0.3791059851646423,0.3845289945602417,393879761,0.2537313432835821,0.05149253731343284,0.354179104477612,67.0,-0.00999417323037255,-0.010044450244935355,0.028194351706540825,0.03004450408343361,0.37406257646424423,0.335530599951744,1.114838934267223
2023-11-21,0.3586310148239136,0.3893260061740875,0.3573000133037567,0.3807129859924316,449348189,0.21875,0.03421875,0.3375,64.0,-0.057924927475236254,-0.05967031275664785,0.03839723897054165,0.03279886982820098,0.3741712910788399,0.33869920074939724,1.1047303632573033
2023-11-22,0.3806599974632263,0.3870550096035003,0.3574289977550506,0.3584699928760528,306716799,0.1,0.06185714285714286,0.3365714285714286,70.0,0.06142520230752746,0.059612535531052065,0.038769996056295566,0.03276319498298715,0.3743667176791599,0.3420560677846272,1.0944600986142332
2023-11-23,0.3866750001907348,0.38714200258255,0.3780370056629181,0.3806760013103485,241703105,0.16129032258064516,0.07306451612903227,0.39967741935483875,62.0,0.01580150992379914,0.015677965821980347,0.03795565065396432,0.032673708632000836,0.37649657470839365,0.34564546744028724,1.0892565075323493
2023-11-24,0.3862130045890808,0.3973439931869507,0.3849950134754181,0.386694997549057,350870124,0.29850746268656714,0.04746268656716418,0.2808955223880597,67.0,-0.001194790460790296,-0.001195504791953621,0.03715572403992258,0.03273500146259637,0.37929714577538626,0.3491673678159713,1.0862903602586793
2023-11-25,0.3948110044002533,0.395702987909317,0.3857020139694214,0.3862200081348419,215322275,0.4,0.10400000000000001,0.316,15.0,0.022262325993710474,0.022018137899591346,0.036486889869180646,0.032712964357166224,0.3817424305847713,0.35275133450826,1.082185645355319
2023-11-26,0.3881849944591522,0.3955689966678619,0.381164014339447,0.39478799700737,234557830,0.3125,0.12687500000000002,0.331875,16.0,-0.016782738746521142,-0.016925164686821707,0.037015219398428605,0.033094534259958806,0.38226528678621563,0.35604190131028485,1.0736525262319547
2023-11-27,0.3783589899539947,0.3917860090732574,0.3720340132713318,0.3881129920482635,254570208,0.18181818181818182,0.0453030303030303,0.2534848484848485,66.0,-0.02531268504813755,-0.025638562033844847,0.03826371586148319,0.03371780707665887,0.3819334294114794,0.3589455346266428,1.0640428493106828
2023-11-28,0.3856239914894104,0.3881149888038635,0.3704890012741089,0.3783409893512726,273962828,0.3384615384615385,0.08184615384615385,0.3358461538461538,65.0,0.01920134509371385,0.01901932558931979,0.02839863596454541,0.033758591000053316,0.3857895689351218,0.36195690135161074,1.0658439374812738
2023-11-29,0.3817760050296783,0.3888010084629059,0.3785479962825775,0.3856329917907715,256880751,0.10526315789473684,0.035921052631578944,0.31197368421052635,76.0,-0.009978597142957568,-0.010028717039672072,0.01887197617515817,0.033789611115521236,0.3859489985874721,0.3645916352669397,1.0585788626359882
2023-11-30,0.3758949935436249,0.3825759887695312,0.3727020025253296,0.3818030059337616,267025029,0.4057971014492754,0.09478260869565218,0.3557971014492754,69.0,-0.015404350741205497,-0.015524230458380158,0.018344517020835532,0.03323787050422236,0.38440899763788494,0.3673512349526087,1.0464344775851286
2023-12-01,0.3842020034790039,0.385246992111206,0.3744829893112182,0.3758910000324249,248849205,0.4444444444444444,0.09031746031746031,0.38730158730158726,63.0,0.022099283252132285,0.021858633102410176,0.020839919437866776,0.032503773288719416,0.3841217117650168,0.36990933517614993,1.0384212433625093
2023-12-02,0.3977980017662048,0.397843986749649,0.383415013551712,0.3842040002346039,255637811,0.0,-0.010952380952380951,0.320952380952381,21.0,0.035387629851190594,0.03477587819697895,0.023544832076636418,0.0319415534132321,0.3845484256744385,0.37239786883195236,1.03262789038132
2023-12-03,0.3951550126075744,0.4023230075836181,0.3885639905929565,0.3978210091590881,305052507,0.20833333333333334,0.037083333333333336,0.24291666666666667,24.0,-0.006644048353424692,-0.006666218296029732,0.022535174160148237,0.031963808509500875,0.3855441425527845,0.37460233569145196,1.029209126102046
2023-12-04,0.406810998916626,0.4145500063896179,0.3948610126972198,0.3951919972896576,554694756,0.27631578947368424,0.06144736842105263,0.3076315789473684,76.0,0.029497250287008336,0.029070576561312914,0.02053049972436242,0.03219982001931658,0.38960871526173185,0.3772113025188446,1.032865963082503
2023-12-05,0.4256579875946045,0.4256579875946045,0.3979789912700653,0.406819999217987,507494057,0.2903225806451613,0.06451612903225806,0.37048387096774194,62.0,0.046328611389981456,0.04528747633346538,0.024411371115373424,0.03230221006740572,0.39532785756247385,0.37997090220451357,1.0404161352063075
2023-12-06,0.4424059987068176,0.4541009962558746,0.4186449944972992,0.4256060123443603,815040059,0.38095238095238093,0.08285714285714285,0.3834920634920635,63.0,0.039346168990875174,0.03859183178622074,0.02328954416301907,0.031422677433746916,0.4039892852306366,0.3826041688521703,1.0558935791071555
2023-12-07,0.4564320147037506,0.4590480029582977,0.4344649910926819,0.4424580037593841,569699700,0.2898550724637681,0.08014492753623188,0.3378260869565217,69.0,0.03170394623475259,0.03121175209967583,0.01686901120047848,0.030811042427100855,0.41549457396779743,0.38609953622023263,1.0761333153500545
2023-12-08,0.5459210276603699,0.5665950179100037,0.4535639882087707,0.4564279913902282,1645334961,0.14285714285714285,0.041428571428571426,0.29410714285714284,56.0,0.19606208608022935,0.17903456561940675,0.059211348715526135,0.04377964959998106,0.43859729170799255,0.392351903518041,1.1178671182050863
2023-12-09,0.5785999894142151,0.6430240273475647,0.5458629727363586,0.5458629727363586,2566810314,0.2,0.095,0.49800000000000005,20.0,0.059860236367695885,0.05813704694736717,0.05885527582772109,0.04445690535959926,0.4644261470862797,0.39936073621114093,1.1629239055707743
2023-12-10,0.5941550135612488,0.6131119728088379,0.5721629858016968,0.5785980224609375,1165845170,0.23076923076923078,0.0038461538461538455,0.4084615384615385,13.0,0.02688389981268724,0.026528876661856205,0.05436317399232724,0.04409540265223906,0.4928547186510904,0.40629223684469856,1.2130547275001946
2023-12-11,0.5510209798812866,0.5975660085678101,0.5246139764785767,0.5940380096435547,1314283882,0.11940298507462686,0.03402985074626865,0.36880597014925376,67.0,-0.07259727292617668,-0.07536736647073976,0.07436335605549929,0.04694932477765575,0.5134561445031848,0.41184080243110655,1.2467345184649998
2023-12-12,0.5764070153236389,0.6043869853019714,0.5510039925575256,0.5510039925575256,1221353455,0.203125,0.0496875,0.33578125000000003,64.0,0.04607090540875869,0.04504115054294895,0.0743623426581072,0.04723794530315178,0.5349917198930468,0.41827493607997895,1.2790432171406758
2023-12-13,0.6652439832687378,0.6745749711990356,0.5486599802970886,0.5767030119895935,1790051002,0.32894736842105265,0.0681578947368421,0.35750000000000004,76.0,0.1541219408914012,0.14333983052024832,0.08326120518407999,0.050348942839794505,0.5668257176876068,0.428502568602562,1.3228058808052097
2023-12-14,0.6434779763221741,0.6778050065040588,0.6248270273208618,0.6655049920082092,1379685748,0.15789473684210525,0.05210526315789474,0.3436842105263158,76.0,-0.03271883323110181,-0.03326606387990134,0.0900444518099103,0.05115730831313472,0.5935465693473816,0.4380228340625763,1.355058511088002
2023-12-15,0.6014080047607422,0.6520709991455078,0.6013709902763367,0.6434329748153687,873847582,0.0,0.0228125,0.3109375,64.0,-0.0653790387697254,-0.06761422094433828,0.07818639963179239,0.05300567086790274,0.6014732803617205,0.44542670051256816,1.3503305474718603
2023-12-16,0.60760897397995,0.624472975730896,0.590632975101471,0.6012700200080872,626131200,-0.125,0.0024999999999999953,0.369375,16.0,0.010310752717158644,0.010257959488209884,0.0757195371760825,0.052594820522990325,0.6056174210139683,0.45328813294569653,1.33605399523336
2023-12-17,0.5803139805793762,0.6163399815559387,0.5782979726791382,0.6076070070266724,560320053,0.45454545454545453,0.10318181818181818,0.2727272727272727,22.0,-0.0449219721390659,-0.04596223727261996,0.07753703320671519,0.05354706130960484,0.6036401305879865,0.46041163206100466,1.311087923399824
2023-12-18,0.6010329723358154,0.6010329723358154,0.5467020273208618,0.5802440047264099,730352029,0.36065573770491804,0.08885245901639344,0.3757377049180328,61.0,0.035703071871116654,0.03508049259373414,0.0714416916621769,0.053605091009785305,0.6107847009386335,0.46785626411437986,1.3054964692944904
2023-12-19,0.5766000151634216,0.6162130236625671,0.5682029724121094,0.6011319756507874,661906697,0.0,0.06599999999999999,0.267,10.0,-0.04065160864210016,-0.041500983983625284,0.07233640220407649,0.05460057711466642,0.6108122723443168,0.4742587645848592,1.2879303830662765
2023-12-20,0.5893290042877197,0.6088039875030518,0.5708919763565063,0.5766100287437439,670750543,,,,,0.0220759430966897,0.021835797334573102,0.03921822403682801,0.05443643433259837,0.5999672753470284,0.4812136650085449,1.2467793809146606
2023-12-21,0.6365990042686462,0.6384029984474182,0.5831930041313171,0.5893170237541199,816345866,,,,,0.08020986518058515,0.077155341870171,0.05189035714847384,0.053729341674182654,0.5989845650536674,0.49047926465670266,1.221223012297798
2023-12-22,0.6242160201072693,0.6502670049667358,0.6092740297317505,0.6364960074424744,820661167,,,,,-0.019451780600258872,-0.019643456176838516,0.04432532152543249,0.05361847925155445,0.6022428529603141,0.49859779874483745,1.2078730681852008
2023-12-23,0.6145480275154114,0.6240969896316528,0.5996930003166199,0.6240969896316528,501680737,,,,,-0.015488216066925853,-0.015609411514890743,0.044919087659067096,0.053938071577218034,0.6032341463225228,0.5061935663223267,1.19170646657015
2023-12-24,0.5939549803733826,0.6270769834518433,0.5920959711074829,0.6145089864730835,801864460,,,,,-0.033509255940964544,-0.034083557142117527,0.04300544728496341,0.054617846259602705,0.6051828605788094,0.51311829884847,1.1794217082823764
2023-12-25,0.6257209777832031,0.6335769891738892,0.5918130278587341,0.5938640236854553,636249032,,,,,0.05348216356372881,0.05210102347210754,0.04550881404748413,0.055038077637631966,0.6087097184998649,0.520815297961235,1.1687631313494404
2023-12-26,0.6087989807128906,0.6264259815216064,0.5808929800987244,0.6256470084190369,856384699,,,,,-0.0270439983173707,-0.027416417055315806,0.04333072475978921,0.05528300829057626,0.6133095707212176,0.5281690975030263,1.1611992705001137
2023-12-27,0.6335350275039673,0.6428679823875427,0.5869259834289551,0.6088520288467407,856202366,,,,,0.0406308938988551,0.03982715797733991,0.044812840773345464,0.05491439382797615,0.6196247168949672,0.5366749654213587,1.154562364220739
2023-12-28,0.6174219846725464,0.6754500269889832,0.6119710206985474,0.6336609721183777,1241270531,,,,,-0.025433546894642722,-0.02576257035809759,0.03505624761865844,0.055468592311338646,0.6168851426669529,0.54440156519413,1.133143587577629
2023-12-29,0.608493983745575,0.6252530217170715,0.5959479808807373,0.6174060106277466,731991586,,,,,-0.014460127997720118,-0.014565694555046695,0.034738617580700445,0.05554725938253523,0.6146391374724252,0.5519588311513265,1.1135597489949645
2023-12-30,0.601963996887207,0.6127650141716003,0.5951859951019287,0.6085100173950195,396120733,,,,,-0.010731390996132295,-0.010789387669000828,0.03450893091379585,0.05546261882465303,0.6128414188112531,0.5594944645961125,1.0953484933111013
2023-12-31,0.5942050218582153,0.6092150211334229,0.588333010673523,0.6018980145454407,413744730,,,,,-0.012889433702204522,-0.012973223231232638,0.032179027003644764,0.05569327422377977,0.6128771390233722,0.566494565208753,1.081876467424762
2024-01-01,0.6231099963188171,0.6238120198249817,0.5927389860153198,0.5941870212554932,397524048,,,,,0.048644783193197094,0.04749864784801087,0.030962533938307737,0.05590077146876657,0.612504141671317,0.5740049650271734,1.067071156156848
2024-01-02,0.605666995048523,0.6367040276527405,0.6035680174827576,0.6231409907341003,607247161,,,,,-0.027993454403465234,-0.028392740391558736,0.031105348505223042,0.05632969220872665,0.6120567151478359,0.5810220311085383,1.053413953994285
2024-01-03,0.5572860240936279,0.6179620027542114,0.5251389741897583,0.6056690216064453,1127440527,,,,,-0.07988048110665003,-0.08325170553626565,0.03830680029404727,0.05898013377196546,0.6011640003749302,0.586037865281105,1.0258108494176732
2024-01-04,0.5705670118331909,0.5777649879455566,0.5528519749641418,0.5572770237922668,591385300,,,,,0.02383154639695695,0.023552007613085065,0.041139749163754534,0.05867064018084553,0.5944704328264508,0.5908681660890579,1.0060965659416656
2024-01-05,0.5412420034408569,0.5727090239524841,0.5266720056533813,0.5705429911613464,632156325,,,,,-0.05139625632774458,-0.05276411902287648,0.04407754176282236,0.05948806161192045,0.584863007068634,0.5941626995801925,0.9843482390965821
2024-01-06,0.5231029987335205,0.5422120094299316,0.509535014629364,0.5413089990615845,456993353,,,,,-0.03351366780852316,-0.034088121984207825,0.04443229743191281,0.0597551162007154,0.5735971501895359,0.5963850657145182,0.96178992930066
2024-01-07,0.4941740036010742,0.5295060276985168,0.4903059899806976,0.5231689810752869,403756656,,,,,-0.05530267500374875,-0.05689069380177266,0.04632516665648483,0.05086213375263238,0.5593070047242301,0.5946601649125417,0.9405489685129471
2024-01-08,0.5409359931945801,0.5429019927978516,0.4681859910488128,0.4942229986190796,745831623,,,,,0.09462656726729568,0.09041327064389763,0.058866630474774945,0.05252124245027292,0.5475678614207676,0.5934046983718873,0.9227561947573364
2024-01-09,0.5115270018577576,0.542585015296936,0.4989979863166809,0.5410720109939575,655557451,,,,,-0.05436685986292611,-0.055900586268161134,0.06040256739072854,0.053116872645422405,0.534119290964944,0.5906504313151042,0.9042900210463038
2024-01-10,0.5666469931602478,0.5871779918670654,0.4943560063838959,0.5115910172462463,989682776,,,,,0.1077557804422955,0.10233614926691689,0.0700830246750744,0.054877432606180686,0.5354565722601754,0.5911712984244029,0.905755360057704
2024-01-11,0.5821790099143982,0.6157940030097961,0.5625190138816833,0.5666170120239258,1154998819,,,,,0.027410392963574726,0.02704145479077012,0.07027087845832192,0.054475472770293444,0.5371154291289193,0.5913636982440948,0.9082658112490637
2024-01-12,0.5473330020904541,0.5877019762992859,0.5361049771308899,0.5821340084075928,683350420,,,,,-0.05985445581259918,-0.061720581461755776,0.07152325168738265,0.048443858356658515,0.5379855717931475,0.5874333322048187,0.9158240472564291
2024-01-13,0.5493360161781311,0.5530080199241638,0.5370950102806091,0.5473009943962097,373150180,,,,,0.00365958946386713,0.003652909458768824,0.0697861497284074,0.04820891250659524,0.5417331457138062,0.584295266866684,0.9271564848007078
2024-01-14,0.5259810090065002,0.5495659708976746,0.5259810090065002,0.5493689775466919,346165271,,,,,-0.042514975322604065,-0.04344519807324982,0.06789424746589487,0.04732502270532928,0.546277003628867,0.5817810336748759,0.9389735519191056
2024-01-15,0.5281609892845154,0.5405460000038147,0.5248690247535706,0.5259079933166504,330276278,,,,,0.00414459883662488,0.004136033644899824,0.05769830877413725,0.047272509530122686,0.5444520030702863,0.5791327675183614,0.9401160383366228
2024-01-16,0.5356760025024414,0.5460190176963806,0.5275110006332397,0.5280500054359436,318265757,,,,,0.01422864121052636,0.014128364179725456,0.05295740281032789,0.04673258602390398,0.5479018603052411,0.5776448349157969,0.948509927185809
2024-01-17,0.5270289778709412,0.5387750267982483,0.5238000154495239,0.5356500148773193,298718568,,,,,-0.01614226620402104,-0.016273971858134655,0.032074288583870535,0.04624014094393797,0.5422421438353402,0.5751780351003011,0.9427379189484915
2024-01-18,0.5018740296363831,0.5272489786148071,0.4974589943885803,0.5270709991455078,381732750,,,,,-0.047729725101981146,-0.04890638227957516,0.030100804634652666,0.046464363245800104,0.5307700037956238,0.5726871689160665,0.9268061737793428
2024-01-19,0.503150999546051,0.5033050179481506,0.4742740094661712,0.501882016658783,433001996,,,,,0.0025444032451593657,0.002541171731577449,0.025062144856966267,0.04621832799140991,0.5244582891464233,0.5698145687580108,0.9204016848666264
2024-01-20,0.5150049924850464,0.5168219804763794,0.4996330142021179,0.5031480193138123,336655525,,,,,0.02355951384314081,0.023286271808431267,0.0280316614054377,0.04389356107119403,0.5195538571902684,0.5657614350318909,0.9183267451960243
2024-01-21,0.5031049847602844,0.5195670127868652,0.5031049847602844,0.5150060057640076,234978951,,,,,-0.023106587117419974,-0.023377729223872948,0.024786273948649035,0.04393573513167412,0.5162858537265232,0.5617244005203247,0.9191088249830135
2024-01-22,0.4785020053386688,0.5050889849662781,0.4780499935150146,0.503154993057251,444335289,,,,,-0.04890227719238016,-0.05013846376895892,0.029076220968651048,0.04461098654101163,0.5091917131628309,0.5571895331144333,0.9138572835650435
2024-01-23,0.4767490029335022,0.4853380024433136,0.4496990144252777,0.4784899950027466,538390729,,,,,-0.003663521543500914,-0.00367024867356717,0.026891869737065092,0.04435062535593998,0.5007735703672681,0.5532826671997706,0.9050953518962427
2024-01-24,0.4762960076332092,0.478956013917923,0.4647819995880127,0.4767630100250244,390187602,,,,,-0.0009501756637259051,-0.0009506273667760384,0.027543222637668674,0.04293439318145413,0.49352600319044926,0.5483018348614375,0.9000991275456324
2024-01-25,0.4664790034294128,0.483024001121521,0.459863007068634,0.4763019979000091,340646602,,,,,-0.020611141068720418,-0.02082651518062208,0.02342748409469831,0.04285420937901071,0.48846957087516785,0.5435578356186549,0.8986524319334154
2024-01-26,0.4852940142154693,0.4896160066127777,0.4639559984207153,0.4664719998836517,362190657,,,,,0.04033410002965665,0.039541911592055404,0.030077059314018648,0.04284306105248295,0.48591857297079905,0.5386164685090383,0.902160630765498
2024-01-27,0.4863210022449493,0.4895470142364502,0.4769209921360016,0.4852629899978637,239780792,,,,,0.0021162182087497428,0.00211398217306681,0.027710907231002113,0.04276662799030855,0.4818208600793566,0.5342464357614517,0.9018700506492404
2024-01-28,0.4897190034389496,0.4995540082454681,0.485152006149292,0.4863260090351105,343442273,,,,,0.006987156997773969,0.006962859928952755,0.027308751927453242,0.042832468399780825,0.47990857703345163,0.5302872697512309,0.9049973559776139
2024-01-29,0.5252749919891357,0.5273020267486572,0.4855679869651794,0.4897679984569549,446796336,,,,,0.07260487810458982,0.07009015548156491,0.030915829426116693,0.04508729222064577,0.4865904322692326,0.5277309695879618,0.922042594258111
2024-01-30,0.5141649842262268,0.5357419848442078,0.5141580104827881,0.525297999382019,491907648,,,,,-0.02115084085925556,-0.021377724787645585,0.0331795869608725,0.04516752207044331,0.49193557245390757,0.5250629683335623,0.936907765587061
2024-01-31,0.4982559978961944,0.5192189812660217,0.495400995016098,0.5140950083732605,469078638,,,,,-0.03094140367021303,-0.031430197991090994,0.036782031869274104,0.04430529948384363,0.4950727139200483,0.5209011683861414,0.9504158254316938
2024-02-01,0.5070229768753052,0.5073400139808655,0.4871430099010467,0.4982469975948334,374171939,,,,,0.017595330545197463,0.017442324899400757,0.034847145006730446,0.04434860398982218,0.5008647101266044,0.5176130344470342,0.9676431557827324
2024-02-02,0.5139579772949219,0.5234689712524414,0.5047330260276794,0.5070300102233887,416712948,,,,,0.01367788194206887,0.01358518403240503,0.0327332059266004,0.04198766854746016,0.5049595619950976,0.5161687662204106,0.9782838386224119
2024-02-03,0.5128610134124756,0.5244770050048828,0.5127080082893372,0.5139889717102051,277537205,,,,,-0.0021343454735732736,-0.0021366264350246435,0.03290386366557666,0.041694796382762134,0.508750992161887,0.5142452329397201,0.9893159130587854
2024-02-04,0.4942559897899627,0.5128819942474365,0.4942559897899627,0.5128819942474365,239201178,,,,,-0.036276931051394845,-0.03695129851723885,0.03697769839766972,0.041147606568579694,0.5093991330691746,0.5126790324846904,0.9936024311358711
2024-02-05,0.4933399856090545,0.5047659873962402,0.4884809851646423,0.4942399859428406,276562781,,,,,-0.0018532990997184307,-0.0018550185833016229,0.021389365537648013,0.04072726544002332,0.5048369893005916,0.5116869320472082,0.9866130199588826
2024-02-06,0.4984630048274994,0.5034210085868835,0.4900850057601928,0.4933820068836212,274076725,,,,,0.010384358389519566,0.010330811322203945,0.02167703331564579,0.03942896983283434,0.5025938493864877,0.5118298987547557,0.9819548459542151
2024-02-07,0.5017729997634888,0.5018439888954163,0.4750449955463409,0.498441994190216,492711608,,,,,0.006640402404858303,0.006618452052010396,0.018283227289800405,0.03560711544421649,0.5030962782246726,0.5105244656403859,0.9854498894457573
2024-02-08,0.5292689800262451,0.5348290205001831,0.5017949938774109,0.5017949938774109,679323504,,,,,0.0547976480913015,0.05334894577446845,0.026743191638402684,0.03554447540113902,0.5062742786748069,0.5111158649126689,0.9905274193774257
2024-02-09,0.5407919883728027,0.54728102684021,0.528348982334137,0.5294489860534668,524686031,,,,,0.02177155431626887,0.021537938729117898,0.027276089119900423,0.0302837886193149,0.5101077088287899,0.510254031419754,0.9997132357963797
2024-02-10,0.5514119863510132,0.5560230016708374,0.5301690101623535,0.5407410264015198,395418510,,,,,0.019637861149099267,0.01944752616611725,0.02725541024114866,0.030067469034830326,0.5156149906771523,0.5092284639676412,1.0125415744826018
2024-02-11,0.5414100289344788,0.5641019940376282,0.5369129776954651,0.5514219999313354,523269115,,,,,-0.01813881029812703,-0.018305335301596275,0.022327287347660443,0.028062433267930263,0.5223512819835118,0.5090310315291087,1.0261678554535067
2024-02-12,0.560030996799469,0.5646119713783264,0.5319479703903198,0.5414329767227173,484749602,,,,,0.034393466817814966,0.033815232540846486,0.022437414382806924,0.028743325510243202,0.5318785692964282,0.5093875308831533,1.0441530996533837
2024-02-13,0.5449960231781006,0.563696026802063,0.5355449914932251,0.5599989891052246,461202155,,,,,-0.02684668117888478,-0.027213635909279273,0.028323209180704193,0.028028700658602607,0.538526143346514,0.5100213646888733,1.055889381565475
2024-02-14,0.5773019790649414,0.5808830261230469,0.5409680008888245,0.5449889898300171,575223913,,,,,0.05927741582122237,0.057586992484820715,0.03269782021642075,0.029861754382754475,0.5493159975324359,0.5116593976815541,1.0735970061754214
2024-02-15,0.6083629727363586,0.6107410192489624,0.5734739899635315,0.5773209929466248,779142077,,,,,0.05380371936664208,0.052406208267406273,0.032539274974720554,0.031145344950172037,0.5606151393481663,0.5140822966893513,1.0905163296975655
2024-02-16,0.5988720059394836,0.6122689843177795,0.5859950184822083,0.6085270047187805,550329852,,,,,-0.015600829146760087,-0.015723802752019345,0.03516765522683344,0.031133008091382773,0.568912284714835,0.5164770642916362,1.1015247801857675
2024-02-17,0.6083459854125977,0.6099179983139038,0.5710020065307617,0.5988940000534058,466411549,,,,,0.01581970668048127,0.015695879354812058,0.03510953181794986,0.029521292458732327,0.5770457131522042,0.5200261294841766,1.1096475358355289
2024-02-18,0.6187340021133423,0.6374850273132324,0.6086390018463135,0.6086390018463135,682968263,,,,,0.017075836694638857,0.016931683307568786,0.032096272149271805,0.029573076559651655,0.5880919950348991,0.5238788962364197,1.1225724098828764
2024-02-19,0.6310629844665527,0.6364780068397522,0.617451012134552,0.6187689900398254,623936416,,,,,0.019926143239420657,0.019730216085748018,0.031452958145329016,0.02951216636560564,0.5982394218444824,0.5277474959691365,1.1335713128224267
2024-02-20,0.6221650242805481,0.6390209794044495,0.6004310250282288,0.631060004234314,820804617,,,,,-0.014099955796846864,-0.014200304565811096,0.028660701544949232,0.029235106766401363,0.6092635648591178,0.5317161639531454,1.1458436025894558
2024-02-21,0.5984579920768738,0.6226670145988464,0.5773760080337524,0.6220899820327759,559139405,,,,,-0.03810409019871919,-0.038849036040445636,0.030115943049402762,0.02853752704724049,0.612285852432251,0.5357146968444189,1.1429327140712546
2024-02-22,0.5859019756317139,0.6068919897079468,0.5822240114212036,0.5984799861907959,507615418,,,,,-0.02098061453166633,-0.021203835352129725,0.022832319138292055,0.02894982989037551,0.6090771385601589,0.5393531292676925,1.1292733934577042
2024-02-23,0.5832419991493225,0.5940210223197937,0.570497989654541,0.5858209729194641,459892758,,,,,-0.004539968446980236,-0.004550305401894769,0.022374156885840425,0.02899080179432631,0.6068442804472787,0.542917995651563,1.117745746701575
2024-02-24,0.5966960191726685,0.5989239811897278,0.5711889863014221,0.5831609964370728,388866047,,,,,0.023067646093678285,0.02280560999707562,0.023536680366199943,0.028652019524556465,0.6051799995558602,0.5472585628430049,1.1058392515814714
2024-02-25,0.5913789868354797,0.5997750163078308,0.5814059972763062,0.5967050194740295,340380261,,,,,-0.008910789022123722,-0.008950727535419482,0.021903563846821406,0.028187356968768635,0.6012721402304513,0.5507947285970052,1.0916446890514424
2024-02-26,0.6197360157966614,0.6216980218887329,0.5752559900283813,0.5913609862327576,587054943,,,,,0.047950687448200524,0.04683653083013732,0.02865953098112299,0.0291099921045869,0.5996540018490383,0.5552418957153956,1.0799869506900597
2024-02-27,0.6242160201072693,0.6289939880371094,0.6112080216407776,0.6197460293769836,746587622,,,,,0.007228891328590725,0.007202888134644209,0.028354193532475442,0.029109707219117303,0.5999470012528556,0.5597251296043396,1.0718600425836664
2024-02-28,0.6310589909553528,0.6580229997634888,0.603052020072937,0.6241959929466248,1200627089,,,,,0.01096250436973345,0.01090285168462868,0.02248331369269167,0.026665785279752146,0.604604286806924,0.5632512629032135,1.0734184308625625
2024-02-29,0.655646026134491,0.7052800059318542,0.6257200241088867,0.6308599710464478,1639531217,,,,,0.03896154801933194,0.03822170278868472,0.020973016902207424,0.026766768800294855,0.614567722593035,0.567967297633489,1.0820477255534129
2024-03-01,0.7190809845924377,0.7190809845924377,0.6545929908752441,0.6554409861564636,935379844,,,,,0.09675183853693414,0.09235293741284656,0.033397169041003726,0.029828175749771087,0.6339732919420514,0.5753281305233637,1.1019334155716312
2024-03-02,0.7409279942512512,0.7613030076026917,0.7188779711723328,0.7190340161323547,1245213176,,,,,0.03038184867479976,0.02992946040805575,0.033252819125938235,0.029990124952568857,0.6545778598104205,0.5831249644358952,1.122534447558162
2024-03-03,0.7282379865646362,0.7416639924049377,0.7019559741020203,0.7410719990730286,907825948,,,,,-0.017127180758555238,-0.017275547427648377,0.03501872768275107,0.030482003387290738,0.6741291454860142,0.5902676314115525,1.1420737130272878
2024-03-04,0.7712939977645874,0.796567976474762,0.7259200215339661,0.7281789779663086,1639201127,,,,,0.05912354476736659,0.05744172154037814,0.03609460345725903,0.031479572299603055,0.6957802857671466,0.5988820642232895,1.1617985031318774
2024-03-05,0.6934900283813477,0.7806950211524963,0.5958080291748047,0.7712979912757874,2145482141,,,,,-0.10087459465357707,-0.10633275997150367,0.06367500935328534,0.03732717125800078,0.7056765726634434,0.6055231988430023,1.1653997303683958
2024-03-06,0.7338209748268127,0.7542889714241028,0.6679329872131348,0.6934890151023865,1221400314,,,,,0.05815649078559959,0.056528234393873535,0.06549088095413076,0.038131516959744656,0.720356856073652,0.6135392318169276,1.1741007236658623
2024-03-07,0.7447419762611389,0.7546200156211853,0.7213649749755859,0.7338460087776184,941680283,,,,,0.014882378412396369,0.014772722441217396,0.06509464083461859,0.03812847278954307,0.7330848489488874,0.6217485308647156,1.1790696922585846
2024-03-08,0.7248539924621582,0.7544599771499634,0.7041710019111633,0.7447389960289001,927800736,,,,,-0.02670452912943788,-0.027067572935054157,0.0576449161758195,0.038824245402198615,0.7339095643588475,0.6291845639546713,1.166445597053333
2024-03-09,0.7437130212783813,0.7461429834365845,0.7233999967575073,0.7248550057411194,605198969,,,,,0.026017693235245165,0.025684991468546758,0.0573130116299832,0.03813713882098808,0.7343074253627232,0.6363326986630757,1.1539677701703694
2024-03-10,0.7172269821166992,0.7442259788513184,0.7053009867668152,0.7437139749526978,644622507,,,,,-0.03561325189137443,-0.036262873843124876,0.05872831502348943,0.0390531514443702,0.7327344247273037,0.6422138651212056,1.1409508024075656
2024-03-11,0.7741900086402893,0.7868829965591431,0.6959819793701172,0.7171519994735718,1342617498,,,,,0.0794211985102391,0.07642497017042589,0.06227154025425314,0.040899848871512635,0.7331481405666896,0.6496397991975148,1.1285456055376084
2024-03-12,0.7480549812316895,0.7750030159950256,0.7166979908943176,0.7741889953613281,998599295,,,,,-0.03375789808305696,-0.03434085306791689,0.04531669050611639,0.04140195316590266,0.7409431338310242,0.6565279642740885,1.1285781781592075
2024-03-13,0.7645800113677979,0.772146999835968,0.7387189865112305,0.7480549812316895,824896066,,,,,0.022090662519083315,0.021850198726664563,0.041195141863813664,0.041229636663752164,0.7453372819083077,0.6633462647596995,1.1236021388894228
2024-03-14,0.7504739761352539,0.8069850206375122,0.7193260192871094,0.7645620107650757,1613619970,,,,,-0.018449390544893918,-0.018621703217375028,0.04191904833651209,0.04098864407672863,0.7461561390331813,0.6701955298582712,1.1133409666145846
2024-03-15,0.7264410257339478,0.7619619965553284,0.6788529753684998,0.7504739761352539,1420031176,,,,,-0.03202369591157528,-0.032547671252676824,0.04257865596364831,0.04073324110579602,0.7463828580720084,0.6751668314139049,1.1054791546986484
2024-03-16,0.6595349907875061,0.7336540222167969,0.6547409892082214,0.7264469861984253,959186468,,,,,-0.0921011239403009,-0.09662227656124524,0.053995700672780034,0.044041079337059044,0.7343574251447406,0.676872565348943,1.0849271528181421
2024-03-17,0.681098997592926,0.6867949962615967,0.6337869763374329,0.6595349907875061,802801116,,,,,0.03269577369909027,0.03217263920993242,0.05611438884947993,0.044218255748692384,0.7291962844984872,0.6796134650707245,1.0729573823594016
2024-03-18,0.6612579822540283,0.6964100003242493,0.6453189849853516,0.681098997592926,802980597,,,,,-0.02913088318881385,-0.02956361193758924,0.04234037178447232,0.04458619739940243,0.7130631378718785,0.6813771982987722,1.0465027882532878
2024-03-19,0.5869140028953552,0.6644840240478516,0.5807110071182251,0.6612579822540283,1139892364,,,,,-0.11242810121589308,-0.11926574819943225,0.05619181815973274,0.04973256524519532,0.6900429981095451,0.6803165316581726,1.0142969720692596
2024-03-20,0.6394810080528259,0.6431609988212585,0.5724959969520569,0.5869140028953552,971939779,,,,,0.08956508943073094,0.0857786160968986,0.07032418613642907,0.0521213000580367,0.6721717119216919,0.6805971324443817,0.9876205465450175
2024-03-21,0.6318680047988892,0.6465219855308533,0.620028018951416,0.6394860148429871,656574365,,,,,-0.011904971622406446,-0.011976403291101365,0.07047758198058615,0.05210133487251369,0.6552280017307827,0.6809205651283264,0.962267899203923
2024-03-22,0.6132630109786987,0.6418319940567017,0.6009119749069214,0.6318730115890503,590758984,,,,,-0.029444430923689535,-0.02988661981925578,0.07043457386857027,0.05189311375494034,0.6390597139086042,0.6814140657583873,0.9378434435417116
2024-03-23,0.6258620023727417,0.6386299729347229,0.6130160093307495,0.6133040189743042,412657715,,,,,0.02054418930947155,0.02033600395640985,0.06396515292047768,0.05183951319227721,0.6342492869922093,0.6827460666497548,0.9289680570471538
2024-03-24,0.6461570262908936,0.6473039984703064,0.6255459785461426,0.6258590221405029,404827847,,,,,0.03242731439392421,0.03191264569358836,0.06393835632678173,0.05210259444944734,0.6292575768062046,0.6848432342211406,0.918834479721257
2024-03-25,0.656948983669281,0.667585015296936,0.6399009823799133,0.6461520195007324,582546405,,,,,0.016701756599840856,0.016563816043960466,0.06366469201352758,0.05203490971100807,0.6286420055798122,0.6868516663710277,0.9152514820284772
2024-03-26,0.6650339961051941,0.6825870275497437,0.6540799736976624,0.656948983669281,618252702,,,,,0.012306910638259172,0.012231796269482885,0.03656011665261779,0.052007963298693234,0.6398020046097892,0.6893068333466847,0.9281817235199273
2024-03-27,0.6484829783439636,0.6701580286026001,0.6327040195465088,0.6650239825248718,656276131,,,,,-0.024887476216497784,-0.025202405634676957,0.02415173212181758,0.05161938513745289,0.6410880003656659,0.6902650654315948,0.928756259691079
2024-03-28,0.6507940292358398,0.6574159860610962,0.6363760232925415,0.6484379768371582,460284723,,,,,0.00356378034436311,0.0035574451262805704,0.023354318744786596,0.051609814978617344,0.6437917181423732,0.6911509990692138,0.9314776640840855
2024-03-29,0.6644030213356018,0.6667490005493164,0.6380280256271362,0.6507959961891174,561835326,,,,,0.020911365944370486,0.02069572439011053,0.01832856379187821,0.051702944350410736,0.6510974339076451,0.6922624667485555,0.940535512441898
2024-03-30,0.6443660259246826,0.668271005153656,0.6430690288543701,0.6644240021705627,401576882,,,,,-0.03015789327784857,-0.030621997309354693,0.02357593866643796,0.051554384088351515,0.6537408658436367,0.6918864667415618,0.9448672539042832
2024-03-31,0.650426983833313,0.6530830264091492,0.6432440280914307,0.6443639993667603,321124603,,,,,0.00940607925430692,0.009362117547365958,0.020490912865667774,0.04853394375072514,0.654350859778268,0.689598000049591,0.9488874093764943
2024-04-01,0.6216840147972107,0.6509559750556946,0.6077139973640442,0.650426983833313,627776275,,,,,-0.0441909234249549,-0.04519709657113175,0.02536070447082537,0.04869577177526952,0.6493130070822579,0.6856232007344564,0.94704059954024
2024-04-02,0.5809869766235352,0.6216959953308105,0.5756779909133911,0.6216850280761719,678945520,,,,,-0.06546257778069242,-0.067703607709807,0.03193804575842058,0.04995781759919118,0.6373062900134495,0.6807148337364197,0.9362309419868196
2024-04-03,0.5712779760360718,0.5940030217170715,0.5667549967765808,0.5809879899024963,485562333,,,,,-0.01671121897411232,-0.016852426774094566,0.03183668728828157,0.04844453654788504,0.626277003969465,0.6740476330121358,0.9291287044074366
2024-04-04,0.582955002784729,0.5960729718208313,0.5620200037956238,0.5712770223617554,495438691,,,,,0.02044018365574085,0.020234086807804127,0.03425993846583322,0.04516677223586903,0.6165857144764492,0.6703631321589152,0.9197786765073506
2024-04-05,0.5748339891433716,0.5842999815940857,0.5620239973068237,0.582955002784729,449048347,,,,,-0.01393077270555021,-0.014028716606346327,0.030404308648115545,0.04362054146142781,0.6037901384489877,0.6650635659694671,0.9078683141645854
2024-04-06,0.5843380093574524,0.5883229970932007,0.5732830166816711,0.5748410224914551,255666150,,,,,0.016533504270065613,0.01639831396616618,0.03293247066663004,0.04365098397101353,0.595214707510812,0.6597167670726776,0.9022276486194571
2024-04-07,0.5894740223884583,0.595881998538971,0.5826889872550964,0.5843790173530579,307767311,,,,,0.008789455672502777,0.008751053267101606,0.03286104943812535,0.043603705983460084,0.5865071415901184,0.6552041014035542,0.8951518165617771
2024-04-08,0.6141589879989624,0.6158120036125183,0.5803520083427429,0.5894719958305359,442630355,,,,,0.04187625692220398,0.041023180926228704,0.03531101411404661,0.044086104390831396,0.5854321377617973,0.6508856336275737,0.8994393293012396
2024-04-09,0.5918930172920227,0.623212993144989,0.5913619995117188,0.6141589879989624,510684784,,,,,-0.036254408291713114,-0.03692792821800391,0.026560862271717608,0.04410181338606203,0.5869901435715812,0.6467078348000844,0.9076589334239878
2024-04-10,0.5862550139427185,0.5934380292892456,0.5648109912872314,0.5918939709663391,504006711,,,,,-0.009525375675318304,-0.009571032228058725,0.025801202667870643,0.04123411573526822,0.5891297204153878,0.640443334976832,0.9198779786453699
2024-04-11,0.5861909985542297,0.5938820242881775,0.5773509740829468,0.5862540006637573,341309183,,,,,-0.00010919375863116532,-0.00010919972070364533,0.024752450036046907,0.040989293568130324,0.5895920055253165,0.6350478688875835,0.9284213590986579
2024-04-12,0.5035750269889832,0.5914559960365295,0.4611929953098297,0.5861909985542297,1135242920,,,,,-0.14093695019031172,-0.15191296061149928,0.06332313517744385,0.04824242584955665,0.5794121537889753,0.6263477027416229,0.9250647064766051
2024-04-13,0.4479080140590668,0.515500009059906,0.409072995185852,0.5035790205001831,1242820013,,,,,-0.11054363291755176,-0.1171448263874965,0.07061097277996976,0.05179613755741208,0.5599221544606345,0.6162621706724167,0.9085778441498228
2024-04-14,0.4689109921455383,0.4772740006446838,0.4382700026035309,0.4479100108146667,961018766,,,,,0.04689127550127248,0.04582508265792894,0.07589349831150163,0.052958941469230164,0.5426988644259316,0.6076778362194697,0.8930700316506687
2024-04-15,0.460794985294342,0.494594007730484,0.4421370029449463,0.4689109921455383,718712831,,,,,-0.01730820344829387,-0.017459741514981787,0.06936481407197292,0.05065267795376616,0.5207897211824145,0.6010531693696975,0.8664619832693797
2024-04-16,0.4586049914360046,0.4768469929695129,0.4404790103435516,0.460792988538742,518202801,,,,,-0.004752642559550657,-0.004763972276851277,0.07073460541985387,0.049987678791647984,0.5017485746315546,0.5936367024978002,0.8452115115530848
2024-04-17,0.4442949891090393,0.4642679989337921,0.4309110045433044,0.4586069881916046,486409083,,,,,-0.03120332877790355,-0.03170052272965254,0.06982180922906182,0.0500133398888869,0.48146857108388624,0.5864046027263006,0.8210518281156938
2024-04-18,0.4581440091133117,0.4599049985408783,0.4364219903945923,0.4442990124225616,409488158,,,,,0.031170776947190726,0.030694833361526203,0.0735950373945624,0.04641731517895126,0.46317614402089796,0.5821122696002324,0.795681809522733
2024-04-19,0.4687840044498443,0.4752619862556457,0.4257020056247711,0.4581429958343506,598092967,,,,,0.023224128494280905,0.022958552410128282,0.054608308745001014,0.04334412400163328,0.4582059979438781,0.576422369480133,0.7949136296655653
2024-04-20,0.5059080123901367,0.507407009601593,0.4667750000953674,0.4687840044498443,536707766,,,,,0.07919213878438636,0.07621274158575535,0.03784150811396092,0.046130992420211715,0.46649171199117384,0.5722237030665079,0.8152261248376753
2024-04-21,0.4992919862270355,0.5122659802436829,0.4915710091590881,0.5059080123901367,354417377,,,,,-0.013077527932092048,-0.013163791703797301,0.03701437478465403,0.04595072319805322,0.4708318540028163,0.5684246689081192,0.82831002902677
2024-04-22,0.516884982585907,0.5218070149421692,0.496845006942749,0.4992899894714355,402921410,,,,,0.03523588770533892,0.03462931157601989,0.03603891385755532,0.04631501671295805,0.4788447107587542,0.5647921015818914,0.8478247295200969
2024-04-23,0.5001959800720215,0.520421028137207,0.4985989928245544,0.516884982585907,403597295,,,,,-0.0322876521395391,-0.03282039716790513,0.04011574938733536,0.045976313941199665,0.48478628056389944,0.5599267333745956,0.865803062558139
2024-04-24,0.4749099910259247,0.5098400115966797,0.4706850051879883,0.5001959800720215,496433039,,,,,-0.050552163658844185,-0.051874688268270394,0.04431692481637359,0.046384118180014686,0.48915985226631165,0.5538587669531504,0.8831851754504927
2024-04-25,0.4710200130939483,0.4792329967021942,0.4635689854621887,0.4749009907245636,348258880,,,,,-0.008190979354999572,-0.008224709742612454,0.043653964606677,0.04618354297768123,0.4909992814064026,0.5473916341861089,0.8969798782848527
2024-04-26,0.4627290070056915,0.4781500101089477,0.4622350037097931,0.4710200130939483,317917276,,,,,-0.01760223739496003,-0.017758999070435585,0.04341255852797283,0.0461273391073473,0.4901342817715236,0.5411998351414998,0.9056438120373321
2024-04-27,0.4670319855213165,0.4689350128173828,0.4508860111236572,0.4627290070056915,313367220,,,,,0.00929913286281625,0.009256162115192122,0.02797628500171594,0.046202092991511665,0.4845805636474064,0.535074433684349,0.9056320637686645
2024-04-28,0.4604740142822265,0.4773350059986114,0.4599190056324005,0.4670319855213165,250671885,,,,,-0.014041803222042182,-0.014141322055189434,0.027988862756689763,0.04581258432202122,0.4790351390838623,0.5282768001159032,0.9067881439782377
2024-04-29,0.4573650062084198,0.4630610048770904,0.4481160044670105,0.4604820013046264,301014261,,,,,-0.006751755750328159,-0.006774651971173974,0.019767962931101477,0.04568901891627542,0.47053228531564983,0.5220434327920278,0.9013278508248201
2024-04-30,0.4408119916915893,0.4623849987983703,0.4277440011501312,0.4573630094528198,409016669,,,,,-0.036192131650070625,-0.036863310926754024,0.02034170100489178,0.04574320215738139,0.4620488584041595,0.5150562663873036,0.8970842382814842
2024-05-01,0.4498659968376159,0.4560829997062683,0.4195039868354797,0.4408150017261505,526114091,,,,,0.02053938031785929,0.020331291761687565,0.01856321762289254,0.045715628920688006,0.4584711449486868,0.5093289991219838,0.9001473423642297
2024-05-02,0.4582819938659668,0.4610069990158081,0.4408609867095947,0.4498659968376159,357372995,,,,,0.018707786513121993,0.0185349481628811,0.02103713029628695,0.04471337136319728,0.456651427916118,0.5052388330300649,0.9038327976047407
2024-05-03,0.4675439894199371,0.4728150069713592,0.4473670125007629,0.4582839906215668,331867585,,,,,0.020210254118513626,0.020008737542742308,0.021727094204230708,0.044964867770483016,0.4573392825467245,0.5017810334761937,0.9114319833462224
2024-05-04,0.463577002286911,0.4745520055294037,0.4633669853210449,0.4675439894199371,245730966,,,,,-0.008484735603055737,-0.008520935884166551,0.021705459858085183,0.04467693748011613,0.45684571351323805,0.4978017667929331,0.9177261793513657
2024-05-05,0.4583339989185333,0.4652009904384613,0.4535560011863708,0.463577002286911,239700527,,,,,-0.011309886690912152,-0.01137432981642653,0.02145124990362784,0.0446664717022265,0.4565399970327105,0.4939184337854385,0.9243226528998805
2024-05-06,0.4542880058288574,0.4746440052986145,0.4530990123748779,0.4583339989185333,351154325,,,,,-0.00882760846723718,-0.008866802633852493,0.02156482943442983,0.04443696825084782,0.45610042554991587,0.48958343366781865,0.9316091889240253
2024-05-07,0.4418730139732361,0.4557110071182251,0.4418120086193084,0.4542889893054962,307476823,,,,,-0.02732846057198879,-0.02770882888711236,0.01916946688142256,0.044450535749188884,0.4562520001615797,0.4846634000539779,0.9413791099364343
2024-05-08,0.4525530040264129,0.4674730002880096,0.4380050003528595,0.4418730139732361,505082625,,,,,0.02416981738066437,0.02388235015363851,0.019822442690115787,0.04388385282876954,0.4566358583314078,0.4792765339215596,0.952760725827947
2024-05-09,0.4635010063648224,0.464136004447937,0.4484330117702484,0.4525530040264129,318406873,,,,,0.024191646593888283,0.023903663982870953,0.020704926818660284,0.04401045002522878,0.45738143154553007,0.47499680022398627,0.962914763488618
2024-05-10,0.4482499957084656,0.4676989912986755,0.4444650113582611,0.4635030031204223,309333437,,,,,-0.032903942919063955,-0.03345745332167608,0.02256776154414443,0.044252439310382426,0.4546251467296055,0.4703966329495112,0.9664719406662963
2024-05-11,0.4388760030269623,0.4505470097064972,0.4385429918766022,0.4482499957084656,188484210,,,,,-0.0209124211293914,-0.021134182975069186,0.02329259853431098,0.044274133342489634,0.45109643254961285,0.46548613309860226,0.9690867256276756
2024-05-12,0.4376530051231384,0.4425640106201172,0.4352509975433349,0.4388760030269623,158134071,,,,,-0.002786659319235385,-0.0027905492826653753,0.02330037665396517,0.03519017869706481,0.44814200486455646,0.4632887323697407,0.9673060740594572
2024-05-13,0.4365400075912475,0.4521450102329254,0.426158994436264,0.4376530051231384,378773938,,,,,-0.0025431049686903684,-0.002546344153020517,0.023320167381838865,0.028057730504491292,0.4456065765448979,0.46290979882081346,0.9626207474544874
2024-05-14,0.428068995475769,0.4378139972686767,0.4269979894161224,0.4365440011024475,313435137,,,,,-0.01940489294949188,-0.0195956395281076,0.022219230774094437,0.02681939451042081,0.44363457390240263,0.46154839893182115,0.9611875481078969
2024-05-15,0.4529879987239837,0.4545879960060119,0.4267500042915344,0.428068995475769,357450532,,,,,0.05821258608210811,0.056581245276648935,0.03092195984470691,0.028781455691417098,0.44369671600205557,0.46128816604614253,0.9618645104320164
2024-05-16,0.4596950113773346,0.4619759917259216,0.4495519995689392,0.4529959857463836,367462393,,,,,0.014806159704547905,0.01469761859503319,0.029922288663058027,0.028902728138241497,0.44315300243241446,0.46132450004418685,0.9606101613722404
2024-05-17,0.4819999933242798,0.4899449944496155,0.4559740126132965,0.4596959948539734,447612110,,,,,0.04852126169504256,0.04738084935647183,0.03096905859747366,0.02950435784624414,0.44797443066324505,0.4625813335180282,0.9684230603433679
2024-05-18,0.4824079871177673,0.4855139851570129,0.4765500128269195,0.4819999933242798,240076401,,,,,0.0008464601641871017,0.0008461021188155075,0.028236055008874238,0.029027716236697188,0.4541932855333601,0.46339013278484337,0.9801531223890918
2024-05-19,0.467602014541626,0.483018010854721,0.4656000137329101,0.4824079871177673,250323995,,,,,-0.03069180646158498,-0.031172664472345003,0.032658409456222066,0.029342709399789765,0.45847171545028687,0.4633507331212361,0.9894701414669552
2024-05-20,0.5017579793930054,0.5017579793930054,0.4622139930725097,0.467602014541626,541119800,,,,,0.07304494803099026,0.07050035282803838,0.03919937156374968,0.028844835719795334,0.4677885685648237,0.4632123986879984,1.0098792042047813
2024-05-21,0.4947740137577057,0.5089679956436157,0.4911060035228729,0.5017489790916443,554313310,,,,,-0.013918992666042795,-0.014016770214737096,0.0383093524993576,0.028858396058520426,0.47731785689081463,0.4630617996056874,1.0307865112113908
2024-05-22,0.4831269979476928,0.4949240088462829,0.4760960042476654,0.4947740137577057,416480856,,,,,-0.023540071802793827,-0.023821565659783994,0.03780413593153986,0.028387938741016625,0.4816234282084873,0.46193653345108027,1.0426181809226653
2024-05-23,0.4653300046920776,0.4876349866390228,0.4485819935798645,0.483130007982254,612724804,,,,,-0.03683709114004441,-0.037532713412443484,0.04151130619205096,0.02857533574372172,0.4824284272534506,0.4607743342717488,1.0469950068202605
2024-05-24,0.4594939947128296,0.4689159989356994,0.4555329978466034,0.4653300046920776,355406774,,,,,-0.012541658436811653,-0.012620968855500878,0.03639603050025295,0.02709241440389497,0.479213284594672,0.46026046772797896,1.0411784591456472
2024-05-25,0.4620720148086548,0.4642710089683532,0.4581339955329895,0.4594979882240295,238476411,,,,,0.005610563196666751,0.005594882610912613,0.036606627325779025,0.02708458145282774,0.47630814569337027,0.4599622011184692,1.0355375822951394
2024-05-26,0.4583750069141388,0.462363988161087,0.4564299881458282,0.4620720148086548,225636000,,,,,-0.008000934434531648,-0.008033113668001914,0.034979328841343,0.026930366047705212,0.4749900017465864,0.4598170677820841,1.0329977615613282
2024-05-27,0.4679630100727081,0.4739989936351776,0.4571979939937591,0.4583750069141388,323304261,,,,,0.020917377723356667,0.02070161301226343,0.01898129532427918,0.027150805617030354,0.4701621489865439,0.45984810193379716,1.022429247852439
2024-05-28,0.4569900035858154,0.468436986207962,0.4531149864196777,0.4679630100727081,418594476,,,,,-0.02344844838310578,-0.02372773782446171,0.01966949774825613,0.027379239004746182,0.46476443324770245,0.4597319682439168,1.0109465196057794
2024-05-29,0.450994998216629,0.4631069898605346,0.4509139955043793,0.4569900035858154,350482630,,,,,-0.013118460627466688,-0.013205267650895651,0.01894335660949123,0.02745711884787107,0.4601741475718362,0.4595196346441905,1.0014243415913067
2024-05-30,0.4465810060501098,0.4545460045337677,0.4438070058822632,0.450994998216629,356151973,,,,,-0.009787230865028307,-0.009835440626981471,0.014584113949689784,0.026653370038101365,0.45749571919441223,0.45971193512280784,0.9951791203162834
2024-05-31,0.4474610090255737,0.4549570083618164,0.4444609880447387,0.4465810060501098,290913148,,,,,0.0019705338192665955,0.0019685948642665894,0.014501658289450336,0.02639021071569076,0.45577672123908997,0.4596317688624064,0.9916127476722122
2024-06-01,0.4499750137329101,0.4525839984416961,0.4452539980411529,0.4474610090255737,167918462,,,,,0.0056183771471196575,0.005602652935112114,0.014502496751362906,0.02617876382882685,0.45404857822826933,0.45935486952463783,0.9884483834864759
2024-06-02,0.4464940130710602,0.4532549977302551,0.4424220025539398,0.4499759972095489,253094562,,,,,-0.007735986567281139,-0.00776606453361108,0.014489819762825562,0.02591423419120638,0.4523512933935438,0.45865320364634193,0.9862599667838418
2024-06-03,0.4570359885692596,0.4623570144176483,0.4444450139999389,0.446494996547699,317221002,,,,,0.023610564060400074,0.023336145746919196,0.015245351229375722,0.02626841357597277,0.4507902903216225,0.45843516985575355,0.9833239680617512
2024-06-04,0.4614849984645843,0.4651800096035003,0.4531109929084778,0.4570379853248596,309168258,,,,,0.00973448482525896,0.00968740998087972,0.012854486467369322,0.02624847711501414,0.4514324324471609,0.4585402031739553,0.9844991329493132
2024-06-05,0.4611749947071075,0.464711993932724,0.4577569961547851,0.4614849984645843,300839736,,,,,-0.0006717526214464753,-0.0006719783483327647,0.011254692126679882,0.026193144524511467,0.4528867176600864,0.45876976946989695,0.9871764614817399
2024-06-06,0.4581019878387451,0.4618650078773498,0.4523389935493469,0.4611749947071075,281512944,,,,,-0.006663429074930782,-0.006685728835568702,0.010696316004038054,0.025688749280182333,0.45453257220132004,0.45931073526541394,0.9895971012710321
2024-06-07,0.4496429860591888,0.4884360134601593,0.4344229996204376,0.4580999910831451,864294102,,,,,-0.018465324325407595,-0.01863793662367146,0.013658122215853172,0.025566969990862068,0.4548442832061222,0.45921373466650645,0.9904849286279351
2024-06-08,0.4365710020065307,0.4496389925479889,0.4334540069103241,0.4496389925479889,384756660,,,,,-0.029071918072658076,-0.02950287942009235,0.01746916689725906,0.025688733471305805,0.45292942438806805,0.4583160678545634,0.9882468806042282
2024-06-09,0.4441060125827789,0.4457190036773681,0.4332570135593414,0.4365560114383697,331925354,,,,,0.01725953061842489,0.017112276858894496,0.01910534994991492,0.025207691760388097,0.45258828146117075,0.4581779350837072,0.9878002557641383
2024-06-10,0.4404610097408294,0.4500879943370819,0.4360269904136657,0.4441010057926178,477499641,,,,,-0.008207506177976054,-0.008241373193266559,0.01593005228618268,0.024948991254719114,0.4502204273428236,0.45823076864083606,0.9825189798542511
2024-06-11,0.4218910038471222,0.4409379959106445,0.4145309925079345,0.4404650032520294,600659902,,,,,-0.04216038533043809,-0.04307493186465765,0.019704636883468966,0.026165496287065233,0.44456414239747183,0.4577053685983022,0.9712888965207582
2024-06-12,0.4377959966659546,0.4438050091266632,0.4159930050373077,0.421900987625122,451504328,,,,,0.037699293594313676,0.03700604488714061,0.027268689894557184,0.027077091039736035,0.44122428553445,0.45774723490079244,0.9639037702326624
2024-06-13,0.4211849868297577,0.4386430084705353,0.4197529852390289,0.4378179907798767,385849589,,,,,-0.03794235206054519,-0.03868090501887885,0.02969618211439893,0.02777100580843213,0.4359504282474518,0.4575177679459254,0.9528601046571317
2024-06-14,0.4116829931735992,0.4241209924221039,0.4034099876880646,0.4211780130863189,370827765,,,,,-0.022560143293994472,-0.02281851668201124,0.029893246750571745,0.02585698122618266,0.430527572120939,0.45614093442757925,0.9438477006261606
2024-06-15,0.4136950075626373,0.4150510132312774,0.4089049994945526,0.4116860032081604,209246354,,,,,0.004887290518191589,0.004875386483781304,0.029474519845330005,0.02568432110379567,0.42725957291466843,0.45460760096708935,0.9398425631374325
2024-06-16,0.4163790047168731,0.4181280136108398,0.4101049900054931,0.4137240052223205,172902870,,,,,0.0064878645020376435,0.006466908898382185,0.02822996105217829,0.02391388415914961,0.4232985717909676,0.4524202346801758,0.935631387243776
2024-06-17,0.4017579853534698,0.4199869930744171,0.393655002117157,0.4163880050182342,385694374,,,,,-0.03511468925611472,-0.035746033676316666,0.029935361626234384,0.024536924453556277,0.4177695683070591,0.44973190128803253,0.9289302518023888
2024-06-18,0.3835799992084503,0.4022159874439239,0.366576999425888,0.4017260074615478,593952964,,,,,-0.045246110364244196,-0.04630167890130049,0.030492818756529615,0.025216118471881876,0.41229656764439165,0.44693116744359335,0.92250574065508
2024-06-19,0.3837909996509552,0.3972490131855011,0.3809620141983032,0.3835650086402893,295424813,,,,,0.0005500819723143202,0.0005499307326864412,0.022465786059163904,0.020663943281284423,0.40458156807082035,0.442998934785525,0.9132788733830609
2024-06-20,0.3842439949512481,0.3967899978160858,0.3790139853954315,0.3837909996509552,286206619,,,,,0.0011803176747366972,0.0011796216474650731,0.021625021246851867,0.020721229221554675,0.39930428351674757,0.43931460082530976,0.9089255917435988
2024-06-21,0.3760519921779632,0.3903419971466064,0.3746080100536346,0.3842479884624481,272257203,,,,,-0.02131979388337424,-0.02155034342370471,0.021535290598089257,0.020667124017394203,0.394214140517371,0.43574543396631876,0.9046890908966865
2024-06-22,0.3848119974136352,0.3895919919013977,0.3719370067119598,0.3760510087013244,241766850,,,,,0.02329466514706402,0.0230274857158279,0.024871450350619533,0.02067619450146869,0.39008799621037077,0.43306150039037067,0.9007681261408306
2024-06-23,0.3803029954433441,0.3922950029373169,0.3803029954433441,0.3847939968109131,202392727,,,,,-0.011717415258870822,-0.011786605184855168,0.023747234140691287,0.020668004351846896,0.3849342805998666,0.43042180041472117,0.8943187362465695
2024-06-24,0.3777649998664856,0.3808999955654144,0.3666630089282989,0.3802250027656555,385357807,,,,,-0.006673614479159706,-0.00669598261736492,0.021534068765485494,0.02054543295995563,0.38150671124458313,0.4276115665833155,0.8921805233026845
2024-06-25,0.3918589949607849,0.3967339992523193,0.3773669898509979,0.3777549862861633,262214296,,,,,0.037308896004872416,0.0366297595346254,0.020235014094675083,0.02201242859836166,0.38268942492348806,0.4253943661848704,0.8996109383291094
2024-06-26,0.3847500085830688,0.3945339918136596,0.3837330043315887,0.3918609917163849,258516129,,,,,-0.018141695020749915,-0.018308273320626695,0.021816952683391483,0.02157587088451632,0.3828264261995043,0.4226205994685491,0.9058394850627574
2024-06-27,0.3907009959220886,0.393204003572464,0.3780690133571625,0.3847509920597076,254822331,,,,,0.015467153232655573,0.015348756101741991,0.02255099952849107,0.021680894412176046,0.38374885490962435,0.4204109658797582,0.9127945892338604
2024-06-28,0.3854260146617889,0.3951709866523742,0.3851920068264007,0.3907090127468109,296816495,,,,,-0.013501325349453808,-0.013593297006891348,0.021310070048931793,0.021685935216162012,0.38508800097874235,0.41822533309459686,0.9207667984369582
2024-06-29,0.3839649856090545,0.4020240008831024,0.3837949931621551,0.3854149878025055,230567794,,,,,-0.0037906861424920058,-0.003797889001487623,0.01955669002604573,0.021669796958799715,0.3849669992923736,0.4161381324132283,0.9250942639164308
2024-06-30,0.392192006111145,0.3932330012321472,0.3791939914226532,0.3839679956436157,194815973,,,,,0.021426486295464287,0.0212001662594634,0.020292152977445764,0.022162995719148617,0.3866654293877737,0.4142958323160807,0.9333075527845841
2024-07-01,0.4029070138931274,0.4075619876384735,0.3914720118045807,0.3921349942684173,256575826,,,,,0.027320821472699208,0.026954269186830353,0.021191985207142085,0.022827964523981163,0.39025714567729397,0.4127268989880879,0.9455578171282641
2024-07-02,0.4177750051021576,0.4187830090522766,0.4028500020503998,0.402877002954483,260819618,,,,,0.03690179296053153,0.03623722173532271,0.02110767165867984,0.02394300826214375,0.39395943284034723,0.41176959872245783,0.956747253956174
2024-07-03,0.4067380130290985,0.4219099879264831,0.4012979865074157,0.4177840054035187,391834481,,,,,-0.026418507422099724,-0.026773746756239742,0.02309221368047229,0.023846652699579474,0.3971005763326372,0.4100929995377858,0.9683183492042237
2024-07-04,0.3628590106964111,0.4126319885253906,0.3628590106964111,0.4067209959030151,575895856,,,,,-0.1078802593490279,-0.11415491701334439,0.051081190205352935,0.031047728654639287,0.3931231498718261,0.40680546661218003,0.9663664383512386
2024-07-05,0.3498849868774414,0.3627130091190338,0.3209550082683563,0.3627130091190338,772752357,,,,,-0.03575499970103946,-0.03640986697443394,0.052026144778479916,0.031439428765784046,0.38804586018834797,0.40309579968452447,0.9626641123327133
2024-07-06,0.3712210059165954,0.3729360103607178,0.3485420048236847,0.3499079942703247,288462471,,,,,0.06098009300018248,0.05919309696778173,0.059025469104246636,0.03383126473093229,0.3862252916608538,0.4001997669537862,0.9650812507980643
2024-07-07,0.3466179966926574,0.3711839914321899,0.345892995595932,0.3711839914321899,254988837,,,,,-0.06627590796805749,-0.06857428907057166,0.06210192236532924,0.03560508019304117,0.37971471888678415,0.39676560064156846,0.9570253022761724
2024-07-08,0.3690069913864136,0.3788749873638153,0.3333429992198944,0.3466449975967407,506143395,,,,,0.06459270697824793,0.0625922912523564,0.06758638549026569,0.037658318739897334,0.37487185852868216,0.39451346695423123,0.9502130850508387
2024-07-09,0.375328004360199,0.3805429935455322,0.3637779951095581,0.3689649999141693,272785226,,,,,0.017129791904582747,0.01698473124844357,0.06563339087397749,0.03765567274695435,0.36880800127983093,0.3922208666801452,0.9403069357362687
2024-07-10,0.3888350129127502,0.3896229863166809,0.3725129961967468,0.3753710091114044,251166038,,,,,0.035987212240066846,0.03535480036349208,0.06798290171945315,0.03838474461021548,0.36625042983463835,0.3905000001192092,0.9379012284835644
2024-07-11,0.3958170115947723,0.4041309952735901,0.3856379985809326,0.3888030052185058,313288172,,,,,0.017956198516486888,0.017796890205086104,0.04869148619425513,0.03786179491294121,0.37095871567726135,0.3896308670441309,0.9520773302471576
2024-07-12,0.4165239930152893,0.4176590144634247,0.3942590057849884,0.3958359956741333,354134954,,,,,0.052314531245353235,0.05099205370221658,0.04516150938246405,0.0384419195975807,0.3804785736969539,0.3889218002557754,0.9782906832343449
2024-07-13,0.441415011882782,0.4451799988746643,0.412321001291275,0.4165270030498504,365695869,,,,,0.05975890773374726,0.058041436720116864,0.04501765108237911,0.03927690640078949,0.39050628883498056,0.38959613442420954,1.0023361484633726
2024-07-14,0.4323480129241943,0.4444949924945831,0.4261650145053863,0.4414370059967041,355552828,,,,,-0.020540758049695573,-0.020754653540075826,0.02942492804421428,0.03923451155877872,0.4027534340109144,0.39028496841589605,1.0319470812458544
2024-07-15,0.4455820024013519,0.4455820024013519,0.4321660101413727,0.4323689937591553,466472243,,,,,0.030609576270859362,0.03015044880638679,0.02609086775038594,0.03957642935806094,0.41369272129876267,0.3913478682438532,1.0570971630819928
2024-07-16,0.4381889998912811,0.4521940052509308,0.4273859858512878,0.4454919993877411,485890791,,,,,-0.01659178887438917,-0.016730974308008975,0.030902849206788836,0.039722103053929536,0.4226728635174887,0.3920748680830001,1.0780412057117905
2024-07-17,0.4367479979991913,0.4552229940891266,0.4367240071296692,0.4382260143756866,389017769,,,,,-0.003288539631180365,-0.0032939587615782376,0.03158941496954334,0.039104206740997106,0.42951757567269455,0.3932412018378575,1.0922496769547425
2024-07-18,0.423905998468399,0.4486640095710754,0.4208140075206756,0.4366900026798248,338163499,,,,,-0.029403682649086993,-0.029844636216742815,0.036098916020934076,0.0385026831168497,0.43353028808321264,0.39458540181318913,1.0986982440076722
2024-07-19,0.4390339851379394,0.4427649974822998,0.4159309864044189,0.4238980114459991,340393258,,,,,0.035687125740609504,0.03506509604457035,0.033476132346948996,0.03892998714773126,0.43674600124359125,0.39642683466275525,1.1017064513686012
2024-07-20,0.4376370012760162,0.4416719973087311,0.4288130104541778,0.4390330016613006,250105075,,,,,-0.0031819492549860495,-0.0031870224200777437,0.025001486967977923,0.03895092010685284,0.4362062854426247,0.39820660154024756,1.095427056596741
2024-07-21,0.4460769891738891,0.4484730064868927,0.4189580082893371,0.4376370012760162,333865949,,,,,0.019285361779887156,0.019101756037296302,0.024343096671450758,0.038725738842743634,0.4381675677640097,0.4005407681067784,1.0939399997535346
2024-07-22,0.4265469908714294,0.4494009912014007,0.4253439903259277,0.446056991815567,546207226,,,,,-0.043781676204881714,-0.04476901983306462,0.027440967205646517,0.03964645682184472,0.43544828040259226,0.4019319345553715,1.0833881136722752
2024-07-23,0.4100970029830932,0.429298996925354,0.4046249985694885,0.4265469908714294,348574391,,,,,-0.038565476349344485,-0.03932881439932872,0.030083313634819687,0.040324123941315085,0.43143513798713684,0.4029250681400299,1.0707577465425873
2024-07-24,0.4068470001220703,0.4208729863166809,0.4046860039234161,0.4100889861583709,335809825,,,,,-0.00792496125887776,-0.007956530665858885,0.029975324575911733,0.04033470735309403,0.4271635668618338,0.40389446814854935,1.0576118282083682
2024-07-25,0.3946709930896759,0.4078739881515503,0.3828249871730804,0.4068470001220703,359539415,,,,,-0.02992772965940793,-0.030384704754340866,0.03003515607082488,0.040233329933151936,0.4229871375220163,0.40398820141951236,1.04702844299845
2024-07-26,0.4177469909191131,0.4195719957351684,0.3945859968662262,0.3946720063686371,265380415,,,,,0.05846894814535797,0.056823475447185134,0.03602919367024602,0.04136158660515959,0.4199461383478981,0.40508810083071384,1.0366785335997648
2024-07-27,0.4181979894638061,0.4286850094795227,0.4141010046005249,0.4177460074424743,430162296,,,,,0.001079597350780892,0.0010790150046561882,0.03614231788618419,0.04129361365881706,0.4171691366604396,0.40600466728210444,1.027498376935105
2024-07-28,0.4073869884014129,0.420287013053894,0.4056000113487243,0.4181950092315674,261455853,,,,,-0.025851394159628893,-0.02619141424625021,0.03482738591572486,0.041523884810204865,0.41164199369294296,0.40673669974009197,1.012060121341363
2024-07-29,0.404013991355896,0.4264369904994964,0.4037829935550689,0.4073869884014129,328634235,,,,,-0.008279589534149201,-0.00831405571128704,0.031879154926228746,0.04155323175230394,0.40842299376215246,0.40740499993165336,1.0024987268950305
2024-07-30,0.4016799926757812,0.4069769978523254,0.3960820138454437,0.404008001089096,277821308,,,,,-0.005777024385422269,-0.005793775938037758,0.028704970790725183,0.04140834865019062,0.4072205637182508,0.40772126615047455,0.9987719491873673
2024-07-31,0.3887729942798614,0.4074009954929352,0.3879599869251251,0.4016770124435425,282132846,,,,,-0.03213253991053966,-0.0326601224753356,0.030859023527250434,0.04154000130640308,0.4046385628836496,0.4072501321633657,0.9935873089448907
2024-08-01,0.3927060067653656,0.3950749933719635,0.3699960112571716,0.3887740075588226,348062632,,,,,0.010116475535522973,0.010065646516460386,0.029391594899440234,0.04099815921399063,0.4043578505516052,0.4064144988854726,0.9949395301114813
2024-08-02,0.3638220131397247,0.3942629992961883,0.3602890074253082,0.3927060067653656,391092412,,,,,-0.07355118874690036,-0.07639648437494291,0.029055592438752574,0.04298252062960618,0.3966542822974069,0.40498396555582683,0.9794320665338251
2024-08-03,0.364095002412796,0.3724839985370636,0.3503499925136566,0.3638220131397247,309403901,,,,,0.0007503374265771523,0.0007500560641859825,0.02901653934339547,0.037582410218932986,0.3889252841472626,0.40502516527970633,0.960249677026055
2024-08-04,0.3439379930496216,0.3669930100440979,0.3355689942836761,0.3641059994697571,317908629,,,,,-0.05536195012180156,-0.0569534408596646,0.03229196317314489,0.03844803677835334,0.3798611419541495,0.40482693215211235,0.9383297201467267
2024-08-05,0.3131549954414367,0.3454689979553222,0.2798860073089599,0.3439379930496216,1211794401,,,,,-0.08950159107238742,-0.09376312728704728,0.04041988234590378,0.04034435078492912,0.3668812853949411,0.40289139846960703,0.91062079455791
2024-08-06,0.3307819962501526,0.3361400067806244,0.312514990568161,0.3131560087203979,401715322,,,,,0.056288422874647415,0.05476127571368768,0.05268072101585465,0.039995802001144824,0.3567530001912798,0.40236353178819023,0.886643475381063
2024-08-07,0.3236980140209198,0.340582013130188,0.3170709908008575,0.3307819962501526,346795316,,,,,-0.02141586395130024,-0.02164851112229658,0.0526738036778599,0.038255919553018436,0.34745657444000244,0.40085323254267374,0.8667924971841487
2024-08-08,0.3518140017986297,0.3530629873275757,0.3203170001506805,0.3237009942531585,326623648,,,,,0.08685869718030714,0.08329160629481715,0.06652052261043785,0.04132441186368869,0.34161485944475445,0.4000694324572881,0.8538889295953038
2024-08-09,0.3485470116138458,0.3538700044155121,0.3375079929828644,0.3518140017986297,275869404,,,,,-0.009286128943366556,-0.009329513832739493,0.060916547380955866,0.04072671480063825,0.3394327163696289,0.39872649908065794,0.8512920940851876
2024-08-10,0.3462890088558197,0.3517650067806244,0.3452729880809784,0.3485470116138458,155114866,,,,,-0.006478330563131518,-0.006499406018394751,0.060841715323972395,0.04052668673511126,0.3368890030043466,0.3970755656560262,0.8484254185919431
2024-08-11,0.3283219933509826,0.3562749922275543,0.3280369937419891,0.3462919890880584,203353395,,,,,-0.0518844521349443,-0.053278898220999064,0.06035443264204793,0.04007611033133239,0.33465814590454096,0.39413549900054934,0.8490941484671355
2024-08-12,0.3389770090579986,0.3439779877662658,0.3280520141124725,0.3283190131187439,276146893,,,,,0.032452945348761864,0.03193747130245167,0.04742715589100731,0.03885921945019897,0.3383470049926212,0.3907208989063899,0.8659557396075797
2024-08-13,0.3401539921760559,0.3446559906005859,0.3318899869918823,0.3389770090579986,208538494,,,,,0.003472162083582253,0.0034661480459366456,0.04338697455473078,0.03885392840513686,0.33968586155346453,0.3876477648814519,0.8762745263276449
2024-08-14,0.3354550004005432,0.345194011926651,0.3324370086193084,0.340146005153656,206602286,,,,,-0.013814307294916617,-0.013910612795740549,0.042718268539255005,0.03818939332441126,0.3413654310362679,0.3839768648147583,0.889026038589467
2024-08-15,0.3253529965877533,0.3413679897785187,0.3214839994907379,0.3354560136795044,243240095,,,,,-0.03011433366838423,-0.03057708419311562,0.026630114323934837,0.03836352906651307,0.33758528743471417,0.3802156647046407,0.8878784299877738
2024-08-16,0.3304719924926758,0.3449530005455017,0.3210189938545227,0.3253529965877533,333621595,,,,,0.015733667612130908,0.015611176615036132,0.028518920317702277,0.03863054425081673,0.3350031418459756,0.37667313118775686,0.8893736083314889
2024-08-17,0.3368859887123108,0.3386040031909942,0.3285149931907654,0.3304719924926758,164578014,,,,,0.0194085924536469,0.01922264782064017,0.03028771648473871,0.0387689504608207,0.33365985325404574,0.3737724641958872,0.8926817388002686
2024-08-18,0.3348309993743896,0.339598000049591,0.3337959945201874,0.336887001991272,147715225,,,,,-0.006099954900992022,-0.006118635632377852,0.021432381448551276,0.03792388453616709,0.3345897112573896,0.37029903133710224,0.9035662611625775
2024-08-19,0.3367530107498169,0.3375450074672699,0.3288420140743255,0.3348309993743896,205948260,,,,,0.00574024322424882,0.005723830805675829,0.01740548964147268,0.03800604676396359,0.33427199721336365,0.36693623165289563,0.9109811688739672
2024-08-20,0.3436850011348724,0.3481540083885193,0.3362320065498352,0.3367840051651001,232812455,,,,,0.020584791119226065,0.020375787635098633,0.019199910210742546,0.03803892115097073,0.3347764270646231,0.3635231653849284,0.9209218529722423
2024-08-21,0.3690589964389801,0.377265989780426,0.3434779942035675,0.3436850011348724,369934783,,,,,0.07382921925693875,0.07123096971540471,0.031105632005595713,0.040085885872745135,0.339576997927257,0.36160689890384673,0.9390777636063641
2024-08-22,0.3765360116958618,0.3771939873695373,0.3647390007972717,0.3690600097179413,253221746,,,,,0.020259674819004037,0.020057178051273408,0.024239410262487805,0.0397884863028567,0.34688885722841534,0.3604881991942724,0.9622752090186226
2024-08-23,0.391535997390747,0.3922829926013946,0.3742170035839081,0.3765380084514618,360713833,,,,,0.03983678912231392,0.039063767301688805,0.024999967792486883,0.04049997865213612,0.35561228649956833,0.35997783243656156,0.9878727367531372
2024-08-24,0.394006997346878,0.4011769890785217,0.3884840011596679,0.3915260136127472,259095804,,,,,0.0063110415711404855,0.006291210341692284,0.025892813920391666,0.04014306457301165,0.3637724305902208,0.359955699245135,1.0106033363358045
2024-08-25,0.3849790096282959,0.3940260112285614,0.378711998462677,0.3940100073814392,271365361,,,,,-0.022913267478430033,-0.023179856548374785,0.02956460892218412,0.038871392681906675,0.37093643205506455,0.35886343320210773,1.0336423211059163
2024-08-26,0.3669570088386535,0.3876760005950928,0.3669550120830536,0.3849759995937347,288310031,,,,,-0.04681294392398938,-0.047944113291620294,0.03924033541792889,0.03972707062605744,0.37525128892489834,0.35715540051460265,1.050666708061036
2024-08-27,0.3505110144615173,0.3724910020828247,0.3462690114974975,0.3669520020484924,307613758,,,,,-0.04481722376467079,-0.04585256808579951,0.04458110008176466,0.040258311999953084,0.3762264336858477,0.35525953471660615,1.0590185397443788
2024-08-28,0.3501920104026794,0.3601889908313751,0.3420299887657165,0.3505110144615173,316985233,,,,,-0.0009101113679065298,-0.0009105257707117409,0.03294870946116475,0.04026006661640914,0.37353114996637615,0.3534654686848322,1.0567684344278494
2024-08-29,0.3570410013198852,0.3673549890518188,0.3498719930648803,0.3501909971237182,263189476,,,,,0.019557816037351294,0.019369019613083044,0.03285368615935025,0.040499311603153135,0.3707461484840938,0.3519775023063023,1.0533234256587753
2024-08-30,0.3471539914608001,0.3615800142288208,0.338822990655899,0.3570489883422851,297382538,,,,,-0.02769152512606521,-0.028082163888627727,0.026060270789147404,0.04039580573220735,0.3644058619226728,0.3505902022123336,1.0394068619806203
2024-08-31,0.3453519940376282,0.3501150012016296,0.3450370132923126,0.3471539914608001,120909139,,,,,-0.005190772589389714,-0.0052042914519470984,0.024658694046560875,0.04031152088859639,0.35745514716420856,0.34901173512140904,1.0241923442484315
2024-09-01,0.331739991903305,0.3456340134143829,0.3288620114326477,0.3453510105609894,212136963,,,,,-0.03941486474475098,-0.0402126643087355,0.02596531591070137,0.03858376634095476,0.3498495732034956,0.3479423344135284,1.0054814795479887
2024-09-02,0.3359679877758026,0.3369620144367218,0.3257049918174743,0.331739991903305,232651288,,,,,0.012744908590128556,0.012664375776377981,0.025688963277505153,0.038685700456732454,0.3454225701945169,0.34700476725896195,0.9954404169229631
2024-09-03,0.3185510039329529,0.3394089937210083,0.3185510039329529,0.3359659910202026,228558971,,,,,-0.05184120058031361,-0.05323328081896003,0.02737707169948288,0.03851129946736909,0.34085685440472197,0.3461585342884063,0.9846842433205267
2024-09-04,0.323523998260498,0.3291020095348358,0.3082930147647857,0.3185440003871918,320645799,,,,,0.01561129698587238,0.015490694246419068,0.029285265287775225,0.034551081511713023,0.33704713838441025,0.34650416771570836,0.9727073143343626
2024-09-05,0.3250620067119598,0.339150995016098,0.3201729953289032,0.323523998260498,302516707,,,,,0.00475392385025919,0.004742659639631565,0.02717696521235238,0.03304566524430523,0.33247871058327805,0.3463135013977686,0.9600512519475808
2024-09-06,0.3147180080413818,0.3313210010528564,0.305103987455368,0.3250620067119598,341107574,,,,,-0.031821616974585076,-0.03233892869809798,0.02760438059237351,0.03333703055510412,0.32784499866621836,0.34601416786511735,0.9474901004458821
2024-09-07,0.3250730037689209,0.3276199996471405,0.3147130012512207,0.3147189915180206,171441808,,,,,0.03290245700264327,0.03237275876965198,0.032772808015292934,0.030033284248161,0.324948000056403,0.34512280126412703,0.9415431228135982
2024-09-08,0.3386589884757995,0.3405809998512268,0.3241640031337738,0.3250710070133209,212278974,,,,,0.04179364188770429,0.04094388330371166,0.03407334041707996,0.031032803372709753,0.32593642813818796,0.34479320049285883,0.945309906553504
2024-09-09,0.3434059917926788,0.3483819961547851,0.3385140001773834,0.3386540114879608,257206648,,,,,0.014017059869705806,0.013919729356562412,0.0341362434696712,0.031130873348113805,0.3269990001405988,0.3446970999240875,0.9486560815644044
2024-09-10,0.3434770107269287,0.3454369902610779,0.3378730118274688,0.3434059917926788,186507920,,,,,0.00020680749884172123,0.0002067861171188156,0.023859441980120643,0.029478608228852354,0.3305598582540239,0.34520226716995234,0.9575831032745807
2024-09-11,0.3530539870262146,0.3564249873161316,0.3305059969425201,0.3434770107269287,263880950,,,,,0.027882437543687022,0.027500800127264906,0.024674029275527934,0.029331426505466496,0.3347784280776977,0.3456714997688929,0.968487214889055
2024-09-12,0.3562929928302765,0.3604629933834076,0.3527800142765045,0.3530539870262146,256108848,,,,,0.009174250746590173,0.009132422939437317,0.024499825650268602,0.02936370699461306,0.3392399975231715,0.3462094664573669,0.9798692132670104
2024-09-13,0.3609000146389007,0.364547997713089,0.3507820069789886,0.3562929928302765,222228805,,,,,0.012930430576328478,0.012847546280684926,0.014402803521710179,0.02928432995380563,0.3458374270371028,0.34705763359864544,0.9964841385308535
2024-09-14,0.3544799983501434,0.3617540001869201,0.3525680005550384,0.3609000146389007,160253934,,,,,-0.017788905592538984,-0.017949029974016623,0.018822446111736748,0.02888140415867645,0.3500384262629917,0.3480285336573918,1.0057750799466876
2024-09-15,0.3385230004787445,0.3559969961643219,0.3357219994068146,0.3544799983501434,195851407,,,,,-0.04501522778624334,-0.046059883954444124,0.024638093036584336,0.03011098613135719,0.3500189994062696,0.34829690059026075,1.0049443414888
2024-09-16,0.3303059935569763,0.3385460078716278,0.3269670009613037,0.3385240137577057,211465289,,,,,-0.0242731126397544,-0.02457256025269004,0.025285646103698413,0.030248463446191306,0.34814757108688354,0.3480775674184163,1.000201115139325
2024-09-17,0.3339129984378814,0.3428379893302917,0.3288969993591308,0.3303050100803375,209019175,,,,,0.010920192037880527,0.010860997296207157,0.02600090158544061,0.030301563799103797,0.34678128361701965,0.34804696738719937,0.9963634684718524
2024-09-18,0.3429360091686249,0.3429360091686249,0.3280850052833557,0.3339129984378814,254109953,,,,,0.027022040989584495,0.026663392244445732,0.02583301177331462,0.030678954708470364,0.34533585820879253,0.34825306733449296,0.9916233067291308
2024-09-19,0.3509449958801269,0.3561669886112213,0.3429389894008636,0.3429389894008636,297282683,,,,,0.02335417249100824,0.02308563672138063,0.0275127820704596,0.030743091086298135,0.3445718586444855,0.34849506715933476,0.9887424274127371
2024-09-20,0.3521139919757843,0.3609310090541839,0.3495199978351593,0.3509460091590881,245398498,,,,,0.0033309951969131557,0.0033254597214342624,0.026875079521378596,0.027722222591794948,0.34331671254975454,0.34793023367722825,0.9867400970628105
2024-09-21,0.3585759997367859,0.3595559895038605,0.3510780036449432,0.3521130084991455,155658003,,,,,0.018352033455818928,0.018185667245912026,0.027111158211640146,0.02767394780543767,0.3439018556049892,0.3473315666119257,0.9901255418838204
2024-09-22,0.3517720103263855,0.3590629994869232,0.343733012676239,0.358594000339508,176346122,,,,,-0.018975027373262288,-0.019157363444411265,0.020264425409783807,0.02674780981177535,0.34579457129750935,0.34600610037644697,0.9993886550592389
2024-09-23,0.3637309968471527,0.3652200102806091,0.347137987613678,0.3517720103263855,260276216,,,,,0.03399641293140765,0.03343130696165871,0.017610828760602736,0.02754006765729609,0.3505695717675345,0.34499690035978947,1.0161528158714859
2024-09-24,0.3877330124378204,0.3912180066108703,0.3589720129966736,0.3637349903583526,329591997,,,,,0.06598836997319157,0.06390241571527522,0.025702315571273317,0.02979979884793036,0.3582581451960972,0.3450887004534403,1.0381624919197658
2024-09-25,0.3810830116271972,0.392982006072998,0.379393994808197,0.3877319991588592,280504960,,,,,-0.017150979146222767,-0.017299760810420315,0.02930571116823172,0.028592011755068678,0.36370771697589327,0.3455595672130584,1.052518151672662
2024-09-26,0.401881992816925,0.4033229947090149,0.3787719905376434,0.3810830116271972,352325723,,,,,0.05457861031620803,0.053141265636790114,0.03268336289965927,0.028679672354865147,0.3709844308240073,0.34727193315823873,1.0682822174833335
2024-09-27,0.4023280143737793,0.414669007062912,0.4004409909248352,0.4018810093402862,316360073,,,,,0.001109832151791501,0.0011092167433801997,0.0328747671404031,0.028668758911550917,0.37815786259514944,0.3490097999572754,1.083516458968895
2024-09-28,0.4010519981384277,0.4056389927864074,0.3935799896717071,0.4023239910602569,205321418,,,,,-0.0031715818679386443,-0.0031766219933126736,0.033942003691832714,0.0285642797901709,0.3842258623668125,0.35047683318456013,1.0962946077650737
2024-09-29,0.3975969851016998,0.4039500057697296,0.3936260044574737,0.4010510146617889,190459764,,,,,-0.008614875509323272,-0.008652198056672753,0.0323224162387698,0.02802998573998968,0.39077228733471453,0.35215826630592345,1.1096496226933565
2024-09-30,0.3732140064239502,0.3976210057735443,0.3718290030956268,0.397599995136261,278179362,,,,,-0.06132586410712537,-0.06328689313173405,0.043211835801792726,0.030612007783907984,0.39212700298854275,0.35308700005213417,1.110567658765812
2024-10-01,0.3524410128593445,0.3856750130653381,0.3473309874534607,0.3732140064239502,440800413,,,,,-0.05565973732778062,-0.05726873003632418,0.03914356249240742,0.03157745297798155,0.3870852887630462,0.3537770340840022,1.0941504152899173
2024-10-02,0.3440049886703491,0.3621209859848022,0.3366270065307617,0.3524419963359833,346156714,,,,,-0.02393598894905602,-0.02422710962647245,0.039338785130065966,0.03186556064947599,0.3817884283406393,0.3540449341138204,1.0783615059943206
2024-10-03,0.345236986875534,0.349249005317688,0.3332549929618835,0.3439880013465881,314859654,,,,,0.003581338194968753,0.003574940473720987,0.027908881696578593,0.030188430899357604,0.3736962846347264,0.3549344668785731,1.0528599488270376
2024-10-04,0.3513979911804199,0.3556050062179565,0.3433809876441955,0.345236986875534,229796454,,,,,0.01784572493418013,0.01768835942795829,0.030728595456638343,0.030223231709285696,0.36642056703567505,0.35586359997590383,1.029665768177712
2024-10-05,0.3507199883460998,0.3554779887199402,0.3459819853305816,0.3513979911804199,149913415,,,,,-0.00192944425220698,-0.0019313080275210747,0.030841137031739824,0.03023265679586212,0.35923027992248535,0.35671886603037517,1.0070403169870368
2024-10-06,0.357230007648468,0.3582029938697815,0.3483529984951019,0.3507199883460998,151061108,,,,,0.018561871346619574,0.018391702357212728,0.03391695060071176,0.029627639266388818,0.35346356885773794,0.3581359326839447,0.9869536580951509
2024-10-07,0.3514670133590698,0.3676770031452179,0.3510540127754211,0.357230007648468,260641174,,,,,-0.016132447347674272,-0.016263991952489825,0.026720514095414687,0.029363718901560944,0.35035685556275503,0.35901573300361633,0.9758816212080208
2024-10-08,0.3445169925689697,0.3565419912338257,0.3416210114955902,0.3514670133590698,225110180,,,,,-0.019774318857627038,-0.019972446949500424,0.017531591815609888,0.028720081077081173,0.34922485266413006,0.359210999806722,0.9721997735370991
2024-10-09,0.3397020101547241,0.3475230038166046,0.3345009982585907,0.3445169925689697,220051874,,,,,-0.013976037519489504,-0.014074621956237432,0.01584571149592214,0.028726215580618636,0.3486101414476122,0.3590875337521235,0.9708221775480967
2024-10-10,0.3388899862766266,0.3411659896373749,0.3320739865303039,0.3396939933300018,208411029,,,,,-0.0023904005682147123,-0.002393262136759241,0.01566798467366271,0.028728364105476054,0.3477034270763397,0.3589346329371134,0.9687096066242751
2024-10-11,0.351184993982315,0.3545889854431152,0.3385719954967499,0.3388940095901489,192684098,,,,,0.03628023312454065,0.03563760255399328,0.02032736095993351,0.029038071982590306,0.3476729989051819,0.3588723331689835,0.9687929850570896
2024-10-12,0.3532150089740753,0.356130987405777,0.3511840105056762,0.3511840105056762,153558913,,,,,0.005780471906674078,0.0057638290837228965,0.02041884410120592,0.029007329299502477,0.34802943042346407,0.3587697337071101,0.9700635190915684
2024-10-13,0.348033994436264,0.3588539958000183,0.3446530103683471,0.3532150089740753,185274283,,,,,-0.014668160769441108,-0.014776801925767911,0.019543493085075078,0.029014389003694907,0.3467157142502921,0.35834086636702217,0.967558397024069
2024-10-14,0.3638890087604522,0.3648459911346435,0.3428879976272583,0.3480350077152252,285258532,,,,,0.04555593585008766,0.04454873998584747,0.0256144012463444,0.02999809173672436,0.34849028502191814,0.3586545000473658,0.9716601491850644
2024-10-15,0.3585270047187805,0.3694489896297455,0.349056988954544,0.363889992237091,399757771,,,,,-0.01473527342839176,-0.014844915978274928,0.024844241627926852,0.02883277789434772,0.350491715329034,0.35932130018870034,0.9754270485634182
2024-10-16,0.352524995803833,0.3603920042514801,0.3514159917831421,0.3585270047187805,268878089,,,,,-0.016740744312008893,-0.01688245435272227,0.02523619000649476,0.028622600815438763,0.3523235704217638,0.3600619335969289,0.9785082441293897
2024-10-17,0.3430320024490356,0.354557991027832,0.3403419852256775,0.352526992559433,284797891,,,,,-0.02692856809529587,-0.027297785405814935,0.028094126626687733,0.029067478441119777,0.35291528701782227,0.3603659003973007,0.9793248657232435
2024-10-18,0.3507100045681,0.3525150120258331,0.3429099917411804,0.3430269956588745,210521099,,,,,0.02238275748107532,0.022135939750364833,0.025743807857890457,0.028940571186838675,0.35284743138722013,0.3606250335772832,0.9784329942020059
2024-10-19,0.3516609966754913,0.3566330075263977,0.3496490120887756,0.3507089912891388,165288317,,,,,0.0027116195574814483,0.0027079497497538665,0.025651697019325567,0.028635726433217275,0.3526254296302795,0.36064890027046204,0.9777526823618053
2024-10-20,0.3648410141468048,0.3651480078697204,0.3486230075359344,0.3516600131988525,202078470,,,,,0.03747932695383871,0.036794047096569034,0.028191425085779605,0.02940853586840976,0.355026432446071,0.3610731343428294,0.9832535258881454
2024-10-21,0.3609560132026672,0.3719049990177154,0.3534989953041076,0.3648419976234436,305820736,,,,,-0.010648476441780685,-0.01070557718609345,0.02311906066196528,0.029305438933409544,0.35460743308067316,0.36115246812502544,0.9818773631028143
2024-10-22,0.3638199865818023,0.3672679960727691,0.3558659851551056,0.3609580099582672,299403395,,,,,0.007934411048381884,0.007903099127753362,0.02246370119627354,0.0291041913748845,0.3553635733468191,0.36155406733353934,0.9828780961243913
2024-10-23,0.3486140072345733,0.3682210147380829,0.343326985836029,0.3638199865818023,292449176,,,,,-0.04179533810138836,-0.04269388927818837,0.027623541244040258,0.029505942263294765,0.35480486069406775,0.3610501676797867,0.9827023844751185
2024-10-24,0.3463099896907806,0.3543640077114105,0.3401960134506225,0.3499050140380859,268150393,,,,,-0.006609079084543001,-0.006631015755264982,0.02543626058175414,0.026808665332531977,0.35527314458574566,0.35966940025488536,0.9877769538747966
2024-10-25,0.3244119882583618,0.3464919924736023,0.3204750120639801,0.3463220000267029,429399149,,,,,-0.06323237008545857,-0.06532002118702364,0.03367422437432631,0.028989470708197334,0.35151628511292593,0.35778036614259084,0.9824918256493471
2024-10-26,0.3333500027656555,0.3338940143585205,0.3215680122375488,0.3244140148162842,250257801,,,,,0.027551430991432646,0.02717872062844678,0.036502263820938935,0.02753358041830238,0.34890042884009226,0.35549596647421516,0.9814469410172583
2024-10-27,0.3398720026016235,0.3413800001144409,0.3313559889793396,0.3333509862422943,153581313,,,,,0.019565021094518853,0.019376086433223926,0.03343317189013214,0.027901061760872575,0.34533342719078064,0.35341409941514335,0.9771353994146379
2024-10-28,0.3437960147857666,0.3469580113887787,0.3312300145626068,0.3398720026016235,268428861,,,,,0.011545558781264509,0.011479417423283535,0.034406580402420436,0.028073158451516547,0.34288199884550913,0.3515055666367213,0.9754667675003721
2024-10-29,0.3556509912014007,0.3561910092830658,0.3432460129261017,0.3437939882278442,295107515,,,,,0.03448258823774153,0.03390138697215126,0.037538795666542786,0.028950642947729265,0.34171499950545176,0.3501073668400447,0.9760291609675634
2024-10-30,0.3552640080451965,0.3630259931087494,0.3513039946556091,0.3556550145149231,291553538,,,,,-0.0010880980674254914,-0.001088690475898991,0.03330678022070528,0.026675151155994715,0.3426649996212551,0.34950903356075286,0.9804181486533505
2024-10-31,0.3418450057506561,0.3605520129203796,0.3410939872264862,0.3552649915218353,280824333,,,,,-0.03777191606990271,-0.03850376293621884,0.036791234965770435,0.025520853221023005,0.34202714477266577,0.3491558333237965,0.9795830747455397
2024-11-01,0.3570899963378906,0.3610070049762726,0.3354179859161377,0.3418459892272949,368246241,,,,,0.04459620685040622,0.04363040581531247,0.027284572989836303,0.02638532097949208,0.3466954316411699,0.3495920002460479,0.9917144311001413
2024-11-02,0.3477709889411926,0.362870991230011,0.3463039994239807,0.3570930063724518,236242981,,,,,-0.0260970833466867,-0.026443655201403158,0.03024038726695247,0.026858844863053323,0.34875557252338946,0.34967646698156984,0.9973664385649694
2024-11-03,0.3342849910259247,0.34791100025177,0.3292360007762909,0.3477639853954315,282268957,,,,,-0.03877838676632228,-0.03955028969463879,0.03389361437950671,0.027599708607245678,0.34795742801257534,0.3491060336430867,0.9967098660010969
2024-11-04,0.3260189890861511,0.3360849916934967,0.3213990032672882,0.3342849910259247,261938084,,,,,-0.024727409730257666,-0.02503826729559085,0.034215871550304755,0.027927894947541734,0.3454178529126303,0.3482826670010884,0.9917744568998342
2024-11-05,0.3339239954948425,0.3378939926624298,0.3260129988193512,0.3260270059108734,241884463,,,,,0.024247073554977572,0.023957780281843068,0.03236269168379502,0.028089045782991,0.342313996383122,0.34750579992930086,0.9850598074989392
2024-11-06,0.3633230030536651,0.3650319874286651,0.3339209854602813,0.3339259922504425,628391576,,,,,0.08804101518747154,0.08437884550580985,0.04812907146770829,0.03208348343454112,0.34346528138433186,0.3479009995857874,0.9872500561747832
2024-11-07,0.4050129950046539,0.4050129950046539,0.3620330095291137,0.3633230030536651,621558993,,,,,0.11474635957699286,0.10862689883453049,0.05799464991450465,0.037331858139311634,0.35248927984918865,0.3499175330003102,1.00734957984765
2024-11-08,0.4438149929046631,0.4578889906406402,0.4047589898109436,0.4050129950046539,1438657272,,,,,0.09580432820325524,0.09148863992570766,0.06324698160772094,0.04029138660370146,0.3648785650730133,0.3533879657586415,1.0325155365426895
2024-11-09,0.4936800003051758,0.4938949942588806,0.428968995809555,0.443816989660263,721697726,,,,,0.11235539176844411,0.10647974168224418,0.06305878614220316,0.04397302301983861,0.38572270955358234,0.35854763289292646,1.0757920961334897
2024-11-10,0.5903090238571167,0.652301013469696,0.4899370074272156,0.4936780035495758,5261440714,,,,,0.1957321007377415,0.17875863439890274,0.06530464569971314,0.05333285486518543,0.4222975713866098,0.3665184338887532,1.1521864450473638
2024-11-11,0.6138079762458801,0.6222490072250366,0.5678070187568665,0.590304970741272,2987552596,,,,,0.03980788271746172,0.03903596793264708,0.050807311193999075,0.05343030845978052,0.4634102838379996,0.3752048661311467,1.2350860174505898
2024-11-12,0.5739179849624634,0.64963299036026,0.5582119822502136,0.6138079762458801,2901745029,,,,,-0.06498773692611248,-0.06719563419241315,0.0760714646923918,0.05537507658987154,0.4976951394762312,0.38273433248202,1.3003671143079691
2024-11-13,0.5787749886512756,0.605301022529602,0.5213019847869873,0.573943018913269,2297021923,,,,,0.008462888106093969,0.008427278633482947,0.0802088139269623,0.05514026263724119,0.528473994561604,0.3898971984783808,1.355418804300301
2024-11-14,0.5801159739494324,0.5980579853057861,0.5458620190620422,0.5787749886512756,1494813121,,,,,0.002316937193989066,0.0023142572337434015,0.08096802142169082,0.05490346179152513,0.5534887058394296,0.39728349745273583,1.393183229075044
2024-11-15,0.6740599870681763,0.6892160177230835,0.5785419940948486,0.5801370143890381,3850451584,,,,,0.16194005567399317,0.1500910698993925,0.08849234221444705,0.05970430249828318,0.5863808478627887,0.40800133049488063,1.4372032737038984
2024-11-16,0.7387340068817139,0.8116559982299805,0.7033159732818604,0.7033979892730713,5486835963,,,,,0.09594697957794107,0.09161881105815395,0.08735400438105596,0.060290163489865385,0.6213885630880084,0.4211913973093032,1.475311620934389
2024-11-17,0.7023249864578247,0.7678120136260986,0.6970270276069641,0.7387310266494751,2319881888,,,,,-0.04928569699610297,-0.050541679022321276,0.07667953357366522,0.06187233973793509,0.637390843459538,0.4329118967056274,1.4723338589444048
2024-11-18,0.7345799803733826,0.7796580195426941,0.7022619843482971,0.702301025390625,2244334039,,,,,0.04592602361797771,0.04490264002316533,0.07689255510576574,0.06187126186926603,0.6546439869063241,0.44567586282889043,1.4688791597351176
2024-11-19,0.7396420240402222,0.7635290026664734,0.7238579988479614,0.7345799803733826,1551275089,,,,,0.006891072180141178,0.006867437260080743,0.0663604185634711,0.06190835916520605,0.6783188496317182,0.45816922982533764,1.4804984828210868
2024-11-20,0.8003450036048889,0.8466290235519409,0.739471971988678,0.739637017250061,3799019828,,,,,0.0820707553000879,0.07887657135472939,0.06678017381488971,0.06235758040887932,0.7099717089108059,0.4728155295054117,1.5015828893214889
2024-11-21,0.8204740285873413,0.8205469846725464,0.7703859806060791,0.8003420233726501,2536610264,,,,,0.025150434989645643,0.024839367664875482,0.06482115471139313,0.06225959725145585,0.7443085738590786,0.48803733090559637,1.5251058202411447
2024-11-22,1.010422945022583,1.0384249687194824,0.8152329921722412,0.8204860091209412,6204396570,,,,,0.23151118721245578,0.20824202275356116,0.08145092651097667,0.0690452172996258,0.7923604249954224,0.5100976288318634,1.5533505356806854
2024-11-23,1.066236972808838,1.1416820287704468,1.0104169845581057,1.0104219913482666,6544939547,,,,,0.05523828220766247,0.05376660133799598,0.08007872330225994,0.06865467205497096,0.8391465629850116,0.5340951949357986,1.5711554249910111
2024-11-24,1.0231059789657593,1.094539999961853,0.9483410120010376,1.0662000179290771,3863056160,,,,,-0.04045160217006605,-0.04129252412910331,0.07814973464772108,0.067545189781386,0.8849724190575736,0.5573849946260452,1.5877220011121933
2024-11-25,0.945689022541046,1.0699199438095093,0.9335500001907348,1.0231120586395264,3241380612,,,,,-0.07566856026290913,-0.07868457064411395,0.09302442675350588,0.07083088914900765,0.9151308536529541,0.5777962952852249,1.5838295626336725
2024-11-26,0.9612320065498352,0.9883769750595092,0.8797209858894348,0.945684015750885,2875634851,,,,,0.01643561851550901,0.016302015647086818,0.09259787144901475,0.07085612718519502,0.9467865654400417,0.5985082954168319,1.5819105143407426
2024-11-27,1.0133459568023682,1.03671395778656,0.9354379773139954,0.961184024810791,2606240084,,,,,0.054215787549133365,0.05279716118448122,0.09116620181389416,0.07079164821609782,0.9772152730396816,0.6208266268173853,1.5740550273258933
2024-11-28,1.0335079431533811,1.045768976211548,0.977038025856018,1.0133479833602903,1563014326,,,,,0.019896449199476196,0.019701101749965456,0.09127015545180278,0.07085383390784222,1.0076486894062586,0.643421858549118,1.5660778010844278
2024-11-29,1.0768580436706543,1.0977959632873535,1.0304570198059082,1.0335079431533811,2218813144,,,,,0.04194462249124653,0.04108879651703354,0.050559568706478646,0.07051924447462724,1.0171394177845545,0.6674749930699666,1.5238614604965959
2024-11-30,1.0789419412612915,1.1470849514007568,1.0538409948349,1.0768870115280151,2395901131,,,,,0.001935164623494634,0.0019332946045756071,0.046564911726378874,0.0694046492745116,1.0189544132777624,0.6920448909203212,1.4723819605440596
2024-12-01,1.1552519798278809,1.1584930419921875,1.040985941886902,1.078935980796814,2300394616,,,,,0.07072673296709775,0.06833760761775773,0.04810874357324106,0.06961619597740212,1.0378324134009225,0.7186502903699875,1.4441410896343037
2024-12-02,1.2017760276794434,1.2306849956512451,1.0615969896316528,1.1552859544754028,5544891690,,,,,0.04027177504469126,0.039482001172950386,0.02294294923815719,0.06850636944090842,1.0744162712778365,0.7471171249945958,1.4380827789024486
2024-12-03,1.198125958442688,1.318681001663208,1.16982901096344,1.2017910480499268,5770098588,,,,,-0.0030372291946972885,-0.0030418509358517178,0.026371618210148273,0.06733424000058191,1.1082582644053869,0.775911823908488,1.4283301662072574
2024-12-04,1.1873199939727783,1.2401750087738037,1.149204969406128,1.1980830430984497,2838477436,,,,,-0.009019055462211267,-0.0090599733559006,0.028325879716842535,0.06684257892718386,1.1331116982868739,0.8046218574047088,1.408253688188017
2024-12-05,1.184712052345276,1.238353967666626,1.1262869834899902,1.1872349977493286,3207578224,,,,,-0.002196494323974174,-0.002198910155854089,0.0298711319563515,0.06726988014715343,1.1547122853142875,0.8329814592997233,1.3862400806436186
2024-12-06,1.2311069965362549,1.2346420288085938,1.1430219411849976,1.163156032562256,2258465650,,,,,0.039161367607541964,0.03841401055577901,0.029564562245545583,0.06679814329618916,1.1767478500093733,0.8619075924158096,1.3652830771696876
2024-12-07,1.214195966720581,1.2345750331878662,1.1930210590362549,1.2310810089111328,1376386201,,,,,-0.01373644196910051,-0.013831659863666378,0.03162125388251241,0.06624209699678212,1.1960698536464147,0.8888803581396739,1.3455914991187945
2024-12-08,1.1962909698486328,1.2221519947052002,1.176677942276001,1.214480996131897,1699042879,,,,,-0.01474638144311069,-0.014856190184116767,0.02369451943872081,0.06604853750879257,1.2019325665065221,0.9139628907044729,1.3150780832907616
2024-12-09,1.0075490474700928,1.1964149475097656,0.9522050023078918,1.196295976638794,3280181154,,,,,-0.15777258805390937,-0.17170521575965522,0.06711592737249067,0.07438586262165606,1.1741858550480433,0.9310918589433034,1.2610848690918932
2024-12-10,1.0201610326766968,1.0361729860305786,0.9149690270423888,1.0075470209121704,3443248478,,,,,0.01251749007978531,0.012439794002235072,0.06821324999039892,0.0683935039106747,1.1487622942243303,0.9454202592372895,1.215081105995217
2024-12-11,1.0888899564743042,1.1092840433120728,0.9769459962844848,1.020292043685913,2130336502,,,,,0.06737066168590711,0.06519829876697347,0.07606013176229148,0.06883325462649789,1.134700860295977,0.9612563252449036,1.1804352600820434
2024-12-12,1.1250159740447998,1.1767499446868896,1.0772650241851809,1.0888489484786987,2209430802,,,,,0.03317692238384429,0.03263844593109788,0.077952223310829,0.06690319115399776,1.1261728491101946,0.9796262582143148,1.1495943883364337
2024-12-13,1.1196019649505615,1.1274850368499756,1.0813519954681396,1.1250059604644775,1325815818,,,,,-0.004812384196442254,-0.004824001001941622,0.07538914169528606,0.06704246477739412,1.110243558883667,0.9976538240909576,1.112854511328415
2024-12-14,1.0605119466781616,1.1311299800872805,1.0459280014038086,1.1196019649505615,4239229343,,,,,-0.052777701470905436,-0.054221473608067235,0.07694276304100764,0.06839565769168353,1.088288698877607,1.0136670231819154,1.0736155699940333
2024-12-15,1.1017080545425415,1.1070879697799685,1.042631983757019,1.0605109930038452,1008997536,,,,,0.038845491550961064,0.03810999225321982,0.08000000468352417,0.06396976281985095,1.0747768538338798,1.0279219587643942,1.0455821520982072
2024-12-16,1.0788559913635254,1.115705966949463,1.052016019821167,1.10166597366333,1536006595,,,,,-0.020742394579755463,-0.02096053988964477,0.04012024574797775,0.06269300870398808,1.0849635601043701,1.0392593582471212,1.0439776668783973
2024-12-17,1.051524996757507,1.109043002128601,1.0452890396118164,1.0788459777832031,1578564654,,,,,-0.025333311234130185,-0.025659724106976835,0.042226515007817184,0.06198917945303073,1.0894441264016288,1.050899358590444,1.0366778868938358
2024-12-18,0.9684200286865234,1.0579450130462646,0.9683780074119568,1.0515270233154297,1979056656,,,,,-0.07903280314519101,-0.08233086023972673,0.04357587097446258,0.06408050914177317,1.07223413671766,1.0586940268675487,1.0127894457761075
2024-12-19,0.8855019807815552,0.9871839880943298,0.853875994682312,0.968438982963562,2338441189,,,,,-0.08562198782426123,-0.08951121296766369,0.04493824151964371,0.06656970179488259,1.038017851965768,1.0635560254255931,0.9759879377773203
2024-12-20,0.9510110020637512,0.9567130208015442,0.7658889889717102,0.8854889869689941,2803176930,,,,,0.07397953105014743,0.07137093729252961,0.059957649066045164,0.06629992247108693,1.0139334286962236,1.0685782253742218,0.9488621465603407
2024-12-21,0.9046940207481384,0.9959099888801576,0.8898760080337524,0.9510110020637512,1542881115,,,,,-0.04870288694358127,-0.049928843509515305,0.05960980017887199,0.06695958962976009,0.9916737249919346,1.0713855584462484,0.9255993019264568
2024-12-22,0.8829759955406189,0.921684980392456,0.863090991973877,0.9046869874000548,1112000307,,,,,-0.024005934282134156,-0.024298772794633768,0.05333554175160818,0.054760304203117616,0.96042628799166,1.0671373267968496,0.9000025243934663
2024-12-23,0.9242460131645204,0.93954598903656,0.8652269840240479,0.8829839825630188,1295330633,,,,,0.04673968242888993,0.04568026910129588,0.060957580684615084,0.0544828391789379,0.9383391482489449,1.0624042948087056,0.8832222844297711
2024-12-24,0.936460018157959,0.947713017463684,0.8928340077400208,0.9242429733276368,992442081,,,,,0.0132151016282116,0.01312854391805258,0.06232731369349248,0.05412949817999297,0.9219012941632952,1.0595160961151122,0.8701154211281886
2024-12-25,0.916858971118927,0.9365509748458862,0.9040979743003844,0.93646502494812,646314883,,,,,-0.02093100256174074,-0.021153161470021747,0.05548011182820686,0.05234347545583591,0.9145354287964957,1.0585550944010416,0.8639469344899464
2024-12-26,0.8597850203514099,0.9246339797973632,0.8530790209770203,0.9168540239334106,789160826,,,,,-0.062249432644875036,-0.06427128500286139,0.04981690184814693,0.05347821979978044,0.910861577306475,1.0551735281944274,0.8632339164773272
2024-12-27,0.8747680187225342,0.9113370180130004,0.857433021068573,0.8597800135612488,885820827,,,,,0.01742644732865939,0.01727634808405461,0.039203442677991675,0.05256930957919128,0.899969722543444,1.0505542635917664,0.856661815322623
2024-12-28,0.8878170251846313,0.8950690031051636,0.8678249716758728,0.8747749924659729,538128475,,,,,0.014917105087075777,0.014806939293635671,0.036273932928621785,0.05249787191277275,0.8975587231772286,1.0456978996594748,0.8583346332334733
2024-12-29,0.8586400151252747,0.9079430103302002,0.8522899746894836,0.8878170251846313,645859774,,,,,-0.03286376497824994,-0.033415909251727674,0.03732750145008196,0.0519991205132813,0.8940821545464652,1.0384239653746288,0.8609991529075605
2024-12-30,0.8600170016288757,0.8961949944496155,0.8309829831123352,0.8586410284042358,970303435,,,,,0.001603683126042199,0.0016023985993902604,0.030676843428844646,0.05199707498367584,0.8849065814699445,1.0311264673868814,0.8581940328934697
2024-12-31,0.8437650203704834,0.8722630143165588,0.8417440056800842,0.8600239753723145,677089128,,,,,-0.018897279039380654,-0.01907811443918452,0.0289455508360685,0.05000854231381079,0.8716644389288766,1.0207435687383015,0.8539504588858733
2025-01-01,0.9175919890403748,0.9294220209121704,0.8389260172843933,0.8437659740447998,926095054,,,,,0.08749707191876133,0.08387879148858202,0.04684591991508146,0.05214894435050389,0.8717691557747977,1.0112707674503327,0.8620531551334629
2025-01-02,0.9613450169563292,0.9790819883346558,0.917596995830536,0.9176539778709412,1199916914,,,,,0.047682443219356996,0.0465805277861092,0.039634646451055244,0.053122118176669564,0.8862777267183576,1.0033780694007874,0.8832938986275017
2025-01-03,1.0903760194778442,1.1160989999771118,0.9600440263748168,0.9613469839096068,2503146669,,,,,0.13421924516760297,0.12594452450850147,0.057497057074297864,0.05842499299286856,0.9170788696834019,1.0001466035842896,0.9169444423415601
2025-01-04,1.0714000463485718,1.1079189777374268,1.0588500499725342,1.0903520584106443,1175730814,,,,,-0.017403146061814145,-0.017556361025373272,0.06029377988635719,0.05848643741221695,0.9433050155639648,0.9963695367177328,0.9467421280977995
2025-01-05,1.0934669971466064,1.107867956161499,1.055279016494751,1.0713969469070437,1241263862,,,,,0.02059636909036988,0.020387132018801206,0.05447965977952595,0.058134085138018,0.976851727281298,0.9917815367380778,0.9849464736902814
2025-01-06,1.0941239595413208,1.1125869750976562,1.0680979490280151,1.0934640169143677,1303664168,,,,,0.0006008067883427337,0.00060062637620255,0.05458181331818461,0.058109219357608106,1.0102955784116472,0.9877791364987691,1.022795016700483
2025-01-07,0.9920099973678588,1.1501630544662476,0.9919620156288148,1.0941230058670044,2238100221,,,,,-0.09332942696572544,-0.0979760998758001,0.07262728183726948,0.06059903960827012,1.0314734322684151,0.9809697707494099,1.0514834024706214
2025-01-08,0.9480310082435608,1.0212819576263428,0.9135900139808656,0.9920179843902588,1978552965,,,,,-0.044333211601686684,-0.0453459743881128,0.07101575044873425,0.052559912125020966,1.035821863583156,0.9789858361085256,1.0580560263267484
2025-01-09,0.9059900045394896,0.9582769870758056,0.8837609887123108,0.9480230212211608,1351715573,,,,,-0.04434559981530717,-0.04535893737276934,0.07047080927205485,0.053068106936231894,1.0279140046664648,0.9751801351706187,1.0540760292318911
2025-01-10,0.9314529895782472,0.9717730283737184,0.9056479930877686,0.9059900045394896,1252358898,,,,,0.02810515006917802,0.027717447861622765,0.04408379849034182,0.05181017728301461,1.005210714680808,0.9699322362740834,1.036372106305327
2025-01-11,0.9945240020751952,1.0129410028457642,0.9164530038833618,0.9314510226249696,888877434,,,,,0.06771250208290813,0.06551851149285019,0.05537440868050123,0.05297306794657768,0.9942284226417542,0.9655825038750966,1.029666982004847
2025-01-12,0.9685549736022948,1.034566044807434,0.9636729955673218,0.9944869875907898,1120377628,,,,,-0.026112017828340828,-0.026458989990844294,0.05380877221864645,0.053130163501316524,0.9763838478497096,0.9605476041634876,1.0164866828229855
2025-01-13,0.9447420239448548,0.9910529851913452,0.889339029788971,0.968533992767334,1532120555,,,,,-0.024586058929493393,-0.0248933431381307,0.05325285537862213,0.052455566812453586,0.9550435713359288,0.9566886067390442,0.9982804902331568
2025-01-14,0.9949089884757996,1.0069010257720947,0.940123975276947,0.9447360038757324,1119015701,,,,,0.05310123108683995,0.05173936441601863,0.046851049287767496,0.05288877044564151,0.9554577129227775,0.9531286378701528,1.0024436104006162
2025-01-15,1.0791540145874023,1.0837650299072266,0.99098402261734,0.994911015033722,2210962210,,,,,0.08467611317962476,0.08128142922998667,0.050537645321058804,0.05497125592362008,0.9741895709718976,0.9531385719776153,1.0220859795345443
2025-01-16,1.0900989770889282,1.13960599899292,1.0301799774169922,1.0790940523147583,2245926187,,,,,0.010142169100589848,0.010091082432932249,0.042577583066682106,0.05478279259118182,1.0004908527646745,0.9544243713219961,1.0482662459455752
2025-01-17,1.1351219415664673,1.1636749505996704,1.0882200002670288,1.090093016624451,1819221213,,,,,0.041301721608593134,0.04047158587856672,0.042913530558608824,0.05288094205009301,1.0295864173344202,0.9599811017513276,1.072506964414309
2025-01-18,1.10207200050354,1.143610954284668,1.052631974220276,1.1351089477539062,1614350854,,,,,-0.029115762679486568,-0.02954803785935174,0.04417766291813164,0.05024130584824404,1.0449504171098982,0.967200102408727,1.0803870000711755
2025-01-19,0.991191029548645,1.1474610567092896,0.9781140089035034,1.1020480394363403,2978644563,,,,,-0.10061136740996335,-0.10604004360683715,0.06282836972125416,0.05281416614088359,1.048184139387948,0.9685394366582235,1.0822317602311835
2025-01-20,1.0086439847946167,1.0967010259628296,0.9688519835472108,0.991168975830078,2754988266,,,,,0.017608064162888182,0.01745483826069329,0.061689678976784644,0.05198318084484125,1.0573129909379142,0.9720044354597728,1.0877656030836826
2025-01-21,1.004654049873352,1.0269290208816528,0.9550960063934326,1.0086619853973389,1689540931,,,,,-0.003955741551442515,-0.0039635861914664025,0.058837114111057076,0.05173850910501703,1.058705142566136,0.9760603706041971,1.08467178306889
2025-01-22,0.9816439747810364,1.0159939527511597,0.9794300198554992,1.004654049873352,973043309,,,,,-0.02290348114877594,-0.0231698407736031,0.04731686717916472,0.05136550634127735,1.0447751368795122,0.9779736359914144,1.0683060344672566
2025-01-23,0.9874939918518066,1.0066380500793457,0.9537469744682312,0.9816439747810364,1176052467,,,,,0.005959408116445797,0.005941721078627864,0.04699655202849444,0.05132860094671317,1.0301172818456377,0.9796747684478759,1.0514890400593648
2025-01-24,0.9714940190315248,1.0071090459823608,0.9661970138549804,0.9874609708786012,899623660,,,,,-0.01620260270169116,-0.016335300184156375,0.040446470062521396,0.051261904088419824,1.006741864340646,0.9814959367116293,1.0257218870549785
2025-01-25,0.9772719740867616,0.990207016468048,0.9661849737167358,0.9714999794960022,518321010,,,,,0.0059474942120558705,0.005929877683313422,0.04158450081027399,0.049714669933707774,0.9889132891382489,0.9854121685028077,1.0035529504783371
2025-01-26,0.954855978488922,0.9992120265960692,0.954855978488922,0.9772719740867616,558478883,,,,,-0.02293731549887823,-0.023204468812145333,0.01598814913217255,0.04989848832792469,0.9837225675582886,0.9880817671616872,0.99558821977262
2025-01-27,0.9329429864883424,0.9568079710006714,0.8687660098075867,0.954820990562439,1388103697,,,,,-0.022949002251897,-0.023216429992423702,0.013526310225041973,0.05006875983101053,0.9729081392288208,0.9895859658718109,0.9831466621211659
2025-01-28,0.9161149859428406,0.9670730233192444,0.9050549864768982,0.9329519867897034,768281216,,,,,-0.0180375444043408,-0.01820220394953371,0.013335559686262807,0.04977751807389914,0.960259701524462,0.9915017982323965,0.9684901260253573
2025-01-29,0.9411270022392272,0.9583600163459778,0.9052199721336364,0.916109025478363,819481985,,,,,0.027302267379290646,0.026936208362429288,0.01922597498696031,0.049982206262308176,0.9544715625899178,0.9942054649194082,0.9600345162730409
2025-01-30,0.9610139727592468,0.9862490296363832,0.9386979937553406,0.9411429762840272,626612172,,,,,0.02113101682631835,0.020910853012952296,0.021478870910994364,0.04990616132360783,0.9506887027195522,0.9981137633323669,0.9524853154469303
2025-01-31,0.9422289729118348,0.981896996498108,0.9368590116500854,0.961006999015808,700669655,,,,,-0.0195470621446604,-0.01974063260544387,0.0218433782552338,0.04775046249365061,0.9465079818453107,0.9989349961280822,0.9475170912161642
2025-02-01,0.8979439735412598,0.9560539722442628,0.8909400105476379,0.9422289729118348,576044613,,,,,-0.04700025221440396,-0.0481406399810696,0.026630089037692508,0.04775624574966215,0.9351754103388105,0.9968216280142467,0.9381572229745448
2025-02-02,0.8017399907112122,0.9097269773483276,0.7710750102996826,0.8979349732398987,1554294076,,,,,-0.10713806837039497,-0.11332332189622865,0.04693740426382537,0.045532360214398354,0.9133016977991376,0.9872004270553589,0.925143134837727
2025-02-03,0.8115590214729309,0.8229950070381165,0.5648369789123535,0.8017529845237732,4694160143,,,,,0.01224715104083618,0.012172761444410558,0.049017302750264155,0.04569109276606906,0.8959611313683646,0.9785390595595042,0.9156110046048519
2025-02-04,0.7463430166244507,0.81843101978302,0.7190250158309937,0.8115620017051697,1601678503,,,,,-0.08035891798740291,-0.08377181330605106,0.05458491272326001,0.047290106715759235,0.8717079928943089,0.9669682602087657,0.9014856317063702
2025-02-05,0.7332090139389038,0.7740880250930786,0.7289459705352783,0.746330976486206,840128547,,,,,-0.017597810112767065,-0.017754492472003152,0.049268604525972856,0.04723037910460584,0.8420054231371198,0.9549377620220184,0.881738534827891
2025-02-06,0.7050619721412659,0.7646530270576477,0.7021329998970032,0.7331269979476929,844784492,,,,,-0.03838883764730061,-0.03914510716467872,0.04254515883365235,0.04475146887044819,0.8054408516202655,0.9453728278477986,0.8519822316597598
2025-02-07,0.7070930004119873,0.7500200271606445,0.6924769878387451,0.705053985118866,940384129,,,,,0.0028806379452761544,0.0028764968585318815,0.04547409952812285,0.0443537209856528,0.7718499984060015,0.9373415609200796,0.8234458286991626
2025-02-08,0.7018489837646484,0.7148569822311401,0.6847509741783142,0.7070950269699097,553879408,,,,,-0.007416304000016138,-0.007443941512776757,0.0469871985793755,0.04384202055898358,0.7438364284379142,0.9305368602275849,0.7993626692616899
2025-02-09,0.6827009916305542,0.7126370072364807,0.6540560126304626,0.7017760276794434,679645670,,,,,-0.027282211098157205,-0.027661281105116453,0.03202035093496626,0.04342795860131221,0.7268308571406773,0.9222451269626617,0.7881102712187104
2025-02-10,0.7106930017471313,0.716280996799469,0.66560298204422,0.6827729940414429,751114200,,,,,0.041001859466647916,0.04018357586240647,0.03828095696900442,0.042128513247990225,0.7124214257512774,0.912784093618393,0.780492813943709
2025-02-11,0.7793989777565002,0.8159189820289612,0.7107419967651367,0.7107419967651367,1813731044,,,,,0.0966746201812394,0.09228252852777113,0.045714458357738096,0.04604178637065503,0.7171437059129987,0.9064788937568665,0.7911311679203301
2025-02-12,0.7992240190505981,0.8050739765167236,0.7528030276298523,0.7793949842453003,1231175669,,,,,0.025436319343353775,0.02511819942359651,0.04483512730418615,0.04628541564509344,0.7265744209289551,0.9016282935937245,0.8058469616486447
2025-02-13,0.8107420206069946,0.8269019722938538,0.7720170021057129,0.799235999584198,840300501,,,,,0.014411480738627969,0.01430862239962206,0.03874853610719304,0.04517838968675923,0.7416715707097735,0.8954893946647644,0.8282304348086957
2025-02-14,0.8005070090293884,0.8270789980888367,0.7931399941444397,0.8107100129127502,787635175,,,,,-0.01262425200305195,-0.01270461493668317,0.04030900500888246,0.04200542075948611,0.7550164290836879,0.886201161146164,0.8519695777730545
2025-02-15,0.7811099886894226,0.8129389882087708,0.7771999835968018,0.8005139827728271,493874835,,,,,-0.024230918806675605,-0.024529317700550262,0.04254249855821899,0.04191112616751622,0.7663394297872271,0.8759015281995137,0.8749150505108716
2025-02-16,0.772005021572113,0.7868019938468933,0.7647410035133362,0.7811110019683838,448477194,,,,,-0.01165644691419998,-0.011724915881528233,0.040224462169291916,0.04076366178225323,0.779097148350307,0.8637976308663686,0.9019440671177703
2025-02-17,0.8080250024795532,0.8269169926643372,0.7718629837036133,0.7720010280609131,1041802036,,,,,0.04665770286582971,0.045601947074452816,0.04078061805023888,0.04199268576998169,0.7930017198835101,0.8539960642655691,0.9285777219189953
2025-02-18,0.7523630261421204,0.8125380277633667,0.7381849884986877,0.8081070184707642,905917139,,,,,-0.06888645297685747,-0.07137404671100983,0.03814875834924843,0.039681985635766956,0.7891394410814557,0.8460351308186849,0.9327502042590445
2025-02-19,0.7729430198669434,0.7747200131416321,0.7372490167617798,0.752364993095398,706077594,,,,,0.027353807948738096,0.02698637789695835,0.038400635332545056,0.039939992353846376,0.785385012626648,0.8381784319877624,0.9370141042213249
2025-02-20,0.8044739961624146,0.8104299902915955,0.7717170119285583,0.7729399800300598,688006862,,,,,0.04079340324581637,0.03998331003870906,0.041618675307103815,0.04092012758535562,0.7844895805631366,0.8315057635307312,0.943456575973743
2025-02-21,0.7613710165023804,0.8169400095939636,0.7521179914474487,0.8044639825820923,951661847,,,,,-0.05357908380587628,-0.055067865765345024,0.046392220814575766,0.04174983934917806,0.7788987244878497,0.8241633315881093,0.9450781108969777
2025-02-22,0.7744519710540771,0.7826600074768066,0.7585909962654114,0.7613710165023804,530696926,,,,,0.01718078869325579,0.017034867927837663,0.046458554216260425,0.0419306192093448,0.7779475791113717,0.8170619308948517,0.9521280452503256
2025-02-23,0.7700409889221191,0.7869970202445984,0.7614660263061523,0.7744510173797607,495111534,,,,,-0.005695617413116527,-0.005711899294987849,0.04628728620341591,0.04190352607064549,0.7776670030185154,0.8103468298912049,0.9596718026563059
2025-02-24,0.6822019815444946,0.7755889892578125,0.680666983127594,0.770039975643158,960897545,,,,,-0.114070560712072,-0.12111797117833792,0.05965592064691639,0.04662739273055337,0.7596922857420785,0.8005111634731292,0.9490089837673814
2025-02-25,0.6825820207595825,0.6930379867553711,0.6338109970092773,0.6822119951248169,1317817123,,,,,0.0005570772665119961,0.0005569221565743704,0.05627108045114289,0.0466319878916942,0.7497235706874302,0.7914353648821513,0.9472960193016746
2025-02-26,0.6450380086898804,0.693576991558075,0.6349819898605347,0.6825860142707825,869010894,,,,,-0.05500293141023971,-0.056573453514623256,0.05499940217648327,0.04732124586458873,0.7314514262335641,0.7818385322888692,0.9355530535086387
2025-02-27,0.6455850005149841,0.6781089901924133,0.6284220218658447,0.6450530290603638,683537664,,,,,0.0008479993701684396,0.0008476400218396247,0.048836713342516304,0.04736712126335751,0.7087529982839312,0.7728208661079407,0.9170986827171654
2025-02-28,0.6330509781837463,0.645609974861145,0.5821880102157593,0.6455810070037842,1102255137,,,,,-0.019414983807305553,-0.01960593012578822,0.04780477308715722,0.04681820008305075,0.690421564238412,0.7625516653060913,0.9054095553791415
2025-03-01,0.6592649817466736,0.674651026725769,0.6267330050468445,0.6330519914627075,585631597,,,,,0.04140899306109036,0.04057459725872289,0.05200974105664588,0.04744591520042941,0.67396628005164,0.7524933656056721,0.8956441489808662
2025-03-02,1.1295030117034912,1.134268045425415,0.6461189985275269,0.6592839956283569,7647921820,,,,,0.7132762136265101,0.5384074518929429,0.21940035025582755,0.11117149726725457,0.7253179975918361,0.7587358335653941,0.9559559012568005
2025-03-03,0.8552640080451965,1.1342129707336426,0.8381940126419067,1.1295260190963743,7028104831,,,,,-0.24279616859515363,-0.2781227996956314,0.2466999279214201,0.1223991697551066,0.7500411442347935,0.7573131680488586,0.9903976001991346
2025-03-04,0.941277027130127,0.9502570033073424,0.7684890031814575,0.8552619814872742,5400303546,,,,,0.10056896850075914,0.09582729017130912,0.24728425255779307,0.12177235894332986,0.7869975737162999,0.7619644025961558,1.03285346537824
2025-03-05,0.9753559827804564,1.0150569677352903,0.919651985168457,0.941245973110199,3945666181,,,,,0.0362050221859056,0.035565022120935576,0.2433409077896165,0.12189239818381953,0.8341858557292393,0.7674243013064067,1.086994318930457
2025-03-06,0.9075520038604736,0.9784650206565856,0.8882910013198853,0.9753640294075012,2621972377,,,,,-0.06951716103354733,-0.07205164587865814,0.24776760241127435,0.12161278899249958,0.8716097133500236,0.7727979342142741,1.1278623748343921
2025-03-07,0.8167999982833862,0.912688970565796,0.8115950226783752,0.9075520038604736,3480876480,,,,,-0.09999647975108161,-0.10535660427778866,0.2537526665324702,0.12325632964386017,0.8978595733642578,0.7755843003590902,1.1576556835260268
2025-03-08,0.8046919703483582,0.836214005947113,0.7968320250511169,0.8167999982833862,1184834509,,,,,-0.014823736484420591,-0.014934706087730936,0.25446703227299633,0.12304589459610024,0.9186348574502128,0.7789053002993266,1.1793922279090787
2025-03-09,0.7201489806175232,0.8156759738922119,0.7128279805183411,0.8046799898147583,1597453600,,,,,-0.10506254920654368,-0.11100145053113157,0.12089778863008202,0.12483819788009305,0.8601557101522174,0.7793404996395111,1.1036969213714516
2025-03-10,0.6725969910621643,0.7737690210342407,0.6611070036888123,0.7201489806175232,1891557329,,,,,-0.06603076701515753,-0.06831178242558435,0.07713990036556737,0.1254666499026964,0.8340604220117841,0.778365433216095,1.07155377977869
2025-03-11,0.722586989402771,0.7412700057029724,0.6536449790000916,0.6725940108299255,1875965762,,,,,0.07432385069350755,0.07169148759211437,0.07061647531160736,0.12605991916162104,0.8028189880507333,0.7796949664751689,1.0296577797341735
2025-03-12,0.7354440093040466,0.7614730000495911,0.7125800251960754,0.7226340174674988,1355643740,,,,,0.017793040962309714,0.01763659781606054,0.0677815328830139,0.1258908567671609,0.7685458489826748,0.7805200000603993,0.9846587517593425
2025-03-13,0.7022889852523804,0.7383890151977539,0.6925600171089172,0.7354440093040466,1195241317,,,,,-0.045081642697777924,-0.04612943189175567,0.06645490629217854,0.12496839353901311,0.73922256061009,0.7779496669769287,0.950219007718931
2025-03-14,0.738315999507904,0.7483530044555664,0.6998530030250549,0.7022870182991028,1015277074,,,,,0.05129941521520043,0.050026937350278605,0.06561792732288774,0.1252473370182862,0.7280105607850211,0.7759193996588389,0.93825539238369
2025-03-15,0.7482889890670776,0.7584199905395508,0.7331420183181763,0.7383109927177429,720758317,,,,,0.013507752189876321,0.013417335809995126,0.06645143550978512,0.12524328312993394,0.7199529920305524,0.7738376319408417,0.9303669947206592
2025-03-16,0.7057639956474304,0.748278021812439,0.6990389823913574,0.7482770085334778,807154727,,,,,-0.056829639405311605,-0.05850835455861565,0.055216135958116024,0.12564833650042814,0.7178979941776821,0.7706795314947764,0.9315129893034507
2025-03-17,0.7180920243263245,0.7291240096092224,0.705269992351532,0.7057539820671082,756343011,,,,,0.017467636143134513,0.017316830598417692,0.04720960224941894,0.12564713218859574,0.7243972846439907,0.7685789326826732,0.9425151456019365
2025-03-18,0.702081024646759,0.7181329727172852,0.6839810013771057,0.7180899977684021,697365412,,,,,-0.022296584751217763,-0.022548911330675898,0.039231887767969695,0.12568916609625896,0.7214678611074176,0.7662481327851614,0.9415590462648485
2025-03-19,0.7441999912261963,0.7460219860076904,0.7012720108032227,0.7020840048789978,1096739941,,,,,0.059991603676553984,0.05826098703274928,0.04549089488086716,0.12587963822094264,0.7227187156677246,0.7641206324100495,0.9458175646798824
2025-03-20,0.7175170183181763,0.7522349953651428,0.7135390043258667,0.7442319989204407,850609830,,,,,-0.035854572994626466,-0.03651313786010692,0.043924339335767816,0.12538416726720744,0.7248941489628383,0.762959098815918,0.9501087936271356
2025-03-21,0.7051169872283936,0.7261019945144653,0.7017549872398376,0.7174890041351318,660902108,,,,,-0.017281863388896035,-0.01743293788592205,0.03903127871163845,0.12529743029816792,0.7201514329229083,0.7606982310612996,0.9466979197758593
2025-03-22,0.7009410262107849,0.7152050137519836,0.6991220116615295,0.7051200270652771,458125954,,,,,-0.00592236620766029,-0.005939972968616798,0.038052414974728374,0.12503366128934634,0.7133874382291522,0.7572471320629119,0.9420800793074302
2025-03-23,0.7095080018043518,0.7151650190353394,0.6932539939880371,0.7009410262107849,585188487,,,,,0.012222106101962726,0.0121480192174922,0.03167186919491333,0.12469976566550577,0.7139222962515694,0.7555183649063111,0.9449436696884267
2025-03-24,0.7309949994087219,0.7440339922904968,0.7067490220069885,0.7095029950141907,894622894,,,,,0.030284362614271476,0.02983484434644718,0.03308468949949722,0.12479024977898837,0.7157655784061977,0.7540697991847992,0.949203348522894
2025-03-25,0.745199978351593,0.7653399705886841,0.72223299741745,0.7309960126876831,1066564498,,,,,0.019432388667995015,0.01924599070472925,0.03153655789173982,0.12484731256257327,0.7219254289354596,0.753241765499115,0.9584245882291133
2025-03-26,0.7280619740486145,0.7727810144424438,0.721930980682373,0.7451930046081543,937295461,,,,,-0.022997859367747675,-0.023266435915907803,0.02433503541709582,0.12286594924547152,0.7196199979100909,0.754770431915919,0.9534289732089772
2025-03-27,0.737671971321106,0.7435969710350037,0.7227590084075928,0.7280769944190979,574512540,,,,,0.01319942204789526,0.013113068722693034,0.019794517056539215,0.12288165454536676,0.7224992769105094,0.7566067636013031,0.954920457585591
2025-03-28,0.705551028251648,0.7448449730873108,0.6906650066375732,0.7376729846000671,789537387,,,,,-0.0435436675354931,-0.04452014460502918,0.02626357596646698,0.12270112349505266,0.7225612827709743,0.758623864253362,0.9524631597005183
2025-03-29,0.6739220023155212,0.7111859917640686,0.6611850261688232,0.7055490016937256,643130134,,,,,-0.04482882834782809,-0.045864717230381095,0.03158651857421121,0.12302519653653728,0.7187014222145081,0.7595684309800466,0.9461970678365225
2025-03-30,0.6607080101966858,0.6867219805717468,0.6520990133285522,0.6739090085029602,489882249,,,,,-0.019607598614429622,-0.01980237788292903,0.03089264552162149,0.12302636015318383,0.7117299948419843,0.7604903320471446,0.9358830281590779
2025-03-31,0.6614469885826111,0.6637219786643982,0.6312100291252136,0.6606969833374023,754677195,,,,,0.0011184643965573837,0.0011178393812490356,0.02625128276354747,0.12280410689056916,0.7017945647239685,0.7605630656083425,0.9227302724234083
2025-04-01,0.6776549816131592,0.6926289796829224,0.6591150164604187,0.6614459753036499,688019564,,,,,0.02450384280270068,0.024208439595298316,0.027351577685953372,0.06931885160858837,0.6921452794756208,0.7455014646053314,0.9284291343975328
2025-04-02,0.641638994216919,0.7056289911270142,0.6371780037879944,0.6776480078697205,969234908,,,,,-0.05314797112610914,-0.05461245051384484,0.031460370008281884,0.04945414982825045,0.6797991394996643,0.7383806308110555,0.9206622047397913
2025-04-03,0.6500589847564697,0.6562399864196777,0.6152229905128479,0.6416019797325134,873870076,,,,,0.013122629103654804,0.01303727332360178,0.03144786678548815,0.04552306452792101,0.6672829985618591,0.7286733627319336,0.9157505031611003
2025-04-04,0.6604490280151367,0.6685310006141663,0.6296859979629517,0.6500629782676697,934938981,,,,,0.015983231525612096,0.015856844616165874,0.03126108535973975,0.04494647782360396,0.660839855670929,0.7181764642397562,0.9201636207481091
2025-04-05,0.6546710133552551,0.6664019823074341,0.6457549929618835,0.6604359745979309,403628594,,,,,-0.00874861558543949,-0.008787109398936814,0.02689667074543688,0.043542342879288994,0.6580897143908909,0.7097470978895823,0.9272171965869342
2025-04-06,0.5727930068969727,0.6547629833221436,0.5617870092391968,0.6546710133552551,943427756,,,,,-0.12506740758025836,-0.13360843282662377,0.05628356859533807,0.04589777110198193,0.6455304282052177,0.7016135315100352,0.920065533536513
2025-04-07,0.5854309797286987,0.5966190099716187,0.5162259936332703,0.5728030204772949,1985606963,,,,,0.02206376942377597,0.021823886531373782,0.05811706251884452,0.046300885364486614,0.6346709983689445,0.6943048318227132,0.9141100123166133
2025-04-08,0.5578879714012146,0.616657018661499,0.5544250011444092,0.5854349732398987,1249643862,,,,,-0.047047404871276455,-0.04819011934718011,0.05586846154309558,0.04289960634860931,0.6175614254815238,0.6888961315155029,0.8964507089377177
2025-04-09,0.631676971912384,0.6438260078430176,0.5380139946937561,0.557869017124176,1648147581,,,,,0.13226490674433777,0.12421996896198974,0.078042753618131,0.04776966477555676,0.6161382794380188,0.6875321308771769,0.8961592509893735
2025-04-10,0.609387993812561,0.6323840022087097,0.588096022605896,0.6316940188407898,921990046,,,,,-0.035285405501396916,-0.0359229783841432,0.07863754887234532,0.0460474753336068,0.6103281378746033,0.6837588310241699,0.892607320274638
2025-04-11,0.6241670250892639,0.6366549730300903,0.60663902759552,0.6093950271606445,837897601,,,,,0.024252252139461472,0.023962836260548022,0.07912669973126421,0.046172249540094634,0.6051449945994786,0.6800495982170105,0.88985420502575
2025-04-12,0.6588519811630249,0.665910005569458,0.617717981338501,0.6241660118103027,676334951,,,,,0.05556999117151462,0.05408089702346029,0.08252677891615372,0.04675044308246213,0.6057422757148743,0.6786016980806987,0.8926330090657096
2025-04-13,0.6380749940872192,0.6663169860839844,0.6318590044975281,0.6588550209999084,664262311,,,,,-0.0315351363733164,-0.032043075960270784,0.06107533640331487,0.04598828137646696,0.6150682738849095,0.6752603312333425,0.9108609604854263
2025-04-14,0.6348739862442017,0.6556959748268127,0.630066990852356,0.6380720138549805,702462762,,,,,-0.005016663985706993,-0.005029289688117619,0.06144816897761581,0.045858561032677464,0.6221315605299813,0.6714798311392466,0.9265081863657171
2025-04-15,0.6091629862785339,0.6474990248680115,0.6077629923820496,0.6348749995231628,729833314,,,,,-0.040497800386765426,-0.04134067107923569,0.060383023631381365,0.04527743418444204,0.6294565626553127,0.6682597974936167,0.9419339080641392
2025-04-16,0.610418975353241,0.6225619912147522,0.5973309874534607,0.6091629862785339,660642294,,,,,0.0020618276274138037,0.0020597049780218956,0.03508883336048936,0.045104563407701734,0.6264197060040065,0.6646706958611807,0.9424512166771333
2025-04-17,0.6163049936294556,0.6292309761047363,0.6097490191459656,0.610418975353241,459522026,,,,,0.009642587327512997,0.009596394291856934,0.03250179186521053,0.04506530097919915,0.6274078488349915,0.6618114948272705,0.9480159437223763
2025-04-18,0.6274449825286865,0.6313210129737854,0.6111559867858887,0.6163049936294556,385441968,,,,,0.018075448056370513,0.01791402938631711,0.03188304955281608,0.043714342109383915,0.6278761284691947,0.6579196612040202,0.9543355602417405
2025-04-19,0.6279540061950684,0.634082019329071,0.6197729706764221,0.6274449825286865,343946478,,,,,0.0008112642232478429,0.000810935326297414,0.021792297199780524,0.04333630025373215,0.6234621320452008,0.6549342274665833,0.9519461739797556
2025-04-20,0.6197819709777832,0.6339120268821716,0.6105179786682129,0.6279469728469849,366085065,,,,,-0.01301374803992661,-0.013099168764133216,0.019161431071571727,0.04329871737856121,0.6208488430295672,0.6520897269248962,0.9520911270253348
2025-04-21,0.6239399909973145,0.6492059826850891,0.6176490187644958,0.6197819709777832,657464744,,,,,0.0067088431323218956,0.0066864389923205906,0.01957948328539588,0.04334356874802268,0.6192868437085833,0.6495230257511139,0.9534486371633012
2025-04-22,0.680404007434845,0.6838780045509338,0.6183760166168213,0.6239359974861145,857733017,,,,,0.09049590866467394,0.08663255485486901,0.03263916713542503,0.046324130190656856,0.6294641324451992,0.6485528926054637,0.9705671497607877
2025-04-23,0.6975659728050232,0.7152690291404724,0.6784219741821289,0.680387020111084,971202640,,,,,0.025223198544758185,0.024910343563075713,0.03217528849428691,0.04621825067429363,0.6419137035097394,0.6474385917186737,0.9914665448127397
2025-04-24,0.72182697057724,0.7390909790992737,0.6714910268783569,0.6975669860839844,1033424969,,,,,0.03477950289728082,0.03418836334198767,0.03231146898772665,0.04652967069847373,0.6569882716451373,0.6466594914595286,1.015972517719173
2025-04-25,0.7141410112380981,0.7277060151100159,0.7033529877662659,0.7219780087471008,957571529,,,,,-0.010647924852399737,-0.01070501966006347,0.03472070788734234,0.04637924424602561,0.6693734186036246,0.6461954593658448,1.0358683412299523
2025-04-26,0.7075210213661194,0.7331420183181763,0.7023699879646301,0.7141150236129761,660103423,,,,,-0.009269863749319929,-0.009313096317041842,0.03577468803860704,0.0463305767045391,0.6807401350566319,0.6451904277006785,1.055099557943916
2025-04-27,0.7039750218391418,0.7170320153236389,0.6924610137939453,0.7075129747390747,573620571,,,,,-0.0050118645522796434,-0.00502446606778317,0.03475648498320195,0.04561844560712779,0.6927677137511117,0.645137894153595,1.0738288977118695
2025-04-28,0.7054799795150757,0.7281910181045532,0.6843479871749878,0.7039790153503418,895129397,,,,,0.002137799821366082,0.0021355179788309763,0.035048998882967614,0.04479130848345012,0.7044162835393634,0.6461898267269135,1.0901073560804555
2025-04-29,0.6963300108909607,0.7176340222358704,0.6903160214424133,0.7054799795150757,839231770,,,,,-0.012969848741000933,-0.013054691627204339,0.01877257401147861,0.044697359523279766,0.706691426890237,0.6473772267500559,1.0916223149182254
2025-04-30,0.6819300055503845,0.702830970287323,0.6668940186500549,0.6963300108909607,664786586,,,,,-0.020679857417248537,-0.02089668011936816,0.01795205848477233,0.044888405510709696,0.7044577172824315,0.6480599939823151,1.0870254665058918
2025-05-01,0.7054340243339539,0.7138029932975769,0.6818259954452515,0.6819350123405457,602107137,,,,,0.0344669080290716,0.03388622931973053,0.01784713217093047,0.04509512137376235,0.7021158678191048,0.6489859620730082,1.081866032319694
2025-05-02,0.6980419754981995,0.7243419885635376,0.6900730133056641,0.7054349780082703,690154754,,,,,-0.010478724559300545,-0.010534012967329727,0.017835390689687862,0.04391180603894034,0.6998160055705479,0.6508660614490509,1.0752073998335658
2025-05-03,0.701026976108551,0.7283570170402527,0.6927149891853333,0.6980419754981995,778920755,,,,,0.004276248012479611,0.00426713084621579,0.01780545638598423,0.04387053429494398,0.6988882848194667,0.6525649944941203,1.0709864775404587
2025-05-04,0.676692008972168,0.713371992111206,0.6733899712562561,0.701026976108551,704179966,,,,,-0.034713310565405275,-0.035330134267913746,0.02203834457967348,0.04432680966190453,0.6949907115527562,0.653106427192688,1.0641308715029854
2025-05-05,0.6629760265350342,0.6897919774055481,0.6559979915618896,0.676692008972168,699151297,,,,,-0.02026916566957404,-0.0204774038896725,0.022362435578392716,0.04446525428366866,0.6889187182698931,0.6533832609653473,1.0543868498437559
2025-05-06,0.6783819794654846,0.6799700260162354,0.6446290016174316,0.6629760265350342,592765534,,,,,0.02323757166751239,0.022971690377216174,0.02520564949614691,0.03670255897094059,0.6863547137805394,0.6569028933842976,1.044834359374654
2025-05-07,0.6711859703063965,0.6878399848937988,0.6565380096435547,0.678367018699646,615619795,,,,,-0.010607606594677077,-0.010664268306496605,0.024325533924208963,0.03668785171862529,0.6848198516028268,0.659761393070221,1.0379810925522566
2025-05-08,0.7666040062904358,0.7683410048484802,0.6707760095596313,0.6712080240249634,1352507618,,,,,0.1421633350597018,0.1329241264529783,0.05644922835996336,0.042196808611896286,0.6935584204537528,0.666718594233195,1.0402566036896372
2025-05-09,0.7777109742164612,0.8161730170249939,0.7558590173721313,0.7667409777641296,1495123581,,,,,0.014488533629991807,0.014384577735868494,0.055579211501237756,0.03635925747814349,0.704939705984933,0.6715863943099976,1.049663471382864
2025-05-10,0.8412730097770691,0.8414779901504517,0.7730349898338318,0.7777130007743835,1434324472,,,,,0.08172963693182589,0.0785612757550867,0.06000740050141276,0.037689777277132686,0.7249748536518642,0.6793158948421478,1.0672131465734747
2025-05-11,0.8049889802932739,0.8435559868812561,0.7842689752578735,0.8412569761276245,1092674369,,,,,-0.043129910340770516,-0.04408764422622503,0.061571354762571834,0.03889557608036651,0.7433029924120221,0.6853432933489482,1.0845703162569118
2025-05-12,0.8176379799842834,0.8608250021934509,0.7872480154037476,0.8049899935722351,2013365721,,,,,0.015713258194418156,0.015591083136388802,0.05858750710831324,0.03796317634530379,0.7653975571904864,0.6906361599763234,1.1082500476324986
2025-05-13,0.8315600156784058,0.8407639861106873,0.7742679715156555,0.8176349997520447,1325631679,,,,,0.017027139192323126,0.016883802248544424,0.058753388089691785,0.03726378512680803,0.7872801337923322,0.6970856606960296,1.1293879334804344
2025-05-14,0.7995200157165527,0.8317170143127441,0.7907559871673584,0.8315790295600891,1149087779,,,,,-0.038529991050271994,-0.03929190637974178,0.06283585301175282,0.038216032143354,0.8056135688509259,0.7025738616784414,1.1466603197083418
2025-05-15,0.7612429857254028,0.8096849918365479,0.7468500137329102,0.7995269894599915,1282600970,,,,,-0.047875011555332914,-0.04905896242554613,0.046177655595609934,0.03858170077717486,0.804847708770207,0.7076431949933369,1.1373637370706084
2025-05-16,0.7592679858207703,0.784978985786438,0.752905011177063,0.7612730264663696,761962011,,,,,-0.0025944408574753997,-0.002597812251674591,0.045677924214541456,0.03861340885221918,0.8022129961422512,0.7126048286755879,1.1257473481244922
2025-05-17,0.7423850297927856,0.7802760004997253,0.7294650077819824,0.7592679858207703,974561722,,,,,-0.022235832859111127,-0.02248677591848774,0.027991186896870992,0.03898931824684209,0.7880861418587821,0.7168074965476989,1.0994390344051599
2025-05-18,0.7606260180473328,0.7752469778060913,0.7246180176734924,0.7423850297927856,940509064,,,,,0.024570792139543274,0.024273785518501647,0.029215705755494974,0.03907238320904848,0.7817485758236477,0.7212468643983205,1.0838848865926078
2025-05-19,0.7430629730224609,0.7632330060005188,0.7120149731636047,0.7605990171432495,870207859,,,,,-0.02309025014679278,-0.023361005972586262,0.027617538334378845,0.039439464468282684,0.7710950034005302,0.7250838299592336,1.0634563502042012
2025-05-20,0.7457290291786194,0.7524899840354919,0.7238219976425171,0.7430629730224609,718031523,,,,,0.0035879276090342582,0.0035815063515249094,0.02554527276603174,0.039283874424222376,0.7588334339005607,0.7292820652325948,1.0405211783982935
2025-05-21,0.7707189917564392,0.782069981098175,0.7394649982452393,0.7457219958305359,1107919947,,,,,0.03351078153058484,0.03296153214195824,0.0287551280081285,0.03958759489851656,0.7547190019062587,0.7341746985912323,1.0279828538826628
2025-05-22,0.8081380128860474,0.8098549842834473,0.769894003868103,0.7707229852676392,1060144223,,,,,0.04855079676229557,0.04740901726528149,0.02733659412166944,0.03745882080580432,0.7614182915006366,0.738432498772939,1.0311278184070898
2025-05-23,0.7463799715042114,0.8396180272102356,0.745015025138855,0.8081560134887695,1438828552,,,,,-0.0764201663541153,-0.07949803625090865,0.043331244143136424,0.04035417067529281,0.7595771465982709,0.740059632062912,1.0263728944125137
2025-05-24,0.7471920251846313,0.765932023525238,0.7427840232849121,0.7463849782943726,606044855,,,,,0.0010879896452518079,0.0010873982134599592,0.042420567380418,0.039900906427225706,0.7602638602256775,0.7409051338831584,1.0261284818490297
2025-05-25,0.7599830031394958,0.7600029706954956,0.7299140095710754,0.7471920251846313,665579932,,,,,0.017118729220515716,0.016973854815252386,0.041836529246174724,0.039937293696314595,0.7601720009531293,0.7424332002798716,1.023892790175023
2025-05-26,0.7595549821853638,0.7756810188293457,0.7529550194740295,0.7599830031394958,648219927,,,,,-0.0005631980614880794,-0.0005633567170887925,0.040594772002553015,0.03988318101599237,0.7625280022621155,0.7441676656405131,1.0246723117239978
2025-05-27,0.7586830258369446,0.7749689817428589,0.7456949949264526,0.7595549821853638,707175899,,,,,-0.0011479831860367051,-0.0011486426234647799,0.04062547707712886,0.03986469031403853,0.7643785732133048,0.7459912657737732,1.0246481537829528
2025-05-28,0.7468940019607544,0.7603399753570557,0.7334709763526917,0.7586830258369446,597350861,,,,,-0.01553880009795272,-0.015660792647545465,0.038649897823951014,0.04000239159118925,0.7609750032424927,0.7473717331886292,1.0182014778587167
2025-05-29,0.7223420143127441,0.7644929885864258,0.7220939993858337,0.7468940019607544,722295527,,,,,-0.0328721178420982,-0.03342454598729457,0.03207758743181462,0.040435542288261454,0.748718432017735,0.7482387999693553,1.0006410146712512
2025-05-30,0.6893270015716553,0.727092981338501,0.6871060132980347,0.7223420143127441,1028958874,,,,,-0.04570551357517294,-0.04678296918766272,0.02213109475222132,0.04119293949044871,0.7405680077416557,0.7484853665033976,0.9894221595824533
2025-05-31,0.6860740184783936,0.6946390271186829,0.6580939888954163,0.689329981803894,812725496,,,,,-0.0047190710444317,-0.0047302410153047016,0.02169060739216547,0.040709676660180445,0.7318368639264788,0.747840032974879,0.9786008125497907
2025-06-01,0.6849740147590637,0.6870660185813904,0.6567090153694153,0.6860740184783936,601446044,,,,,-0.0016033309667803364,-0.0016046176774074362,0.018416797297480077,0.04066964158731874,0.7211212941578456,0.7474044342835744,0.9648341126703075
2025-06-02,0.6896770000457764,0.6915000081062317,0.6652690172195435,0.6849730014801025,644713300,,,,,0.006865932408205211,0.006842469230790226,0.019551712176462892,0.04068305043976934,0.7111387252807617,0.7470261017481487,0.9519596753267319
2025-06-03,0.6846140027046204,0.7058320045471191,0.6772040128707886,0.6896799802780151,564411241,,,,,-0.0073411137979372265,-0.007368192379860754,0.019015620728260046,0.04017575392930531,0.7005574362618583,0.747290168205897,0.9374637404152725
2025-06-04,0.6658899784088135,0.701337993144989,0.663910984992981,0.6846129894256592,537207539,,,,,-0.02734975361566694,-0.02773072042591514,0.01965628714333034,0.04032719116569058,0.6889854328972953,0.747387299935023,0.9218586306687242
2025-06-05,0.6275740265846252,0.6891019940376282,0.6210359930992126,0.6658899784088135,884135870,,,,,-0.05754096482386872,-0.05926282460866317,0.025067373339926924,0.04149997841690868,0.6754471489361354,0.745693701505661,0.9057970418314009
2025-06-06,0.6564059853553772,0.6709520220756531,0.6237900257110596,0.6275740265846252,644957374,,,,,0.04594192485571913,0.044917842930933316,0.03183980453348073,0.04235912637818824,0.6707441466195243,0.745201035340627,0.9000848292071026
2025-06-07,0.6650099754333496,0.6703829765319824,0.6517279744148254,0.6564059853553772,384375357,,,,,0.013107726422260102,0.013022563563327655,0.032744067724269625,0.03417910982602183,0.6677349976130894,0.7418145676453908,0.9001373479797803
2025-06-08,0.6698989868164062,0.6786649823188782,0.6539859771728516,0.665008008480072,500556195,,,,,0.007351786535037652,0.007324893878022724,0.033046155311505836,0.034067023540485825,0.6655814221927098,0.7382208347320557,0.9016020557510936
2025-06-09,0.7050520181655884,0.706961989402771,0.6576089859008789,0.6699000000953674,623912687,,,,,0.052475122430385435,0.05114464964933497,0.03899262385034879,0.03205727141283719,0.6677778533526829,0.733680135011673,0.9101757312020701
2025-06-10,0.7159140110015869,0.7187880277633667,0.6871809959411621,0.705053985118866,854432526,,,,,0.015405945314871161,0.015288478659644087,0.03891430338137625,0.031444599461830196,0.6722492831093925,0.7307109693686168,0.9199934191356959
2025-06-11,0.6981580257415771,0.7303619980812073,0.692110002040863,0.7159180045127869,762289525,,,,,-0.02480184070593694,-0.02511458833319887,0.03854282165750152,0.031452382311206485,0.6768590041569301,0.7267283042271931,0.93137834348795
2025-06-12,0.6638389825820923,0.6991270184516907,0.6587839722633362,0.6981580257415771,693312281,,,,,-0.04915655466830948,-0.050405851090611006,0.03608094287059983,0.032208591044729146,0.6820397121565682,0.7211376031239828,0.9457830366936328
2025-06-13,0.6421359777450562,0.6638190150260925,0.6203640103340149,0.6638190150260925,1056842030,,,,,-0.032693176216647246,-0.033239539354181794,0.03483317374546721,0.03202105491230204,0.6800011396408081,0.7158914685249329,0.9498662430520712
2025-06-14,0.6249489784240723,0.6421999931335449,0.6148920059204102,0.6421369910240173,413673092,,,,,-0.026765357987475258,-0.027130072721370926,0.03503351461841125,0.03127673564172644,0.6742781400680542,0.7113483349482218,0.9478874229980929
2025-06-15,0.633849024772644,0.6356289982795715,0.6216949820518494,0.6249529719352722,353272482,,,,,0.014241236734261031,0.01414078292340194,0.03564816416355937,0.03149866676861542,0.6691281454903739,0.7071677029132843,0.9462085764576058
2025-06-16,0.6316310167312622,0.656781017780304,0.6259850263595581,0.633849024772644,676555071,,,,,-0.0034992686818086094,-0.003505405442761764,0.024936179278780966,0.031346727322077786,0.6586394309997559,0.7034759024779002,0.9362643818783077
2025-06-17,0.6104490160942078,0.6419140100479126,0.6009719967842102,0.6314330101013184,716747559,,,,,-0.03353540291082102,-0.03411061102101629,0.02144760561197465,0.03125410071264442,0.6435730031558445,0.698470002412796,0.9214039270586923
2025-06-18,0.6034489870071411,0.620764970779419,0.5897449851036072,0.610450029373169,721275360,,,,,-0.011467016740979386,-0.01153326994884836,0.02181100451521379,0.03111923330107132,0.6300431404794965,0.6938162028789521,0.9080836363653187
2025-06-19,0.6021249890327454,0.6108440160751343,0.5910850167274475,0.6034510135650635,472917745,,,,,-0.0021940512005202972,-0.0021964616572779784,0.01823192236138776,0.031069727519497468,0.6212268556867327,0.6890294015407562,0.9015970208202895
2025-06-20,0.5772640109062195,0.6059219837188721,0.5629760026931763,0.6021270155906677,758958578,,,,,-0.04128873336823735,-0.04216532697933583,0.020030174185996452,0.030752927068460667,0.6119594318526131,0.6825809021790822,0.8965375824301326
2025-06-21,0.5543149709701538,0.5873389840126038,0.546658992767334,0.5772650241851807,686354524,,,,,-0.03975484267595175,-0.04056665490963804,0.021917309876817517,0.029285421659793563,0.6018688593591962,0.6741201341152191,0.8928213665493725
2025-06-22,0.5409830212593079,0.562654972076416,0.513185977935791,0.5543220043182373,1168250598,,,,,-0.024051217104081757,-0.024345170487053792,0.01705147026401882,0.026541425816608264,0.5886022874287197,0.6672735691070557,0.8821004078078294
2025-06-23,0.5832750201225281,0.5853840112686157,0.5308489799499512,0.54100501537323,1040285762,,,,,0.07817620369077805,0.07527091338822031,0.04098193735994427,0.03079508197890918,0.5816942879131862,0.6618096689383189,0.8789449825451258
2025-06-24,0.5873690247535706,0.5931649804115295,0.5775930285453796,0.5832750201225281,798539329,,,,,0.007018995310621223,0.006994476826263038,0.04011758302449678,0.03056620742731978,0.5783971462930951,0.656055869658788,0.8816278811649336
2025-06-25,0.5670809745788574,0.5899930000305176,0.5645189881324768,0.5873709917068481,620996333,,,,,-0.03454055171401815,-0.035151178735155685,0.041672029678428125,0.030903532860919923,0.5732017159461975,0.6496400694052379,0.8823373787133826
2025-06-26,0.5540210008621216,0.5805730223655701,0.5515450239181519,0.5670809745788574,602838443,,,,,-0.02303017435285115,-0.023299512117270053,0.04187080281948717,0.030955736106166212,0.5663297176361084,0.6428180019060771,0.8810109797125059
2025-06-27,0.5587639808654785,0.5615090131759644,0.5460289716720581,0.5540210008621216,494464871,,,,,0.008561011217943504,0.008524573575758865,0.040109324768825984,0.03113057923603258,0.5636868562017169,0.6365470012029012,0.8855384679159616
2025-06-28,0.5656970143318176,0.5682680010795593,0.5561749935150146,0.5587679743766785,368639849,,,,,0.012407803122170602,0.01233145720769729,0.03708438107423407,0.03104755402610268,0.5653128623962402,0.631325501203537,0.8954380289067168
2025-06-29,0.5780860185623169,0.5824400186538696,0.5557510256767273,0.5656970143318176,583426280,,,,,0.02190042357768629,0.02166405413607379,0.03549308705474925,0.030622562918710905,0.5706132905823844,0.6276174684365591,0.90917369142676
2025-06-30,0.5721210241317749,0.588808000087738,0.558247983455658,0.5780860185623169,746847500,,,,,-0.010318523954924164,-0.01037212899197048,0.02071948529764901,0.03063266722082611,0.5690198625837054,0.6238190352916717,0.9121553373530121
2025-07-01,0.5421580076217651,0.5759639739990234,0.5384230017662048,0.5721210241317749,714647761,,,,,-0.05237181513383515,-0.05379306371838468,0.02756004088023106,0.03182973563570918,0.5625611458505902,0.6190585017204284,0.9087366449005609
2025-07-02,0.5841010212898254,0.5980119705200195,0.5405160188674927,0.5421580076217651,991825199,,,,,0.07736308064884612,0.07451646359794446,0.0401372273241124,0.035129795128252504,0.5649925810950143,0.6155393024285635,0.9178822194876575
2025-07-03,0.5990880131721497,0.6105120182037354,0.5833280086517334,0.5841000080108643,779890753,,,,,0.025658218931426724,0.025334571301925738,0.03876455618968992,0.035575616523300206,0.5714307257107326,0.6126884361108144,0.9326611896546066
2025-07-04,0.5728909969329834,0.602724015712738,0.5643470287322998,0.5990869998931885,588008206,,,,,-0.043728159574507264,-0.044713054441566535,0.044210504987337314,0.03609025033924054,0.5734488708632333,0.6095884700616201,0.9407147592625339
2025-07-05,0.5759080052375793,0.5828490257263184,0.5707169771194458,0.5728909969329834,316451015,,,,,0.0052662868167727694,0.005252468421544949,0.04405730608071961,0.034639245348079696,0.5749075838497707,0.6078662693500518,0.9457797098438748
2025-07-06,0.5860130190849304,0.5918269753456116,0.5714989900588989,0.5759080052375793,412178050,,,,,0.017546229181486073,0.01739407138751482,0.04377731525156209,0.03368130904961204,0.5760400124958583,0.605519837141037,0.9513148490983092
2025-07-07,0.5802379846572876,0.5925729870796204,0.574753999710083,0.5860090255737305,604232754,,,,,-0.009854788613161913,-0.009903668441168896,0.043755699306967995,0.03354671590727103,0.5771995782852173,0.6026941041151682,0.9576990621678967
2025-07-08,0.5884739756584167,0.5914509892463684,0.5734999775886536,0.5802389979362488,545842174,,,,,0.014194160359897179,0.014094366483973064,0.036195501861664835,0.03365191625327415,0.583816145147596,0.5999799370765686,0.9730594459412569
2025-07-09,0.6234890222549438,0.6263269782066345,0.5844860076904297,0.5884739756584167,1024072721,,,,,0.059501435993580376,0.057798454075539255,0.03162350755131754,0.034049654008289576,0.5894430024283273,0.5972611705462137,0.986909967526038
2025-07-10,0.6766480207443237,0.6787980198860168,0.6181489825248718,0.6234890222549438,1172708375,,,,,0.0852605203811323,0.08182006912075454,0.04192054297960489,0.037361478282756024,0.6005230035100665,0.595952304204305,1.0076695723357663
2025-07-11,0.7105259895324707,0.7725200057029724,0.6695579886436462,0.6766449809074402,2869891976,,,,,0.05006734335952201,0.04885429864565062,0.03272657374178057,0.03820647552372264,0.6201851453099932,0.5963645696640014,1.039942975920606
2025-07-12,0.7082970142364502,0.7336840033531189,0.6901879906654358,0.7105259895324707,1327152134,,,,,-0.0031370777830198593,-0.0031420087267313088,0.03394798278537312,0.036986315295793784,0.6390978608812604,0.5978465040524801,1.0689999131033794
2025-07-13,0.7372530102729797,0.7537540197372437,0.7060819864273071,0.7082970142364502,1559998665,,,,,0.040881149368876546,0.04006761344050827,0.03367437351775561,0.03698846500859657,0.6607035739081246,0.6010170718034108,1.0993091625927007
2025-07-14,0.7343360185623169,0.7654730081558228,0.7237309813499451,0.7372509837150574,1794877371,,,,,-0.003956568057392862,-0.003964415980189392,0.03247249806634618,0.03654223387158099,0.6827175787517002,0.6046633064746857,1.1290871654377168
2025-07-15,0.7468230128288269,0.7483000159263611,0.7117230296134949,0.7343260049819946,1523030830,,,,,0.017004469276826528,0.01686151162591777,0.03221058974090872,0.03656810208645184,0.7053388697760445,0.6084291060765584,1.1592786451726589
2025-07-16,0.7645490169525146,0.7835590243339539,0.7340729832649231,0.7468230128288269,1535471266,,,,,0.023735214125961246,0.023457913224639165,0.030562323568518155,0.03667117544073602,0.7254902975899833,0.6128597060839335,1.1837787512997708
2025-07-17,0.8237850069999695,0.8371580243110657,0.742796003818512,0.7645490169525146,2647535949,,,,,0.07747834178581381,0.07462344236295018,0.028549481485552773,0.03788598683332795,0.7465098670550755,0.6199709057807923,1.2041046766782062
2025-07-18,0.8158569931983948,0.8921710252761841,0.8007749915122986,0.8237109780311584,3058416972,,,,,-0.009623886978043728,-0.009670495858456838,0.02999437504216425,0.037851004813878986,0.7615571532930646,0.627051172653834,1.2145055882281
2025-07-19,0.8303400278091431,0.835457980632782,0.8056920170783997,0.8158609867095947,1047545712,,,,,0.017751928011269014,0.017596202785075767,0.02833498524852684,0.0378026030242909,0.778991869517735,0.6346583406130473,1.227419257998357
2025-07-20,0.8587449789047241,0.8757979869842529,0.8245289921760559,0.8303329944610596,1751415542,,,,,0.034208818248263606,0.033636707580901495,0.027777177997290618,0.036662493379198476,0.7963478650365557,0.6440410395463307,1.2364862114959498
2025-07-21,0.8904250264167786,0.9296600222587584,0.8441449999809265,0.8587430119514465,2494414873,,,,,0.03689110072289492,0.03622690996535834,0.025637459955372102,0.035436598554976384,0.8186462947300502,0.6552447080612183,1.2493749047623985
2025-07-22,0.902944028377533,0.9070109724998474,0.8549190163612366,0.8904060125350952,2097520070,,,,,0.014059580076194678,0.013961660914431188,0.025861091691010814,0.03462097292895182,0.840949296951294,0.6673100749651592,1.2602077032857637
2025-07-23,0.8162310123443604,0.9034550189971924,0.7933470010757446,0.9029499888420104,1971435839,,,,,-0.09603365580586876,-0.10096314915675814,0.055064919162851146,0.03907153759103463,0.848332439150129,0.6750752747058868,1.2566486596916557
2025-07-24,0.8055779933929443,0.8367080092430115,0.7656610012054443,0.8162270188331604,2091907443,,,,,-0.01305147536702711,-0.013137394269405696,0.047146369604878856,0.03931838687879102,0.8457314372062683,0.682348906993866,1.2394413305829053
2025-07-25,0.816074013710022,0.8162519931793213,0.7776939868927002,0.8055800199508667,1448176900,,,,,0.013029179549543413,0.012945029935146332,0.047402678793460815,0.038360388760152075,0.8457624401365008,0.6906486749649048,1.224591417886204
2025-07-26,0.81980299949646,0.8374770283699036,0.813040018081665,0.8160539865493774,869250145,,,,,0.004569421062049717,0.004559012951610757,0.04685074084319764,0.0378062537028714,0.844257150377546,0.6995080749193827,1.2069298134619038
2025-07-27,0.8320080041885376,0.83815997838974,0.8154550194740295,0.8198009729385376,969262242,,,,,0.014887728758706809,0.014777994315398172,0.044976459179747866,0.03779761168658351,0.8404375825609479,0.7086162090301513,1.186026472229889
2025-07-28,0.7908909916877747,0.8540030121803284,0.7890660166740417,0.8320080041885376,1298724819,,,,,-0.049419010747215886,-0.050681913684316536,0.04383516906823939,0.03956129980794516,0.8262184347425189,0.7161226749420166,1.1537386870334982
2025-07-29,0.7824680209159851,0.8089470267295837,0.7715070247650146,0.7908840179443359,986793262,,,,,-0.010649976874581357,-0.010707093769332786,0.0418856062800171,0.039706402016354336,0.8090075765337262,0.7229354083538055,1.1190592785819073
2025-07-30,0.7634389996528625,0.788320004940033,0.7426159977912903,0.7824680209159851,1181054301,,,,,-0.024319231910393646,-0.02461982794739138,0.023202313815005038,0.040043376563766,0.8014658604349408,0.7293126742045085,1.0989331308538313
2025-07-31,0.7400599718093872,0.7876889705657959,0.7382389903068542,0.7634220123291016,977040210,,,,,-0.030623308285410933,-0.031101999892738902,0.024615465289834916,0.03900520190106186,0.7921061430658612,0.7359094063440959,1.0763636613927028
2025-08-01,0.7156670093536377,0.7400559782981873,0.7008630037307739,0.7400559782981873,1471507567,,,,,-0.03296079153708409,-0.033516237853502,0.02293774281351221,0.03784883552537768,0.7777622853006635,0.7402949392795563,1.050611376673154
2025-08-02,0.6976699829101562,0.7268519997596741,0.6865170001983643,0.7156310081481934,921584134,,,,,-0.025147207022628626,-0.025468800944823605,0.020532570830630356,0.03812515659008563,0.7603147115026202,0.7435810049374898,1.0225042146773735
2025-08-03,0.7269759774208069,0.7290189862251282,0.6910359859466553,0.6976699829101562,757511852,,,,,0.04200552586254025,0.041147246448150335,0.02921264614407736,0.03747570299701359,0.7453101362500872,0.7487171709537506,0.9954495037167062
2025-08-04,0.7548080086708069,0.7585129737854004,0.7259089946746826,0.7269780039787292,893498948,,,,,0.03828466430038513,0.03756999020989647,0.03228311802694092,0.03785832252066516,0.7401554243905204,0.7546805044015249,0.9807533387621784
2025-08-05,0.726036012172699,0.7593119740486145,0.7152330279350281,0.7548090219497681,945408782,,,,,-0.03811829785533738,-0.03886380662154631,0.03454472949101026,0.038810433874294274,0.7320937088557652,0.7593479375044505,0.9641083786462177
2025-08-06,0.7417939901351929,0.7473000288009644,0.7114310264587402,0.7260410189628601,740545524,,,,,0.021704127203466594,0.021471946152414854,0.03581711935740328,0.038757969940249,0.7290015646389553,0.7647331376870473,0.9532757621094294
2025-08-07,0.7863950133323669,0.7874410152435303,0.7349249720573425,0.7417939901351929,1066141350,,,,,0.06012588911517813,0.058387664388377246,0.04027057633128389,0.039819840569042315,0.7356208562850952,0.7713305056095123,0.9537038285602369
2025-08-08,0.7911810278892517,0.8044260144233704,0.7779819965362549,0.786408007144928,1342179780,,,,,0.006086018445874863,0.006067573435562469,0.035900650760162474,0.03876978902818504,0.7464085732187543,0.7769202391306559,0.9607274152800512
2025-08-09,0.804036021232605,0.8194649815559387,0.7907249927520752,0.7911779880523682,1023977315,,,,,0.016247853386535782,0.016117269588880732,0.03137225754377799,0.03622462892148546,0.7616037215505328,0.7811665058135986,0.9749569597294871
2025-08-10,0.8022879958152771,0.8327460289001465,0.7881919741630554,0.8040549755096436,1080500013,,,,,-0.0021740635632817584,-0.00217643027034026,0.03083628067240201,0.035317528788578266,0.7723625813211713,0.7842252393563588,0.9848734044253363
2025-08-11,0.7739769816398621,0.832243025302887,0.7683820128440857,0.8022879958152771,1413948082,,,,,-0.035287844668105306,-0.035925506769020836,0.033869039914117174,0.03604734216822759,0.7751010060310364,0.7864145716031392,0.985613738630199
2025-08-12,0.8412039875984192,0.8537390232086182,0.7677559852600098,0.7739689946174622,1984793671,,,,,0.08685917999282111,0.08329205052221118,0.03937603022983056,0.038370808855413885,0.7915535739489964,0.7898796041806538,1.0021192720504273
2025-08-13,0.9059240221977234,0.9180219769477844,0.8340409994125366,0.8412039875984192,2355898692,,,,,0.07693738445543463,0.07412125763123026,0.04420587149847415,0.04037991965713461,0.8150007213865008,0.7955992043018341,1.024386043851932
2025-08-14,0.9253829717636108,1.0164639949798584,0.8811659812927246,0.9059230089187622,6566984812,,,,,0.021479670578423482,0.021252233539002657,0.04221231916910424,0.04042482886255035,0.8348561440195356,0.8015512029329935,1.0415506095738791
2025-08-15,0.943835973739624,0.9610769748687744,0.9141719937324524,0.9253960251808168,3727215369,,,,,0.01994093530902674,0.01974471905975245,0.041596500538962425,0.04037882098806945,0.8566639934267316,0.8075274348258972,1.060848160052207
2025-08-16,0.9212819933891296,0.975259006023407,0.9038339853286744,0.9438419938087464,2342325704,,,,,-0.023896080439837486,-0.024186223277917796,0.04565515275380599,0.038668182027924575,0.8734134180205209,0.8107773343722026,1.0772543594806068
2025-08-17,0.9618890285491944,0.9848380088806152,0.9068949818611144,0.9212980270385742,2190571305,,,,,0.04407666214193906,0.04313291793495027,0.045289109082395994,0.039234858793052066,0.8962135655539376,0.8156450688838959,1.0987788680930655
2025-08-18,0.9232550263404846,0.9659919738769532,0.8944900035858154,0.961870014667511,2301661145,,,,,-0.04016471865468829,-0.04099359117408582,0.04646773190140286,0.040060915943207466,0.9175390005111694,0.8187422355016073,1.1206689489385309
2025-08-19,0.8450390100479126,0.9506000280380248,0.8449310064315796,0.9232360124588012,2803347062,,,,,-0.0847176717819752,-0.0885227058705171,0.05521878074460799,0.04299666179848441,0.918086860861097,0.8182853698730469,1.1219641639242968
2025-08-20,0.8808220028877258,0.8909909725189209,0.8397660255432129,0.845067024230957,2190768811,,,,,0.04234478221045013,0.04147277363961306,0.04900827797134086,0.043161679315365555,0.914500858102526,0.8179652690887451,1.1180191783953448
2025-08-21,0.8510209918022156,0.8907340168952942,0.8485270142555237,0.8808220028877258,1294029938,,,,,-0.03383318194573848,-0.03441877018156873,0.04874107437373065,0.04351048789130029,0.903877718108041,0.8162345012029012,1.1073750457447928
2025-08-22,0.9299209713935852,0.9390249848365784,0.8234189748764038,0.8510180115699768,2834699734,,,,,0.09271214265147831,0.08866281005361917,0.06150391249153445,0.04239361588339737,0.9018898606300354,0.820024166504542,1.0998332701272164
2025-08-23,0.9131330251693726,0.9335880279541016,0.8922950029373169,0.9299190044403076,1485858765,,,,,-0.018053089177087922,-0.0182180343875501,0.061187620413452534,0.0424759384300832,0.9007257223129272,0.8236093342304229,1.0936322414977988
2025-08-24,0.9096069931983948,0.9600899815559388,0.8891630172729492,0.9131479859352112,2134094046,,,,,-0.0038614658256651557,-0.003868940533249857,0.05799879431739854,0.04246718941206097,0.8932568601199559,0.8267271002133687,1.0804736652390088
2025-08-25,0.8376330137252808,0.9252349734306335,0.8330489993095398,0.9096090197563172,2362229556,,,,,-0.07912645792226858,-0.08243255717277705,0.06375842572180093,0.045277602310465626,0.8810251440320697,0.8273214340209961,1.0649127507189795
2025-08-26,0.8666830062866211,0.8738229870796204,0.8321030139923096,0.8376269936561584,1410119067,,,,,0.03468105015601486,0.03409321512455005,0.05624159657687052,0.04562047081865187,0.8841171434947422,0.8284772674242655,1.0671592067256848
2025-08-27,0.8501560091972351,0.8751929998397827,0.8500970005989075,0.8666769862174988,1323719490,,,,,-0.019069252505823697,-0.01925341569642442,0.054070008437384534,0.04473645241112999,0.8797362872532436,0.8304527680079142,1.0593453609210677
2025-08-28,0.8577499985694885,0.8778470158576965,0.8438339829444885,0.8501600027084351,1202927839,,,,,0.008932465677004453,0.008892807195854582,0.05260916877368419,0.04468138975286646,0.8806975739342826,0.832962167263031,1.0573080129534598
2025-08-29,0.8271369934082031,0.8626239895820618,0.8121979832649231,0.8577579855918884,1678140344,,,,,-0.03568989240727505,-0.03634234772800668,0.03677632009254504,0.04498206894253694,0.8660141485077995,0.8350854337215423,1.037036587560178
2025-08-30,0.8224049806594849,0.8418530225753784,0.809112012386322,0.8271539807319641,795989685,,,,,-0.005720954069796891,-0.005737381410868326,0.0369942024178187,0.044561788618310234,0.8530529992921012,0.837830267349879,1.0181692313293633
2025-08-31,0.8113610148429871,0.8369359970092773,0.8110020160675049,0.8224120140075684,686397615,,,,,-0.013428865432747794,-0.013519848093527947,0.03669100620652215,0.04413627530620894,0.8390178595270429,0.8410200675328573,0.997619310069868
2025-09-01,0.8001859784126282,0.8426880240440369,0.7857739925384521,0.8113639950752258,1560962898,,,,,-0.013773198645145035,-0.013868929172359197,0.022517089728553583,0.04391781685316263,0.8336682830538068,0.8444372673829397,0.9872471470112779
2025-09-02,0.8345810174942017,0.8347330093383789,0.7993289828300476,0.8001899719238281,1225760452,,,,,0.04298380627689169,0.04208564979732926,0.02498761475743802,0.0439450928066929,0.8290822846548898,0.8480241020520528,0.9776635860333126
2025-09-03,0.8365300297737122,0.8430140018463135,0.8273550271987915,0.8345800042152405,873946795,,,,,0.0023353182479064483,0.002332595630208923,0.024314767305762968,0.04350219237169285,0.827135716165815,0.8507481694221497,0.9722450730956343
2025-09-04,0.8098869919776917,0.841346025466919,0.8041669726371765,0.8365300297737122,865781781,,,,,-0.03184946965170832,-0.03236769723729893,0.02608369049038975,0.04330012647775914,0.8202981437955584,0.853543202082316,0.9610505265513772
2025-09-05,0.8310689926147461,0.8460689783096313,0.8057799935340881,0.8098700046539307,1262808667,,,,,0.026154267011165855,0.02581809315667812,0.025481112920407584,0.043369049809555214,0.8208598579679217,0.8565190354983012,0.9583673262910801
2025-09-06,0.8184509873390198,0.835273027420044,0.8154330253601074,0.8310689926147461,579154321,,,,,-0.015182861336249576,-0.015299301071054117,0.026130342015450916,0.042242149045737865,0.8202950017792838,0.8575875679651896,0.956514567632562
2025-09-07,0.8350589871406555,0.840815007686615,0.8184409737586975,0.818452000617981,719398251,,,,,0.02029199067329901,0.020088851696047186,0.02646525822918901,0.04237371561949078,0.8236804263932365,0.859050166606903,0.9588269211874193
2025-09-08,0.8650529980659485,0.8685129880905151,0.83119797706604,0.8350589871406555,1398016818,,,,,0.03591843377196158,0.03528840885742817,0.02740387390349462,0.04274006880020077,0.832947143486568,0.8610840658346812,0.9673238380960643
2025-09-09,0.8650320172309875,0.8936349749565125,0.8537070155143738,0.8650569915771484,1730015556,,,,,-2.425381451520714e-05,-2.4254108643722245e-05,0.023871596604513542,0.042733861774076155,0.8372972863061088,0.8631755332152049,0.9700197168324461
2025-09-10,0.8846880197525024,0.8939700126647949,0.8606269955635071,0.8650259971618652,1204166506,,,,,0.02272286126984624,0.02246854241771652,0.024679335871888145,0.04224995521350551,0.8441769991602216,0.8668659011522929,0.973826514617876
2025-09-11,0.8942080140113831,0.8954480290412903,0.8736039996147156,0.8847010135650635,1307050671,,,,,0.010760849074845424,0.010703363168840206,0.01716340558306568,0.03957316870165876,0.8562228594507489,0.868632702032725,0.985713360142975
2025-09-12,0.9170870184898376,0.91710102558136,0.8848429918289185,0.8942070007324219,1586142736,,,,,0.02558577436118048,0.0252639365354004,0.017101779965281914,0.03745286621843457,0.8685111488614764,0.8690048019091289,0.9994319328885548
2025-09-13,0.929843008518219,0.9525709748268129,0.9170510172843932,0.9170849919319152,2205805247,,,,,0.01390924718287545,0.013813401343994117,0.011337699190051238,0.03733454536742524,0.8844242947442191,0.8691534698009491,1.01756976814091
2025-09-14,0.8889909982681274,0.9304819703102112,0.8813629746437073,0.929843008518219,1388605835,,,,,-0.043934309206876354,-0.04492865407270097,0.026308364461124136,0.03802549912571229,0.8921288677624294,0.8673253039518992,1.0285977633738053
2025-09-15,0.8635079860687256,0.9021649956703186,0.8547809720039368,0.8889880180358887,1947621867,,,,,-0.02866509587728805,-0.029083963748794076,0.02680944766103713,0.03813441558549518,0.8919081517628261,0.8653995037078858,1.030631688533864
2025-09-16,0.8806899785995483,0.8838239908218384,0.8560259938240051,0.8635079860687256,1267357116,,,,,0.019897896496646084,0.019702520811816414,0.027854236289703044,0.037407843367126804,0.8941450033869062,0.8626928687095642,1.036458090495623
2025-09-17,0.9130920171737672,0.9183170199394226,0.8642929792404175,0.8806869983673096,1875277351,,,,,0.03679165127522377,0.03613099418687046,0.02988609387281288,0.037352567742641826,0.8982027173042297,0.8623541017373403,1.0415706442338097
2025-09-18,0.9253559708595276,0.9378219842910768,0.9010149836540222,0.9131060242652892,2009670534,,,,,0.01343123524803147,0.013341835814824657,0.02999360179730167,0.03349330296324795,0.9026524254253933,0.8650313337643941,1.0434910160968178
2025-09-19,0.8909350037574768,0.9363790154457092,0.8874319791793823,0.9253559708595276,1573603604,,,,,-0.037197541471611695,-0.037907019557173884,0.032260101437289176,0.03348681746242562,0.8989164233207703,0.8653684337933858,1.0387672905750966
2025-09-20,0.8939329981803894,0.9063169956207277,0.8886979818344116,0.8909329771995544,785758505,,,,,0.003364997906995182,0.0033593489704307543,0.03152442102157039,0.032837085076301065,0.8937864218439374,0.8667988340059917,1.0311347763508403
2025-09-21,0.8852750062942505,0.9023290276527404,0.8779039978981018,0.8939340114593506,878284682,,,,,-0.009685280556554376,-0.00973248794477744,0.02663944985843125,0.028468708916311335,0.8932555658476693,0.8653106351693471,1.0322946807106481
2025-09-22,0.8257520198822021,0.8874809741973877,0.8060299754142761,0.8852599859237671,2389033730,,,,,-0.06723671852118673,-0.0696038279269633,0.03645484069898019,0.030939197276548525,0.8878618563924517,0.8623979349931081,1.0295268812297738
2025-09-23,0.8076189756393433,0.8291509747505188,0.8053309917449951,0.8257669806480408,1108855046,,,,,-0.021959430684100112,-0.022204127889572645,0.034862525807364965,0.031130249379456205,0.8774231416838509,0.8589983344078064,1.021449176951835
2025-09-24,0.81318598985672,0.8290830254554749,0.7948960065841675,0.8076210021972656,1067044180,,,,,0.006893119633512468,0.006869470698797378,0.02940423468605867,0.027416276921625616,0.8631508520671299,0.8581834336121877,1.0057882945071939
2025-09-25,0.7627890110015869,0.8144090175628662,0.7583510279655457,0.8131890296936035,1914562312,,,,,-0.06197472593448494,-0.0639783857061672,0.03079213178665276,0.02889609210521686,0.8399270006588527,0.8547203004360199,0.98269223303855
2025-09-26,0.7921929955482483,0.7961000204086304,0.7592530250549316,0.762781023979187,1170359717,,,,,0.03854799180713453,0.03782357588747731,0.03882347729301676,0.029741275437088786,0.8258209994861058,0.8527881999810537,0.9683776106475828
2025-09-27,0.7817010283470154,0.7941470146179199,0.7775070071220398,0.7921900153160095,554628951,,,,,-0.01324420597025322,-0.013332692624905348,0.03788146146630252,0.029728277142219157,0.8097878609384809,0.8502532343069712,0.9524078571703722
2025-09-28,0.8081660270690918,0.8112549781799316,0.7659270167350769,0.7817019820213318,744912865,,,,,0.033855652944501324,0.03329516570721737,0.042834346527393936,0.029761413584192518,0.798772292477744,0.8496208687623342,0.9401514508951943
2025-09-29,0.8067970275878906,0.8149600028991699,0.7899749875068665,0.8081650137901306,1048602865,,,,,-0.0016939582156973998,-0.0016953945852448491,0.03482392105141295,0.02974731225829843,0.7960644364356995,0.8491006036599477,0.937538417714412
2025-09-30,0.8072029948234558,0.8119840025901794,0.7799530029296875,0.8067920207977295,1095173989,,,,,0.0005031838513076536,0.0005030572967652336,0.033814357454833494,0.029647934018685183,0.7960050106048584,0.84896200299263,0.9376214810543985
2025-10-01,0.8500400185585022,0.8500400185585022,0.798196017742157,0.8072029948234558,1380143338,,,,,0.053068464822055406,0.051708249862570416,0.039171422022189845,0.030990272195722736,0.8012698718479702,0.8506238043308259,0.9419791308077937
2025-10-02,0.8703200221061707,0.877269983291626,0.8391159772872925,0.8500350117683411,1417653094,,,,,0.023857704466737184,0.0235775564797118,0.0240316538087521,0.030342508843238854,0.8166314448629107,0.8518151044845581,0.958695661257454
2025-10-03,0.8663150072097778,0.8909919857978821,0.8504390120506287,0.8703150153160095,1417255332,,,,,-0.004601772675183025,-0.004612393426441006,0.023795995056542913,0.030361617642328444,0.8272203036717006,0.8528079370657603,0.9699960187025246
2025-10-04,0.8399220108985901,0.8685050010681152,0.8346710205078125,0.8663190007209778,923179980,,,,,-0.03046581912068469,-0.03093954872770737,0.027636491090626658,0.030308298501682172,0.8355375868933541,0.8538091043631236,0.9785999969121919
2025-10-05,0.8373519778251648,0.8800269961357117,0.8301339745521545,0.8399209976196289,1432571585,,,,,-0.0030598472716243386,-0.0030645381756978134,0.025951527109293777,0.0299564755874658,0.839707008429936,0.8540185372034709,0.9832421333377624
2025-10-06,0.8718159794807434,0.8797109723091125,0.8340160250663757,0.8373550176620483,1536337222,,,,,0.041158321193784264,0.040333863749845766,0.028828415091904015,0.03067402135272301,0.848995430128915,0.8557973702748617,0.9920519267969214
2025-10-07,0.8209019899368286,0.8769299983978271,0.819586992263794,0.871815025806427,1591420298,,,,,-0.058399926982571904,-0.0601746454899515,0.03963356513562171,0.032497557380119876,0.8509524294308254,0.8553254703680674,0.9948872784820026
2025-10-08,0.838916003704071,0.8453329801559448,0.8117280006408691,0.8209050297737122,1135536629,,,,,0.021944171153280623,0.02170686323781645,0.034732380996294075,0.032072617820090125,0.8493632844516209,0.8544542372226716,0.9940418660833161
2025-10-09,0.8156459927558899,0.839119017124176,0.7971389889717102,0.8389109969139099,1196536220,,,,,-0.027738189336521057,-0.028130158256135927,0.03390395316587405,0.03245071548383183,0.8415527088301522,0.8528080364068349,0.9868020385641473
2025-10-10,0.6348350048065186,0.8226950168609619,0.33296799659729,0.8156430125236511,4203182760,,,,,-0.221678264290186,-0.25061529824522666,0.09702065468389318,0.05548704410984423,0.8084841370582581,0.8444796025753021,0.9573755654875816
2025-10-11,0.6321799755096436,0.6819599866867065,0.6149320006370544,0.6348350048065186,2703054560,,,,,-0.0041822351898886945,-0.004191005196174182,0.09815977612725815,0.055352047213216606,0.7788067034312657,0.8357453346252441,0.9318708357259209
2025-10-12,0.7015050053596497,0.7082160115242004,0.6215239763259888,0.6321430206298828,1600069384,,,,,0.10966027481986984,0.10405390975787591,0.11231407318606429,0.05891404681165609,0.7593999930790493,0.8285592675209046,0.9165306850664
2025-10-13,0.7292580008506775,0.7350540161132812,0.6981250047683716,0.7015309929847717,1714657141,,,,,0.039562077645902693,0.03879954528791384,0.11216606302110668,0.05942112801811129,0.7390345675604684,0.8218731005986532,0.8992076356096275
2025-10-14,0.6996920108795166,0.7325869798660278,0.6657230257987976,0.7292619943618774,1861960330,,,,,-0.040542565095853966,-0.04138732626498473,0.11142058423320839,0.05934891530815388,0.7217188562665667,0.8155631343523662,0.8849331533844763
2025-10-15,0.66880202293396,0.7133269906044006,0.6618670225143433,0.6996930241584778,1209547947,,,,,-0.04414797863238107,-0.04515216727626116,0.10982131347844189,0.05961782162438194,0.6974168590136937,0.8090729355812073,0.8619950419089174
2025-10-16,0.6449440121650696,0.6835539937019348,0.6358410120010376,0.6687999963760376,1359176043,,,,,-0.03567275509160084,-0.0363245763044133,0.10981220260670611,0.059580869855227585,0.6730308617864337,0.8012147367000579,0.8400130838312189
2025-10-17,0.6248430013656616,0.6539419889450073,0.5951690077781677,0.6449440121650696,1684167803,,,,,-0.031167063218292546,-0.03166308981732974,0.055359258314310385,0.059038962911261504,0.671603432723454,0.7916064361731211,0.8484057254135022
2025-10-18,0.634460985660553,0.6408190131187439,0.6243500113487244,0.6248480081558228,549396048,,,,,0.015392641469729629,0.015275376577312243,0.05573413065155802,0.05906935739453303,0.6719292913164411,0.7819099366664887,0.8593435890853014
2025-10-19,0.652550995349884,0.6644870042800903,0.6234109997749329,0.634460985660553,874038329,,,,,0.028512406748694152,0.02811349299260911,0.03618288990725671,0.059322527143309746,0.664935861315046,0.7739638030529022,0.8591304382610722
2025-10-20,0.6632509827613831,0.6754990220069885,0.6406800150871277,0.6525499820709229,1048326206,,,,,0.016397166639462224,0.016264184816797013,0.03182245950888055,0.059472184446867804,0.6555062873022897,0.7662744025389353,0.8554458887447732
2025-10-21,0.6429139971733093,0.6846290230751038,0.6379320025444031,0.6632140278816223,1195836837,,,,,-0.030662578897964976,-0.03114251191284522,0.030538691658894713,0.059597821327545625,0.6473951424871173,0.758195702234904,0.8538628491019083
2025-10-22,0.6239719986915588,0.6466839909553528,0.6113529801368713,0.642920970916748,1083621498,,,,,-0.029462725286791835,-0.029905469369045607,0.02824518323605198,0.058677617596837775,0.6409908533096313,0.7514697015285492,0.8529829639249659
2025-10-23,0.6428449749946594,0.6529579758644104,0.6232540011405945,0.6239719986915588,786265376,,,,,0.03024651161057923,0.029798105267047806,0.028986728745524337,0.05905139425621306,0.6406909908567157,0.745977234840393,0.858861317656424
2025-10-24,0.6558910012245178,0.6588299870491028,0.6396870017051697,0.6428490281105042,838536144,,,,,0.02029420270410731,0.020091019730718286,0.02616627378247427,0.059212275170550645,0.6451264194079808,0.740734068552653,0.8709285110492035
2025-10-25,0.6546630263328552,0.6586470007896423,0.6490070223808289,0.6558939814567566,469372495,,,,,-0.0018722240271173973,-0.0018739788291182967,0.026057040849595356,0.05823508965186945,0.6480124252183097,0.7371298690636953,0.879102112686625
2025-10-26,0.6810629963874817,0.6842309832572937,0.6474819779396057,0.6546639800071716,788298972,,,,,0.040326044075694734,0.03953416794013341,0.028063871520753545,0.05827938255778795,0.6520855682236808,0.7334255357583364,0.8890958065012655
2025-10-27,0.6673650145530701,0.6918720006942749,0.6652489900588989,0.6810600161552429,909288252,,,,,-0.02011265023510156,-0.020317663144178696,0.02923917584931729,0.05832759493457274,0.6526732870510646,0.7296143352985383,0.8945455913828894
2025-10-28,0.6462730169296265,0.6745150089263916,0.6394090056419373,0.6673629879951477,1559874688,,,,,-0.03160488962336272,-0.0321151031083483,0.029418484637035433,0.05805816312272897,0.6531531470162528,0.7242179016272227,0.9018737945426416
2025-10-29,0.6401649713516235,0.6566420197486877,0.6342689990997314,0.6462600231170654,1145954584,,,,,-0.009451184589171935,-0.009496130452852107,0.02676636541182684,0.05804896208783094,0.6554664288248334,0.7186634997526805,0.912063057398079
2025-10-30,0.6011229753494263,0.6476460099220276,0.5887799859046936,0.6401619911193848,1228514788,,,,,-0.0609873981698269,-0.0629263793845104,0.03371677351759201,0.058888517420777095,0.6495061431612287,0.7117941657702128,0.912491524088872
2025-10-31,0.6091650128364563,0.6190329790115356,0.6003440022468567,0.6011499762535095,869785976,,,,,0.013378356537371294,0.013289656556460685,0.03280468127476689,0.0579138921590611,0.6428310019629342,0.7037649989128113,0.9134171249721015
2025-11-01,0.612201988697052,0.6165509819984436,0.6048229932785034,0.6091650128364563,496102908,,,,,0.004985473224167425,0.004973086903255739,0.033206391279723135,0.05762859113946902,0.6367651394435337,0.6951610644658407,0.9159965538818285
2025-11-02,0.61080402135849,0.6181179881095886,0.594864010810852,0.612201988697052,566990964,,,,,-0.0022835066928438286,-0.002286117870103144,0.02584297857945792,0.057640057753652794,0.6267281430108207,0.686644031604131,0.9127409751842809
2025-11-03,0.5523139834403992,0.6109489798545837,0.5414680242538452,0.6107919812202454,1542270537,,,,,-0.09575909108784686,-0.10065946193322732,0.04144328360510776,0.05980935469050966,0.6102922814232963,0.6770570973555247,0.9013896816191708
2025-11-04,0.5214959979057312,0.5624409914016724,0.4933930039405823,0.5523070096969604,1869312291,,,,,-0.055797945477861655,-0.0574150949327519,0.04303323009296956,0.06028877484872008,0.5924669929913112,0.6665285646915435,0.8888846245704315
2025-11-05,0.5461450219154358,0.5489150285720825,0.4975279867649078,0.5214890241622925,1137029829,,,,,0.047265988825786254,0.046182948167741295,0.05183888321520993,0.06048565272513881,0.5790355716432843,0.6556728661060334,0.8831165686054858
2025-11-06,0.5309820175170898,0.5461379885673523,0.518979012966156,0.5461379885673523,872096877,,,,,-0.02776369606952811,-0.02815639302881797,0.048925009898457175,0.0599519490146275,0.5690154348100934,0.6460088670253754,0.8808167563244025
2025-11-07,0.5760110020637512,0.5855069756507874,0.5208110213279724,0.5309919714927673,1278710472,,,,,0.0848032194333439,0.08139860596631583,0.06132258899307819,0.06214620510523101,0.5642791475568499,0.637245366970698,0.8854974501255131
2025-11-08,0.5684229731559753,0.5914940237998962,0.5550140142440796,0.5759689807891846,784247690,,,,,-0.013173409675490966,-0.013260948678107013,0.061066677653695986,0.06207677563488489,0.5580250024795532,0.6290045996507009,0.8871556786539175
2025-11-09,0.5786349773406982,0.5834720134735107,0.549472987651825,0.5684450268745422,714096111,,,,,0.017965502217519802,0.017806029752083046,0.061987802122193444,0.04287981350301705,0.5534294247627258,0.6271312654018402,0.8824778085463668
2025-11-10,0.5929700136184692,0.6012809872627258,0.5764849781990051,0.5786679983139038,831314134,,,,,0.02477388481362164,0.024471988072739786,0.04693784113626058,0.04317275895216855,0.5592374290738787,0.6258242666721344,0.8936013811795187
2025-11-11,0.5565279722213745,0.6052200198173523,0.5547890067100525,0.5929809808731079,857150089,,,,,-0.06145680314374613,-0.06342639646419194,0.04841178941592663,0.03965302469741247,0.5642419968332563,0.6209916989008586,0.908614395058665
2025-11-12,0.545261025428772,0.5801439881324768,0.540585994720459,0.5565249919891357,766808820,,,,,-0.02024506827146655,-0.020452808254913517,0.046459931540931046,0.03872088007898455,0.5641157116208758,0.6148584663867951,0.9174724631115382
2025-11-13,0.5311149954795837,0.5700870156288147,0.517212986946106,0.5452640056610107,1056326483,,,,,-0.02594359268217339,-0.026286063959181465,0.04627759004754606,0.038391387634422666,0.5641347084726606,0.6092392325401306,0.9259658248215343
2025-11-14,0.4984200000762939,0.5320929884910583,0.4943679869174957,0.5310980081558228,1192463993,,,,,-0.06155916455299304,-0.06353546655491912,0.03480958440004582,0.039124908303242,0.5530502796173096,0.6035598317782084,0.9163139269687853
2025-11-15,0.5034000277519226,0.5142670273780823,0.4980849921703338,0.4984279870986938,711753171,,,,,0.009991628897047411,0.009942042598075454,0.036686720711111315,0.038954870254109646,0.5437612874167306,0.5988416989644368,0.9080217499166214
2025-11-16,0.4848450124263763,0.5083739757537842,0.4760879874229431,0.5034040212631226,1034979545,,,,,-0.036859384788691996,-0.037555859970989425,0.03368849852994838,0.03909156773987542,0.5303627210003988,0.5941750993331273,0.8926034120171843
2025-11-17,0.4655320048332214,0.4972000122070312,0.4581420123577118,0.4848319888114929,1209943614,,,,,-0.039833363442276504,-0.040648429835847794,0.025712490705714675,0.03925395988772635,0.5121572911739348,0.5885441333055497,0.8702105113127384
2025-11-18,0.4749799966812134,0.4812250137329101,0.4586679935455322,0.4655300080776214,1101225671,,,,,0.020295042553254206,0.0200918428744733,0.029225853042664427,0.039009694749077915,0.5005075803824833,0.582625100016594,0.8590559870630843
2025-11-19,0.4632390141487121,0.4761779904365539,0.4389689862728119,0.4749720096588135,1037561742,,,,,-0.024718898931614053,-0.02502954074919383,0.029220092295689136,0.03875728001900202,0.4887901501996176,0.5759580343961715,0.8486558412403433
2025-11-20,0.4323990046977997,0.4699659943580627,0.4296410083770752,0.463238000869751,988316139,,,,,-0.06657472386600827,-0.06889436619519444,0.03399611709522687,0.03999458789096705,0.4746878658022199,0.5689408679803213,0.834336031242246
2025-11-21,0.4091469943523407,0.4380179941654205,0.3911179900169372,0.4323320090770721,1770073071,,,,,-0.05377443077536603,-0.055274293084644655,0.032732536005355715,0.040622758060589494,0.4619345792702266,0.5617800345023473,0.8222694843177032
2025-11-22,0.4046080112457275,0.4117589890956878,0.3916719853878021,0.409166008234024,553773916,,,,,-0.011093771112258066,-0.011155765921557736,0.02944148155023645,0.039777141617902044,0.44782143405505587,0.5538388023773829,0.8085772107926679
2025-11-23,0.4085490107536316,0.4176949858665466,0.4020949900150299,0.4046089947223663,646391172,,,,,0.009740290351074377,0.009693159521192672,0.03295105169521706,0.03950127736102538,0.4369220052446638,0.5455940693616868,0.800818831765963
2025-11-24,0.4278419911861419,0.4335879981517792,0.4042989909648895,0.4085580110549927,814509902,,,,,0.047223172556265514,0.046142063478227364,0.041152294528636384,0.04102742328819642,0.4315377175807953,0.5380333681901296,0.8020649704913823
2025-11-25,0.4216170012950897,0.4286209940910339,0.4058830142021179,0.4278430044651031,652730619,,,,,-0.014549740369789621,-0.01465662588006254,0.03864692162137887,0.039754193873549365,0.42391443252563477,0.5293851683537165,0.8007674900374052
2025-11-26,0.4356220066547394,0.4365760087966919,0.4116590023040771,0.4216170012950897,582375709,,,,,0.03321736390285546,0.032677588043796044,0.042606841359986075,0.04072073409940109,0.41996914574078154,0.5216604014237721,0.8050623443806665
2025-11-27,0.4336850047111511,0.4384619891643524,0.4272069931030273,0.4356220066547394,482157613,,,,,-0.0044465199507780495,-0.0044564351235403,0.03342650481027828,0.040614542225616,0.42015286002840313,0.514574134349823,0.8165059842334993
2025-11-28,0.4202310144901275,0.4352410137653351,0.4161570072174072,0.4336790144443512,624407301,,,,,-0.031022493456937528,-0.03151388042265314,0.027510765124633237,0.04074222936498225,0.4217362914766584,0.5072430024544398,0.8314285055406723
2025-11-29,0.4153830111026764,0.4215719997882843,0.4130269885063171,0.4202289879322052,379239805,,,,,-0.011536519724355099,-0.011603581641040346,0.02755188008567984,0.03968203445360915,0.42327557717050823,0.5010516703128814,0.8447743062231367
2025-11-30,0.4158850014209747,0.4270910024642944,0.4144589900970459,0.4153760075569153,397706532,,,,,0.0012084998781383138,0.001207770229954581,0.027433466993181235,0.039473925663815405,0.42432357583727154,0.49460900326569873,0.8578969914329064
2025-12-01,0.3857139945030212,0.4158929884433746,0.3719289898872375,0.4158929884433746,965561899,,,,,-0.07254651361522235,-0.07531263520844708,0.03308758426862217,0.040927621482714595,0.41830529059682575,0.48705940345923104,0.8588383421527344
2025-12-02,0.4339640140533447,0.4383659958839416,0.3856909871101379,0.3857139945030212,837346960,,,,,0.12509273772265384,0.11786546579017448,0.06008625889755406,0.04759138632329619,0.42006914956229074,0.48116473654905956,0.8730256347858121
2025-12-03,0.4508090019226074,0.4531520009040832,0.4281060099601745,0.4339540004730224,817986188,,,,,0.03881655465375067,0.03808213700383975,0.06054727040231818,0.04530400585095824,0.42223872031484333,0.47778123716513315,0.8837490622699088
2025-12-04,0.4394539892673492,0.4546679854393005,0.4355809986591339,0.4507510066032409,642155044,,,,,-0.025188078780218337,-0.025510727905185635,0.06160301344788077,0.04444036589771083,0.4230628609657287,0.47504650354385375,0.8905714657610858
2025-12-05,0.4162710011005401,0.4423460066318512,0.410658985376358,0.4394519925117492,590647098,,,,,-0.052754073766537846,-0.054196529717153705,0.06419484230774795,0.04417696173526278,0.4224971447672162,0.4707173695166906,0.8975601329541238
2025-12-06,0.4139310121536255,0.42084801197052,0.4104210138320923,0.4162710011005401,326306941,,,,,-0.005621311455105249,-0.005637170486637738,0.0640755491428041,0.04403222798786051,0.4222897163459232,0.4668156693379084,0.9046176983408954
2025-12-07,0.4168109893798828,0.4343140125274658,0.407584011554718,0.4139330089092254,609158162,,,,,0.006957626130193129,0.006933533536461408,0.06413750360724882,0.04078011624241202,0.42242200034005295,0.46150900224844615,0.9153060899831563
2025-12-08,0.4321919977664947,0.4399810135364532,0.4154509902000427,0.4168330132961273,627341088,,,,,0.03690163834090665,0.03623707261836925,0.05548925542933028,0.041668068464397946,0.4290617150919778,0.45696796973546344,0.9389317053017077
2025-12-09,0.4700050055980682,0.4828679859638214,0.4246360063552856,0.4321919977664947,1369159342,,,,,0.0874912261841625,0.08387341607152443,0.0457470101883243,0.04477130443663371,0.43421042816979544,0.4533469706773758,0.9577883084142215
2025-12-10,0.453900009393692,0.4741039872169494,0.4534879922866821,0.4700010120868683,1065976755,,,,,-0.034265584435389185,-0.034866414698117146,0.04694817097069783,0.04464669691005554,0.4346520006656647,0.4487113038698832,0.9686673745836912
2025-12-11,0.4253439903259277,0.4545190036296844,0.4110310077667236,0.453902006149292,1224577869,,,,,-0.06291257650756332,-0.06497869960996945,0.05267944246221465,0.04471290930645331,0.43263628653117586,0.4443385044733683,0.9736637319872561
2025-12-12,0.4091350138187408,0.4286330044269562,0.4044579863548279,0.425368994474411,753251550,,,,,-0.038107924117527725,-0.03885302184224612,0.0505510795661283,0.04500125763077824,0.4316168597766331,0.439800970753034,0.9813913303502084
2025-12-13,0.4110569953918457,0.4154410064220428,0.4075739979743957,0.4091340005397796,336899500,,,,,0.004697670715507085,0.004686671095375086,0.05059386437571542,0.044959897037183956,0.43120628595352173,0.435799037416776,0.9894613088397852
2025-12-14,0.396584004163742,0.4112190008163452,0.3947969973087311,0.4110560119152069,534338410,,,,,-0.03520920794525617,-0.035843996944950156,0.05203937456649953,0.044067311526625665,0.4283167166369302,0.43240450421969095,0.9905463806623904
2025-12-15,0.3880909979343414,0.4061709940433502,0.3791379928588867,0.3965669870376587,668504094,,,,,-0.021415402891272528,-0.021648039972293108,0.04848145586051696,0.044010618175967235,0.42201657380376545,0.42856086989243825,0.9847295995774992
2025-12-16,0.3857269883155823,0.390947014093399,0.3801220059394836,0.3880929946899414,555939135,,,,,-0.00609137967987361,-0.0061100078189794665,0.023026991233997627,0.043672130731806,0.40997685704912457,0.4252569357554118,0.9640685961320202
2025-12-17,0.3665019869804382,0.3987720012664795,0.3653709888458252,0.3857240080833435,687147387,,,,,-0.04984095465836369,-0.051125892250979244,0.0245759038445583,0.04398610746940458,0.39749142527580256,0.421955935160319,0.9420211736677638
2025-12-18,0.3514249920845032,0.3778760135173797,0.3477149903774261,0.3665109872817993,753416756,,,,,-0.041137552950674006,-0.042007648120058645,0.02039020269888917,0.04408095336808534,0.3869315683841705,0.41783743500709536,0.9260337537195534
2025-12-19,0.3766300082206726,0.3794440031051636,0.3472779989242553,0.3514269888401031,611822292,,,,,0.07172232113221089,0.06926700030027826,0.040845574284255566,0.046282409960754806,0.382287996155875,0.4149504681428274,0.921285853385976
2025-12-20,0.3730950057506561,0.3799349963665008,0.3722710013389587,0.3766300082206726,301429029,,,,,-0.009385875774256758,-0.009430200676323162,0.04023838981416453,0.04478490242240569,0.3768648547785622,0.4129736681779226,0.9125638843786923
2025-12-21,0.3658910095691681,0.3740440011024475,0.3583180010318756,0.3730979859828949,453364122,,,,,-0.019308744610488038,-0.01949759332646956,0.039209939588653604,0.043864612093149895,0.37248014126505163,0.4115318020184835,0.9051065784906754
2025-12-22,0.3708069920539856,0.3803060054779053,0.3632799983024597,0.3659020066261291,607043679,,,,,0.013435647108700488,0.013346189194622243,0.03992586466052796,0.04394950132519966,0.370010997567858,0.41040510137875874,0.9015750445713357
2025-12-23,0.36285200715065,0.3733760118484497,0.3562729954719543,0.3708069920539856,459660400,,,,,-0.021453168558853375,-0.021686632850660522,0.04033197516344891,0.04401262840850709,0.3667431431157248,0.40888186792532605,0.8969415664641383
2025-12-24,0.3564119935035705,0.3642849922180176,0.3531470000743866,0.3628410100936889,417768956,,,,,-0.01774832030736362,-0.017907710499078005,0.03626161378479405,0.04304151586358454,0.3653017154761723,0.4065008680025736,0.8986492876907203
2025-12-25,0.3432160019874573,0.3608259856700897,0.3426060080528259,0.3564130067825317,521736417,,,,,-0.037024543945323285,-0.03772735447176218,0.035542607431365995,0.04340444720768886,0.36412900260516573,0.4038875013589859,0.9015604627029997
2025-12-26,0.3495819866657257,0.3572100102901459,0.3420439958572387,0.3432210087776184,547530768,,,,,0.018548041587236552,0.018378124533752708,0.020024491634877593,0.04303223373559039,0.36026499952588764,0.40101950069268544,0.8983727696623179
2025-12-27,0.3695420026779175,0.3695540130138397,0.3489890098571777,0.3495770096778869,380207039,,,,,0.05709680925658733,0.05552629139476189,0.03209483566849759,0.044537738031559755,0.35975742765835356,0.398881400624911,0.9019157752021941
2025-12-28,0.3685019910335541,0.3747270107269287,0.3618969917297363,0.3695529997348785,459983671,,,,,-0.0028143259408318633,-0.002818293602025522,0.031129071305677804,0.04426341724526438,0.36013042501040865,0.3971570998430252,0.9067707090034366
2025-12-29,0.3529149889945984,0.38263800740242,0.3505910038948059,0.3684940040111542,772916830,,,,,-0.04229828445495809,-0.04321891113838366,0.034548754560855315,0.04481429261061499,0.35757442457335337,0.3950748324394226,0.9050802410406155
2025-12-30,0.3511170148849487,0.3559710085391998,0.3490540087223053,0.3529149889945984,491744913,,,,,-0.005094637988519168,-0.005107659903426088,0.03394227747807158,0.044796854564980004,0.3558979971068246,0.3929158995548884,0.9057867027269723
2025-12-31,0.332830011844635,0.3529210090637207,0.3303700089454651,0.3511170148849487,621775078,,,,,-0.05208236076598516,-0.05348765894639798,0.03859547175224346,0.04379236342997227,0.35252914258411955,0.3911531001329422,0.9012561640552116
2026-01-01,0.3562119901180267,0.3588869869709015,0.3317770063877105,0.3328360021114349,531808672,,,,,0.07025201286327021,0.0678941467823507,0.04581856235032736,0.03972240119747793,0.354385712317058,0.3885613660017649,0.9120456723827978
2026-01-02,0.3937579989433288,0.3956420123577118,0.354759007692337,0.3562119901180267,968787318,,,,,0.10540355144379521,0.10021047322514037,0.05841634027886349,0.043564928665320336,0.36069657121385845,0.3866596659024556,0.9328528497328528
2026-01-03,0.3893750011920929,0.3983420133590698,0.3836250007152557,0.39376100897789,546995635,,,,,-0.01113119673250551,-0.01119361210693619,0.05649402873584619,0.04340506947710482,0.3635298567158835,0.38499036629994704,0.9442570218306616
2026-01-04,0.4000909924507141,0.4043079912662506,0.38919198513031,0.389380007982254,646307408,,,,,0.027521004753293443,0.027149109761586604,0.056719597569456326,0.042698371187295366,0.36804257120404926,0.3844510326782862,0.9573197622596381
2026-01-05,0.4137440025806427,0.414902776479721,0.3957474529743194,0.4001378118991852,807374784,,,,,0.03412476258537733,0.03355542894798516,0.05150181142448395,0.04315886770864909,0.37673243028776987,0.38444479902585343,0.9799389437505047
