Date,Close,High,Low,Open,Volume,asset,return,log_return,vol_7d,vol_30d,ma_7,ma_30,ma_ratio
2017-11-09,0.0014149999478831,0.0014149999478831,0.0011810000287368,0.001206999993883,6259550,DOGECOIN,,,,,,,
2017-11-10,0.0011630000080913,0.0014309999532997,0.0011249999515712,0.0014209999935701,4246520,DOGECOIN,-0.1780918368009855,-0.1961266137696758,,,,,
2017-11-11,0.0012009999481961,0.0012570000253617,0.0011409999569877,0.0011459999950602,2231080,DOGECOIN,0.032674066930717505,0.03215161947008094,,,,,
2017-11-12,0.0010379999876022,0.0012100000167265,0.0010019999463111,0.0011889999732375,3288960,DOGECOIN,-0.1357202061821282,-0.14585872716410767,,,,,
2017-11-13,0.001211000024341,0.0012120000319555,0.0010189999593421,0.0010460000485181,2481270,DOGECOIN,0.16666670405115647,0.15415071187110618,,,,,
2017-11-14,0.0011840000515803,0.0012390000047162,0.0011309999972581,0.0012009999481961,2660340,DOGECOIN,-0.02229560051032431,-0.022547904644616822,,,,,
2017-11-15,0.0013389999512583,0.0013510000426322,0.0011790000135079,0.0011889999732375,2840180,DOGECOIN,0.13091207172763175,0.12302445028121084,,,0.0012215714169931857,,
2017-11-16,0.0013899999903514,0.0014240000164136,0.0012860000133514,0.0013480000197887,3423010,DOGECOIN,0.03808815604897786,0.03738070989369497,0.1300845445834655,,0.0012179999944886572,,
2017-11-17,0.0013129999861121,0.0013940000208094,0.0012740000383928,0.0013810000382363,2787480,DOGECOIN,-0.0553956868876192,-0.056989155457730055,0.10348677871105294,,0.0012394285627773428,,
2017-11-18,0.0013729999773204,0.001384999952279,0.0012540000025182,0.0013079999480396,1648260,DOGECOIN,0.04569687116750454,0.04468352552412128,0.10389351402316639,,0.0012639999955093855,,
2017-11-19,0.0013760000001639,0.0014209999935701,0.0013399999588727,0.0013549999566748,1431720,DOGECOIN,0.0021850130320868466,0.0021826293627125798,0.07604935135075114,,0.0013122857115896286,,
2017-11-20,0.0013940000208094,0.0014280000468716,0.0013480000197887,0.0013739999849349,2141360,DOGECOIN,0.01308141035127619,0.01299658763590037,0.057197737847095365,,0.0013384285682279714,,
2017-11-21,0.001388999982737,0.0014459999511018,0.001302000018768,0.001410000026226,3047660,DOGECOIN,-0.003586827831965844,-0.0035932759223247846,0.055257763239603755,,0.0013677142726789286,,
2017-11-22,0.0018230000277981,0.0020530000329017,0.0013729999773204,0.0014009999576956,18841700,DOGECOIN,0.31245503992441415,0.27189945960123124,0.1057955847507908,,0.001436857140756043,,
2017-11-23,0.001890999963507,0.0022460001055151,0.0018189999973401,0.0018189999973401,26126500,DOGECOIN,0.037301116111903454,0.03662225943299322,0.10580397743705398,,0.0015084285654925569,,
2017-11-24,0.0019079999765381,0.001977999927476,0.0017879999941214,0.0019399999873712,9585960,DOGECOIN,0.00898995947074055,0.00894979035143594,0.09796189078580694,,0.001593428564124843,,
2017-11-25,0.0020719999447464,0.0020719999447464,0.0018769999733194,0.0019229999743402,5430930,DOGECOIN,0.08595386280133188,0.08245873700093963,0.09844153105301374,,0.0016932857023285572,,
2017-11-26,0.002026000060141,0.0021319999359548,0.0018799999961629,0.0020729999523609,7670430,DOGECOIN,-0.02220071710041982,-0.02245086221934967,0.10120384486987939,,0.0017861428537538572,,
2017-11-27,0.0019880000036209,0.0020359999034553,0.001890999963507,0.0019990000873804,6185790,DOGECOIN,-0.01875619713330856,-0.01893432545533063,0.1041047777012084,,0.0018709999941554998,,
2017-11-28,0.0023630000650882,0.0023630000650882,0.0019490000559017,0.0019910000264644,8317540,DOGECOIN,0.18863182132006173,0.17280291569374098,0.10995490954331487,,0.0020101428630628143,,
2017-11-29,0.0020800000056624,0.0025810000952333,0.0019930000416934,0.0023330000694841,11077200,DOGECOIN,-0.11976303496853136,-0.12756412931396738,0.09374784632886549,,0.002046857145614857,,
2017-11-30,0.0020789999980479,0.0022710000630468,0.0018899999558925,0.0020479999948292,4919490,DOGECOIN,-0.0004807728902777031,-0.00048088849861943877,0.09362373563925068,,0.0020737142934064146,,
2017-12-01,0.0021480000577867,0.0022370000369846,0.0019710001070052,0.0020510000176727,5258110,DOGECOIN,0.03318906195458782,0.03265019561226344,0.09385831542724092,,0.0021080000192990715,,
2017-12-02,0.0021490000654011,0.0022120000794529,0.0020169999916106,0.0021220000926405,4978180,DOGECOIN,0.0004655528805854736,0.0004654445444659871,0.08932365108761396,,0.002119000036535457,,
2017-12-03,0.0022229999303817,0.0023399998899549,0.002070999937132,0.0020920000970363,4751640,DOGECOIN,0.03443455687693886,0.03385495557114063,0.08895176257218466,,0.0021471428751412714,,
2017-12-04,0.002462999895215,0.0024749999865889,0.0021780000533908,0.002206000033766,6307150,DOGECOIN,0.10796220078697472,0.10252247292996888,0.09336247807596439,,0.0022150000025118574,,
2017-12-05,0.0024790000170469,0.0026759998872876,0.00242600007914,0.0024739999789744,8772420,DOGECOIN,0.006496192656355593,0.006475183334822336,0.06917362553089412,,0.002231571424220243,,
2017-12-06,0.0026630000211298,0.0026630000211298,0.0024399999529123,0.0024949999060481,9047960,DOGECOIN,0.0742234783451472,0.07159805483680402,0.03909413325421957,,0.0023148571407155855,,
2017-12-07,0.0027199999894946,0.0028580001089721,0.002515000058338,0.0025810000952333,15759300,DOGECOIN,0.02140441904338286,0.0211785616792462,0.036565744395763045,,0.0024064285680651144,,
2017-12-08,0.0027789999730885,0.0028460000175982,0.0023260000161826,0.0027300000656396,11797600,DOGECOIN,0.02169117052271119,0.021459264630861,0.037099377745993006,,0.0024965714131082286,0.0018213333290380267,1.3707383340021797
2017-12-09,0.0026169999036937,0.0028460000175982,0.0024250000715255,0.002771999919787,6564530,DOGECOIN,-0.05829437602144272,-0.06006255432874696,0.051309784552418726,0.09209426094821986,0.0025634285328643143,0.0018613999942317134,1.3771508223961078
2017-12-10,0.0025470000691711,0.0027419999241828,0.0023070001043379,0.0026070000603795,5614920,DOGECOIN,-0.02674812269721527,-0.02711236359254891,0.05520586491425556,0.08311770311390944,0.0026097142669770854,0.00190753332960104,1.3681093936759188
2017-12-11,0.0027979998849332,0.0028939999174326,0.0025339999701827,0.0025629999581724,7017140,DOGECOIN,0.09854723554985445,0.09398861196343651,0.053120095704636,0.0840338684624635,0.0026575714083653993,0.00196076666082561,1.3553736206665148
2017-12-12,0.0033040000125765,0.0033809999004006,0.0026650000363588,0.0027940000873059,19228600,DOGECOIN,0.18084351267061627,0.16622902434655024,0.07643515239037404,0.08100727521085939,0.0027754285505839143,0.00203629999499142,1.3629762595936208
2017-12-13,0.0034610000438988,0.0038840000052005,0.003218000056222,0.0033060000278055,31150900,DOGECOIN,0.04751816910553508,0.04642371787187741,0.07534215225118679,0.07804163883127051,0.0028894285538366283,0.002111299995643347,1.3685542366309593
2017-12-14,0.003709000069648,0.0037179999053478,0.0034189999569207,0.0034489999525249,23426200,DOGECOIN,0.0716555974006372,0.06920473994850519,0.07579948204108089,0.07750446693746267,0.003030714279572828,0.00219546666291227,1.3804419492084696
2017-12-15,0.0037620000075548,0.0038089998997747,0.003482999978587,0.0036700000055134,19043800,DOGECOIN,0.014289548911178507,0.014188415601464785,0.07621339367020458,0.07592143032726593,0.0031711428559251568,0.0022762333314554867,1.3931536860052216
2017-12-16,0.0059329997748136,0.0062509998679161,0.0036379999946802,0.0037670000456273,136352992,DOGECOIN,0.577086593008779,0.4555792164345834,0.16134479890812922,0.10806807768511859,0.003644857123228,0.002427666657604227,1.5013828656463786
2017-12-17,0.0059839999303221,0.0076279998756945,0.0055860001593828,0.005917000118643,99417200,DOGECOIN,0.00859601507571317,0.008559279706532924,0.15652858230531425,0.10651584687043084,0.004135857103392429,0.00258336665574456,1.6009562925168364
2017-12-18,0.00643299985677,0.0068089999258518,0.0056219999678432,0.0059380000457167,44158800,DOGECOIN,0.07503341104212402,0.07235174113583684,0.15738577051682076,0.10658298038563926,0.004655142813654828,0.0027520333183928803,1.6915285082279878
2017-12-19,0.0056659998372197,0.0066929999738931,0.0054759997874498,0.0064019998535513,38885700,DOGECOIN,-0.11922898128827397,-0.1269575974849696,0.18007758327277018,0.11115261756617838,0.004992571360032429,0.0028950333129614068,1.7245298483026417
2017-12-20,0.0066610001958906,0.0070670000277459,0.0048919999971985,0.0056190001778304,67820000,DOGECOIN,0.1756089635115743,0.16178628016062008,0.18207538859562644,0.11288097808568456,0.005449714238888401,0.0030705999854641133,1.7748043589809015
2017-12-21,0.0074249999597668,0.0087679997086524,0.0065830000676214,0.0067329998128116,159154000,DOGECOIN,0.11469745404714704,0.1085830264305212,0.18180668002983136,0.11282918319846169,0.005980571366048229,0.00327179998469844,1.8279147240106899
2017-12-22,0.0060539999976754,0.0076250000856816,0.0047419997863471,0.0073859998956322,63693900,DOGECOIN,-0.18464646054145695,-0.2041334690546011,0.2145839837188303,0.11485630641137434,0.006307999936065458,0.0034128333170276833,1.8483176147492733
2017-12-23,0.0072590000927448,0.0080760000273585,0.0061099999584257,0.0061349999159574,70143104,DOGECOIN,0.1990419715117433,0.18152288086367996,0.14617331588118074,0.11772005503418698,0.0064974285529127715,0.003591766654668943,1.8089784714902775
2017-12-24,0.0085819996893405,0.0089480001479387,0.0059739998541772,0.0072820000350475,143767008,DOGECOIN,0.18225645125945178,0.16742485929114,0.15459432767426323,0.1195948329231193,0.006868571375629686,0.003814233311762357,1.8007737897019414
2017-12-25,0.0089309997856616,0.0107289999723434,0.0085819996893405,0.008648999966681,178008992,DOGECOIN,0.04066652399843185,0.039861396332006416,0.15435187999610703,0.11945043564975652,0.007225428508328487,0.004042866639792864,1.7872042666979195
2017-12-26,0.0094109997153282,0.0096230003982782,0.0081730000674724,0.0089349998161196,124427000,DOGECOIN,0.05374537467095464,0.05235084092543791,0.13426843994768475,0.11869231365316642,0.007760428490915414,0.00428903329496577,1.809365411087896
2017-12-27,0.0088719995692372,0.009608999826014,0.0085140001028776,0.0093419998884201,63625500,DOGECOIN,-0.05727342071991581,-0.05897898613281495,0.13571644728517118,0.11972882222884212,0.008076285544250642,0.00451849994715298,1.7873820158699691
2017-12-28,0.0084859998896718,0.0088560003787279,0.0077169998548924,0.0088560003787279,51201500,DOGECOIN,-0.043507630557582,-0.04448246771606771,0.13533313679754136,0.11860192657576986,0.0082278569628085,0.004722599941305767,1.7422303529977925
2017-12-29,0.0093909995630383,0.0094769997522234,0.0081550003960728,0.0085129998624324,62474900,DOGECOIN,0.10664620376297229,0.10133400351370724,0.09442926881339943,0.11457057071569422,0.00870457118643177,0.00496629992655163,1.7527276473766706
2017-12-30,0.0078600002452731,0.0094459997490048,0.0073879999108612,0.0093649998307228,56175300,DOGECOIN,-0.16302836641490293,-0.17796509964629484,0.11464008002389629,0.12164436113377809,0.00879042835107867,0.005158999934792471,1.7039016208927864
2017-12-31,0.0089720003306865,0.0092740003019571,0.007668999955058,0.0078030000440776,62256400,DOGECOIN,0.14147583342406933,0.1323220158692302,0.1072022021747174,0.1226711608890233,0.008846142728413815,0.005386466610555796,1.6422904601465702
2018-01-01,0.0089090000838041,0.0090629998594522,0.0081010004505515,0.0090309996157884,50616900,DOGECOIN,-0.0070218730004861785,-0.0070466423703885225,0.10621980380683829,0.12277842291189699,0.008842999913862743,0.005611799944502563,1.5757867353282136
2018-01-02,0.0091450000181794,0.0095979999750852,0.0085509996861219,0.0088729998096823,89424096,DOGECOIN,0.026490058609869083,0.026145272685549566,0.1045006174717683,0.12281581910608023,0.0088049999571272,0.005842533280762486,1.5070517417708391
2018-01-03,0.0093200001865625,0.0095840003341436,0.0088820001110434,0.0090880002826452,66349900,DOGECOIN,0.019136158341740428,0.01895536488420027,0.10179539526877714,0.12246368137824629,0.008869000045316528,0.006071099957140736,1.4608555464294315
2018-01-04,0.0096439998596906,0.0100360000506043,0.0087679997086524,0.009345999918878,108986000,DOGECOIN,0.034763912729877555,0.03417329705510927,0.09947532533755843,0.12227247883863243,0.009034428612462073,0.00630993328522886,1.431778784985109
2018-01-05,0.0121670002117753,0.0122830001637339,0.0095889996737241,0.0096599999815225,212383008,DOGECOIN,0.26161347872164353,0.23239144044097967,0.1264025491590144,0.12690229509088807,0.009431000133710215,0.00662673329158371,1.4231748462984117
2018-01-06,0.0148630002513527,0.0157880000770092,0.0122260004281997,0.0122260004281997,283716992,DOGECOIN,0.22158296972561864,0.20014753386703707,0.09648075353235296,0.12964641063818294,0.0104314287060073,0.00703149996697898,1.4835282308177369
2018-01-07,0.0170879997313022,0.0187730006873607,0.0145770004019141,0.0146730002015829,288184000,DOGECOIN,0.14970056128115838,0.1395015269753668,0.09702968550742884,0.13033233056934426,0.011590857191809542,0.007508466625586103,1.5437049626500499
2018-01-08,0.0150450002402067,0.0176640003919601,0.0137649998068809,0.0171150006353855,235114000,DOGECOIN,-0.11955755636823218,-0.1273307210055371,0.1243158584906009,0.13302954767383296,0.0124674286427242,0.00792273330346987,1.5736272022767595
2018-01-09,0.0134199997410178,0.0155689995735883,0.0130150001496076,0.0150720002129673,115255000,DOGECOIN,-0.1080093368723386,-0.1142996138025818,0.14336175170971321,0.1358816705442633,0.01307814288884397,0.008285166625864761,1.5785008895314696
2018-01-10,0.0131019996479153,0.0135599998757243,0.0114850001409649,0.0135540002956986,100243000,DOGECOIN,-0.02369598354987601,-0.023981248808216598,0.146043990691748,0.13643213430554302,0.013618428526180086,0.008628633284630831,1.578283382425927
2018-01-11,0.011469000019133,0.0131529998034238,0.0109869996085762,0.0130200004205107,62722000,DOGECOIN,-0.12463743494620927,-0.13311711838647072,0.16166182684382438,0.1386771412173475,0.013879142834671856,0.008900799951516046,1.5593140965164445
2018-01-12,0.0130559997633099,0.0133389998227357,0.0111649995669722,0.0114789996296167,56971300,DOGECOIN,0.13837298295661427,0.12960003504229212,0.14328189905966052,0.13960765147034407,0.01400614277060537,0.009220633275496416,1.5190000894869462
2018-01-13,0.0130230002105236,0.0136529998853802,0.0124779995530843,0.013057000003755,55890600,DOGECOIN,-0.0025275393217327746,-0.002530738941825083,0.11643376570051689,0.139779835455734,0.013743285621915501,0.009531099946858936,1.4419411923641332
2018-01-14,0.0116839995607733,0.0131869995966553,0.0113439997658133,0.013057000003755,65899000,DOGECOIN,-0.10281813930005801,-0.10849669421774646,0.09617810317774857,0.14238784246772676,0.012971285597554229,0.009795166598632887,1.3242536986930507
2018-01-15,0.0098569998517632,0.0117790000513196,0.0098479995504021,0.0116309998556971,62765500,DOGECOIN,-0.15636766327378915,-0.1700384992887742,0.10271483967957779,0.12367016113004858,0.012230142684919442,0.009925966601197874,1.232136191496302
2018-01-16,0.0068219997920095,0.0098630003631114,0.0056719998829066,0.0098630003631114,68099200,DOGECOIN,-0.30790302377967527,-0.36802919413631435,0.15590114095903587,0.14226310512156393,0.011287571263632544,0.009953899929920787,1.133984804257759
2018-01-17,0.0076480000279843,0.0077410000376403,0.0054990001954138,0.0068120001815259,58846200,DOGECOIN,0.12107890078540917,0.11429152589988165,0.17431626152437527,0.14315745331636273,0.010508428460785257,0.00999439993562793,1.05143165457337
2018-01-18,0.0079690003767609,0.0087329996749758,0.0071950000710785,0.0076410002075135,56599300,DOGECOIN,0.041971802772234446,0.04111488228579081,0.17736424273276585,0.1410575518283044,0.010008428511874957,0.010071166620279303,0.9937705222473416
2018-01-19,0.0078710000962018,0.0084349997341632,0.0074669998139142,0.007872000336647,30335700,DOGECOIN,-0.012297688031850051,-0.012373930311303304,0.16044572688773925,0.13820862918206478,0.009267714273716659,0.010111499950289676,0.9165518784827917
2018-01-20,0.0084480000659823,0.008648999966681,0.007957000285387,0.007957000285387,22974100,DOGECOIN,0.07330707187501306,0.0707446033916877,0.1679698261848203,0.1374063926136838,0.008614142824496471,0.010145599953830192,0.8490520879688774
2018-01-21,0.0071310000494122,0.0084380004554986,0.0069829998537898,0.0084380004554986,22933100,DOGECOIN,-0.15589488710745703,-0.16947825079893344,0.1723188352857064,0.13572908409395978,0.007963714322873457,0.010181499955554753,0.7821749602354678
2018-01-22,0.0067340000532567,0.0076060001738369,0.0063180001452565,0.0071990001015365,19968600,DOGECOIN,-0.055672415286019294,-0.05728215532786647,0.1666442625919379,0.13199863863407724,0.007517571494515386,0.010163999954238482,0.7396272656790489
2018-01-23,0.0066729998216032,0.007048999890685,0.0062279999256134,0.0067230002023279,17882700,DOGECOIN,-0.009058543387447493,-0.009099821460163946,0.09303060659714527,0.12803759176165738,0.007496285784457343,0.010100366625313908,0.7421795725384738
2018-01-24,0.0070830001495778,0.0072169997729361,0.0064730001613497,0.0066419998183846,17449900,DOGECOIN,0.06144168124315885,0.0596280607019984,0.08331601203317311,0.12834493157546373,0.007415571516113557,0.010038766637444447,0.7386934853584093
2018-01-25,0.0076669999398291,0.0077630002051591,0.0071240002289414,0.00715500023216,21329400,DOGECOIN,0.08245090751355,0.0792278288393753,0.08837814043699602,0.12887149116387792,0.007372428596551872,0.009980633311594477,0.7386734254616227
2018-01-26,0.0072369999252259,0.0079819997772574,0.0067949998192489,0.0077019999735057,19572300,DOGECOIN,-0.0560845204092677,-0.0577186511769253,0.09059823795675541,0.12885410962424687,0.007281857143555314,0.009926133323460767,0.7336046077826083
2018-01-27,0.0073730000294744,0.0075449999421834,0.0071680000983178,0.0072400001809,11672900,DOGECOIN,0.018792331857631517,0.01861793745333145,0.0846081014988313,0.1287325692306739,0.007128285709768471,0.009889033328120854,0.7208273522042029
2018-01-28,0.0074649997986853,0.007681000046432,0.007337000221014,0.0074089998379349,14070700,DOGECOIN,0.012477928772971714,0.01240072101821712,0.05280330331563586,0.12722206446701462,0.007175999959664628,0.009824833335975752,0.7303940651479707
2018-01-29,0.0069670001976192,0.0075219999998807,0.0068629998713731,0.007400999777019,13073100,DOGECOIN,-0.0667112678494386,-0.06904065961032699,0.055299984089730685,0.12369936353332768,0.007209285694573557,0.009795066667720623,0.7360119067215297
2018-01-30,0.0060239997692406,0.0069920001551508,0.0059420000761747,0.0069690002128481,15855900,DOGECOIN,-0.13535243313195922,-0.1454332922220981,0.07967254715944909,0.12353714813552444,0.0071165714013789,0.009696799982339094,0.733909270516088
2018-01-31,0.0060100001282989,0.0062190000899136,0.0057520000264048,0.0060009998269379,14754700,DOGECOIN,-0.002323977668987398,-0.00232668229623178,0.07323101206618386,0.12354836362355755,0.006963285684053343,0.009600166650488918,0.7253296674489204
2018-02-01,0.0050289998762309,0.0060899998061358,0.0047909999266266,0.0060209999792277,18748700,DOGECOIN,-0.1632279918678916,-0.17820363731593514,0.07757397169873853,0.12689666384528994,0.006586428532110743,0.009462966645757303,0.6960215309502069
2018-02-02,0.0044749998487532,0.0050229998305439,0.0033100000582635,0.0050229998305439,29913700,DOGECOIN,-0.11016107399328623,-0.116714814650101,0.08040703115961824,0.12787669687470862,0.006191857092614643,0.009301466634496993,0.665686104775184
2018-02-03,0.0051640002056956,0.0054950001649558,0.0041589997708797,0.00450100004673,18018100,DOGECOIN,0.1539665654143798,0.143205194888355,0.11094037658511396,0.13110899428593648,0.005876285689217672,0.00915213331269716,0.6420673179077538
2018-02-04,0.0043990002013742,0.0053170002065598,0.0041760001331567,0.0051819998770952,12961600,DOGECOIN,-0.14814097092359668,-0.16033422467315625,0.11369712072181551,0.12438870025493055,0.005438285746744658,0.008893199979017125,0.6115105653281054
2018-02-05,0.0035329998936504,0.0044700000435113,0.0033760000951588,0.0043970001861453,12489400,DOGECOIN,-0.19686298433295624,-0.21922994986862482,0.1257917893596636,0.12068775404447671,0.004947714274749114,0.008515533300427045,0.5810222449016776
2018-02-06,0.0043609999120235,0.0044209999032318,0.0030360000673681,0.0035439999774098,19139100,DOGECOIN,0.23436174449402158,0.21055403041193538,0.16787152559879934,0.1251082381717901,0.004710142866575243,0.008091299973117756,0.582124365951584
2018-02-07,0.0042969998903572,0.0048000002279877,0.0039340001530945,0.004313999786973,12990100,DOGECOIN,-0.014675538398853938,-0.014784289410429493,0.1673948668508449,0.12425503477488832,0.0044654285468692856,0.00773303329478944,0.577448509096439
2018-02-08,0.0045659998431801,0.0048719998449087,0.0042630000971257,0.0042630000971257,9462680,DOGECOIN,0.06260180583819785,0.06072043448573478,0.16062628910264273,0.12483963611718525,0.0043992856850048855,0.007437899964861517,0.5914687890114416
2018-02-09,0.0049999998882412,0.0050110002048313,0.0043130000121891,0.0045599997974932,11190100,DOGECOIN,0.09505038545048006,0.0908003763198749,0.15758693019950298,0.12695958612474395,0.004474285690646029,0.007167833306205713,0.6242173191684459
2018-02-10,0.0049890000373125,0.0054410002194345,0.0047439998015761,0.0049820002168416,16717300,DOGECOIN,-0.002199970234913251,-0.002202393724486184,0.14724533954811495,0.12561082924496036,0.0044492856665913,0.006951833306811697,0.6400161612378858
2018-02-11,0.0049560000188648,0.0051830001175403,0.0046060001477599,0.0049680001102387,11309800,DOGECOIN,-0.00661455566263669,-0.006636528784501169,0.1307436265438445,0.12214084498208706,0.0045288570690899576,0.006681833315330193,0.6777865976841053
2018-02-12,0.0054720002226531,0.0055080000311136,0.0049640000797808,0.0049640000797808,11124300,DOGECOIN,0.10411626348348824,0.09904525343642423,0.08062128583439998,0.12438154040094247,0.004805857116090342,0.00643013331573451,0.7473961860682468
2018-02-13,0.0056380000896751,0.0056779999285936,0.0052709998562932,0.0054750000126659,14149700,DOGECOIN,0.030336231774039435,0.0298851875876243,0.04739776113916895,0.12389298473886373,0.004988285712897714,0.006228600000031236,0.8008678857002695
2018-02-14,0.0067300000227987,0.0067859999835491,0.0056300000287592,0.0056300000287592,40527400,DOGECOIN,0.1936856892080201,0.1770457384468578,0.0649006409637505,0.12600114133880566,0.005335857160389357,0.006124366672399087,0.871250440382132
2018-02-15,0.0073469998314976,0.0079479999840259,0.0067139999009668,0.006717000156641,43275000,DOGECOIN,0.09167902029847497,0.0877168966590232,0.06546640792228656,0.10785239082447744,0.005733142873006142,0.006141866673715356,0.9334528373176216
2018-02-16,0.0070340000092983,0.0074849999509751,0.0065290001221001,0.0072949999012053,26553900,DOGECOIN,-0.04260239953421885,-0.04353650832958367,0.07642460573169207,0.10604401243992333,0.0060237143188714435,0.0061214000064258225,0.9840419369013893
2018-02-17,0.007048999890685,0.0073219998739659,0.0068529997952282,0.0070639997720718,18333100,DOGECOIN,0.0021324824234960627,0.002130211910166349,0.07595921603806742,0.10572583017444741,0.0063180000122103714,0.006090733323556627,1.0373135181891422
2018-02-18,0.0064240000210702,0.00714399991557,0.0063299997709691,0.0071140001527965,15291500,DOGECOIN,-0.08866504175162704,-0.09284476735948537,0.09187574352423697,0.10695691371485212,0.006527714298239715,0.006042499987718907,1.0803002584206838
2018-02-19,0.0066970000043511,0.0069380002096295,0.0063410000875592,0.0064099999144673,13019200,DOGECOIN,0.0424968839329829,0.041618685653242365,0.08789650051553453,0.10635954774160136,0.006702714267053714,0.005984133318997866,1.1200810392667162
2018-02-20,0.0070940000005066,0.0082879997789859,0.0063990000635385,0.0066789998672902,107911000,DOGECOIN,0.05928027413730996,0.057589690845220476,0.08857153465088918,0.10246098571882233,0.006910714254315357,0.005982899984034346,1.1550776835241985
2018-02-21,0.0065810000523924,0.0073910001665353,0.0063490001484751,0.0070870001800358,36813100,DOGECOIN,-0.07231462476424655,-0.07506263898769953,0.0693131197732034,0.10285339484161872,0.006889428544257315,0.0059777999840055366,1.152502352486027
2018-02-22,0.006258999928832,0.0068689999170601,0.0060820002108812,0.0065680001862347,20365500,DOGECOIN,-0.048928752620711946,-0.05016630086308509,0.057807569501425356,0.10324068278713483,0.0067339999867336575,0.005963999987579831,1.1291079813476474
2018-02-23,0.0066479998640716,0.0069490000605583,0.0060379998758435,0.006252999883145,19390500,DOGECOIN,0.06215049363520153,0.06029562053457876,0.06455609436674284,0.1032545249415592,0.006678857108844129,0.0059494999780629575,1.1225913326280297
2018-02-24,0.0063240001909434,0.0068979999050498,0.0061309998854994,0.0066660000011324,15687300,DOGECOIN,-0.04873641392191075,-0.04996408756595797,0.06616780414974927,0.10243593928959142,0.006575285723166757,0.005904733319766767,1.1135618438779005
2018-02-25,0.0061420002020895,0.0064110001549124,0.0059969997964799,0.0063209999352693,11758800,DOGECOIN,-0.028779251005485618,-0.02920149461916661,0.05758553681330264,0.10207516076023586,0.006535000034740943,0.0058682333289955535,1.1136230733108081
2018-02-26,0.0063390000723302,0.0064989998936653,0.0059620002284646,0.0061690001748502,12068600,DOGECOIN,0.03207422073572719,0.03157058379086597,0.05629957370517479,0.1022078613765239,0.006483857187309386,0.005833766663757413,1.1114358117184724
2018-02-27,0.0062910001724958,0.0065740002319216,0.0062699997797608,0.0063629997894167,12201900,DOGECOIN,-0.007572156379035189,-0.007600970705029275,0.04852603292707094,0.10215541466316957,0.006369142926164986,0.0057946333428844305,1.099145113984827
2018-02-28,0.0060180001892149,0.0064509999938309,0.006006000097841,0.0062699997797608,13227600,DOGECOIN,-0.04339532280963121,-0.04436505835800354,0.04355363759499349,0.10172629916094367,0.006288714374282486,0.005763000009270954,1.0912223432527874
2018-03-01,0.0062150000594556,0.0063200001604855,0.0059449998661875,0.0060419999063014,15518400,DOGECOIN,0.03273510535837998,0.0322107248797975,0.04289105407044081,0.09837785900431237,0.006282428678657285,0.005769366685611453,1.088928650405492
2018-03-02,0.0054819998331367,0.0062319999560713,0.0054469997994601,0.006173999980092,22498100,DOGECOIN,-0.11794050189970673,-0.12549576708694754,0.05453712751765453,0.10105687827541561,0.006115857245666586,0.005751766675772713,1.0633006501163331
2018-03-03,0.005301000084728,0.0057560000568628,0.0051810001023113,0.0054939999245107,21545000,DOGECOIN,-0.033017102137548826,-0.033574469453126934,0.05376073528032037,0.09572272552934905,0.0059697143733501,0.005760833349389284,1.0362588207803234
2018-03-04,0.0055019999854266,0.0055019999854266,0.0051640002056956,0.0052339998073875,12133500,DOGECOIN,0.0379173547417353,0.0372161618645687,0.058583203024323134,0.09324692607069004,0.005878285770969686,0.005795066687278397,1.014360332362348
2018-03-05,0.0052180001512169,0.0055350000038743,0.0051569999195635,0.0054620001465082,13627700,DOGECOIN,-0.051617563606314754,-0.052997444159242506,0.055862194933516705,0.09018657679281358,0.005718142925096357,0.00579686668546244,0.9864196013747377
2018-03-06,0.0046100001782178,0.0051359999924898,0.0045579997822642,0.0051219998858869,14766900,DOGECOIN,-0.11651973081244671,-0.12388632002687913,0.0653402730836566,0.08817031682264519,0.005478000068770928,0.005803900018023893,0.9438481110562055
2018-03-07,0.0040239999070763,0.0047039999626576,0.0040110000409185,0.0046179997734725,17585500,DOGECOIN,-0.12711502136384834,-0.13595148596244822,0.07393361088459566,0.08207983652994648,0.005193142885608271,0.00582026668513809,0.892251707102844
2018-03-08,0.0040250001475214,0.004418000113219,0.0038950000889599,0.0040150000713765,15499400,DOGECOIN,0.00024856870482059534,0.0002485378167385216,0.06823758446084914,0.0722526999020764,0.0048802857553319565,0.00580906669298802,0.8401152910196105
2018-03-09,0.0041459999047219,0.0041459999047219,0.003618000075221,0.0040059997700154,13624400,DOGECOIN,0.03006205037657228,0.029619043511053447,0.06938161393252941,0.07245056753110497,0.004689428622701271,0.00580403336013351,0.8079603151339226
2018-03-10,0.0039730002172291,0.0043790000490844,0.0039499998092651,0.0041370000690221,9880540,DOGECOIN,-0.04172689133344398,-0.04262245952405843,0.06932830981061902,0.07185970738085726,0.004499714355915715,0.005784266705935143,0.7779230427425883
2018-03-11,0.0042099999263882,0.0043199998326599,0.0038429999258369,0.0039590001106262,9251440,DOGECOIN,0.05965257895817366,0.057941098700501084,0.07354911700404373,0.07059413628659682,0.004315142918910228,0.005757933373873377,0.7494256426255624
2018-03-12,0.0040319999679923,0.0042730001732707,0.0038350000977516,0.0042070001363754,7601500,DOGECOIN,-0.04228027589269068,-0.043200107378652104,0.07331422888511353,0.07091951786730277,0.004145714321306715,0.0057260333715627035,0.7240115542978925
2018-03-13,0.00395999988541,0.0042340001091361,0.003878999967128,0.0040199998766183,6006560,DOGECOIN,-0.017857163480621607,-0.018018526501129627,0.062483391603154866,0.0709473977106288,0.004052857136619886,0.00569283336711421,0.7119226710607807
2018-03-14,0.0035240000579506,0.0040179998613893,0.0034229999873787,0.0039539998397231,7532350,DOGECOIN,-0.11010096971612893,-0.11664727181103561,0.05676538614530716,0.0707087761237205,0.003981428586744786,0.005627900028290793,0.7074447958795663
2018-03-15,0.0035359999164938,0.0036190000828355,0.0032669999636709,0.0035210000351071,9316740,DOGECOIN,0.003405181142414282,0.003399396640905412,0.056955208295893456,0.07029745848880621,0.0039115714108837,0.005557833355851417,0.7037942954452757
2018-03-16,0.0035099999513477,0.003654999891296,0.0034409998916089,0.0035419999621808,6407110,DOGECOIN,-0.007352931493245229,-0.0073800975426696535,0.05334747310052754,0.060215046816684395,0.003820714274687386,0.0054505000201363835,0.7009841777033483
2018-03-17,0.0032989999745041,0.0035500000230968,0.0032490000594407,0.0035049999132752,6231110,DOGECOIN,-0.06011395434993794,-0.06199663909864811,0.05496543098088532,0.05694968613373454,0.0037244285257266715,0.005315566691569933,0.7006644336968473
2018-03-18,0.0031900000758469,0.0032800000626593,0.0027900000568479,0.0032800000626593,9029610,DOGECOIN,-0.033040284783143914,-0.0335984439448615,0.040496281442546245,0.05687716566272503,0.0035787142613636284,0.005187433360454887,0.689881491036602
2018-03-19,0.0034399998839944,0.0035039999056607,0.0031439999584108,0.0031989999115467,8278910,DOGECOIN,0.07836984395090596,0.07545049708953759,0.05924582165342421,0.05965114595772985,0.0034941428207925,0.0050671333602318675,0.6895699347910218
2018-03-20,0.0036510000936686,0.0037269999738782,0.003387999953702,0.0034660000819712,6638060,DOGECOIN,0.061337272322577574,0.05952969066635235,0.06700583710272254,0.06006517314161886,0.003449999993400871,0.004974700029318479,0.6935091509172889
2018-03-21,0.003658999921754,0.0038330000825226,0.0036059999838471,0.0036510000936686,6711100,DOGECOIN,0.0021911333552888657,0.0021887363234375603,0.04843882835501641,0.05912070578937574,0.0034692856882299282,0.004873433359898577,0.7118771166088396
2018-03-22,0.0035280000884085,0.0037259999662637,0.0034429999068379,0.0036659999750554,5210480,DOGECOIN,-0.035802086949130896,-0.036458701448895,0.050984900922771484,0.05732254314431245,0.0034681428556463142,0.0047545666961619736,0.7294340530433407
2018-03-23,0.0035600000992417,0.0035600000992417,0.0033410000614821,0.0035329998936504,6178530,DOGECOIN,0.009070297627921997,0.009029409537177588,0.050983619608228586,0.05675651192190041,0.003475285733916886,0.004653866697723617,0.7467523157929684
2018-03-24,0.0035900000948458,0.0037269999738782,0.0035099999513477,0.0035969999153167,4461220,DOGECOIN,0.008426964822413785,0.00839165617880916,0.04248640135259767,0.05670730802297147,0.0035168571796799853,0.004564900036590743,0.7704127475935969
2018-03-25,0.0035049999132752,0.0035759999882429,0.0034630000591278,0.0035500000230968,3476340,DOGECOIN,-0.023676930174078792,-0.02396173317624392,0.04088573560962086,0.054720419592897175,0.003561857156455457,0.004460133371564197,0.7985987995704916
2018-03-26,0.0032889998983591,0.0035409999545663,0.0031409999355673,0.0034980000928044,6061990,DOGECOIN,-0.06162625399732502,-0.06360695943975032,0.03950089742367454,0.05502238610891406,0.0035402857299361287,0.00435896669514472,0.81218462482852
2018-03-27,0.0031449999660253,0.0032830000855028,0.0031079999171197,0.0032760000322014,5235300,DOGECOIN,-0.04378228543139895,-0.04476965695399835,0.028666943343033154,0.055167897547487695,0.003467999997415657,0.004259066687275913,0.8142629012540257
2018-03-28,0.0031409999355673,0.0032440000213682,0.0031139999628067,0.0031340001150965,4912220,DOGECOIN,-0.0012718697937078582,-0.0012726793065633638,0.028220373162059234,0.05438205400777599,0.003393999999388986,0.00415246668271715,0.8173455102036209
2018-03-29,0.0028270001057535,0.0031769999768584,0.0027580000460147,0.0031709999311715,5630550,DOGECOIN,-0.09996811087393043,-0.1053250839232381,0.04254689593239339,0.05629584144185871,0.003293857144723986,0.00403700001382574,0.8159170506423902
2018-03-30,0.0027630000840872,0.0028899998869746,0.0026479999069124,0.0028109999839216,5378440,DOGECOIN,-0.022638846576640392,-0.02289903974525975,0.039025379889883825,0.056199428139616654,0.0031799999997019143,0.003928500010321484,0.8094692608748862
2018-03-31,0.0028190000448375,0.0028969999402761,0.0026990000624209,0.0027520000003278,3505010,DOGECOIN,0.02026781000580402,0.020065151662862105,0.04142445132023716,0.05580840170593594,0.003069857135415014,0.003815300009834213,0.8046174946930081
2018-04-01,0.0027189999818801,0.0028689999599009,0.0025949999690055,0.0028180000372231,3373820,DOGECOIN,-0.035473593957734195,-0.036118069051282654,0.0411611171222562,0.05262833373749031,0.00295757143093,0.003723200014792327,0.7943627576223481
2018-04-02,0.0027970001101493,0.0028140000067651,0.0027040001004934,0.0027310000732541,5034000,DOGECOIN,0.028687064652080485,0.02828329461489619,0.04542381541623307,0.053420687499425225,0.0028872857469000282,0.0036397333489730367,0.7932684815261771
2018-04-03,0.0029800001066178,0.0029929999727755,0.0027799999807029,0.0027940000873059,6618080,DOGECOIN,0.0654272396359441,0.063375882694046,0.054356917907264435,0.05460926585356267,0.002863714338413243,0.0035556666863460766,0.8053944846433547
2018-04-04,0.002769999904558,0.0030060000717639,0.0027169999666512,0.0029819998890161,5330250,DOGECOIN,-0.07046986394176447,-0.0730760505514468,0.05947608297292637,0.055142489257632744,0.002810714333983343,0.0034740666781241133,0.8090559549942318
2018-04-05,0.0027139999438077,0.0027910000644624,0.0026539999525994,0.0027850000187754,4829150,DOGECOIN,-0.020216593025202956,-0.020423745035579477,0.045766541379092675,0.0516154827069149,0.0027945714537053715,0.0034108666703104432,0.8193141872212264
2018-04-06,0.0026700000744313,0.0027369998861104,0.0026140001136809,0.0027149999514222,2848290,DOGECOIN,-0.01621218507273381,-0.016345040419022124,0.04542485144338418,0.046532382148012995,0.0027812857380402423,0.0033657333425556103,0.8263535624983305
2018-04-07,0.0028019999153912,0.002864999929443,0.0026690000668168,0.0026819999329745,3034220,DOGECOIN,0.04943814130342861,0.04825491742990537,0.04910646805519243,0.04783487319075457,0.0027788571481193428,0.00332496666815127,0.8357548888345482
2018-04-08,0.0028429999947547,0.002907000016421,0.0027860000263899,0.0027860000263899,3683180,DOGECOIN,0.014632434190411603,0.014526413104920552,0.04671953428590535,0.047459160495002234,0.002796571435672857,0.0032815333378190302,0.8522148482975681
2018-04-09,0.0027630000840872,0.0029289999511092,0.0027240000199526,0.0028550000861287,4827250,DOGECOIN,-0.02813925811294371,-0.02854275444929892,0.047211889514434856,0.04722080525463995,0.002791714289092557,0.0032412000000476334,0.8613212048165894
2018-04-10,0.0030429998878389,0.0030730001162737,0.0027399999089539,0.0027590000536292,10212100,DOGECOIN,0.10133905002909249,0.09652675768153209,0.05572780947933364,0.04965718460189154,0.0028007142578384283,0.0032022999987626564,0.8745945910503707
2018-04-11,0.003396000014618,0.0034990001004189,0.0030129998922348,0.0030390000902116,25292400,DOGECOIN,0.11600398941512835,0.10975443869746848,0.05696687081093442,0.053889837386679636,0.0028901428449898572,0.003181100000316847,0.9085356778164756
2018-04-12,0.003798000048846,0.003798000048846,0.0032550001051276,0.0033740000799298,13877700,DOGECOIN,0.11837456787326284,0.11187635249749679,0.05967728271465791,0.057934298319278404,0.0030450000028524713,0.0031757000057647134,0.9588437186525843
2018-04-13,0.0039949999190866,0.0042940001003444,0.0037499999161809,0.0037819999270141,18150400,DOGECOIN,0.05186937011769066,0.05056893371349728,0.05258955375994011,0.054399330678423785,0.0032342856949460854,0.0031914000011359135,1.0134378936500932
2018-04-14,0.0041499999351799,0.0042179999873042,0.0039240000769495,0.003957999870181,13585900,DOGECOIN,0.03879850293682585,0.03806475965873502,0.053029463228123075,0.054749187140274616,0.003426857126344471,0.00321186666842545,1.0669362959653663
2018-04-15,0.0045710001140832,0.0046140002086758,0.0041350000537931,0.0041350000537931,11867500,DOGECOIN,0.10144582782627198,0.09662370568434123,0.05135163468087778,0.05715607621746706,0.0036737142862485433,0.003247233340516633,1.1313367106732335
2018-04-16,0.0045850002206861,0.0049200002104043,0.0043910001404583,0.004588000010699,22272600,DOGECOIN,0.0030628103814231977,0.0030581295329722654,0.042004779026208805,0.05558991645112903,0.003934000020048386,0.0032901000153893667,1.195708337633261
2018-04-17,0.0047439998015761,0.0048690000548958,0.0045150001533329,0.004588000010699,17139500,DOGECOIN,0.034678205722356026,0.03409046602851875,0.04264035280978156,0.055089923240382234,0.004177000007725129,0.0033419000062470065,1.249887788359039
2018-04-18,0.0054120002314448,0.0054680001921951,0.0047079999931156,0.0047120000235736,21720200,DOGECOIN,0.14080954001026091,0.13173813320451758,0.04718763418713296,0.05815538590559046,0.004465000038700386,0.0034076333511620202,1.3102935611244086
2018-04-19,0.005824000108987,0.005824000108987,0.0053199999965727,0.0053969998843967,27012500,DOGECOIN,0.07612709902494075,0.07336857653415671,0.043093100364868644,0.058573304572030076,0.004754428618720529,0.003480066685005967,1.3661889409203596
2018-04-20,0.0058929999358952,0.0059580001980066,0.0056980000808835,0.005834000185132,23110700,DOGECOIN,0.011847497530387496,0.011777865369837773,0.046987270827512424,0.05852392909235329,0.005025571478264615,0.003554533352144007,1.4138484522119659
2018-04-21,0.0054130000062286,0.0058869998902082,0.0051939999684691,0.0058780000545084,25007100,DOGECOIN,-0.08145255979774302,-0.08496172601213442,0.07131842280779803,0.06065115653308573,0.005206000059843,0.00361736668273801,1.4391684660241693
2018-04-22,0.0055390000343322,0.0057729999534785,0.0053280000574886,0.0054419999942183,18456900,DOGECOIN,0.02327730056504973,0.023010516283718373,0.06648973584370267,0.06066322063976537,0.005344285762735715,0.0036833333472410267,1.4509373056714543
2018-04-23,0.0054819998331367,0.0057069999165833,0.0054000001400709,0.0055450000800192,33576300,DOGECOIN,-0.010290702444881283,-0.010344017807038452,0.06749421467540397,0.06082699784823931,0.005472428564514372,0.0037464000051840567,1.4607165697581503
2018-04-24,0.0057999999262392,0.0059079998172819,0.0054819998331367,0.0054890001192688,36637000,DOGECOIN,0.058008045016766596,0.05638793739279918,0.06848468417539222,0.06086175859957628,0.005623285725180528,0.00382290000561619,1.4709476358051234
2018-04-25,0.0050929998978972,0.005919000133872,0.004947000183165,0.0058789998292922,38270000,DOGECOIN,-0.1218965581608944,-0.12999087698020015,0.07407948209887975,0.06495472495108642,0.005577714248959443,0.0038830333389341266,1.4364322327684411
2018-04-26,0.0056269997730851,0.0056759999133646,0.0048960000276565,0.0051279999315738,41358700,DOGECOIN,0.10484977143007179,0.0997093722702586,0.07941843110686274,0.06575406546381173,0.0055495713438306,0.0039657666658361205,1.3993691034922648
2018-04-27,0.0054219998419284,0.005739000160247,0.0052959998138248,0.0055829999037086,38969800,DOGECOIN,-0.03643148026009346,-0.0371116782023233,0.079854199796958,0.06646418399422198,0.005482285616121056,0.004041799996048157,1.3563970561337337
2018-04-28,0.0053570000454783,0.0056219999678432,0.0053139999508857,0.0053639998659491,35916600,DOGECOIN,-0.011988159045571267,-0.012060596534397039,0.07321538344011573,0.06255340768306265,0.0054742856217281565,0.0041261333273723165,1.326735029479621
2018-04-29,0.005458999890834,0.005557999946177,0.0052220001816749,0.0054700002074241,37883800,DOGECOIN,0.019040478717523124,0.01886147741385262,0.07300050078840523,0.061997962164528374,0.005462857029799843,0.00421599998759721,1.2957440810888718
2018-04-30,0.005210000090301,0.0055340002290904,0.0051359999924898,0.0054049999453127,36411800,DOGECOIN,-0.04561271396086419,-0.046685729704663864,0.0749524984732556,0.06328026259602387,0.0054239999236804564,0.004295699989112661,1.2626579922777295
2018-05-01,0.0051440000534057,0.0052720000967383,0.0048989998176693,0.0052720000967383,11657500,DOGECOIN,-0.012667953119265163,-0.01274887578006841,0.06952469906716896,0.06270079069035595,0.0053302856561328145,0.00437653332483018,1.2179241560646958
2018-05-02,0.0052729998715221,0.0054150000214576,0.0050409999676048,0.0051139998249709,49958400,DOGECOIN,0.02507772487890869,0.02476843886564165,0.0493350472778768,0.06269048255224459,0.005355999938079228,0.004459066650209273,1.2011482128951494
2018-05-03,0.005640999879688,0.0056489999406039,0.00521200010553,0.0053340001031756,50484900,DOGECOIN,0.06978949689594316,0.06746189724661113,0.03954803447709794,0.06278977888952555,0.005357999953308214,0.004547766642644946,1.178160704875579
2018-05-04,0.0052689998410642,0.0055550001561641,0.0052049998193979,0.0055329999886453,14434200,DOGECOIN,-0.06594576255236073,-0.0682207723668769,0.04572547155997583,0.06254398635637554,0.005336142810327614,0.004631066640528487,1.1522491953859395
2018-05-05,0.0051799998618662,0.0053469999693334,0.0050260000862181,0.0052669998258352,30335800,DOGECOIN,-0.01689124727322522,-0.017035531458194045,0.045908317076275414,0.06246880988704734,0.0053108570698116005,0.004713266637797103,1.1267890144856731
2018-05-06,0.0049700001254677,0.0052590002305805,0.0047249998897314,0.005202000029385,33446900,DOGECOIN,-0.04054049073330346,-0.04138516425108745,0.04637805373177269,0.06315605105686023,0.005240999960473557,0.004789933306164983,1.0941697149995846
2018-05-07,0.0048170001246035,0.005016999784857,0.0046319998800754,0.0049660000950098,25891500,DOGECOIN,-0.03078470764621999,-0.03126851183801504,0.04487600099129996,0.06362724966296202,0.005184857108231057,0.004857099979805394,1.0674800044858856
2018-05-08,0.0053030000999569,0.0053559998050332,0.0047920001670718,0.0048329997807741,40660100,DOGECOIN,0.10089266406099662,0.09612136348858383,0.06042384871174459,0.06519558061715568,0.0052075714005955145,0.004939099983312133,1.0543563439068804
2018-05-09,0.0050929998978972,0.0053240000270307,0.0046520000323653,0.0052729998715221,33562300,DOGECOIN,-0.039600263643481126,-0.04040568914932181,0.06175953943735626,0.06554012245620322,0.005181857118649101,0.005016766643772467,1.0329077444894845
2018-05-10,0.0048699998296797,0.0052959998138248,0.0045309998095035,0.0048250001855194,34878500,DOGECOIN,-0.04378560233421025,-0.04477312573366388,0.05389135911420425,0.06495415190018916,0.0050717142543622,0.005077666641833827,0.9988277317335907
2018-05-11,0.0043620001524686,0.005036000162363,0.0039969999343156,0.005036000162363,27582800,DOGECOIN,-0.10431205235678853,-0.11016319938786505,0.06177246824165879,0.06636482259810854,0.0049421428702771135,0.0051098666464288464,0.9671764866370924
2018-05-12,0.0044729998335242,0.0046680001541972,0.0039180000312626,0.0044499998912215,27449400,DOGECOIN,0.025446968632677036,0.025128584499515546,0.06488202950814723,0.06352746016319626,0.004841142866228257,0.005132366639251454,0.9432574105684564
2018-05-13,0.004329000134021,0.0046219998039305,0.0039650001563131,0.0043069999665021,19823500,DOGECOIN,-0.032193092971735005,-0.03272268781405552,0.06450915172189248,0.0633074228545359,0.004749571438878729,0.005143499979749266,0.9234123568734337
2018-05-14,0.0044599999673664,0.0045590000227093,0.0042190002277493,0.004499000031501,12399700,DOGECOIN,0.030260990826932455,0.029812159296296752,0.06677877324161349,0.06316612134606363,0.004698571416416286,0.005153833314155484,0.9116653818646446
2018-05-15,0.0045150001533329,0.0047880001366138,0.004418000113219,0.0044430000707507,21076900,DOGECOIN,0.012331880351778901,0.012256462114701414,0.04969487135336357,0.06065470878011394,0.00458599999547,0.005151966648797139,0.8901455129840021
2018-05-16,0.0043850000947713,0.0045500001870095,0.0042599998414516,0.0044740000739693,9611630,DOGECOIN,-0.028792924506466755,-0.029215573392966057,0.04921863594951528,0.060876860717863364,0.004484857166452015,0.005145299977933313,0.871641534154715
2018-05-17,0.0041880002245306,0.0044800001196563,0.0041729998774826,0.0043680001981556,17314000,DOGECOIN,-0.044925853131817295,-0.045966300815622176,0.049315114820430855,0.06101804129425299,0.004387428651430715,0.0051267666586984634,0.855788637071412
2018-05-18,0.0040170000866055,0.0043770000338554,0.0037549999542534,0.0039960001595318,13622000,DOGECOIN,-0.04083097630307919,-0.041687969684244035,0.03285241605688988,0.05568135385167118,0.004338142927735986,0.005080266653870486,0.8539203201924251
2018-05-19,0.0042860000394284,0.0044280001893639,0.0040049999952316,0.0042170002125203,15007400,DOGECOIN,0.06696538387436624,0.06481852931384088,0.042337933049239225,0.055260552219328865,0.004311428671436585,0.005028999984885201,0.857313319625115
2018-05-20,0.0044229999184608,0.0044760000891983,0.0039070001803338,0.0042500002309679,15909900,DOGECOIN,0.031964507179675916,0.03146427420018749,0.042561411977114126,0.05564633653607805,0.004324857212070843,0.004979999984304054,0.8684452260445608
2018-05-21,0.0042710001580417,0.0044189998880028,0.0039470000192523,0.0043970001861453,18454500,DOGECOIN,-0.03436576152413673,-0.03497015158814879,0.042819507931169364,0.05403586566289934,0.004297857239310171,0.004941933322697823,0.86967123161507
2018-05-22,0.0038509999867528,0.0042809997685253,0.0038230000063776,0.0042119999416172,10205700,DOGECOIN,-0.09833766231501961,-0.10351517746993645,0.05510478397401253,0.05642508659837083,0.004203000072655871,0.004885666654445176,0.8602715596308259
2018-05-23,0.0035910001024603,0.0042739999480545,0.0034350000787526,0.0038580000400543,14899100,DOGECOIN,-0.06751490137285998,-0.06990210761636312,0.05797459350705849,0.05739991964225649,0.004089571502325729,0.004822633330089297,0.8479955290836937
2018-05-24,0.0034990001004189,0.003713000100106,0.0032480000518262,0.0035900000948458,10460200,DOGECOIN,-0.025619604404457652,-0.025953501691606425,0.057463029159594135,0.05586113002705727,0.003991142913166914,0.004745933335895287,0.8409605931420048
2018-05-25,0.0035139999818056,0.0036069999914616,0.0033760000951588,0.0034739999100565,10613600,DOGECOIN,0.004286905103233485,0.004277742502351614,0.05795284265566439,0.05170774284247643,0.003919285755338358,0.0046933000053589,0.8350810199354914
2018-05-26,0.0034630000591278,0.0035689999349415,0.0034590000286698,0.0035500000230968,6353660,DOGECOIN,-0.014513353142248775,-0.0146197020927762,0.04513983888915797,0.04717703581090232,0.0038017143295811288,0.004621166681560323,0.8226741408724715
2018-05-27,0.0034239999949932,0.0034799999557435,0.0034010000526905,0.0034640000667423,3494870,DOGECOIN,-0.011261929964974549,-0.01132582567721081,0.03762884015577795,0.047017180790720314,0.003659000054800043,0.004554566686662483,0.8033695204233143
2018-05-28,0.0032259998843073,0.0034469999372959,0.003218000056222,0.0034330000635236,7502800,DOGECOIN,-0.05782713521478644,-0.05956651297679804,0.038590370832223185,0.047698612535846216,0.003509714301409414,0.004483533347956784,0.7828009806169605
2018-05-29,0.0034370000939816,0.0034459999296814,0.003167999908328,0.0032259998843073,9244550,DOGECOIN,0.06540614297622849,0.06335608137134431,0.044034926712453404,0.04950660444121163,0.003450571459584957,0.00441613335472837,0.7813558111623639
2018-05-30,0.0033539999276399,0.0035059999208897,0.0033229999244213,0.0034469999372959,7463910,DOGECOIN,-0.024149014859510265,-0.0244453833850282,0.03769983761760473,0.04918779469229101,0.003416714291753471,0.004354266682639666,0.7846819087530424
2018-05-31,0.003398000029847,0.0035129999741911,0.0033170001115649,0.0034290000330656,8971080,DOGECOIN,0.013118695037677375,0.013033390206689137,0.03778747181083634,0.04944726399767825,0.0034022857102432,0.004296066681854376,0.7919536548661344
2018-06-01,0.0034229999873787,0.0034690001048147,0.0033360000234097,0.0034270000178366,5436780,DOGECOIN,0.0073572564191017875,0.007330323827407503,0.037918789253532786,0.049079108133224116,0.0033892857110393573,0.004234400019049596,0.8004169884261612
2018-06-02,0.0035580000840127,0.0035840000491589,0.003400000045076,0.0034179999493062,5918490,DOGECOIN,0.03943911689505497,0.03868125699513752,0.040626805975999256,0.04768520629870068,0.003402857143165771,0.004164966692527087,0.8170190530626051
2018-06-03,0.0036899999249726,0.0037499999161809,0.0035449999850243,0.0035759999882429,19570200,DOGECOIN,0.037099448522505796,0.036427824863825495,0.04164715653079898,0.04751246621153614,0.0034408571331628287,0.0041123333619907,0.8367164892238156
2018-06-04,0.0035319998860359,0.0037599999923259,0.0035119999665766,0.0036909999325871,22162200,DOGECOIN,-0.042818439606844505,-0.043762187244260314,0.03741736086194426,0.0478618752598193,0.003484571419124057,0.004057400029463023,0.8588187986939072
2018-06-05,0.0036539998836815,0.0037219999358057,0.0035139999818056,0.0035379999317228,18819700,DOGECOIN,0.034541336801266365,0.03395817564707151,0.032086394708232574,0.048283176335634774,0.003515571389081186,0.004013533354736817,0.8759292818463984
2018-06-06,0.0037869999650865,0.0038000000640749,0.0035729999653995,0.003654999891296,21273700,DOGECOIN,0.0363984908699555,0.035751713577736766,0.02968491991903684,0.048824732243090245,0.003577428537287843,0.00397920001608625,0.8990320976140399
2018-06-07,0.0037320000119507,0.0038360001053661,0.003707000054419,0.0037479999009519,6110720,DOGECOIN,-0.014523357180581287,-0.014629853513033485,0.03209799943228698,0.04469102880923643,0.0036251428204455145,0.003926833346486043,0.9231720576299733
2018-06-08,0.003658999921754,0.003783999942243,0.0036329999566078,0.0037459998857229,6921140,DOGECOIN,-0.019560581447732428,-0.019754421534783177,0.03449380543922631,0.04439184729459695,0.003658857096784843,0.0038790333472812698,0.9432394025045586
2018-06-09,0.0035929998848587,0.003711000084877,0.0035929998848587,0.0036579999141395,4672910,DOGECOIN,-0.01803772569190487,-0.018202388567163205,0.03315460267823341,0.04395819467981234,0.0036638570683342714,0.003836466682453903,0.9550081811190848
2018-06-10,0.0031820000149309,0.0035949999000877,0.0031510000117123,0.0035949999000877,7439530,DOGECOIN,-0.11438905736117577,-0.12147754147747941,0.05307979897118719,0.044884746917463275,0.0035912856526140284,0.00379713334453598,0.9457886586421403
2018-06-11,0.0032339999452233,0.0032470000442117,0.0031020001042634,0.0031799999997019,4841840,DOGECOIN,0.016341901335135134,0.016209809609264086,0.05366030262042247,0.04466954949023535,0.003548714232497943,0.003755833348259283,0.9448540186541201
2018-06-12,0.003089000005275,0.0032730000093579,0.0030749998986721,0.0032369999680668,4965300,DOGECOIN,-0.044836098455248496,-0.04587232857304286,0.050508749579976454,0.04495556943072642,0.0034679999641541574,0.0037145000106344164,0.9336384316127224
2018-06-13,0.0028170000296086,0.0031149999704211,0.002777999965474,0.0030920000281184,11074900,DOGECOIN,-0.08805437850498965,-0.09217491623919638,0.04838625677297436,0.0466002420991769,0.0033294285448001717,0.0036597333460424903,0.9097462109911645
2018-06-14,0.0029440000653266,0.0030159999150782,0.0028109999839216,0.0028160000219941,9869880,DOGECOIN,0.04508343428581574,0.04409672365145089,0.05809492285582617,0.047601696602326445,0.0032168571238538712,0.0036073666764422797,0.8917466430184071
2018-06-15,0.0029009999707341,0.0029819998890161,0.0028369999490678,0.0029529999010264,12125600,DOGECOIN,-0.014606010067370612,-0.014713728005315474,0.058329989828111856,0.04751808805648962,0.0031085714165653144,0.00355790000564104,0.8737096072505365
2018-06-16,0.0028949999250471,0.0029559999238699,0.0028289998881518,0.0028919999022036,6642410,DOGECOIN,-0.002068268096356185,-0.002070409916563893,0.059329654945118854,0.04716707002262637,0.0030088571365922286,0.0035147999956582567,0.8560535849291548
2018-06-17,0.0028729999903589,0.0029450000729411,0.0028729999903589,0.0029060000088065,6253640,DOGECOIN,-0.007599286790255122,-0.007628308493099942,0.04396207386335822,0.04684430801306094,0.0029647142759390856,0.0034766666591167033,0.8527461981909745
2018-06-18,0.0030269999988377,0.0030799999367445,0.0028309999033808,0.0029160000849515,8143520,DOGECOIN,0.05360250922227183,0.05221525301421204,0.04987540571278566,0.04619126634944021,0.002935142855026857,0.0034346999910970137,0.8545558164133565
2018-06-19,0.0030330000445246,0.0030739998910576,0.0029559999238699,0.0030269999988377,4460270,DOGECOIN,0.0019821756488944686,0.001980213730892533,0.047262115561428765,0.0455528120047853,0.0029271428606339428,0.0033883666619658062,0.8638801973502247
2018-06-20,0.0030209999531507,0.0030469999182969,0.0029440000653266,0.0030350000597536,3245680,DOGECOIN,-0.003956508802419267,-0.003964356489839944,0.02668099748211382,0.04537859504653564,0.0029562857068542426,0.00334669998846944,0.8833435076462449
2018-06-21,0.0029879999347031,0.0030310000292956,0.0029680000152438,0.0030209999531507,3952000,DOGECOIN,-0.010923541529083258,-0.010983641479131591,0.02278245735001209,0.04192486472791983,0.0029625714024794567,0.003317933320067783,0.8928966066198502
2018-06-22,0.0026680000592023,0.003004000056535,0.002600000007078,0.0029829998966306,9291920,DOGECOIN,-0.10709500752803613,-0.11327509517438046,0.049596693937492664,0.04476825576991551,0.002929285700832057,0.003287166651959183,0.8911278346919754
2018-06-23,0.0026410000864416,0.0027139999438077,0.0025849998928606,0.0026710000820457,9938440,DOGECOIN,-0.010119929595793442,-0.010171484197517693,0.049421650223336167,0.04466575803730516,0.0028930000096027,0.0032585666514932735,0.8878136674838157
2018-06-24,0.0025100000202655,0.0027109999209642,0.0023310000542551,0.0026350000407546,9879600,DOGECOIN,-0.04960244675819214,-0.05087490482803022,0.05128879917238217,0.04521598106870672,0.0028411428710179284,0.0032250999861086036,0.8809472212506637
2018-06-25,0.0024850000627338,0.0025760000571608,0.0023920000530779,0.0024900001008063,5693670,DOGECOIN,-0.009960142362490987,-0.010010076424015054,0.041235981658806355,0.04521184684608489,0.0027637143087173716,0.003192499986228803,0.8656896853998292
2018-06-26,0.0024780000094324,0.0025770000647753,0.0024570000823587,0.0025009999517351,4070170,DOGECOIN,-0.002816922786593179,-0.002820897780174282,0.040686885170011344,0.04523679394637504,0.002684428589418486,0.0031609666533767766,0.8492429322374477
2018-06-27,0.0024369999300688,0.0025080000050365,0.0023350000847131,0.0024840000551193,5765380,DOGECOIN,-0.016545633255663716,-0.016684041065947997,0.03966020539993842,0.0443100261976776,0.0026010000146925,0.0031346666549021598,0.82975330427078
2018-06-28,0.0023570000194013,0.0025039999745786,0.0023330000694841,0.0024059999268501,3678050,DOGECOIN,-0.0328272108999369,-0.03337811376211195,0.038697319457155724,0.042311404405674734,0.0025108571696493857,0.0030986666524161497,0.8103024465995959
2018-06-29,0.0024270000867545,0.0024920001160353,0.002292999997735,0.0024089999496936,3832380,DOGECOIN,0.02969879795375685,0.029266330304686988,0.025061316692800605,0.04292369891038636,0.002476428602156843,0.00306776665771997,0.8072415142543397
2018-06-30,0.0024989999365061,0.0025410000234842,0.0024210000410676,0.0024349999148398,6122900,DOGECOIN,0.029666191667871544,0.02923466395505751,0.029899010645142162,0.04333363980387669,0.0024561428664517716,0.0030377999879419395,0.8085268537102631
2018-07-01,0.0024890000931918,0.002553999889642,0.0024560000747442,0.0025080000050365,8435030,DOGECOIN,-0.0040015380425663105,-0.004009565618175213,0.02315811952667761,0.04322438190290705,0.0024531428768698143,0.0030066666581357103,0.8159011808747999
2018-07-02,0.0027030000928789,0.0027209999971091,0.0024290001019835,0.0024860000703483,5812800,DOGECOIN,0.08597830119510941,0.0824812408288065,0.03855877891406801,0.045620418019139894,0.0024842857383191143,0.00297816665843125,0.8341661240770564
2018-07-03,0.0026380000635981,0.0027640000917017,0.0026179999113082,0.0026990000624209,5643560,DOGECOIN,-0.024047364797375903,-0.024341223252147215,0.04073510459614528,0.04486932383357015,0.0025071428889142143,0.002943099996385433,0.8518714593433321
2018-07-04,0.0026799999177455,0.0027240000199526,0.0025869999080896,0.0026370000559836,4781340,DOGECOIN,0.01592109671525721,0.015795685427211298,0.039149065834057216,0.0446955588604209,0.002541857172868029,0.00291469999744242,0.8720819209861901
2018-07-05,0.0025989999994635,0.0026950000319629,0.0025780000723898,0.002678999910131,3792270,DOGECOIN,-0.030223851032853633,-0.03069000837785956,0.03862132720276015,0.04409737314229171,0.0025764285985912,0.0028795333346351534,0.8947382437292195
2018-07-06,0.0025969999842345,0.0026189999189227,0.0025510000996291,0.0026100000832229,4306990,DOGECOIN,-0.0007695326007745029,-0.0007698288429747675,0.03830489741670443,0.043247962934505745,0.0026007142982312,0.0028398666686067528,0.9157874652992489
2018-07-07,0.0026449998840689,0.0026459998916834,0.0025470000691711,0.0026010000146925,4205310,DOGECOIN,0.018482826386519546,0.018314094870025367,0.037591072812833436,0.04361068660578973,0.0026215714335973144,0.0028036333310106935,0.9350621583073608
2018-07-08,0.0026110000908374,0.0026710000820457,0.0025730000343173,0.0026420000940561,5004800,DOGECOIN,-0.012854364734109835,-0.012937696972715025,0.03821712827970534,0.04358381537248205,0.002639000004689543,0.0027687000033134734,0.9531549107997578
2018-07-09,0.0026030000299215,0.0026489999145269,0.0025949999690055,0.0026120000984519,4233540,DOGECOIN,-0.0030639833924074322,-0.0030686869998291307,0.018680019285699616,0.04358813502794014,0.0026247142814099142,0.0027357000081489,0.9594305931175239
2018-07-10,0.0024109999649226,0.0026229999493807,0.0022420000750571,0.002606000052765,6741490,DOGECOIN,-0.07376106907101732,-0.07662305285730096,0.03270743151539438,0.04030440921159965,0.002592285695884843,0.0027100000064819566,0.9565629851234108
2018-07-11,0.0024250000715255,0.0024749999865889,0.0023529999889433,0.0024059999268501,9788650,DOGECOIN,0.005806763503353851,0.005789969234364597,0.0314407995299615,0.04012193411110579,0.002555857146424843,0.002683033344025364,0.9525998445439676
2018-07-12,0.0023060000967234,0.0024250000715255,0.0022440000902861,0.0023950000759214,4220800,DOGECOIN,-0.049072153110181316,-0.050317090093398784,0.03392480313082632,0.040268449408084654,0.0025140000174619713,0.0026569333470736435,0.9462036449769808
2018-07-13,0.0023320000618696,0.0023560000117868,0.0022070000413805,0.0023070001043379,6191910,DOGECOIN,0.01127491936498326,0.011211831227849982,0.03516492108780992,0.03728408124284369,0.002476142885695557,0.0026407666814823433,0.9376606055577852
2018-07-14,0.0023620000574737,0.0023839999921619,0.0021869998890906,0.0023040000814944,4179950,DOGECOIN,0.012864491770230968,0.012782447088863065,0.03433398840707926,0.03624852668388898,0.0024357143390391,0.0026213666812205804,0.9291772709588895
2018-07-15,0.002379999961704,0.0024149999953806,0.0023199999704957,0.002369999885559,3869860,DOGECOIN,0.007620619725789535,0.007591729484814839,0.03551229311844074,0.036320795357080826,0.002402714320591471,0.0026040000142529096,0.9227013469432765
2018-07-16,0.0028540000785142,0.0028689999599009,0.0023660000879317,0.0023660000879317,15576200,DOGECOIN,0.19915971615009265,0.18162107497224866,0.0822179336246578,0.050013156242215646,0.0024385714703904285,0.002602633352701813,0.9369631215472318
2018-07-17,0.0032279998995363,0.003260999917984,0.0028009999077767,0.0028119999915361,15429200,DOGECOIN,0.13104408224711928,0.1231411727202426,0.0805153955720404,0.054834560766469705,0.0025552857467638144,0.002614466683007727,0.9773640503325023
2018-07-18,0.0037120000924915,0.004313999786973,0.0031890000682324,0.00322200008668,39281300,DOGECOIN,0.14993810657327655,0.13970812055572668,0.08626842056772707,0.059612322132676664,0.0027391428926161,0.002637300019462853,1.0386163395903623
2018-07-19,0.0038439999334514,0.0039499998092651,0.003480999963358,0.0036830001045018,25349600,DOGECOIN,0.0355603010966794,0.034942633954869885,0.07295339256302298,0.059823822466539334,0.0029588571550058147,0.0026643333490937466,1.1105431518215423
2018-07-20,0.0034099998883903,0.0038360001053661,0.0032939999364316,0.0038290000520646,18017900,DOGECOIN,-0.11290323948352032,-0.1198012152304073,0.102335737397262,0.06419449641408123,0.0031128571302230573,0.002677300013601733,1.1626852106258259
2018-07-21,0.0032699999865144,0.003531000111252,0.0032170000486075,0.0034499999601393,13342900,DOGECOIN,-0.04105569104343498,-0.041922277780182246,0.10796707891590963,0.06469073010169361,0.0032425714058002997,0.002686700015328777,1.206897453120943
2018-07-22,0.0034580000210553,0.0035820000339299,0.0032780000474303,0.0033390000462532,11356800,DOGECOIN,0.05749236554012804,0.05590041256483972,0.10660322433476581,0.061499726835492353,0.003396571414279057,0.0027130333473905435,1.2519460616088467
2018-07-23,0.0034310000482946,0.0036379999946802,0.0034189999569207,0.0034680000972002,8372820,DOGECOIN,-0.007807973567466986,-0.007838615397698059,0.09161130142757881,0.0614765842626789,0.0034789999813905426,0.0027393666794523095,1.2700015691532431
2018-07-24,0.00362000009045,0.0036679999902844,0.003389999968931,0.0034459999296814,10829100,DOGECOIN,0.05508599227485966,0.05362227287159998,0.08269851526930369,0.06094139612634272,0.0035350000086639285,0.0027763666817917933,1.2732468055633535
2018-07-25,0.0035429999697953,0.0036599999293684,0.003313000081107,0.0035920001100748,13195600,DOGECOIN,-0.021270751030596835,-0.02150023346570871,0.06264253241081555,0.06112167713933717,0.003510857133993043,0.00281163334536051,1.2486895347810287
2018-07-26,0.0033929999917745,0.0036450000479817,0.0033539999276399,0.0035300001036375,6916450,DOGECOIN,-0.042336996697594165,-0.04325933398032119,0.06093728608035365,0.06189676164336081,0.003446428570896343,0.0028421333447719134,1.2126202935678676
2018-07-27,0.0034179999493062,0.0034610000438988,0.0032840000931173,0.003387999953702,5090340,DOGECOIN,0.007368098317803273,0.007341086484139945,0.04124290375478681,0.06168831871142844,0.003447571436741472,0.0028748333454131606,1.199224797584223
2018-07-28,0.003400000045076,0.0034700001124292,0.0033889999613165,0.0034080001059919,3341480,DOGECOIN,-0.005266209624682383,-0.005280124982214538,0.03710329203123668,0.0611983196396691,0.003466142873678843,0.0029096000129356504,1.1912781338565046
2018-07-29,0.00330700003542,0.0034769999329,0.0032860001083463,0.0034139999188482,5890530,DOGECOIN,-0.027352943653835005,-0.027734000169493244,0.031189149525320967,0.06153452214569054,0.0034445714471595143,0.002938933344557833,1.1720481696320184
2018-07-30,0.0032730000093579,0.0033519999124109,0.0030310000292956,0.003313000081107,13732200,DOGECOIN,-0.010281229421813864,-0.010334446332105873,0.03122287189047753,0.061539028918818996,0.0034220000130257,0.002964733346986227,1.1542353434599113
2018-07-31,0.0029450000729411,0.0033249999396502,0.0028570001013576,0.0033249999396502,14253600,DOGECOIN,-0.1002138513531956,-0.10559815650683806,0.0373241377806495,0.06497817864766342,0.003325571439095857,0.0029799333463112034,1.115988531492663
2018-08-01,0.0031600000802427,0.0031600000802427,0.002828000113368,0.0030179999303072,14829700,DOGECOIN,0.07300509404975486,0.07046321112075428,0.05334708840125263,0.06452335218545581,0.0032708571691597715,0.00299516667922333,1.092045124516386
2018-08-02,0.0029460000805556,0.0031630001030862,0.0029269999358803,0.0030799999367445,6942240,DOGECOIN,-0.06772151716865282,-0.07012370760758213,0.05648044120153285,0.06577557866954241,0.0032070000389856426,0.003005433346455247,1.0670674306479406
2018-08-03,0.0029180001001805,0.0029690000228583,0.0028460000175982,0.0029589999467134,9546950,DOGECOIN,-0.009504405841638364,-0.009549860951999075,0.05546026164988211,0.06577738002524508,0.0031355714891105426,0.0030133666858697464,1.0405542424736551
2018-08-04,0.0027449999470263,0.0029649999924004,0.0027369998861104,0.0028959999326616,7980110,DOGECOIN,-0.05928723345263043,-0.06111742876925643,0.05655961748196051,0.0665422962042821,0.0030420000465320144,0.0030182333507885067,1.007874373178369
2018-08-05,0.0028369999490678,0.002915000077337,0.002733000088483,0.0027830000035464,11384200,DOGECOIN,0.03351548408631655,0.032966082210634136,0.06150399960508927,0.06678161794951422,0.002974857177053129,0.0030262333496162835,0.9830230631191514
2018-08-06,0.0027789999730885,0.00290900003165,0.0027399999089539,0.0028719999827444,5668670,DOGECOIN,-0.020444123024520366,-0.020655996797389147,0.06130393530803327,0.0668513612572196,0.0029042857433003574,0.00303070001925027,0.9582887533748111
2018-08-07,0.0026710000820457,0.0028270001057535,0.0026599999982863,0.0027749999426305,5725520,DOGECOIN,-0.03886286149286,-0.03963817623144218,0.05071353329347206,0.06722890314059751,0.002865142887458157,0.003032700018957213,0.9447498498197424
2018-08-08,0.0024149999953806,0.0026690000668168,0.0023960000835359,0.0026690000668168,4879040,DOGECOIN,-0.09584428259134725,-0.10075367965330428,0.0440686713121923,0.06973936787039361,0.002758714303906428,0.003026433351139183,0.9115397511952534
2018-08-09,0.0025549998972564,0.0025929999537765,0.0023809999693185,0.0024079999420791,7374010,DOGECOIN,0.057970973972501394,0.05635289825116658,0.05376095878736722,0.069088527140921,0.0027028571348636857,0.0030312333488836433,0.8916691075133185
2018-08-10,0.0023920000530779,0.0026090000756084,0.0023650000803172,0.002553999889642,4693290,DOGECOIN,-0.06379641907364908,-0.06592232516476491,0.05604838066091281,0.07018243678048076,0.002627714270991886,0.0030301333482687233,0.8671942680322102
2018-08-11,0.0024039999116212,0.0024600001052021,0.0023449999280273,0.002379999961704,5083850,DOGECOIN,0.005016663159291834,0.00500412163158994,0.05517964361384674,0.06955112449328367,0.002578999980219728,0.0030334000087653165,0.8502010855038724
2018-08-12,0.0024039999116212,0.0024399999529123,0.0023600000422447,0.0023960000835359,3433940,DOGECOIN,0.0,0.0,0.05127923080305389,0.069526631471977,0.0025171428320130717,0.0030358000037570367,0.8291530499037859
2018-08-13,0.0023310000542551,0.0024510000366717,0.002284999936819,0.0024069999344646,4981090,DOGECOIN,-0.030365998356826296,-0.030836596580651496,0.05132421472421597,0.06972782793722371,0.0024531428436083,0.0030347666703164165,0.8083464431064566
2018-08-14,0.0022599999792873,0.0023250000085681,0.0021430000197142,0.0023199999704957,7512400,DOGECOIN,-0.0304590619113001,-0.030932579209798014,0.05101816170923293,0.06992925451331328,0.0023944285432142428,0.0030307666709025265,0.7900405419534359
2018-08-15,0.0023030000738799,0.0024119999725371,0.0022479998879134,0.0022559999488294,5379460,DOGECOIN,0.01902659070207613,0.018847848799117026,0.039764441494861566,0.06095146801009208,0.0023784285544284287,0.003012400004081384,0.7895460600205777
2018-08-16,0.0022919999901205,0.002369999885559,0.0022269999608397,0.0022990000434219,5860370,DOGECOIN,-0.004776414853025934,-0.0047878583763343524,0.02878361209573059,0.05577712681579256,0.0023408571391233,0.0029812000071008566,0.7852063375646259
2018-08-17,0.0024550000671297,0.0024780000094324,0.002284999936819,0.0023159999400377,5233940,DOGECOIN,0.07111696235244325,0.06870199404849126,0.033995935370896194,0.05038954406988419,0.0023498571411307003,0.002939300006255463,0.7994614827100666
2018-08-18,0.0023940000683069,0.0024989999365061,0.0023680001031607,0.0024770000018179,6738940,DOGECOIN,-0.02484724935022875,-0.025161152922236158,0.03567550649910103,0.049573742341161936,0.0023484285920858,0.0028909666774173132,0.8123333314183346
2018-08-19,0.0024729999713599,0.0024729999713599,0.0023660000879317,0.0024129999801516,2665100,DOGECOIN,0.03299912314074027,0.03246634128984236,0.03781225417413438,0.04623965754349371,0.002358285743477043,0.002859733346849634,0.8246523215442445
2018-08-20,0.0023690001107752,0.0024850000627338,0.0023600000422447,0.0024639999028295,2424120,DOGECOIN,-0.04205412931222596,-0.042964005021195045,0.03989705644147072,0.04626429013693181,0.002363714322979914,0.0028297000176583263,0.835323288062163
2018-08-21,0.002424000063911,0.0024309998843818,0.0023620000574737,0.0023640000727027,2134170,DOGECOIN,0.023216526198389653,0.02295112263602381,0.03754297412993492,0.04500147213739943,0.002387142906497586,0.002795233352420183,0.8540048738438019
2018-08-22,0.0023149999324232,0.002517000073567,0.0023119999095797,0.0024230000562965,5962320,DOGECOIN,-0.044967049758214084,-0.04600943622563715,0.0426530656916248,0.04542201848985582,0.0023888571720037713,0.0027580333485578033,0.8661451368066028
2018-08-23,0.0023849999997764,0.0023970000911504,0.0023129999171942,0.0023149999324232,2596260,DOGECOIN,0.030237610970436757,0.029789465899197325,0.04389011195144377,0.044411726413851285,0.0024021428876689,0.002716866678868683,0.8841592803770424
2018-08-24,0.00242600007914,0.0024359999224543,0.0023539999965578,0.0023910000454634,3251910,DOGECOIN,0.01719080895909575,0.01704471889690507,0.03496292697845163,0.044740877173721466,0.0023980000322418,0.0026796333491801733,0.8948985625124652
2018-08-25,0.002369999885559,0.0024389999452978,0.0023550000041723,0.0024230000562965,4028740,DOGECOIN,-0.023083343674436985,-0.023353936283760292,0.03476691304355643,0.04441731962729037,0.0023945714347063858,0.0026455333456396565,0.9051374985135213
2018-08-26,0.0024039999116212,0.0024129999801516,0.0022879999596625,0.0023680001031607,2912230,DOGECOIN,0.014346003250620631,0.014244073050035612,0.03240721626152794,0.04453847412504459,0.002384714283315143,0.00261173334438349,0.9130772436793559
2018-08-27,0.0024619998876005,0.0024679999332875,0.0023870000150054,0.0024039999116212,3618660,DOGECOIN,0.024126446801816304,0.0238400021987914,0.028654221671742638,0.04499884851635961,0.002397999965718757,0.0025804666724676397,0.9292892604676061
2018-08-28,0.0026070000603795,0.0026189999189227,0.0024510000366717,0.0024749999865889,5215460,DOGECOIN,0.05889528001575961,0.05722617600336988,0.03447114167823631,0.04654082326645652,0.002424142822357114,0.00255713333996629,0.9479923414510214
2018-08-29,0.002606000052765,0.0026199999265372,0.0025160000659525,0.0026070000603795,4588400,DOGECOIN,-0.0003835855739697802,-0.00038365916173479744,0.025055538156653304,0.04655853750443408,0.0024657142681202286,0.0025349000080798602,0.9727067183166572
2018-08-30,0.0032059999648481,0.0032689999788999,0.00259599997662,0.002597999991849,33967500,DOGECOIN,0.23023787411151142,0.2072075442727918,0.07671956287529018,0.05757693614860401,0.0025829999774161856,0.00254360000447676,1.015489846229785
2018-08-31,0.0047940001823008,0.004848999902606,0.0032130000181496,0.003216000040993,77150500,DOGECOIN,0.4953213458715491,0.4023411308161081,0.1544505308984188,0.0923824748255869,0.0029212857064391568,0.002598066674545363,1.124407520045787
2018-09-01,0.0062779998406767,0.0067529999651014,0.0043370001949369,0.0047410000115633,193826000,DOGECOIN,0.3095535256453994,0.2696862590026683,0.15600221951823048,0.10205194998361913,0.0034795714143131145,0.0027091333332160666,1.2843854422559724
2018-09-02,0.0049990001134574,0.0065540000796318,0.0045480001717805,0.0063100000843405,139429000,DOGECOIN,-0.20372726340837854,-0.22781351791427495,0.20684870990756385,0.11191938443992992,0.003850285728861143,0.002778500000325297,1.38574256915975
2018-09-03,0.0052660000510513,0.005549999885261,0.0049850000068545,0.0050260000862181,57158800,DOGECOIN,0.05341066844050113,0.052033155641177456,0.20528299648939974,0.1110664535059903,0.004250857180782686,0.0028625333371261304,1.4849983144826455
2018-09-04,0.0052689998410642,0.0053229997865855,0.0050550000742077,0.0052789999172091,32495100,DOGECOIN,0.0005696524845837381,0.0005694902941989893,0.2087346705666969,0.11111078709418157,0.004631142863737643,0.002943600000192677,1.5732921808107438
2018-09-05,0.0049310000613331,0.0053940000943839,0.0048090000636875,0.0052590002305805,50536000,DOGECOIN,-0.06414875496804595,-0.06629874138257168,0.21542486794500987,0.11200459078522572,0.004963285722104514,0.0030153333364674965,1.6460156036742093
2018-09-06,0.0050099999643862,0.0050920001231133,0.004664999898523,0.00492599979043,32481300,DOGECOIN,0.016021071196608894,0.015894088307973495,0.21031520096531553,0.1114576560977099,0.005221000007752815,0.00309329999921218,1.6878414667450716
2018-09-07,0.0053070001304149,0.0054419999942183,0.0049959998577833,0.0049959998577833,37618700,DOGECOIN,0.05928147068661471,0.05759082043165587,0.14934627536308737,0.10922159757773366,0.005294285714626258,0.0031897000037133237,1.659806786990268
2018-09-08,0.0056920000351965,0.0058579999022185,0.0052979998290538,0.0052979998290538,48248300,DOGECOIN,0.07254567464114614,0.07003495799122286,0.10496412301341672,0.10938010590179659,0.005210571456700514,0.0032942666749779933,1.5817090632880602
2018-09-09,0.0058289999142289,0.0058430000208318,0.0057020001113414,0.0057100001722574,32572000,DOGECOIN,0.02406884718644764,0.023783757937755442,0.04613825337539565,0.10797789246664416,0.0053291428568107285,0.0034088333370163597,1.5633333548290023
2018-09-10,0.0068919998593628,0.0069329999387264,0.0058400002308189,0.0058400002308189,76891600,DOGECOIN,0.1823640351304623,0.16751585391095655,0.07205677664032986,0.11073790144878853,0.005561428543712371,0.003558433335274413,1.5628868155495443
2018-09-11,0.0063289999961853,0.0069309999234974,0.0059529999271035,0.0069309999234974,89882900,DOGECOIN,-0.0816888964982585,-0.08521905306938624,0.08559529671749361,0.11274436777065165,0.0057128571373011,0.00368926667142655,1.5485075073448342
2018-09-12,0.0064550000242888,0.0064570000395178,0.0061929998919367,0.0063249999657273,59824100,DOGECOIN,0.019908362802882662,0.019712782870959487,0.07570882513495664,0.11214489659081786,0.005930571417723344,0.00382673333709434,1.549773892064938
2018-09-13,0.0065540000796318,0.006608999799937,0.0064099999144673,0.0064679998904466,45785700,DOGECOIN,0.015336956618200448,0.015220534365335258,0.07574272543625922,0.11153903288936567,0.006151142862758428,0.00396986667377249,1.549458298787932
2018-09-14,0.006180000025779,0.0066579999402165,0.006095000077039,0.0065580001100897,41910000,DOGECOIN,-0.057064395683347535,-0.05875728678577101,0.08322043316260593,0.11283075722553336,0.006275857133524729,0.004099100005502459,1.5310329401820602
2018-09-15,0.0061650001443922,0.006266999989748,0.0061340001411736,0.0061869998462498,16956400,DOGECOIN,-0.0024271652628204965,-0.0024301156033699357,0.08068227236879132,0.11280441633651556,0.006343428577695542,0.00422820001064485,1.5002669130422936
2018-09-16,0.0065310001373291,0.0065310001373291,0.0061409999616444,0.0061909998767077,21598600,DOGECOIN,0.05936739405753633,0.05767193191020104,0.08254412356376724,0.11270190706618445,0.006443714323852714,0.004364066679651497,1.4765389250118635
2018-09-17,0.0062429998070001,0.0065469997934997,0.0061559998430311,0.0065399999730288,26385900,DOGECOIN,-0.04409743136933686,-0.04509928678279151,0.0505033620068966,0.11311239896545705,0.006351000030658043,0.004492366670941271,1.413731446219491
2018-09-18,0.0059810001403093,0.0062799998559057,0.0057890000753104,0.0062310001812875,39689500,DOGECOIN,-0.04196695095153258,-0.04287300364340792,0.04246520048430843,0.11393389184732072,0.0063012857655328994,0.00460930000990625,1.3670808478489695
2018-09-19,0.0056090001016855,0.0060310000553727,0.0053599998354911,0.0059839999303221,38645300,DOGECOIN,-0.062196962029257286,-0.06421533286640158,0.045078365193821315,0.11446440261492447,0.0061804286337324285,0.00471730000960326,1.310162300712399
2018-09-20,0.0056949998252093,0.0059000002220273,0.0056050000712275,0.0056050000712275,25354400,DOGECOIN,0.015332451767643418,0.015216097551998303,0.04507778633015623,0.11448657843556302,0.006057714311672071,0.00482633333497987,1.255137988038975
2018-09-21,0.0056839999742805,0.0059609999880194,0.0055530001409351,0.0056949998252093,22345300,DOGECOIN,-0.0019314927596851827,-0.0019333604972274056,0.04195820120218343,0.1137784204292836,0.0059868571614580006,0.004938633336375112,1.212249777152371
2018-09-22,0.0057580000720918,0.0058169998228549,0.0056039998307824,0.0056819999590516,14917600,DOGECOIN,0.013019017970820279,0.01293499900030909,0.04293000031906718,0.11382080125948818,0.005928714293986515,0.00505106667211896,1.1737549073964955
2018-09-23,0.0059009999968111,0.0059070000424981,0.0057359999045729,0.0057649998925626,12445100,DOGECOIN,0.024834998771952277,0.02453162282436307,0.03542614641164367,0.11380102914158768,0.005838714273912514,0.005166900002707997,1.1300226965593327
2018-09-24,0.0056770001538097,0.0060669998638331,0.0056590000167489,0.0059039997868239,17243600,DOGECOIN,-0.03795964126799689,-0.03869887625256052,0.034576907716219324,0.11408152245059135,0.0057578571805996,0.00527713334498302,1.0910956392780191
2018-09-25,0.0056859999895095,0.0057939998805522,0.0055869999341666,0.0056799999438226,17598700,DOGECOIN,0.0015853153876983495,0.001584060101766729,0.032307417679068626,0.11416182629641669,0.005715714301913914,0.005386533347579297,1.061111838188573
2018-09-26,0.0056949998252093,0.0057529998011887,0.0056619998067617,0.0056920000351965,11673600,DOGECOIN,0.0015828061407676675,0.0015815548233492902,0.02030566484860017,0.11426675420543278,0.0057279999767030285,0.005494300012166257,1.0425349842599203
2018-09-27,0.0058789998292922,0.0059099998325109,0.0056929998099803,0.0057020001113414,15096200,DOGECOIN,0.03230904472874818,0.03179808417605337,0.02288427004098537,0.11413636686125825,0.0057542856915720145,0.005603366671130013,1.0269336328139251
2018-09-28,0.0058309999294579,0.0059650000184774,0.0057830000296235,0.0058639999479055,14461600,DOGECOIN,-0.008164637051890966,-0.00819815024099207,0.02329849973077155,0.11421016116272403,0.005775285685168786,0.005710866667019776,1.0112800774217037
2018-09-29,0.0058650001883506,0.0058980002067983,0.0057649998925626,0.005832000169903,15626800,DOGECOIN,0.005830948259994306,0.005814014077529146,0.022978664884431368,0.10904520391203933,0.005790571416062901,0.005799500007803193,0.9984604549136513
2018-09-30,0.0059059998020529,0.0059099998325109,0.005828000139445,0.0058670002035796,13396600,DOGECOIN,0.00699055624648337,0.006966235585681279,0.02106802529765579,0.08173002923186788,0.005791285673954586,0.00583656666179493,0.9922418451695677
2018-10-01,0.0059420000761747,0.0060239997692406,0.0058809998445212,0.0059009999968111,20096400,DOGECOIN,0.006095542724076308,0.006077040054664155,0.012283124896445733,0.06495888509338156,0.005829142805721015,0.005825366669644864,1.0006482228999984
2018-10-02,0.005824000108987,0.0059639997780323,0.0057890000753104,0.0059270001947879,15357200,DOGECOIN,-0.01985862768006974,-0.020058460252311016,0.01591792371759059,0.049199276912668205,0.005848857108503515,0.005852866669495849,0.9993149406575018
2018-10-03,0.0057040001265704,0.005826000124216,0.0056549999862909,0.005812999792397,15933900,DOGECOIN,-0.020604392199689125,-0.020819624306055794,0.018407569920619482,0.048596674995252415,0.005850142865840814,0.0058674666720131535,0.9970474811122539
2018-10-04,0.0056449999101459,0.0057669999077916,0.0055760000832378,0.0057120001874864,14529600,DOGECOIN,-0.01034365622638489,-0.01039752361759773,0.012211383260379816,0.04865418363215731,0.005816714305962771,0.00588000000764921,0.9892371255775321
2018-10-05,0.0056690000928938,0.0057439999654889,0.0056250002235174,0.0056469999253749,12566200,DOGECOIN,0.004251582485371497,0.004242570044284318,0.012700116113916188,0.046897579519137186,0.005793571472167899,0.005904600008701234,0.98119626454464
2018-10-06,0.0055450000800192,0.0057700001634657,0.0054830000735819,0.0056859999895095,13055500,DOGECOIN,-0.021873348181813634,-0.02211611649523782,0.013458530625127463,0.04709633143362132,0.0057478571709777,0.005922433345889,0.9705228974788749
2018-10-07,0.0055619999766349,0.0055749998427927,0.0055120000615715,0.0055590001866221,7755690,DOGECOIN,0.0030658063787876166,0.003061116377723286,0.01279879986554356,0.04597085347622997,0.005698714338775128,0.0059309333407630005,0.9608461284850661
2018-10-08,0.0055780000984668,0.005652000196278,0.005549999885261,0.0055729998275637,12177400,DOGECOIN,0.0028766849872552402,0.0028725552470759753,0.012232237261578767,0.04411950529786046,0.005646714341959715,0.00592713334287201,0.9526889333020443
2018-10-09,0.005634999834001,0.005638999864459,0.0055740000680089,0.0055940002202987,8996090,DOGECOIN,0.010218668793115837,0.010166811175172473,0.013001244608633432,0.04392883818703366,0.005619714302676,0.0059206666735310805,0.9491691751200051
2018-10-10,0.00555199990049,0.0056480001658201,0.0055309999734163,0.0056280000135302,10274400,DOGECOIN,-0.014729358643488788,-0.014838912751944404,0.011917730063079408,0.030286698071557806,0.005597999984664514,0.00587600000823532,0.9526889000712758
2018-10-11,0.0049999998882412,0.0055470000952482,0.0049009998328983,0.0055470000952482,18770800,DOGECOIN,-0.09942363511211194,-0.10472031519889212,0.04023176774456722,0.032169559866496354,0.005505857124392414,0.005831700004637183,0.944125575735091
2018-10-12,0.0052470001392066,0.0052829999476671,0.0049569997936487,0.0049820002168416,9635600,DOGECOIN,0.04940005129725811,0.048218621152937506,0.047022736376266715,0.033409074968301936,0.005445571416722814,0.00579143334180111,0.9402804271989195
2018-10-13,0.0051819998770952,0.0052720000967383,0.0051629999652504,0.0052450001239776,8095130,DOGECOIN,-0.012388080881817753,-0.012465452812997718,0.046785117208271165,0.03315822141224229,0.005393714244876529,0.005745700001716556,0.9387392734157944
2018-10-14,0.0051580001600086,0.0052229999564588,0.0051449998281896,0.0051739998161792,7930760,DOGECOIN,-0.004631361955966029,-0.004642119941684871,0.04652556645190078,0.03173351587401808,0.005335999985358485,0.00571163333952421,0.934233636538543
2018-10-15,0.0052180001512169,0.0054569998756051,0.0051239999011158,0.0051529998891055,18579800,DOGECOIN,0.011632413599653502,0.011565277213799283,0.047063374379511864,0.031890679931753485,0.005284571421465643,0.005680066673085033,0.9303713716084633
2018-10-16,0.005016999784857,0.0052220001816749,0.0049660000950098,0.0052220001816749,11794600,DOGECOIN,-0.03852057503544226,-0.03928211307507787,0.04732439702447499,0.030125704691362012,0.005196285700159357,0.0056295999946692965,0.9230292925038639
2018-10-17,0.0045989998616278,0.0050249998457729,0.004492999985814,0.0050099999643862,24144600,DOGECOIN,-0.08331671141204056,-0.08699324414898404,0.05423201743892331,0.032725602058382715,0.0050601428374647565,0.005574799996490219,0.9076815025921144
2018-10-18,0.0043859998695552,0.0047289999201893,0.0043359999544918,0.0046049999073147,22842600,DOGECOIN,-0.046314415847190094,-0.04742123821581289,0.04386167739890252,0.03289235649782026,0.004972428549081043,0.005521633320798417,0.900535812537809
2018-10-19,0.0044700000435113,0.0045659998431801,0.0042730001732707,0.0043890001252293,17274700,DOGECOIN,0.019151887016498836,0.018970798105029427,0.0373292949731228,0.03167782210035553,0.004861428535410286,0.005483666652192609,0.8865288216355155
2018-10-20,0.0045509999617934,0.0045579997822642,0.0044430000707507,0.00450100004673,7574780,DOGECOIN,0.018120786911329123,0.017958562279746043,0.04039160604393765,0.03174970937966117,0.0047712856903671715,0.00544553332341208,0.8761833611143094
2018-10-21,0.0045170001685619,0.0046020001173019,0.0045090001076459,0.0045520002022385,7521080,DOGECOIN,-0.007470840148744329,-0.007498886649604783,0.0402418272686673,0.03173246936424324,0.004679714263017643,0.0054066333298881265,0.8655505149846134
2018-10-22,0.0043660001829266,0.0045349998399615,0.0043569998815655,0.0045079998672008,10602500,DOGECOIN,-0.033429262785122815,-0.03400079396395449,0.038110586324320433,0.03183890899177012,0.004557999981833314,0.00536023333358262,0.8503361137801222
2018-10-23,0.0041720001026988,0.0044010002166032,0.004135999828577,0.0043730000033974,12913100,DOGECOIN,-0.04443428128712501,-0.04545173827100668,0.038552127211002186,0.03184413118576578,0.004437285741525,0.005302600003778876,0.8368132120776198
2018-10-24,0.0039110002107918,0.0041629998013377,0.0038590000476688,0.0041620000265538,17832300,DOGECOIN,-0.06255989584903499,-0.06460241208419155,0.033245389665013905,0.032937847325456356,0.004339000077119857,0.005243733339011613,0.8274639072202921
2018-10-25,0.0037169998977333,0.0039209998212754,0.0036760000512003,0.0039119999855756,12336100,DOGECOIN,-0.04960375929492067,-0.05087628586865936,0.03368849563073774,0.03355545258119053,0.004243428652573871,0.005178100002619073,0.819495307241566
2018-10-26,0.0039840000681579,0.0039840000681579,0.003703000023961,0.003703000023961,16214900,DOGECOIN,0.07183217050595614,0.06936949302838004,0.047049640068515114,0.03678014876189643,0.0041740000846662425,0.005121066677384027,0.81506458470844
2018-10-27,0.0041950000450015,0.0042559998109936,0.0040110000409185,0.0040110000409185,23286000,DOGECOIN,0.05296184067114251,0.05160699381632466,0.05254777331487174,0.03775672398710315,0.004123142953695972,0.005064933351241004,0.8140567047512529
2018-10-28,0.0040629999712109,0.0041880002245306,0.0040350002236664,0.0041880002245306,11694700,DOGECOIN,-0.031466048241854616,-0.03197174072666884,0.05303845467365686,0.037939508975838386,0.004058285782645829,0.005006000019299437,0.8106843322013739
2018-10-29,0.0038469999562948,0.004064000211656,0.0038350000977516,0.0040480000898242,14051900,DOGECOIN,-0.05316269171710708,-0.05462799751060867,0.05480506479594121,0.03855838006370952,0.003984142893127001,0.004938733344897576,0.806713506256254
2018-10-30,0.0038499999791383,0.0039079999551177,0.0038189999759197,0.0038570000324398,11828900,DOGECOIN,0.0007798343846068256,0.0007795304717639777,0.053731778819156306,0.038458478430225124,0.0039381428754755,0.00487020001746709,0.8086203567309874
2018-10-31,0.0037640000227838,0.003872999921441,0.0036899999249726,0.0038350000977516,14273900,DOGECOIN,-0.022337651122208202,-0.022590915104854507,0.04894128628545563,0.03829144745663588,0.003917142848617215,0.004797600015687393,0.816479663958808
2018-11-01,0.0037769998889416,0.0039510000497102,0.0037529999390244,0.0037589999847114,10034100,DOGECOIN,0.0034537370029519288,0.0034477865502389434,0.044661749977006365,0.03842925153646872,0.003925714275932686,0.004729366675019214,0.830071877629733
2018-11-02,0.0037730000913143,0.0038099999073892,0.0037450001109391,0.0037779998965561,11323400,DOGECOIN,-0.0010589880182444444,-0.0010595491422398752,0.033592276804435245,0.03848535206274635,0.0038955714220978857,0.004665000007177344,0.8350635404296566
2018-11-03,0.0037330000195652,0.003785999957472,0.0037299999967217,0.0037760001141577,7815160,DOGECOIN,-0.010601662014581792,-0.010658260010620743,0.02120946609342344,0.038484592085931996,0.0038295714184641287,0.0046012666774913205,0.8322863434970625
2018-11-04,0.0036760000512003,0.003787999972701,0.0036760000512003,0.0037489999085664,8992540,DOGECOIN,-0.015269211911640657,-0.015386986751888303,0.020113081027773996,0.03833408929973283,0.0037742857156054716,0.004534833342768203,0.8322876344782123
2018-11-05,0.003622000105679,0.0037440001033246,0.003616000059992,0.0036639999598264,11645300,DOGECOIN,-0.014689865279971293,-0.014798829783509672,0.009784795397200254,0.03830683059080659,0.003742142879803214,0.004470733343623529,0.8370311070197284
2018-11-06,0.0036959999706596,0.0037320000119507,0.003616000059992,0.0036319999489933,15554100,DOGECOIN,0.020430663396330262,0.0202247572028226,0.014512644775840848,0.03869960992514936,0.003720142878591972,0.004408533343424353,0.843850457463554
2018-11-07,0.0036369999870657,0.0037189999129623,0.0036249998956918,0.0036979999858886,10603600,DOGECOIN,-0.01596319915104616,-0.016091983392475938,0.01342925739075679,0.03857554948599237,0.0037020000163465287,0.004343833339710983,0.8522426453388843
2018-11-08,0.0033839999232441,0.0036599999293684,0.0033770001027733,0.0036369999870657,13533900,DOGECOIN,-0.06956284430061777,-0.07210074338656883,0.02802516012101018,0.03968762005158082,0.0036458571641040287,0.00426880000935242,0.8540707355969828
2018-11-09,0.0031399999279528,0.0033730000723153,0.0030950000509619,0.0033690000418573,18644000,DOGECOIN,-0.0721040191565333,-0.0748356420867794,0.03468472012575473,0.041062886106283135,0.0035554285693381,0.0041884000102678474,0.848875121913375
2018-11-10,0.0032850001007318,0.0033470001071691,0.0030920000281184,0.0031349998898804,15996900,DOGECOIN,0.04617840003376572,0.045143905625550235,0.04401835756974584,0.039355075947352436,0.0034914285809333283,0.0041312333506842,0.8451298400646118
2018-11-11,0.0031620000954717,0.0032860001083463,0.0031419999431818,0.0032780000474303,8201330,DOGECOIN,-0.03744292282752115,-0.03816191362001051,0.044608035687794555,0.037773987299157846,0.003418000015829243,0.004061733349226371,0.8415126553002948
2018-11-12,0.0030640000477433,0.0031729999464005,0.0030390000902116,0.0031640001107007,10401200,DOGECOIN,-0.030993056536824826,-0.031483501520371576,0.04463496983879172,0.03785680898044938,0.0033382857218384287,0.003991133354914639,0.8364255024773098
2018-11-13,0.0029450000729411,0.003086999990046,0.0029430000577121,0.0030660000629723,7309800,DOGECOIN,-0.03883811127543757,-0.03961242558903621,0.04029471307782544,0.03798492285300667,0.003231000022164357,0.003917366685345723,0.8247887628827396
2018-11-14,0.0026950000319629,0.0029539999086409,0.0026120000984519,0.0029470000881701,15358000,DOGECOIN,-0.08488965527546855,-0.08871062565029088,0.04450929476787364,0.03960879605554753,0.0030964286000068142,0.00383326668137059,0.8077780278255209
2018-11-15,0.0027999999001622,0.0028160000219941,0.00251100002788,0.0027030000928789,22776600,DOGECOIN,0.03896098959331873,0.03822116530376591,0.0514112979460693,0.040949184892502544,0.0030130000252808287,0.0037593666852140965,0.8014647885057901
2018-11-16,0.0027459999546408,0.0028190000448375,0.0026670000515878,0.0028029999230057,24758900,DOGECOIN,-0.019285695516729096,-0.019474090697302448,0.04689744388351887,0.038913207129049776,0.002956714314807686,0.0036976000216478637,0.7996306516381952
2018-11-17,0.0025949999690055,0.0027709999121725,0.0025629999581724,0.0027459999546408,18533300,DOGECOIN,-0.054989070695396935,-0.05655878615357668,0.03869431443367577,0.03919275412497167,0.0028581428674182142,0.0036379000249628732,0.7856573429192527
2018-11-18,0.0026430001016706,0.0026449998840689,0.0025750000495463,0.0025969999842345,11556400,DOGECOIN,0.018497161170870857,0.01832816941610742,0.04322944981006199,0.03917230697563848,0.0027840000111609142,0.003577000026901517,0.7783058401518889
2018-11-19,0.0024180000182241,0.0027169999666512,0.0024149999953806,0.0026410000864416,16481100,DOGECOIN,-0.08513056178252909,-0.08897391436057915,0.049532322098139306,0.04066952646901752,0.002691714292658171,0.00350590002878254,0.7677669843862881
2018-11-20,0.0022539999336004,0.0024369999300688,0.0021840000990778,0.0024139999877661,20588800,DOGECOIN,-0.06782468295601995,-0.070234373570428,0.051443898122833266,0.041550463510028175,0.002592999987038072,0.003430466687617157,0.7558738280123631
2018-11-21,0.0024480000138282,0.0025049999821931,0.0021740000229328,0.0022660000249743,28366700,DOGECOIN,0.08606924842181174,0.08256498413983257,0.06287694876356673,0.04574169419677958,0.002557714270161686,0.00336653334864721,0.7597471954910128
2018-11-22,0.0024119999725371,0.0024810000322759,0.0023439999204128,0.0024540000595152,13264200,DOGECOIN,-0.014705899137150258,-0.014815102819860449,0.05862483491297319,0.04547861301820537,0.0025022857090723854,0.00330786667764182,0.7564651036226969
2018-11-23,0.0023610000498592,0.0024190000258386,0.0022899999748915,0.0024079999420791,11322000,DOGECOIN,-0.021144246790457122,-0.021370988257786702,0.05861932341891248,0.04463684307666714,0.0024472857226750144,0.0032562000056107336,0.7515772122283997
2018-11-24,0.0022239999379962,0.0023900000378489,0.0021939999423921,0.0023640000727027,11318100,DOGECOIN,-0.05802630621340721,-0.05977793071227782,0.05895116124767349,0.044899824481365806,0.0023942857182451143,0.0032064333402861632,0.7467130809060988
2018-11-25,0.0022199999075382,0.0022619999945163,0.0020729999523609,0.0022299999836832,11793900,DOGECOIN,-0.0017985748963663672,-0.0018001942742014744,0.05711628962554139,0.04195614061836387,0.002333857119083343,0.0031476333349321735,0.741464100402798
2018-11-26,0.0020989999175071,0.0022539999336004,0.0020399999339133,0.0022179998923093,11991200,DOGECOIN,-0.05450450228409198,-0.05604615269728062,0.052096641029962136,0.04023376048920303,0.0022882856761237717,0.0030777666640156936,0.7434890054784555
2018-11-27,0.0020870000589638,0.0021059999708086,0.0020059999078512,0.0020949998870491,11737900,DOGECOIN,-0.005716940931351666,-0.005733345189484903,0.04725345679614142,0.04031892707298116,0.002264428551175686,0.0030119000002741237,0.7518272688235308
2018-11-28,0.0022460001055151,0.0023020000662654,0.0020830000285059,0.0020890000741928,14675800,DOGECOIN,0.07618593294637654,0.07342324694740655,0.04426874411618275,0.04342658326558743,0.0022355714214166715,0.002958533338581467,0.7556350277562074
2018-11-29,0.0022410000674426,0.0022770001087337,0.0021860001143068,0.0022509999107569,12848617,DOGECOIN,-0.0022261967219957546,-0.0022286783817108383,0.04440510191822959,0.04338532667134098,0.0022111428635460287,0.00290490000819161,0.7611769277120604
2018-11-30,0.0021649999544024,0.0022549999412149,0.0021299999207258,0.0022400000598281,11289729,DOGECOIN,-0.03391348092502755,-0.03450188452045205,0.04521067596103283,0.04348281598327364,0.002183142849909343,0.00285160000591223,0.7655852312326508
2018-12-01,0.0022499999031424,0.0022789998911321,0.0021550001110881,0.0021750000305473,9596327,DOGECOIN,0.0392609471271157,0.03850983277530001,0.04325758518286521,0.04454939547251926,0.0021868571306445143,0.00280070000638559,0.7808251957219569
2018-12-02,0.0022460001055151,0.0022710000630468,0.0022160001099109,0.0022519999183714,9346514,DOGECOIN,-0.001777687910881287,-0.0017792698731369867,0.04325730691364547,0.04454055959191,0.002190571444641214,0.0027498000068589498,0.7966293691094528
2018-12-03,0.0023709998931735,0.0023860000073909,0.0021440000273287,0.0022470001131296,12481724,DOGECOIN,0.05565439972663433,0.05416085873243692,0.03855229411526035,0.04640647293565728,0.0022294285840221287,0.0027044000026458935,0.8243708703745494
2018-12-04,0.002195999957621,0.0023789999540895,0.0021710000000894,0.002369999885559,17851389,DOGECOIN,-0.073808495755885,-0.07667425767879117,0.0524635980462808,0.047747787332985035,0.0022449999981160144,0.00265506666619325,0.8455531556707854
2018-12-05,0.0021800000686198,0.0022579999640583,0.0021430000197142,0.0021939999423921,20634689,DOGECOIN,-0.007285924093793361,-0.007312596071044827,0.04362768664563642,0.047780174173723516,0.0022355714214166854,0.002606999998291277,0.8575264376225396
2018-12-06,0.0020969999022781,0.0022269999608397,0.0020969999022781,0.0021780000533908,24766152,DOGECOIN,-0.038073469600507504,-0.038817202958998605,0.04549545006018135,0.047411828479223594,0.0022149999692503285,0.002553699996011893,0.8673689050043029
2018-12-07,0.0021039999555796,0.0021389999892562,0.0020310000982135,0.0021039999555796,27761895,DOGECOIN,0.003338127624085807,0.003332568444134549,0.044259048319635494,0.047583703277675284,0.0022062856837042144,0.0025025999949623567,0.8815974139476496
2018-12-08,0.0021200000774115,0.0021569998934865,0.0020679999142885,0.0020959998946636,18741868,DOGECOIN,0.007604620803089546,0.007575851435673169,0.040698620392467605,0.04668919750114916,0.0021877142800283715,0.0024604666667679366,0.8891460752452086
2018-12-09,0.0021019999403506,0.0021440000273287,0.0020890000741928,0.00211300002411,16961970,DOGECOIN,-0.008490630379069497,-0.008526881121469865,0.040592625181642646,0.04533765218237928,0.0021671428278620146,0.002425866667181197,0.8933478732284105
2018-12-10,0.0020999999251216,0.002119000069797,0.0020739999599754,0.0020979999098926,15898038,DOGECOIN,-0.0009514820579236138,-0.0009519350043132571,0.030212491025804294,0.0440487051878748,0.0021284285467117426,0.002386366661327523,0.8919117842216707
2018-12-11,0.0020880000665783,0.0021009999327361,0.002064999891445,0.0020969999022781,16096640,DOGECOIN,-0.005714218557700601,-0.005730607166444808,0.015121060886303528,0.043856031811444596,0.0021129999908485,0.00235056666036441,0.898932170900833
2018-12-12,0.002111000008881,0.0021369999740272,0.0020769999828189,0.0020890000741928,18564007,DOGECOIN,0.011015297686455927,0.010955071166643553,0.016603017143559898,0.04395141947337245,0.002103142839457243,0.0023187999924023333,0.9069962249216397
2018-12-13,0.002064999891445,0.002119000069797,0.0020449999719858,0.0021180000621825,17660417,DOGECOIN,-0.021790676097810158,-0.022031599229207128,0.011154797294377279,0.043692773585811,0.0020985714093382283,0.00228946665301913,0.9166202122100502
2018-12-14,0.0020699999295175,0.0020850000437349,0.0020560000557452,0.002066999906674,16163454,DOGECOIN,0.0024213260703860318,0.0024183993837728355,0.011084401934642898,0.04126397068282585,0.0020937142627579287,0.00226863331627095,0.9228967271799821
2018-12-15,0.00211300002411,0.002121000085026,0.0020630001090466,0.0020699999295175,13579048,DOGECOIN,0.020772993264073447,0.02056017681647623,0.013777188512185267,0.04069209574527249,0.002092714255143429,0.0022457333204025437,0.9318623169238606
2018-12-16,0.0021250001154839,0.0021450000349432,0.0021009999327361,0.0021059999708086,16084725,DOGECOIN,0.005679172379070119,0.005663106677506718,0.013434238224388651,0.040735936940530994,0.0020959999944481856,0.00222503332576398,0.9420083601347904
2018-12-17,0.0025329999625682,0.0027159999590367,0.002119000069797,0.0021250001154839,38633067,DOGECOIN,0.19199991760536506,0.17563249952013973,0.06698893409254915,0.05184272552452862,0.002157857142654843,0.002222966658882737,0.9707105295674484
2018-12-18,0.0026839999482035,0.0026899999938905,0.0024709999561309,0.0025359999854117,39838880,DOGECOIN,0.0596131021976809,0.057903843569303184,0.06615417858008335,0.05284032703248911,0.0022429999828870143,0.0022243333204338333,1.0083920257282035
2018-12-19,0.0027199999894946,0.0027709999121725,0.0025619999505579,0.0026740001048892,29874095,DOGECOIN,0.013412832334514846,0.013323676634440267,0.06601139526470375,0.05009585971072225,0.0023299999801175285,0.0022343999861428503,1.0427855328354654
2018-12-20,0.0027310000732541,0.0027789999730885,0.0026100000832229,0.0027069998905062,23713034,DOGECOIN,0.004044148456612495,0.004035992869119605,0.06283713567490981,0.04810014024285798,0.0024251428632331143,0.0022502999907979735,1.0776975839444145
2018-12-21,0.0025450000539422,0.0027449999470263,0.0025100000202655,0.0027220000047236,22399777,DOGECOIN,-0.06810692578644761,-0.07053719811689661,0.07497458770402748,0.047861716453326465,0.002493000023865214,0.00225353332546844,1.1062627721944145
2018-12-22,0.0025019999593496,0.0025609999429434,0.0024160000029951,0.0025390000082552,18456616,DOGECOIN,-0.016895911073162018,-0.017040275400292283,0.07704124545665199,0.04788926033167911,0.0025485714431851573,0.0022565333250288565,1.1294189254451035
2018-12-23,0.0025420000310987,0.0025889999233186,0.0024999999441206,0.0025019999593496,20041491,DOGECOIN,0.01598723916826028,0.015860789203654708,0.07672940533067846,0.04776586748602832,0.0026081428597015573,0.0022625666577368395,1.152736362830691
2018-12-24,0.0025400000158697,0.0026380000635981,0.0025400000158697,0.0025500000920146,24536966,DOGECOIN,-0.0007867880426956075,-0.0007870977228534233,0.0388664983029524,0.046307254201957596,0.002609142867316057,0.0022730999936659566,1.147834619940386
2018-12-25,0.0024039999116212,0.0025549998972564,0.0023179999552667,0.0025549998972564,19340547,DOGECOIN,-0.053543347794796414,-0.055030107368625965,0.03417143672747466,0.04755707280268632,0.0025691428620900143,0.00227923332713539,1.1271960757606996
2018-12-26,0.0024739999789744,0.0024959999136626,0.0023940000683069,0.0024019998963922,17477619,DOGECOIN,0.029118165526883732,0.028702285561937883,0.03674853882088353,0.04645425513959883,0.0025340000034442716,0.0022917333291843,1.1057132918454355
2018-12-27,0.0023640000727027,0.0024860000703483,0.0023640000727027,0.0024770000018179,19224932,DOGECOIN,-0.04446237154670496,-0.04548113517371592,0.03755784952985003,0.04734339211947685,0.0024815714319369286,0.002300966662975597,1.0784908238208781
2018-12-28,0.0024339999072253,0.0024470000062137,0.0023040000814944,0.0023620000574737,19439895,DOGECOIN,0.029610758193662434,0.029180826151233963,0.034231186946682216,0.04577433238355069,0.002465714268120228,0.002307233323032604,1.0686887379380074
2018-12-29,0.0024029999040067,0.0024459999985992,0.0023880000226199,0.0024389999452978,16985015,DOGECOIN,-0.012736238455300253,-0.012818039642131667,0.03404855927174624,0.04585424486349041,0.0024515714030712427,0.00231263331758474,1.060077870724273
2018-12-30,0.0023670000955462,0.0024019998963922,0.0023409998975694,0.002379999961704,16846019,DOGECOIN,-0.014981194298208211,-0.015094545909262319,0.03275705270683196,0.04545188763601355,0.0024265714122780288,0.0023193666556228665,1.0462215650101137
2018-12-31,0.0023459999356418,0.0023950000759214,0.0023250000085681,0.002369999885559,18724788,DOGECOIN,-0.008872057058178617,-0.008911648099674065,0.03251138759180199,0.04499571177939216,0.0023988571151026144,0.00232256665670618,1.0328474785324904
2019-01-01,0.0023920000530779,0.0023920000530779,0.0023219999857246,0.0023459999356418,17364744,DOGECOIN,0.019607893733175175,0.019418135480022157,0.027655400505871525,0.04511047159022656,0.0023971428495964285,0.00232743332162494,1.0299512460029658
2019-01-02,0.0024069999344646,0.0024580000899732,0.002371999900788,0.0023880000226199,18015392,DOGECOIN,0.006270853283384614,0.00625127329578726,0.024833036197595023,0.04403917012772023,0.0023875714146664568,0.00232863332300131,1.025310164156366
2019-01-03,0.0023600000422447,0.0024139999877661,0.0023560000117868,0.0024039999116212,17619234,DOGECOIN,-0.01952633714148988,-0.019719494636114734,0.01883116526937417,0.04176641821006028,0.0023869999817438857,0.0023340999924887666,1.0226639773040374
2019-01-04,0.0023149999324232,0.0023970000911504,0.0022740000858902,0.0023640000727027,19530100,DOGECOIN,-0.01906784280338325,-0.019251978590460413,0.014652958094596682,0.04191877130640573,0.0023699999853435856,0.0023385999879488796,1.0134268355240377
2019-01-05,0.0023189999628812,0.0023499999660998,0.0022799998987466,0.0023199999704957,17148586,DOGECOIN,0.0017278749782998482,0.0017263839196577247,0.014747969507157734,0.04120484037365527,0.0023579999937542286,0.0023459999899689836,1.0051150911494264
2019-01-06,0.0023280000314116,0.0023709998931735,0.002290999982506,0.0023129999171942,18175111,DOGECOIN,0.003881012796230543,0.0038735010951342526,0.014338817431995199,0.04120494890102956,0.0023524285560207144,0.002353466659163383,0.9995589046742487
2019-01-07,0.002284999936819,0.0023350000847131,0.0022750000935047,0.0023280000314116,15899004,DOGECOIN,-0.018470830761340817,-0.018643546666307114,0.0155029515540567,0.0413903618246439,0.0023437142704746004,0.002358966654476967,0.9935342943600242
2019-01-08,0.0022760001011192,0.0023209999781101,0.0022609999869018,0.0022980000358074,20994417,DOGECOIN,-0.0039386590584895576,-0.003946436003285006,0.011738114037220589,0.041356723964538405,0.0023271428487662144,0.0023647666598359198,0.9840898420513439
2019-01-09,0.0022660000249743,0.0023070001043379,0.0022549999412149,0.0022780001163482,17010797,DOGECOIN,-0.004393706371094819,-0.004403387065424846,0.010323649254742204,0.041371890390625124,0.0023070000045533148,0.0023702999964976767,0.9732945230401666
2019-01-10,0.0021319999359548,0.002295000012964,0.0020850000437349,0.0022630000021308,21174109,DOGECOIN,-0.05913507835068088,-0.06095569736349445,0.02240565783638515,0.04295087828861021,0.0022744285607976147,0.0023717666588102264,0.9589596650871884
2019-01-11,0.0021289999131113,0.0021490000654011,0.0021049999631941,0.0021289999131113,17187243,DOGECOIN,-0.0014071402127676658,-0.0014081311642710882,0.022788616902244593,0.04290833159160966,0.002247857129467343,0.002372366655617903,0.9475167441526315
2019-01-12,0.0021480000577867,0.0021579999011009,0.002115000039339,0.0021299999207258,14167258,DOGECOIN,0.008924445960936334,0.008884858449814258,0.023649782099354987,0.042724785352247066,0.0022234285715967,0.0023751333278292934,0.9361278988193724
2019-01-13,0.0020940001122653,0.0021710000000894,0.0020830000285059,0.0021369999740272,18059306,DOGECOIN,-0.025139638765672045,-0.025461037487988662,0.023181189378316626,0.04300222980558278,0.0021900000117186574,0.002375933333920887,0.9217430390206308
2019-01-14,0.0021830000914633,0.00219799997285,0.0020969999022781,0.0021019999403506,18534843,DOGECOIN,0.04250237556182346,0.04162395340460061,0.03139637014886324,0.04351195509129581,0.0021754286052392715,0.0023782666694993296,0.9147118080317043
2019-01-15,0.002111000008881,0.0021879998967051,0.0020979999098926,0.0021780000533908,15986348,DOGECOIN,-0.0329821711248931,-0.033538346392595876,0.032945520851423854,0.04395613678867166,0.0021518571634909574,0.0023777999992792335,0.9049782000770609
2019-01-16,0.0021379999816417,0.0021410000044852,0.0020840000361204,0.0021079999860376,13656181,DOGECOIN,0.012790133892520483,0.01270903094298918,0.03410937121420973,0.029000751311602627,0.0021335714430148717,0.00236463333324835,0.9022842624331683
2019-01-17,0.0020940001122653,0.0021470000501722,0.0020800000056624,0.0021329999435693,13882217,DOGECOIN,-0.02057992037147449,-0.02079463795499381,0.02624974134766405,0.026505632679462845,0.0021281428967735144,0.00234496667205041,0.9075365215799388
2019-01-18,0.0021059999708086,0.002117000054568,0.0020840000361204,0.0020930001046508,12471672,DOGECOIN,0.005730591165211907,0.005714233789530261,0.026439596781316663,0.026327632770472266,0.0021248571907302714,0.0023245000047608768,0.9141136529913052
2019-01-19,0.0021530000958591,0.0021599999163299,0.0020890000741928,0.0021039999555796,16088820,DOGECOIN,0.022317248671401613,0.022071863055007072,0.027744736365297836,0.026825643651442587,0.002125571481883471,0.0023052333388477097,0.9220634831465504
2019-01-20,0.002119000069797,0.0021530000958591,0.0020820000208914,0.0021530000958591,16178008,DOGECOIN,-0.01579192965550391,-0.015917950680915335,0.0264713352183669,0.02414981964331484,0.002129142904388,0.002291033339376204,0.9293373727017509
2019-01-21,0.0021009999327361,0.0021220000926405,0.0020659998990595,0.0021059999708086,17205921,DOGECOIN,-0.008494637313827269,-0.008530922377132263,0.019812975493322053,0.02406679764410557,0.0021174285959984,0.00227766667182242,0.9296481448289318
2019-01-22,0.0020570000633597,0.0021120000164955,0.0020330001134425,0.0020989999175071,18971837,DOGECOIN,-0.02094234687532781,-0.021164748374866676,0.01728165312062017,0.02386501549429366,0.0021097143180667855,0.0022615000062311203,0.9328827381180106
2019-01-23,0.0020429999567568,0.0020679999142885,0.0020210000220686,0.0020550000481307,15672115,DOGECOIN,-0.006806079811214949,-0.006829346803848037,0.01569427156004661,0.023835757091492816,0.0020961428859403715,0.002244933337594023,0.9337216615023788
2019-01-24,0.0020389999262988,0.0020729999523609,0.0020129999611526,0.0020449999719858,15825805,DOGECOIN,-0.001957919991515733,-0.0019598392224051708,0.014394431086118582,0.022072129102522774,0.0020882857165165857,0.0022327666714166096,0.9352906164582097
2019-01-25,0.0021180000621825,0.0021830000914633,0.0020270000677555,0.0020570000633597,15953121,DOGECOIN,0.03874455063228055,0.03801282109171977,0.021416952232154833,0.02262792393982541,0.002090000015284286,0.002220900007523547,0.9410599343528196
2019-01-26,0.0020830000285059,0.0021520000882446,0.002030000090599,0.0020940001122653,15588079,DOGECOIN,-0.0165250390222057,-0.016663100574422947,0.019963076060180433,0.021438439207265507,0.0020800000056624,0.0022115333393836535,0.9405239200427739
2019-01-27,0.0020270000677555,0.0020959998946636,0.0020089999306946,0.0020820000208914,16233338,DOGECOIN,-0.02688428227750328,-0.02725227506750167,0.0214284116649231,0.020875254229076358,0.0020668571482279,0.0021979666780679937,0.9403496280683661
2019-01-28,0.0019440000178292,0.00202800007537,0.0019270000047981,0.002026000060141,16265136,DOGECOIN,-0.0409472358914158,-0.041809185686708446,0.025331296085666335,0.02184549908857496,0.0020444285889554856,0.0021826666818620766,0.9366655046071178
2019-01-29,0.0019270000047981,0.0019700000993907,0.0019170000450685,0.0019470000406727,14809844,DOGECOIN,-0.008744862590116309,-0.0087833232874846,0.024940241299355684,0.021795846560942377,0.0020258571520181145,0.0021680000121704736,0.9344359504822816
2019-01-30,0.0019610000308603,0.0019700000993907,0.001914000022225,0.0019249999895691,11813018,DOGECOIN,0.017644019708117353,0.01749017102906911,0.026958276158167725,0.022238477873112134,0.002014142876890043,0.0021551666820110896,0.9345647803958018
2019-01-31,0.0019249999895691,0.0019869999960064,0.001912000006996,0.0019630000460892,13824059,DOGECOIN,-0.018358001389427114,-0.01852860063013285,0.027284971599530927,0.021819567301076235,0.001997857171642943,0.0021396000132274636,0.9337526450232585
2019-02-01,0.001916000037454,0.0019280000124126,0.001892999978736,0.0019259999971836,17411751,DOGECOIN,-0.004675299825385837,-0.004686263224412948,0.0186254850228293,0.021677279236411884,0.001969000025253157,0.002123233349993777,0.9273592209066083
2019-02-02,0.0019359999569132,0.0019559999927878,0.0018960000015795,0.001914000022225,13184663,DOGECOIN,0.010438371121211487,0.010384267502121182,0.020743259619229466,0.021793589934854064,0.0019480000150256284,0.0021091000138160603,0.923616709622533
2019-02-03,0.0019039999460801,0.0019570000004023,0.0018899999558925,0.0019320000428706,15354409,DOGECOIN,-0.01652893158330515,-0.016667058548908556,0.019672875089554696,0.021746908758038048,0.001930428569072,0.0020954000142712897,0.9212697126678882
2019-02-04,0.0018960000015795,0.0019320000428706,0.0018769999733194,0.0019039999460801,13169126,DOGECOIN,-0.004201651642412041,-0.00421050338399822,0.01330651513567151,0.021696279273328952,0.0019235714238934713,0.002081300015561233,0.9242163116857377
2019-02-05,0.0018880000570788,0.0019130000146105,0.0018799999961629,0.001899000024423,13983316,DOGECOIN,-0.00421938000740274,-0.004228306710175995,0.01311923138711941,0.02161021422734829,0.0019180000027907145,0.00206663334975014,0.9280794791309278
2019-02-06,0.0018660000059753,0.0019020000472664,0.0018370000179857,0.0018860000418499,15246340,DOGECOIN,-0.01165256908812784,-0.011720992328374464,0.009760604331855636,0.021518174281178158,0.001904428570664286,0.002052666685388683,0.9277826664311417
2019-02-07,0.0018449999624863,0.0018899999558925,0.0018390000332146,0.0018690000288188,14228248,DOGECOIN,-0.0112540425625689,-0.011317848467487632,0.008672544977096793,0.02152711446912846,0.001892999995366743,0.00203830001410092,0.9287150970274277
2019-02-08,0.0019559999927878,0.0019570000004023,0.0018350000027567,0.0018469999777153,17956052,DOGECOIN,0.06016261927285749,0.058422310765545,0.025945086152222283,0.024621689650229255,0.0018987142747001428,0.0020279666796947033,0.9362650253139176
2019-02-09,0.0019490000559017,0.0019960000645369,0.0019229999743402,0.0019519999623298,14455529,DOGECOIN,-0.0035786998527148617,-0.0035851187177361023,0.025815028274160573,0.022229844569678116,0.0019005714316985,0.0020218666836929336,0.9400082839423972
2019-02-10,0.0019460000330582,0.0019529999699443,0.001912000006996,0.0019509999547153,15828371,DOGECOIN,-0.0015392625743727573,-0.0015404484560876423,0.024703118303246886,0.022229532714828647,0.0019065714441239428,0.0020157666876911636,0.9458294234972741
2019-02-11,0.0019059999613091,0.0019460000330582,0.001899000024423,0.0019460000330582,15220889,DOGECOIN,-0.02055502110461871,-0.020769215819100607,0.02626516585876242,0.02234204256210305,0.0019080000097996001,0.0020077000178085765,0.9503411828835864
2019-02-12,0.0018939999863505,0.0019109999993816,0.0018729999428614,0.0019039999460801,16971098,DOGECOIN,-0.006295894649629541,-0.006315797375301306,0.026342865114625295,0.021977895274172533,0.0019088571425527,0.00200103334694475,0.9539356980068383
2019-02-13,0.001892999978736,0.0019099999917671,0.0018850000342354,0.0018939999863505,15440451,DOGECOIN,-0.0005279871286729687,-0.0005281265629588231,0.025815152379342114,0.020286067151789273,0.0019127142815185143,0.0019913666765205068,0.9605033086425746
2019-02-14,0.001897000009194,0.0019089999841526,0.0018850000342354,0.001890999963507,16879422,DOGECOIN,0.0021130641853841503,0.002110834805254852,0.025146288893548373,0.019573239712038594,0.0019201428596196143,0.001984233343197607,0.9677001277104283
2019-02-15,0.0019079999765381,0.0019150000298395,0.001888999948278,0.0018960000015795,14754160,DOGECOIN,0.005798612172265516,0.005781864930024446,0.008528882594206155,0.01941487924642458,0.0019132857144410855,0.00197656667636082,0.9679844031185201
2019-02-16,0.0019239999819546,0.0019290000200271,0.001894999993965,0.0019069999689236,14351257,DOGECOIN,0.008385747176753444,0.008350782134907262,0.009641166495983126,0.019263453126638734,0.0019097142753057856,0.0019709000053504634,0.9689554366641763
2019-02-17,0.0019920000340789,0.0019930000416934,0.0019150000298395,0.0019229999743402,19208659,DOGECOIN,0.03534306276615373,0.03473283340587924,0.016869808096614113,0.020401813720006066,0.0019162857040230287,0.001967100007459473,0.9741679105059475
2019-02-18,0.0021140000317245,0.0021240001078695,0.0019930000416934,0.0019930000416934,26457493,DOGECOIN,0.061244977689979274,0.05944272618461703,0.02364689270499438,0.02290095080346245,0.001945999999796657,0.0019658000053216535,0.9899277619944066
2019-02-19,0.002066999906674,0.0021389999892562,0.0020560000557452,0.0021160000469535,26883836,DOGECOIN,-0.022232792973120086,-0.022483666905734275,0.026651423748625332,0.02308294524582053,0.001970714274128586,0.0019640666665508865,1.0033846140209555
2019-02-20,0.0020789999980479,0.0020810000132769,0.0020439999643713,0.002064999891445,20976083,DOGECOIN,0.005805559707648733,0.005788772387744373,0.026241080274493435,0.02306622087505314,0.0019972857054588572,0.0019633333353946134,1.0172932275188105
2019-02-21,0.00202800007537,0.0020779999904334,0.0020220000296831,0.0020659998990595,18308575,DOGECOIN,-0.024530987362090917,-0.02483688504328455,0.02989385647071972,0.02318989350518307,0.002016000000626857,0.00196236666912829,1.0273309429589892
2019-02-22,0.0020560000557452,0.002070999937132,0.0020240000449121,0.002030000090599,19850028,DOGECOIN,0.013806695924353685,0.013712251812712085,0.02987798435856892,0.02329875556111003,0.0020371428690850145,0.0019628000057612368,1.0378759237342396
2019-02-23,0.0020830000285059,0.002111000008881,0.0020339998882263,0.0020550000481307,20487004,DOGECOIN,0.013132282115096539,0.013046801257514104,0.02986988778645509,0.0234113543285492,0.0020598571614494857,0.0019642666758348066,1.0486647188951843
2019-02-24,0.001973999897018,0.0021250001154839,0.0019549999851733,0.0020880000665783,25171947,DOGECOIN,-0.0523284349477825,-0.05374728712176761,0.03634230418985577,0.024345494332624784,0.002057285713297929,0.0019594666703293237,1.0499212589067233
2019-02-25,0.002030000090599,0.0020449999719858,0.0019300000276416,0.0019729998894035,20965852,DOGECOIN,0.028368893871573375,0.02797394884165555,0.028724550517498167,0.02480015611189224,0.002045285721708572,0.001957700005732427,1.0447390896049862
2019-02-26,0.0020230000372976,0.0020500000100582,0.0019920000340789,0.0020290000829845,19292966,DOGECOIN,-0.003448301965018441,-0.0034542610613589935,0.02776608283537428,0.024302435011517267,0.0020390000260833716,0.00195756667138383,1.0415992752073038
2019-02-27,0.0020190000068396,0.0020330001134425,0.0019539999775588,0.0020240000449121,19512740,DOGECOIN,-0.0019772765122354485,-0.0019792339040672273,0.027506861617955125,0.02299618839404795,0.0020304285987679,0.00196006667101751,1.0358977216391643
2019-02-28,0.001975999912247,0.0020240000449121,0.0019680000841617,0.0020179999992251,18191276,DOGECOIN,-0.02129771889397325,-0.021527787802055873,0.027118451512853536,0.023303812797850605,0.002023000004036043,0.0019617000012658067,1.0312484083859315
2019-03-01,0.0019940000493079,0.0020200000144541,0.001975999912247,0.001975999912247,18777567,DOGECOIN,0.009109381508236591,0.00906814135151853,0.026674332281439325,0.02314647687345313,0.002014142860259286,0.0019628000018807267,1.0261579673575318
2019-03-02,0.0020029998850077,0.0020129999611526,0.001979999942705,0.0019920000340789,17330550,DOGECOIN,0.004513458112964441,0.0045033030058640395,0.02592942592762762,0.022871972611579184,0.0020027142683309716,0.001965399998395347,1.01898558561417
2019-03-03,0.0019990000873804,0.0020240000449121,0.0019910000264644,0.0020020001102238,15753983,DOGECOIN,-0.001996903573104558,-0.0019989000433264692,0.01497618379319145,0.02285287612364355,0.0020062857240970284,0.0019681666667262267,1.0193677994934278
2019-03-04,0.001981999957934,0.0020109999459236,0.0019680000841617,0.0020039998926222,16744533,DOGECOIN,-0.0085043165098998,-0.008540684546538349,0.009805969985304488,0.02285791204963068,0.001999428562287743,0.0019697000000935866,1.0150929391241021
2019-03-05,0.0019849999807775,0.0020029998850077,0.0019610000308603,0.0019809999503195,19420739,DOGECOIN,0.0015136341610355597,0.001512489771494691,0.009981077667515457,0.02261907982127855,0.0019939999827848715,0.0019724000012501667,1.0109511161635643
2019-03-06,0.0019829999655485,0.0019920000340789,0.0019670000765472,0.0019849999807775,17375079,DOGECOIN,-0.0010075643568603354,-0.0010080722910398555,0.009999643640063807,0.02259929184187125,0.0019888571197432857,0.001975300000049133,1.0068633218720273
2019-03-07,0.0019910000264644,0.0020149999763816,0.0019660000689327,0.001981999957934,17976088,DOGECOIN,0.004034322266711188,0.00402620620983846,0.005639057630896223,0.02257744018491293,0.0019909999932029143,0.0019787333323619868,1.006199249105631
2019-03-08,0.001979999942705,0.0019980000797659,0.0019680000841617,0.0019920000340789,17551404,DOGECOIN,-0.005524903874026377,-0.005540222604498341,0.004836231455725063,0.022478061820322606,0.0019889999779739284,0.0019825333302529767,1.0032618103424906
2019-03-09,0.0019980000797659,0.0020149999763816,0.0019720001146197,0.001981999957934,17348833,DOGECOIN,0.0090909785766502,0.009049904379658977,0.005890041862981196,0.022370002548741257,0.0019882857200822428,0.0019876333341622967,1.0003282224687688
2019-03-10,0.0019990000873804,0.0020039998926222,0.0019789999350905,0.0020000000949949,14597178,DOGECOIN,0.0005005042915802171,0.000500379081084457,0.005849539569253322,0.019735298857202547,0.0019882857200822428,0.0019890666706487165,0.9996073783860553
2019-03-11,0.0019660000689327,0.0020059999078512,0.0019470000406727,0.0020010001026093,20212258,DOGECOIN,-0.016508262633917692,-0.016646042442932933,0.008165627701684029,0.01997624835516138,0.0019860000216534858,0.0019896333377497502,0.9981738765493476
2019-03-12,0.0020119999535381,0.002030000090599,0.0019499999471008,0.0019690000917762,20817165,DOGECOIN,0.023397702437707668,0.023128172357711738,0.012355830563633909,0.020401518407018752,0.001989857160619286,0.00199183333509908,0.9990078615288884
2019-03-13,0.0020250000525265,0.0020530000329017,0.0020049999002367,0.0020149999763816,17366462,DOGECOIN,0.0064612819525862175,0.006440497352417608,0.012381337002667555,0.019996012756191384,0.0019958571730447146,0.0019958000048063266,1.0000286442720965
2019-03-14,0.0020389999262988,0.0020439999643713,0.0020089999306946,0.0020220000296831,12675418,DOGECOIN,0.0069135177329171515,0.006889728949045333,0.012468120440338008,0.019951513434319265,0.002002714301592486,0.002000633336137937,1.0010401533439237
2019-03-15,0.0020479999948292,0.0020580000709742,0.0020149999763816,0.0020409999415278,14469793,DOGECOIN,0.004413962165627394,0.00440424920589689,0.011829439999514614,0.01994637153943267,0.002012428594753086,0.0020058000033410434,1.0033047120355973
2019-03-16,0.0020769999828189,0.0020989999175071,0.0020399999339133,0.0020469999872148,17262660,DOGECOIN,0.014160150421347328,0.01406083196944346,0.01227116698827518,0.020054810547858987,0.0020237142951892288,0.0020118000024618734,1.005922205344853
2019-03-17,0.0020810000132769,0.0020900000818073,0.0020570000633597,0.0020810000132769,17683010,DOGECOIN,0.0019258692783286069,0.0019240171696548888,0.012185224258964351,0.02004886927224925,0.0020354285703173,0.002017566670353167,1.0088531894517303
2019-03-18,0.0020830000285059,0.0020940001122653,0.0020630001090466,0.0020759999752044,21958793,DOGECOIN,0.0009610837175588749,0.0009606221723015453,0.007833611582503938,0.020024885642176138,0.0020521428502563283,0.0020228666719048767,1.0144726188621631
2019-03-19,0.0020910000894218,0.0021059999708086,0.0020729999523609,0.0020830000285059,20549162,DOGECOIN,0.0038406436900713103,0.003833287247727414,0.004348867789006207,0.019090484222718505,0.002063428583954,0.00202616667374964,1.0183903479842569
2019-03-20,0.0020610000938177,0.0020920000970363,0.0020540000405162,0.0020840000361204,17912276,DOGECOIN,-0.014347199579697434,-0.01445111578278752,0.008644516850780784,0.015867205083440427,0.0020685714469955998,0.0020244000091527467,1.0218195206694056
2019-03-21,0.0020540000405162,0.0020739999599754,0.0020399999339133,0.002064999891445,18961937,DOGECOIN,-0.003396435217299487,-0.0034022161969189417,0.008652148857842233,0.015343762106003139,0.0020707143204552287,0.0020239666802808203,1.0230970403959034
2019-03-22,0.0020520000252872,0.0020739999599754,0.0020449999719858,0.0020510000176727,17243548,DOGECOIN,-0.0009737172295758434,-0.0009741916001576354,0.008542449814036198,0.01530220860308401,0.0020712857533777998,0.002023066681188797,1.0238346430383938
2019-03-23,0.0020639998838305,0.0020800000056624,0.0020469999872148,0.0020570000633597,15724762,DOGECOIN,0.0058478842082960725,0.005830851703922406,0.0066963251785690835,0.014625289555445726,0.002069428596379457,0.0020242666748041464,1.0223102628410756
2019-03-24,0.0020540000405162,0.0020800000056624,0.002026000060141,0.0020620001014322,16541721,DOGECOIN,-0.004844885599383675,-0.004856660103764729,0.006710658968986981,0.014442422805862033,0.002065571457413643,0.0020242000076298467,1.020438419932741
2019-03-25,0.0020429999567568,0.0020659998990595,0.002026000060141,0.0020580000709742,17555818,DOGECOIN,-0.005355444762618289,-0.005369836562912648,0.006692837516190722,0.01425753178304979,0.0020598571614494853,0.0020228666719048767,1.0182861728152235
2019-03-26,0.0020540000405162,0.0020610000938177,0.002026000060141,0.0020409999415278,19354498,DOGECOIN,0.005384279976619499,0.005369836562912601,0.006965159072014324,0.010162519416530348,0.002054571440177257,0.0020255333433548167,1.0143360250857907
2019-03-27,0.0020850000437349,0.0020890000741928,0.0020419999491423,0.0020500000100582,23194502,DOGECOIN,0.015092503703607152,0.014979744994858279,0.0074501084949756295,0.009220787584676404,0.0020580000044511425,0.0020273666751260133,1.0151099106545318
2019-03-28,0.0020739999599754,0.0020920000970363,0.0020600000862032,0.0020870000589638,20558761,DOGECOIN,-0.005275819438255391,-0.005289785717664562,0.007693788564780824,0.009256635405652467,0.002060857135802457,0.0020290666725486066,1.0156675301427724
2019-03-29,0.0020870000589638,0.0021019999403506,0.0020560000557452,0.0020759999752044,21582049,DOGECOIN,0.0062681288521115874,0.006248565838891058,0.0078082497102728195,0.009292354179982013,0.0020658571406133998,0.0020313333409527467,1.0169956348200637
2019-03-30,0.0020800000056624,0.0021659999620169,0.002064999891445,0.0020910000894218,19212788,DOGECOIN,-0.0033541222346085142,-0.003359759912427787,0.00791039285292156,0.008306220898781141,0.0020681428723036714,0.00203480001073326,1.0163863089220233
2019-03-31,0.0020800000056624,0.0020999999251216,0.0020699999295175,0.0020810000132769,18785300,DOGECOIN,0.0,0.0,0.007503041883538777,0.00819344282378037,0.0020718571530388427,0.002037666675945077,1.0167792296440772
2019-04-01,0.0024610001128166,0.0025319999549537,0.0020779999904334,0.0020820000208914,49116894,DOGECOIN,0.1831731279408655,0.168199920815155,0.06281264984299245,0.03154840216284336,0.0021315714610473857,0.0020529333502053732,1.038305242999801
2019-04-02,0.0027950000949203,0.002862999914214,0.0023940000683069,0.0024590000975877,60298362,DOGECOIN,0.1357171746414263,0.12726432331712395,0.07215070272299481,0.03838303048742552,0.002237428611676543,0.0020794666837900366,1.0759627115538128
2019-04-03,0.0031640001107007,0.0036559998989105,0.0027709999121725,0.0027769999578595,89863287,DOGECOIN,0.13202146806757864,0.12400494432517249,0.07647826380638435,0.04334357706591361,0.0023915714783859427,0.00211886668888226,1.1287031368866058
2019-04-04,0.0036969999782741,0.0040959999896585,0.0031340001150965,0.0031580000650137,164634741,DOGECOIN,0.1684576007980485,0.15568458918487924,0.07790951278513275,0.05021230983060684,0.0026234286238571857,0.00217593335546548,1.2056566977420025
2019-04-05,0.0035900000948458,0.0037549999542534,0.0034090001136064,0.0036790000740438,63331136,DOGECOIN,-0.02894235435680248,-0.02936944515823511,0.08460115406280436,0.05089800798998528,0.0028381429146974715,0.0022295000264420566,1.2729952370651982
2019-04-06,0.0034390001092106,0.0035939998924732,0.0034149999264627,0.0035939998924732,46343810,DOGECOIN,-0.04206127622447475,-0.04297146571300235,0.09191861972351832,0.052108636757095865,0.0030322857866329285,0.00227776669586693,1.3312538953770348
2019-04-07,0.0034179999493062,0.0035170000046491,0.0032560001127421,0.0034399998839944,50224984,DOGECOIN,-0.006106472590144851,-0.006125193344650386,0.09274185003214724,0.052117942299206244,0.0032234286357248998,0.0023257000294203034,1.386003609643657
2019-04-08,0.0030449999030679,0.0034370000939816,0.0030119998846203,0.0034280000254511,62195173,DOGECOIN,-0.10912816026050942,-0.1155547005333193,0.10442974624444902,0.05755382093619417,0.0033068571771893715,0.00236060002353037,1.4008545048829733
2019-04-09,0.0028840000741183,0.0030700000934302,0.0028119999915361,0.0030439998954534,53210703,DOGECOIN,-0.05287350872733676,-0.054322624206128996,0.09876319716564563,0.05885438837097166,0.003319571459931943,0.0023901000230883,1.3888839077297916
2019-04-10,0.0030209999531507,0.0030799999367445,0.0028719999827444,0.0028810000512748,50718761,DOGECOIN,0.0475034242411676,0.04640964177412782,0.08673373227283929,0.058913955535763854,0.0032991428659962284,0.0024252666858955666,1.360321685521347
2019-04-11,0.0027890000492334,0.0030310000292956,0.0027379998937249,0.0030189999379217,45881209,DOGECOIN,-0.07679573237839332,-0.07990476059859779,0.052028076368225346,0.06133614060566095,0.0031694285904189856,0.00245116668908541,1.2930285828915113
2019-04-12,0.0028560000937432,0.0028729999903589,0.0027250000275671,0.0027910000644624,42878877,DOGECOIN,0.024022962827919603,0.023738951002527875,0.05746903303598255,0.06137421495975075,0.0030645714474043283,0.0024788666904593,1.2362792477704823
2019-04-13,0.0028719999827444,0.0029060000088065,0.002820000052452,0.0028520000632852,34870866,DOGECOIN,0.005602201847350052,0.005586567877173774,0.05893117456796856,0.061378023519526606,0.0029835714293377285,0.002506633359007487,1.1902703754485608
2019-04-14,0.0028820000588893,0.0029029999859631,0.0028369999490678,0.0028729999903589,30693264,DOGECOIN,0.0034819206841862904,0.0034758728330535047,0.05957199613449487,0.061381915759482805,0.0029070000164210285,0.0025344333611428235,1.1470019535689064
2019-04-15,0.0027900000568479,0.0029229999054223,0.0027429999317973,0.0028840000741183,36669437,DOGECOIN,-0.0319222762531296,-0.03244290180194838,0.0448259832686537,0.06189710754490408,0.0028705714669610286,0.0025582000302771233,1.1221059467543149
2019-04-16,0.0028349999338388,0.0028560000937432,0.0027379998937249,0.0027900000568479,31946320,DOGECOIN,0.016128987840143605,0.01600029763356563,0.04165744370247807,0.06188840494286165,0.0028635714469211,0.00258333336096252,1.1084792579205367
2019-04-17,0.0028099999763071,0.002860999898985,0.0027590000536292,0.0028369999490678,32027922,DOGECOIN,-0.008818327377471347,-0.008857438928413872,0.03565976299598178,0.061965441489348086,0.0028334285930863004,0.0026075666925558932,1.0866178806376074
2019-04-18,0.0029460000805556,0.0029579999390989,0.0028059999458491,0.0028160000219941,42590190,DOGECOIN,0.04839861401964529,0.04726387047048046,0.025163621188279212,0.062323202303766465,0.002855857168989471,0.002636066692260353,1.083378192734818
2019-04-19,0.0028929999098181,0.0029480000957846,0.0028750000055879,0.0029450000729411,36059338,DOGECOIN,-0.01799055305100472,-0.018154350562950977,0.02572314615628395,0.06237986691480022,0.0028611428570001715,0.0026638000194603665,1.074083202979998
2019-04-20,0.0029019999783486,0.0029029999859631,0.0028599998913705,0.0028919999022036,35542377,DOGECOIN,0.0031109812689438243,0.003106152179594776,0.025679963682566715,0.06233826344039908,0.0028654285706579143,0.0026920666840547797,1.0643973225588965
2019-04-21,0.0027600000612437,0.0029060000088065,0.0027240000199526,0.0028999999631196,37077986,DOGECOIN,-0.04893174299253644,-0.050169445082336735,0.03217092515286936,0.06331763388990447,0.0028479999995656862,0.00271566668525333,1.0487295863777963
2019-04-22,0.0027979998849332,0.00282400008291,0.0027260000351816,0.0027580000460147,36334621,DOGECOIN,0.013768051755903343,0.01367413319982323,0.030578723046343684,0.0633165286246443,0.0028491428321493,0.0027401333519567537,1.0397825456614005
2019-04-23,0.002771999919787,0.0028560000937432,0.0027670001145452,0.0028039999306201,37261547,DOGECOIN,-0.009292339605232236,-0.009335782727840428,0.029918002406673912,0.06335838302681927,0.0028401428301419,0.0027640666812657803,1.0275232683030937
2019-04-24,0.0025989999994635,0.0027789999730885,0.0025490000844001,0.0027749999426305,43229277,DOGECOIN,-0.062409785472429924,-0.0644422969378599,0.03796180983893611,0.06475484132216439,0.0028099999763070995,0.0027826000160226703,1.0098468914420526
2019-04-25,0.0025059999898076,0.0026199999265372,0.0024900001008063,0.0025949999690055,33422071,DOGECOIN,-0.03578299718164579,-0.03643890304624977,0.028498182968385057,0.06526183319539237,0.002747142820485957,0.0027976666809990504,0.9819407147905657
2019-04-26,0.002519000088796,0.0025259999092668,0.0024530000519007,0.0024989999365061,33070494,DOGECOIN,0.005187589401944859,0.005174180214290853,0.030469946540030907,0.06524312479367458,0.0026937142746256575,0.0028121333491677534,0.9578899504971407
2019-04-27,0.0025160000659525,0.0025450000539422,0.0024890000931918,0.002515000058338,27194224,DOGECOIN,-0.001190957815699778,-0.001191667569539718,0.029971240860167205,0.06522230191147038,0.002638571429997643,0.0028268666860336565,0.9333908256210666
2019-04-28,0.0025309999473392,0.0025629999581724,0.0025019999593496,0.0025200000964105,25600272,DOGECOIN,0.005961796897259397,0.0059440957052361515,0.028126200505536523,0.06522235636892915,0.0026058571280112857,0.0028416666823128365,0.9170171660985851
2019-04-29,0.0024659999180585,0.0025510000996291,0.0024429999757558,0.0025269999168813,32974056,DOGECOIN,-0.025681560898108136,-0.026017089243020933,0.025913610816465617,0.06547033015551275,0.0025584285613148997,0.0028545333460593732,0.8962685844419228
2019-04-30,0.002513000043109,0.002519000088796,0.0024429999757558,0.0024689999409019,34753261,DOGECOIN,0.01905925653375684,0.018879904202207934,0.02944740096416664,0.06550463731955342,0.0025214285789323283,0.0028689666806409266,0.8788629704019573
2019-05-01,0.002521000104025,0.0025510000996291,0.0024770000018179,0.0025100000202655,30316782,DOGECOIN,0.0031834702661215353,0.0031784137533172087,0.019587918612200248,0.057931735831531446,0.0025102857367268285,0.002870966680347873,0.8743695125095143
2019-05-02,0.0026110000908374,0.0026559999678283,0.0025160000659525,0.0025249999016523,34506272,DOGECOIN,0.03570011229619041,0.03507763503809373,0.018693720736062992,0.053248113515441974,0.002525285751159657,0.0028648333468784437,0.8814773654848852
2019-05-03,0.0027209999971091,0.0027530000079423,0.0025949999690055,0.0026100000832229,40969776,DOGECOIN,0.04212941495395395,0.041266134231405946,0.022961934501800885,0.048404664846846183,0.002554142880918671,0.00285006667642539,0.8961695184346099
2019-05-04,0.0026799999177455,0.0027830000035464,0.0026080000679939,0.0026980000548064,39814872,DOGECOIN,-0.01506801889274545,-0.015182694907881822,0.02474195021352465,0.03771433309826385,0.0025775714311748145,0.00281616667440777,0.9152765901957379
2019-05-05,0.0026529999449849,0.0027089999057352,0.0026219999417662,0.0027089999057352,33161934,DOGECOIN,-0.010074617010926379,-0.010125709412124198,0.025797996528377585,0.037549552838349154,0.0025950000022670573,0.0027849333360790733,0.9317996839093375
2019-05-06,0.0025420000310987,0.0026610000059008,0.002515000058338,0.0026330000255256,37020800,DOGECOIN,-0.04183939547229487,-0.0427398694174511,0.02979934581354998,0.03754258103975887,0.0026058571612728,0.002755033333475343,0.9458532242096815
2019-05-07,0.0025359999854117,0.0026320000179111,0.0025359999854117,0.0025440000463277,38143865,DOGECOIN,-0.0023603641280864895,-0.0023631541787166757,0.02914590823115423,0.03756250471321255,0.002609142867316043,0.00272563333467886,0.9572611378498046
2019-05-08,0.0025369999930262,0.0025720000267028,0.0025049999821931,0.0025339999701827,32200704,DOGECOIN,0.0003943247713931175,0.00039424704581252697,0.02913502169826612,0.03185287957860009,0.002611428565744786,0.0027087000043441367,0.9640892537219516
2019-05-09,0.0024999999441206,0.002553999889642,0.002466999925673,0.0025359999854117,30720237,DOGECOIN,-0.01458417383023547,-0.014691568345912903,0.025214440014971695,0.030579652809458596,0.0025955714019281003,0.00269590000001088,0.9627847479200361
2019-05-10,0.0025220001116394,0.0025589999277144,0.0024490000214427,0.0025029999669641,32480633,DOGECOIN,0.008800067204217,0.008761572286549318,0.016502987966185084,0.02914610927050788,0.002567142846861,0.002679266671960503,0.9581513007746039
2019-05-11,0.0027540000155568,0.0027989998925477,0.002513000043109,0.002515000058338,48521874,DOGECOIN,0.09199044157321268,0.08800212414632073,0.04055030492469182,0.030555827166750052,0.0025777142894054714,0.002678100004171283,0.962516069374013
2019-05-12,0.0026650000363588,0.002820000052452,0.0026120000984519,0.0027570000384002,44577097,DOGECOIN,-0.03231662261991897,-0.032850334694380166,0.04271153712626563,0.030758972381436135,0.0025794285881731716,0.002671733335591803,0.9654513621591709
2019-05-13,0.0027560000307857,0.0028230000752955,0.0026489999145269,0.0026630000211298,47011255,DOGECOIN,0.03414633890633412,0.03357629306095566,0.0394036725299342,0.03142397512436873,0.0026100000166998857,0.0026678666705265133,0.9783097654519567
2019-05-14,0.0030680000782012,0.0031989999115467,0.0027469999622553,0.0027580000460147,58434920,DOGECOIN,0.11320756310969715,0.107245544672478,0.05254254567209436,0.037163350277335666,0.0026860000299555285,0.002674066671170243,1.0044626257504878
2019-05-15,0.0033080000430345,0.0033170001115649,0.0030519999563694,0.0030730001162737,57673254,DOGECOIN,0.07822684443150818,0.07531788117634651,0.0537871577498475,0.038879204926804654,0.0027961428942424285,0.0026913333373764633,1.0389433577069032
2019-05-16,0.003167999908328,0.0035210000351071,0.0031139999628067,0.0033100000582635,68128483,DOGECOIN,-0.042321684669047066,-0.04324334515535463,0.059246326921590695,0.039829719385137026,0.0028915714605577715,0.002702433336526103,1.0699880812878069
2019-05-17,0.0029619999695569,0.0031860000453889,0.0028309999033808,0.0031689999159425,66495399,DOGECOIN,-0.06502523507957492,-0.06723573944758988,0.07050003654429561,0.041839845153738654,0.0029544285831174144,0.0027075000029677635,1.0912016915527187
2019-05-18,0.0030050000641494,0.0030539999715983,0.0028969999402761,0.0029660000000149,54849676,DOGECOIN,0.014517250180435592,0.01441288376700437,0.06441069304179405,0.0410297892866681,0.0029902857329163575,0.002709466669087557,1.103643667970778
2019-05-19,0.0031779999844729,0.0031950001139193,0.003000000026077,0.0030110001098364,63883932,DOGECOIN,0.057570687730573944,0.05597447389399072,0.06272387310217631,0.04207639273888259,0.0030635714397898002,0.00271896667157605,1.1267410784458052
2019-05-20,0.0030410001054406,0.0031860000453889,0.0029329999815672,0.0031789999920874,56440462,DOGECOIN,-0.043108835651873845,-0.0440656198604862,0.06765633705930033,0.042949729232662645,0.0031042857361690715,0.002723600009145783,1.1397729937380507
2019-05-21,0.0030859999824315,0.0031119999475777,0.0029680000152438,0.0030420001130551,54845691,DOGECOIN,0.014797722930160795,0.014689304879771464,0.05409398241643019,0.04187501044372078,0.003106857151059114,0.0027344666731853764,1.1361839518928716
2019-05-22,0.0029390000272542,0.0030910000205039,0.0029120000544935,0.0030819999519735,60016531,DOGECOIN,-0.04763446403569871,-0.04880635153793039,0.04522667795822958,0.0429040517057471,0.0030541428630905003,0.0027391666779294096,1.1149897841920258
2019-05-23,0.0029609999619424,0.0029800001066178,0.0027950000949203,0.0029370000120252,55428477,DOGECOIN,0.007485517007209452,0.0074576395564286855,0.04435545646227063,0.042865462383388724,0.003024571442178271,0.00274546667933459,1.101660225907869
2019-05-24,0.0029949999880045,0.0030219999607652,0.0029319999739527,0.0029599999543279,61767497,DOGECOIN,0.011482616176663685,0.011417191295738434,0.03662631005407708,0.04099543262704613,0.0030292857305279286,0.002758666678952623,1.0980977707963075
2019-05-25,0.0029909999575465,0.0030110001098364,0.0029579999390989,0.002995999995619,58214409,DOGECOIN,-0.0013355694404076912,-0.0013364621081744835,0.03618792538804132,0.04027456765463282,0.0030272857152989427,0.00277483334454392,1.0909792911532554
2019-05-26,0.0030920000281184,0.0031149999704211,0.0029349999967962,0.0029869999270886,68909916,DOGECOIN,0.0337679946524474,0.03321037436503252,0.03088360152369589,0.04058131966903512,0.0030150000072483,0.0027939333425213335,1.0791238149323452
2019-05-27,0.0031409999355673,0.0032069999724626,0.0030859999824315,0.0030990000814199,76858482,DOGECOIN,0.01584731791827254,0.015723060223978767,0.02577526853913436,0.040583503036547626,0.0030292856972664,0.002814766671508493,1.0762120100146495
2019-05-28,0.0031479999888688,0.003167999908328,0.0030710001010447,0.0031419999431818,67850692,DOGECOIN,0.0022286066364518575,0.0022261269761234214,0.02539156345869293,0.04059376432313524,0.003038142841043157,0.00283533333955948,1.0715293326022777
2019-05-29,0.0031270000617951,0.0031510000117123,0.003082999959588,0.0031489999964833,74244761,DOGECOIN,-0.006670879017774856,-0.006693228781709067,0.013155652602674926,0.04019872345089294,0.0030649999888347143,0.0028573666776840335,1.0726659664551603
2019-05-30,0.0032579998951405,0.0035999999381601,0.0031099999323487,0.0031250000465661,97252491,DOGECOIN,0.04189313423620389,0.04103937975712803,0.017846638670996017,0.04060863314599015,0.003107428550720157,0.0028822000060850835,1.0781446617721036
2019-05-31,0.0034409998916089,0.0034429999068379,0.003171999938786,0.0032560001127421,85204091,DOGECOIN,0.05616942982145434,0.05464861732084253,0.023521169167620537,0.04144790357572142,0.0031711428226636426,0.0029128666656712135,1.088667346170105
2019-06-01,0.0034189999569207,0.0035200000274926,0.0033599999733269,0.0034429999068379,85093279,DOGECOIN,-0.0063934714853808305,-0.006413997258265683,0.024346557012033705,0.041286969006632326,0.0032322856797171,0.0029397999945406567,1.0994916952580456
2019-06-02,0.003398000029847,0.0034479999449104,0.0033420000690966,0.0034260000102221,74315769,DOGECOIN,-0.0061421255742318825,-0.006161066023756968,0.0250817237298335,0.04091469637151335,0.0032759999656783285,0.0029623666622985868,1.105872546896806
2019-06-03,0.0031979999039322,0.0034099998883903,0.0031940001063048,0.0033970000222325,76817043,DOGECOIN,-0.058858188392601374,-0.06066144766163692,0.03749035633020977,0.042588798249089496,0.0032841428183018858,0.00297963332850481,1.1021969672858638
2019-06-04,0.0030420001130551,0.0032130000181496,0.0029859999194741,0.0032130000181496,77725735,DOGECOIN,-0.04878042387846404,-0.050010353369971984,0.04244181366025216,0.04371368845996955,0.0032689999788999284,0.0029926000007738165,1.0923611501886792
2019-06-05,0.0030700000934302,0.0030980000738054,0.0029800001066178,0.0030390000902116,72561329,DOGECOIN,0.00920446394953589,0.009162361030567575,0.042751702400619054,0.042794511375651434,0.003260857126276371,0.003010200002851534,1.0832692589154846
2019-06-06,0.003086999990046,0.0031240000389516,0.0030050000641494,0.0030720001086592,71608123,DOGECOIN,0.0055374254392304145,0.005522150263137265,0.03861264385646533,0.042763730178987616,0.0032364285684057287,0.0030285666696726766,1.0686337536546677
2019-06-07,0.0031099999323487,0.0031950001139193,0.0030590000096708,0.0030879999976605,71288069,DOGECOIN,0.007450580620946834,0.007422962142780438,0.028775502398454337,0.04274807178842208,0.003189142859939986,0.0030476666676500933,1.0464211502496688
2019-06-08,0.0030839999672025,0.0031910000834614,0.0030169999226927,0.0031149999704211,69699426,DOGECOIN,-0.008360117592209892,-0.008395259371957555,0.02869292888471623,0.04265433215123411,0.0031412857185516715,0.0030671333350861573,1.0241764460048919
2019-06-09,0.0030119998846203,0.003218000056222,0.0029780000913888,0.003076999913901,69438950,DOGECOIN,-0.02334633052785373,-0.023623173435382148,0.028582491786533375,0.04301641605476198,0.003086142840662143,0.0030834666608521868,1.000867912678912
2019-06-10,0.0030910000205039,0.0031349998898804,0.002991999965161,0.0030139998998492,69822843,DOGECOIN,0.026228465773516563,0.025890398152425532,0.025179300119674355,0.04034100198942954,0.0030708571430295285,0.0030946999943504234,0.9922955855609844
2019-06-11,0.0030580000020563,0.0031429999507963,0.002998000010848,0.0030900000128895,65070888,DOGECOIN,-0.010676162480976026,-0.010733561604095275,0.01622584777570636,0.03984627596030162,0.003073142841458271,0.0031077999932070063,0.9888483326390088
2019-06-12,0.0030670000705868,0.0030940000433474,0.0030189999379217,0.0030610000248998,69543166,DOGECOIN,0.002943122473658688,0.0029387999677439242,0.015854291047844273,0.0394684449562037,0.003072714266766357,0.0031181666612003765,0.9854233595017265
2019-06-13,0.0030739998910576,0.003167999908328,0.0030300000216811,0.0030630000401288,66973694,DOGECOIN,0.002282302024682048,0.0022797015294082406,0.015707994241368536,0.03427048033752709,0.003070857109768014,0.0031183666549622568,0.9847646058173946
2019-06-14,0.0031240000389516,0.0031419999431818,0.0030370000749826,0.0030749998986721,59252853,DOGECOIN,0.01626550086727474,0.016134634769485786,0.016759747400167526,0.03136987643015197,0.003072857124997,0.0031122333214928266,0.9873479291466043
2019-06-15,0.0031570000573992,0.0032039999496191,0.0030970000661909,0.0031349998898804,63436423,DOGECOIN,0.010563386055102209,0.010507983311477865,0.016582953805520245,0.030449056860267967,0.003083285709310814,0.0031118666597952003,0.9908154964177458
2019-06-16,0.0031860000453889,0.0033360000234097,0.0031349998898804,0.0031449999660253,68789112,DOGECOIN,0.009185932043850098,0.009143997976796511,0.011569482012760562,0.027713698694822108,0.0031081428751349002,0.0031193333289896,0.9964125495179688
2019-06-17,0.0031900000758469,0.0032250001095235,0.0031250000465661,0.0031880000606179,60386666,DOGECOIN,0.0012555023229798845,0.0012547148389947806,0.008592511798716508,0.02762148441879409,0.0031222857401838997,0.003125499996046184,0.9989716026663413
2019-06-18,0.0031250000465661,0.0031989999115467,0.0031099999323487,0.0031930000986903,54908991,DOGECOIN,-0.02037618424304999,-0.02058664248369385,0.011736486652632286,0.025947999363164543,0.003131857175113872,0.0031237333314492895,1.002600684118197
2019-06-19,0.0031300000846385,0.0031540000345557,0.0030970000661909,0.0031230000313371,35562598,DOGECOIN,0.0016000121593260364,0.001598733503599147,0.0117504022956039,0.024612954914052926,0.0031408571771212577,0.0031266999974225535,1.004527834365425
2019-06-20,0.0031610000878572,0.0032039999496191,0.0030950000509619,0.0031429999507963,36102126,DOGECOIN,0.00990415411515233,0.009855429434480135,0.012028815749230442,0.02453568824064949,0.0031532857766640573,0.0031292000009367433,1.0076971033235664
2019-06-21,0.0032230000942945,0.0032510000746697,0.0031280000694096,0.0031669999007135,42423841,DOGECOIN,0.019614047679235913,0.019424171062452675,0.012631639808145391,0.022885646452992528,0.003167428641713043,0.003138666669838087,1.0091637548362025
2019-06-22,0.0032790000550448,0.0033539999276399,0.0031850000377744,0.0032289999071508,57373528,DOGECOIN,0.017375103664884817,0.017225882559531693,0.013399837787629649,0.023019253805790306,0.003184857212805272,0.0031492666729415,1.0113012150319203
2019-06-23,0.0033040000125765,0.0034960000775754,0.0032500000670552,0.0032850001007318,44229340,DOGECOIN,0.007624262614218891,0.007595344815597994,0.01334069444758218,0.022983905110875596,0.0032017143509749284,0.003159566673760567,1.0133397017902448
2019-06-24,0.0033680000342428,0.0034310000482946,0.0032339999452233,0.0033140000887215,42747865,DOGECOIN,0.019370466532290465,0.01918524708200413,0.014154524028079743,0.023146796815577693,0.003227142916460057,0.0031721333429837765,1.0173415072849799
2019-06-25,0.00339199998416,0.0033950000070035,0.0032699999865144,0.0033670000266283,41001826,DOGECOIN,0.007125875793702496,0.007100606712662912,0.006948221792769506,0.022490498046286594,0.0032652857646877573,0.003182133341518497,1.0261310304267703
2019-06-26,0.0033789998851716,0.0034499999601393,0.0032520000822842,0.0033909999765455,64528905,DOGECOIN,-0.0038325763706097415,-0.003839939510646596,0.008416531193309939,0.022394886285026238,0.0033008571647639142,0.0031900666731719735,1.034729835750354
2019-06-27,0.0033289999701082,0.0034950000699609,0.002989999949932,0.003389999968931,76165577,DOGECOIN,-0.014797252667222427,-0.014907824135523827,0.012936535609478992,0.022617759383514954,0.0033248571479426287,0.0031961000058799535,1.040285705023559
2019-06-28,0.0034900000318884,0.0035230000503361,0.003315000096336,0.0033319999929517,65310778,DOGECOIN,0.04836289072569966,0.047229795737738334,0.019729995944254806,0.024013853472134066,0.0033629999961703287,0.003208200004883063,1.0482513531112934
2019-06-29,0.0034050000831484,0.0034860000014305,0.0033140000887215,0.003478999948129,46594481,DOGECOIN,-0.02435528594938363,-0.024656781330436986,0.023624385380375583,0.023477183768993302,0.0033810000001851283,0.0032131000111499932,1.0522548281885078
2019-06-30,0.0032579998951405,0.0034459999296814,0.0032470000442117,0.0034179999493062,43549174,DOGECOIN,-0.04317186032840792,-0.04413148602635962,0.030037747424035862,0.02267510697531048,0.0033744285548371286,0.003207000011267713,1.0522072163957465
2019-07-01,0.0032379999756813,0.0033249999396502,0.0030930000357329,0.0032500000670552,42771993,DOGECOIN,-0.006138710897146127,-0.006157630249580805,0.028548699928256913,0.0226733648077151,0.0033558571178997714,0.0032009666785597335,1.0483886447108317
2019-07-02,0.0032039999496191,0.0033599999733269,0.0030799999367445,0.0032369999680668,41581109,DOGECOIN,-0.010500316960331824,-0.010555834263298937,0.02801209618345046,0.022716581892373296,0.0033289999701082143,0.003194500009218803,1.0421036032246882
2019-07-03,0.003313000081107,0.0033360000234097,0.003171999938786,0.0032069999724626,37586127,DOGECOIN,0.03402001660482501,0.03345413431745847,0.03220087250551091,0.02074326737670633,0.003319571426670414,0.0031983333484579633,1.0379066423050944
2019-07-04,0.0032289999071508,0.0033569999504834,0.003131000092253,0.0033140000887215,36433330,DOGECOIN,-0.025354715333460676,-0.025681684777842325,0.03311943092794281,0.019082123179969546,0.0033052857033907855,0.00320456667492782,1.031429843307983
2019-07-05,0.0038670001085847,0.0044709998182952,0.0031300000846385,0.0032259998843073,187924151,DOGECOIN,0.19758445951671066,0.1803065776836359,0.07691003359272768,0.037751089339707646,0.003359142857204543,0.0032311333420996366,1.0396175278305673
2019-07-06,0.0035470000002533,0.003967999946326,0.0034700001124292,0.0038719999138265,65031784,DOGECOIN,-0.08275151263145908,-0.08637686484209184,0.08525316198395338,0.04147794610048931,0.0033794285596481,0.003246466675773213,1.040955875157172
2019-07-07,0.0036329999566078,0.0036579999141395,0.0034950000699609,0.0035530000459402,44379649,DOGECOIN,0.02424582924960772,0.023956565432264484,0.08243970560496405,0.04162591251106271,0.0034329999970005715,0.003263900009915183,1.0518091812162416
2019-07-08,0.0035590000916272,0.0036440000403672,0.0035129999741911,0.0036349999718368,41682712,DOGECOIN,-0.020368804256660433,-0.020579109021897125,0.08324922712479649,0.04182191566809715,0.0034788571564214137,0.0032797333473960064,1.0607134141510328
2019-07-09,0.0035490000154823,0.0036150000523775,0.0034590000286698,0.0035560000687837,42613827,DOGECOIN,-0.0028097993502236296,-0.002813754246465074,0.08292711948436823,0.041506045167942124,0.003528142880116157,0.0032976333517580735,1.069901503220542
2019-07-10,0.0034239999949932,0.0035999999381601,0.0033640000037848,0.0035510000307112,49078577,DOGECOIN,-0.03522119468689633,-0.03585642120957027,0.08442633893671603,0.04198662971615673,0.0035440000106713282,0.0033087333509077164,1.0711047506137261
2019-07-11,0.0032430000137537,0.0034260000102221,0.0031890000682324,0.0034169999416917,43609123,DOGECOIN,-0.052862144130890854,-0.05431062525100619,0.08680381302868309,0.04322826728964216,0.003546000025900314,0.0033149000179642967,1.0697155288797933
2019-07-12,0.0033400000538676,0.0033680000342428,0.0032069999724626,0.0032409999985247,35428239,DOGECOIN,0.029910588869108468,0.029471991550409724,0.041840654676825635,0.04351947818924947,0.0034707143037978716,0.0033240000174069905,1.0441378717276093
2019-07-13,0.0032490000594407,0.0033509999047964,0.003173999954015,0.0033430000767111,27243201,DOGECOIN,-0.027245506874027048,-0.027623548134594503,0.031016629461529423,0.043873820984583846,0.0034281428836817856,0.003329833356353093,1.0295238580456663
2019-07-14,0.0030139998998492,0.003258999902755,0.0030100001022219,0.0032500000670552,36339861,DOGECOIN,-0.07232999547311603,-0.07507920800626869,0.0340364910903212,0.045960390830049026,0.0033397143041448427,0.0033261666850496804,1.0040730427479945
2019-07-15,0.0030920000281184,0.003133000107482,0.0029219998978078,0.0030199999455362,43028086,DOGECOIN,0.025879273676519432,0.0255500728433255,0.03945054785471217,0.04617401917388635,0.0032730000093578716,0.0033240000174069866,0.984657037370024
2019-07-16,0.0028250000905245,0.0031250000465661,0.0028019999153912,0.0030930000357329,40980833,DOGECOIN,-0.08635185484017593,-0.09030974317662073,0.04632490514446144,0.04893125385856645,0.0031695714486496144,0.003311966685578173,0.9570058365778215
2019-07-17,0.0030300000216811,0.0031769999768584,0.002771999919787,0.0028190000448375,41838001,DOGECOIN,0.07256634498674974,0.07005423003428178,0.060276506004655915,0.050764357893203396,0.003113285738176457,0.003306633350439313,0.9415273507003223
2019-07-18,0.0031210000161081,0.0031449999660253,0.0028760000132024,0.0030310000292956,40218356,DOGECOIN,0.0300330012461556,0.02959084177308439,0.06006990755145396,0.050947437277728054,0.0030958571670842284,0.003306500016090714,0.9362943148400377
2019-07-19,0.0030590000096708,0.0031349998898804,0.0029710000380873,0.0031200000084936,20956541,DOGECOIN,-0.019865429707563553,-0.020065400119649055,0.0581536719497128,0.05107674062810592,0.003055714303627543,0.003304133346925123,0.9248156726093507
2019-07-20,0.0031179999932646,0.0031870000530034,0.0030380000825971,0.0030640000477433,23424227,DOGECOIN,0.01928734338256821,0.019103700145226363,0.05881377411529361,0.051170872359918254,0.003037000008459529,0.0033027000104387033,0.9195506703184099
2019-07-21,0.0030759999062865,0.003165999893099,0.0029829998966306,0.0031179999932646,18349874,DOGECOIN,-0.013470201112516733,-0.013561747298048226,0.05080047858327297,0.051083272395380006,0.0030458571522362855,0.0032978000041717697,0.9236027498281362
2019-07-22,0.0029970000032335,0.0031000000890344,0.0029660000000149,0.0030759999062865,19174676,DOGECOIN,-0.02568267407666236,-0.026018231763931414,0.050708947793636695,0.051145101180843096,0.003032285720109871,0.003288400002444727,0.9221158368372308
2019-07-23,0.0028800000436604,0.0030030000489205,0.0028739999979734,0.003000000026077,21006916,DOGECOIN,-0.03903902550779681,-0.03982148010572275,0.03860978112321875,0.05153762147403696,0.003040142856272143,0.0032742666701475235,0.9284958015148986
2019-07-24,0.002915000077337,0.002917000092566,0.0028160000219941,0.0028800000436604,23840681,DOGECOIN,0.012152789286806964,0.012079537025442946,0.025890308777409242,0.051440881132102684,0.0030237142927944144,0.0032591666715839967,0.9277568769825603
2019-07-25,0.0029209998901933,0.0030179999303072,0.002905000001192,0.0029100000392645,20653975,DOGECOIN,0.0020582547846039745,0.002056139480284322,0.021360990292824015,0.05140882327306854,0.0029951428462351576,0.003243466668451773,0.9234387624106063
2019-07-26,0.0029209998901933,0.0029490001033991,0.0028820000588893,0.0029209998901933,19438979,DOGECOIN,0.0,0.0,0.021044770691102194,0.05141654750099504,0.002975428543452657,0.0032282000019524964,0.9216989472935515
2019-07-27,0.0028230000752955,0.0030300000216811,0.0027970001101493,0.0029229999054223,20901185,DOGECOIN,-0.03355009194858771,-0.03412580986993373,0.019790958530325198,0.05166523025523255,0.0029332856980285,0.0032113333387920736,0.9134167613791971
2019-07-28,0.002858999883756,0.0028870000969618,0.0027920000720769,0.002822000067681,19878103,DOGECOIN,0.012752322883566203,0.01267169673769303,0.022261313867630955,0.05082758224294596,0.002902285694809857,0.003190300000520993,0.9097218739102586
2019-07-29,0.0028399999719113,0.0028969999402761,0.0028089999686926,0.002858999883756,19054200,DOGECOIN,-0.006645649743692528,-0.006667830398474967,0.021181302447456602,0.05071377956013777,0.0028798571189066857,0.0031714666634797568,0.908052148890282
2019-07-30,0.0028170000296086,0.0028880001045763,0.0028009999077767,0.0028309999033808,16899416,DOGECOIN,-0.008098571313443048,-0.008131542877806652,0.0158953993046617,0.05020493425144604,0.0028708571168992855,0.0031567666679620265,0.9094296217821759
2019-07-31,0.0028989999555051,0.0029080000240355,0.0028160000219941,0.0028160000219941,21310977,DOGECOIN,0.02910895457388163,0.028693335186236183,0.019403316760813475,0.05057542992624561,0.0028685713852090143,0.0031454666672894867,0.9119700472556339
2019-08-01,0.0029569999314844,0.0029589999467134,0.0028599998913705,0.0028999999631196,20206543,DOGECOIN,0.020006890951881573,0.019809383108537176,0.020936447807796927,0.050736803294691685,0.0028737142482506,0.0031372333333516632,0.9160027141431866
2019-08-02,0.00290900003165,0.0029750000685453,0.0028969999402761,0.0029569999314844,18550954,DOGECOIN,-0.01623263474690184,-0.016365827306601962,0.022048670737342003,0.050327187031239604,0.002871999982744414,0.00312376666503643,0.9194028526170088
2019-08-03,0.0029120000544935,0.0029599999543279,0.0028999999631196,0.0029080000240355,15813943,DOGECOIN,0.0010312900690476745,0.0010307586547745424,0.016422219551810675,0.050172551502597425,0.0028847142654869857,0.0031132000032811865,0.9266074336523878
2019-08-04,0.0029380000196397,0.0029839999042451,0.0028639999218285,0.002913000062108,19238655,DOGECOIN,0.008928559292462834,0.00888893538853655,0.016166222610657956,0.036393198323352756,0.0028959999991846576,0.0030822333336496866,0.9395784438407493
2019-08-05,0.003086999990046,0.0031620000954717,0.0029360000044107,0.0029380000196397,31037239,DOGECOIN,0.05071476154195964,0.04947065785912945,0.022669929026332646,0.03487365698723587,0.002931285716061043,0.00306689999997611,0.9557813153620518
2019-08-06,0.0029500001110136,0.0033160001039505,0.002919000107795,0.003089000005275,19786133,DOGECOIN,-0.04437961758152076,-0.04539453431207584,0.031004334150615244,0.035210309870183344,0.0029502857276903285,0.0030441333384563034,0.9691709920914419
2019-08-07,0.0030060000717639,0.0030499999411404,0.0029380000196397,0.0029509998857975,26551305,DOGECOIN,0.01898303682811009,0.0188051072208788,0.03003970521595926,0.035417915610335866,0.0029655714585844427,0.00302570000446086,0.980127393400612
2019-08-08,0.0029279999434947,0.0030119998846203,0.0028580001089721,0.0030050000641494,16993741,DOGECOIN,-0.025948145843998627,-0.026290738403528618,0.03132327255200338,0.035612398190018615,0.002961428603157343,0.0030050000020612733,0.985500366431267
2019-08-09,0.0029039999935775,0.0029329999815672,0.0028689999599009,0.0029289999511092,21528298,DOGECOIN,-0.008196704364876073,-0.008230482049861739,0.030822714606993127,0.035179300436661,0.0029607143120041284,0.00298766666868075,0.9909787939333531
2019-08-10,0.0028419999871402,0.0029289999511092,0.0027960001025348,0.002905000001192,17920883,DOGECOIN,-0.021349864522871798,-0.02158106960094819,0.03183489279787245,0.034104160044136723,0.0029507143023822283,0.0029743000011269666,0.9920701681956084
2019-08-11,0.0028979999478906,0.0029019999783486,0.0028389999642968,0.0028450000099837,16229246,DOGECOIN,0.01970441977614179,0.019512800767334228,0.03276235725749672,0.033810286328814255,0.0029450000064180715,0.0029595666642610666,0.9950781112590238
2019-08-12,0.0028800000436604,0.0029009999707341,0.0028689999599009,0.0028959999326616,21554919,DOGECOIN,-0.00621114718904725,-0.006230516609615419,0.023700606095443937,0.033535303736464114,0.002915428585505843,0.002947266663735057,0.9891974219296241
2019-08-13,0.0028250000905245,0.0028899998869746,0.0028039999306201,0.0028830000665038,27308535,DOGECOIN,-0.019097205660454364,-0.019281912665241083,0.018716647173782734,0.030902214082650578,0.0028975714397216855,0.0029409666700909,0.9852445691375777
2019-08-14,0.0027220000047236,0.0028299998957663,0.0027149999514222,0.0028230000752955,34384340,DOGECOIN,-0.036460206194817046,-0.037141490677858595,0.01820485840441238,0.031083023191837474,0.0028570000015730713,0.00292863333597774,0.975540354087804
2019-08-15,0.0026400000788271,0.0027530000079423,0.0025839998852461,0.0027199999894946,32124644,DOGECOIN,-0.030124880879574545,-0.03058795894764156,0.018745820441460552,0.027029230920434813,0.0028158571637634145,0.00292246666892116,0.9635207113595239
2019-08-16,0.00268099992536,0.0027139999438077,0.0025609999429434,0.0026410000864416,19795789,DOGECOIN,0.015530244435111973,0.015410884396489332,0.021976228675174004,0.023613584530316808,0.0027840000111609142,0.002910833332377123,0.9564271441427288
2019-08-17,0.0026459998916834,0.0026899999938905,0.0026189999189227,0.0026839999482035,18747565,DOGECOIN,-0.01305484321186634,-0.013140806656679573,0.02155290584256429,0.022786886374940654,0.0027559999975242284,0.0028949999948963,0.951986183897368
2019-08-18,0.0027230000123381,0.0027300000656396,0.0026219999417662,0.0026469998992979,20832602,DOGECOIN,0.029100575890693703,0.028685193465906977,0.023820543985772727,0.0234415037677399,0.0027310000067310137,0.00288379999498521,0.9470143600388695
2019-08-19,0.0027970001101493,0.0028270001057535,0.0027159999590367,0.0027230000123381,20301072,DOGECOIN,0.027175944721226752,0.026813235378360566,0.027436922433680476,0.023742467511707332,0.0027191428733722854,0.0028730999988813666,0.9464142822842839
2019-08-20,0.0027630000840872,0.0028069999534636,0.0027139999438077,0.0027979998849332,19682454,DOGECOIN,-0.012155890140556624,-0.012230377226475506,0.026914404729972086,0.023724484114051134,0.0027102857295955287,0.0028626666714747233,0.9467695825722194
2019-08-21,0.0026750001125037,0.002769999904558,0.0026199999265372,0.0027640000917017,21056919,DOGECOIN,-0.03184942776162547,-0.032367653969149375,0.025953477820092316,0.023958751216293036,0.0027035714592783997,0.00285193334178373,0.9479784887214306
2019-08-22,0.0027000000700354,0.0027310000732541,0.0026169999036937,0.0026759998872876,21813055,DOGECOIN,0.009345778123463822,0.009302376543893287,0.022962289456364738,0.023073504817392742,0.002712142886593871,0.002845933342662896,0.9529889003149177
2019-08-23,0.0027129999361932,0.0028989999555051,0.0026569999754428,0.0027089999057352,21615807,DOGECOIN,0.00481476511873935,0.004803211208565459,0.02236519294245279,0.02295670289226954,0.0027167143167129,0.00283920000462477,0.956859084350397
2019-08-24,0.0026610000059008,0.0027250000275671,0.0026140001136809,0.0027129999361932,22299027,DOGECOIN,-0.019166948586576416,-0.019353015944821177,0.023161088732634758,0.023145588300564842,0.0027188571901725286,0.0028305333418150195,0.9605458978374439
2019-08-25,0.0026620000135153,0.0028880001045763,0.0026249999646097,0.0026630000211298,22727727,DOGECOIN,0.0003758014326502579,0.00037573083697794963,0.019694124480950877,0.023147429354081706,0.0027101429046264146,0.00282190001259242,0.9603965032540835
2019-08-26,0.002678999910131,0.0028289998881518,0.0026400000788271,0.0026519999373704,22974750,DOGECOIN,0.006386136938163034,0.006365831966702972,0.015581161549197581,0.022445520354408534,0.002693285733195229,0.0028171000070869364,0.9560490314223032
2019-08-27,0.0026199999265372,0.0027880000416189,0.002600000007078,0.0026799999177455,21250034,DOGECOIN,-0.022023137578573215,-0.022269267282976766,0.016658049745553204,0.022577783878527515,0.0026728571392595143,0.0028091333418463096,0.9514881687683692
2019-08-28,0.0025239998940378,0.0026330000255256,0.00251100002788,0.0026219999417662,23602879,DOGECOIN,-0.03664123480578918,-0.03732938703665679,0.017943929500464962,0.02343161257981953,0.0026512856794786714,0.0027986000059171934,0.9473614213796008
2019-08-29,0.0024500000290572,0.0025239998940378,0.0023920000530779,0.0025229998864233,28641509,DOGECOIN,-0.029318489733459296,-0.029756866280394298,0.0176279337847618,0.023893350601502588,0.002615571387910357,0.00278636667256548,0.9387032272755879
2019-08-30,0.0024820000398904,0.0024870000779628,0.0024270000867545,0.0024510000366717,23809187,DOGECOIN,0.01306122875660276,0.012976666437575475,0.019266324724742843,0.0233019704411088,0.002582571402724243,0.0027724666753783235,0.9315067429518633
2019-08-31,0.00251100002788,0.0025289999321103,0.0024590000975877,0.0024820000398904,23927277,DOGECOIN,0.011684120678290055,0.011616388424301264,0.020968054878604314,0.02304563602872043,0.0025611428344355573,0.0027576000119248433,0.9287579138962375
2019-09-01,0.0024920001160353,0.0025329999625682,0.0024429999757558,0.0025120000354945,22742519,DOGECOIN,-0.007566671299777505,-0.007595443790266483,0.020632850420452,0.022957846739521715,0.002536857134795557,0.0027437000147376863,0.9246116999558698
2019-09-02,0.00259599997662,0.0026159998960793,0.0024619998876005,0.0024920001160353,25999239,DOGECOIN,0.04173348946313871,0.04088614234735243,0.027886915176769115,0.024433999636506994,0.002525000001436843,0.00273316667880857,0.9238368157398765
2019-09-03,0.0025949999690055,0.0027240000199526,0.0025599999353289,0.002597999991849,40548612,DOGECOIN,-0.0003852109489622668,-0.0003852851617588668,0.026766497076657098,0.0243259738266158,0.0025214285789323145,0.0027217333437874304,0.9264054411089435
2019-09-04,0.0026899999938905,0.0026950000319629,0.0025410000234842,0.00259599997662,27623103,DOGECOIN,0.036608873225307814,0.03595468666863691,0.024601688044676523,0.023406660336785595,0.0025451428789112713,0.002708500010582247,0.9396872324043821
2019-09-05,0.0025309999473392,0.0026920000091195,0.0025049999821931,0.0026899999938905,32285101,DOGECOIN,-0.0591078241310109,-0.060926730585893,0.03387850318046796,0.024487223389498828,0.0025567142958087,0.0026945333384597665,0.9488523520255103
2019-09-06,0.002509000012651,0.0026400000788271,0.0024600001052021,0.0025289999321103,29577777,DOGECOIN,-0.00869219089132267,-0.008730188330132024,0.03398223852432156,0.02407259140463888,0.0025605714347745,0.0026779666698226704,0.9561625481111966
2019-09-07,0.002515000058338,0.0025690000038594,0.0024790000170469,0.002515000058338,34744018,DOGECOIN,0.0023914091896160006,0.0023885543211930906,0.033704305547050464,0.023808014632570446,0.002561142867697072,0.002664200006984113,0.961317791826109
2019-09-08,0.0025009999517351,0.0025599999353289,0.0024689999409019,0.00251100002788,31506514,DOGECOIN,-0.005566642655329357,-0.005582194150485059,0.03363494409570196,0.0238007937967331,0.0025624285585113286,0.0026507666722560335,0.9666745041465602
2019-09-09,0.0024610001128166,0.0025100000202655,0.0024180000182241,0.002509000012651,34582212,DOGECOIN,-0.015993538460786327,-0.01612281534655174,0.02878238916826948,0.02369011794048473,0.002543142863682272,0.0026380666764452467,0.9640176597466129
2019-09-10,0.0024369999300688,0.0024890000931918,0.0024099999573081,0.0024610001128166,29851957,DOGECOIN,-0.009752207089633869,-0.00980007130322991,0.028606912006911206,0.023253322156263224,0.0025205714295484572,0.00262270000918452,0.9610597554892228
2019-09-11,0.0023990001063793,0.0024510000366717,0.0023900000378489,0.0024319998919963,30308813,DOGECOIN,-0.015592870242071566,-0.015715717746718323,0.02063807474120584,0.023324104895487113,0.002479000017046857,0.0026066666779418165,0.9510230203288733
2019-09-12,0.0024250000715255,0.0024459999985992,0.0023660000879317,0.0023980000987648,38515673,DOGECOIN,0.01083783409473904,0.0107795256837565,0.009753361440131787,0.023383541411687678,0.0024638571776449,0.0025933333439751836,0.9500734579181339
2019-09-13,0.00242600007914,0.0024319998919963,0.0023980000987648,0.0024250000715255,34172204,DOGECOIN,0.0004123742618575843,0.0004122892589595317,0.009954364550280466,0.022600594949175976,0.0024520000442861856,0.0025834666797890636,0.9491123162023472
2019-09-14,0.0024409999605268,0.0024510000366717,0.0024049999192357,0.0024270000867545,36253840,DOGECOIN,0.0061829682182523715,0.006163932096452276,0.010496635449594538,0.022090904143315694,0.0024414286017417288,0.0025768333425123867,0.9474530469096463
2019-09-15,0.0024600001052021,0.0024860000703483,0.0024379999376833,0.0024429999757558,35862686,DOGECOIN,0.007783754601617954,0.007753617469442384,0.011390202889811612,0.021919047639177645,0.0024355714808084426,0.0025694666818404568,0.9478898862638266
2019-09-16,0.0024550000671297,0.0024910001084208,0.002430000109598,0.0024619998876005,31115288,DOGECOIN,-0.0020325357148670564,-0.0020346041187949693,0.00966776743751328,0.021833175226481344,0.0024347143314246,0.002563100021022,0.949909996276225
2019-09-17,0.0026080000679939,0.0026149998884648,0.0024429999757558,0.0024540000595152,38934662,DOGECOIN,0.062321790908577146,0.060456881545130015,0.024026508917084972,0.02405538049930235,0.002459142922556757,0.00255926668954386,0.9608779470321837
2019-09-18,0.0027189999818801,0.0029929999727755,0.0025820001028478,0.0026070000603795,45526972,DOGECOIN,0.04256131556452836,0.0416804888504687,0.023703701205122517,0.024799119139142036,0.002504857190485443,0.00255666668526822,0.9797355302193638
2019-09-19,0.0027089999057352,0.0027340000960975,0.0025889999233186,0.0027179999742656,46463665,DOGECOIN,-0.0036778507581987085,-0.0036846306800974037,0.025020449301678953,0.02471392634072884,0.0025454285953725427,0.0025548666793231535,0.9963058409164774
2019-09-20,0.0026720000896602,0.0027159999590367,0.0026449998840689,0.0027099999133497,45337416,DOGECOIN,-0.013658109030077137,-0.013752239076195445,0.026971056602011764,0.024116791458201357,0.002580571454018286,0.002554766678561703,1.0101006388071065
2019-09-21,0.0025859999004751,0.0026720000896602,0.0025559999048709,0.0026670000515878,47801585,DOGECOIN,-0.032185698465315826,-0.032715047366238044,0.032284785597130036,0.024766995083349296,0.0026012857311537574,0.0025509666729096937,1.019725486333645
2019-09-22,0.0025919999461621,0.0026090000756084,0.0025460000615566,0.0025949999690055,37997883,DOGECOIN,0.00232020337119776,0.0023175158556082804,0.032363817084193135,0.024749547273910932,0.0026201428512909,0.002546933339908657,1.028744180397304
2019-09-23,0.0024860000703483,0.002600000007078,0.0024820000398904,0.0025869999080896,35603401,DOGECOIN,-0.04089501466647438,-0.041754736332926666,0.0373978775001166,0.025628455731313747,0.0026245714231792716,0.0025411000087235736,1.0328485357400894
2019-09-24,0.0022279999684542,0.0025019999593496,0.0020769999828189,0.0024890000931918,56048353,DOGECOIN,-0.1037812126280242,-0.10957071348006624,0.04694320475351078,0.03224462123456627,0.0025702856946735997,0.0025266333405548702,1.0172768851807927
2019-09-25,0.0021969999652355,0.0022430000826716,0.0021100000012665,0.0022289999760687,58992978,DOGECOIN,-0.013913825699112703,-0.014011530327390607,0.03814915537430648,0.0321912041106004,0.0024957142637243718,0.0025105666757250203,0.9940840400120585
2019-09-26,0.0021550001110881,0.0022289999760687,0.0020759999752044,0.002202000003308,46965571,DOGECOIN,-0.019116911612193865,-0.01930200247413783,0.036753917243762986,0.032145963371821025,0.002416571435917643,0.0024950666818767168,0.9685398203866712
2019-09-27,0.0022209999151527,0.0022279999684542,0.002121000085026,0.0021550001110881,47659680,DOGECOIN,0.030626357615952005,0.030166731605281497,0.043629808669732754,0.032276495214026805,0.0023521428395594283,0.0024849666825805467,0.9465490447207181
2019-09-28,0.0022340000141412,0.0022479998879134,0.002202000003308,0.0022219999227672,36239557,DOGECOIN,0.005853264063544916,0.005836200267006419,0.045109327457659734,0.03195968026970628,0.002301857141511729,0.002477766682083347,0.9290048002325585
2019-09-29,0.0022229999303817,0.0023360000923275,0.0021850001066923,0.0022380000445991,41861530,DOGECOIN,-0.004923940774337332,-0.004936103312214925,0.044567078015236676,0.03181643086712613,0.0022491428535431,0.002469133345099723,0.9109037622479079
2019-09-30,0.0023870000150054,0.0024160000029951,0.0021710000000894,0.0022269999608397,56920760,DOGECOIN,0.07377421941508588,0.0711797499782088,0.05533794544706195,0.034544948130665484,0.0022349999884941144,0.002465000011337237,0.906693703129701
2019-10-01,0.0023880000226199,0.0024969999212771,0.0023809999693185,0.0023930000606924,40563787,DOGECOIN,0.0004189390901607748,0.0004188513596817719,0.03140324458552956,0.03452867462150741,0.0022578571390892144,0.0024615333415567236,0.9172563706414392
2019-10-02,0.0023509999737143,0.0024109999649226,0.0023139999248087,0.0023910000454634,42121830,DOGECOIN,-0.015494157686400167,-0.015615446625389636,0.03161201151608701,0.033671756078711694,0.0022798571403004715,0.0024533666747932,0.9292769661072559
2019-10-03,0.0023250000085681,0.0023650000803172,0.0022899999748915,0.0023489999584853,36788344,DOGECOIN,-0.011059109075668427,-0.011120715652761955,0.030493428553864617,0.03369670001672701,0.0023041428399404713,0.002444366676111953,0.9426338783203655
2019-10-04,0.0023600000422447,0.0023630000650882,0.00228299992159,0.0023229999933391,42842902,DOGECOIN,0.015053777869943108,0.014941594213291222,0.029409451354363705,0.03305713165062336,0.002324000000953614,0.0024333666777237597,0.9550554062520284
2019-10-05,0.0023219999857246,0.0023769999388605,0.0023070001043379,0.0023550000041723,39360096,DOGECOIN,-0.016101718576223667,-0.01623275981000522,0.030908801594791598,0.031384854714680936,0.0023365714254655287,0.0024264000123366066,0.9629786570992581
2019-10-06,0.0023459999356418,0.0023620000574737,0.0022899999748915,0.0023229999933391,40093923,DOGECOIN,0.010335895807385365,0.01028284567031043,0.030584341423212508,0.03145438856060057,0.0023541428547884,0.0024209666764363,0.9723978763118435
2019-10-07,0.0023900000378489,0.0024079999420791,0.0023050000891089,0.0023419999051839,48117979,DOGECOIN,0.01875537229930191,0.01858165898165861,0.014749187821100318,0.03167470763611058,0.0023545714294803287,0.0024168000090866635,0.9742516636161997
2019-10-08,0.0023459999356418,0.0024180000182241,0.0023240000009536,0.0023900000378489,49622640,DOGECOIN,-0.01841008431393254,-0.01858165898165858,0.016358373416027767,0.03181824998645089,0.0023485714170548852,0.002411633341883553,0.9738509483454834
2019-10-09,0.0023880000226199,0.0024019998963922,0.0023169999476522,0.0023399998899549,39868870,DOGECOIN,0.01790285086542842,0.017744482204554952,0.016766778233234525,0.03190544820591023,0.002353857138327114,0.0024092000055436634,0.9770285293503225
2019-10-10,0.0023320000618696,0.0024000001139938,0.0023300000466406,0.0023920000530779,49414270,DOGECOIN,-0.02345056960630243,-0.02372990998372658,0.018972484208929625,0.03213838988167548,0.0023548571459416144,0.002405700009937023,0.978865667462528
2019-10-11,0.0023449999280273,0.0023829999845474,0.0022899999748915,0.0023320000618696,40769657,DOGECOIN,0.005574556523501029,0.005559076187310413,0.01808713171709805,0.0320477575682674,0.002352714272481986,0.002403900003991957,0.9787072126856479
2019-10-12,0.0023399998899549,0.0023829999845474,0.0023099998943507,0.0023280000314116,45487600,DOGECOIN,-0.0021322124630538397,-0.002134488864470903,0.016838493513210973,0.03197407484477023,0.0023552856873720286,0.00240106666460627,0.9809330669951437
2019-10-13,0.0024470000062137,0.0026179999113082,0.0023229999933391,0.002339000115171,63249479,DOGECOIN,0.04572654756016359,0.044711904658059735,0.023626712057923625,0.03305525553873084,0.0023697142688823003,0.002401766662175393,0.9866546597561391
2019-10-14,0.0025450000539422,0.0026360000483691,0.002428000094369,0.0024490000214427,62460324,DOGECOIN,0.04004905904358291,0.039267884198001334,0.026569904195448992,0.03380230039707755,0.0023918571283241996,0.0024052333319559064,0.9944387085219589
2019-10-15,0.0025100000202655,0.0025649999734014,0.0024949999060481,0.0025460000615566,50979959,DOGECOIN,-0.013752468736684342,-0.01384790998025246,0.025800700251950446,0.03389204305868872,0.002415285711841871,0.0024068999957913536,1.0034840317691556
2019-10-16,0.0026070000603795,0.0026189999189227,0.0025059999898076,0.002509000012651,50405533,DOGECOIN,0.03864543399634712,0.03791739689429701,0.027896610948882312,0.03456041100833569,0.002446571431521814,0.002411966662233013,1.0143471175744876
2019-10-17,0.0027550000231713,0.0029319999739527,0.0025899999309331,0.002604000037536,69269500,DOGECOIN,0.05677021839817509,0.05521729290361918,0.026725778253329852,0.03426681416908801,0.002506999997422057,0.0024168666607389264,1.0372934668458595
2019-10-18,0.0027060001157224,0.002862999914214,0.0026680000592023,0.0027570000384002,60909633,DOGECOIN,-0.017785810176689565,-0.017945878501803077,0.03059759374641514,0.033598272022857346,0.0025585714528070713,0.0024164333318670034,1.058821453530542
2019-10-19,0.0027429999317973,0.0027950000949203,0.0026680000592023,0.0027040001004934,69804524,DOGECOIN,0.013673249997264936,0.013580614577483314,0.029208910149819505,0.03368357281472758,0.0026161428873559857,0.0024175666660690735,1.0821388812453285
2019-10-20,0.0027300000656396,0.0027749999426305,0.002684999955818,0.0027419999241828,73744712,DOGECOIN,-0.004739287816599602,-0.004750553850515754,0.028978397183885715,0.03359298311577226,0.002656571467273972,0.00241949999860172,1.0979836614214757
2019-10-21,0.002773999935016,0.0028129999991506,0.0026179999113082,0.0027320000808686,82888436,DOGECOIN,0.016117167882225614,0.015988665225862612,0.02708824628270276,0.03309481482261258,0.0026892857359987997,0.00242576666641975,1.1086333130168633
2019-10-22,0.0025649999734014,0.002775999950245,0.0025599999353289,0.0027729999274015,75521553,DOGECOIN,-0.07534245368084147,-0.07833183021363192,0.04347437445329164,0.036224278109402576,0.0026971428721610713,0.0024248666673277264,1.1122850210702104
2019-10-23,0.0024949999060481,0.0025869999080896,0.0023890000302344,0.0025639999657869,79141247,DOGECOIN,-0.027290474884673732,-0.027669776705498986,0.041752594473675735,0.03575738630790414,0.002681142850113729,0.002425166661851053,1.1055499369545587
2019-10-24,0.0025380000006407,0.0025530001148581,0.0024510000366717,0.0024910001084208,81190106,DOGECOIN,0.017234507499725327,0.017087677997229638,0.03419707488011457,0.029243401081366728,0.0026501428468950717,0.00243549999625727,1.0881309180733532
2019-10-25,0.0026839999482035,0.0027139999438077,0.0025019999593496,0.0025390000082552,98533278,DOGECOIN,0.05752559004174285,0.0559318302665475,0.042377212273292775,0.030491181225734396,0.0026469999658209433,0.00245173332902287,1.0796443212182036
2019-10-26,0.0026219999417662,0.0028580001089721,0.0025909999385476,0.0026839999482035,118574429,DOGECOIN,-0.023099853812888038,-0.023370836679365667,0.042535255617539305,0.030619487969223508,0.002629714252959357,0.0024672999900454736,1.065826718911019
2019-10-27,0.0026539999525994,0.0027469999622553,0.0025949999690055,0.0026209999341517,99551356,DOGECOIN,0.012204428506449316,0.012130554918134676,0.04312183670425554,0.030315105168838785,0.002618857093953614,0.0024817333246270295,1.0552532248190656
2019-10-28,0.0026459998916834,0.0027220000047236,0.0026289999950677,0.0026559999678283,92231650,DOGECOIN,-0.003014341016911004,-0.0030188932931711405,0.042240365616164,0.030359198339895536,0.0026005713734775287,0.0024954666538784366,1.0421182625044254
2019-10-29,0.0026549999602138,0.0027280000504106,0.0026440001092851,0.0026469998992979,84394749,DOGECOIN,0.003401386583078869,0.0033956149517317337,0.028077469540837476,0.03029714078383036,0.0026134285144507286,0.0025098666548728403,1.041261897072032
2019-10-30,0.0026159998960793,0.0026819999329745,0.0025969999842345,0.0026559999678283,88132224,DOGECOIN,-0.01468928991296825,-0.014798245838602604,0.025925995979156045,0.027881222635692978,0.0026307142273123284,0.0025174999842419703,1.044970901203182
2019-10-31,0.0026149998884648,0.0026750001125037,0.0025859999004751,0.0026179999113082,72101942,DOGECOIN,-0.0003822659228691627,-0.00038233900511221706,0.025605610237837324,0.02788421697274785,0.0026417142112872,0.0025250666464367998,1.0461958360643688
2019-11-01,0.0026300000026822,0.0026390000712126,0.0025909999385476,0.0026169999036937,78282711,DOGECOIN,0.005736181589746092,0.005719792344719858,0.012293828024674745,0.02766355589708486,0.0026339999333555857,0.0025343666474023966,1.039312893442355
2019-11-02,0.0026269999798387,0.0026509999297559,0.0025969999842345,0.0026310000102967,63232423,DOGECOIN,-0.0011406930952245764,-0.0011413441807662716,0.008370869389022833,0.027538438552827782,0.0026347142245088,0.0025444333131114166,1.0354817361226043
2019-11-03,0.0026370000559836,0.0026740001048892,0.0026219999417662,0.0026269999798387,57894711,DOGECOIN,0.0038066525396449613,0.003799425572428739,0.006859706719782974,0.027461799429571113,0.0026322856678493997,0.0025536666469027137,1.0307867203583683
2019-11-04,0.0026140001136809,0.0026449998840689,0.0025899999309331,0.0026350000407546,64040500,DOGECOIN,-0.008722010547747572,-0.00876026990990405,0.007468956439658593,0.027308236959860142,0.0026277142709918997,0.002563399984501257,1.0250894463913152
2019-11-05,0.0026239999569952,0.0026509999297559,0.0025750000495463,0.0026130001060664,78458702,DOGECOIN,0.0038254945980924493,0.003818196001538378,0.007518907584411931,0.027282022248635126,0.0026232856991035285,0.0025726666518797034,1.0196757116538362
2019-11-06,0.0026279999874532,0.0026499999221414,0.0026149998884648,0.0026229999493807,88212203,DOGECOIN,0.0015244018763556078,0.0015232411552691635,0.0048174925633980735,0.027139265346862246,0.0026249999978712286,0.00258059998353318,1.0172053067586473
2019-11-07,0.0027250000275671,0.0027340000960975,0.0026080000679939,0.0026279999874532,97141368,DOGECOIN,0.036910213309362616,0.03624534238348723,0.01422015795502268,0.027468425763587982,0.0026407143034572716,0.0025932333199306904,1.018309568661508
2019-11-08,0.0026529999449849,0.0027310000732541,0.0026030000299215,0.0027230000123381,88039087,DOGECOIN,-0.02642204838672324,-0.02677738381291128,0.01883835565705873,0.027954089813650263,0.002644000009500514,0.0026020666506761897,1.0161154053503694
2019-11-09,0.0027129999361932,0.0027419999241828,0.0026499999221414,0.0026539999525994,93120071,DOGECOIN,0.02261590367603339,0.022363955739222525,0.02037458140522644,0.027670687000919462,0.0026562857175511574,0.002614766646486977,1.015878690788703
2019-11-10,0.0027749999426305,0.0027850000187754,0.002686999971047,0.0027119999285787,96734959,DOGECOIN,0.022852933245658846,0.022595716366818435,0.021460846589662446,0.027855819237180203,0.0026759999870721433,0.002629099980307083,1.0178388068602786
2019-11-11,0.0027149999514222,0.0027799999807029,0.0026690000668168,0.0027749999426305,84608148,DOGECOIN,-0.02162161890044012,-0.021858791031180966,0.023561476134139458,0.028274594626893752,0.0026904285353209004,0.0026415999823559935,1.0184844614215047
2019-11-12,0.0027250000275671,0.002735000103712,0.002678999910131,0.0027139999438077,72506822,DOGECOIN,0.0036832693642081527,0.0036765027380514133,0.023563138164383154,0.027259289343082267,0.0027048571168311717,0.00265086664973444,1.0203671003602315
2019-11-13,0.0026980000548064,0.0027250000275671,0.0026650000363588,0.0027230000123381,80974477,DOGECOIN,-0.009908246784425034,-0.009957660132296469,0.024266657976530857,0.02650864728896723,0.0027148571264530574,0.0026559666497632467,1.0221728976510531
2019-11-14,0.0026799999177455,0.0026980000548064,0.0026420000940561,0.0026940000243484,77359949,DOGECOIN,-0.006671659264362639,-0.006694014268490577,0.01967832249928143,0.02639359856686214,0.002708428539335686,0.00266163331301258,1.017581394887991
2019-11-15,0.0026569999754428,0.002688999986276,0.0026090000756084,0.0026819999329745,78888251,DOGECOIN,-0.008582068286796196,-0.008619106295564739,0.016931065545949118,0.025575935621037032,0.0027089999722582432,0.002663299976848024,1.0171591618696683
2019-11-16,0.0026690000668168,0.0026750001125037,0.0026360000483691,0.0026569999754428,71531457,DOGECOIN,0.004516406279604812,0.0045062379215590476,0.014155421080154417,0.023429709939574443,0.0027027142766330435,0.0026604333116362067,1.0158925107469932
2019-11-17,0.0026479999069124,0.0027179999742656,0.0026410000864416,0.0026690000668168,74498787,DOGECOIN,-0.00786817511377802,-0.007899292535947941,0.008932839836008967,0.023251109425702295,0.0026845714143876,0.00265849997134254,1.0098068246477707
2019-11-18,0.0025760000571608,0.0027149999514222,0.0025490000844001,0.0026479999069124,72521449,DOGECOIN,-0.02719027654179662,-0.027566772488975128,0.010644563887796813,0.02358946988073621,0.0026647142866359714,0.0026529333088546564,1.004440736501741
2019-11-19,0.0025480000767856,0.0026080000679939,0.002519000088796,0.0025760000571608,85557575,DOGECOIN,-0.010869557357875648,-0.01092906258630634,0.009451492555448214,0.0236403807803337,0.0026394285793814717,0.0026468666425595237,0.997189861000757
2019-11-20,0.0025559999048709,0.0026980000548064,0.0025430000387132,0.0025480000767856,77286260,DOGECOIN,0.003139649860369076,0.0031347314517777987,0.010593957616470152,0.02341287605512902,0.0026191428436764,0.00263959997488802,0.9922499123328383
2019-11-21,0.00242600007914,0.0025659999810159,0.002377999946475,0.0025549998972564,95999426,DOGECOIN,-0.05086065358733505,-0.05219965615387281,0.01980993343110045,0.020848777883157664,0.002582857152447043,0.0026349666450793067,0.9802238511331534
2019-11-22,0.0023620000574737,0.002519000088796,0.0022390000522136,0.00242600007914,109619351,DOGECOIN,-0.026380881936734157,-0.026735101035645126,0.020136219194563317,0.020809535508980525,0.0025407143070228858,0.0026305333167934934,0.9658552092090235
2019-11-23,0.0025049999821931,0.002506999997422,0.0023270000237971,0.0023640000727027,112247814,DOGECOIN,0.06054188028782148,0.05877998532047317,0.03481320504863412,0.023352975708864358,0.0025172857235052143,0.002629433316178573,0.9573491398381055
2019-11-24,0.0023650000803172,0.0025100000202655,0.0022980000358074,0.002509000012651,101469803,DOGECOIN,-0.055888184778880357,-0.057510671523628355,0.03929870988529484,0.02309398894030793,0.002476857176848757,0.00261879998724903,0.9457985294442514
2019-11-25,0.0022859999444335,0.0023690001107752,0.0021279999054968,0.0023690001107752,129591062,DOGECOIN,-0.033403861818518066,-0.03397451483934348,0.03968181693136318,0.023475236759826,0.0024354285893162858,0.00260759998733794,0.9339732325288813
2019-11-26,0.002290999982506,0.0023419999051839,0.0022650000173598,0.002286999952048,100273990,DOGECOIN,0.0021872433044782813,0.002184854770078287,0.04032398235674179,0.023300817921143822,0.002398714290133486,0.0025954999883348265,0.9241819691443763
2019-11-27,0.002339000115171,0.0023580000270158,0.0022289999760687,0.002290999982506,100345294,DOGECOIN,0.020951607608698186,0.020735141006067756,0.04216368774972406,0.023765996217457282,0.002367714320176357,0.0025852666624510802,0.9158491673472234
2019-11-28,0.0023129999171942,0.002379999961704,0.0023129999171942,0.002337000099942,97959428,DOGECOIN,-0.011115945573563657,-0.011178189392330748,0.03844096762780091,0.023756215254039693,0.0023515714398983853,0.0025738666610170932,0.9136337462676232
2019-11-29,0.0024560000747442,0.0024580000899732,0.0023050000891089,0.0023149999324232,97859845,DOGECOIN,0.06182454071311305,0.059988693269073176,0.04445518130385827,0.02642303846878647,0.002365000013794171,0.002568533333639257,0.9207589338322087
2019-11-30,0.0023199999704957,0.0024739999789744,0.0023139999248087,0.0024560000747442,89565611,DOGECOIN,-0.05537463359510064,-0.05696686775735388,0.042864901428032016,0.028252191810504784,0.002338571440694543,0.0025587000030402865,0.9139685926118016
2019-12-01,0.0022919999901205,0.0023940000683069,0.0022569999564439,0.0023199999704957,77007809,DOGECOIN,-0.012068957211761155,-0.012142378418782159,0.037781855228736484,0.02822871709878424,0.0023281428563807285,0.0025474333359548967,0.913917088043457
2019-12-02,0.0022350000217556,0.0023119999095797,0.002204000018537,0.002292999997735,66782510,DOGECOIN,-0.024869096252440936,-0.025183556742484396,0.03677060715432612,0.028467836217015353,0.002320857153141028,0.00253436667068546,0.9157542908001213
2019-12-03,0.0022169998846948,0.0022559999488294,0.0021669999696314,0.0022340000141412,62508732,DOGECOIN,-0.008053752521514856,-0.0080863591749707,0.036723738299670565,0.028418247689987502,0.002310285710596571,0.002520366664975833,0.9166466699870924
2019-12-04,0.002208000048995,0.0022410000674426,0.0021649999544024,0.0022169998846948,73151442,DOGECOIN,-0.004059466020693625,-0.0040677280199975675,0.0350186594146684,0.028414208655467586,0.0022915714154285714,0.0025068333294863037,0.9141299457264502
2019-12-05,0.0022229999303817,0.0023050000891089,0.0021720000077039,0.0022090000566095,66757792,DOGECOIN,0.006793424390333369,0.006770453060171917,0.035421919206030196,0.02845313260153976,0.0022787142744553567,0.0024934666619325203,0.9138739688178854
2019-12-06,0.0022259999532252,0.0022799998987466,0.0021800000686198,0.0022209999151527,66932958,DOGECOIN,0.0013495379835595234,0.0013486281756299055,0.02150686849467234,0.02845165825183217,0.0022458571142383566,0.0024800666607915868,0.9055632051122064
2019-12-07,0.0022299999836832,0.0022479998879134,0.0022009999956935,0.0022299999836832,62933099,DOGECOIN,0.0017969589137700748,0.0017953463146617363,0.010730267507972928,0.027382389165880098,0.002232999973265143,0.0024635666593287903,0.9064093982638707
2019-12-08,0.0022380000445991,0.0023409998975694,0.0022070000413805,0.0022299999836832,55442239,DOGECOIN,0.0035874712889847338,0.003581051662762009,0.010790776957236016,0.027174316199218895,0.0022252856953335143,0.00244973332931593,0.9083787482921291
2019-12-09,0.002208000048995,0.0022509999107569,0.00219799997285,0.0022370000369846,62696753,DOGECOIN,-0.013404823505923646,-0.013495479213225702,0.007149189788356127,0.026682883816311186,0.002221428556367714,0.002432899999742657,0.9130784481905088
2019-12-10,0.002204000018537,0.0022219999227672,0.0021850001066923,0.002208000048995,69802464,DOGECOIN,-0.001811607957083461,-0.0018132509033280514,0.006591995607636408,0.026119757186511834,0.0022195714326308856,0.0024138666689395402,0.9195087123871625
2019-12-11,0.0021850001066923,0.0022400000598281,0.0021810000762343,0.002202000003308,64108062,DOGECOIN,-0.008620649584799911,-0.008658022324304872,0.007169591841307106,0.025983482214326222,0.0022162857265876426,0.0023962000074485433,0.9249168348628493
2019-12-12,0.0021879998967051,0.00219799997285,0.0021669999696314,0.0021850001066923,66238690,DOGECOIN,0.0013729015406507283,0.0013719599730184794,0.006378962331636169,0.02595348728265166,0.0022112857217767,0.0023783000030864767,0.9297757721511032
2019-12-13,0.0021750000305473,0.002208000048995,0.0021649999544024,0.0021869998890906,65851726,DOGECOIN,-0.005941438195393056,-0.005959158764615673,0.006285903868351975,0.025949720241716847,0.002204000018537,0.0023608666689445067,0.9335554809295357
2019-12-14,0.0021699999924749,0.002204000018537,0.0021500000730156,0.0021750000305473,71849717,DOGECOIN,-0.0022988680469774314,-0.0023015145008028486,0.005910744632863041,0.025964960329886686,0.0021954285912215285,0.002343866671435486,0.9366695716855568
2019-12-15,0.0021540001034736,0.0021710000000894,0.0020800000056624,0.0021710000000894,66491990,DOGECOIN,-0.007373220763495114,-0.007400537312501563,0.004979314193538211,0.02596335197516681,0.0021834285996321715,0.002327100009036513,0.9382616093651145
2019-12-16,0.002121000085026,0.0021840000990778,0.0021120000164955,0.0021540001034736,68370095,DOGECOIN,-0.015320342090226924,-0.01543891110183948,0.005525872589788738,0.025913986787642927,0.002171000033350886,0.00230883334297682,0.9403017502128487
2019-12-17,0.0020179999992251,0.0021520000882446,0.0019970000721514,0.0021200000774115,85349928,DOGECOIN,-0.048562037563349425,-0.049780794122815886,0.017216366020362563,0.027031333551884144,0.0021444286020206147,0.00228783334605391,0.9373185357750634
2019-12-18,0.0021830000914633,0.0021919999271631,0.0020079999230802,0.0020250000525265,98147109,DOGECOIN,0.08176416863308167,0.07859319791836712,0.038709854829684975,0.031158267018805374,0.0021441428855593285,0.0022747333471973266,0.9425908703545859
2019-12-19,0.002123000100255,0.0021989999804645,0.0020490000024437,0.0021820000838488,79064574,DOGECOIN,-0.027485107051956725,-0.02786988952140356,0.04007442978882472,0.03141219512231603,0.0021348572003521715,0.002260566681312973,0.9443902796586441
2019-12-20,0.0020749999675899,0.0021410000044852,0.0020479999948292,0.0021269998978823,67083802,DOGECOIN,-0.02260957625924498,-0.022869091881050768,0.040695393212835745,0.03150771130944574,0.002120571477072543,0.002244533350070273,0.9447716501989827
2019-12-21,0.0020840000361204,0.0020880000665783,0.0020439999643713,0.0020769999828189,66682998,DOGECOIN,0.004337382492084485,0.004328003160029965,0.040892132606275895,0.030378317611317544,0.0021082857690219,0.0022331333486362865,0.9440930924744698
2019-12-22,0.002115000039339,0.0021200000774115,0.0020699999295175,0.0020820000208914,70976748,DOGECOIN,0.014875241209836965,0.014765689874875055,0.04159761098688958,0.030302320791569533,0.0021027143312883855,0.0022249000146984635,0.9450826182736856
2019-12-23,0.0020729999523609,0.0021369999740272,0.0020550000481307,0.00211300002411,77708509,DOGECOIN,-0.019858196783403503,-0.020058020625351385,0.04187077243946833,0.028032133113679168,0.0020958571694790857,0.0022105000137040568,0.9481371438524137
2019-12-24,0.0020729999523609,0.0021140000317245,0.0020520000252872,0.0020729999523609,71860410,DOGECOIN,0.0,0.0,0.03654313228628668,0.026324396197893105,0.002103714305641343,0.002200766676105513,0.9559006542956592
2019-12-25,0.0020880000665783,0.0020979999098926,0.0020359999034553,0.0020719999447464,79207264,DOGECOIN,0.007235945278395661,0.0072098914336611785,0.016871973149898686,0.025797112737607784,0.002090142873514914,0.0021941666801770067,0.9525907454516168
2019-12-26,0.0020580000709742,0.0020979999098926,0.0020469999872148,0.0020860000513494,71906467,DOGECOIN,-0.014367813528503692,-0.014472030007716014,0.014636515755187198,0.025860403320273884,0.0020808571550462287,0.0021864000164592804,0.9517275610050667
2019-12-27,0.0020530000329017,0.0020749999675899,0.002032000105828,0.0020590000785887,75486740,DOGECOIN,-0.0024295616618384974,-0.002432517835881597,0.012180518375988072,0.025452104138763566,0.0020777143072336288,0.0021768666803836365,0.9544517934683378
2019-12-28,0.0020639998838305,0.0020900000818073,0.0020510000176727,0.0020530000329017,64539193,DOGECOIN,0.005357939967128411,0.0053436372726889825,0.012267563551546875,0.02547793863952888,0.0020748571426207857,0.0021685666792715134,0.956787339053735
2019-12-29,0.0020679999142885,0.0021140000317245,0.0020560000557452,0.0020630001090466,67109832,DOGECOIN,0.001937999361984577,0.0019361238639727509,0.010245479776411576,0.02249643123536963,0.002068142839042143,0.0021556333405896564,0.9594130876062711
2019-12-30,0.0020540000405162,0.0020769999828189,0.0020429999567568,0.0020699999295175,73171188,DOGECOIN,-0.006769765160805963,-0.006792783967737619,0.007457352709160765,0.02031541435967449,0.0020654285659214714,0.002146766676257007,0.9621113410995588
2019-12-31,0.00202800007537,0.0020560000557452,0.0020220000296831,0.0020560000557452,69469785,DOGECOIN,-0.012658210629667654,-0.012739008338247149,0.008556269201735725,0.020323890401239133,0.0020590000120656285,0.0021379666790986565,0.9630645941281369
2020-01-01,0.0020330001134425,0.0020520000252872,0.0020210000220686,0.00202800007537,51180941,DOGECOIN,0.0024655019165062964,0.002462467553118604,0.007749745286499581,0.019957433536467395,0.0020511428759033717,0.002131233348821553,0.962420598869445
2020-01-02,0.0020089999306946,0.0021100000012665,0.0019829999655485,0.0020339998882263,65071106,DOGECOIN,-0.011805303201513406,-0.011875539111413685,0.007196991584682254,0.02000164345245611,0.0020441428558634284,0.0021243000170215465,0.9622665534454472
2020-01-03,0.0021450000349432,0.0021770000457763,0.0019910000264644,0.0020079999230802,62619988,DOGECOIN,0.06769542505737114,0.065502517335181,0.027092028228074605,0.02361438279994138,0.0020572857132979284,0.0021222000165531532,0.969411788356944
2020-01-04,0.0022410000674426,0.0024900001008063,0.0020500000100582,0.0021440000273287,94227582,DOGECOIN,0.04475525917739298,0.043782656243141524,0.03054970533075575,0.0249609206801624,0.0020825714538139427,0.00212280002112185,0.981049290132074
2020-01-05,0.0024190000258386,0.0024910001084208,0.002117000054568,0.0022400000598281,52631740,DOGECOIN,0.07942880546145248,0.07643201739575364,0.0385006279328217,0.02857544680462377,0.0021327143268925286,0.00212923335687563,1.001634846648282
2020-01-06,0.002462999895215,0.0025639999657869,0.0023789999540895,0.0024180000182241,54562409,DOGECOIN,0.01818928024242017,0.018025834285342532,0.036452951861169695,0.028709656110484774,0.0021911428775637856,0.0021370000205933565,1.0253359178515102
2020-01-07,0.0024329998996108,0.0024969999212771,0.0023539999965578,0.0024850000627338,52767343,DOGECOIN,-0.012180266699354125,-0.012255054054857146,0.03636772308039607,0.028849793622666268,0.0022489999953124716,0.0021435000157604134,1.0492185578616064
2020-01-08,0.002292999997735,0.002464999910444,0.0022650000173598,0.0024329998996108,77251526,DOGECOIN,-0.05754209110250896,-0.05926401965191829,0.04849161059062123,0.030879178055992895,0.0022861428359256856,0.0021463333473850797,1.0651387580176856
2020-01-09,0.0022559999488294,0.0023139999248087,0.0021450000349432,0.002290999982506,70690571,DOGECOIN,-0.01613608763286023,-0.016267691934169923,0.04895660769070055,0.031041113470702427,0.0023214285528020857,0.0021480666783948266,1.0807060023559447
2020-01-10,0.0023560000117868,0.0023610000498592,0.0021989999804645,0.0022549999412149,87683356,DOGECOIN,0.044326270046809224,0.043371959838417753,0.045888036090794136,0.03193636563594888,0.0023515714066368854,0.00215376667523131,1.0918413000258402
2020-01-11,0.0023139999248087,0.0023729999084025,0.0022960000205785,0.0023509999737143,94203409,DOGECOIN,-0.01782686195584815,-0.017987674514821677,0.045003190795851356,0.0321550350773902,0.0023619999576891854,0.0021579666761680967,1.0945488564649157
2020-01-12,0.0023809999693185,0.0024129999801516,0.0023129999171942,0.0023129999171942,79426215,DOGECOIN,0.028954212051385042,0.028542958341348637,0.0347264250683444,0.03248085209105496,0.0023565713781863143,0.0021648333407938035,1.0885694218485216
2020-01-13,0.0023580000270158,0.0024069999344646,0.0023270000237971,0.0023809999693185,83849846,DOGECOIN,-0.009659782695958241,-0.009706741046491952,0.033589450707071,0.0325507227282689,0.002341571397015,0.0021711000086118335,1.0785184412173454
2020-01-14,0.0024699999485164,0.0025140000507235,0.0023399998899549,0.0023580000270158,128635383,DOGECOIN,0.04749784572409155,0.046404316224061534,0.038754104924558,0.033441147389459976,0.0023468571182872285,0.0021816333367799265,1.0757339827558607
2020-01-15,0.0023690001107752,0.0025410000234842,0.0023630000650882,0.0024679999332875,128940321,DOGECOIN,-0.04089062341959382,-0.041750157859354826,0.03445477929564662,0.03431736192021546,0.0023577142772929715,0.0021899000043049,1.0766310208951013
2020-01-16,0.0023449999280273,0.002424000063911,0.002292999997735,0.002371999900788,98124199,DOGECOIN,-0.01013093356928818,-0.010182600730708808,0.03391130170034851,0.032923176330510937,0.0023704285600355287,0.00220080000193164,1.0770758623932233
2020-01-17,0.0024900001008063,0.0025160000659525,0.0023099998943507,0.0023459999356418,117752841,DOGECOIN,0.061833764276905345,0.05999737975481401,0.0374057452747128,0.03163998891830979,0.002389571429895457,0.0022110333355764068,1.080748712127629
2020-01-18,0.002506999997422,0.0025380000006407,0.0024520000442862,0.0024900001008063,108133943,DOGECOIN,0.006827267440750351,0.006804067186762355,0.03567968582892789,0.031048849449387603,0.0024171428688402143,0.0022238333321486403,1.0869262700117912
2020-01-19,0.0024049999192357,0.0025700000114738,0.0023590000346302,0.0025140000507235,108085147,DOGECOIN,-0.04068611020789337,-0.04153694817194117,0.03968894010685521,0.031815479419208925,0.0024205714331141,0.002234833330536833,1.0831104942097183
2020-01-20,0.002373999916017,0.0024230000562965,0.0023590000346302,0.0024049999192357,92022277,DOGECOIN,-0.012889814661013133,-0.012973609164577016,0.03986059489639977,0.03198294631151132,0.0024228571315428426,0.002244499993200053,1.079464085044839
2020-01-21,0.002375999931246,0.0024029999040067,0.0023350000847131,0.002373999916017,84321565,DOGECOIN,0.0008424664278656735,0.0008421117522122082,0.03457364972331024,0.03192745854646288,0.0024094285576470717,0.002253199989596953,1.0693363078161848
2020-01-22,0.0023229999933391,0.0023990001063793,0.0023199999704957,0.002375999931246,82852580,DOGECOIN,-0.02230637181841444,-0.022558921642627263,0.03187994467105963,0.03199530614921072,0.002402857112299057,0.002261533324296226,1.0624902522923512
2020-01-23,0.0022680000402033,0.0023580000270158,0.0022380000445991,0.0023229999933391,91866620,DOGECOIN,-0.023676260565434815,-0.023961047329074017,0.03282305597328204,0.0323899555821478,0.0023918571283241996,0.0022680333272243067,1.05459522997902
2020-01-24,0.0022760001011192,0.002292999997735,0.0022110000718384,0.0022680000402033,86865882,DOGECOIN,0.0035273636570054556,0.0035211571007262854,0.01771272986832195,0.0323804102741486,0.002361285699797471,0.0022742999950423363,1.038247243083477
2020-01-25,0.0022569999564439,0.0022760001011192,0.0022350000217556,0.0022760001011192,82421399,DOGECOIN,-0.008348042105075781,-0.008383082155383702,0.015724410686372474,0.03228688338016932,0.0023255714082291716,0.002280933324557993,1.0195700957983191
2020-01-26,0.0023050000891089,0.0023070001043379,0.0022400000598281,0.0022579999640583,73458474,DOGECOIN,0.021267227997925353,0.021044236570399166,0.015916100999458695,0.032432928141568715,0.002311285718211057,0.002289333326431567,1.0095889888667755
2020-01-27,0.0023680001031607,0.0024129999801516,0.00228299992159,0.0023040000814944,89023414,DOGECOIN,0.027331892241338362,0.026965045478673125,0.019729332204125604,0.0327061314581961,0.002310428602088729,0.0022994666670759067,1.0047671641297422
2020-01-28,0.0024500000290572,0.0024500000290572,0.0023630000650882,0.0023650000803172,91528771,DOGECOIN,0.034628345576104724,0.03404227583047423,0.023664974096952986,0.033139056824496,0.0023210000446331857,0.0023122000042348633,1.0038059166085136
2020-01-29,0.0023900000378489,0.0024709999561309,0.0023900000378489,0.0024510000366717,80676219,DOGECOIN,-0.02448979203946744,-0.02479465463693818,0.024100252658913284,0.03353278105525837,0.002330571479563157,0.0023234000041459533,1.0030866296825371
2020-01-30,0.0024399999529123,0.0024459999985992,0.0023709998931735,0.0023910000454634,83967914,DOGECOIN,0.02092046622241983,0.020704638227093616,0.021180245611298422,0.03347685848872642,0.002355142895664443,0.0023371333333973635,1.0077058343269187
2020-01-31,0.0023940000683069,0.0024580000899732,0.0023690001107752,0.0024399999529123,76519295,DOGECOIN,-0.018852412087342896,-0.019032384338551905,0.0239437822444149,0.03378741708054134,0.0023720000338341143,0.002349166665226177,1.0097197738014638
2020-02-01,0.002422000048682,0.0024309998843818,0.002381999976933,0.0023910000454634,78730830,DOGECOIN,0.011695897901499386,0.011628029562497075,0.02294399593625678,0.0336440548772968,0.002395571475582414,0.0023629333358257563,1.0138125520774592
2020-02-02,0.0024679999332875,0.0025059999898076,0.0023950000759214,0.0024210000410676,91552515,DOGECOIN,0.018992520099465837,0.018814413781326575,0.02278129753384131,0.03183925331636149,0.0024188571676079284,0.0023736999991039,1.019023957754171
2020-02-03,0.0024399999529123,0.002517000073567,0.0024270000867545,0.0024659999180585,78856631,DOGECOIN,-0.011345211155618928,-0.011410059005271696,0.022567621624624112,0.031087335686304004,0.0024291428604295852,0.0023803333286195566,1.020505334787853
2020-02-04,0.0025029999669641,0.0025029999669641,0.0024019998963922,0.0024379999376833,89790002,DOGECOIN,0.025819678388356415,0.025491979244242846,0.020854565555294927,0.028184527334911197,0.0024367142801305715,0.0023831333266570733,1.0224834057222718
2020-02-05,0.0025820001028478,0.0026300000026822,0.0024920001160353,0.0025029999669641,105741619,DOGECOIN,0.031562180154368624,0.031074333005944903,0.01902971431291056,0.02855241591671177,0.0024641428608447,0.0023871000002448333,1.0322746682551904
2020-02-06,0.0026529999449849,0.0026769998949021,0.0025740000419318,0.0025830001104623,108711614,DOGECOIN,0.027498001281561324,0.02712672216160283,0.019715823946489564,0.02879898730738513,0.002494571431140786,0.0023944333350906367,1.04182120862695
2020-02-07,0.0027689998969435,0.002769999904558,0.0026469998992979,0.0026539999525994,130273878,DOGECOIN,0.043724068738817845,0.042795152552212216,0.01720922878011447,0.02718713976745899,0.002548142835231728,0.0024102999983975867,1.0571890789220355
2020-02-08,0.0031590000726282,0.0032089999876916,0.0027220000047236,0.0027670001145452,203803814,DOGECOIN,0.14084513911148688,0.1317693378399557,0.044623891473978834,0.03520458957355484,0.0026534285529383286,0.002440400002524213,1.0872924726248856
2020-02-09,0.0032319999299943,0.003531000111252,0.0031520000193268,0.0031560000497847,218861527,DOGECOIN,0.02310853298125015,0.022845574187838308,0.04436099640742229,0.034754794699465276,0.0027625714096107283,0.0024695999997977965,1.1186311183337057
2020-02-10,0.0029859999194741,0.003303000004962,0.0029039999935775,0.0032339999452233,195582003,DOGECOIN,-0.076113866289791,-0.07916644684948745,0.061250383566438235,0.03811840546558176,0.0028405714048338427,0.002491999999619977,1.1398761658374887
2020-02-11,0.0030410001054406,0.003084999974817,0.0028639999218285,0.0030110001098364,169747135,DOGECOIN,0.018419352796294364,0.018251771219047495,0.06137750239491826,0.03797784715030684,0.0029174285674733427,0.0025140000041573795,1.160472777505496
2020-02-12,0.0030930000357329,0.0031729999464005,0.0030129998922348,0.0030410001054406,181406960,DOGECOIN,0.017099614761363346,0.016955061887532034,0.06148439934080252,0.03785720236108325,0.0029904285578855002,0.0025385000044479498,1.1780297627125007
2020-02-13,0.0030259999912232,0.003216000040993,0.0029730000533163,0.0030640000477433,168543942,DOGECOIN,-0.021661831146349786,-0.02189989279005993,0.0640466175169396,0.03758581727481702,0.0030437142787766856,0.0025570333392048433,1.1903303066526245
2020-02-14,0.0031300000846385,0.0031469999812543,0.0029810001142323,0.0029990000184625,140849233,DOGECOIN,0.03436883467182694,0.03379141912741426,0.06357290090076262,0.03674433346262172,0.003095285734161686,0.002582400005000286,1.1986081661122607
2020-02-15,0.0029200001154094,0.0031810000073164,0.0028389999642968,0.0030980000738054,144726029,DOGECOIN,-0.06709264011197424,-0.06944937578915901,0.046494351049489215,0.03932943275368783,0.003061142883130429,0.0026015666779130235,1.1766536330278021
2020-02-16,0.002773999935016,0.0029649999924004,0.0026259999722242,0.002917000092566,149831933,DOGECOIN,-0.05000005980237099,-0.05129335733741671,0.04587617223533116,0.03943692067067031,0.0029957143124192433,0.0026110333390533466,1.1473290162987217
2020-02-17,0.0027119999285787,0.002771999919787,0.0025470000691711,0.0027399999089539,149622002,DOGECOIN,-0.022350399383460062,-0.022603954723678845,0.038479081176504164,0.03971902129061194,0.002956571456577043,0.0026178666700919033,1.1293819850929416
2020-02-18,0.0028389999642968,0.0028460000175982,0.0026549999602138,0.0026769998949021,144188844,DOGECOIN,0.04682892295821617,0.04576552117199531,0.04338522235198988,0.03957013164379561,0.0029277142935565004,0.0026323333382606067,1.1122125951917152
2020-02-19,0.0026239999569952,0.0028739999979734,0.0026239999569952,0.0028389999642968,136889052,DOGECOIN,-0.07573089468314032,-0.07875201022203854,0.048339049714451014,0.0423551975691791,0.0028607142823082574,0.0026406666729598804,1.0833303239676704
2020-02-20,0.0026589999906718,0.0026730000972747,0.0025690000038594,0.0026249999646097,187866681,DOGECOIN,0.013338427686820253,0.013250254059903682,0.05031718147175685,0.04239055884631484,0.0028082857108009144,0.002650100008274073,1.0596904652778982
2020-02-21,0.0026479999069124,0.0027030000928789,0.0026140001136809,0.0026559999678283,157652567,DOGECOIN,-0.0041369250838623195,-0.004145505831888066,0.045569050068173154,0.042128974303447864,0.0027394285425543286,0.0026609333387265168,1.02949912449343
2020-02-22,0.0026010000146925,0.0026549999602138,0.0025770000647753,0.0026499999221414,156145895,DOGECOIN,-0.01774920463449059,-0.01790861080553035,0.04090605940784462,0.04200295288095373,0.0026938570995947713,0.0026720333378761566,1.0081674735899668
2020-02-23,0.0026799999177455,0.0026819999329745,0.00259599997662,0.002600000007078,180747902,DOGECOIN,0.030372896042578423,0.02992077171548392,0.040919130086317444,0.04225607646401702,0.0026804285256989855,0.0026854999984303666,0.9981115350086222
2020-02-24,0.0025899999309331,0.002686999971047,0.0025569999124854,0.002678999910131,159143744,DOGECOIN,-0.03358208566219312,-0.034158914786097914,0.041970740883348026,0.042805451158618654,0.002662999954606757,0.0026965999975800065,0.9875398490679363
2020-02-25,0.0024759999942034,0.0025909999385476,0.0024359999224543,0.0025899999309331,178541404,DOGECOIN,-0.04401542076050524,-0.04501349656345427,0.036810085403534205,0.04362096039149103,0.0026111428160219856,0.00270229999441649,0.9662668176801783
2020-02-26,0.002339000115171,0.0024870000779628,0.0022110000718384,0.0024749999865889,201370789,DOGECOIN,-0.05533113059496475,-0.056920815639775774,0.03149932086821423,0.04466711106688163,0.002570428552904243,0.0027013333281501665,0.9515406803441153
2020-02-27,0.0023240000009536,0.0024029999040067,0.0022980000358074,0.002337000099942,162813946,DOGECOIN,-0.006413045523216199,-0.006433697441467307,0.029203567611471654,0.04419940279911341,0.002522571411515929,0.00269713332721338,0.9352787220653253
2020-02-28,0.002288999967277,0.0023729999084025,0.0022259999532252,0.0023229999933391,153544453,DOGECOIN,-0.015060255448467563,-0.01517481272532465,0.02854369863988616,0.04406120548858864,0.002471285705853729,0.0026937666581943165,0.9174089739124914
2020-02-29,0.0022350000217556,0.0023199999704957,0.0022299999836832,0.0022859999444335,146635830,DOGECOIN,-0.0235910643483489,-0.023873788875085983,0.028531586108322418,0.04404034907239444,0.0024189999925770286,0.0026869333271557594,0.9002828496446726
2020-03-01,0.0022750000935047,0.0022970000281929,0.0022229999303817,0.0022330000065267,162437207,DOGECOIN,0.017897123650889357,0.017738855704298766,0.025015599875861768,0.04408827781157936,0.0023611428748283427,0.00268296666132902,0.8800492786066673
2020-03-02,0.0023489999584853,0.002369999885559,0.0022559999488294,0.0022780001163482,165788612,DOGECOIN,0.03252741184137742,0.03200959449954509,0.031844351217520786,0.04445623371831795,0.0023267143073358,0.0026805333249891304,0.868004245888357
2020-03-03,0.0024989999365061,0.0025249999016523,0.0023159999400377,0.0023479999508708,174988479,DOGECOIN,0.0638569521804182,0.061900938441666754,0.039243679756874914,0.045794938398416564,0.002330000013379043,0.00268156665842975,0.8688950565724237
2020-03-04,0.0023980000987648,0.0025080000050365,0.0023670000955462,0.0024999999441206,144601436,DOGECOIN,-0.040416102564015954,-0.04125552865344829,0.035651077686580615,0.04638113806078168,0.0023384285824638714,0.0026801666632915,0.8724937200703997
2020-03-05,0.0025059999898076,0.0025309999473392,0.0023950000759214,0.0023990001063793,104912777,DOGECOIN,0.045037483984437854,0.044052754615034266,0.03830095947991893,0.046862195062853114,0.0023644285808715857,0.00268026666405295,0.8821616940518257
2020-03-06,0.0024959999136626,0.002517000073567,0.0024470000062137,0.0025039999745786,100268192,DOGECOIN,-0.003990453386142234,-0.0039984364898017375,0.03725785000121754,0.046497335954929137,0.0023940000017838143,0.00267739999108011,0.8941510457008827
2020-03-07,0.0024049999192357,0.002513000043109,0.0024009998887777,0.0025009999517351,88138038,DOGECOIN,-0.03645833236162577,-0.03713954594098185,0.039667929983445926,0.046630885880807486,0.002418285701423829,0.002669133323555137,0.9060190737129635
2020-03-08,0.0021869998890906,0.0024079999420791,0.0021840000990778,0.0024059999268501,101738284,DOGECOIN,-0.09064450622284403,-0.09501917899429638,0.05582809881420612,0.04867952490449377,0.0024057142436503857,0.0026497333232933734,0.9079080609743418
2020-03-09,0.0022140000946819,0.0022360000293701,0.0021069999784231,0.0021889999043196,137033008,DOGECOIN,0.01234577364451872,0.01227018606993213,0.05408088325730531,0.041169464788188025,0.0023864285488213286,0.0026182333240284965,0.9114651956035356
2020-03-10,0.0022070000413805,0.0022630000021308,0.0021659999620169,0.0022169998846948,115431584,DOGECOIN,-0.003161722223144703,-0.0031667310272708027,0.04476151559117517,0.04068464097849019,0.0023447142780891003,0.0025840666610747035,0.9073737583510878
2020-03-11,0.0021840000990778,0.0022279999684542,0.0020989999175071,0.002208000048995,107425626,DOGECOIN,-0.010421360159247328,-0.010476042776308701,0.04356351244334962,0.038700430875089606,0.002314142849562386,0.00255733333372816,0.9049046594910476
2020-03-12,0.0015369999455288,0.0021879998967051,0.0015350000467151,0.0021830000914633,167892774,DOGECOIN,-0.2962454781124769,-0.3513256741314403,0.12908917703155745,0.07293627796899901,0.0021757142718082717,0.0025071999950644335,0.8677864853586829
2020-03-13,0.0017379999626427,0.0017989999614655,0.0012469999492168,0.0015399999683722,218676976,DOGECOIN,0.13077425129299303,0.1229025762322709,0.14747725217021454,0.0773559408704063,0.0020674285645197145,0.002462033325961427,0.8397240373309656
2020-03-14,0.0016659999964758,0.0017839999636635,0.0016400000313296,0.0017369999550282,113389101,DOGECOIN,-0.04142690892663836,-0.0423094637194964,0.147405063307176,0.07747004444967187,0.001961857146982586,0.0024166999928031804,0.8117917626618549
2020-03-15,0.0016850000247359,0.0018189999973401,0.0016550000291317,0.0016639999812468,119811060,DOGECOIN,0.011404578811699873,0.01134003685509947,0.147766555425959,0.07704080208345084,0.0018901428806461999,0.0023685333241397605,0.7980224983039621
2020-03-16,0.0015869999770075,0.0016990000149235,0.0014530000044032,0.0016840000171214,134329668,DOGECOIN,-0.058160264860387834,-0.05992015142814009,0.14624557687116976,0.07685204358591916,0.001800571435264143,0.00232409998619303,0.7747392306531321
2020-03-17,0.0015869999770075,0.0016769999638199,0.0015579999890178,0.0015910000074654,102697604,DOGECOIN,0.0,0.0,0.1464106116786765,0.07670975018488933,0.0017119999974965715,0.00228453332092608,0.7493871863521688
2020-03-18,0.0015660000499337,0.0016120000509545,0.0015519999433308,0.0015899999998509,102196814,DOGECOIN,-0.013232468417169185,-0.01332079760149028,0.14629587334409427,0.07671182719310196,0.0016237142761902715,0.0022463333249712466,0.722828735228355
2020-03-19,0.0017729999963194,0.0018439999548718,0.0015620000194758,0.0015660000499337,251888350,DOGECOIN,0.13218386959468087,0.12414839556140038,0.07448673950093258,0.08022374575622016,0.0016574285691603572,0.0022107999927053336,0.7496962975525338
2020-03-20,0.0017729999963194,0.0019310000352561,0.0016789999790489,0.0017709999810904,188170528,DOGECOIN,0.0,0.0,0.059220759648228344,0.07937312054676121,0.0016624285739713141,0.002182433327349473,0.7617316658146457
2020-03-21,0.001784999971278,0.0018510000081732,0.0016929999692365,0.0017709999810904,166141811,DOGECOIN,0.006768175399611387,0.006745374124691682,0.0557894655064395,0.07930760503053315,0.0016794285703716286,0.0021532999933696804,0.7799324643769239
2020-03-22,0.0017310000257566,0.0018680000212043,0.001719000050798,0.001784999971278,161287088,DOGECOIN,-0.03025207080689074,-0.03071910806716671,0.057830533838205106,0.07935040183792878,0.0016859999990888716,0.0021227333306644866,0.794258974847819
2020-03-23,0.0018050000071525,0.0018169999821111,0.001691999961622,0.0017269999952986,166551897,DOGECOIN,0.04274984419110872,0.041861304673768765,0.05158326769221107,0.08000098523432878,0.001717142860538157,0.00209619999707982,0.8191693840903916
2020-03-24,0.0018510000081732,0.001912000006996,0.0017989999614655,0.0018050000071525,177134005,DOGECOIN,0.025484765007435017,0.025165442259471482,0.05096134292572502,0.07991936567841812,0.0017548571507046856,0.0020685666667607434,0.848344498102491
2020-03-25,0.0018339999951422,0.0018899999558925,0.0017989999614655,0.0018520000157877,163367839,DOGECOIN,-0.009184231742806803,-0.009226666821392384,0.05051013415105565,0.07981417446221804,0.001793142857163043,0.0020433666689010466,0.8775433623606195
2020-03-26,0.0018420000560581,0.0018720000516623,0.0018269999418407,0.0018329999875277,162455890,DOGECOIN,0.004362083389907401,0.0043525970808665155,0.023347645728959046,0.07960813707006931,0.0018030000085542859,0.0020222333376295368,0.891588510091404
2020-03-27,0.0018070000223815,0.0018680000212043,0.001803999999538,0.0018429999472573,166326062,DOGECOIN,-0.019001103480691728,-0.019183944270303382,0.025150837963598124,0.07913561831675903,0.0018078571551345857,0.00200450000120322,0.9018993035916201
2020-03-28,0.0017780000343918,0.001808000029996,0.0017160000279545,0.0018050000071525,169979142,DOGECOIN,-0.01604869265661668,-0.01617886756140807,0.02601596402477192,0.07914641194620764,0.001806857164150843,0.001986300002317827,0.9096597503108338
2020-03-29,0.0017229999648407,0.0018050000071525,0.001717000035569,0.0017770000267773,156619235,DOGECOIN,-0.03093367181509299,-0.03142221929475178,0.02615280292446061,0.07924616639045115,0.0018057142983057145,0.00196743333556995,0.9178020244241786
2020-03-30,0.0018309999722987,0.0018680000212043,0.001717000035569,0.0017229999648407,163244392,DOGECOIN,0.06268137531156892,0.06079531342338788,0.031679019924992384,0.08021720126096812,0.0018094285790408858,0.00195396666725472,0.9260283756954222
2020-03-31,0.0018110000528395,0.0018510000081732,0.0018050000071525,0.0018510000081732,156195510,DOGECOIN,-0.010922949077979083,-0.010983042485068328,0.030193061431898597,0.0800874251628666,0.0018037142997075,0.0019384999992325467,0.9304690742437924
2020-04-01,0.0018670000135898,0.0018670000135898,0.0017760000191628,0.0018119999440386,163418627,DOGECOIN,0.030922119887570654,0.030453663760285667,0.03249299935055946,0.0800613869207211,0.0018084285880571572,0.0019224333344026968,0.9406976854253513
2020-04-02,0.0018820000113919,0.0019399999873712,0.0018500000005587,0.0018680000212043,165879605,DOGECOIN,0.008034278357212488,0.008002175377733952,0.03255600643717756,0.07904498997883506,0.0018141428673905569,0.0019018666702322231,0.953874893432485
2020-04-03,0.0018530000234022,0.001916000037454,0.0018339999951422,0.0018830000190064,161121845,DOGECOIN,-0.015409132738661402,-0.015529087283689286,0.0321666190522044,0.07882731018418704,0.0018207142961078001,0.00188370000105347,0.9665627727820542
2020-04-04,0.0018799999961629,0.0019099999917671,0.0018410000484436,0.0018530000234022,160849686,DOGECOIN,0.014570951116949615,0.014465814868266723,0.031095008646114183,0.07832942741919265,0.001835285719217957,0.0018628333345986465,0.9852119806592227
2020-04-05,0.0018649999983608,0.0019089999841526,0.0018469999777153,0.0018799999961629,152557918,DOGECOIN,-0.007978722251444248,-0.008010722583995964,0.027162423693851596,0.0783229927618346,0.0018555714382922572,0.0018418000040885869,1.0074771604805621
2020-04-06,0.001979999942705,0.0019829999655485,0.0018520000157877,0.0018660000059753,173173223,DOGECOIN,0.0616621686033656,0.05983576355272362,0.026871956035123656,0.0791488850386831,0.0018768571483503,0.00182763333820423,1.0269330883373116
2020-04-07,0.0019970000721514,0.002030000090599,0.0019340000580996,0.0019720001146197,129399793,DOGECOIN,0.008585924211278018,0.008549274793997565,0.025146148484545702,0.07739316235408064,0.0019034285796805715,0.0018213000109729234,1.0450933773748652
2020-04-08,0.0020119999535381,0.0020439999643713,0.0019600000232458,0.0019859999883919,116283369,DOGECOIN,0.007511207233227735,0.007483138581524479,0.024113659062613698,0.07736545991292804,0.001924142856816043,0.0018145666729347967,1.0603869703525541
2020-04-09,0.0020210000220686,0.0020330001134425,0.0019849999807775,0.0020129999611526,109954538,DOGECOIN,0.004473195197978841,0.004463220196030898,0.02421616717796957,0.07737807617780244,0.0019440000011984285,0.0018083666722910666,1.0750032230662183
2020-04-10,0.0019680000841617,0.0020230000372976,0.001890999963507,0.0020210000220686,122108790,DOGECOIN,-0.026224610256387892,-0.026574607945975593,0.02642928703562609,0.07748792283475942,0.0019604285813069285,0.0018011666717938635,1.0884215281168006
2020-04-11,0.0019900000188499,0.0020039998926222,0.0019409999949857,0.0019680000841617,161367396,DOGECOIN,0.011178828123663997,0.011116806813560273,0.026335587189307896,0.04108793208192718,0.001976142870262214,0.0018162666742378999,1.0880246267203013
2020-04-12,0.0019900000188499,0.0020089999306946,0.0019509999547153,0.0019890000112354,169892709,DOGECOIN,0.0,0.0,0.02568363087672412,0.03497101389828747,0.0019940000160463714,0.0018246666761114734,1.0928023414642296
2020-04-13,0.0019590000156313,0.0019900000188499,0.0018939999863505,0.0019900000188499,167357650,DOGECOIN,-0.015577890917064519,-0.015700501267084818,0.014195450748121919,0.03406829184541672,0.001991000026464414,0.0018344333434166566,1.0853487991862107
2020-04-14,0.0019640000537037,0.001979999942705,0.0019349999492987,0.0019580000080168,188937615,DOGECOIN,0.0025523420278221742,0.002549090334688811,0.013656805980430049,0.03405324402761022,0.001986285738114743,0.0018437333443822499,1.0773172509825468
2020-04-15,0.0019399999873712,0.0019749999046325,0.0019059999613091,0.0019630000460892,169903672,DOGECOIN,-0.012219992706843819,-0.012295270710770563,0.013317791515474655,0.03196321129531857,0.0019760000286623285,0.0018555000113943735,1.0649420730412185
2020-04-16,0.00202800007537,0.0020290000829845,0.0018860000418499,0.0019409999949857,179859738,DOGECOIN,0.04536087039775949,0.04436215632808432,0.023094961388536346,0.03266136232961829,0.0019770000362768145,0.0018702000146731232,1.0571062029546385
2020-04-17,0.0020129999611526,0.0020290000829845,0.0019920000340789,0.00202800007537,161550208,DOGECOIN,-0.00739650574947015,-0.007423995534237427,0.02032181944435742,0.0325450834090097,0.001983428590132657,0.0018851000117137532,1.052160934596522
2020-04-18,0.0020610000938177,0.0020620001014322,0.0020069999154657,0.0020129999611526,168186509,DOGECOIN,0.02384507381590617,0.023565220069403495,0.021629632654664114,0.02435748595609053,0.0019935714579852,0.0018947000149636965,1.0521831647441022
2020-04-19,0.0020580000709742,0.0020729999523609,0.00202800007537,0.0020600000862032,172576560,DOGECOIN,-0.001455615093128415,-0.001456675529961583,0.02169276062148696,0.024369281684604328,0.002003285751145814,0.00190420001745219,1.052035360143626
2020-04-20,0.001981999957934,0.0020659998990595,0.0019620000384747,0.0020580000709742,169715146,DOGECOIN,-0.03692911099085816,-0.037628257215055146,0.02625088026949095,0.025574574483002818,0.002006571457189057,0.0019107666836740565,1.0501394410597453
2020-04-21,0.0019710001070052,0.002032000105828,0.0019519999623298,0.001981999957934,163652750,DOGECOIN,-0.00554987445119115,-0.0055653322233959876,0.026384282400530448,0.02481543776240534,0.002007571464803557,0.0019187666863823432,1.0462822181828926
2020-04-22,0.0020109999459236,0.0020330001134425,0.0019640000537037,0.0019710001070052,163753943,DOGECOIN,0.02029418404201766,0.02009100143982751,0.026603560591284135,0.023984406025883136,0.0020177143160253286,0.0019256333510080464,1.0478185345975022
2020-04-23,0.0020469999872148,0.002123000100255,0.0020049999002367,0.0020109999459236,179000350,DOGECOIN,0.017901562535679538,0.017743216533117754,0.02146882717120698,0.02379181369859932,0.0020204285891460144,0.0019321666836427667,1.0456802750251573
2020-04-24,0.0021029999479651,0.002121000085026,0.0020419999491423,0.0020469999872148,209562151,DOGECOIN,0.027357088959485187,0.026989571544056862,0.02301416369116924,0.02404882781225519,0.0020332857301192287,0.0019411333487368632,1.0474734934837584
2020-04-25,0.0021420000120997,0.0021460000425577,0.0020870000589638,0.0021019999403506,229810398,DOGECOIN,0.0185449667615718,0.018375105696957186,0.02243972240676904,0.024180525074861764,0.0020448571470166573,0.0019511333472715833,1.0480355685971618
2020-04-26,0.0024089999496936,0.0024439999833703,0.0021359999664127,0.0021410000044852,287859775,DOGECOIN,0.1246498301053569,0.11747172507570101,0.04741360554680723,0.03128879896245274,0.0020949999868337143,0.00197120001151532,1.0628043702288867
2020-04-27,0.0023550000041723,0.0024139999877661,0.0023080001119524,0.0024099999573081,276033020,DOGECOIN,-0.022415918077610675,-0.022670973509985818,0.044499901851411734,0.03149490521452801,0.0021482857077248997,0.0019904333438413367,1.0793055262925428
2020-04-28,0.002339000115171,0.002371999900788,0.0023219999857246,0.0023539999965578,254905520,DOGECOIN,-0.0067940080564558025,-0.00681719239859906,0.04464377565415169,0.030706543060085432,0.002200857137462871,0.00201096668218568,1.094427449723236
2020-04-29,0.002517000073567,0.0025420000310987,0.0023310000542551,0.002339000115171,295698249,DOGECOIN,0.07610087628532969,0.0733442085397684,0.048174024874961315,0.031495049021625,0.002273142869983357,0.0020338333522279565,1.117664270523074
2020-04-30,0.0024429999757558,0.002688999986276,0.0023920000530779,0.002517000073567,298563815,DOGECOIN,-0.029400117460596564,-0.029840963029570254,0.053584710223802345,0.032122745915443916,0.0023297142969177856,0.0020549000163251666,1.1337360837069226
2020-05-01,0.0024939998984336,0.0025589999277144,0.0024409999605268,0.0024439999833703,282886977,DOGECOIN,0.020875940722030473,0.02066102418188815,0.053604137903121095,0.03195683293564318,0.002385571432699,0.002075800012486627,1.149229896111858
2020-05-02,0.0025490000844001,0.0025530001148581,0.0024729999713599,0.0024949999060481,269155283,DOGECOIN,0.022053002488509943,0.021813351971495334,0.053555884184250106,0.03203164324740225,0.0024437143001704857,0.0020980333482535666,1.1647642789875905
2020-05-03,0.0025100000202655,0.0025830001104623,0.0024800000246614,0.0025480000767856,265156925,DOGECOIN,-0.015300142347299484,-0.015418397287444107,0.035892790350045736,0.03202859405647269,0.002458142881680757,0.0021199333481490097,1.1595378146332054
2020-05-04,0.0024810000322759,0.002519000088796,0.0023890000302344,0.00251100002788,261454253,DOGECOIN,-0.011553779982253709,-0.011621043498702825,0.034649965454222525,0.03225971265034101,0.0024761428856955566,0.00213996668268611,1.1570941294223678
2020-05-05,0.0024840000551193,0.002521000104025,0.0024490000214427,0.0024810000322759,245861118,DOGECOIN,0.001209199034410302,0.0012084685420723452,0.03422959122317987,0.03213331655858853,0.0024968571628310285,0.0021606000179113932,1.1556313719022775
2020-05-06,0.0025289999321103,0.0025830001104623,0.0024729999713599,0.0024830000475049,251393346,DOGECOIN,0.01811589210646747,0.017953754582377555,0.020357328810719357,0.030753609634658393,0.0024985714283372144,0.0021789000175582367,1.1467122897806088
2020-05-07,0.0026640000287443,0.0026779999025166,0.0024790000170469,0.0025180000811815,284491226,DOGECOIN,0.053380822561490016,0.05200482262470138,0.02321048762273588,0.03177899575470067,0.0025301428644784285,0.002201133349444667,1.1494727773384419
2020-05-08,0.0026249999646097,0.0026720000896602,0.002593999961391,0.0026589999906718,291757355,DOGECOIN,-0.014639663556228588,-0.014747880906477056,0.02489982286022239,0.03208790058748445,0.0025488571596464426,0.0022215666831470536,1.1473241739634625
2020-05-09,0.0026130001060664,0.0026340000331401,0.0025649999734014,0.0026219999417662,294993696,DOGECOIN,-0.0045713747447932995,-0.0045818554312831725,0.024330092950589147,0.03217306846476674,0.0025580000198844855,0.0022413000192803133,1.1413019220451643
2020-05-10,0.0024590000975877,0.0026130001060664,0.0023600000422447,0.0026110000908374,290801097,DOGECOIN,-0.05893608963932684,-0.060744224210300776,0.034233274533430745,0.03401218977337129,0.0025507143166448,0.0022576666863945135,1.1298011048381473
2020-05-11,0.0024129999801516,0.0025120000354945,0.0023380001075565,0.0024570000823587,277646033,DOGECOIN,-0.018706838393876657,-0.018884024502700603,0.034648054453850545,0.03433935619595193,0.0025410000234841854,0.00227176668510457,1.1185127593185136
2020-05-12,0.002462999895215,0.002513000043109,0.0024059999268501,0.0024129999801516,262934538,DOGECOIN,0.020721059044624734,0.020509298177470464,0.03587509190500313,0.034411122342391534,0.0025380000006407144,0.002287533347650073,1.109492022596278
2020-05-13,0.002521000104025,0.0025279999244958,0.0024580000899732,0.0024639999028295,265878080,DOGECOIN,0.023548603847965976,0.02327561287441537,0.03640149634188392,0.03425570520823383,0.0025368571680571,0.0023062666839298637,1.099984310458976
2020-05-14,0.0025740000419318,0.0026229999493807,0.0025120000354945,0.0025180000811815,283778649,DOGECOIN,0.021023377913464314,0.020805435995286076,0.030308081084446884,0.03431016190880831,0.0025240000270838857,0.0023266000168708,1.0848448417354444
2020-05-15,0.0025059999898076,0.0025770000647753,0.0024870000779628,0.0025740000419318,261080156,DOGECOIN,-0.026418046237934534,-0.02677327305777744,0.03128377379761526,0.03471963658803956,0.0025070000306835856,0.00234546668361868,1.0688704504707291
2020-05-16,0.002513000043109,0.0025339999701827,0.0024840000551193,0.002506999997422,254666485,DOGECOIN,0.0027933173702594516,0.0027894233091741187,0.03148750987175026,0.0340637433252137,0.002492714307403957,0.00236163334920998,1.0555043644847861
2020-05-17,0.0025380000006407,0.0025780000723898,0.002509000012651,0.0025120000354945,258469067,DOGECOIN,0.00994825193109472,0.009899093828786761,0.020131206683536546,0.033954867098119644,0.0025040000078401,0.00237913335052625,1.0524840935402928
2020-05-18,0.0025430000387132,0.0025869999080896,0.002513000043109,0.0025369999930262,265626959,DOGECOIN,0.0019700701620322114,0.0019681321187805575,0.0174563757279296,0.03383618675405378,0.002522571444777471,0.0023952000153560997,1.0531777841536272
2020-05-19,0.0025380000006407,0.0025649999734014,0.0025009999517351,0.0025440000463277,182890489,DOGECOIN,-0.0019661966167447975,-0.0019681321187804816,0.016715306583804355,0.03384072583329513,0.002533285745552571,0.00241120001301165,1.050632768696958
2020-05-20,0.0025080000050365,0.0025629999581724,0.0024870000779628,0.0025390000082552,178925411,DOGECOIN,-0.01182032923428944,-0.011890744765790636,0.015279428695281398,0.03298607859668161,0.0025314285885542145,0.0024287333479150667,1.0422834564063221
2020-05-21,0.0024850000627338,0.0025490000844001,0.0024230000562965,0.0025100000202655,200924557,DOGECOIN,-0.009170630883776787,-0.00921293998526646,0.01210858355352931,0.033043889289708486,0.002518714305811643,0.002445866679772687,1.0297839725449494
2020-05-22,0.0025329999625682,0.0025430000387132,0.0024729999713599,0.0024860000703483,215355485,DOGECOIN,0.01931585457651619,0.019131671448301312,0.010719163120220242,0.03303197107008925,0.0025225714447774427,0.002463266680327507,1.0240756573064393
2020-05-23,0.0025440000463277,0.0025649999734014,0.0024989999365061,0.0025329999625682,208878705,DOGECOIN,0.004342709799469269,0.004333307446566423,0.010765157944922808,0.03298196629247955,0.0025270000166658286,0.002479833348964603,1.0190200957338198
2020-05-24,0.0024580000899732,0.0025609999429434,0.0024510000366717,0.0025440000463277,186657328,DOGECOIN,-0.03380501367468225,-0.034389615940376025,0.016607801789496078,0.033612680534458636,0.0025155714579990426,0.0024916666870315398,1.0095938879353008
2020-05-25,0.0025400000158697,0.0025460000615566,0.0024349999148398,0.0024560000747442,214669452,DOGECOIN,0.033360424285986845,0.03281603953028501,0.021887131322191326,0.03390996372886104,0.0025151428833071142,0.002504933353823873,1.004075768909243
2020-05-26,0.0024860000703483,0.0025420000310987,0.0024719999637454,0.0025390000082552,185485979,DOGECOIN,-0.021259820938587692,-0.02148906589205189,0.023349388775676758,0.02687391070050951,0.0025077143218367715,0.0025075000245123632,1.0000854625413014
2020-05-27,0.0025100000202655,0.0025289999321103,0.0024719999637454,0.0024860000703483,186186772,DOGECOIN,0.00965404233228262,0.009607739831290311,0.02339235147916333,0.026535535032630696,0.002508000038298057,0.0025126666917154703,0.9981427487247713
2020-05-28,0.0025239998940378,0.0025589999277144,0.0024949999060481,0.0025120000354945,220213442,DOGECOIN,0.005577638908074167,0.005562141479514697,0.023074952439288098,0.02648789796112684,0.0025135714427700568,0.00251883335101103,0.9979109740472266
2020-05-29,0.0025319999549537,0.0025490000844001,0.0025039999745786,0.0025239998940378,200485433,DOGECOIN,0.003169596375498296,0.0031645837940202804,0.0218835327732366,0.022870902318428917,0.002513428584539414,0.0025193333470572535,0.9976562202359063
2020-05-30,0.0026149998884648,0.0026259999722242,0.0025229998864233,0.0025309999473392,200708874,DOGECOIN,0.03278038506624603,0.032254568373669336,0.02512201149367523,0.022868451073527193,0.0025235714191304283,0.0025250666774808872,0.9994078341123449
2020-05-31,0.0025549998972564,0.0026169999036937,0.0025490000844001,0.0026149998884648,188184731,DOGECOIN,-0.022944548285860344,-0.02321187142189354,0.022498443600391455,0.0230537356385576,0.0025374285344565996,0.0025271000107749803,1.0040871052342926
2020-06-01,0.0026469998992979,0.0026620000135153,0.0025530001148581,0.0025549998972564,195748335,DOGECOIN,0.03600783003564545,0.035374701758194876,0.02303015086491267,0.02360620693412642,0.0025527142320892,0.002530366671271573,1.008831748011602
2020-06-02,0.0025609999429434,0.0026549999602138,0.0025200000964105,0.0026469998992979,200119264,DOGECOIN,-0.03248959562760512,-0.033029100262746296,0.025588062716339746,0.024245501206437054,0.0025634284996027858,0.00253206666869417,1.012385863017102
2020-06-03,0.0025830001104623,0.002597999991849,0.0025460000615566,0.0025619999505579,190021630,DOGECOIN,0.00859045998010255,0.008553771940464364,0.025554333956752658,0.024172499334007176,0.0025738570839166147,0.0025354666713003834,1.015141359596946
2020-06-04,0.0026310000102967,0.0026690000668168,0.0025710000190883,0.0025830001104623,194078582,DOGECOIN,0.018583003399798237,0.018412449092942113,0.026132281296158064,0.02437244365190571,0.0025891428148107428,0.002540366669806297,1.0192004349545984
2020-06-05,0.00259599997662,0.0026340000331401,0.0025800000876188,0.0026320000179111,188846627,DOGECOIN,-0.013302939391761193,-0.013392216136082501,0.027153757376910653,0.024333085704206336,0.0025982856750487856,0.002542600004623287,1.021901073831607
2020-06-06,0.0025869999080896,0.002606000052765,0.0025659999810159,0.0025949999690055,175988365,DOGECOIN,-0.0034668985406225428,-0.0034729221595815674,0.024042061382222084,0.022339502605251506,0.0025942856778523285,0.002540033333934796,1.0213589102129967
2020-06-07,0.002606000052765,0.0026090000756084,0.0025579999200999,0.0025869999080896,188151455,DOGECOIN,0.007344470564527805,0.007317631274060366,0.022149614855787453,0.022233487771708287,0.0026015714143535575,0.0025394000035399733,1.0244827166759534
2020-06-08,0.0025839998852461,0.0026070000603795,0.0025609999429434,0.002606000052765,187140783,DOGECOIN,-0.0084421209030896,-0.008477957439208523,0.017014945767417057,0.022271058148447233,0.002592571412346157,0.00253843332951263,1.0213273605432533
2020-06-09,0.0025690000038594,0.0025869999080896,0.002517000073567,0.0025839998852461,175910197,DOGECOIN,-0.0058049079151841765,-0.005821821880907303,0.011265917318040877,0.019180044201673605,0.0025937142781913,0.00254209999305502,1.0203037981500684
2020-06-10,0.0025839998852461,0.0025949999690055,0.0025530001148581,0.0025690000038594,182748021,DOGECOIN,0.005838801620928757,0.005821821880907365,0.010981956708773166,0.018803165262456657,0.0025938571031604144,0.0025477999898915033,1.0180772091418653
2020-06-11,0.0024520000442862,0.002602000022307,0.0024290001019835,0.0025839998852461,183212798,DOGECOIN,-0.05108353205183225,-0.05243450537572948,0.020102947892666447,0.020957716920019628,0.0025682856794446286,0.0025474333281938766,1.0081856317965097
2020-06-12,0.0025200000964105,0.0025329999625682,0.0024470000062137,0.0024550000671297,194920048,DOGECOIN,0.02773248405225681,0.02735490364624522,0.024415903570653995,0.021127486786557778,0.0025574285537004146,0.0025473999946067265,1.0039367822544243
2020-06-13,0.0025329999625682,0.0025410000234842,0.0025009999517351,0.0025200000964105,188981850,DOGECOIN,0.005158676849345012,0.005145416460416995,0.024677201972704926,0.020786078427624335,0.0025497142757687856,0.0025460333252946064,1.001445758952803
2020-06-14,0.00251100002788,0.002553999889642,0.0025009999517351,0.0025329999625682,173334481,DOGECOIN,-0.008685327679947563,-0.008723264963288943,0.024299849970770247,0.02025485841947538,0.002536142843642357,0.0025461999932303533,0.9960501336836323
2020-06-15,0.0024790000170469,0.0025160000659525,0.0024069999344646,0.0025100000202655,198803041,DOGECOIN,-0.012743930895180888,-0.012825831349017837,0.024449575381268678,0.020382706994678396,0.002521142862471043,0.0025450666590282832,0.9905999332188908
2020-06-16,0.0024870000779628,0.0025299999397248,0.0024339999072253,0.0024790000170469,196212619,DOGECOIN,0.0032271322552992476,0.0032219362398209534,0.02469373534198081,0.020302052298849085,0.002509428587342957,0.002543366661605687,0.986656240024274
2020-06-17,0.0024850000627338,0.0024920001160353,0.0024580000899732,0.0024900001008063,185083517,DOGECOIN,-0.0008041878433063809,-0.0008045113758156115,0.024350731218584193,0.020295907336319162,0.002495285755555486,0.00254143332907304,0.9818419106298626
2020-06-18,0.0024719999637454,0.0024929998908191,0.0024470000062137,0.0024850000627338,171388606,DOGECOIN,-0.005231428032278829,-0.005245159864237864,0.013193912001419596,0.020311396081151786,0.0024981428869068,0.0025392333278431967,0.9838177766155508
2020-06-19,0.0024349999148398,0.0024719999637454,0.002430000109598,0.0024709999561309,173280984,DOGECOIN,-0.014967657543788926,-0.015080803368179409,0.007798005043998444,0.020379274031645828,0.0024860000038252716,0.0025367999915033067,0.9799747761557146
2020-06-20,0.0024470000062137,0.0024659999180585,0.0024190000258386,0.0024349999148398,158275082,DOGECOIN,0.004928169114408076,0.004916065438683559,0.007749083060043105,0.020345793704897776,0.002473714295774629,0.0025355333229526364,0.9756189253683248
2020-06-21,0.0024470000062137,0.0024780000094324,0.0024409999605268,0.0024470000062137,169917761,DOGECOIN,0.0,0.0,0.007739656409155694,0.020005785630452324,0.0024645714355365856,0.00253266665774082,0.9731132314645085
2020-06-22,0.0024739999789744,0.0024949999060481,0.0024429999757558,0.0024470000062137,173530825,DOGECOIN,0.011033907924862474,0.010973478471822307,0.008266126047497015,0.020105045724986566,0.002463857144383371,0.0025303333221623767,0.9737282921594708
2020-06-23,0.0024840000551193,0.0024920001160353,0.0024570000823587,0.0024739999789744,171604774,DOGECOIN,0.004042067999145749,0.004033920789295842,0.008329054490011598,0.01909870817473788,0.002463428569691443,0.0025311999876672466,0.9732255774707625
2020-06-24,0.002430000109598,0.0024969999212771,0.0023890000302344,0.0024830000475049,178380748,DOGECOIN,-0.021739108020553788,-0.02197888380645271,0.01174244590666094,0.018497523019690463,0.0024555714335291853,0.002527533324124857,0.9715288064023496
2020-06-25,0.0024170000106096,0.0024329998996108,0.0023900000378489,0.002430000109598,160003354,DOGECOIN,-0.005349834733361591,-0.0053641963435938226,0.011745991451856489,0.01812648361485189,0.0024477142973669285,0.0025252333221335663,0.9693022327532325
2020-06-26,0.0023590000346302,0.0024270000867545,0.0023590000346302,0.0024170000106096,151319087,DOGECOIN,-0.02399668006818556,-0.024289291005347883,0.013656723904225305,0.01849908182719856,0.0024368571716226997,0.0025201999892790566,0.9669300777672813
2020-06-27,0.0023129999171942,0.0023789999540895,0.0022940000053495,0.0023590000346302,152534000,DOGECOIN,-0.01949983754163498,-0.01969246765644331,0.013983354355669332,0.018713262359546273,0.0024177143017627715,0.002513166656717603,0.9620190906561287
2020-06-28,0.0023260000161826,0.0023610000498592,0.00228299992159,0.0023129999171942,172693834,DOGECOIN,0.005620449396370741,0.005604713604609676,0.014664663948475962,0.01874585074887806,0.0024004285889011857,0.0025062999920919,0.9577578887105418
2020-06-29,0.0023129999171942,0.0023409998975694,0.0023010000586509,0.0023260000161826,172655788,DOGECOIN,-0.00558903649955067,-0.005604713604609798,0.01239516179095746,0.01753803520511674,0.002377428580075443,0.00249623332638288,0.952406393644464
2020-06-30,0.0023199999704957,0.0023399998899549,0.0022970000281929,0.0023109999019652,165641131,DOGECOIN,0.0030263958288383463,0.00302182551171925,0.0122140238625929,0.017202568243911573,0.002353999996557786,0.002488399995490857,0.9459893911040779
2020-07-01,0.0023539999965578,0.002375999931246,0.0023010000586509,0.0023199999704957,152549214,DOGECOIN,0.014655183833832464,0.01454883441496034,0.01381982091849003,0.015967429315564288,0.0023431428375520432,0.0024786333320661867,0.9453366124140683
2020-07-02,0.0023610000498592,0.002381999976933,0.0023020000662654,0.0023300000466406,110789127,DOGECOIN,0.0029736844994205924,0.002969271845399097,0.014093156772982311,0.015028751253493436,0.0023351428431591286,0.00247196666896338,0.9446498095940636
2020-07-03,0.0023159999400377,0.0023660000879317,0.0023040000814944,0.0023610000498592,111575143,DOGECOIN,-0.019059766569756498,-0.019243745400916196,0.01292420900053531,0.015166603322659329,0.002328999972503057,0.00246306666328256,0.9455691992514605
2020-07-04,0.0023089998867362,0.0023399998899549,0.002288999967277,0.0023149999324232,109218071,DOGECOIN,-0.003022475597035612,-0.0030270525011168352,0.010579059624738343,0.014585800713067547,0.0023284285395804858,0.0024523333258305437,0.9494747370004873
2020-07-05,0.0023089998867362,0.0023270000237971,0.0022770001087337,0.0023070001043379,110140542,DOGECOIN,0.0,0.0,0.010269915115599597,0.014504278266229475,0.0023259999496595715,0.00244276665616775,0.9521989928045914
2020-07-06,0.0026159998960793,0.0026239999569952,0.0023020000662654,0.0023089998867362,132105139,DOGECOIN,0.13295800104046274,0.12483191255073936,0.04835161067583068,0.027621318192513893,0.0023692856609288716,0.0024437333224340734,0.9695352758741087
2020-07-07,0.0030900000128895,0.003258999902755,0.002600000007078,0.0026140001136809,283970310,DOGECOIN,0.18119271240056323,0.16652470121110002,0.07323354015476281,0.04103778481450423,0.0024792856669851285,0.0024598666544382235,1.007894335455895
2020-07-08,0.004749999847263,0.0054199998266994,0.0030610000248998,0.0030970000661909,1226813925,DOGECOIN,0.537216772637231,0.429973490810378,0.1623641396596096,0.08754442229111054,0.0028215713599430143,0.00253206665317212,1.1143353420053965
2020-07-09,0.0043970001861453,0.0050139999948441,0.0041479999199509,0.0047320001758635,511315527,DOGECOIN,-0.07431572051967572,-0.07722205335810463,0.17286468281259548,0.08923314973427218,0.0031124285222696,0.00259299999258165,1.2003195260987236
2020-07-10,0.0035149999894201,0.0043939999304711,0.0034380001015961,0.0043939999304711,225424869,DOGECOIN,-0.2005913485071784,-0.2238830102805874,0.20793501226202335,0.09956364125791611,0.0032837142436099426,0.00262403332938745,1.2513995942179925
2020-07-11,0.0038109999150037,0.0039200000464916,0.0034759999252855,0.0035280000884085,155299369,DOGECOIN,0.08421050539816166,0.08085207733613706,0.20613355946956055,0.09964349976066275,0.0034982856762195863,0.002669333325078034,1.3105465860533994
2020-07-12,0.0036299999337643,0.0038439999334514,0.003614000044763,0.0038109999150037,87562043,DOGECOIN,-0.04749409217429079,-0.04865896955882663,0.20973871651715076,0.10027505793554176,0.0036869999686521718,0.0027063333196564936,1.3623598918407254
2020-07-13,0.0031779999844729,0.0036359999794512,0.0030590000096708,0.0036299999337643,143177055,DOGECOIN,-0.12451789463882368,-0.13298056680129441,0.21980025643911183,0.10372040494530149,0.0037672856955655427,0.0027278333203866498,1.3810542115643483
2020-07-14,0.0032939999364316,0.0033690000418573,0.0030610000248998,0.0031689999159425,103213409,DOGECOIN,0.03650092905143287,0.03585054922849366,0.21144503072045448,0.10379831087153701,0.003796428541785843,0.00275393331733837,1.3785477367531276
2020-07-15,0.003084999974817,0.003303000004962,0.0030739998910576,0.0032870001159608,69399827,DOGECOIN,-0.06344868416755656,-0.06555096326290506,0.10136343152126023,0.1046245178082013,0.0035585714171507,0.0027741333159307063,1.2827687107592445
2020-07-16,0.0029949999880045,0.0030980000738054,0.0028929999098181,0.0030859999824315,78457844,DOGECOIN,-0.0291734157365231,-0.02960742163206661,0.1017416782655857,0.10483999947230162,0.003358285674559157,0.00279106664626543,1.2032266155495395
2020-07-17,0.0030610000248998,0.0030839999672025,0.0029370000120252,0.0029909999575465,74705371,DOGECOIN,0.022036740287025625,0.021797440535569257,0.07163585613236922,0.10486916779150325,0.0032934285367705427,0.002810266645004297,1.1719274192807092
2020-07-18,0.003472999902442,0.0036289999261498,0.0030310000292956,0.0030600000172853,204080851,DOGECOIN,0.1345964959786914,0.12627707757371825,0.08336581033332893,0.10706791696030649,0.0032451428206903,0.0028436333096275167,1.1411959515678118
2020-07-19,0.0033819999080151,0.0037529999390244,0.0033289999701082,0.0034640000667423,116746163,DOGECOIN,-0.026202129854053458,-0.026551522393510465,0.0822123687728983,0.10718591477739123,0.0032097142455832714,0.0028751999760666933,1.1163446968214703
2020-07-20,0.0032389999832957,0.0034330000635236,0.0031669999007135,0.0033829999156296,81038624,DOGECOIN,-0.04228265186539493,-0.04320258824606214,0.06506359208411525,0.10763840641437565,0.003218428531129386,0.00290159997530276,1.109190983775621
2020-07-21,0.003305000020191,0.003309000050649,0.0031870000530034,0.0032319999299943,77748189,DOGECOIN,0.02037667095883866,0.02017184438092581,0.06399390518285662,0.1076410106267014,0.003219999971666443,0.00293019997576867,1.098901098318981
2020-07-22,0.0032850001007318,0.0033040000125765,0.0032210000790655,0.0033019999973475,54443238,DOGECOIN,-0.006051412809989776,-0.006069796812134282,0.057371806916179435,0.1076807683020395,0.0032485714182257,0.002957233313160583,1.0985171186083202
2020-07-23,0.0032949999440461,0.0033209999091923,0.0032649999484419,0.0032830000855028,58737115,DOGECOIN,0.003044092239775642,0.0030394683722697706,0.05499031080830047,0.10768264645118245,0.0032914285548030714,0.002984266642791477,1.1029271002822576
2020-07-24,0.003220000071451,0.0033229999244213,0.0031769999768584,0.0032949999440461,58910215,DOGECOIN,-0.02276172196318882,-0.023024769226945414,0.05647142538880052,0.10769333060924147,0.003314142847167529,0.0030105999748532434,1.1008247109711353
2020-07-25,0.0032339999452233,0.0032949999440461,0.0031890000682324,0.0032190000638365,63203396,DOGECOIN,0.004347786789331121,0.0043383624710915895,0.021783676532358815,0.10766208002786908,0.0032799999961362855,0.0030378333060070333,1.0797169119353554
2020-07-26,0.0032349999528378,0.0032699999865144,0.0031840000301599,0.0032379999756813,62592233,DOGECOIN,0.00030921695468100197,0.0003091691569714585,0.020762127601974538,0.10748777175379844,0.0032590000025395287,0.00306703330328062,1.0625903536989878
2020-07-27,0.0031530000269412,0.0032430000137537,0.0030400000978261,0.0032339999452233,83138808,DOGECOIN,-0.025347736349939698,-0.025674524266583246,0.01611298987584835,0.10755129409497824,0.003246714294488886,0.0030950333069388533,1.0490078692238867
2020-07-28,0.0031969998963177,0.0032190000638365,0.0031320000998675,0.0031550000421702,63084930,DOGECOIN,0.013954921979238089,0.013858448539033058,0.014655422034026377,0.10754935448374899,0.0032312857053641286,0.00312406663627669,1.0343203527871043
2020-07-29,0.0031920000910758,0.0032619999255985,0.0031749999616295,0.0031979999039322,55817191,DOGECOIN,-0.0015639053500310363,-0.0015651295265001943,0.014686485402817374,0.10753089093167684,0.0032179999896989856,0.003153366642072743,1.0204966167789986
2020-07-30,0.0032309999223798,0.0032440000213682,0.0031630001030862,0.0031920000910758,53506822,DOGECOIN,0.012217991914547754,0.012143954698696106,0.015786380560391312,0.10752121989562938,0.003208857129460943,0.0031837333071355464,1.007891308693818
2020-07-31,0.0032250001095235,0.0032399999909102,0.0031810000073164,0.0032289999071508,54497306,DOGECOIN,-0.0018569523368731078,-0.0018586786102664562,0.013058782451815514,0.10754448740049348,0.003209571420614157,0.0032127666442344034,0.9990054604102727
2020-08-01,0.0036889999173581,0.0037970000412315,0.0032029999420046,0.0032250001095235,150687884,DOGECOIN,0.14387590451994026,0.13442241200377794,0.05259701747317827,0.10987992584329756,0.003274571416633415,0.0032570333064843664,1.005384688610378
2020-08-02,0.0033360000234097,0.0037360000424087,0.0032659999560564,0.0036959999706596,101249531,DOGECOIN,-0.09568986225437581,-0.10058290469849204,0.06958915069733031,0.11173866644036504,0.003288999998143686,0.0032910333092634335,0.9993821663506036
2020-08-03,0.0033889999613165,0.0034409998916089,0.0033080000430345,0.0033360000234097,66931510,DOGECOIN,0.01588727144331048,0.015762389696688726,0.0683567918849385,0.11170323309926726,0.003322714274483014,0.0033270333117494436,0.9987018352803452
2020-08-04,0.0035349999088793,0.0035610001068562,0.0033760000951588,0.0033889999613165,74386428,DOGECOIN,0.04308053975488524,0.042178392361332036,0.06943132080879075,0.11180208681105862,0.003370999990563243,0.0033678999791542127,1.0009204582761417
2020-08-05,0.0035129999741911,0.0035769999958574,0.003484999993816,0.0035429999697953,66465690,DOGECOIN,-0.006223461175469902,-0.006242907634811,0.06963232943652999,0.1098739737163593,0.0034168571167225714,0.00339779998175794,1.005608668864249
2020-08-06,0.0035600000992417,0.0036359999794512,0.0034610000438988,0.0035170000046491,62944678,DOGECOIN,0.013378914146283893,0.013290206803814588,0.06962943833910233,0.10582543957900996,0.003463857141988557,0.0034134666513030137,1.014762262483598
2020-08-07,0.0035329998936504,0.0036110000219196,0.0034250000026077,0.0035629998892545,68990009,DOGECOIN,-0.007584327201859198,-0.007613234465596273,0.06987937265936968,0.06890778905798099,0.003507857111149543,0.0033728999861825934,1.0400121929259138
2020-08-08,0.0035099999513477,0.0035359999164938,0.0034529999829828,0.0035339999012649,62509900,DOGECOIN,-0.006510031982745357,-0.006531314658504324,0.044920641170902255,0.06772357843209169,0.0034822856874337713,0.0033433333116893397,1.041561029903483
2020-08-09,0.0034630000591278,0.0035329998936504,0.0034300000406801,0.0035079999361187,57020040,DOGECOIN,-0.013390282869335746,-0.013480741122280213,0.01968924217766183,0.05405962018524139,0.0035004285496792143,0.0033415999806795963,1.0475306948521457
2020-08-10,0.0034990001004189,0.0035570000763982,0.0034539999905973,0.0034680000972002,68038181,DOGECOIN,0.0103956224881403,0.010341959590424573,0.019313928444604042,0.051890118880111386,0.0035161428552652717,0.003331199986860103,1.0555183925116098
2020-08-11,0.003393999999389,0.0035709999501705,0.0033460000995546,0.0034950000699609,78539442,DOGECOIN,-0.030008601890960107,-0.030468075452853714,0.014699908419070045,0.05144066248015887,0.0034960000110523712,0.0033233333223809266,1.051955874395332
2020-08-12,0.0034839999862015,0.0035339999012649,0.0033410000614821,0.0033970000222325,70865885,DOGECOIN,0.0265173797373901,0.02617188839771145,0.01901486604427225,0.045337121381993306,0.0034918571556252853,0.003333533322438547,1.0474943004532264
2020-08-13,0.0035170000046491,0.0035490000154823,0.0033650000113993,0.003482999978587,73302994,DOGECOIN,0.00947187674463179,0.009427299784016425,0.018575766633993844,0.04493307642646801,0.0034857142849691997,0.003340966658045797,1.0433250737701372
2020-08-14,0.0035610001068562,0.0035790000110864,0.0034759999252855,0.0035139999818056,61334640,DOGECOIN,0.01251069154078377,0.01243307948925864,0.019057671238877208,0.0430976576822466,0.0034897143154271715,0.00335683332911377,1.039585220142128
2020-08-15,0.0035389999393373,0.0036069999914616,0.0035000001080334,0.0035629998892545,64309678,DOGECOIN,-0.006178086733707788,-0.006197250080869693,0.019035700779491373,0.04266324918082989,0.0034938571708542573,0.003374966660824863,1.035227165770087
2020-08-16,0.0035240000579506,0.0035520000383257,0.0034690001048147,0.0035399999469518,52637926,DOGECOIN,-0.00423845200446904,-0.004247459703643514,0.018150171436598257,0.04258643389698031,0.0035025714564003714,0.00339039999525989,1.0330850227988757
2020-08-17,0.0035910001024603,0.0037179999053478,0.0035000001080334,0.0035240000579506,77628715,DOGECOIN,0.019012498129374,0.018834019257986456,0.0190248416260579,0.036020814072716886,0.003515714313834857,0.0033943333352604997,1.0357598876083989
2020-08-18,0.0035139999818056,0.003709000069648,0.003482999978587,0.0035929998848587,62570291,DOGECOIN,-0.021442528114088533,-0.021675759189254885,0.016517472668391858,0.03590248983174428,0.0035328571684658003,0.0033987333377201836,1.0394628873224825
2020-08-19,0.0034239999949932,0.0035379999317228,0.0033680000342428,0.0035079999361187,53306857,DOGECOIN,-0.025611834740578376,-0.02594552776998701,0.01710029800937148,0.03529843479427166,0.0035242857411503284,0.003404900004776767,1.035062919970065
2020-08-20,0.0034590000286698,0.0034990001004189,0.003389999968931,0.0034239999949932,43536656,DOGECOIN,0.010221972467225227,0.010170081426267137,0.017188589081211375,0.035166419434757255,0.003516000030296143,0.0034100333383927264,1.0310749724087338
2020-08-21,0.0033929999917745,0.0035540000535547,0.0033889999613165,0.0034570000134408,60621268,DOGECOIN,-0.019080669658358196,-0.01926505486565923,0.016808266419953217,0.035346654815155545,0.0034920000138559,0.003413633334760817,1.0229569703040686
2020-08-22,0.0034419998992234,0.0034469999372959,0.0033539999276399,0.00339199998416,44884852,DOGECOIN,0.014441469958057285,0.014338185133009121,0.018643981406271732,0.03542837266500216,0.0034781428652682,0.0034185333332667264,1.0174371656468568
2020-08-23,0.0034139999188482,0.0034529999829828,0.003387999953702,0.0034380001015961,39485548,DOGECOIN,-0.00813479988233512,-0.008168067908896562,0.01871246227892989,0.03517733816897787,0.003462428559682143,0.003424999994846633,1.010928048143599
2020-08-24,0.0034179999493062,0.0034650000743567,0.0033859999384731,0.0034099998883903,46470522,DOGECOIN,0.00117165511220918,0.0011709692600273998,0.01603632000305117,0.035174676127528115,0.0034377142520886994,0.0034311333283160634,1.0019180029287482
2020-08-25,0.003305000020191,0.0034340000711381,0.0032389999832957,0.0034179999493062,76826314,DOGECOIN,-0.03306024891490633,-0.03361909044909918,0.018323580406081126,0.035766203157375547,0.0034078571147151855,0.003433466663894503,0.9925411976622283
2020-08-26,0.003303000004962,0.0033450000919401,0.0032510000746697,0.0033009999897331,80416711,DOGECOIN,-0.0006051483258038282,-0.0006053315019548284,0.01680245420249212,0.03541959118400449,0.0033905714018535858,0.003438466663161864,0.9860707501336553
2020-08-27,0.0032029999420046,0.0033140000887215,0.0031649998854845,0.0032999999821186,89847093,DOGECOIN,-0.030275526129934227,-0.030743295390489884,0.017682173285881002,0.03581891965202693,0.0033539999609014143,0.00343866666468476,0.975378042701005
2020-08-28,0.0032679999712854,0.0032709999941289,0.0031820000149309,0.0032029999420046,64056957,DOGECOIN,0.0202934843764373,0.020090315690725728,0.02062268404588922,0.03600272374970044,0.0033361428151172574,0.0034411999940250804,0.9694707720881575
2020-08-29,0.0032820000778883,0.0033009999897331,0.0032420000061392,0.0032669999636709,78149363,DOGECOIN,0.004283998386142462,0.004274848188702068,0.019330753673675562,0.03594572836724579,0.003313285697783671,0.003442899999208697,0.9623531611563462
2020-08-30,0.0032999999821186,0.0033440000843256,0.0032740000169724,0.0032840000931173,79325829,DOGECOIN,0.005484431384255695,0.005469446653967454,0.019850129102663157,0.035953890555793254,0.0032969999925365856,0.0034453999949618664,0.9569280772501646
2020-08-31,0.0032210000790655,0.0033080000430345,0.0032039999496191,0.0033009999897331,85369757,DOGECOIN,-0.023939364691263454,-0.024230568157887166,0.020861667968268355,0.025870800834980574,0.0032688571539307714,0.0034298000003521135,0.9530751512027468
2020-09-01,0.0032560001127421,0.0032810000702738,0.0031940001063048,0.003220000071451,81863764,DOGECOIN,0.010866200812623017,0.010807587870304133,0.018571382891341855,0.018572673535378312,0.0032618571671523574,0.0034271333366631936,0.9517742225717555
2020-09-02,0.0031220000237226,0.0032659999560564,0.0030650000553578,0.0032579998951405,56647412,DOGECOIN,-0.041154817069907756,-0.042025653074478524,0.023851291872567522,0.019753879187139826,0.0032360000269753,0.0034182333387433963,0.9466878665939499
2020-09-03,0.0028019999153912,0.0031340001150965,0.0027900000568479,0.0031220000237226,59904548,DOGECOIN,-0.10249843238304646,-0.1081404119728123,0.044833931964493694,0.026034488017542802,0.0031787143088876715,0.003393800005627127,0.9366239329415904
2020-09-04,0.0028989999555051,0.0029579999390989,0.0027530000079423,0.0027989998925477,53434717,DOGECOIN,0.034618145268700884,0.03403241687220217,0.04711706974161788,0.02713005001938651,0.0031260000209190576,0.0033733333383375932,0.9266798467238273
2020-09-05,0.0027580000460147,0.0029339999891817,0.0027199999894946,0.0028999999631196,62295889,DOGECOIN,-0.04863743071904725,-0.04986003853596435,0.0474623586684794,0.02798573999661768,0.003051142873508543,0.0033466000032300264,0.9117142384998751
2020-09-06,0.0027870000340044,0.0028140000067651,0.0027040001004934,0.0027580000460147,89557154,DOGECOIN,0.010514861314670831,0.010459964645695033,0.04802779723076116,0.028199388912200148,0.002977857166635086,0.0033217333412418264,0.8964768874318543
2020-09-07,0.0028109999839216,0.0028319999109953,0.0027079998981207,0.0027870000340044,102610335,DOGECOIN,0.00861139204319139,0.008574525503692157,0.04959215375451794,0.028359194733383216,0.0029192857244716712,0.003298433342327623,0.8850522116089219
2020-09-08,0.0027560000307857,0.0028339999262243,0.0027000000700354,0.002820000052452,57144396,DOGECOIN,-0.019565974190853486,-0.019759921882739416,0.04779708647813338,0.028428688844583935,0.0028478571413350427,0.0032748666747162204,0.8696101014804887
2020-09-09,0.0027789999730885,0.0028069999534636,0.0027040001004934,0.0027580000460147,77050464,DOGECOIN,0.008345407128403703,0.008310776754647226,0.048383958057393914,0.02838684339044203,0.0027988571341015997,0.003250866670471873,0.860957220892525
2020-09-10,0.0028049999382346,0.002858999883756,0.0027520000003278,0.0027920000720769,104276032,DOGECOIN,0.009355870960014778,0.00931237587842162,0.026997661840334416,0.028214224567367996,0.0027992857087935146,0.0032312333351000597,0.8663211283399411
2020-09-11,0.0028059999458491,0.0028250000905245,0.0027419999241828,0.0028049999382346,134077501,DOGECOIN,0.00035650896132621845,0.0003564454271063628,0.022595907277752975,0.027574437412236204,0.002785999993128371,0.00320863333375498,0.8682824440610009
2020-09-12,0.0028190000448375,0.0028309999033808,0.0027809999883174,0.0028019999153912,117125272,DOGECOIN,0.004632964803734652,0.004622265655423109,0.010663811728856951,0.027488262525731808,0.0027947142786744856,0.0031853666684279265,0.877360307174232
2020-09-13,0.002775999950245,0.00282400008291,0.0027459999546408,0.0028190000448375,124253232,DOGECOIN,-0.015253669353871513,-0.015371203316151357,0.012078206013611042,0.02726522792400493,0.002793142838137429,0.0031591999965408864,0.8841297927309871
2020-09-14,0.0028029999230057,0.0028429999947547,0.0027419999241828,0.002775999950245,128520946,DOGECOIN,0.009726215145759332,0.009679219992830146,0.012223863688418568,0.0274608485332013,0.0027919999722923,0.003134666662663167,0.8906848072707857
2020-09-15,0.0028319999109953,0.0028780000284314,0.0027850000187754,0.0027989998925477,100194174,DOGECOIN,0.01034605379457254,0.010292899689142302,0.009196681358742822,0.027652843467139997,0.0028028570980365287,0.00311159999109799,0.9007768048769934
2020-09-16,0.002826000098139,0.002858999883756,0.0027910000644624,0.0028309999033808,148555505,DOGECOIN,-0.002118578052564768,-0.002120825413748248,0.009205377418294395,0.02723173393723016,0.0028095714016151715,0.0030860999909539466,0.9103954537606226
2020-09-17,0.0028140000067651,0.002858999883756,0.0027809999883174,0.00282400008291,161305349,DOGECOIN,-0.0042463166868969004,-0.004255357893227265,0.00893063390496406,0.027115227764637036,0.0028108571256909567,0.003062766658452597,0.9177509876351754
2020-09-18,0.0028039999306201,0.0028250000905245,0.0027489999774843,0.0028140000067651,147868185,DOGECOIN,-0.003553687320880905,-0.0035600166671289415,0.009059777195211406,0.026894530785312135,0.002810571409229672,0.0030420999896401597,0.9238918572042484
2020-09-19,0.0027940000873059,0.0028140000067651,0.0027729999274015,0.0027960001025348,147046520,DOGECOIN,-0.0035662780176989317,-0.003572652346747593,0.008875177054385109,0.026714439331127153,0.0028069999867251574,0.00301993332492803,0.9294907154256635
2020-09-20,0.002777999965474,0.0028059999458491,0.0027220000047236,0.0027940000873059,145951917,DOGECOIN,-0.005726600333548326,-0.005743060178621174,0.006838411838312354,0.02661629664863882,0.0028072857031864427,0.0029994333240513462,0.9359386923776092
2020-09-21,0.0026300000026822,0.0028019999153912,0.0026159998960793,0.002777999965474,78753428,DOGECOIN,-0.05327572520921442,-0.054747384694265114,0.020834505631097237,0.027702810197156275,0.002782571428854514,0.002972366660833307,0.9361467632914495
2020-09-22,0.0026559999678283,0.0026720000896602,0.002604000037536,0.0026249999646097,36467574,DOGECOIN,0.009885918296419938,0.009837372291827566,0.0207644278518114,0.027914991210533844,0.002757428579830657,0.00294709999579931,0.9356413368263704
2020-09-23,0.0025599999353289,0.0026509999297559,0.0025400000158697,0.0026479999069124,79707709,DOGECOIN,-0.03614459098728651,-0.03681398627202615,0.022839297748264438,0.028325803429448525,0.0027194285565720717,0.0029184999953334,0.9317898101491732
2020-09-24,0.0026279999874532,0.0026499999221414,0.0025359999854117,0.0025569999124854,111915974,DOGECOIN,0.02656252103208101,0.026215862618764674,0.027468044870062866,0.028683098145900237,0.0026928571252418,0.002895933327575473,0.9298753875305229
2020-09-25,0.0026980000548064,0.0027209999971091,0.0026159998960793,0.0026279999874532,124575712,DOGECOIN,0.026636251022602586,0.0262876822511907,0.03071707415866079,0.029323640403501418,0.002677714285839843,0.0028757666625702865,0.9311305818694521
2020-09-26,0.0027159999590367,0.0027530000079423,0.0026779999025166,0.0026990000624209,108180296,DOGECOIN,0.006671572966884698,0.006649416514955222,0.031065264383399405,0.02906189108759767,0.0026665714103728147,0.00285953332980469,0.932519786560748
2020-09-27,0.0026920000091195,0.0027340000960975,0.0026640000287443,0.0026970000471919,76293172,DOGECOIN,-0.008836505993804367,-0.008875779444121785,0.031116329439576648,0.028660868071266655,0.0026542857023221715,0.0028403333310658267,0.9344979595497542
2020-09-28,0.0026519999373704,0.0027399999089539,0.0026400000788271,0.0027089999057352,102662350,DOGECOIN,-0.01485886761277655,-0.014970366462483486,0.022976618778700008,0.028627596127812384,0.0026574285501347714,0.002819333326381896,0.9425733826035745
2020-09-29,0.002684999955818,0.0027099999133497,0.0026360000483691,0.0026620000135153,109463113,DOGECOIN,0.01244344616399995,0.012366662798078899,0.02315446954567754,0.028759452234860188,0.0026615714055618716,0.0027988333255052097,0.9509574512020785
2020-09-30,0.0026300000026822,0.002684999955818,0.0026169999036937,0.002682999940589,106684832,DOGECOIN,-0.02048415420515115,-0.020696864296185717,0.019160513977791758,0.02869307660128009,0.0026715714151837712,0.0027791333229591,0.9612966003153812
2020-10-01,0.0026159998960793,0.0026819999329745,0.0025839998852461,0.0026310000102967,116194992,DOGECOIN,-0.005323234444342906,-0.0053374533396077705,0.016557671661353437,0.028503055143195243,0.0026698571164160715,0.002757799982403673,0.9681112239652161
2020-10-02,0.0025830001104623,0.0026279999874532,0.0025390000082552,0.0026140001136809,128239855,DOGECOIN,-0.012614597449509879,-0.012694836991092666,0.011881287407995017,0.02776413580928415,0.002653428552938343,0.00273983331862833,0.9684634955336463
2020-10-03,0.0025989999994635,0.0026400000788271,0.0025740000419318,0.0025830001104623,116046378,DOGECOIN,0.006194304420039876,0.006175198574107097,0.011796710549213057,0.02009212339270363,0.0026367142729993146,0.0027330666547640734,0.9647456890241572
2020-10-04,0.0026350000407546,0.0026819999329745,0.0025899999309331,0.002606000052765,92364518,DOGECOIN,0.013851497229138587,0.013756442007039184,0.013886421294441526,0.019139037993443644,0.0026285714203757573,0.0027242666576057233,0.964873028503726
2020-10-05,0.0026120000984519,0.0026620000135153,0.0025989999994635,0.0026320000179111,127881032,DOGECOIN,-0.008728630719912034,-0.008766948353631393,0.013179389423368505,0.017038401654526438,0.0026228571576731143,0.0027193999926869634,0.9644984793434312
2020-10-06,0.0026110000908374,0.0026279999874532,0.0025740000419318,0.0026120000984519,105669881,DOGECOIN,-0.0003828512928053529,-0.0003829245990724174,0.01162473500378769,0.016883380562844996,0.0026122857483901712,0.00271353332791473,0.9626879174532327
2020-10-07,0.0025949999690055,0.0026120000984519,0.0025649999734014,0.0025929999537765,125523508,DOGECOIN,-0.006127966784853056,-0.006146819833341823,0.00918484460007291,0.016773772626670434,0.0026072857435792142,0.0027063333274175267,0.9634015578070618
2020-10-08,0.00259599997662,0.0026310000102967,0.0025599999353289,0.0025839998852461,109356096,DOGECOIN,0.000385359393620055,0.0003852851617589471,0.009083458342362313,0.016466234326836818,0.0026044286122278854,0.00270099999227867,0.9642460642995732
2020-10-09,0.0026529999449849,0.0026670000515878,0.0025949999690055,0.0026159998960793,100051523,DOGECOIN,0.021956844714272394,0.02171926458298292,0.01089261309566478,0.01693099247152047,0.0026144285885882574,0.0026967999913418833,0.9694558725088696
2020-10-10,0.0026549999602138,0.0027159999590367,0.0026539999525994,0.0026539999525994,96632426,DOGECOIN,0.0007538693065864965,0.0007535852898528249,0.010889981279491307,0.016813405178771015,0.002622428582981157,0.0026917999920745236,0.974228616800053
2020-10-11,0.0026740001048892,0.0027060001157224,0.0026489999145269,0.0026670000515878,107632465,DOGECOIN,0.0071563634501410345,0.007130878196814319,0.01006018445639492,0.01688913223096003,0.0026280000207146714,0.00268739999737586,0.9778968606388367
2020-10-12,0.0026730000972747,0.0027079998981207,0.0026289999950677,0.0026740001048892,101246789,DOGECOIN,-0.00037397441109721097,-0.0003740443569664758,0.0089928641647692,0.01685018538255987,0.002636714306260786,0.0026825333324570996,0.9829194941803966
2020-10-13,0.0026350000407546,0.0026769998949021,0.0026269999798387,0.0026670000515878,76963142,DOGECOIN,-0.014216257065925109,-0.014318276088396866,0.011212110429569997,0.01682195700810918,0.0026401428705346715,0.0026778333354740866,0.9859250146601293
2020-10-14,0.0026370000559836,0.0026529999449849,0.0026179999113082,0.0026340000331401,87293434,DOGECOIN,0.0007590190504995764,0.0007587311412166084,0.010740853408608133,0.016691526219961245,0.0026461428829601145,0.00267230000657335,0.9902117563339095
2020-10-15,0.0025929999537765,0.0026509999297559,0.0025690000038594,0.0026499999221414,83794207,DOGECOIN,-0.016685666011746925,-0.016826439870919495,0.012985956870562919,0.01673515989040169,0.002645714308268186,0.002664333341332723,0.9930117479011753
2020-10-16,0.0026120000984519,0.0026159998960793,0.0025569999124854,0.0025949999690055,117882236,DOGECOIN,0.007327475902083158,0.007300760376071386,0.009651619890544019,0.016839121787468526,0.0026398571873349,0.00265720000800982,0.9934732723834705
2020-10-17,0.0025810000952333,0.0026120000984519,0.0025730000343173,0.0026030000299215,125692391,DOGECOIN,-0.011868300938033371,-0.011939291472029073,0.010176797179073665,0.01692300671513126,0.0026292857780519717,0.0026494333442920936,0.9923955187310043
2020-10-18,0.0025859999004751,0.0026010000146925,0.0025770000647753,0.0025810000952333,72298803,DOGECOIN,0.001937158100471903,0.0019352842293183252,0.009385100589747347,0.016945129961017942,0.0026167143202785285,0.0026421666766205934,0.9903668619518663
2020-10-19,0.0025899999309331,0.0026189999189227,0.0025720000267028,0.0025949999690055,91049562,DOGECOIN,0.0015468022474653953,0.0015456071810645566,0.009561702245094157,0.01696177610528422,0.0026048571536583,0.0026353666714081666,0.9884230463711662
2020-10-20,0.0026010000146925,0.0026229999493807,0.0025810000952333,0.0025899999309331,65577101,DOGECOIN,0.00424713669989818,0.004238143070614026,0.008940108690307732,0.016994381629153996,0.002600000007078,0.0026294666730487834,0.9887936720123485
2020-10-21,0.0026300000026822,0.0026569999754428,0.002593999961391,0.002600000007078,45017115,DOGECOIN,0.011149553181809102,0.011087855094217797,0.010206241008591936,0.013952631146532604,0.002598999999463514,0.002629466673048783,0.9884133638590886
2020-10-22,0.0026549999602138,0.002688999986276,0.0026239999569952,0.0026269999798387,44976453,DOGECOIN,0.009505687264678153,0.009460792498994775,0.007666252832500888,0.013943642149551303,0.0026078571432402715,0.0026294333394616333,0.9917943551191987
2020-10-23,0.0026469998992979,0.002691000001505,0.0026370000559836,0.0026489999145269,46856082,DOGECOIN,-0.0030132056631954063,-0.003017754507413386,0.007776956328290614,0.012112891984986418,0.0026128571147897004,0.0026323333382606,0.9926011560968304
2020-10-24,0.0026459998916834,0.0026529999449849,0.0026239999569952,0.0026469998992979,44797614,DOGECOIN,-0.0003777890640515036,-0.0003778604443183176,0.005122150968102378,0.011147119211958602,0.0026221427999968574,0.0026329333350682735,0.9959017059309113
2020-10-25,0.0026529999449849,0.0026759998872876,0.0026239999569952,0.0026449998840689,58532388,DOGECOIN,0.002645522897979591,0.002642029661878786,0.005091821462153099,0.010019895422969381,0.0026317142349268287,0.0026314333314075566,1.000106749244193
2020-10-26,0.002678999910131,0.0028929999098181,0.0026360000483691,0.0026529999449849,122152251,DOGECOIN,0.009800213224749443,0.009752502598082245,0.005457143744948871,0.010112481118047805,0.002644428517669386,0.002630199996444033,1.0054096727414605
2020-10-27,0.0026769998949021,0.0027079998981207,0.0026300000026822,0.002678999910131,78927089,DOGECOIN,-0.0007465529287017381,-0.0007468317381120388,0.005857312663836718,0.009987259209560537,0.0026552856434136143,0.0026296999926367862,1.0097294941812633
2020-10-28,0.0025949999690055,0.0026970000471919,0.0025750000495463,0.0026769998949021,72848720,DOGECOIN,-0.030631277219231534,-0.031110220604711775,0.01380585728101255,0.01117517806701496,0.002650285638602657,0.00262779999369129,1.008556832698588
2020-10-29,0.0025810000952333,0.0026229999493807,0.0025180000811815,0.0025949999690055,58929515,DOGECOIN,-0.005394941787828067,-0.005409547039614943,0.012876699489772254,0.010925611128062803,0.0026397142293197286,0.0026243333316718002,1.0058608780608407
2020-10-30,0.002597999991849,0.0026070000603795,0.0025329999625682,0.0025810000952333,63444097,DOGECOIN,0.006586554044339721,0.006564957476688002,0.013497681355472172,0.010378129481294228,0.0026327142425413143,0.0026232666646440264,1.0036014554008637
2020-10-31,0.0025760000571608,0.0026030000299215,0.0025559999048709,0.002597999991849,56189318,DOGECOIN,-0.00846802723526674,-0.008504084679135946,0.01361668758497245,0.010445876915706895,0.0026227142661809427,0.002621933336680077,1.00029784491083
2020-11-01,0.0025820001028478,0.0025899999309331,0.0025609999429434,0.0025760000571608,45528682,DOGECOIN,0.002329210230535672,0.002326501825201627,0.013592192006721274,0.010198946608206446,0.0026125714315899285,0.0026219000030929264,0.99644205671765
2020-11-02,0.002517000073567,0.0025919999461621,0.002515000058338,0.0025820001028478,50142376,DOGECOIN,-0.025174293838760353,-0.025496586875832675,0.014217085910287149,0.011132780690250527,0.0025894285977950716,0.00261916667222971,0.988645978604591
2020-11-03,0.0025279999244958,0.0025299999397248,0.0024520000442862,0.002517000073567,62871653,DOGECOIN,0.004370222728365514,0.0043607010362152355,0.01482401858907031,0.0108293622453873,0.0025681428877370287,0.0026156000016877502,0.9818561271141997
2020-11-04,0.0025329999625682,0.0025579999200999,0.0024969999212771,0.0025279999244958,52552651,DOGECOIN,0.0019778632206237656,0.001975909824440244,0.011102179489245387,0.010754092858125711,0.002559285743960271,0.0026129666638249603,0.9794559492059846
2020-11-05,0.0026169999036937,0.0026390000712126,0.0024959999136626,0.0025329999625682,31611963,DOGECOIN,0.03316223543893493,0.03262423050585755,0.017467862700407028,0.01238648281440845,0.002564428573740329,0.002613166657586837,0.9813490334782107
2020-11-06,0.0027600000612437,0.0028009999077767,0.0026080000679939,0.0026169999036937,54267546,DOGECOIN,0.05464278288591684,0.053202115171064164,0.026213337477185367,0.015664052971445495,0.0025875714407967145,0.0026186666606614435,0.9881255524684174
2020-11-07,0.0026710000820457,0.0028190000448375,0.0026120000984519,0.0027600000612437,44610219,DOGECOIN,-0.032246368559099015,-0.03277773707375948,0.03016684639520508,0.016906816998665218,0.002601142872923128,0.002621166664175633,0.9923607332848472
2020-11-08,0.0027109999209642,0.0027419999241828,0.0026579999830573,0.0026710000820457,22754531,DOGECOIN,0.01497560377754259,0.01486457651773874,0.0303413452917529,0.016660971978244964,0.002619571418368328,0.0026230999967082765,0.9986548060141144
2020-11-09,0.0026700000744313,0.0027860000263899,0.0026630000211298,0.0027109999209642,28124348,DOGECOIN,-0.01512351447001059,-0.015239041073734751,0.028716494782859498,0.01691382240729922,0.002641428561348943,0.0026236000005155267,1.0067954569408115
2020-11-10,0.0027530000079423,0.0028510000556707,0.0026549999602138,0.0026700000744313,39633173,DOGECOIN,0.031086116553265875,0.03061272875638294,0.029790597862334383,0.017767982175806,0.0026735714304127285,0.0026262333306172965,1.0180250929129382
2020-11-11,0.0027689998969435,0.0028369999490678,0.0027530000079423,0.0027530000079423,33138759,DOGECOIN,0.005811801291333518,0.005794977925443357,0.02960697195104687,0.01778757166021539,0.0027072857067520573,0.00262943332393959,1.0296080460012669
2020-11-12,0.0027789999730885,0.0027910000644624,0.0027469999622553,0.0027689998969435,24028261,DOGECOIN,0.0036114396956239414,0.003604934105612269,0.02836190802823111,0.01754859940002467,0.002730428573808457,0.0026342333216840532,1.0365173621229977
2020-11-13,0.0028210000600665,0.0028359999414533,0.0027769999578595,0.0027789999730885,29217750,DOGECOIN,0.015113381570609485,0.015000312235998207,0.021087198144501954,0.01771206693975961,0.0027391428593545714,0.0026403666551534834,1.0374100331892526
2020-11-14,0.0027729999274015,0.0028210000600665,0.0027209999971091,0.0028210000600665,30334380,DOGECOIN,-0.017015289487044005,-0.017161712859335546,0.01710648094968059,0.017724618867483593,0.002753714265833971,0.002646366654274317,1.0405641491084654
2020-11-15,0.0027749999426305,0.0028129999991506,0.0027389999013394,0.0027729999274015,25131683,DOGECOIN,0.0007212460444865343,0.0007209860715536466,0.01662438790957746,0.01770049355020953,0.0027628571260720144,0.0026517999824136034,1.0418799096443652
2020-11-16,0.0028860000893473,0.0030090000946074,0.0027570000384002,0.0027749999426305,52063283,DOGECOIN,0.04000005369786774,0.0392207647858451,0.01905038412434065,0.01874321044766703,0.0027937142710600144,0.00266196664888407,1.0494925893347216
2020-11-17,0.0029360000044107,0.0029760000761598,0.0028860000893473,0.0029080000240355,46631464,DOGECOIN,0.017324987358093846,0.017176620944001995,0.01736014917483115,0.01889899313385175,0.002819857127698357,0.0026736333190152573,1.054691048186427
2020-11-18,0.00290900003165,0.0029990000184625,0.0028550000861287,0.0029360000044107,49460064,DOGECOIN,-0.009196175994597544,-0.009238721861459128,0.018726844886209376,0.019053767724623194,0.002839857146942143,0.00268426665570582,1.0579638728907916
2020-11-19,0.002911000046879,0.0029599999543279,0.0028679999522864,0.00290900003165,40330643,DOGECOIN,0.0006875267126984497,0.0006872904744819674,0.0188482778309567,0.01906243995773593,0.0028587143003407857,0.002694599990112037,1.0609048878612686
2020-11-20,0.0029839999042451,0.0030110001098364,0.0029080000240355,0.002911000046879,57656465,DOGECOIN,0.02507724362435715,0.024767969384496137,0.019903316840577407,0.019404498948340062,0.0028819999923663,0.0027063999868308,1.0648832420891072
2020-11-21,0.0035069999285042,0.0035490000154823,0.0029839999042451,0.0029839999042451,162641694,DOGECOIN,0.17526811026872657,0.16149630051937233,0.05878803945002616,0.03467117141805046,0.002986857135380972,0.0027347999857738133,1.0921665755881007
2020-11-22,0.0033289999701082,0.0036599999293684,0.0031810000073164,0.0035069999285042,121660410,DOGECOIN,-0.05075562076555851,-0.05208900115776773,0.06657551954082776,0.0363863337417024,0.003065999996449214,0.00275753332146749,1.1118632629315122
2020-11-23,0.0036480000708252,0.0036480000708252,0.0032319999299943,0.0033289999701082,101561039,DOGECOIN,0.09582460305838691,0.09150714201321257,0.07108601200584394,0.03942811010609365,0.003174857136660343,0.0027909333274388835,1.1375610823257356
2020-11-24,0.0042039998807013,0.0042039998807013,0.0035790000110864,0.0036450000479817,266716036,DOGECOIN,0.1524122256254039,0.14185733301039058,0.08122015874161632,0.046078186203341726,0.003355999976130429,0.0028426333252960967,1.1805954522048172
2020-11-25,0.0037269999738782,0.0042559998109936,0.0036420000251382,0.0041999998502433,174459927,DOGECOIN,-0.11346334927667223,-0.12043281114895733,0.10298677485342707,0.05232924129165039,0.003472857110734457,0.002877566660754337,1.2068728617477338
2020-11-26,0.0032500000670552,0.0037930000107735,0.0029800001066178,0.0037269999738782,175520294,DOGECOIN,-0.12798495040681446,-0.13694859651430563,0.12208621284399618,0.05888212180884079,0.003521285685045343,0.0028966666664927737,1.2156337233337398
2020-11-27,0.0032750000245869,0.0033549999352544,0.0030930000357329,0.0032500000670552,92323023,DOGECOIN,0.007692294466428162,0.00766285962065042,0.12204650238337875,0.05845287766103595,0.003562857130808457,0.0029193333350121535,1.2204351891160878
2020-11-28,0.0034050000831484,0.0034700001124292,0.0032470000442117,0.0032750000245869,58033650,DOGECOIN,0.03969467407191796,0.03892708742631062,0.10481641525452207,0.05866857731052227,0.003548285724329057,0.00294680000127599,1.2041148781025581
2020-11-29,0.0034479999449104,0.0035300001036375,0.0033579999580979,0.0034050000831484,46319972,DOGECOIN,0.012628446611443467,0.012549372803208269,0.10272239155091073,0.05866935754498882,0.0035652857207293712,0.0029751333330447034,1.1983616603430394
2020-11-30,0.0035510000307112,0.0035800000187009,0.0034139999188482,0.0034479999449104,68622736,DOGECOIN,0.02987241515268546,0.029434925785372493,0.0965027339860271,0.05867823221021003,0.0035514285721416567,0.00300763333216305,1.1808050317049505
2020-12-01,0.0033350000157952,0.003571999957785,0.0032689999788999,0.0035510000307112,80163603,DOGECOIN,-0.06082793946716447,-0.06275657850577791,0.07318362194432686,0.06018231949821547,0.003427285734297928,0.0030327333292612967,1.1300979552767783
2020-12-02,0.0033740000799298,0.0034360000863671,0.0032929999288171,0.0033350000157952,58705661,DOGECOIN,0.011694172098916988,0.011626323709920268,0.06326131577097731,0.05983922619171359,0.0033768571780195857,0.0030612999961400567,1.1030794702503544
2020-12-03,0.0034280000254511,0.0035000001080334,0.0033519999124109,0.0033750000875443,47907032,DOGECOIN,0.016004725620049065,0.015878000346309044,0.03295813814158112,0.059840286012127195,0.003402285743504714,0.0030912999995052334,1.1006003118588472
2020-12-04,0.0032979999668896,0.0034469999372959,0.0032850001007318,0.0034290000330656,45062222,DOGECOIN,-0.03792300396625381,-0.03866079406214031,0.0373107458049086,0.060488157795986354,0.0034055714495479575,0.0031167999996492795,1.0926499775189848
2020-12-05,0.0033970000222325,0.0034139999188482,0.0032679999712854,0.0032969999592751,43386583,DOGECOIN,0.030018209926262918,0.029576481625324263,0.03586597010176311,0.06044930633861182,0.003404428583702829,0.0031428000036005732,1.0832469707911794
2020-12-06,0.003387999953702,0.0034419998992234,0.0033430000767111,0.0033970000222325,40936574,DOGECOIN,-0.0026494166828369137,-0.002652932598673642,0.035413098612426926,0.05988880282185879,0.0033958571563873427,0.003163733333349183,1.073370223903299
2020-12-07,0.0033420000690966,0.003400000045076,0.0033199999015778,0.003387999953702,36923814,DOGECOIN,-0.013577297884888373,-0.013670312276092458,0.03256622030462572,0.05955367722288989,0.0033660000190138288,0.003186099999584213,1.0564640216732346
2020-12-08,0.0031789999920874,0.0033609999809414,0.0031379999127238,0.0033430000767111,52702701,DOGECOIN,-0.04877321174121385,-0.05000277140878216,0.02922055543078105,0.060446849135853506,0.003343714301341286,0.0032017000019549866,1.0443559044568773
2020-12-09,0.0031580000650137,0.0031820000149309,0.0030159999150782,0.0031789999920874,45746722,DOGECOIN,-0.00660582797293785,-0.006627743019208422,0.028090175949399207,0.06036630412752113,0.0033128571563532717,0.003217966668307733,1.0294877162588636
2020-12-10,0.0031049998942762,0.0031649998854845,0.0030660000629723,0.0031580000650137,33740988,DOGECOIN,-0.01678282762710137,-0.016925255084527024,0.025803434575692206,0.06031086397645487,0.003266714280471143,0.003229699997852197,1.011460594681723
2020-12-11,0.00307899992913,0.0031099999323487,0.0030090000946074,0.0031049998942762,41712942,DOGECOIN,-0.008373580042346784,-0.008408835410758842,0.02343642487360729,0.060352112421258514,0.0032354285607911998,0.0032400333322584133,0.9985787888595566
2020-12-12,0.0031630001030862,0.0031840000301599,0.0030749998986721,0.00307899992913,35466155,DOGECOIN,0.02728164205574868,0.026916130989635755,0.02270120157365767,0.06050289213169799,0.0032020000009131576,0.00325283333659167,0.9843725975423703
2020-12-13,0.0032560001127421,0.0032740000169724,0.0031530000269412,0.0031640001107007,37464323,DOGECOIN,0.02940246810778091,0.028978505851459904,0.027162699316241646,0.0606416885029037,0.003183142880776029,0.0032673333383475235,0.9742326696259053
2020-12-14,0.0032309999223798,0.0032790000550448,0.0031989999115467,0.0032560001127421,36238516,DOGECOIN,-0.00767819087734789,-0.007707819947468497,0.026963024111146174,0.06054822522817498,0.0031672857169593427,0.0032826000048468,0.9648710510823145
2020-12-15,0.0032059999648481,0.0032500000670552,0.0031779999844729,0.0032299999147653,37127782,DOGECOIN,-0.007737529598356163,-0.007767619595826268,0.018595966938946915,0.060589193192911665,0.0031711428559251576,0.0032969666722540538,0.9618364912852232
2020-12-16,0.0034159999340772,0.0034219999797642,0.0031860000453889,0.0032049999572336,50989880,DOGECOIN,0.06550217452639617,0.06344621340512908,0.029398268212121277,0.06122172354757324,0.003207999980077086,0.00331463333374505,0.9678295174967411
2020-12-17,0.0037299999967217,0.0041129998862743,0.0034060000907629,0.0034159999340772,172736659,DOGECOIN,0.09192039481971603,0.08793797614874373,0.03809724830213893,0.06301906593757384,0.0032972857089978718,0.0033411000001554165,0.9868862676497241
2020-12-18,0.0038580000400543,0.003969999961555,0.003618000075221,0.0037299999967217,101799430,DOGECOIN,0.03431636553487927,0.033740692088855,0.03491360911659684,0.06310263841807859,0.0034085714391299147,0.003372733333768893,1.010625834246129
2020-12-19,0.0039269998669624,0.0040179998613893,0.0038099999073892,0.0038590000476688,98447179,DOGECOIN,0.017884869412061688,0.017726816852526254,0.03531673185509769,0.06309809193616758,0.0035177142625407998,0.00340659999443834,1.0326173511078103
2020-12-20,0.0046250000596046,0.0046780002303421,0.0038270000368356,0.0039260000921785,508066004,DOGECOIN,0.17774387988001505,0.16360064213366493,0.06123489480378201,0.06903223503062789,0.003713285683521157,0.00346129999961699,1.07280087941873
2020-12-21,0.0047869998961687,0.0054060001857578,0.0043629999272525,0.0046270000748336,664160057,DOGECOIN,0.03502699123812558,0.034427504868237056,0.05648775246791486,0.06337524243505953,0.003935571394062428,0.0035039666652058065,1.1231760373585835
2020-12-22,0.0045079998672008,0.004842999856919,0.0043700002133846,0.0047840001061558,239288785,DOGECOIN,-0.05828285669928657,-0.060050322001139564,0.06852333186016552,0.06366182860474358,0.004121571380112815,0.00354326666177556,1.1632123047852858
2020-12-23,0.0037680000532418,0.0047349999658763,0.0036400000099092,0.0045079998672008,205080908,DOGECOIN,-0.16415258113538855,-0.179309195874861,0.10917870526532301,0.0705493976184067,0.004171857111422043,0.0035472666611894464,1.176076542839653
2020-12-24,0.0045699998736381,0.0045770001597702,0.0036969999782741,0.0037680000532418,143405580,DOGECOIN,0.2128449599426887,0.19296880641170067,0.12682323546898414,0.07456896901221277,0.004291857093838671,0.0035594666609540066,1.2057584752566186
2020-12-25,0.004581999965012,0.0046129999682307,0.0043950001709163,0.0045699998736381,136819917,DOGECOIN,0.002625840635821941,0.0026223991395303327,0.12717487933215368,0.07084919598347558,0.004395285654546914,0.0035879666606584665,1.2250073844722646
2020-12-26,0.0044940002262592,0.0046399999409914,0.0044229999184608,0.0045810001902282,151728507,DOGECOIN,-0.019205530210554933,-0.019392352285249187,0.12827684261281055,0.06568223836701637,0.0044762857058750286,0.0036294333326319333,1.2333290890423902
2020-12-27,0.0045480001717805,0.0048050000332295,0.0044289999641478,0.004492999985814,154526399,DOGECOIN,0.012016008634305297,0.011944389548759841,0.11155371267412802,0.06567983168644721,0.004465285721900157,0.00367186667087172,1.2160805721303807
2020-12-28,0.004592000041157,0.0047160000540316,0.0045230002142488,0.0045480001717805,99641525,DOGECOIN,0.009674553147449583,0.009628054321179259,0.11057879125292369,0.0654668986263221,0.004437428599755628,0.0037114333361386734,1.1956104819525792
2020-12-29,0.0044860001653432,0.0046080001629889,0.0042779999785125,0.004592000041157,90876497,DOGECOIN,-0.023083596442454057,-0.023354195024409392,0.10843512318001616,0.06574568019683062,0.0044342857852045425,0.0037460333434864335,1.1837283277029116
2020-12-30,0.0046359999105334,0.0047030001878738,0.0044530001468956,0.0044869999401271,94834499,DOGECOIN,0.033437302644130584,0.032890433223656625,0.07454638343912744,0.06578614310892053,0.004558285764817628,0.0037822000061471734,1.205194267201388
2020-12-31,0.0046819997951388,0.0047430000267922,0.0045529999770224,0.0046359999105334,85498337,DOGECOIN,0.009922322151233232,0.00987341913438245,0.019404658938081513,0.06438005537488718,0.004574285753603443,0.0038270999987919598,1.1952354929443534
2021-01-01,0.0056850002147257,0.0056850002147257,0.0046149999834597,0.0046810000203549,228961515,DOGECOIN,0.21422478929373057,0.19410583965941405,0.07457303138012585,0.07251724891539608,0.0047318572178482576,0.0039041333366184898,1.2120121957583265
2021-01-02,0.0106149995699524,0.0136980004608631,0.0055840001441538,0.0056859999895095,3421562680,DOGECOIN,0.8671942249811455,0.62443688966895,0.23238550524342602,0.1324388379857941,0.005606285695518715,0.004143699988101867,1.352966120041626
2021-01-03,0.0097709996625781,0.0138670001178979,0.0094090001657605,0.010602000169456,2707003608,DOGECOIN,-0.07951012167380456,-0.08284927421281019,0.24246479771134014,0.13355811200003442,0.006352428479918371,0.004359466644624817,1.4571572620588478
2021-01-04,0.0097669996321201,0.0114209996536374,0.0078779999166727,0.0097850002348423,1372398979,DOGECOIN,-0.00040937781149674723,-0.0004094616294692795,0.2431807582589406,0.13372152277929455,0.007091714135770242,0.004571799964954403,1.5511864451928117
2021-01-05,0.0099200000986456,0.0102190002799034,0.0089720003306865,0.0097669996321201,687256067,DOGECOIN,0.015665042724311906,0.015543612441153456,0.2401089738724865,0.13358508517123988,0.00786799984052773,0.00478953330311919,1.642748748694092
2021-01-06,0.0104649998247623,0.0108540002256631,0.0096850004047155,0.0099229998886585,749915516,DOGECOIN,0.05493948797350412,0.053483407911946765,0.23908254123930503,0.13328966935936384,0.008700714113989,0.005026966628308047,1.7308080115338753
2021-01-07,0.0097420001402497,0.0105320001021027,0.0091620003804564,0.0104539999738335,520644706,DOGECOIN,-0.06908740531479385,-0.07158988937209318,0.24697931394528702,0.1338385512809964,0.0094235713061477,0.005245733299913456,1.7964259270106564
2021-01-08,0.0098460000008344,0.0102850003167986,0.0089859999716281,0.0097430003806948,394462164,DOGECOIN,0.010675411526121836,0.010618831640006285,0.2456391436469744,0.13368017523216053,0.01001799984702037,0.00546866663110748,1.8318907556066528
2021-01-09,0.0101939998567104,0.0107399998232722,0.0097399996593594,0.0098329996690154,485842353,DOGECOIN,0.03534428761390496,0.034734016440827506,0.05192400281580546,0.1332816711371914,0.009957857030842942,0.0057049666298552865,1.7454715648521741
2021-01-10,0.009859999641776,0.0108669996261596,0.0091770002618432,0.0101929996162652,458583519,DOGECOIN,-0.03276439274369203,-0.033313165578072554,0.04212005054203371,0.13366817169073736,0.0099705713135855,0.005930999953610154,1.6810944851747118
2021-01-11,0.0088349999859929,0.0098580000922083,0.0067699998617172,0.0098580000922083,637956958,DOGECOIN,-0.1039553441199188,-0.1097650280972595,0.05953670149414378,0.13638873935120943,0.0098374285069959,0.00612006661637371,1.6074054620053824
2021-01-12,0.0080629996955394,0.0091450000181794,0.0079039996489882,0.0088299997150897,333308457,DOGECOIN,-0.08737977268561825,-0.09143544624357847,0.0641434130986942,0.13830726370251645,0.009572142735123584,0.006280299935800287,1.524153755867366
2021-01-13,0.0086160004138946,0.0086460001766681,0.0077869999222457,0.0080620003864169,240079033,DOGECOIN,0.06858498564264237,0.06633532994932151,0.0670368686697242,0.13826763264207104,0.009307999962142486,0.006459799952184113,1.4409114881329061
2021-01-14,0.0093970000743865,0.010029999539256,0.0083489995449781,0.0086190002039074,428369039,DOGECOIN,0.09064526729042632,0.08676950942491919,0.07591814194378971,0.1383909080113858,0.009258714238447744,0.00666616662250206,1.3889113133167685
2021-01-15,0.0093689998611807,0.009796000085771,0.0084600001573562,0.0093890000134706,398965925,DOGECOIN,-0.0029796970292805813,-0.002984145164735293,0.07562072354079831,0.13846549524599172,0.009190571361354356,0.006864599953405509,1.3388356821572593
2021-01-16,0.009265000000596,0.0095309996977448,0.0091399997472763,0.009367000311613,258630480,DOGECOIN,-0.011100422897390771,-0.011162492350525214,0.07334506730027604,0.1383072534038116,0.009057857096195157,0.007049099953534654,1.2849664717342029
2021-01-17,0.0090669998899102,0.009367000311613,0.0088409995660185,0.0092630004510283,254487989,DOGECOIN,-0.021370762080201056,-0.02160242327954317,0.0729543474758544,0.1386288775325636,0.008944571417357185,0.007222733281863183,1.2383914881389384
2021-01-18,0.0091709997504949,0.0092949997633695,0.008980999700725,0.009069999679923,205025648,DOGECOIN,0.01147015130114104,0.011404867848821436,0.058908095493674276,0.13865059543725045,0.008992571383714615,0.007397533277980933,1.2156175640982083
2021-01-19,0.0090979998931288,0.009612999856472,0.0090199997648596,0.00917199999094,249242632,DOGECOIN,-0.007959858178183898,-0.0079917069697868,0.04211065234018259,0.1363964192389649,0.009140428554798814,0.00754663327243174,1.2111928889123702
2021-01-20,0.0090600000694394,0.0091530000790953,0.0085289999842643,0.0090960003435611,220205442,DOGECOIN,-0.0041767228111421195,-0.004185469681861767,0.03646888823507114,0.13646266700314758,0.0092038570770195,0.007689066611540763,1.197005767020556
2021-01-21,0.0081660002470016,0.0090889995917677,0.0080610001459717,0.0090619996190071,215419839,DOGECOIN,-0.09867547633397744,-0.10388990457433442,0.038271540206342325,0.13759351359691133,0.009027999958821658,0.007810999957534123,1.1558059157475316
2021-01-22,0.0085239997133612,0.0087689999490976,0.0076540000736713,0.0081650000065565,185490003,DOGECOIN,0.04384024681986176,0.04290645746415958,0.04501942293111279,0.1323877346500886,0.0089072856519903,0.007969533279538104,1.1176671631273427
2021-01-23,0.0085789998993277,0.0088080000132322,0.0083879996091127,0.0085199996829032,154393737,DOGECOIN,0.00645239181323376,0.006431664246986034,0.045658478234755676,0.12866224926091455,0.0088092856375234,0.008103166613727756,1.0871411211759354
2021-01-24,0.0087270000949501,0.0089509999379515,0.0085159996524453,0.0085779996588826,162191977,DOGECOIN,0.01725145091026281,0.017104334205121207,0.04649512324622692,0.1286181055720594,0.008760714238243386,0.008241333284725694,1.0630214718388227
2021-01-25,0.0083830002695322,0.0088790003210306,0.008275999687612,0.0087270000949501,180820875,DOGECOIN,-0.0394178780423019,-0.04021580125325672,0.047458146380969464,0.12890214225703273,0.008648142883820143,0.00837096661950146,1.0331116198304935
2021-01-26,0.0082550002261996,0.0084560001268982,0.0080220000818371,0.008382000029087,161173749,DOGECOIN,-0.015269001457367759,-0.01538677303433935,0.04741466938965467,0.12906324137419664,0.008527714359973114,0.008494533287982097,1.003906167751201
2021-01-27,0.0074820001609623,0.0082590002566576,0.0072940001264214,0.0082550002261996,204797186,DOGECOIN,-0.09364022338654376,-0.09831894733439127,0.05665238104098301,0.13085103742837098,0.008302285801619243,0.008590866625308939,0.9664084153233704
2021-01-28,0.0340839996933937,0.0341770015656948,0.0073509998619556,0.0074809999205172,10971544561,DOGECOIN,3.5554663138379263,1.5163278995308755,0.5804147136989339,0.3032076834692963,0.012004857151103828,0.00957746660957729,1.253448081886205
2021-01-29,0.0471620000898838,0.0779730007052421,0.0323409996926784,0.04373399913311,25403310432,DOGECOIN,0.38369911143453406,0.32476042852672676,0.5771340436252349,0.30671798823908636,0.017524571490607054,0.01099499994888897,1.5938673553498188
2021-01-30,0.028176000341773,0.0499010011553764,0.0224879998713731,0.0468030013144016,8735576553,DOGECOIN,-0.4025698594615642,-0.5151179216130449,0.642892830390429,0.3251234798814704,0.020324142982384958,0.011778133300443442,1.7255826932795677
2021-01-31,0.0371959991753101,0.0452889986336231,0.0271019991487264,0.0281910002231597,8548997882,DOGECOIN,0.32013056232698456,0.2777306425606997,0.6401113556159366,0.32666926678814673,0.024391142851007814,0.012828499932462925,1.9013246271518665
2021-02-01,0.034875001758337,0.0432499982416629,0.0333670005202293,0.0370539985597133,6319224026,DOGECOIN,-0.06239911464762393,-0.06443091588468959,0.6417341091506534,0.3095796193752767,0.028175714492265642,0.013637166672075743,2.06609739176686
2021-02-02,0.0315200015902519,0.0349260009825229,0.0291949994862079,0.034910000860691,3090896595,DOGECOIN,-0.09620071681524922,-0.10114797511796225,0.6474064076462563,0.30984721041021746,0.031499286115701686,0.014362133402998202,2.193217764508856
2021-02-03,0.0371199995279312,0.0391050018370151,0.0311459992080926,0.0314930006861686,3146856788,DOGECOIN,0.17766490022675607,0.16353357975879768,0.6353285658190573,0.3105723283085646,0.035733286025268665,0.015273900066191908,2.3394997918287217
2021-02-04,0.0532889999449253,0.0578689984977245,0.0359449982643127,0.0372259989380836,13040837601,DOGECOIN,0.435587301255961,0.3615740346517196,0.31392137469921977,0.31584057615651556,0.03847685748977319,0.01671953339440123,2.301311680304291
2021-02-05,0.046934999525547,0.0537399984896183,0.0435400009155273,0.0530430004000663,6136160058,DOGECOIN,-0.11923662342969887,-0.1269662741721185,0.2973379564927087,0.31760428086291737,0.03844442883772507,0.017935200051094054,2.1435182617536483
2021-02-06,0.0575949996709823,0.0583080016076564,0.0449040010571479,0.0469309985637664,5946101275,DOGECOIN,0.22712262177893483,0.20467209698563066,0.19747643332742948,0.31796138540630325,0.04264714302761211,0.019530300035451805,2.183639931296403
2021-02-07,0.0787819996476173,0.0843570008873939,0.0542390011250972,0.0575020015239715,14261024073,DOGECOIN,0.36786179525424156,0.31324878723586713,0.20311590579286684,0.3211505019871931,0.04858800023794172,0.021828166690344573,2.2259313357467643
2021-02-08,0.0788249969482421,0.0849450007081031,0.064701996743679,0.0783519968390464,12844375210,DOGECOIN,0.0005457756951730008,0.0005456268137863786,0.19529880022427532,0.3213380704117333,0.054866570979356724,0.024115866593395627,2.275123341177484
2021-02-09,0.0700699985027313,0.0831279978156089,0.0656210035085678,0.0787729993462562,7348840814,DOGECOIN,-0.11106880792218099,-0.11773544570125695,0.19845479531229196,0.3226246245542996,0.06037371339542522,0.02612286655542747,2.311144271526417
2021-02-10,0.0728960037231445,0.0810910016298294,0.0685250014066696,0.0701109990477562,6785088422,DOGECOIN,0.04033117283858734,0.03953909788520165,0.1988429932923632,0.32097725843835717,0.06548457113759855,0.028258233346665853,2.3173625305675727
2021-02-11,0.0696759968996048,0.0743009969592094,0.068290002644062,0.072843998670578,3818556739,DOGECOIN,-0.04417261110456938,-0.04517793778156391,0.16499091187602813,0.32028365869129377,0.06782557070255275,0.030311999920134707,2.2375815149530833
2021-02-12,0.0700690001249313,0.0726099982857704,0.0614450015127658,0.0696500018239021,4190843784,DOGECOIN,0.005640439216000992,0.005624591502841665,0.1497633060469555,0.3205116547276336,0.07113042793103622,0.032360433243835925,2.1980678501758093
2021-02-13,0.0664499998092651,0.0716459974646568,0.0661349967122078,0.0700249969959259,2618049766,DOGECOIN,-0.051649093168357085,-0.05303069033183482,0.13875226911389768,0.32127274793841454,0.07239542795079092,0.034262199901665215,2.1129824751058193
2021-02-14,0.0625369995832443,0.0664480030536651,0.0567229986190795,0.0664480030536651,3984667628,DOGECOIN,-0.05888638430778759,-0.06069140737356483,0.052242269945880215,0.32186728744428905,0.07007471365588049,0.03603446655906733,1.9446579996130853
2021-02-15,0.0565910004079341,0.0639239996671676,0.0485469996929168,0.0625680014491081,4944804938,DOGECOIN,-0.09507970025641144,-0.09990840574197012,0.05520794056485976,0.3229809394621536,0.06689842843583649,0.037611999905978605,1.7786458737388933
2021-02-16,0.0535200014710426,0.0596680007874965,0.0509830005466938,0.056487999856472,3409478696,DOGECOIN,-0.05426656031443733,-0.05579452586754625,0.04628780822886534,0.3233401259286674,0.06453414314559523,0.039093766625349684,1.6507527597442906
2021-02-17,0.0493759997189044,0.0549830012023448,0.0480340011417865,0.0535219982266426,2976148723,DOGECOIN,-0.07742902911503735,-0.08059097281803072,0.032856748826198455,0.32424382660769985,0.06117414257356094,0.040433933290963335,1.5129406811192638
2021-02-18,0.0595409981906414,0.0617990009486675,0.048989001661539,0.0493629984557628,4551943638,DOGECOIN,0.2058692184382278,0.18720065000199237,0.09800611894306284,0.32487089763821675,0.0597262856151376,0.04211536656754709,1.4181589876309182
2021-02-19,0.0551390014588832,0.0594969987869262,0.0543150007724761,0.0594340004026889,2949251418,DOGECOIN,-0.07393219572274656,-0.07680782425500043,0.09901691559885797,0.3256554823295397,0.05759342866284501,0.04365133328052854,1.319396782057413
2021-02-20,0.0543840005993843,0.0602860003709793,0.0516280010342597,0.0551320016384124,3175468554,DOGECOIN,-0.01369268284740155,-0.013787292259686551,0.09888602631523911,0.3245034073273614,0.0558697144900049,0.04519193329227464,1.236276264807542
2021-02-21,0.0559800006449222,0.0584280006587505,0.0535559989511966,0.0543689988553524,2450293068,DOGECOIN,0.029346867239405938,0.028924491632794366,0.0998392057291122,0.32454360157407464,0.05493300035595889,0.046773799989993335,1.1744395445251639
2021-02-22,0.0537250004708766,0.0604659989476203,0.0470959991216659,0.0560440011322498,3366757324,DOGECOIN,-0.040282246303442126,-0.04111604431474429,0.09388187730814027,0.32494390662315814,0.054523571793522095,0.04827866667571164,1.1293512341539496
2021-02-23,0.0473919995129108,0.0537680014967918,0.0424100011587142,0.0536979995667934,2394345361,DOGECOIN,-0.11787809962698481,-0.1254250234856354,0.10309758779041149,0.32664762077132115,0.053648142942360415,0.04956749998964365,1.082324970062427
2021-02-24,0.0565549992024898,0.0598729997873306,0.0462159998714923,0.0474140010774135,4148511571,DOGECOIN,0.19334486376931115,0.1767601740743365,0.12110864197042953,0.32683664536866597,0.05467371429715833,0.05117323328740891,1.0684045307453869
2021-02-25,0.0501670017838478,0.0578080005943775,0.0498690009117126,0.0566149987280368,2356982022,DOGECOIN,-0.11295194958398602,-0.11985612630663714,0.10469435148146408,0.3282610427506314,0.053334571953330676,0.05257030000599718,1.014538093700175
2021-02-26,0.0504800006747245,0.052471999078989,0.0487079992890358,0.0501380003988742,1694323466,DOGECOIN,0.006239138871110939,0.006219756023922837,0.1024562331217342,0.32707352183906246,0.052669000412736575,0.054003566689789256,0.9752874419439963
2021-02-27,0.0500830002129077,0.0519200004637241,0.0492970012128353,0.050500001758337,1286229526,DOGECOIN,-0.007864509835784905,-0.007895598197019594,0.10246916274089521,0.17808331837236446,0.052054571786097056,0.054536866707106384,0.9544840935886426
2021-02-28,0.0480520017445087,0.0501339994370937,0.0450880005955696,0.0500969998538494,1408101260,DOGECOIN,-0.04055265179332368,-0.0413978392383835,0.1012545590449525,0.1682430764786642,0.05092200051460941,0.05456653342892722,0.9332093742208344
2021-03-01,0.0505990013480186,0.0514790005981922,0.048029001802206,0.0480699986219406,1494427207,DOGECOIN,0.05300506765674884,0.051648045729763045,0.104331238001267,0.13731080423077516,0.05047542921134398,0.05531396679580207,0.9125259339594987
2021-03-02,0.0502620004117488,0.0523819997906684,0.0492990016937255,0.050595998764038,1346282318,DOGECOIN,-0.006660229002385054,-0.006682507301715196,0.09096041484283575,0.12839705330143142,0.05088542933974942,0.05574950017035003,0.9127513104917928
2021-03-03,0.0505920015275478,0.0521260015666484,0.0500780008733272,0.0502780005335807,1093877445,DOGECOIN,0.006565618421384256,0.006544158628749371,0.05348178647361473,0.12762923165819987,0.05003357252904341,0.056273400162657056,0.8891158590812435
2021-03-04,0.0500480011105537,0.0510869994759559,0.0478789992630481,0.050586998462677,1170617084,DOGECOIN,-0.010752696089675107,-0.010810924107908975,0.027946018833342176,0.12591196171198352,0.05001657243285854,0.05689100014666711,0.8791649347684865
2021-03-05,0.049609001725912,0.0508540011942386,0.0481470003724098,0.0500280000269413,1173113591,DOGECOIN,-0.008771566793886021,-0.008810263438885732,0.02793547624811719,0.12281433695658608,0.049892144011599616,0.05730730021993315,0.8706071271918979
2021-03-06,0.0509839989244937,0.0523970015347003,0.0493829995393753,0.049600999802351,1480482384,DOGECOIN,0.02771668751124068,0.02733953324328417,0.02990349462098736,0.10341873754036117,0.050020858113254754,0.05723046685258542,0.8740249881605681
2021-03-07,0.0521220006048679,0.05214099958539,0.0505720004439353,0.0509800016880035,945455832,DOGECOIN,0.0223207615012615,0.022075299193670652,0.023237717971933955,0.10072725485919447,0.050602286521877496,0.05740336688856278,0.8815212288873537
2021-03-08,0.061948999762535,0.061948999762535,0.0516720004379749,0.0521229989826679,3554150800,DOGECOIN,0.18853841072150468,0.17272432595090637,0.06519121535731702,0.09867495895137744,0.05222371486680842,0.057548500224947875,0.907473082055558
2021-03-09,0.0579980015754699,0.0622680000960826,0.0560510009527206,0.0621040016412735,2466159943,DOGECOIN,-0.06377824020097489,-0.06590290770412778,0.07384802308708815,0.08000738437040886,0.053328857890197146,0.05685570028920963,0.9379685347102861
2021-03-10,0.0560039989650249,0.0586160011589527,0.0546920001506805,0.0579640008509159,1534489620,DOGECOIN,-0.034380539954472544,-0.0349854560821647,0.0767622117173219,0.08010561557041543,0.0541020003812653,0.05609500035643573,0.9644709873873497
2021-03-11,0.0559180006384849,0.0566979981958866,0.054501999169588,0.0559770017862319,1233383425,DOGECOIN,-0.0015355747469695258,-0.0015367549502195619,0.07633099732442876,0.0775550684377745,0.054940571742398324,0.05562326709429418,0.9877264427718974
2021-03-12,0.0553489997982978,0.0569799989461898,0.0545129999518394,0.0559209994971752,1287767221,DOGECOIN,-0.010175629201511383,-0.010227754825166333,0.07640914196865482,0.0770443352055378,0.055760571467024865,0.05503836696346596,1.013121837427304
2021-03-13,0.0624319985508918,0.0624319985508918,0.0547560006380081,0.0553530007600784,1869833076,DOGECOIN,0.12796976961473172,0.12041935272980113,0.08624974892912471,0.08024205690514513,0.05739599998508175,0.05479690035184218,1.0474315082888113
2021-03-14,0.0585919991135597,0.0630519986152648,0.0585919991135597,0.0623839981853961,2752132530,DOGECOIN,-0.061506911943590925,-0.06347978786664854,0.09316866513963686,0.08095506793308854,0.05832028548632342,0.05441433365146313,1.0717816717168467
2021-03-15,0.0570879988372325,0.059689000248909,0.0551409982144832,0.0585310012102127,1738710876,DOGECOIN,-0.02566903841960122,-0.02600423677350774,0.0631491659427599,0.0805626528338303,0.05762585678270878,0.05410226695239538,1.0651283213957339
2021-03-16,0.0586070008575916,0.0589210018515586,0.0554930008947849,0.0570859983563423,1393771913,DOGECOIN,0.02660807965418499,0.026260241417191098,0.059458231946301975,0.08005478687646157,0.057712856680154745,0.053971266994873625,1.069325585512686
2021-03-17,0.0576529987156391,0.0588660016655921,0.0564710013568401,0.0586099997162818,861926643,DOGECOIN,-0.016277955329442984,-0.016411896761736582,0.05795449628844523,0.07796348727749712,0.05794842807309963,0.054006666938463795,1.072986565512868
2021-03-18,0.0573830008506774,0.0588279999792575,0.0541430003941059,0.0576400011777877,909777445,DOGECOIN,-0.00468315388577456,-0.004694154208506399,0.05801834442141511,0.077243341699609,0.058157713817698554,0.054135433584451616,1.0743003235943822
2021-03-19,0.0583279989659786,0.0597210004925727,0.0566040016710758,0.0573769994080066,964747809,DOGECOIN,0.016468258914522194,0.01633412773991951,0.05782431470988422,0.07566666913009755,0.05858328512736725,0.054433833559354085,1.076229273168656
2021-03-20,0.0589610002934932,0.0606390014290809,0.0581200011074543,0.0583150014281272,1012934488,DOGECOIN,0.010852443744621132,0.010793978589864313,0.030558057491689765,0.0674747755853461,0.058087428233453156,0.05441450029611582,1.0674990658252819
2021-03-21,0.0572340004146099,0.0595210008323192,0.0567979998886585,0.0589700005948543,759592996,DOGECOIN,-0.02929054578936452,-0.02972807873104642,0.021778126606368027,0.06616949818264432,0.05789342841931748,0.05448433359464004,1.0625701848542535
2021-03-22,0.0549620017409324,0.0577320009469985,0.0549089983105659,0.0572590008378028,696918565,DOGECOIN,-0.039696660328106925,-0.04050606560616184,0.02477578182245987,0.06655745562040924,0.05758971454841745,0.054503600299358315,1.0566222090303907
2021-03-23,0.0535559989511966,0.0560810007154941,0.0529399998486042,0.0549409985542297,1040781777,DOGECOIN,-0.025581360671016018,-0.025914253177253557,0.021253837848694244,0.06649871194418493,0.05686814284750389,0.05442280024290079,1.0449323186915962
2021-03-24,0.0517020002007484,0.0564940012991428,0.0512420013546943,0.0535279996693134,934537959,DOGECOIN,-0.03461794732160017,-0.03523134648334715,0.02290213657070965,0.06638633344290328,0.056018000202519506,0.05435536690056318,1.0305882086123697
2021-03-25,0.0514479987323284,0.0524070002138614,0.0496970005333423,0.0516990013420581,1084214116,DOGECOIN,-0.004912797714474615,-0.004924905175782267,0.022884042792503542,0.06212455709136941,0.055170142757041074,0.054490566874543775,1.0124714408653872
2021-03-26,0.0539520010352134,0.0540280006825923,0.0513309985399246,0.0514330007135868,776280028,DOGECOIN,0.048670548215348886,0.04752321737436415,0.0315374219450844,0.05352712099364178,0.054545000195503186,0.05440380026896789,1.0025954055752946
2021-03-27,0.0543770007789135,0.0554350018501281,0.0535279996693134,0.0539399981498718,753844053,DOGECOIN,0.007877367577575178,0.007846503098871326,0.031213764102785434,0.048651842696964535,0.0538901431219918,0.054544133568803416,0.9880098847663121
2021-03-28,0.0536979995667934,0.0547519996762275,0.0530130006372928,0.054381001740694,460472975,DOGECOIN,-0.012486919145849651,-0.012565535860010725,0.03020684430158945,0.04872562729905327,0.0533850001437323,0.05465140019853904,0.9768276741271745
2021-03-29,0.054051999002695,0.0546509996056556,0.0531749986112117,0.053677998483181,537919140,DOGECOIN,0.006592413847023693,0.006570778919070867,0.027136452894696402,0.048695278630813715,0.053254999752555536,0.054783700158198625,0.9720957072773714
2021-03-30,0.0538999997079372,0.0554339997470378,0.0536970011889934,0.054051999002695,728906171,DOGECOIN,-0.002812093864469678,-0.0028160552286491873,0.02512856267666633,0.04799929701109622,0.05330414271780419,0.05497863342364624,0.9695428823605161
2021-03-31,0.0536569990217685,0.054467998445034,0.0522690005600452,0.0539020001888275,653389282,DOGECOIN,-0.004508361548894668,-0.004518554859112224,0.019903517435612982,0.047157776215521176,0.053583428263664204,0.055080566679437906,0.972819117412374
2021-04-01,0.0619859993457794,0.0701109990477562,0.0536440014839172,0.0536549985408782,5816046822,DOGECOIN,0.15522672672453863,0.14429662490380046,0.055393659629160916,0.05379341887019229,0.05508885692272863,0.05547136664390559,0.9931043753864501
2021-04-02,0.0576639994978904,0.0622490011155605,0.0573330000042915,0.0619679987430572,2166925111,DOGECOIN,-0.06972542015140193,-0.07227548926266766,0.06545197715122074,0.05570666573493507,0.05561914241739677,0.055707099909583675,0.9984210721374894
2021-04-03,0.0558039993047714,0.0594840012490749,0.0558039993047714,0.0576580017805099,1136931403,DOGECOIN,-0.03225583048895264,-0.0327875143309065,0.06739663350968714,0.056056463357334926,0.055822999349662186,0.0558989665160576,0.9986409915758713
2021-04-04,0.0574040003120899,0.0581069998443126,0.0552950017154216,0.0557760000228881,938035097,DOGECOIN,0.02867179820894461,0.02826845379795196,0.06752114086236799,0.056181369630237905,0.056352428027561685,0.05615879980226353,1.003447869719081
2021-04-05,0.0596960000693798,0.0601530000567436,0.0564350001513958,0.0574110001325607,1513832721,DOGECOIN,0.0399275267373167,0.0391510248956079,0.06840001593032406,0.056385320154076705,0.05715871389423094,0.0564491998404264,1.0125690719409706
2021-04-06,0.0644579976797103,0.0650499984622001,0.058093998581171,0.059689000248909,2608613912,DOGECOIN,0.07977079879382232,0.0767487952745155,0.07163758928706677,0.0578130906444564,0.05866699931876996,0.05686039974292115,1.0317725444073003
2021-04-07,0.0590279996395111,0.0672990009188652,0.0576409995555877,0.0644539967179298,2857060849,DOGECOIN,-0.08424087367995337,-0.08800191142141618,0.08345332063388329,0.05128194609617952,0.059434285121304616,0.05676303307215368,1.0470597130663437
2021-04-08,0.061464000493288,0.061744999140501,0.0588169991970062,0.0590360015630722,1055257541,DOGECOIN,0.04126856523435918,0.04043974409685473,0.06310116949793887,0.050351503451875154,0.05935971385666299,0.056878566369414275,1.043621835879867
2021-04-09,0.061684001237154,0.063910000026226,0.0602959990501403,0.0614629983901977,1060465774,DOGECOIN,0.0035793430642385715,0.003572952460754401,0.05483456833563015,0.04986636116665703,0.05993399981941493,0.057067899778485254,1.050222630446446
2021-04-10,0.0638450011610984,0.0650679990649223,0.060818001627922,0.0615909993648529,1369793118,DOGECOIN,0.03503339408278805,0.034433691011122446,0.0519804195802812,0.050179505500872926,0.06108271437031878,0.05733213312923904,1.0654184841269576
2021-04-11,0.0746489986777305,0.0792429968714714,0.0632029995322227,0.0637490004301071,6646627317,DOGECOIN,0.16922229336907146,0.15633882127217766,0.07369494909886243,0.05722362946845929,0.0635462855654103,0.057975466425220126,1.0960892509140174
2021-04-12,0.0707670003175735,0.0749860033392906,0.0688889995217323,0.0745439976453781,2687720380,DOGECOIN,-0.05200335475250106,-0.05340431550183774,0.08126868998133806,0.054384424898978274,0.06512785702943798,0.05825329981744286,1.1180114643039785
2021-04-13,0.0934450030326843,0.0951810032129287,0.0706780031323432,0.0706780031323432,7176815090,DOGECOIN,0.3204601383885306,0.27798026554329075,0.1261242322058343,0.07246318502395258,0.06926885779414854,0.059415066614747006,1.1658466739302753
2021-04-14,0.12151700258255,0.1425099968910217,0.0924519971013069,0.0942559987306594,20977679327,DOGECOIN,0.30041199249623807,0.26268113156460804,0.1303355949101072,0.08486099352104395,0.07819585821458266,0.061562700072924255,1.2701824013884309
2021-04-15,0.1822070032358169,0.1873259991407394,0.1207360029220581,0.1211669966578483,17916620386,DOGECOIN,0.49943628762599235,0.4050892292252088,0.16840631533207084,0.10960507134611237,0.09544485860637252,0.06568270015219843,1.453120203420534
2021-04-16,0.3658699989318847,0.4377000033855438,0.1804880052804947,0.1815869957208633,69410680685,DOGECOIN,1.0079908699138556,0.6971346549634961,0.24902826158523741,0.16222406310580867,0.13890000113419118,0.07595660015940661,1.8286758601976412
2021-04-17,0.2841730117797851,0.3744550049304962,0.2365240007638931,0.3660979866981506,31413404067,DOGECOIN,-0.22329512501873494,-0.2526948270456996,0.30795780588405147,0.17175726830973398,0.17037543122257498,0.08351626719037687,2.0400268948108162
2021-04-18,0.3204750120639801,0.349918007850647,0.2464399933815002,0.2851049900054931,23464350388,DOGECOIN,0.1277461221839271,0.12022105875816172,0.30937061811354905,0.17203273905090058,0.20549343313489635,0.09225450096031025,2.2274624110026218
2021-04-19,0.4073179960250854,0.431751012802124,0.3090800046920776,0.320466011762619,30641432779,DOGECOIN,0.27098207564391275,0.23978988954604388,0.2871047074784604,0.17497661455174043,0.25357214680739804,0.10386640081803002,2.441329870009136
2021-04-20,0.3194999992847442,0.4223470091819763,0.2716180086135864,0.4084349870681762,28130646191,DOGECOIN,-0.215600581357404,-0.24283692580938418,0.3410669313817742,0.1830694650045557,0.28586571770054947,0.11260860078036782,2.5385780102010407
2021-04-21,0.3069249987602234,0.3469659984111786,0.2970359921455383,0.3169530034065246,12723463706,DOGECOIN,-0.03935837418676724,-0.04015385755136075,0.3473329724050895,0.18306298623405623,0.31235257429736,0.12100736734767752,2.5812690676916454
2021-04-22,0.2609669864177704,0.3087570071220398,0.25627601146698,0.3059900104999542,11879823706,DOGECOIN,-0.14973694722845443,-0.1622095035260518,0.3391804955256267,0.18685223583752172,0.3236040004662105,0.12792106692989663,2.5297162401213567
2021-04-23,0.2485090047121048,0.2683779895305633,0.163669005036354,0.2610230147838592,16165566164,DOGECOIN,-0.04773776896715265,-0.048914829355323666,0.1842644414522734,0.1870910552588344,0.3068381441490991,0.13448130041360853,2.2816417093335106
2021-04-24,0.2702119946479797,0.2893899977207184,0.2298910021781921,0.2495439946651458,11057578568,DOGECOIN,0.08733281098211143,0.08372773513401038,0.16727560859961174,0.18685547197272176,0.30484371313026964,0.1417734336107969,2.1502174657569553
2021-04-25,0.2511110007762909,0.2887710034847259,0.2263009995222091,0.2697890102863312,6849914675,DOGECOIN,-0.0706889192560557,-0.07331174073662798,0.15846766664853998,0.18832518786027583,0.2949345686605998,0.1483454002688328,1.9881611976247113
2021-04-26,0.2706739902496338,0.280452013015747,0.2480259984731674,0.2512399852275848,5118886527,DOGECOIN,0.07790574452280219,0.07502003315649394,0.11792641707568409,0.18819050434137224,0.2754139964069639,0.15555529991785683,1.7705214579792534
2021-04-27,0.2721880078315735,0.2796289920806885,0.2649280130863189,0.2714270055294037,3590611310,DOGECOIN,0.005593509670224872,0.005577924086740594,0.08630541417386456,0.18799993038869328,0.2686551404850824,0.1628383001933495,1.6498277135421398
2021-04-28,0.3236820101737976,0.3446620106697082,0.2562310099601745,0.2722730040550232,14464343767,DOGECOIN,0.18918541912429876,0.17326855098717167,0.11281766518630426,0.18900736919349806,0.2710489992584501,0.17182596723238625,1.5774623802458771
2021-04-29,0.3051689863204956,0.3238810002803802,0.2969039976596832,0.3232319951057434,5027354503,DOGECOIN,-0.05719509664241651,-0.0588959070877122,0.0916786163908318,0.18992169465628533,0.2773635706731251,0.18020160011947153,1.5391848379217297
2021-04-30,0.3375610113143921,0.3397569954395294,0.3029809892177582,0.3047020137310028,5290390982,DOGECOIN,0.1061445508747656,0.10088059155349406,0.08973269057279593,0.18970404802749757,0.2900852859020233,0.1896650671958923,1.5294608026179841
2021-05-01,0.3929870128631592,0.3971349895000458,0.3282899856567383,0.3375590145587921,10123343703,DOGECOIN,0.16419550745197098,0.15203029693375164,0.09812520886262968,0.18982593055440097,0.3076245742184775,0.2006984343131383,1.532770174671659
2021-05-02,0.3760460019111633,0.4000290036201477,0.364874005317688,0.391086995601654,8040406918,DOGECOIN,-0.043108322660766585,-0.044065083758796836,0.09227340674466843,0.18920894289316004,0.3254724315234593,0.21131116772691405,1.5402519186495645
2021-05-03,0.4417069852352142,0.4455670118331909,0.3736310005187988,0.3736310005187988,10526649978,DOGECOIN,0.17460891218187347,0.16093525149608573,0.10032562476743119,0.18915041662567983,0.34990571652139935,0.22417460059126215,1.5608624509579607
2021-05-04,0.5413339734077454,0.6059979796409607,0.4007999897003174,0.4402740001678467,38238126181,DOGECOIN,0.225549949407023,0.20338968154549325,0.10681700068652744,0.1905483736611475,0.3883551401751382,0.24030559969445064,1.616088599969926
2021-05-05,0.6576330065727234,0.6952620148658752,0.523822009563446,0.5373550057411194,42525098292,DOGECOIN,0.2148378614275126,0.194610620502854,0.10958482770293593,0.19165618896526967,0.43606242537498474,0.2602368332445621,1.6756368417886007
2021-05-06,0.5808039903640747,0.6636160016059875,0.5451020002365112,0.6528419852256775,18989900291,DOGECOIN,-0.11682658175727167,-0.12423370101059308,0.12691326578308798,0.19525198898550908,0.4754388545240675,0.27744836633404096,1.7136120165568063
2021-05-07,0.684777021408081,0.7319719791412354,0.5201740264892578,0.5811100006103516,28615083657,DOGECOIN,0.1790156968081973,0.16467993512920098,0.12991801021447408,0.19349691859082707,0.5250411416803088,0.29830666705965997,1.7600717639183805
2021-05-08,0.6364390254020691,0.7375670075416565,0.6081680059432983,0.6878010034561157,25555125135,DOGECOIN,-0.07058939551829058,-0.07320465236653868,0.14247244285196778,0.1954353076723173,0.5598200006144387,0.317472501223286,1.7633653259962314
2021-05-09,0.5700700283050537,0.6976249814033508,0.425705999135971,0.6358199715614319,46138063928,DOGECOIN,-0.1042817841899103,-0.11012940675334294,0.15299986562559384,0.19801225530682215,0.5875377186707088,0.3344187021255493,1.7568925270517084
2021-05-10,0.4499639868736267,0.569687008857727,0.4212909936904907,0.569687008857727,16514521828,DOGECOIN,-0.210686469149289,-0.23659165956572323,0.1803737635459266,0.20591071193759877,0.5887172903333392,0.3472893349826336,1.6951781440762594
2021-05-11,0.4952310025691986,0.5466510057449341,0.445033997297287,0.4504880011081695,14566975476,DOGECOIN,0.10060141926043786,0.09585677517606978,0.16428960727123407,0.20528162034670824,0.5821311516421181,0.3613087351123492,1.611173755489482
2021-05-12,0.3853760063648224,0.5199750065803528,0.3853760063648224,0.4937419891357422,8621337859,DOGECOIN,-0.22182576541949472,-0.25080482797426634,0.1566877307425874,0.212191332234642,0.5432372944695609,0.3717957019805908,1.4611177363688836
2021-05-13,0.4903739988803863,0.5194609761238098,0.3571749925613403,0.3921760022640228,18663174069,DOGECOIN,0.27245596711115905,0.24094886539483668,0.19435296951667777,0.21096260659513344,0.5303187242576054,0.38502666850884754,1.377355823978253
2021-05-14,0.5596039891242981,0.5896900296211243,0.4646219909191131,0.4870699942111969,20466177002,DOGECOIN,0.1411779384754832,0.1320610083051883,0.18939807241486667,0.207859163830398,0.5124368625027793,0.39962956806023914,1.282279649601743
2021-05-15,0.507972002029419,0.5626760125160217,0.4912990033626556,0.5596680045127869,9836892944,DOGECOIN,-0.09226522344073351,-0.09680303934964447,0.19052606342879871,0.1983494859303525,0.4940844305924007,0.41048840135335923,1.2036501615232724
2021-05-16,0.5148950219154358,0.5481449961662292,0.4510230123996734,0.5079100131988525,9541552064,DOGECOIN,0.013628743037723323,0.013536707000120227,0.18781080084372598,0.15383243252036868,0.48620228682245525,0.4154559021194776,1.1702861467175216
2021-05-17,0.4878920018672943,0.5152209997177124,0.4585509896278381,0.5134130120277405,7330830504,DOGECOIN,-0.052443738818233054,-0.05386896523243775,0.16284368731276935,0.1461539709411616,0.4916205746786935,0.4222465351223946,1.164297475019398
2021-05-18,0.4761149883270263,0.5155990123748779,0.4703840017318725,0.486954003572464,4802902841,DOGECOIN,-0.02413856651716817,-0.024434676538832526,0.1587614279337685,0.1450478502746011,0.48888971550124033,0.4274345343311628,1.1437768271724718
2021-05-19,0.3331229984760284,0.6847350001335144,0.2182669937610626,0.4764350056648254,15072620946,DOGECOIN,-0.30033078847915173,-0.3571476105982367,0.1884457962149007,0.15358455857680825,0.4814250000885555,0.4249613677461942,1.1328676831068651
2021-05-20,0.400193989276886,0.4331920146942138,0.2962529957294464,0.3302519917488098,12415484460,DOGECOIN,0.2013400188749923,0.18343761616376664,0.17597214166233616,0.15067609587598696,0.4685421415737697,0.42765116741259895,1.0956175904033463
2021-05-21,0.3593820035457611,0.4119749963283539,0.314765989780426,0.3981240093708038,7452862203,DOGECOIN,-0.10198050651602342,-0.10756350324964722,0.162178352838399,0.15190893422003454,0.43993900077683584,0.4293997342387835,1.0245441850511057
2021-05-22,0.3423709869384765,0.3605169951915741,0.3181689977645874,0.3587169945240021,5243222352,DOGECOIN,-0.04733408028072983,-0.04849099322028986,0.16153987360353772,0.14897646292958824,0.41628171290670124,0.4321132009228071,0.9633626374239513
2021-05-23,0.3080709874629974,0.3508630096912384,0.249437004327774,0.342521995306015,7143545371,DOGECOIN,-0.10018372112133078,-0.10556467107538188,0.15920610198866886,0.15009137910435297,0.3867354222706386,0.4340986003478368,0.8908930412601036
2021-05-24,0.3661620020866394,0.3714849948883056,0.2962909936904907,0.3067150115966797,6821088755,DOGECOIN,0.1885637303987262,0.1727456289288344,0.1848145785698912,0.15251758290013256,0.3693454223019736,0.43729693392912544,0.8446101347736295
2021-05-25,0.3463020026683807,0.3800100088119507,0.3234969973564148,0.3660410046577453,5544552739,DOGECOIN,-0.054238286073057806,-0.05576462968586412,0.18472581860215484,0.15221991018887884,0.3508007100650242,0.44046996732552846,0.7964236749103161
2021-05-26,0.3536930084228515,0.3659200072288513,0.3388569951057434,0.3463959991931915,3355793260,DOGECOIN,0.021342659578981626,0.02111809461010546,0.12355726707882737,0.15175209466958056,0.3537392829145704,0.4432372679313024,0.7980810922456021
2021-05-27,0.3329449892044067,0.3534629940986633,0.3281440138816833,0.3534629940986633,2485942309,DOGECOIN,-0.058661095142824804,-0.06045205029700745,0.0977081094547258,0.1522801242757196,0.3441322829042162,0.4452625006437302,0.7728750622535991
2021-05-28,0.3112049996852875,0.3478789925575256,0.3015179932117462,0.3336510062217712,3289455640,DOGECOIN,-0.0652960405593378,-0.06752542074751391,0.09322603050190191,0.14951960212247803,0.3372498537812914,0.44484660029411316,0.75812618003221
2021-05-29,0.3031100034713745,0.317918986082077,0.2817929983139038,0.3113979995250702,2470710737,DOGECOIN,-0.026011780730062828,-0.026356070618152854,0.09249333840030172,0.14920514996486617,0.3316411418574197,0.4447779675324758,0.7456330260630653
2021-05-30,0.3022240102291107,0.3103240132331848,0.2876800000667572,0.3029690086841583,1929947933,DOGECOIN,-0.0029230089146413674,-0.0029272892482025757,0.08392616924443083,0.14797818432496268,0.3308058593954359,0.44360006749629977,0.7457299573070856
2021-05-31,0.3258099853992462,0.3291630148887634,0.2943300008773803,0.301948994398117,2440829325,DOGECOIN,0.0780413678987828,0.07514584642471199,0.05191708597842316,0.1458386701630075,0.32504128558295114,0.44136083324750264,0.736452492150968
2021-06-01,0.3700770139694214,0.3830789923667907,0.3123599886894226,0.3257440030574798,5796031087,DOGECOIN,0.13586762393402574,0.12739678528192824,0.07142631158958727,0.14765403320424328,0.3284377157688141,0.44116186698277793,0.7444834659330055
2021-06-02,0.4233739972114563,0.4445900022983551,0.3525879979133606,0.3703019917011261,11425588479,DOGECOIN,0.14401592433524857,0.13454481273419464,0.0859038526269732,0.14673462769598808,0.3383921427386148,0.440550767381986,0.7681115725879712
2021-06-03,0.3999629914760589,0.440762996673584,0.3788189888000488,0.4237389862537384,6809900030,DOGECOIN,-0.055296276789773335,-0.05688392105865229,0.0853160942677631,0.14182009860904535,0.3479661430631365,0.43583840131759644,0.7983833962569369
2021-06-04,0.3763230144977569,0.400981992483139,0.3514420092105865,0.400981992483139,5889983048,DOGECOIN,-0.05910541095579602,-0.060924165815792714,0.08413576935836668,0.13668249702336555,0.3572687166077749,0.42646140158176415,0.8377515884969883
2021-06-05,0.3721770048141479,0.393885999917984,0.3604879975318908,0.3767519891262054,3464039041,DOGECOIN,-0.011017156867597633,-0.011078295202109855,0.08270264047835019,0.13522061663390958,0.367135431085314,0.4195071687300999,0.8751588970378703
2021-06-06,0.3718070089817047,0.376798003911972,0.3672539889812469,0.3716759979724884,1836611411,DOGECOIN,-0.000994139421988005,-0.0009946339063346002,0.082580160626581,0.13095207294728362,0.3770758594785417,0.40907483498255404,0.9217772085506629
2021-06-07,0.3310500085353851,0.3796780109405517,0.3298059999942779,0.3715659976005554,3043974994,DOGECOIN,-0.10961869857683382,-0.11610547943990966,0.09560998535292427,0.13178070087832738,0.37782443421227585,0.39889520108699794,0.9471771863454266
2021-06-08,0.327686995267868,0.3414349853992462,0.2966600060462951,0.331822007894516,3918487504,DOGECOIN,-0.01015862613142815,-0.010210577107029365,0.07814955266667044,0.13072943129504327,0.37176871725491106,0.39081576665242507,0.9512633546986511
2021-06-09,0.3433310091495514,0.3537620007991791,0.3131310045719147,0.3264229893684387,3154332929,DOGECOIN,0.04774072241986649,0.04663615301874019,0.05253132188423978,0.12451223666957383,0.36033400467463894,0.38726133406162255,0.9304672916746736
2021-06-10,0.32635098695755,0.3445290029048919,0.32327800989151,0.3433389961719513,2114010549,DOGECOIN,-0.04945671011209207,-0.05072157375840508,0.05205394489181759,0.1231232310244339,0.34981800402913776,0.38163200020790095,0.9166369797044485
2021-06-11,0.3193590044975281,0.3332229852676391,0.3115020096302032,0.3263640105724334,1834446577,DOGECOIN,-0.021424732081265052,-0.02165757336827092,0.050127575680875794,0.11474219198336776,0.34168028831481934,0.3794314334789911,0.9005060154926199
2021-06-12,0.3120839893817901,0.3193320035934448,0.3018040060997009,0.3188929855823517,1605633791,DOGECOIN,-0.02278005321060006,-0.023043527619607818,0.04983867040861173,0.10482364860108719,0.3330955718244825,0.37348843316237124,0.8918497662809058
2021-06-13,0.3243820071220398,0.3300260007381439,0.3078919947147369,0.312485009431839,1484851447,DOGECOIN,0.039406115528742625,0.038649507285442544,0.05502463998567682,0.1016417961626077,0.3263205715588161,0.36564770042896266,0.8924452996039368
2021-06-14,0.3320850133895874,0.3369269967079162,0.3200869858264923,0.3239029943943023,1613812023,DOGECOIN,0.023746712513094348,0.023469144959565487,0.03627467553726419,0.1008020823796843,0.3264684293951307,0.3597848008076349,0.907399169343128
2021-06-15,0.3283810019493103,0.3304949998855591,0.3169760107994079,0.326784998178482,1687965230,DOGECOIN,-0.011153804872042539,-0.011216474996236575,0.03632588270051536,0.10066870879169162,0.3265675732067653,0.35356766680876406,0.9236352864341455
2021-06-16,0.307761013507843,0.3213930130004883,0.3054850101470947,0.3203780055046081,1391720788,DOGECOIN,-0.06279287875688444,-0.06485097395321202,0.03705829168763485,0.10083478067092631,0.32148614525794983,0.3475633005301157,0.9249714937325314
2021-06-17,0.3064959943294525,0.3140110075473785,0.3033159971237182,0.3077490031719208,1120766442,DOGECOIN,-0.0041103945037478384,-0.00411886539567632,0.033739733351641,0.10083994701140996,0.3186497177396502,0.3419093340635299,0.9319713912239732
2021-06-18,0.2934719920158386,0.3077520132064819,0.2804810106754303,0.3064279854297638,1846213589,DOGECOIN,-0.042493221949303495,-0.043422479048269645,0.03602932944162781,0.07771623462821597,0.31495157309940885,0.34058763384819024,0.9247299132410424
2021-06-19,0.2873559892177582,0.2978030145168304,0.2861889898777008,0.2936489880084991,1003248258,DOGECOIN,-0.020840158394912045,-0.021060379497779683,0.03593639519809986,0.0691891586351756,0.31141900164740427,0.33682636717955267,0.9245683592264484
2021-06-20,0.2809000015258789,0.2897270023822784,0.2564670145511627,0.2863940000534057,1963503800,DOGECOIN,-0.02246686317363278,-0.022723088130577454,0.028241490231323562,0.06680052252344668,0.30520728656223844,0.3342103004455566,0.913219269888892
2021-06-21,0.1786909997463226,0.2808890044689178,0.1664910018444061,0.2806600034236908,5640232167,DOGECOIN,-0.36386258890831635,-0.4523406838029699,0.16172967076220662,0.10497908789553043,0.283293856041772,0.3287543008724848,0.8617190871417809
2021-06-22,0.1910309940576553,0.2161220014095306,0.1646540015935897,0.1786819994449615,5992850344,DOGECOIN,0.0690577271874413,0.06677763169569703,0.1703983066823035,0.104945607539831,0.2636724263429642,0.3248529677589734,0.8116669771002293
2021-06-23,0.2321739941835403,0.2471099942922592,0.1809789985418319,0.1906709969043731,5098674891,DOGECOIN,0.2153734284263189,0.19505137806966522,0.1994289099580466,0.10639741565218645,0.2528742807252066,0.32038670082887005,0.789278331687918
2021-06-24,0.2627820074558258,0.2686899900436401,0.2225269973278045,0.2349700033664703,3844648059,DOGECOIN,0.13183222083042168,0.12383775398197507,0.2089317470387335,0.10905514930793823,0.24662942545754568,0.31760270098845156,0.7765344082086804
2021-06-25,0.2391529977321624,0.2891449928283691,0.230005994439125,0.263480007648468,5542163262,DOGECOIN,-0.08991867423661226,-0.09422131449365413,0.21067547825842767,0.10997865691592074,0.23886956913130625,0.3137847006320953,0.7612530778273184
2021-06-26,0.2447839975357055,0.2551270127296448,0.2309720069169998,0.2376729995012283,2649457302,DOGECOIN,0.023545595735536162,0.023272673964783924,0.21162656847228803,0.10979629939037827,0.23278785603387012,0.31084600090980524,0.7488848347816307
2021-06-27,0.2644500136375427,0.2668910026550293,0.240894004702568,0.2460449934005737,2167521670,DOGECOIN,0.08034028490350398,0.07727607012364121,0.21498945613175774,0.11037303406287044,0.23043785776410777,0.3092875013748804,0.7450603620894438
2021-06-28,0.2568570077419281,0.2669819891452789,0.2507619857788086,0.2649179995059967,1932994784,DOGECOIN,-0.028712442821128614,-0.029132709137867994,0.09597732473145115,0.1103923523682721,0.2416044303349086,0.30774573485056556,0.7850780789934467
2021-06-29,0.2627690136432647,0.274940013885498,0.2529880106449127,0.2570610046386719,2192562738,DOGECOIN,0.023016720288498327,0.022755831203955256,0.09627699514456105,0.1105126681410547,0.2518527188471385,0.306430568297704,0.8218916286525896
2021-06-30,0.2542150020599365,0.2635380029678345,0.2382680028676986,0.2634170055389404,2047763830,DOGECOIN,-0.03255334966907897,-0.03309499737538965,0.07304500413915871,0.10958020408684063,0.2550014342580523,0.30404406885306035,0.8386989268364594
2021-07-01,0.2445490062236786,0.2600919902324676,0.2386769950389862,0.2538279891014099,2463946548,DOGECOIN,-0.038022916656897277,-0.03876465048884287,0.05570260535247042,0.1066464611690373,0.25239671979631695,0.2998598019282023,0.841715755740912
2021-07-02,0.2452639937400818,0.2479970008134842,0.2388480007648468,0.2439820021390915,1321470954,DOGECOIN,0.002923698310796752,0.0029194326172685353,0.04162391740069575,0.10297703434216562,0.2532697192260197,0.29392280181248975,0.8616878910524098
2021-07-03,0.246410995721817,0.250214010477066,0.2424540072679519,0.2451059967279434,917015819,DOGECOIN,0.004676601584457263,0.004665700257496806,0.04074336951263826,0.10279266198635119,0.25350214753832134,0.2888044019540151,0.8777641401002096
2021-07-04,0.2464829981327057,0.2525669932365417,0.2434249967336654,0.2464250028133392,973511519,DOGECOIN,0.0002922045368867199,0.0002921618534556903,0.023408309499915687,0.10248023993543998,0.25093543103763033,0.2844764014085134,0.8820957724267694
2021-07-05,0.2316139936447143,0.2464189976453781,0.2278379946947097,0.2464189976453781,1267949362,DOGECOIN,-0.06032466580103002,-0.06222085252868969,0.030245801125653265,0.10285285106532467,0.24732928616659983,0.2797909677028656,0.8839788081696058
2021-07-06,0.2344219982624054,0.2419099956750869,0.2298420071601867,0.2312159985303878,1265920169,DOGECOIN,0.012123639739999748,0.012050737058806724,0.028235521559061307,0.10294518307025735,0.24327971254076278,0.2752114673455556,0.883973748940122
2021-07-07,0.2241259962320327,0.2378509938716888,0.2225760072469711,0.2343010008335113,1148903688,DOGECOIN,-0.04392080140383259,-0.04491452564224683,0.02972107192731447,0.1013513241157052,0.23898128313677652,0.2716473336021105,0.8797483117828763
2021-07-08,0.2075970023870468,0.224930003285408,0.2029870003461837,0.224382996559143,1789637577,DOGECOIN,-0.07374866870808594,-0.0766096650806584,0.03674160034815443,0.10201112398464757,0.2337024254458291,0.2676443338394165,0.8731827873705252
2021-07-09,0.2198639959096908,0.2291390001773834,0.1966069936752319,0.2070730030536651,3045790264,DOGECOIN,0.05909041740291254,0.05741044295847057,0.04745764730356214,0.10225506322555615,0.23007385432720182,0.2635287667314211,0.873050244877762
2021-07-10,0.213919997215271,0.2276809960603714,0.2107450067996978,0.2198459953069687,1264519098,DOGECOIN,-0.027034888863119333,-0.0274070544411878,0.04671539961554914,0.10206149608608463,0.22543228311198096,0.25978106707334514,0.8677779549205319
2021-07-11,0.2158560007810592,0.2187449932098388,0.2109310030937194,0.2138870060443878,719870047,DOGECOIN,0.009050128978077554,0.00900942197887411,0.04746292254680814,0.10213652372995452,0.22105699777603147,0.25633096694946284,0.8623889669156289
2021-07-12,0.2080480009317398,0.2189649939537048,0.2045059949159622,0.2160100042819976,973602708,DOGECOIN,-0.03617226216119418,-0.03684269552743959,0.0444829126038129,0.10221409266612709,0.21769042738846367,0.2528631006677945,0.8609023096432727
2021-07-13,0.2000029981136322,0.2080619931221008,0.1981630027294159,0.2080090045928955,1035890377,DOGECOIN,-0.03866897438128791,-0.03943646978360864,0.04344572775217883,0.10183339372970053,0.21277342736721036,0.2487171337008476,0.8554835937564732
2021-07-14,0.1973239928483963,0.2044830024242401,0.1877519935369491,0.1999779939651489,1319171299,DOGECOIN,-0.01339482553013438,-0.013485345446743787,0.04237632211278635,0.10156114312773255,0.2089445697409766,0.2442250996828079,0.8555409333944277
2021-07-15,0.1848880052566528,0.2008399963378906,0.1807859987020492,0.1977490037679672,1044558931,DOGECOIN,-0.06302319050120808,-0.06509674678447494,0.03988121848504986,0.10192466999310454,0.20570042729377747,0.23944199979305264,0.8590824812337113
2021-07-16,0.1723449975252151,0.1883219927549362,0.1716119945049286,0.1852380037307739,1144730187,DOGECOIN,-0.06784111123934788,-0.07025199732402025,0.027774811429008322,0.10201291369503333,0.19891199895313807,0.2349281325936317,0.8466929726854265
2021-07-17,0.1861249953508377,0.204936996102333,0.1692299991846084,0.172117993235588,2393120423,DOGECOIN,0.07995589093676192,0.07692019857686191,0.05082297631319206,0.10349176374187069,0.1949412844010762,0.2309157659610112,0.8442095046640986
2021-07-18,0.1822330057621002,0.1957879960536956,0.1808860003948211,0.1868409961462021,1424484163,DOGECOIN,-0.020910622892971853,-0.021132346331640146,0.04921860455023221,0.1033726958469998,0.1901379993983677,0.22720779975255329,0.836846268505934
2021-07-19,0.1735559999942779,0.1839500069618225,0.1707119941711425,0.1818179935216903,1084816777,DOGECOIN,-0.047614896826922104,-0.04878580584719771,0.0499321673398422,0.10354437129293617,0.18521057069301602,0.22341446677843727,0.8289999003363175
2021-07-20,0.1708009988069534,0.1788949966430664,0.1607279926538467,0.1737630069255828,1809479230,DOGECOIN,-0.01587384583313356,-0.016001184693367948,0.049657843908494335,0.10353840137732133,0.18103885650634763,0.21974450002113974,0.8238606949840903
2021-07-21,0.1903489977121353,0.2142100036144256,0.1687189936637878,0.1705269962549209,4433688120,DOGECOIN,0.11444897302547896,0.10836008816170271,0.07039082174686825,0.06595000193464204,0.1800424286297389,0.2201330999533335,0.8178798584488498
2021-07-22,0.1913029998540878,0.1964039951562881,0.1866640001535415,0.1904799938201904,1629442360,DOGECOIN,0.005011857973611367,0.00499934042014945,0.06523730335237564,0.06481578669772477,0.18095885642937248,0.22014216681321458,0.8220090637288575
2021-07-23,0.1947640031576156,0.199531003832817,0.1835400015115738,0.1913589984178543,1447257649,DOGECOIN,0.018091735655831886,0.0179300276791803,0.05620106222042577,0.053523766784399046,0.18416157151971543,0.21889516711235046,0.8413231500227338
2021-07-24,0.1973190009593963,0.2043689936399459,0.1913439929485321,0.1948229968547821,1695867808,DOGECOIN,0.013118429280348343,0.013033127890570415,0.04975547241199237,0.047780371105374406,0.18576071517808093,0.2167130668958028,0.8571735790504779
2021-07-25,0.1978639960289001,0.2004510015249252,0.1916970014572143,0.197172999382019,1256116971,DOGECOIN,0.00276199994351245,0.002758192630589303,0.048191430887670646,0.04505733182691588,0.18799371378762378,0.21533676683902742,0.8730219021452865
2021-07-26,0.2044190019369125,0.2327670007944107,0.197062999010086,0.1980299949645996,4863225852,DOGECOIN,0.03312884627608037,0.032591912539475236,0.04032621139339515,0.04529984378740267,0.192402714065143,0.21399126698573429,0.89911479461435
2021-07-27,0.2058990001678466,0.2092929929494857,0.1953500062227249,0.2038359940052032,2229903212,DOGECOIN,0.007240022781203281,0.007213939635647478,0.03739566759445607,0.04258270896461229,0.1974167142595563,0.2120395665367444,0.931037152565325
2021-07-28,0.2053920030593872,0.2137459963560104,0.2020110040903091,0.2061109989881515,2076707890,DOGECOIN,-0.0024623582826827084,-0.002465394872644691,0.011674973768960636,0.0424117394151458,0.1995657150234494,0.2103240663806597,0.9488486907735083
2021-07-29,0.2046190053224563,0.2063550055027008,0.2007160037755966,0.2055909931659698,1169322798,DOGECOIN,-0.003763524019517961,-0.003770623895340935,0.012823504017175889,0.04203505460553814,0.20146800151893066,0.2083857327699661,0.9668032395544477
2021-07-30,0.2088209986686706,0.2106429934501648,0.1965350061655044,0.2050230056047439,1523981522,DOGECOIN,0.020535694324153475,0.020327679945785628,0.013111468110847133,0.042081635367885235,0.20347614373479564,0.20687259932359056,0.9835818972647886
2021-07-31,0.2083140015602111,0.2143449932336807,0.2048970013856887,0.208637997508049,1349212924,DOGECOIN,-0.002427902901010137,-0.0024308550365588436,0.013791621485699297,0.041643282960033494,0.20504685810634066,0.20566476583480833,0.9969955586414642
2021-08-01,0.2044370025396347,0.2176109999418258,0.2013889998197555,0.2077530026435852,1711494501,DOGECOIN,-0.018611322290094767,-0.018786692268872442,0.017098071537513394,0.04168327737948231,0.2059858590364456,0.20430386612812676,1.0082328001921608
2021-08-02,0.2036000043153762,0.2099590003490448,0.2021880000829696,0.2042790055274963,1181469976,DOGECOIN,-0.004094162083482122,-0.004102566111209374,0.011964731885755971,0.04163612490407934,0.2058688593762261,0.2028768330812454,1.0147479938913602
2021-08-03,0.1959670037031173,0.2050770074129104,0.1937499940395355,0.2034309953451156,1121632377,DOGECOIN,-0.037490179029836423,-0.03821100926688944,0.017888969778206386,0.042015656887377496,0.2044500027384076,0.20119296660025912,1.016188618286144
2021-08-04,0.2014899998903274,0.2031099945306778,0.1944500058889389,0.1963119953870773,1095300718,DOGECOIN,0.028183296589956663,0.027793455214524282,0.02229765652551169,0.04118980547937989,0.20389257371425623,0.20018883347511288,1.0185012329351717
2021-08-05,0.2009740024805069,0.2025129944086074,0.1946849972009658,0.2015749961137771,1139204754,DOGECOIN,-0.002560908283792518,-0.002564193018546232,0.022293025543676577,0.04107179650293185,0.2033718590225492,0.19907390028238295,1.0215897650775398
2021-08-06,0.2046879976987838,0.2117560058832168,0.1986169964075088,0.2009599953889846,1332579279,DOGECOIN,0.01847997836753601,0.01831129853130294,0.021958396627927288,0.040579218803632286,0.20278143031256532,0.1984259669979413,1.0219500672241613
2021-08-07,0.2603409886360168,0.2619900107383728,0.2037719935178756,0.2048459947109222,6343062404,DOGECOIN,0.271891813701413,0.24050540917926297,0.09459243722827275,0.058218733340165855,0.21021385703768042,0.20018409987290697,1.0501026663513293
2021-08-08,0.2400449961423874,0.2813790142536163,0.2353480011224746,0.2619560062885284,6984782653,DOGECOIN,-0.07795926642195117,-0.08116587681569612,0.10274477433224914,0.059606917229759915,0.2153007132666451,0.20085679988066352,1.071911498114892
2021-08-09,0.2568970024585724,0.2662650048732757,0.2314099967479705,0.2401220053434372,4607903346,DOGECOIN,0.07020353095045939,0.06784884622662626,0.10318683775687403,0.060466217972512136,0.22291457014424457,0.2022893667221069,1.1019589104279086
2021-08-10,0.2573249936103821,0.2627910077571869,0.2453519999980926,0.2563660144805908,3424415504,DOGECOIN,0.0016660029027730783,0.0016646166593804984,0.0996256269522432,0.06046891120744773,0.23167999727385383,0.20367166648308432,1.1375170698723365
2021-08-11,0.2652629911899566,0.2824819982051849,0.2563819885253906,0.257423996925354,4732068476,DOGECOIN,0.03084814058751517,0.030381900866518655,0.0995822688446918,0.06007629455563429,0.24079042460237227,0.2055788328250249,1.1712802397672777
2021-08-12,0.2639209926128387,0.2941420078277588,0.2527750134468078,0.2648530006408691,5264857508,DOGECOIN,-0.005059124799497217,-0.00507196549813829,0.09976225681629111,0.05946317389657036,0.24978285176413392,0.2077094326416651,1.2025590200087484
2021-08-13,0.2868080139160156,0.2871879935264587,0.261907011270523,0.2642489969730377,3565092106,DOGECOIN,0.08671921500670954,0.08316326290946437,0.10053717014487397,0.060792549500076606,0.26151428265230997,0.2106922333439191,1.2412146309419605
2021-08-14,0.2931129932403564,0.2984560132026672,0.2771539986133575,0.2868010103702545,4677579997,DOGECOIN,0.021983274589346014,0.021745126275138655,0.05404262532273264,0.059013472392325836,0.266195997595787,0.21429973294337587,1.2421667257332683
2021-08-15,0.3414410054683685,0.3487220108509063,0.2870630025863647,0.2940860092639923,8046171669,DOGECOIN,0.1648784371301566,0.15261673576223664,0.055528113313489426,0.06182547885923408,0.2806811417852129,0.21993626654148096,1.2761930817456848
2021-08-16,0.3207150101661682,0.3509530127048492,0.3108280003070831,0.3401649892330169,6681324187,DOGECOIN,-0.06070154132122929,-0.06262200290841481,0.06894575545715785,0.0628531820431895,0.2897980000291552,0.22442260036865863,1.2913048844149586
2021-08-17,0.2994419932365417,0.339462012052536,0.2957629859447479,0.3196310102939605,5699700481,DOGECOIN,-0.06632996977161931,-0.06863218986712283,0.07850597654223854,0.0644544299358543,0.29581471426146366,0.2283295666178067,1.2955602668690651
2021-08-18,0.3037390112876892,0.3242270052433014,0.2820160090923309,0.2992030084133148,6347995770,DOGECOIN,0.014350084985418565,0.014248097048328514,0.07844385340236298,0.06326745521370458,0.3013112885611397,0.23266900032758706,1.295021202381527
2021-08-19,0.3171440064907074,0.319018006324768,0.2940880060195923,0.3033759891986847,3760495939,DOGECOIN,0.044133268052030106,0.043187132704534906,0.07805952857551354,0.06307201192022185,0.3089145762579781,0.2375471005837122,1.3004350526649169
2021-08-20,0.3274909853935241,0.3332229852676391,0.3141419887542724,0.3175710141658783,3512291078,DOGECOIN,0.032625490915969335,0.032104579306272675,0.07414156511876167,0.06091410853659943,0.3147264293261936,0.24211850017309183,1.2998859199160493
2021-08-21,0.3167969882488251,0.3293560147285461,0.315432995557785,0.3273949921131134,2600396651,DOGECOIN,-0.03265432522317757,-0.03319937607575964,0.07666188099497677,0.06159256428850805,0.3181098571845463,0.24630163311958306,1.2915458706280656
2021-08-22,0.3149630129337311,0.3215410113334656,0.306546002626419,0.3170849978923797,2237836352,DOGECOIN,-0.005789118530550863,-0.005805940431300288,0.044601627329999755,0.06173002512803655,0.31432728682245525,0.2503082667787869,1.255760710053759
2021-08-23,0.3179140090942383,0.3280940055847168,0.3133679926395416,0.3149259984493255,2836628655,DOGECOIN,0.009369341920564267,0.009325721885558932,0.03877521179044511,0.061739925696997364,0.31392714381217957,0.25432810038328163,1.2343391994006168
2021-08-24,0.2887389957904815,0.3197570145130157,0.2777769863605499,0.3183859884738922,3143768703,DOGECOIN,-0.09177014057001975,-0.09625778326572308,0.04725467074012029,0.06502580944904995,0.3123981441770281,0.257357267042001,1.213869527632357
2021-08-25,0.2922259867191314,0.2968150079250335,0.2799949944019317,0.289218008518219,2518743227,DOGECOIN,0.012076619298004854,0.0120042787681377,0.04710814593835105,0.06491607128085523,0.31075342638151987,0.2602841665347417,1.193900614542536
2021-08-26,0.2689090073108673,0.2960020005702972,0.2653129994869232,0.2927939891815185,2410285454,DOGECOIN,-0.07979091685187756,-0.08315437046823071,0.04947964958462413,0.06719813605992184,0.3038627122129713,0.2623845001061757,1.1580817925220854
2021-08-27,0.2944329977035522,0.2948450148105621,0.265392005443573,0.2688190042972564,2382150423,DOGECOIN,0.0949168294804581,0.09067840557138428,0.06344578677880233,0.0687879092286944,0.2991401425429752,0.26535253326098124,1.1273310221190276
2021-08-28,0.285629004240036,0.2991699874401092,0.2832730114459991,0.2946310043334961,1534807298,DOGECOIN,-0.02990151760225057,-0.030357684393249495,0.06332040057577407,0.06916837229597599,0.2946875733988625,0.2680528665582339,1.099363633683963
2021-08-29,0.281125009059906,0.2916629910469055,0.2774859964847564,0.2858630120754242,1473623363,DOGECOIN,-0.015768689850366058,-0.015894338264531856,0.06319638424955216,0.06931805047859887,0.28985357284545893,0.27046300023794173,1.0716939935978607
2021-08-30,0.2721250057220459,0.289559006690979,0.2703750133514404,0.281233012676239,1748987269,DOGECOIN,-0.032014239387511245,-0.03253790192482012,0.062349334447355555,0.06971966747331525,0.2833122866494315,0.2725900337100029,1.0393347210589348
2021-08-31,0.27845299243927,0.2858189940452575,0.2700470089912414,0.2718780040740967,1745967018,DOGECOIN,0.023253969992333756,0.022987716170128483,0.054550777027200334,0.06956447543220634,0.2818428575992584,0.27505723337332405,1.0246698628598672
2021-09-01,0.2944009900093078,0.2948890030384063,0.2735260128974914,0.2780619859695434,1937809622,DOGECOIN,0.05727357221171192,0.055693492900312336,0.059150234689145556,0.06999292156424064,0.2821535723549979,0.2780839328964551,1.0146345724334174
2021-09-02,0.2959550023078918,0.3092269897460937,0.2920100092887878,0.2943930029869079,2981069411,DOGECOIN,0.005278556633029119,0.005264673885448404,0.04619053319129194,0.06935839310387065,0.2860172859260014,0.28141686618328093,1.0163473490594708
2021-09-03,0.2962729930877685,0.3044939935207367,0.2885409891605377,0.2947539985179901,2384046931,DOGECOIN,0.0010744565133111728,0.0010738796980499768,0.031322143113585055,0.06934328800603216,0.28628014240946087,0.28457629928986233,1.0059872980422135
2021-09-04,0.2993879914283752,0.3087309896945953,0.2933419942855835,0.296068012714386,2263193245,DOGECOIN,0.010513946303853272,0.010459059155566332,0.028176852085457615,0.06928419380522732,0.288245712007795,0.2878567655881245,1.0013511804000015
2021-09-05,0.3145270049571991,0.3150089979171753,0.2965820133686065,0.2993240058422088,2393033527,DOGECOIN,0.05056653560684232,0.04932957638130513,0.03016597975593632,0.06959254119385459,0.2930174257074083,0.2915180658300717,1.0051432828804874
2021-09-06,0.3087649941444397,0.3197509944438934,0.3004510104656219,0.314314991235733,2611846129,DOGECOIN,-0.018319606017751955,-0.018489487979225477,0.026659067088808906,0.05512710008012944,0.2982517097677503,0.2931321993470191,1.0174648518045284
2021-09-07,0.2537440061569214,0.3110300004482269,0.2165270000696182,0.3089509904384613,5653327525,DOGECOIN,-0.17819697514602184,-0.19625454177301838,0.08494861683114686,0.06457452285958538,0.29472185458455763,0.29358883301417027,1.003859212078181
2021-09-08,0.2571130096912384,0.2632899880409241,0.2348639965057373,0.2542659938335418,3226346052,DOGECOIN,0.01327717483987989,0.013189805648391752,0.080605290882191,0.063408733159857,0.2893950002534048,0.2935960332552591,0.9856911111663357
2021-09-09,0.252595990896225,0.2595579922199249,0.2492700070142746,0.2503620088100433,1763183557,DOGECOIN,-0.017568223406656203,-0.01772437623152906,0.0799006563835766,0.06349023646153124,0.2832008557660239,0.2934383998314539,0.9651117779019027
2021-09-10,0.2399819940328598,0.2616220116615295,0.2359090000391006,0.2525849938392639,1840815800,DOGECOIN,-0.049937438906334175,-0.051227442773009564,0.07975980896464126,0.06386342278962794,0.2751592844724655,0.2925956999262173,0.9404078205587141
2021-09-11,0.2414319962263107,0.2480179965496063,0.2384870052337646,0.2398259937763214,1196337689,DOGECOIN,0.006042129115955142,0.006023948649556801,0.07940070639396479,0.06388516503119686,0.2668798565864563,0.2918460667133331,0.9144541833027343
2021-09-12,0.2506169974803924,0.2547940015792846,0.2392330020666122,0.2413289994001388,1419288866,DOGECOIN,0.03804384421968643,0.03733802298429574,0.07749178976420877,0.06228245742960138,0.25774985551834106,0.2906396994988123,0.8868363680626307
2021-09-13,0.2359060049057006,0.252030998468399,0.2289109975099563,0.2506240010261535,1759116002,DOGECOIN,-0.058699101507840634,-0.060492425906779834,0.07785604507779652,0.06289442724886397,0.24734142848423546,0.2887327998876571,0.8566447198949112
2021-09-14,0.2407090067863464,0.2416779994964599,0.2339619994163513,0.236063003540039,967948743,DOGECOIN,0.020359811877471046,0.02015532183476682,0.03699334774890099,0.05550013519123814,0.24547928571701047,0.28537506659825634,0.8601987855603022
2021-09-15,0.2476969957351684,0.248321995139122,0.23921500146389,0.2405900061130523,980188820,DOGECOIN,0.029030857806764843,0.028617444552680112,0.038846904645373846,0.05510930934423423,0.24413414086614332,0.2829411327838897,0.862844290132297
2021-09-16,0.2425550073385238,0.2477329969406128,0.2338519990444183,0.24754199385643,1140048496,DOGECOIN,-0.02075918757667239,-0.02097768873874706,0.03903889098529961,0.05399514338078156,0.24269971464361456,0.2810448999206224,0.8635620668162348
2021-09-17,0.2399300038814544,0.259535014629364,0.2380259931087494,0.2420980036258697,2246768047,DOGECOIN,-0.010822301653850341,-0.010881288730398647,0.03384623022772814,0.0538484986353432,0.2426922874791281,0.2789179330070813,0.87012077302669
2021-09-18,0.2413859963417053,0.2473279982805252,0.2382279932498932,0.2399280071258545,999151515,DOGECOIN,0.00606840510439155,0.006050066487509559,0.03384701038078309,0.053055539554250124,0.24268571606704162,0.27639266600211454,0.8780468728688515
2021-09-19,0.233142003417015,0.2412849962711334,0.2313369959592819,0.2412810027599334,892763953,DOGECOIN,-0.03415273897256299,-0.03474957214952384,0.031466454066896424,0.052667827952361385,0.24018928834370198,0.273247699936231,0.8790166885201816
2021-09-20,0.2070710062980651,0.2336059957742691,0.2000219970941543,0.2331610023975372,2244003542,DOGECOIN,-0.11182453928011149,-0.1185859646077026,0.049433991871900305,0.05608679930769883,0.2360700028283255,0.269590167204539,0.8756625112711116
2021-09-21,0.2010270059108734,0.2180940061807632,0.1981610059738159,0.2087730020284652,1766963639,DOGECOIN,-0.029188057252649613,-0.029622503240639066,0.0464137555895326,0.05613281650332031,0.23040114556040076,0.26579230030377704,0.866846576432322
2021-09-22,0.2248580008745193,0.2294230014085769,0.2002239972352981,0.2008219957351684,2016471206,DOGECOIN,0.11854623639080364,0.11202983894864928,0.06825997299009282,0.06061819363657264,0.22713843200887945,0.26269043336311976,0.8646619867382213
2021-09-23,0.224831998348236,0.2270949929952621,0.2181150019168853,0.2247480005025863,1169581249,DOGECOIN,-0.00011563976457218406,-0.0001156464513652703,0.06835072309681452,0.05848914314956106,0.2246065735816955,0.2605602001150449,0.8620141275702321
2021-09-24,0.2094510048627853,0.2282669991254806,0.197720006108284,0.2247260063886642,1883155313,DOGECOIN,-0.06841105180067608,-0.07086360428907405,0.07201835570521507,0.05944426310112595,0.2202524308647428,0.2578010340531667,0.8543504554730368
2021-09-25,0.208639994263649,0.2126040011644363,0.2048750072717666,0.2093479931354522,1067132277,DOGECOIN,-0.0038720778621598173,-0.0038795937633548357,0.07152946970924424,0.057872037689929115,0.2155744305678776,0.25579206695159273,0.8427721513688455
2021-09-26,0.2049620002508163,0.2090680003166198,0.1944890022277832,0.2087299972772598,1147321467,DOGECOIN,-0.017628422708759195,-0.017785653918176745,0.07126602962749211,0.05476994976819783,0.2115487158298492,0.25280970036983486,0.8367903427770966
2021-09-27,0.2002619951963424,0.2092809975147247,0.2000779956579208,0.2052409946918487,838297166,DOGECOIN,-0.022931104539975156,-0.023198112066297932,0.056509102397040614,0.054703092616932354,0.21057599995817453,0.24996413340171175,0.8424248594887914
2021-09-28,0.1968040019273758,0.2025790065526962,0.1963520050048828,0.2000010013580322,866301240,DOGECOIN,-0.017267346535603578,-0.017418165851571434,0.055798567778399775,0.05470769859110323,0.20997271367481773,0.24715343316396074,0.8495642200346153
2021-09-29,0.1988759934902191,0.20414400100708,0.195041999220848,0.1969799995422363,926737135,DOGECOIN,0.010528198321942073,0.010473162788315341,0.026300976763235163,0.05471141664083347,0.20626099833420342,0.24471179942289986,0.8428731218544656
2021-09-30,0.204244002699852,0.2058060020208358,0.197854995727539,0.1988690048456192,916819792,DOGECOIN,0.026991740508373052,0.026633888565856446,0.030811283469961218,0.05479225481733238,0.20331985609871997,0.2422381664315859,0.8393386520952822
2021-10-01,0.2230100035667419,0.2246070057153701,0.2019940018653869,0.2044270038604736,1435469263,DOGECOIN,0.09188030306313366,0.08790125873526754,0.039065149216139496,0.056421846399422264,0.20525685591357093,0.23985846688350038,0.855741548674471
2021-10-02,0.2191330045461654,0.2249550074338913,0.2154929935932159,0.2227409929037094,1166058975,DOGECOIN,-0.017384865963719798,-0.017537757334568683,0.040139690256479114,0.05637303510183203,0.20675585738250182,0.23729773362477619,0.871293013313948
2021-10-03,0.2217479944229126,0.2262279987335205,0.2158720046281814,0.2188110053539276,1070267896,DOGECOIN,0.011933345605163126,0.011862704669624911,0.03862281137485962,0.05648054311309624,0.2091538565499442,0.2348135670026143,0.8907230498637057
2021-10-04,0.2408519983291626,0.2479240000247955,0.2132840007543563,0.2219299972057342,3684051106,DOGECOIN,0.08615186782621032,0.08264105319543692,0.04332255451193865,0.05885465555072156,0.21495242842606135,0.23286236723264056,0.9230878779623231
2021-10-05,0.252016007900238,0.2677870094776153,0.2335879951715469,0.241239994764328,4628329381,DOGECOIN,0.04635215671251358,0.045309978879378744,0.03903176336742726,0.058725836643026906,0.22283985785075594,0.23077866733074184,0.9655998989342964
2021-10-06,0.2551339864730835,0.2715089917182922,0.2430959939956665,0.2520079910755157,4659725421,DOGECOIN,0.012372144923745498,0.01229623540647074,0.038843922427942684,0.058794058529564326,0.23087671399116513,0.22899096707502997,1.0082350275219254
2021-10-07,0.2429230064153671,0.2567389905452728,0.2391269952058792,0.2543399930000305,2936116763,DOGECOIN,-0.04786104833196991,-0.049044297207065525,0.050525892733812874,0.04744690906742229,0.23640228595052443,0.22863026708364484,1.0339938319016886
2021-10-08,0.2438510060310363,0.2547639906406402,0.2416920065879821,0.2430229932069778,1952117191,DOGECOIN,0.0038201388553640303,0.0038128606548624624,0.042351031925263134,0.04737795873733132,0.2393795720168522,0.22818820029497144,1.0490444804219239
2021-10-09,0.2465959936380386,0.2519659996032715,0.2417570054531097,0.2434950023889541,1484990033,DOGECOIN,0.011256822974324399,0.01119393643759229,0.04026590220859606,0.04733622618771007,0.24330285617283412,0.22798820038636522,1.0671730193076465
2021-10-10,0.2298049926757812,0.248662993311882,0.2278580069541931,0.2465720027685165,1466060853,DOGECOIN,-0.0680911344687285,-0.07052025284242001,0.05223355158876055,0.04816865454114405,0.2444538559232439,0.22764896700779594,1.07381930669983
2021-10-11,0.2315029948949813,0.2393810003995895,0.2255209982395172,0.2294500023126602,1463611233,DOGECOIN,0.007388883067461105,0.007361718996994452,0.03990148300881028,0.048176425429038425,0.24311828400407512,0.2273180002967516,1.0695074023469198
2021-10-12,0.2262420058250427,0.2317180037498474,0.2164469957351684,0.2315250039100647,1881102059,DOGECOIN,-0.022725360733778843,-0.022987561768153742,0.033139351704765584,0.047760961386478624,0.23943628370761869,0.22650550057490662,1.0570881638630925
2021-10-13,0.232572004199028,0.2339430004358291,0.2210610061883926,0.226174995303154,1457486924,DOGECOIN,0.02797888195386844,0.027594623975534728,0.03567843300015114,0.04682930621947596,0.23621314338275362,0.2263943672180175,1.0433702317128792
2021-10-14,0.2322729974985122,0.2398799955844879,0.2314970046281814,0.2325610071420669,1337117776,DOGECOIN,-0.0012856521641353424,-0.0012864793239147642,0.03207171774881207,0.04666693449819555,0.2346917135374886,0.22611316690842304,1.0379391733190837
2021-10-15,0.2337819933891296,0.2434689998626709,0.2257499992847442,0.2326440066099167,1837803539,DOGECOIN,0.006496647939574052,0.006475635679420168,0.03222850896094212,0.046353310737978624,0.23325328316007335,0.22564933349688843,1.0336980816444103
2021-10-16,0.237292006611824,0.2444469928741455,0.2336830049753189,0.2338809967041015,1541850812,DOGECOIN,0.0150140443744613,0.014902449220152074,0.032587204437777344,0.046307688739826644,0.23192414215632842,0.22547390013933175,1.0286074885519376
2021-10-17,0.2378980070352554,0.2419729977846145,0.2263800054788589,0.2371930032968521,1397143121,DOGECOIN,0.002553817265419811,0.002550561815478793,0.015519516266458616,0.04627108720672373,0.23308028706482475,0.2254061669111251,1.0340457417774442
2021-10-18,0.2472810000181198,0.2713940143585205,0.2374880015850067,0.2378060072660446,5003365533,DOGECOIN,0.03944124248789471,0.03868330193517473,0.02015544698825376,0.04680561130092695,0.23533428779670168,0.22560266703367227,1.0431361069041658
2021-10-19,0.2457879930734634,0.2546109855175018,0.2406509965658188,0.2473780065774917,1675967829,DOGECOIN,-0.006037693735252647,-0.006055994307421906,0.016257258545746552,0.046344934559788886,0.2381265716893332,0.2260242000222206,1.0535445835707982
2021-10-20,0.2540929913520813,0.2615549862384796,0.2423840016126632,0.2455019950866699,1853058770,DOGECOIN,0.03378927576879476,0.0332309601225857,0.01727543058379226,0.04069504240693645,0.24120099842548368,0.2275915995240211,1.0597974570675055
2021-10-21,0.2423910051584243,0.2582609951496124,0.2422730028629303,0.2547929883003235,1742570934,DOGECOIN,-0.04605395108061938,-0.047148161628411345,0.02849303326123305,0.041356657719380484,0.24264642809118545,0.2289703994989395,1.0597283693533028
2021-10-22,0.2442210018634796,0.2527720034122467,0.2364719957113266,0.242478996515274,1829875043,DOGECOIN,0.007549771510123593,0.007521414621115714,0.02849812580963829,0.03622073089333939,0.24413771501609258,0.22961583286523815,1.0632442544124443
2021-10-23,0.2517330050468445,0.2531400024890899,0.2415889948606491,0.2445140033960342,1502684867,DOGECOIN,0.030759038436686703,0.03029546136263012,0.029840177199172663,0.03656161540836741,0.24620071479252406,0.2305125330885251,1.068057825289587
2021-10-24,0.2770479917526245,0.2819350063800812,0.2460280060768127,0.2514320015907287,5278760541,DOGECOIN,0.10056284316420583,0.0958217245468237,0.04416026813820794,0.03748284661022995,0.2517935697521482,0.23276576598485307,1.0817465733708167
2021-10-25,0.2647069990634918,0.2794719934463501,0.2602199912071228,0.2757450044155121,3364560707,DOGECOIN,-0.04454460258333848,-0.04556719622738914,0.049889877045703225,0.03874081730015382,0.25428299818720135,0.23463466614484785,1.0837401069721895
2021-10-26,0.255731999874115,0.2743169963359833,0.2537209987640381,0.2647829949855804,2513384162,DOGECOIN,-0.03390540945698273,-0.03449352974666331,0.052479993837270436,0.03924017950613023,0.2557035705872944,0.23632699946562447,1.0819905096137288
2021-10-27,0.2376900017261505,0.2633169889450073,0.220328003168106,0.255836009979248,5022822846,DOGECOIN,-0.07055041276354046,-0.073162709723483,0.05825505566495937,0.041573588969711195,0.2533602863550186,0.23757459968328473,1.0664451784524864
2021-10-28,0.3004469871520996,0.3388429880142212,0.2333340048789978,0.2373809963464737,20359592492,DOGECOIN,0.2640287137456174,0.23430401203754816,0.10574117972572923,0.058642701195757804,0.2616539980684008,0.2410293658574422,1.0855689601870218
2021-10-29,0.2878530025482178,0.3063119947910309,0.2797710001468658,0.2999640107154846,5866664030,DOGECOIN,-0.04191749340959838,-0.04282138093015388,0.10923268096999823,0.059556540005292945,0.26788714102336336,0.24399526615937547,1.097919419667683
2021-10-30,0.2683449983596802,0.2946470081806183,0.2598879933357239,0.2877640128135681,3637334331,DOGECOIN,-0.0677707163581518,-0.0701764820614032,0.11465465579397056,0.06135030095564217,0.27026028292519705,0.24613196601470308,1.098030001146022
2021-10-31,0.2802439928054809,0.2847070097923279,0.2526139914989471,0.2692390084266662,4224104205,DOGECOIN,0.04434215103145589,0.04338716664145715,0.10965049522979761,0.05989983601665793,0.27071685450417654,0.2480397656559944,1.0914252147763797
2021-11-01,0.2717280089855194,0.2855510115623474,0.2640889883041382,0.2801229953765869,2784956027,DOGECOIN,-0.03038774795744681,-0.0308590275644217,0.10873223399063532,0.06014161143278911,0.2717198559216091,0.24979293247063952,1.087780399685835
2021-11-02,0.2731209993362427,0.2806859910488128,0.2675969898700714,0.2718920111656189,2336414476,DOGECOIN,0.005126414299077675,0.005113318972939061,0.10743385343967186,0.0601360783208582,0.27420399870191303,0.2515053659677505,1.090251087275303
2021-11-03,0.2694070041179657,0.277103990316391,0.2639789879322052,0.2735039889812469,2091380862,DOGECOIN,-0.013598351014030396,-0.013691655412019457,0.10203252690436733,0.05850460798594348,0.2787349990436009,0.25245719949404394,1.1040881369286397
2021-11-04,0.2632800042629242,0.2708649933338165,0.2547110021114349,0.2691119909286499,1902957818,DOGECOIN,-0.02274254106756135,-0.02300514176471536,0.036158976238605575,0.058159066649314556,0.273425430059433,0.2528326660394668,1.0814481939479754
2021-11-05,0.2614650130271911,0.2707889974117279,0.257887989282608,0.2636550068855285,1559898586,DOGECOIN,-0.006893767875818413,-0.00691763966790317,0.03471188094726082,0.05814138345759381,0.2696557172707149,0.2530437002579371,1.065648806889263
2021-11-06,0.261898010969162,0.2676970064640045,0.2505210041999817,0.2612639963626861,1353526462,DOGECOIN,0.001656045437810949,0.0016546757065811627,0.02430253303070197,0.057373868051650394,0.2687347190720694,0.25367620040973027,1.0593611802684566
2021-11-07,0.2663150131702423,0.2698490023612976,0.2589670121669769,0.2619709968566894,1155873526,DOGECOIN,0.01686535222140506,0.016724711272062334,0.016603915910509394,0.05743240153664231,0.26674486483846394,0.2544250006477038,1.0484223805026895
2021-11-08,0.2823590040206909,0.29653200507164,0.2649179995059967,0.266728013753891,4093381450,DOGECOIN,0.06024441002953318,0.05849945704509036,0.026723681803829107,0.05830961304678311,0.268263578414917,0.2556171009937922,1.0494743011009733
2021-11-09,0.2735260128974914,0.2896679937839508,0.2717519998550415,0.2825390100479126,2353452396,DOGECOIN,-0.031282838504956056,-0.03178259670069164,0.030218680426242678,0.05700501528379049,0.2683214374950954,0.25707446833451586,1.0437498489579469
2021-11-10,0.2557089924812317,0.2769890129566192,0.2380300015211105,0.2735970020294189,2820521435,DOGECOIN,-0.0651383034012818,-0.06735667871064482,0.03966479079097259,0.05854611279406579,0.2663645786898477,0.25788133492072424,1.0328959200235694
2021-11-11,0.2611669898033142,0.2699649930000305,0.2532829940319061,0.2557049989700317,1628781435,DOGECOIN,0.021344565434018303,0.021119960637379084,0.04028301198169989,0.058416496029637555,0.266062719481332,0.2590455010533333,1.0270887484996467
2021-11-12,0.2594139873981476,0.268436998128891,0.2494570016860962,0.2609370052814483,1563007446,DOGECOIN,-0.0067121898004293135,-0.006734817859111964,0.040278709218607656,0.05829037825398876,0.26576971582004,0.2599402338266373,1.0224262397074344
2021-11-13,0.261705994606018,0.2622509896755218,0.2545399963855743,0.2596180140972137,923837904,DOGECOIN,0.008835326232246254,0.008796523128656414,0.04045093847643997,0.05829005691722842,0.2657422849110195,0.2609213337302208,1.0184766462438188
2021-11-14,0.2629120051860809,0.2712570130825043,0.2602750062942505,0.2615909874439239,1264556615,DOGECOIN,0.0046082650184549045,0.0045976794734212826,0.03986548775589221,0.05828828936102588,0.2652561409132821,0.26189233412345253,1.0128442354034077
2021-11-15,0.2565290033817291,0.265170007944107,0.2563669979572296,0.2628700137138366,1028469310,DOGECOIN,-0.024278091827088955,-0.024577663320058202,0.030072647813647276,0.0584770263739609,0.26156614082200186,0.262533567349116,0.9963150368279282
2021-11-16,0.2372490018606186,0.257093995809555,0.2263939976692199,0.257093995809555,2248804980,DOGECOIN,-0.07515719964194789,-0.07813150147095724,0.03860750448510464,0.06030601119219015,0.25638371067387716,0.2625119338432948,0.976655449222069
2021-11-17,0.2374870032072067,0.2409060001373291,0.2328590005636215,0.2370100021362304,1543405154,DOGECOIN,0.0010031711186204717,0.00100266827873539,0.032961543616408955,0.05986134899273726,0.25378056934901644,0.262185467282931,0.9679429297854841
2021-11-18,0.2213830053806305,0.2410909980535507,0.2160989940166473,0.2375559955835342,1860661769,DOGECOIN,-0.06781001742872439,-0.07021864110930688,0.03624524578727164,0.06116736274482138,0.24809714300291877,0.2613719676931699,0.9492109853730193
2021-11-19,0.2331099957227707,0.2368319928646087,0.2165179997682571,0.2209949940443039,1296123511,DOGECOIN,0.05297150213485291,0.05161616928595048,0.04613392756172176,0.06163820534143795,0.24433942990643634,0.26067253450552624,0.9373424414272397
2021-11-20,0.233024001121521,0.235953003168106,0.2254509925842285,0.2331739962100982,805305660,DOGECOIN,-0.000368901389162124,-0.0003689694500185979,0.04546209604675119,0.06106859318661097,0.24024200226579392,0.26036030103762947,0.9227290078723335
2021-11-21,0.2263280004262924,0.2333499938249588,0.2256799936294555,0.233254998922348,751789838,DOGECOIN,-0.028735240417302244,-0.02915618093420312,0.04462346816916313,0.061252479995245114,0.23501571587153844,0.25976386765638987,0.9047282749208687
2021-11-22,0.2196760028600692,0.2275310009717941,0.2168979942798614,0.2261600047349929,921753721,DOGECOIN,-0.02939096158537191,-0.029831529861274055,0.0447297851969144,0.06112472332552167,0.22975100151130132,0.2586953009168307,0.8881143209677596
2021-11-23,0.226511999964714,0.2362010031938552,0.2145660072565078,0.2196660041809082,1907278849,DOGECOIN,0.031118542834190466,0.0306441769259714,0.040760872497793296,0.05853808152413248,0.22821714409760063,0.2570107678572337,0.887967247443782
2021-11-24,0.2218250036239624,0.2302449941635131,0.2118359953165054,0.2266799956560135,1957665360,DOGECOIN,-0.020692044313244895,-0.020909124437926932,0.04091933165092971,0.05814551346362698,0.2259797155857086,0.25558136800924935,0.8841791455530925
2021-11-25,0.2163259983062744,0.2288099974393844,0.2143169939517974,0.2171320021152496,1344826632,DOGECOIN,-0.024789835356026524,-0.02510227773160512,0.03249222592866945,0.058011340433424284,0.22525728600365771,0.2542678346236547,0.8859055504879888
2021-11-26,0.200886994600296,0.2217590063810348,0.1903440058231353,0.2210469990968704,2231733479,DOGECOIN,-0.07136915501076224,-0.07404398728931016,0.031799723990981445,0.058046956402661026,0.22065400012901848,0.25304106771945956,0.8720086510765603
2021-11-27,0.2053470015525818,0.2096129953861236,0.200871005654335,0.2014289945363998,917785649,DOGECOIN,0.0222015713917163,0.02195870461530616,0.03518334282925372,0.03686572691838669,0.21670014304774146,0.2498710681994756,0.8672478354906886
2021-11-28,0.2074719965457916,0.2074719965457916,0.1930640041828155,0.2052949965000152,1027555437,DOGECOIN,0.010348312744492105,0.010295135504668857,0.03625368553316863,0.03664333388635177,0.2140064282076699,0.24719170133272808,0.8657508607848056
2021-11-29,0.2151750028133392,0.2236919999122619,0.2032520025968551,0.2074439972639084,1869737827,DOGECOIN,0.03712793242362933,0.036455289452700344,0.03946481753997806,0.03586003389818985,0.2133634282009942,0.24541936814785,0.8693830067741675
2021-11-30,0.2147150039672851,0.2268899977207183,0.213250994682312,0.2151110023260116,1897635999,DOGECOIN,-0.002137789427395287,-0.0021400777611119766,0.03665807420412756,0.03457881273547273,0.21167814305850438,0.24323506851991014,0.8702616129597174
2021-12-01,0.2094870060682296,0.2184959948062896,0.2062979936599731,0.2144870012998581,988030934,DOGECOIN,-0.024348544826667373,-0.024649871951099696,0.036910131187274105,0.03446109220836921,0.20991557197911395,0.24116036842266717,0.8704397548904372
2021-12-02,0.2097260057926178,0.2230110019445419,0.2021690011024475,0.2094759941101074,1879305770,DOGECOIN,0.001140880901750796,0.0011402305917053504,0.036230792173099324,0.034413892246195926,0.20897271590573444,0.23904720197121299,0.8741901774315675
2021-12-03,0.1999929994344711,0.2119909971952438,0.1932740062475204,0.2094630002975464,1260948451,DOGECOIN,-0.046408199695420316,-0.0475195813819093,0.02824277972067928,0.035126393472426964,0.2088450023106166,0.2367334018150965,0.8821949108547746
2021-12-04,0.1788530051708221,0.2005620002746582,0.1328260004520416,0.2003560066223144,4388513696,DOGECOIN,-0.10570367124563107,-0.11171809479959414,0.048410644243837356,0.03970117870292234,0.20506014568465095,0.23391916851202643,0.8766282258484868
2021-12-05,0.1712550073862075,0.1811330020427703,0.1629489958286285,0.1782629936933517,1645331135,DOGECOIN,-0.04248180105980193,-0.043410551381906096,0.04709625921156324,0.040069284940614014,0.1998862900904246,0.23091216832399367,0.8656377511035428
2021-12-06,0.1783999949693679,0.180527001619339,0.1595579981803894,0.1713829934597015,1896979202,DOGECOIN,0.04172133528946875,0.04087447502101956,0.048113608111146046,0.04122435420966037,0.19463271754128586,0.22812890112400053,0.8531699253462512
2021-12-07,0.1768050044775009,0.1835390031337738,0.1755049973726272,0.1783740073442459,1085087124,DOGECOIN,-0.008940529915042239,-0.008980736276140992,0.04759655131687487,0.04085506414056999,0.18921700332845953,0.22514523416757581,0.8404219792972617
2021-12-08,0.1791509985923767,0.1821680068969726,0.1726299971342086,0.176608994603157,1014713070,DOGECOIN,0.013268821896805338,0.013181562121634354,0.05009002773513788,0.038885545221931585,0.1848832879747663,0.22170496731996533,0.833915857680997
2021-12-09,0.1694840043783188,0.181889995932579,0.1694840043783188,0.1789609938859939,1071039221,DOGECOIN,-0.05396003533339655,-0.05547046487480992,0.05023560325606432,0.03947070709797903,0.17913443062986642,0.21823690036932625,0.8208255814058667
2021-12-10,0.1644220054149627,0.1746100038290023,0.1640650033950805,0.1694660037755966,845450410,DOGECOIN,-0.02986711921236407,-0.030322226364333158,0.04967824312664182,0.03837146116011155,0.17405286005565096,0.21519400080045062,0.8088183657919449
2021-12-11,0.1690189987421035,0.1700800061225891,0.1618169993162155,0.1644989997148513,692929162,DOGECOIN,0.027958504188895228,0.027574800643256975,0.03676386684437799,0.03859679371553264,0.17264800199440541,0.21212240109841027,0.8139074473059004
2021-12-12,0.1698909997940063,0.17289899289608,0.1658989936113357,0.1689040064811706,593132337,DOGECOIN,0.005159189549059695,0.005145926528723359,0.03341470423825473,0.03873995500383306,0.1724531437669481,0.20913830151160556,0.8245890041206931
2021-12-13,0.1575649976730346,0.1706150025129318,0.1519960016012191,0.1698800027370453,968464045,DOGECOIN,-0.07255241381778332,-0.07531899695209826,0.03765480440955297,0.040046913486468494,0.16947671558175764,0.20566693494717278,0.8240348193319899
2021-12-14,0.1801570057868957,0.2196319997310638,0.1554470062255859,0.1574649959802627,6411471551,DOGECOIN,0.14338214989056186,0.13399066829554523,0.0689602219628529,0.04851589548840088,0.1699555729116712,0.20290843496719993,0.8375973770589895
2021-12-15,0.1810819953680038,0.1911440044641494,0.1712660044431686,0.1911440044641494,2466135011,DOGECOIN,0.005134352544703402,0.005121216700195841,0.06882286161310966,0.048566033676132644,0.1702314295939036,0.20039353470007576,0.8494856375914769
2021-12-16,0.173454001545906,0.1849330067634582,0.1726550012826919,0.1811710000038147,1057988990,DOGECOIN,-0.04212452931389332,-0.043037498305958814,0.06724904599403052,0.04731502440508127,0.17079857204641608,0.19826703468958534,0.8614572377794676
2021-12-17,0.1690099984407425,0.1765590012073516,0.1622630059719085,0.1733810007572174,1026719015,DOGECOIN,-0.025620643314979263,-0.025954567919006077,0.06690439485462157,0.04734618746282628,0.17145399962152746,0.19598446786403653,0.8748346309793948
2021-12-18,0.1723999977111816,0.1748739928007125,0.1662440001964569,0.1691000014543533,658993272,DOGECOIN,0.020057980603009673,0.019859469409077058,0.06651238155342311,0.046328719066928765,0.17193699947425295,0.19435170094172155,0.8846693836027198
2021-12-19,0.1695760041475296,0.1743779927492141,0.1693820059299469,0.1725330054759979,541018118,DOGECOIN,-0.016380473324500766,-0.01651611658471367,0.0668895007065863,0.04493753834290712,0.17189200009618483,0.19223390122254683,0.8941815101447043
2021-12-20,0.1673219949007034,0.1708330065011978,0.1614969968795776,0.169523000717163,912233179,DOGECOIN,-0.013292029483518375,-0.01338115919838258,0.05892952762815951,0.0448980929245554,0.17328585684299466,0.1900438343485196,0.9118204620372338
2021-12-21,0.1711750030517578,0.1723400056362152,0.1661079972982406,0.1670980006456375,621397179,DOGECOIN,0.023027505459404463,0.02276637366513035,0.024300167915678853,0.04517559898570135,0.17200271359511782,0.18820540110270176,0.9139095508808363
2021-12-22,0.1732140034437179,0.1795849949121475,0.1700550019741058,0.1711290031671524,932537493,DOGECOIN,0.011911788261184109,0.011841401316300983,0.02499575035237893,0.04516352096166617,0.1708787147487913,0.1866566677888234,0.9154707237253228
2021-12-23,0.1844899952411651,0.1845220029354095,0.1717399954795837,0.1732089966535568,1184481683,DOGECOIN,0.06509861543100404,0.06306739152341345,0.03058420059447007,0.04648677712815846,0.1724552852766854,0.1852559342980384,0.9309028935032148
2021-12-24,0.1866219937801361,0.1952899992465973,0.1797610074281692,0.1849790066480636,1853415104,DOGECOIN,0.011556174285679122,0.011489911709597667,0.026490663158061433,0.046524985602240734,0.1749712846108845,0.18408250063657755,0.9505047139506174
2021-12-25,0.1906570047140121,0.1948760002851486,0.1855709999799728,0.1867119967937469,1010443046,DOGECOIN,0.021621304392609453,0.02139087946609871,0.026551819965564962,0.04663270213759555,0.17757942846843172,0.18322686751683548,0.9691778879105443
2021-12-26,0.1900199949741363,0.1925459951162338,0.1856459975242614,0.1905670017004013,650674078,DOGECOIN,-0.0033411294844966077,-0.0033467235213558285,0.0243751594756137,0.04472947953386871,0.18049999858651838,0.1828646341959635,0.9870689287743244
2021-12-27,0.1877049952745437,0.1929229944944381,0.1872390061616897,0.1899860054254531,666773423,DOGECOIN,-0.012182926854132803,-0.01225774701418044,0.0241501245251741,0.04453717812130817,0.1834118557827813,0.1822765673200289,1.006228384039947
2021-12-28,0.1741169989109039,0.1878850013017654,0.1727380007505417,0.1878470033407211,954075337,DOGECOIN,-0.07239016917885188,-0.07514407553149101,0.04178098087996493,0.04635280570901577,0.18383214090551642,0.18116473406553263,1.0147236538818802
2021-12-29,0.1677650064229965,0.1773390024900436,0.1667599976062774,0.1740950047969818,823628336,DOGECOIN,-0.03648117373742321,-0.03716325186601203,0.04398924626776626,0.0459835635817271,0.1830537127596991,0.17958440085252123,1.019318559355425
2021-12-30,0.171313002705574,0.1757709980010986,0.1653809994459152,0.1681369990110397,599236772,DOGECOIN,0.021148607556642274,0.02092807957694906,0.035195409749832325,0.04628196206187957,0.18117128525461465,0.17813766747713086,1.0170296255724425
2021-12-31,0.1704960018396377,0.1752939969301223,0.1673070043325424,0.171316996216774,644416694,DOGECOIN,-0.004769053446225802,-0.004780461667006985,0.03401185437425969,0.046170517385034256,0.17886757212025775,0.1768379673361778,1.0114772003696557
2022-01-01,0.1730349957942962,0.1734230071306228,0.1703529953956604,0.1705099940299987,371336089,DOGECOIN,0.01489180935190837,0.014782015040925205,0.032976984338388256,0.04631901737196018,0.17635014227458407,0.17561493366956707,1.0041864811246652
2022-01-02,0.1744029968976974,0.1759890019893646,0.171201005578041,0.1730269938707351,391041933,DOGECOIN,0.007905921557206153,0.007874833505008524,0.03383453026012625,0.045724019820492866,0.17411914254937846,0.17476193358500797,0.9963219047624188
2022-01-03,0.170087993144989,0.1744060069322586,0.168271005153656,0.1744060069322586,505900382,DOGECOIN,-0.024741568834619865,-0.025052785500332887,0.034178788576840105,0.04123828354108866,0.17160242795944208,0.1744697665174802,0.9835654129923374
2022-01-04,0.1688030064105987,0.1723390072584152,0.1681279987096786,0.1701509952545166,541922892,DOGECOIN,-0.007554835062901555,-0.007583517380751711,0.021096505130594554,0.040500127450568746,0.1708432861736842,0.17438803315162657,0.9796732211845046
2022-01-05,0.1594199985265731,0.1707469969987869,0.1518979966640472,0.1688349992036819,994086848,DOGECOIN,-0.05558554959147022,-0.057190172735225454,0.02684937538666471,0.041001558094754455,0.1696511421884809,0.17375536660353338,0.9763792940886983
2022-01-06,0.1602129936218261,0.1617060005664825,0.155141994357109,0.1594360023736953,715345645,DOGECOIN,0.004974251051199197,0.004961920338241715,0.02464008539497648,0.04101923401337338,0.1680654266050883,0.1732022995750109,0.970341773853309
2022-01-07,0.155022993683815,0.1602949947118759,0.1512989997863769,0.1602050065994262,969384523,DOGECOIN,-0.032394375891020344,-0.03293068783138801,0.0259884416817179,0.041244272711518946,0.1658549968685422,0.1723980327447255,0.962046922624275
2022-01-08,0.1519539952278137,0.1577250063419342,0.1476690024137497,0.1550309956073761,584437036,DOGECOIN,-0.019797053218188032,-0.01999564020452454,0.022787381625029027,0.04023835193038175,0.1628434253590447,0.17181369910637534,0.9477906954219241
2022-01-09,0.1510650068521499,0.1537420004606247,0.1496070027351379,0.1519590020179748,408786249,DOGECOIN,-0.005850378427569414,-0.005867558932516959,0.020619257446204162,0.03992565464845839,0.15950942678110938,0.17136846582094825,0.9307980089392315
2022-01-10,0.1433590054512024,0.1521349996328354,0.1398400068283081,0.1510729938745498,763684873,DOGECOIN,-0.051011161098940105,-0.05235824134646939,0.023935307585650475,0.04049019648118537,0.15569099996771127,0.17051313271125154,0.9130733656237482
2022-01-11,0.1533990055322647,0.1646209955215454,0.1426469981670379,0.1433510035276413,1628447666,DOGECOIN,0.07003396856348743,0.06769039429092731,0.04248394515264751,0.04261127717889906,0.15349042841366356,0.16996339956919349,0.9030793029717928
2022-01-12,0.161651998758316,0.161651998758316,0.1520950049161911,0.1534579992294311,896008600,DOGECOIN,0.0538008261358347,0.0524034627515897,0.04394160259469795,0.04154548829085021,0.15380928558962684,0.17009963293870284,0.904230555541843
2022-01-13,0.1720429956912994,0.174792006611824,0.1615619957447052,0.1615619957447052,2301820074,DOGECOIN,0.06428003991784137,0.06229855170112151,0.04957194448400857,0.03520064519390762,0.15549928588526588,0.1698291659355163,0.9156217957539081
2022-01-14,0.1835490018129348,0.203232005238533,0.1712830066680908,0.1720529943704605,5784004926,DOGECOIN,0.06687866643685325,0.06473725117399924,0.04915970667597574,0.03721459232831242,0.15957442990371157,0.16991139948368067,0.939162589376695
2022-01-15,0.1851029992103576,0.1935999989509582,0.1826760023832321,0.1836439967155456,1878282290,DOGECOIN,0.008466389803669871,0.008430750939244242,0.0459783141273216,0.03631612742868761,0.16431000190121783,0.17029969940582906,0.9648284904464945
2022-01-16,0.1771759986877441,0.1850930005311966,0.1753270030021667,0.1850930005311966,1102750171,DOGECOIN,-0.04282480865480187,-0.04376884122654612,0.05243571356688714,0.03693221235768125,0.168040143592017,0.17057189941406245,0.9851572513952042
2022-01-17,0.1711450070142746,0.1778720021247863,0.1668909937143325,0.1771869957447052,1094379303,DOGECOIN,-0.034039552299059195,-0.03463239001682822,0.0484814399099826,0.037339588829332325,0.1720095723867416,0.1705300663908322,1.008675924587507
2022-01-18,0.165484994649887,0.1737899929285049,0.162564992904663,0.1710859984159469,979693368,DOGECOIN,-0.0330714431179141,-0.03363066745562209,0.04884281924626394,0.037725525024720756,0.17373614226068765,0.17039369940757745,1.0196160002672114
2022-01-19,0.1623560041189193,0.1686470061540603,0.1601220071315765,0.165484994649887,935006164,DOGECOIN,-0.018908001523568085,-0.019089043511698395,0.04609940040902486,0.03780539980232995,0.17383671445505952,0.17022816638151803,1.0211983019628723
2022-01-20,0.1552039980888366,0.168845996260643,0.1551759988069534,0.1623460054397583,469269658,DOGECOIN,-0.04405137998373099,-0.04505111212789343,0.03955255691081427,0.03835854934050246,0.17143114336899343,0.16969579954942066,1.0102262037373966
2022-01-21,0.1426399946212768,0.1571560055017471,0.1414960026741027,0.1552630066871643,1163061854,DOGECOIN,-0.08095154520676928,-0.08441643245248649,0.02814836014748774,0.040987170147568336,0.16558699948447084,0.16867666592200595,0.9816829054531838
2022-01-22,0.1328919976949691,0.1450269967317581,0.1228159964084625,0.1426510065793991,1693524581,DOGECOIN,-0.06833985764083628,-0.07078718492009627,0.02269350199536377,0.04043794082180369,0.1581282849822725,0.16695673267046607,0.9471213436739991
2022-01-23,0.141863003373146,0.1430719941854477,0.1328189969062805,0.1329600065946579,1006234946,DOGECOIN,0.06750598857553736,0.06532507601173367,0.04842569847666553,0.04260392169180827,0.15308357136590134,0.1654647663235664,0.9251732242896131
2022-01-24,0.1377979964017868,0.1419509947299957,0.1272200047969818,0.1418810039758682,1446873574,DOGECOIN,-0.02865445447159254,-0.029073008364240194,0.04841622135542942,0.042352362279275045,0.1483197127069745,0.16370279937982557,0.9060303994120528
2022-01-25,0.1430490016937255,0.1472360044717788,0.1332349926233291,0.1377840042114257,1347567750,DOGECOIN,0.038106543121483316,0.03739842217521971,0.05478722392395459,0.04324430179531228,0.1451145708560943,0.16213709960381187,0.8950115131619305
2022-01-26,0.143788993358612,0.1526030004024505,0.1421519964933395,0.1430139988660812,1253108115,DOGECOIN,0.005172994261580799,0.005159660291364669,0.05567384538359052,0.04332235997038984,0.14246214074747895,0.1606732328732808,0.8866575857089742
2022-01-27,0.1412470042705536,0.1450099945068359,0.1369470059871673,0.1437560021877288,608707586,DOGECOIN,-0.01767860688556777,-0.017836739942889427,0.054351483210007136,0.041526177881298205,0.14046828448772425,0.15957756638526913,0.8802508251604162
2022-01-28,0.1416559964418411,0.1424130052328109,0.1383800059556961,0.1412439942359924,506667466,DOGECOIN,0.0028955812082505084,0.002891397088011057,0.04447538429393331,0.0411644007751868,0.14032771331923347,0.15870726605256397,0.884192115518875
2022-01-29,0.1430560052394867,0.1439840048551559,0.1414799988269806,0.14164899289608,397610776,DOGECOIN,0.009883159434202815,0.009834640432777398,0.032106995561343214,0.040966873055017505,0.14177971439702167,0.1577653661370277,0.898674518169459
2022-01-30,0.1394709944725036,0.1435150057077407,0.1387539952993393,0.1430570036172866,363976741,DOGECOIN,-0.02506019066435905,-0.025379543904639822,0.023439794938969197,0.04111792947958255,0.14143799883978705,0.1567311992247899,0.9024240198464331
2022-01-31,0.1418049931526184,0.1422639936208725,0.1368529945611953,0.1394689977169037,412307174,DOGECOIN,0.016734652885657564,0.01659617140620944,0.021018534693931404,0.04115192501001412,0.1420104269470487,0.155690199136734,0.9121346605917622
2022-02-01,0.1426309943199157,0.144128993153572,0.1411249935626983,0.1418049931526184,409432267,DOGECOIN,0.005824908904359161,0.00580800971489062,0.015285698327431235,0.041128519803020465,0.14195071160793302,0.15463113238414122,0.9179956805547607
2022-02-02,0.1372350007295608,0.1452530026435852,0.1369179934263229,0.1426260024309158,483194691,DOGECOIN,-0.037831844446459484,-0.03856604571909543,0.020627407212820414,0.04140945049539806,0.14101442694664,0.15353603263696028,0.918445165768169
2022-02-03,0.1375409960746765,0.1387470066547393,0.1355649977922439,0.1372130066156387,383506507,DOGECOIN,0.0022297179545232026,0.0022272358223964636,0.020205931781930066,0.04144466630536674,0.14048499720437183,0.15249396562576287,0.9212495499601447
2022-02-04,0.1475030034780502,0.1475919932126999,0.137250006198883,0.1375229954719543,580740990,DOGECOIN,0.07242936788072196,0.06992651219746536,0.03463696614149115,0.042600058460036595,0.14132028392383028,0.1520967324574788,0.9291474027118811
2022-02-05,0.1471409946680069,0.1501400023698806,0.1454100012779235,0.1475329995155334,587009429,DOGECOIN,-0.002454247042482649,-0.0024572636434221392,0.03470854554485893,0.0425762354293597,0.14190385384219031,0.15166099915901815,0.935664769644585
2022-02-06,0.1537699997425079,0.1547749936580658,0.1452579945325851,0.1471399962902069,757004142,DOGECOIN,0.04505206104837045,0.04406670336088343,0.03482871465649641,0.04301806396288975,0.14394656888076235,0.1516192326943079,0.949395181091471
2022-02-07,0.1655779927968979,0.1715860068798065,0.1517409980297088,0.1538030058145523,1791358822,DOGECOIN,0.07678996601523558,0.07398436152839064,0.0416446681803144,0.044912312741918356,0.14734271168708798,0.15207336594661072,0.9688922893889023
2022-02-08,0.1584050059318542,0.1691450029611587,0.1537089943885803,0.1656060069799423,1190116000,DOGECOIN,-0.04332089514964865,-0.044287257395366715,0.04863665969163663,0.04571048912587554,0.1495961419173649,0.15231803258260085,0.9821302138749731
2022-02-09,0.1591230034828186,0.1607040017843246,0.1550350040197372,0.1583569943904876,778670798,DOGECOIN,0.004532669575311843,0.004522427964801735,0.0431464120845083,0.044561202647121975,0.15272299945354462,0.15284349918365472,0.9992116136390903
2022-02-10,0.1518889963626861,0.1604370027780532,0.1514970064163208,0.1591449975967407,1053630584,DOGECOIN,-0.0454617306222076,-0.046527542981726455,0.050085499186102875,0.043757827704309984,0.1547727137804031,0.15279316554466876,1.012955738096516
2022-02-11,0.1448470056056976,0.1540690064430236,0.1433490067720413,0.1518950015306472,776730555,DOGECOIN,-0.04636274467291479,-0.047471915347900524,0.047914229116860746,0.04340537328500725,0.15439328551292417,0.15223299910624816,1.0141906578689177
2022-02-12,0.1444050073623657,0.1470129936933517,0.1416780054569244,0.1448560059070587,602699408,DOGECOIN,-0.0030514834703253557,-0.0030561487390878507,0.04791447523385397,0.041582641529948214,0.15400243018354684,0.15131173282861707,1.0177824766436148
2022-02-13,0.14894799888134,0.1573539972305297,0.1440310031175613,0.1443790048360824,1581065491,DOGECOIN,0.031460069162104976,0.030975341351947117,0.04600306312332638,0.04003479781313404,0.15331357291766573,0.15015836606423058,1.0210125278806343
2022-02-14,0.1460029929876327,0.1501320004463195,0.1436489969491958,0.1488689929246902,898042727,DOGECOIN,-0.01977204068416827,-0.01997012282062356,0.03029431581131165,0.03999401131101547,0.15051714437348498,0.14885503252347307,1.0111659768691381
2022-02-15,0.151760995388031,0.1521990001201629,0.1452029943466186,0.1459960043430328,674961496,DOGECOIN,0.039437564138743664,0.03867976315346285,0.03425470262476246,0.04027670825725631,0.14956800001008166,0.14800786574681596,1.010540887508874
2022-02-16,0.1490949988365173,0.1518239974975586,0.1467709988355636,0.1517789959907531,505588732,DOGECOIN,-0.017567073441348557,-0.01772320570278395,0.0341343752921505,0.039967187688956886,0.14813542791775292,0.14727286547422405,1.005856899984606
2022-02-17,0.1385519951581955,0.1498890072107315,0.1380710005760193,0.1490499973297119,721382126,DOGECOIN,-0.07071332882119152,-0.07333800738320279,0.040006814607045964,0.04158650178530211,0.14623014203139711,0.146375098824501,0.9990096895286972
2022-02-18,0.1387680023908615,0.142096996307373,0.1369599997997284,0.1385940015316009,563817289,DOGECOIN,0.001559033721740155,0.0015578196903142175,0.037184539482230654,0.04153187769418155,0.14536171300070627,0.1455888321002324,0.9984399964183395
2022-02-19,0.1412059962749481,0.145906001329422,0.1387510001659393,0.1387639939785003,655782652,DOGECOIN,0.017568847587930314,0.017416299522624582,0.038255800812594304,0.041029609508881695,0.14490471141678943,0.14512223203976946,0.9985011212966982
2022-02-20,0.1368680000305175,0.141196995973587,0.1358519941568374,0.141196995973587,490138547,DOGECOIN,-0.03072104838936096,-0.03120283276047316,0.036159142039307535,0.038465321886401796,0.14317899729524336,0.1449298322200775,0.9879194304028761
2022-02-21,0.128490000963211,0.1413449943065643,0.1282459944486618,0.1368380039930343,913773124,DOGECOIN,-0.06121225608205316,-0.06316587014167226,0.041080428866629486,0.038013609933994594,0.14067714129175454,0.14478309899568556,0.9716406284130348
2022-02-22,0.1315529942512512,0.1316960006952285,0.1253650039434433,0.128488004207611,711967119,DOGECOIN,0.023838378590386844,0.02355868075248761,0.03785895164800246,0.03621854381925266,0.1377902839865003,0.1444394320249557,0.9539658392085993
2022-02-23,0.1278460025787353,0.1353369951248169,0.1278460025787353,0.1315609961748123,587472906,DOGECOIN,-0.02817869478087265,-0.028583333789930342,0.03795271793319404,0.0362062705885581,0.13475471309253145,0.14410769889752068,0.9350972510383334
2022-02-24,0.1238130033016204,0.1278509944677353,0.109554998576641,0.127820998430252,2046477370,DOGECOIN,-0.03154575970907758,-0.03205404527307255,0.03125593655237309,0.03578521673317555,0.13264914282730642,0.14346649895111716,0.9246001247476144
2022-02-25,0.1275759935379028,0.1281809955835342,0.1209829971194267,0.1238429993391037,805161073,DOGECOIN,0.03039252853850405,0.029939825311484747,0.03547899133338623,0.0363055746542895,0.1310502844197409,0.1429260656237602,0.9169096193042827
2022-02-26,0.1276469975709915,0.1300709992647171,0.1261990070343017,0.1275680065155029,535575654,DOGECOIN,0.0005565626503829524,0.0005564078268343912,0.033674545220920574,0.036218840771252495,0.12911328460488994,0.14247273206710812,0.9062315485329112
2022-02-27,0.1231110021471977,0.1282349973917007,0.1220529973506927,0.1276389956474304,592809151,DOGECOIN,-0.0355354650725026,-0.036182217734903245,0.03413752259228393,0.03668529003468199,0.1271479991929871,0.14185456559062,0.896326450006024
2022-02-28,0.1331560015678405,0.1344790011644363,0.1219540014863014,0.1231179982423782,765755924,DOGECOIN,0.08159302779968036,0.07843498009466189,0.04198335936689762,0.03964005065034433,0.1278145707079342,0.14152456546823178,0.9031263956547877
2022-03-01,0.1339379996061325,0.1377300024032592,0.1304620057344436,0.1331740021705627,876604512,DOGECOIN,0.005872796036862082,0.005855618391278076,0.041211934773463584,0.03942502951404292,0.12815528575863153,0.1413401323060194,0.9067154789494536
2022-03-02,0.1329900026321411,0.1362140029668808,0.1312319934368133,0.1339640021324157,709536320,DOGECOIN,-0.00707787914392588,-0.007103046153524182,0.03925940239340799,0.03929025432872753,0.12889014290911807,0.14104629928867016,0.9138144251862087
2022-03-03,0.129610002040863,0.133649006485939,0.127810001373291,0.1329980045557022,518193386,DOGECOIN,-0.025415448713294708,-0.02574400003562616,0.038310766380244485,0.03949196189206691,0.12971828558615273,0.14061226621270176,0.9225246778252625
2022-03-04,0.122590996325016,0.1298560053110122,0.1215440034866333,0.1296309977769851,650665594,DOGECOIN,-0.054154815255956,-0.055676375813228506,0.04297655135802464,0.040138723929058887,0.1290061431271689,0.14012413273255028,0.9206561397485908
2022-03-05,0.1249959990382194,0.1253750026226043,0.1215720027685165,0.1226140037178993,334091552,DOGECOIN,0.019618102350903444,0.019428147727559172,0.04401341540568557,0.04034951851158058,0.1286274290510586,0.13970596616466838,0.9207010450752564
2022-03-06,0.1207659989595413,0.1256110072135925,0.1203840002417564,0.1250250041484832,400458464,DOGECOIN,-0.033841083804488026,-0.03442694878066259,0.043797319625909756,0.03827377578875877,0.1282924285956791,0.13881473268071806,0.9241989385288025
2022-03-07,0.1171049997210502,0.1225629970431327,0.1150150001049041,0.1207690015435218,513014829,DOGECOIN,-0.030314817664180538,-0.030783814456821185,0.025821799479473866,0.038515003150600434,0.12599942833185193,0.13781353284915285,0.9142747140062628
2022-03-08,0.117028996348381,0.1197239980101585,0.1158379986882209,0.1171059980988502,491414294,DOGECOIN,-0.0006490190243818583,-0.0006492297284010736,0.024906330441644104,0.03729196002153642,0.12358385643788741,0.1365888327360153,0.9047874116966608
2022-03-09,0.1215879991650581,0.1237339973449707,0.1167659983038902,0.1170469969511032,519157507,DOGECOIN,0.038956181450155336,0.03821653745504277,0.033131190923155356,0.035048306947913214,0.12195499879973272,0.13512249961495396,0.9025513822439384
2022-03-10,0.1168849989771843,0.1216119974851608,0.1155320033431053,0.1215720027685165,513641345,DOGECOIN,-0.03867980573879981,-0.039447736889571504,0.03440359093673043,0.034897259928136956,0.12013714121920718,0.13373849938313162,0.8982988576463722
2022-03-11,0.1156020015478134,0.1182930022478103,0.1145699992775917,0.1168930009007453,388727358,DOGECOIN,-0.010976579035786527,-0.011037266179549777,0.029317044933161437,0.03478740168370304,0.11913871339389252,0.13228779931863144,0.9006024290035416
2022-03-12,0.1151359975337982,0.1172389984130859,0.1151319965720176,0.1156079992651939,235277001,DOGECOIN,-0.004031106795520767,-0.004039253607669624,0.02684380538581697,0.03413519446833053,0.11773014175040378,0.13106269935766854,0.8982734395628433
2022-03-13,0.1116079986095428,0.1162310019135475,0.1106859967112541,0.1150799989700317,373430106,DOGECOIN,-0.030642014659400973,-0.031121297400759994,0.026403609970119753,0.033630422967561795,0.11642185598611829,0.1299547324577967,0.8958646890672237
2022-03-14,0.11404799669981,0.1189669966697692,0.1108170002698898,0.1116070002317428,822092169,DOGECOIN,0.02186221525935128,0.02162666396403189,0.027360185694970545,0.03407202451221602,0.11598514126879825,0.12894283210237817,0.8995082501112449
2022-03-15,0.1127839982509613,0.1142129972577095,0.1109369993209838,0.1140429973602294,400614617,DOGECOIN,-0.011083039469564016,-0.011144913947780128,0.027447546914326992,0.03327476201285729,0.11537871296916688,0.12773736541469888,0.9032495119543943
2022-03-16,0.116907998919487,0.116907998919487,0.1123640015721321,0.1127789989113807,537170937,DOGECOIN,0.03656547677401156,0.03591282192985833,0.026846343701826817,0.03420630444845174,0.11471014150551385,0.12676753227909404,0.9048858129774556
2022-03-17,0.1165020018815994,0.118709996342659,0.1162810027599334,0.116907000541687,412838814,DOGECOIN,-0.0034727909265405144,-0.0034788350623541015,0.022356534746985273,0.03309556624417858,0.11465542763471602,0.12559223249554632,0.9129181427584055
2022-03-18,0.1193059980869293,0.1193749979138374,0.1145680025219917,0.1164899989962577,410862503,DOGECOIN,0.024068223378509668,0.023783148791085586,0.02345971170458305,0.033574360703125666,0.11518456999744686,0.12459926580389338,0.9244401983775387
2022-03-19,0.1235689967870712,0.1245729997754097,0.1185299977660179,0.119277998805046,628081786,DOGECOIN,0.03573163770890875,0.035108073320910135,0.02564736669561607,0.032036315453637165,0.11638928417648585,0.1240998325248559,0.9378681808710281
2022-03-20,0.1191539987921714,0.1239190027117729,0.1179910004138946,0.1235790029168129,428111799,DOGECOIN,-0.035729010590800026,-0.03638291452977732,0.027093092582564923,0.032561490062569774,0.11746728420257567,0.12344603240489957,0.9515679193097615
2022-03-21,0.1193389967083931,0.1213319972157478,0.118306003510952,0.1191459968686103,439486516,DOGECOIN,0.0015525951130215265,0.0015513910833150199,0.026635168306219908,0.03231140743760294,0.11822314134665897,0.12271713241934773,0.9633792691852353
2022-03-22,0.1224810034036636,0.1253499984741211,0.1190140023827552,0.1193329989910125,610507111,DOGECOIN,0.026328415538367844,0.025987788647023082,0.026235001099864805,0.03243614504406967,0.11960842779704499,0.12223756586511927,0.9784915704966233
2022-03-23,0.1297270059585571,0.1307130008935928,0.1213610023260116,0.1224870011210441,998922753,DOGECOIN,0.059160215490827506,0.057476344591503366,0.030465433163548265,0.03228787342577801,0.12143971451691216,0.12227879936496414,0.9931379368098997
2022-03-24,0.1365499943494796,0.1406050026416778,0.1284549981355667,0.129721999168396,2017926806,DOGECOIN,0.05259497311687111,0.05125851824389502,0.0319608579034589,0.033353824875606064,0.12430371344089504,0.12244536603490506,1.01517695169828
2022-03-25,0.1310130059719085,0.1372749954462051,0.1287820041179657,0.1366029977798462,882486375,DOGECOIN,-0.04054916592233593,-0.041394206037810445,0.0400558196390787,0.03382750067903287,0.12597614313874922,0.12255093281467752,1.0279492799067578
2022-03-26,0.1358679980039596,0.1364949941635131,0.1298779994249344,0.1310099959373474,610401998,DOGECOIN,0.03705732874407963,0.03638721098266318,0.04017424769940335,0.033842164133543066,0.12773314331259042,0.12295276597142217,1.0388797869116613
2022-03-27,0.1447319984436035,0.1448580026626587,0.1357029974460601,0.135900005698204,1445019558,DOGECOIN,0.06523979575665462,0.06319993415149155,0.037053997171826884,0.03526667759015555,0.131387143262795,0.12352463280161219,1.0636513566796872
2022-03-28,0.142656996846199,0.1527370065450668,0.1424569934606552,0.1447249948978424,1476875507,DOGECOIN,-0.014336854460093917,-0.01444062013430985,0.03936184713647839,0.035426119977360275,0.13471828613962442,0.12402496611078577,1.086219092527603
2022-03-29,0.1444700062274933,0.1485590040683746,0.1412899941205978,0.1425569951534271,961074557,DOGECOIN,0.012708871078008999,0.012628791145926166,0.03965679831925883,0.034643224120129,0.13785957225731438,0.12473693291346229,1.1052025173086153
2022-03-30,0.1432099938392639,0.1449970006942749,0.1398800015449524,0.144455999135971,884305263,DOGECOIN,-0.008721619256008672,-0.008759875175363554,0.038094589334106865,0.0318431979779193,0.13978571338312965,0.1250720659891764,1.117641355626336
2022-03-31,0.13782599568367,0.1472200006246566,0.1371719986200332,0.1431840062141418,1055136949,DOGECOIN,-0.03759512874245907,-0.038320052761804196,0.03858445708247167,0.03268931530570169,0.13996799928801398,0.12520166585842765,1.1179403910350796
2022-04-01,0.1413149982690811,0.1423940062522888,0.1332090049982071,0.137922003865242,877530017,DOGECOIN,0.025314546563616647,0.02499944021017407,0.03424880281270113,0.0329409473372944,0.14143971247332435,0.1254791657129923,1.1271967873681794
2022-04-02,0.1389130055904388,0.1440690010786056,0.1388819962739944,0.1413100063800811,682408266,DOGECOIN,-0.016997436281098843,-0.017143550782520854,0.033556188636309,0.03272768698624354,0.14187471355710707,0.1257892658313115,1.127876155564552
2022-04-03,0.1464529931545257,0.1485580056905746,0.1370880007743835,0.1389030069112777,1047399132,DOGECOIN,0.054278485531565446,0.05285663299168604,0.030566635482574902,0.032089158602369355,0.14212056994438169,0.1265846657256285,1.1227313287094913
2022-04-04,0.1485909968614578,0.1553120017051696,0.1420080065727234,0.1464129984378814,2253509569,DOGECOIN,0.014598566139759628,0.0144930329223296,0.029972538986259428,0.03203016167207078,0.14296828423227578,0.12737116565306977,1.1224540774141067
2022-04-05,0.1729069948196411,0.1780450046062469,0.1477269977331161,0.1486140042543411,5230288678,DOGECOIN,0.16364381740338474,0.15155630368771905,0.06301453799378941,0.040785033362924675,0.1470307111740112,0.12910919884840644,1.1388089499854097
2022-04-06,0.1434170007705688,0.1734970062971115,0.1432909965515136,0.1724849939346313,3729047979,DOGECOIN,-0.1705540835975622,-0.186997371715436,0.10273607253744158,0.054197518942947234,0.14706028359276901,0.12998626555005707,1.131352477667241
2022-04-07,0.1461019963026046,0.1480280011892318,0.1413120031356811,0.143432006239891,1420790611,DOGECOIN,0.018721598678047346,0.018548506586084337,0.10142185015373859,0.05422039772586587,0.148242569395474,0.13095536554853118,1.132008366167603
2022-04-08,0.142548993229866,0.1527159959077835,0.1416079998016357,0.1461060047149658,1683800631,DOGECOIN,-0.02431864835973674,-0.02461922985168069,0.10179592168200903,0.05420241954401051,0.14841885438987182,0.13165406535069143,1.127339698888321
2022-04-09,0.1443029940128326,0.1444620043039322,0.141415998339653,0.1425440013408661,523997409,DOGECOIN,0.012304546971708241,0.01222946133599029,0.10151674552504707,0.05354844483808114,0.1491888527359281,0.1325679985185464,1.1253760666459518
2022-04-10,0.1495350003242492,0.1569720059633255,0.1438630074262619,0.1443040072917938,1931829669,DOGECOIN,0.0362570877146966,0.0356152672169045,0.10037727052649902,0.05368308358775796,0.14962913947446002,0.13369909847776093,1.1191484548368054
2022-04-11,0.1346540004014969,0.1512919962406158,0.1338180005550384,0.1493739932775497,1515679359,DOGECOIN,-0.09951516294168328,-0.10482195286623093,0.10794088349486312,0.05751652324132028,0.14763813998017988,0.13434969857335088,1.0989093503590848
2022-04-12,0.1380760073661804,0.1441220045089721,0.1342429965734481,0.1346520036458969,1214105682,DOGECOIN,0.025413333094301827,0.025095783105534782,0.08339136506119722,0.057206641468864436,0.1426622846296855,0.13523196553190547,1.0549449907686728
2022-04-13,0.1400800049304962,0.1426080018281936,0.1370670050382614,0.1380700021982193,890728707,DOGECOIN,0.014513727638438612,0.014409411624848342,0.04850094786223301,0.05715857301526024,0.14218557093824655,0.136099699139595,1.044716276649586
2022-04-14,0.1439200043678283,0.1466329991817474,0.1381009966135025,0.1400530040264129,1759067761,DOGECOIN,0.02741290192870438,0.02704389681596605,0.04924126137782079,0.057169166732587075,0.1418738578047071,0.13713756601015722,1.0345367934720313
2022-04-15,0.146026000380516,0.1492870002985,0.142766997218132,0.1439169943332672,1140382087,DOGECOIN,0.014633101367237389,0.014527070659897064,0.0484811318147876,0.05694362633779222,0.14237057311194282,0.1381081660588582,1.0308628169841028
2022-04-16,0.1437119990587234,0.1478109955787658,0.1420930027961731,0.1460170000791549,584019179,DOGECOIN,-0.015846502100740678,-0.015973400295591,0.04880005150523103,0.057071586879739115,0.14228614526135577,0.13901516596476235,1.0235296578894317
2022-04-17,0.1394589990377426,0.1447090059518814,0.1389950066804886,0.1436930000782013,636442285,DOGECOIN,-0.029593910382131328,-0.030040646003202023,0.046957186817811365,0.057370915033198584,0.14084671650614053,0.1396869326631228,1.0083027368480826
2022-04-18,0.1402859985828399,0.1404609978199005,0.1343840062618255,0.1394709944725036,909718484,DOGECOIN,0.005930055075710872,0.005912541502638202,0.021340648255400663,0.05709308519327425,0.14165128767490384,0.14024416605631507,1.010033370072761
2022-04-19,0.1426649987697601,0.1441410034894943,0.139500007033348,0.140296995639801,679511647,DOGECOIN,0.016958215438124258,0.01681603012415981,0.02030048486684526,0.05661232690176785,0.14230685787541522,0.14102786605556802,1.0090690716354118
2022-04-20,0.1408780068159103,0.1462409943342209,0.1395950019359588,0.1426769942045211,1068542289,DOGECOIN,-0.012525790973676232,-0.012604899989623887,0.020704301927215688,0.05670962368524817,0.14242085814476008,0.14174583305915192,1.0047622217248986
2022-04-21,0.136364996433258,0.1424479931592941,0.1352549940347671,0.140867993235588,740549793,DOGECOIN,-0.03203488241106078,-0.03255922790347253,0.02037143624849733,0.05698807285210669,0.14134157129696434,0.14220863282680504,0.9939028910368846
2022-04-22,0.1363950073719024,0.1379079967737198,0.1349849998950958,0.1363569945096969,505251263,DOGECOIN,0.00022007802170187496,0.0002200538080865814,0.018390774109296185,0.056072210386262436,0.13996571515287667,0.14243089954058324,0.9826920675523491
2022-04-23,0.1342409998178482,0.1364949941635131,0.1338099986314773,0.1363870054483413,349740069,DOGECOIN,-0.01579242228552369,-0.015918451215464795,0.018387685012761314,0.05536048028156073,0.13861271526132307,0.1423539330561955,0.9737189010900348
2022-04-24,0.1319469958543777,0.1346900016069412,0.1315020024776458,0.1342020034790039,436620221,DOGECOIN,-0.01708869843477967,-0.01723639529148737,0.016579507714602558,0.054920106939723455,0.13753957194941382,0.14238506605227783,0.9659690848400847
2022-04-25,0.1579589992761612,0.1677349954843521,0.1238690018653869,0.1319359987974167,5177823685,DOGECOIN,0.1971397927883971,0.1799352057121063,0.07350486015347064,0.06372573950905787,0.14006428633417398,0.1431214327613512,0.9786394925749878
2022-04-26,0.1377670019865036,0.1652780026197433,0.1374240070581436,0.1577769964933395,4529010503,DOGECOIN,-0.1278306230236097,-0.13677163428341238,0.09370016877547685,0.06776119936506103,0.13936457250799447,0.14288926621278122,0.9753326908437054
2022-04-27,0.1396999955177307,0.1454049944877624,0.1362719982862472,0.1378470063209533,1765370972,DOGECOIN,0.014030889134224456,0.013933367362040197,0.09387746098397536,0.06777444554388554,0.1391962851796831,0.1427906995018323,0.9748273918771365
2022-04-28,0.137363001704216,0.1426180005073547,0.1360580027103424,0.1396909952163696,1105137506,DOGECOIN,-0.016728660619163005,-0.016870165001235605,0.09318873509056301,0.06778841480892868,0.13933885736124854,0.1425537993510564,0.9774475180286801
2022-04-29,0.1350270062685012,0.1446429938077926,0.134099006652832,0.137375995516777,1555397213,DOGECOIN,-0.01700600166517119,-0.017152264311565333,0.09344523690779669,0.06783593285061136,0.13914342863219123,0.14228103309869763,0.9779478374722659
2022-04-30,0.1275569945573806,0.1365280002355575,0.126239001750946,0.1350329965353012,916612071,DOGECOIN,-0.05532235304296451,-0.0569115240123011,0.09575965796985879,0.06826311892636715,0.13818857073783872,0.14193873306115465,0.9735790066429566
2022-05-01,0.1327729970216751,0.1348209977149963,0.1275330036878585,0.127589002251625,991710768,DOGECOIN,0.04089154406933071,0.04007759983382298,0.09720739990645823,0.06852818311659101,0.13830657090459547,0.14165399968624112,0.9763689780093743
2022-05-02,0.1309379935264587,0.1337829977273941,0.1282999962568283,0.1327939927577972,769062732,DOGECOIN,-0.013820607626389814,-0.013917001401502111,0.056994059430350616,0.06850625215329562,0.13444642722606656,0.1413881659507751,0.950902972126215
2022-05-03,0.1295199990272522,0.1318330019712448,0.1273989975452423,0.1309349983930587,555706527,DOGECOIN,-0.010829511442910444,-0.01088857742619837,0.029961018785321376,0.06773124422767464,0.1332682839461735,0.14082373281319932,0.9463481849536823
2022-05-04,0.1358090043067932,0.1358090043067932,0.1293130069971084,0.129513993859291,838050627,DOGECOIN,0.04855624866255415,0.04741421671398916,0.036217628566800913,0.06830704554988262,0.13271242805889671,0.14039766639471052,0.9452609253902574
2022-05-05,0.1284299939870834,0.1373129934072494,0.1266970038414001,0.1358129978179931,1258066467,DOGECOIN,-0.05433373403607744,-0.05586555656662874,0.04117989036977482,0.062362518818642985,0.13143628409930636,0.13891509970029192,0.9461626877342992
2022-05-06,0.1279010027647018,0.1293050050735473,0.1245660036802291,0.1284029930830001,839005988,DOGECOIN,-0.004118907164589736,-0.004127413227863107,0.04107622569478812,0.0526350702152254,0.13041828359876356,0.13839789976676303,0.9423429388636155
2022-05-07,0.1275320053100586,0.1319199949502945,0.1253650039434433,0.1278900057077407,746383231,DOGECOIN,-0.0028850239377875564,-0.0028891936410753065,0.03491156424435027,0.05246621508975511,0.13041471370628901,0.1377789000670115,0.9465506956642799
2022-05-08,0.1242069974541664,0.1280169934034347,0.1239740028977394,0.1275269985198974,728953161,DOGECOIN,-0.02607194835373572,-0.02641784701438751,0.031008618999584892,0.052490983263279056,0.12919099948235918,0.1371675002078215,0.9418484647356175
2022-05-09,0.104823999106884,0.1251360028982162,0.104823999106884,0.1242000013589859,1353326367,DOGECOIN,-0.1560539965104213,-0.16966676334087172,0.06822651722864292,0.06039180289224108,0.12546042885099137,0.13585153371095654,0.92351131727321
2022-05-10,0.1084769964218139,0.1177750006318092,0.1008810028433799,0.1047080010175705,1723066438,DOGECOIN,0.03484886424916023,0.03425539117462315,0.0725281373408303,0.0603563759438047,0.12245428562164304,0.13448293358087537,0.9105563238476014
2022-05-11,0.0845810025930404,0.11056499928236,0.0800359994173049,0.1084489971399307,2556008051,DOGECOIN,-0.22028627835392567,-0.24882845019879427,0.10302572831742472,0.07258737880457973,0.1151359996625355,0.13281383365392682,0.8668976453352406
2022-05-12,0.0826710015535354,0.089028000831604,0.0700369998812675,0.0846360027790069,2631064083,DOGECOIN,-0.02258191533499454,-0.02284079148831834,0.1044021833128637,0.07218944794160696,0.1085990007434572,0.13096700012683865,0.8292088895544791
2022-05-13,0.0883309990167617,0.0942540019750595,0.0823709964752197,0.0826390013098716,1444350618,DOGECOIN,0.06846412111701627,0.06622221647394777,0.11395506270451584,0.07357572114717842,0.10294614306518005,0.12924203326304748,0.7965376314968121
2022-05-14,0.0897959992289543,0.0915979966521263,0.0844829976558685,0.0883409976959228,902479951,DOGECOIN,0.01658534635065778,0.016449311555989887,0.11559167737157752,0.07339030942163387,0.09755528505359372,0.12743789975841835,0.7655123416073826
2022-05-15,0.0928430035710334,0.0928430035710334,0.0868759974837303,0.0897850021719932,651900826,DOGECOIN,0.03393251779859474,0.03336951070562327,0.11976814512143082,0.07373793189522812,0.09307471449886043,0.1256651331981023,0.7406566334683674
2022-05-16,0.0878409966826438,0.0930610001087188,0.0864280015230178,0.0928670018911361,606521740,DOGECOIN,-0.05387597014310952,-0.05538160873909901,0.10644574447926812,0.07410421429728867,0.09064857129539756,0.12380276645223297,0.7322014999589904
2022-05-17,0.0902130007743835,0.0911120027303695,0.0874840021133422,0.0878359973430633,560800173,DOGECOIN,0.027003383173228368,0.026645225170039394,0.10577343616847229,0.07446646703187906,0.08803942906005036,0.12216123317678766,0.7206822227526357
2022-05-18,0.0836490020155906,0.0907969996333122,0.0836490020155906,0.0902210026979446,558257804,DOGECOIN,-0.07276111760442394,-0.07554405255158357,0.051247184699382754,0.0751774168471209,0.08790628612041466,0.12027333329121269,0.7308875850939537
2022-05-19,0.0867229998111724,0.0871239975094795,0.0820870026946067,0.083635002374649,613801947,DOGECOIN,0.036748768323725756,0.03608963212698602,0.05200777176883434,0.07555982836141172,0.08848514301436282,0.11840859999259308,0.7472864557126586
2022-05-20,0.083976998925209,0.0877500027418136,0.0828590020537376,0.0867189988493919,518556378,DOGECOIN,-0.031664044047628015,-0.03217618998335343,0.046261666135876775,0.07560868362694703,0.08786314300128385,0.11651189972956971,0.7541130408586493
2022-05-21,0.0844630002975463,0.0851100012660026,0.0829320028424263,0.0839719995856285,335246011,DOGECOIN,0.005787315319164321,0.005770633142262437,0.04552115851171341,0.07566481049205881,0.08710128601108272,0.11478183319171266,0.7588420884130949
2022-05-22,0.0861049965023994,0.0864799991250038,0.0840580016374588,0.0844480022788047,375026021,DOGECOIN,0.019440420054564367,0.019253868966222595,0.04361736583721813,0.07588470614296736,0.08613871357270642,0.11310549949606255,0.7615784728107328
2022-05-23,0.0832530036568641,0.0881099998950958,0.0828580036759376,0.0860840007662773,507385171,DOGECOIN,-0.033122268873860716,-0.0336832329646635,0.04058348138410124,0.07595870965545856,0.08548328599759504,0.11140589962402975,0.7673138162887442
2022-05-24,0.083636999130249,0.084316998720169,0.0808110013604164,0.0832670032978057,462415724,DOGECOIN,0.00461239182393447,0.004601787340285499,0.038266714586955096,0.07605029587651417,0.08454385719129011,0.10979556639989213,0.770011576636606
2022-05-25,0.0829849988222122,0.0843380019068718,0.0823189988732338,0.0836279988288879,419834752,DOGECOIN,-0.007795596623707435,-0.007826141132401276,0.025657006646665675,0.06657335376212657,0.08444899959223605,0.10729643305142716,0.7870625070244381
2022-05-26,0.0782520025968551,0.0835999995470047,0.0760649964213371,0.0829939991235733,711890873,DOGECOIN,-0.05703435913154764,-0.05872543299503927,0.027675916639149336,0.06335901635759215,0.08323885713304788,0.10531259973843889,0.7903978948367548
2022-05-27,0.081335000693798,0.0853839963674545,0.0765819996595382,0.0782110020518302,1310057650,DOGECOIN,0.03939832840861768,0.03864201536368175,0.03270295352064435,0.06395769856524902,0.08286142881427487,0.10336709991097445,0.8016228460084474
2022-05-28,0.0818390026688575,0.0830480009317398,0.0811510011553764,0.0822480022907257,535539620,DOGECOIN,0.006196618562246403,0.006177498467413214,0.03272474258451093,0.06411036071908141,0.08248657201017648,0.10151629994312916,0.8125450992243275
2022-05-29,0.082685999572277,0.0830340012907981,0.0802989974617958,0.0818379968404769,394962471,DOGECOIN,0.01034955065186538,0.010296360732245626,0.03180283953065962,0.06430755122678176,0.08199814387730184,0.09977159971992171,0.8218585660397005
2022-05-30,0.0878710001707077,0.0882750004529953,0.0822689980268478,0.0826840028166771,690696756,DOGECOIN,0.06270711638308768,0.06081953588588883,0.03753032016216843,0.06533089796687083,0.08265785766499378,0.09844873324036593,0.8396030598299504
2022-05-31,0.0858649984002113,0.0882299989461898,0.0836120024323463,0.0878650024533271,672444588,DOGECOIN,-0.02282893977079259,-0.023093555029708626,0.03932958012380017,0.06459427060510955,0.0829761432749884,0.09688513328631715,0.8564383457034157
2022-06-01,0.081055998802185,0.0886470004916191,0.0798069983720779,0.0858549997210502,830748610,DOGECOIN,-0.056006518227740054,-0.05763601776274232,0.045755277756780816,0.06507139804819022,0.08270057184355595,0.09522240012884135,0.8684991318393293
2022-06-02,0.0827720016241073,0.0830070003867149,0.0804169997572898,0.0810519978404045,434510607,DOGECOIN,0.021170583883743932,0.02094960052939823,0.03911524842400448,0.0654161195051593,0.08334628599030626,0.09366413354873653,0.8898420647529767
2022-06-03,0.0804419964551925,0.082856997847557,0.079755999147892,0.0827770009636879,403339248,DOGECOIN,-0.028149677707397625,-0.02855347579018753,0.03859013307029684,0.06438194297608846,0.08321871395621974,0.09181856662034985,0.9063386308382633
2022-06-04,0.0817769989371299,0.0823369994759559,0.0797270014882087,0.0804539993405342,350329772,DOGECOIN,0.016595839744989682,0.016459633699833984,0.03912645745523826,0.06424811129939287,0.08320985628025868,0.0902634667853514,0.921855311386761
2022-06-05,0.0812290012836456,0.0821380019187927,0.080835998058319,0.0817760005593299,282624184,DOGECOIN,-0.0067011220833085305,-0.006723675413441604,0.03890030432862758,0.06423464363621559,0.08300171366759704,0.08870773340264952,0.9356761860980877
2022-06-06,0.0825299993157386,0.0845590010285377,0.0811259970068931,0.081225000321865,503707292,DOGECOIN,0.016016422848164735,0.015889513246285125,0.029201192308422542,0.06444920947838158,0.0822387135454586,0.08720766653617217,0.9430216036264136
2022-06-07,0.0805130004882812,0.0825299993157386,0.0783319994807243,0.0825299993157386,509642725,DOGECOIN,-0.024439583717199342,-0.024743187179373793,0.02934060418866281,0.06443926162791147,0.08147414241518287,0.08575119997064266,0.9501224757563269
2022-06-08,0.0794389992952346,0.0814199969172477,0.0791559964418411,0.0804919973015785,328046389,DOGECOIN,-0.013339475445371285,-0.013429245465068764,0.020645228027709395,0.05739024974589434,0.08124314248561852,0.08490503331025435,0.956870745091698
2022-06-09,0.0793360024690628,0.0808980017900466,0.0790819972753524,0.0794359967112541,274673852,DOGECOIN,-0.0012965524123611516,-0.0012973936636697138,0.01789488550167558,0.05682534148505766,0.08075228546346933,0.08393366684516265,0.962096480455665
2022-06-10,0.0754539966583252,0.0795210003852844,0.0748040005564689,0.0793349966406822,431520761,DOGECOIN,-0.04893120008474594,-0.05016887424251368,0.023432130071939606,0.03575471322622616,0.08003971406391684,0.08362943331400548,0.957075886947479
2022-06-11,0.0698949992656707,0.0763989984989166,0.0685959979891777,0.0754719972610473,497184012,DOGECOIN,-0.07367399526663976,-0.07652904934599025,0.031475327560325145,0.038012611470949684,0.07834228553942267,0.08320356657107665,0.9415736460347378
2022-06-12,0.0643360018730163,0.0703449994325637,0.06386099755764,0.0699189975857734,708156957,DOGECOIN,-0.07953354962526948,-0.08287472614895984,0.03768908695884607,0.03804579852641549,0.07592899990933277,0.08240373333295183,0.9214266980179414
2022-06-13,0.0539209991693496,0.0657019987702369,0.0530019998550415,0.0642749965190887,1465281537,DOGECOIN,-0.1618845187834861,-0.17659938224676383,0.0596403894716602,0.04827082513513918,0.07184199988842006,0.08120789999763166,0.8846676233533346
2022-06-14,0.0555920004844665,0.0581540018320083,0.0502669997513294,0.0539410002529621,908921329,DOGECOIN,0.030989806213879367,0.03051931770551601,0.06824632286551063,0.04817096975834607,0.06828185703073224,0.07996619989474608,0.8538839799891312
2022-06-15,0.0630000010132789,0.0634720027446746,0.050670001655817,0.0555769987404346,1122284662,DOGECOIN,0.13325659203219975,0.12509542774861832,0.09603093092079112,0.0541261606971699,0.06593342870473858,0.07913816670576726,0.8331432411099008
2022-06-16,0.0550290010869503,0.0629770010709762,0.0545080006122589,0.0629770010709762,724479688,DOGECOIN,-0.1265238063194397,-0.13527440372268368,0.10180836360156428,0.05815757170720273,0.062460999935865354,0.07796536671618615,0.8011377688152145
2022-06-17,0.0569950006902217,0.0579110011458396,0.0548980012536048,0.0550470016896724,383830484,DOGECOIN,0.03572660895960955,0.035103218046315735,0.10706628778607691,0.05778984614007538,0.05982400051185057,0.07707690000534052,0.7761599196089292
2022-06-18,0.0530119985342025,0.0577550008893013,0.049720000475645,0.0569790005683898,652345943,DOGECOIN,-0.0698833600804315,-0.07244528143082109,0.10684547658888865,0.05802123359428032,0.05741214326449797,0.07595319996277487,0.7558884061848087
2022-06-19,0.0603960007429122,0.0624720007181167,0.0513079985976219,0.053006999194622,1166163984,DOGECOIN,0.13928926305137623,0.13040461451477295,0.1217799770011886,0.06380229231157,0.056849285960197386,0.07516716669003164,0.7563047599576014
2022-06-20,0.0601769983768463,0.0611569993197917,0.0577070005238056,0.0603989996016025,499018791,DOGECOIN,-0.003626107082787322,-0.0036326973452301815,0.09717442843382836,0.06374019367460887,0.05774300013269692,0.07435763329267497,0.7765578001308606
2022-06-21,0.0655710026621818,0.0693240016698837,0.0593149997293949,0.0601750016212463,1051899538,DOGECOIN,0.08963564868351592,0.08584337309846854,0.10076581720845652,0.06596162698897745,0.059168571872370526,0.07367316683133439,0.8031224177973734
2022-06-22,0.0617109984159469,0.0657510012388229,0.0613889992237091,0.0656059980392456,633619298,DOGECOIN,-0.05886754951912865,-0.06067139427432339,0.09379706022742086,0.06649064338184477,0.05898442864418024,0.07295509998997046,0.8085031567675071
2022-06-23,0.0640320032835006,0.0646149963140487,0.0617030002176761,0.0617030002176761,434169751,DOGECOIN,0.03761087856510725,0.03692083831855533,0.07374787175227146,0.06699497003445606,0.060270571815116004,0.07230160012841219,0.8335994183817741
2022-06-24,0.0671240016818046,0.0681620016694068,0.0640039965510368,0.064019002020359,514729444,DOGECOIN,0.048288328331915986,0.04715867051372647,0.07425353736307792,0.06777306847743288,0.061717571956770696,0.07177290022373194,0.8599007670636609
2022-06-25,0.0685029998421669,0.0691120028495788,0.0653840005397796,0.067110002040863,432671864,DOGECOIN,0.020544039774316847,0.020335857431480087,0.061482676080830446,0.06723017905956369,0.06393057214362276,0.07144793346524232,0.8947854618457708
2022-06-26,0.0731770023703575,0.0769660025835037,0.0675040036439895,0.0684880018234252,883689355,DOGECOIN,0.06823062550486325,0.06600365870995116,0.04857368813071255,0.06801572965699779,0.06575642951897208,0.07117600018779431,0.9238567683696335
2022-06-27,0.0722389966249466,0.0783889964222908,0.0710180029273033,0.0731540024280548,962250061,DOGECOIN,-0.012818313336525389,-0.012901176789675443,0.04967514927573724,0.06801109331711604,0.06747957212584356,0.07085599998633062,0.9523480317667039
2022-06-28,0.0659570023417472,0.0729509964585304,0.0657230019569397,0.072221003472805,534793983,DOGECOIN,-0.08696126159966633,-0.09097696949502644,0.05841869626808219,0.069759749114938,0.06753471493721004,0.07029836674531297,0.9606868276454348
2022-06-29,0.0694679990410804,0.0713350027799606,0.0646350011229515,0.0659959986805915,592828738,DOGECOIN,0.05323159899143781,0.05186315103027322,0.05398667519652231,0.06947571662609259,0.06864285788365768,0.0696849333743254,0.9850458995910921
2022-06-30,0.0660860016942024,0.0695130005478859,0.0627460032701492,0.0694810003042221,566648029,DOGECOIN,-0.048684248770114125,-0.04990925132256272,0.0584173535388496,0.06985031124573231,0.06893628622804367,0.06902563348412509,0.9987055931025686
2022-07-01,0.0661749988794326,0.0678619965910911,0.0642239972949028,0.0662079975008964,472441458,DOGECOIN,0.0013466873914087518,0.0013457814212248635,0.05532757958877438,0.06925374564257103,0.06880071439913336,0.06852960015336668,1.00395616266781
2022-07-02,0.0666979998350143,0.0676919966936111,0.065932996571064,0.0662050023674964,352589827,DOGECOIN,0.007903301313757272,0.007872233811129607,0.05468451067150426,0.06911432415117565,0.06854285725525443,0.06799380009373023,1.0080751062709736
2022-07-03,0.0671790018677711,0.0673559978604316,0.0651109963655471,0.0666979998350143,280878240,DOGECOIN,0.007211641037911276,0.0071857615028050395,0.0459974020411064,0.06904149284143339,0.06768600004059923,0.06755170027414951,1.0019881034215967
2022-07-04,0.069472000002861,0.0696050003170967,0.0659269988536834,0.0671740025281906,379581122,DOGECOIN,0.03413266156593431,0.03356306724335863,0.04912825721648333,0.06930351904238596,0.0672907148088727,0.06714153364300723,1.0022218909484355
2022-07-05,0.0671550035476684,0.0698409974575042,0.0656969994306564,0.0694309994578361,403220687,DOGECOIN,-0.033351515072218674,-0.033920360547965704,0.03541873520541493,0.06949855227031743,0.06746185783829002,0.06667240038514133,1.0118408434162907
2022-07-06,0.068582996726036,0.0690580010414123,0.0664480030536651,0.06717199832201,398926503,DOGECOIN,0.021264136742304984,0.021041209683592202,0.02972840940377957,0.06956171475936555,0.06733542893614082,0.0662075002988179,1.017036266770867
2022-07-07,0.0706209987401962,0.0711240023374557,0.0680529996752739,0.0685790032148361,402591742,DOGECOIN,0.0297158495756793,0.029282889982888066,0.022595779041121034,0.06976335488710844,0.06798328565699709,0.06587776690721507,1.0319609915246142
2022-07-08,0.0692569985985755,0.0730089992284774,0.0685409978032112,0.0706180036067962,444369733,DOGECOIN,-0.019314370597315556,-0.019503330099316388,0.025084020196613117,0.06979935934702518,0.06842357133116037,0.0655383668839931,1.044023136131455
2022-07-09,0.0695120021700859,0.0700090005993843,0.0689949989318847,0.0692239999771118,254272147,DOGECOIN,0.0036819899312767745,0.0036752279995099805,0.02509599591513709,0.06981330710363669,0.06882557166474201,0.06521090020736053,1.0554304793506513
2022-07-10,0.0672629997134208,0.0695089995861053,0.0665329992771148,0.0695089995861053,299810124,DOGECOIN,-0.0323541602378552,-0.03288912666590465,0.029019100802716986,0.06949327602877774,0.06883757135697768,0.06493786697586372,1.0600528561026406
2022-07-11,0.0618470013141632,0.0672679990530014,0.0615350008010864,0.0672679990530014,326125900,DOGECOIN,-0.080519727373636,-0.08394668962537309,0.03882121644776604,0.06977348542020935,0.06774828583002086,0.06466960037748014,1.0476063781834164
2022-07-12,0.0600869990885257,0.0628610029816627,0.0600869990885257,0.0618509985506534,298462083,DOGECOIN,-0.028457357482818635,-0.028870117646531638,0.03849139567478585,0.06835261339544722,0.06673857090728619,0.06452796695133046,1.0342580753802928
2022-07-13,0.0619530007243156,0.0620109997689724,0.058398000895977,0.0600849986076355,446505400,DOGECOIN,0.0310549979878465,0.030582547926174663,0.04015023600503036,0.06010082836945117,0.06579142862132613,0.064795700336496,1.0153671968920643
2022-07-14,0.0623940005898475,0.0626320019364357,0.0597410015761852,0.0619329996407032,348090510,DOGECOIN,0.007118297102254978,0.0070930816156071184,0.036855932218130744,0.05990470189255712,0.06461614317127631,0.06502243367334201,0.9937515334460286
2022-07-15,0.0630419999361038,0.0642590001225471,0.0617469996213912,0.062399998307228,374357844,DOGECOIN,0.01038560342549566,0.01033204356139952,0.038308360984860707,0.055389103542619625,0.06372828621949464,0.06502383363743618,0.9800758068931259
2022-07-16,0.0642800033092498,0.0647249966859817,0.0618700012564659,0.0630370005965232,279644299,DOGECOIN,0.019637755375793375,0.019447422429962086,0.03991248863429554,0.04921621311755431,0.06298085781080377,0.0653322003781795,0.9640094386265144
2022-07-17,0.0631069988012313,0.0653939992189407,0.0631010010838508,0.0642879977822303,249697026,DOGECOIN,-0.018248357928284387,-0.018416912928813207,0.03896401893526812,0.04906390155504201,0.0623871433947767,0.06553593364854648,0.9519532250710582
2022-07-18,0.0677149966359138,0.0686739981174469,0.0631140023469924,0.0631140023469924,564795959,DOGECOIN,0.07301880809126016,0.07047599200496699,0.03275241887057456,0.04837988401858599,0.06322542844074107,0.06602603358527019,0.957583319904985
2022-07-19,0.0690129995346069,0.0698999986052513,0.0657519996166229,0.0676899999380111,552211168,DOGECOIN,0.019168617930709564,0.018987214477401187,0.027070104836999415,0.04260378468514173,0.06450057136160982,0.06631326687832668,0.972664662713076
2022-07-20,0.0701199993491172,0.0765739977359771,0.0679280012845993,0.0690149962902069,1019375521,DOGECOIN,0.016040453566362967,0.015913164865960016,0.026659684784681774,0.042625432700145606,0.06566728545086718,0.06664470024406906,0.9853339456907699
2022-07-21,0.0699599981307983,0.0707319974899292,0.0672369971871376,0.0701240003108978,492434239,DOGECOIN,-0.0022818200200241945,-0.0022844273383686663,0.02750320791896206,0.039812737999122744,0.06674814224243159,0.06679100009302294,0.9993583289585174
2022-07-22,0.067562997341156,0.0712699964642524,0.06700299680233,0.0699699968099594,479456105,DOGECOIN,-0.03426244788001309,-0.03486316685871945,0.03374756386000903,0.03867072082875195,0.0673939990145819,0.06698606672386324,1.0060898080850198
2022-07-23,0.0681240037083625,0.0693320035934448,0.0662769973278045,0.0675309970974922,427922351,DOGECOIN,0.008303455875021681,0.008269171838533476,0.0334836134677952,0.03815496288541157,0.06794314192874086,0.0671224667380253,1.0122265350276622
2022-07-24,0.0677239969372749,0.0688539966940879,0.0675889998674392,0.0681160017848014,369141492,DOGECOIN,-0.005871744896263187,-0.005889051369711215,0.0321250079163961,0.03721060676517658,0.0686027130910328,0.06714246657987431,1.021748478802478
2022-07-25,0.0623060017824173,0.0678799971938133,0.0623060017824173,0.0677160024642944,448572441,DOGECOIN,-0.08000111334060345,-0.08338281909261312,0.03628608202181211,0.0399984234602023,0.0678299995405333,0.06693589997788266,1.0133575489826248
2022-07-26,0.0625120028853416,0.0625120028853416,0.0604249984025955,0.0623189993202686,416488015,DOGECOIN,0.00330628024638302,0.0033008265195757693,0.03450168173394354,0.03783965060134072,0.0669012857334954,0.06658039999504879,1.0048195225392227
2022-07-27,0.0670209974050521,0.0670209974050521,0.0618860013782978,0.0625139996409416,499204589,DOGECOIN,0.07213006001392741,0.06964737992922902,0.046271259700080614,0.040192379996293354,0.06645857117005753,0.06640646668771898,1.0007846296443323
2022-07-28,0.0691080018877983,0.0705770030617713,0.065591000020504,0.0670310035347938,650983024,DOGECOIN,0.031139561682931305,0.030664561230628055,0.048393723785019514,0.03696488380609299,0.06633685742105754,0.06651150000592068,0.9973742497936808
2022-07-29,0.0689089968800544,0.072003997862339,0.0675489977002143,0.0691040009260177,696887711,DOGECOIN,-0.0028796232318651915,-0.0028837773235732495,0.04620687108065426,0.035726270319182886,0.06652914306947158,0.06649286660055315,1.00054556933357
2022-07-30,0.069643996655941,0.0739099979400634,0.0681859999895095,0.0689050033688545,760571682,DOGECOIN,0.01066623821510504,0.010609755182280266,0.04626132829025635,0.034514750086681846,0.06674628491912567,0.06661146643261111,1.0020239531380224
2022-07-31,0.0682720020413398,0.0720280036330223,0.0680539980530738,0.069641999900341,521194035,DOGECOIN,-0.019700113153746646,-0.019896747142135036,0.04701444427176984,0.034740447657194355,0.0668245713625635,0.066681366538008,1.0021475988269357
2022-08-01,0.0687249973416328,0.0707210004329681,0.0671869963407516,0.0682659968733787,444088167,DOGECOIN,0.006635154774261576,0.006613239024337134,0.02883550985748075,0.034732669153037014,0.06774157072816571,0.06674893312156197,1.014871213069368
2022-08-02,0.0666939988732338,0.0688960030674934,0.0658089965581893,0.0687080025672912,336642237,DOGECOIN,-0.02955254342612612,-0.029998018411756353,0.0332976394111553,0.03516501150380248,0.06833899872643603,0.06673276635507738,1.0240696206539988
2022-08-03,0.0661950036883354,0.0683199986815452,0.0655160024762153,0.0666920021176338,286819387,DOGECOIN,-0.007481860337192225,-0.007509989849463756,0.020145825658305676,0.03459849005723793,0.06822099962404793,0.06662353314459318,1.0239775107091327
2022-08-04,0.0673570036888122,0.0675019994378089,0.0660070031881332,0.0661970004439354,256457805,DOGECOIN,0.01755419496534527,0.01740189978140116,0.016958364791780676,0.03421250429164829,0.06797085702419277,0.06663026648263132,1.020119843613576
2022-08-05,0.0697650015354156,0.0701169967651367,0.0672560036182403,0.0673329979181289,336216727,DOGECOIN,0.03574977678235647,0.03512558646229899,0.02244742944469527,0.034604170531041825,0.0680931434035301,0.06666966664294398,1.0213511906128117
2022-08-06,0.0686739981174469,0.0709989964962005,0.0685859993100166,0.0697659999132156,277979112,DOGECOIN,-0.015638262652583168,-0.01576183022978129,0.02292328230176929,0.034291165938606843,0.06795457218374522,0.06660476662218566,1.0202659003253671
2022-08-07,0.0689399987459182,0.0698990002274513,0.0677469968795776,0.0686689987778663,204862521,DOGECOIN,0.003873382004297987,0.003865899775020245,0.02155027388439684,0.03411974574744366,0.06805000028439927,0.06659419996043042,1.0218607675268097
2022-08-08,0.0700550004839897,0.0720579996705055,0.0689229965209961,0.0689459964632988,399183407,DOGECOIN,0.016173509694725974,0.0160441118341027,0.022215694149418028,0.0342421115888392,0.0682400007333074,0.06661229990422722,1.0244354395722777
2022-08-09,0.0691249966621398,0.0738859996199607,0.068461999297142,0.0700609982013702,611327142,DOGECOIN,-0.013275338168935558,-0.013364243176715947,0.018749772348013657,0.03377267639218287,0.06858728613172253,0.06667436646918451,1.0286904812724713
2022-08-10,0.0711949989199638,0.0713090002536773,0.0673889964818954,0.0691189989447593,431172729,DOGECOIN,0.029945784560995836,0.029506164507655464,0.019787023455331426,0.030094793590329485,0.06930157116481231,0.06698596638937787,1.0345685059162129
2022-08-11,0.0709299966692924,0.0746460035443306,0.0707269981503486,0.0712049975991249,563908591,DOGECOIN,-0.0037222031700472336,-0.0037291478065213874,0.02014977855102786,0.02947157263890438,0.06981199873345234,0.0673473996420701,1.036595311838034
2022-08-12,0.0723450034856796,0.0724800005555152,0.0700270012021064,0.070931002497673,320410367,DOGECOIN,0.019949342772206835,0.019752962114068146,0.017251623099934815,0.029219376739169203,0.0701805704406329,0.06769379973411556,1.0367355757290144
2022-08-13,0.0728399977087974,0.0748599991202354,0.0719510018825531,0.072343997657299,446287445,DOGECOIN,0.006842134207869499,0.0068188330337352965,0.014586796302332544,0.02921879690928679,0.07077571323939727,0.06804199963808055,1.040176855704675
2022-08-14,0.0816870033740997,0.0840130001306533,0.0727540031075477,0.0728560015559196,1530403447,DOGECOIN,0.1214580717131708,0.11462968837927433,0.04239729486512322,0.035405383631150575,0.07259671390056606,0.06866349975268042,1.057282459560796
2022-08-15,0.0767199993133544,0.0818200036883354,0.0751509964466095,0.0816980004310607,855017472,DOGECOIN,-0.06080531609169282,-0.06273249015823908,0.05384422303022651,0.03764820204392975,0.07354885659047529,0.06907816628615057,1.0647192961927399
2022-08-16,0.0869639962911605,0.088638998568058,0.076393999159336,0.0766950026154518,1947377918,DOGECOIN,0.13352446649491778,0.1253317756419954,0.06655218282833229,0.04318720254867075,0.07609728510890683,0.06987339953581488,1.089073747870272
2022-08-17,0.080154001712799,0.0881130024790763,0.079926997423172,0.0869330018758773,996272861,DOGECOIN,-0.07830820648537407,-0.081544391662575,0.0794528134402964,0.04481802202508032,0.07737714265074043,0.07028803303837772,1.1008579882793421
2022-08-18,0.0750790014863014,0.0820870026946067,0.0749889984726905,0.0801739990711212,621394159,DOGECOIN,-0.0633156189092332,-0.06540889330474045,0.0853289805666695,0.046564835311712585,0.07796985762459885,0.07049023310343419,1.1061086648726128
2022-08-19,0.0679389983415603,0.0751829966902732,0.0675359964370727,0.075044997036457,965543533,DOGECOIN,-0.09509986818409988,-0.09993069295603577,0.0941450838385359,0.0501090006092372,0.0773404283182961,0.07041753306984896,1.0983120956762307
2022-08-20,0.0695400014519691,0.0709609985351562,0.0678969994187355,0.0678969994187355,537299425,DOGECOIN,0.02356530342646268,0.023291928115533836,0.0948092618615232,0.05030452567080667,0.07686900028160634,0.07040353318055466,1.0918344124075499
2022-08-21,0.0694480016827583,0.0706460028886795,0.0678469985723495,0.0695289969444274,421455865,DOGECOIN,-0.0013229762336767203,-0.0013238521393543173,0.07888581234854299,0.04987850532993505,0.07512057146855756,0.07046636665860807,1.066048599220362
2022-08-22,0.0683910027146339,0.0694890022277832,0.0656059980392456,0.0694409981369972,453413439,DOGECOIN,-0.015220005507902479,-0.015337018603266191,0.07693590785528477,0.0499446830128857,0.0739307148115975,0.07047526662548378,1.0490306507739302
2022-08-23,0.0687699988484382,0.0691689997911453,0.0672129988670349,0.0683950036764144,335476543,DOGECOIN,0.005541608088211358,0.005526309869906785,0.04805039892000926,0.049940726283590996,0.07133157231978003,0.0705101333558559,1.0116499419988108
2022-08-24,0.0679899975657463,0.0694150030612945,0.0672980025410652,0.0687709972262382,345474347,DOGECOIN,-0.01134217385128855,-0.011406986851372156,0.04346391797537749,0.04743758293765192,0.06959385744162964,0.07069959988196686,0.9843599901246506
2022-08-25,0.0690940022468566,0.0715790018439292,0.0679569989442825,0.0679910033941268,469798193,DOGECOIN,0.016237751443405113,0.01610732910703255,0.04123078373872252,0.047498802676155666,0.06873885755028039,0.07091899986068403,0.9692586991541562
2022-08-26,0.063571996986866,0.0692960023880004,0.0632539987564086,0.069081999361515,620512451,DOGECOIN,-0.079920182366362,-0.08329485440490188,0.035372005392560364,0.048336552007539,0.0681150002138955,0.07080403318007783,0.9620214718652644
2022-08-27,0.0635870024561882,0.0640650019049644,0.0626069977879524,0.063570998609066,380887727,DOGECOIN,0.00023603897995072565,0.00023601112713351173,0.03278980196720299,0.0479503865315166,0.06726457178592679,0.07061999986569083,0.9524861500120988
2022-08-28,0.0617859996855258,0.0642680004239082,0.0617859996855258,0.0635579973459243,295086067,DOGECOIN,-0.028323441915717118,-0.028732289070864968,0.032829566161520655,0.04818406707543644,0.06617000007203643,0.0703825666258732,0.9401475854634691
2022-08-29,0.0638870000839233,0.0639820024371147,0.0612460002303123,0.0617530010640621,315005254,DOGECOIN,0.034004473652462286,0.033439102626648,0.03794492150972069,0.0485953452860236,0.06552657112479206,0.07019066674013927,0.9335510569715104
2022-08-30,0.061524998396635,0.0644079968333244,0.0605500005185604,0.0638990029692649,328934727,DOGECOIN,-0.03697155421581111,-0.03767232890356374,0.03855762452347688,0.04891733544332151,0.06449157106024875,0.06996576661864912,0.9217589426520878
2022-08-31,0.0613300018012523,0.0633329972624778,0.0610579997301101,0.0615339986979961,309748693,DOGECOIN,-0.003169388061184608,-0.003174421209005079,0.0388421377066183,0.04888040171033547,0.06354014309389246,0.0697192667673031,0.9113713617494824
2022-09-01,0.0623719990253448,0.0624790005385875,0.0601940006017684,0.0613359995186328,328765413,DOGECOIN,0.016990008046456895,0.016847292088420396,0.03894092178438716,0.04876256826960651,0.06257985691939077,0.06957520010570681,0.8994563698604117
2022-09-02,0.061634998768568,0.0627119988203048,0.0609470009803772,0.0623719990253448,273453013,DOGECOIN,-0.011816203878239118,-0.011886570072097452,0.024702880112655593,0.048785440763478086,0.062303142888205335,0.06942319994171456,0.8974398031279602
2022-09-03,0.0626939982175827,0.0636010020971298,0.0613440014421939,0.0616290010511875,297123402,DOGECOIN,0.01718178746122989,0.017035849825544406,0.02601206424514722,0.04878036825667082,0.062175570854118845,0.0692677664260069,0.8976118916803233
2022-09-04,0.0632259994745254,0.0637139976024627,0.0620659999549388,0.0626970008015632,250044436,DOGECOIN,0.008485680799880546,0.008449879798568588,0.02330368605956329,0.048313807646739426,0.06238128510969021,0.0690497996906439,0.9034245629845432
2022-09-05,0.0627380013465881,0.0636399984359741,0.0612969994544982,0.063230000436306,231918999,DOGECOIN,-0.007718314174439023,-0.007748254520116115,0.01927436274841921,0.04826454896506036,0.06221714243292804,0.06885193313161528,0.9036368276544338
2022-09-06,0.0589830018579959,0.064641997218132,0.0586519986391067,0.0627499967813491,471485708,DOGECOIN,-0.059852073830790053,-0.06171804783405703,0.02711591051553983,0.049413827472465144,0.061854000070265314,0.06852003323535119,0.9027140990695447
2022-09-07,0.0611039996147155,0.0614500008523464,0.0579439997673034,0.0589639991521835,324781387,DOGECOIN,0.03595947459279869,0.0353280258837759,0.031363507601907904,0.049823433266135746,0.0618217140436172,0.06822166653970871,0.9061888572838309
2022-09-08,0.0609770007431507,0.0612929984927177,0.0599230006337165,0.0610890015959739,268099702,DOGECOIN,-0.002078405216771051,-0.002080568098309423,0.030417564471786483,0.04979723600270046,0.061622428574732324,0.06795006667574242,0.9068781178507804
2022-09-09,0.064018003642559,0.0646219998598098,0.0609339997172355,0.0609739981591701,487988732,DOGECOIN,0.0498713098766157,0.04866759463582285,0.03569811270532162,0.05036387378613372,0.061962857842445325,0.06771083349982893,0.9151099556705631
2022-09-10,0.0647760033607482,0.0652410015463829,0.0634040012955665,0.0640090033411979,413101249,DOGECOIN,0.011840414806145061,0.011770865551141138,0.03546728238303159,0.05044133237656263,0.06226028714861182,0.06750570038954411,0.9222967362657756
2022-09-11,0.0637139976024627,0.0651869997382164,0.06300999969244,0.0647709965705871,327741964,DOGECOIN,-0.01639504914143919,-0.0165309352463409,0.03627089237360842,0.05031116389791265,0.06233000116688858,0.06721800019343688,0.9272813976541725
2022-09-12,0.0639050006866455,0.0651940032839775,0.0628779977560043,0.0637150034308433,383630739,DOGECOIN,0.002997819809934743,0.002993335308377974,0.036060852607776805,0.050287024093990614,0.06249671535832535,0.06692016695936516,0.9338995731477211
2022-09-13,0.0601290017366409,0.0639809966087341,0.0595239996910095,0.0639029964804649,461644993,DOGECOIN,-0.0590876912515812,-0.06090533316698467,0.03581963795807002,0.045993144835312735,0.06266042962670322,0.0662015669047832,0.9465097664051797
2022-09-14,0.0611729994416236,0.0614250004291534,0.0595420002937316,0.0597169995307922,369554274,DOGECOIN,0.017362631589250332,0.017213623411417862,0.03366312316096341,0.045153628899165486,0.06267028674483295,0.0656833335757255,0.9541276809981203
2022-09-15,0.0587910003960132,0.0612110011279583,0.0587849989533424,0.0611680001020431,327176374,DOGECOIN,-0.03893873224057787,-0.039717117871920005,0.036928158373195484,0.037872860641702026,0.06235800098095616,0.06474423371255393,0.9631437026161748
2022-09-16,0.0604230016469955,0.0604230016469955,0.0584530010819435,0.0587919987738132,247011315,DOGECOIN,0.02775937201253975,0.02738106571563522,0.03234335024736822,0.036267203024441044,0.06184442926730423,0.06408653371036048,0.9650144217006733
2022-09-17,0.0622100010514259,0.062314998358488,0.0603299997746944,0.0604300014674663,209604119,DOGECOIN,0.029574820113546174,0.029145921011553007,0.03471615154316827,0.03533017549763564,0.06147785750882961,0.06365756702919796,0.9657588308493068
2022-09-18,0.0575199984014034,0.0622100010514259,0.0572380013763904,0.0622100010514259,265405124,DOGECOIN,-0.07538985003625875,-0.07838308980738672,0.04442424801203525,0.03353372253019682,0.06059300048010686,0.06331026703119273,0.9570801596880473
2022-09-19,0.0586120001971721,0.0587439984083175,0.0561800003051757,0.0575190000236034,301268389,DOGECOIN,0.01898473272109924,0.018806771519023737,0.045847882073530924,0.03341047611875299,0.05983685755303923,0.06294600032269951,0.9506061901674305
2022-09-20,0.0584169998764991,0.0602619983255863,0.0577379986643791,0.0586120001971721,294929293,DOGECOIN,-0.003326969221610243,-0.003332515889523507,0.040543146005554996,0.03340341833429304,0.05959228585873325,0.06257830026249087,0.9522835489102056
2022-09-21,0.0574040003120899,0.060478001832962,0.056377999484539,0.05842300131917,406017754,DOGECOIN,-0.017340835143037303,-0.017492948504865206,0.03960989934147552,0.03342703096163827,0.059053857411657015,0.06221206684907273,0.9492347771521951
2022-09-22,0.0595990009605884,0.0598380006849765,0.0569449998438358,0.0573859997093677,241738855,DOGECOIN,0.03823776455586514,0.03752481877916572,0.040405062057045305,0.034301228892923516,0.05916928606373918,0.06190636691947773,0.9557867632694599
2022-09-23,0.0633359998464584,0.0640320032835006,0.0595650002360343,0.0595929995179176,704823247,DOGECOIN,0.06270237463109818,0.060815073920315085,0.04555963387005711,0.03629585239956859,0.059585428663662454,0.061751233662168135,0.9649269355434341
2022-09-24,0.0632340013980865,0.0679730027914047,0.0630289986729621,0.0633329972624778,969527521,DOGECOIN,-0.0016104340125545624,-0.0016117321553116596,0.04450808277530245,0.03612869918465156,0.05973171442747111,0.06155590030054247,0.9703653774184945
2022-09-25,0.0611519999802112,0.063679002225399,0.0604569986462593,0.0632229968905448,367453955,DOGECOIN,-0.032925346678097545,-0.03347958555531951,0.03257116219283327,0.03334648986636705,0.06025057179587223,0.061475233733653975,0.9800787754124257
2022-09-26,0.0610890015959739,0.0617970004677772,0.0600510016083717,0.0611670017242431,323710024,DOGECOIN,-0.0010301933584786482,-0.0010307243723859016,0.032412640269350305,0.03334528809201063,0.060604429138558194,0.0613919670383135,0.9871719715502223
2022-09-27,0.0606090016663074,0.0629310011863708,0.0599270015954971,0.0610839985311031,337427597,DOGECOIN,-0.00785738704392469,-0.007888418969622946,0.03267392365566667,0.032969803518199066,0.060917572251387955,0.06135273377100622,0.9929072187517761
2022-09-28,0.060623001307249,0.061039000749588,0.0587540008127689,0.0605969987809658,277399298,DOGECOIN,0.00023098286651679345,0.0002309561940816526,0.03127338107372865,0.03233753581641534,0.061377429536410684,0.06124393381178374,1.0021797379155495
2022-09-29,0.0607279986143112,0.0610359981656074,0.0594229996204376,0.060623999685049,229157795,DOGECOIN,0.001731971443149849,0.0017304733101761558,0.028395955634307666,0.03162035797849026,0.061538714915513944,0.06121736715237295,1.0052492908154829
2022-09-30,0.0616529993712902,0.0620400011539459,0.0599579997360706,0.0607380010187625,369084722,DOGECOIN,0.015231866323370369,0.015117026132827612,0.014802720728818062,0.03174182429755742,0.061298286276204206,0.06122813373804088,1.001145756597179
2022-10-01,0.0606269985437393,0.0628060027956962,0.0604000017046928,0.0616500005125999,347895211,DOGECOIN,-0.016641539552229467,-0.016781565645120775,0.015514197531680006,0.03172654068486817,0.06092585729701174,0.0611699670553207,0.9960093200951344
2022-10-02,0.0592879988253116,0.0609080009162426,0.059128001332283,0.0606280006468296,198168354,DOGECOIN,-0.022085865218309908,-0.022333409548417834,0.012505803564767564,0.03190758106893997,0.06065957141774037,0.061091733723878806,0.9929260101196061
2022-10-03,0.0603840015828609,0.0604670010507106,0.059078000485897,0.0592870004475116,195766522,DOGECOIN,0.01848608115073347,0.01831729056358935,0.015223209033686637,0.03193381247715395,0.0605588571301528,0.06101473383605475,0.9925284160523116
2022-10-04,0.0659620016813278,0.0662520006299018,0.0600409992039203,0.0603809989988803,826424315,DOGECOIN,0.09237546290821075,0.08835464872857639,0.036811985859308526,0.035861603650394425,0.06132357141801286,0.06110593390961483,1.003561642781206
2022-10-05,0.0647350028157234,0.0664649978280067,0.0629969984292984,0.0659380033612251,606625264,DOGECOIN,-0.01860160144217904,-0.01877678712120427,0.03849517590072477,0.03601494365985685,0.061911000204937776,0.06117250062525268,1.0120724111673838
2022-10-06,0.0634440034627914,0.0666180029511451,0.0632229968905448,0.0647400021553039,387962671,DOGECOIN,-0.019942833038982033,-0.020144375385167893,0.040074689515845,0.03427446436980927,0.0622990008975778,0.061321200678745864,1.0159455491413891
2022-10-07,0.0624089986085891,0.0637170001864433,0.0615699999034404,0.0634490028023719,299717356,DOGECOIN,-0.016313675015942275,-0.016448208172274586,0.04068201225376576,0.03386189223216324,0.0624070007886205,0.061364700645208305,1.0169853373756104
2022-10-08,0.0616779997944831,0.0625760033726692,0.0613810010254383,0.06241400167346,169254316,DOGECOIN,-0.011713035466097033,-0.0117821734735851,0.04034512796045835,0.033935651996054444,0.06255714382444104,0.06138806728025272,1.0190440356893984
2022-10-09,0.0621559992432594,0.0623419992625713,0.0612920001149177,0.0616719983518123,158280272,DOGECOIN,0.007749918129139166,0.007720041773893599,0.03883852142144467,0.03272856157663506,0.06296685816986217,0.06132600046694274,1.0267563136422686
2022-10-10,0.0595129989087581,0.0624690018594265,0.0595129989087581,0.0621509999036788,254559947,DOGECOIN,-0.04252204721474129,-0.043452584004174316,0.04260641387083481,0.03352963397193874,0.0628424292164189,0.06115056698520974,1.0276671552631453
2022-10-11,0.060258001089096,0.0606530010700225,0.0578869991004467,0.0595079995691776,295967661,DOGECOIN,0.012518310184302717,0.012440603967685857,0.01871562047895353,0.03353847174005293,0.06202757198895721,0.06103536710143084,1.0162562287186294
2022-10-12,0.0598810017108917,0.0608659982681274,0.0595399998128414,0.060258999466896,199133108,DOGECOIN,-0.0062564202494349574,-0.006276073662827567,0.018660006084582466,0.033534925437035984,0.061334143259695544,0.06090123380223906,1.007108385666902
2022-10-13,0.059673998504877,0.0601590014994144,0.0557410009205341,0.0598709993064403,466439562,DOGECOIN,-0.003456909538923969,-0.0034628984567857076,0.018380712400900567,0.03165261539213159,0.060795571122850625,0.06088606702784693,0.998513684502648
2022-10-14,0.0586429983377456,0.0609430000185966,0.0583150014281272,0.0596660003066062,242691429,DOGECOIN,-0.01727720938705224,-0.017428202051047198,0.0184526960628552,0.03162530791771923,0.0602575710841587,0.06080173365771766,0.9910502128669173
2022-10-15,0.0585799999535083,0.0595670007169246,0.0581459999084472,0.0586379989981651,182208164,DOGECOIN,-0.001074269495472735,-0.0010748469365357762,0.01861621295162965,0.030787024449092013,0.05981499967830516,0.06079470030963416,0.9838850981033006
2022-10-16,0.0589139983057975,0.0594150014221668,0.0585829988121986,0.0585829988121986,162246280,DOGECOIN,0.0057015765202164115,0.005685384052051025,0.018355540369492943,0.03037075256181227,0.05935185668723917,0.0607444001982609,0.9770753599265666
2022-10-17,0.0599349997937679,0.0600569993257522,0.0586250014603138,0.0589129999279975,174261450,DOGECOIN,0.01733037168298801,0.01718191356013991,0.01177183276952075,0.030040137344793723,0.059412142527954855,0.06066856682300563,0.9792903580742848
2022-10-18,0.0597760006785392,0.0607730001211166,0.0587520003318786,0.0599349997937679,239236218,DOGECOIN,-0.002652859193723267,-0.002656384260391329,0.010658817265008466,0.026280950728522063,0.05934328532644674,0.06074376689891015,0.9769444398337348
2022-10-19,0.058713000267744,0.0606799982488155,0.058628000319004,0.0597789995372295,287297160,DOGECOIN,-0.017783063415563016,-0.017943082006584052,0.01236938881287455,0.02629242638899124,0.05917642797742564,0.06074713356792922,0.974143543929572
2022-10-20,0.0595359988510608,0.0602370016276836,0.0584490001201629,0.0587109997868537,241388629,DOGECOIN,0.014017314386315594,0.013919980354881787,0.013871132673424404,0.02640416450217413,0.05915671374116619,0.06078443353374794,0.9732214368391205
2022-10-21,0.059333998709917,0.0595260001718997,0.0574179999530315,0.0595260001718997,224787600,DOGECOIN,-0.0033929075692361588,-0.0033986765328592843,0.01185622873478302,0.02619510010378606,0.059255428080047814,0.06084876681367551,0.97381477362546
2022-10-22,0.0596939995884895,0.0598459988832473,0.0591839998960495,0.0593370012938976,159431212,DOGECOIN,0.006067362497048867,0.0060490301684306275,0.011886710344221752,0.025301056144430345,0.05941457088504513,0.06085193343460555,0.9763793446085804
2022-10-23,0.0603469982743263,0.0603789985179901,0.0589269995689392,0.0596829988062381,182523575,DOGECOIN,0.010939100920333011,0.010879701745640302,0.01226101986199104,0.022671749537454624,0.05961928516626353,0.06075230004886781,0.981350255353412
2022-10-24,0.0595059990882873,0.0608140006661415,0.0588579997420311,0.0603410005569458,226574582,DOGECOIN,-0.013936056640563521,-0.014034075204935865,0.01210282023129176,0.022784914143446685,0.05955799935119487,0.060628033305207836,0.9823508384541141
2022-10-25,0.0628819987177848,0.0640489980578422,0.0592270009219646,0.0595020018517971,475512798,DOGECOIN,0.056733769388337185,0.05518280135777669,0.024350754357106024,0.024266347828117926,0.06000171335680138,0.06068569992979363,0.9887290321478777
2022-10-26,0.0728000029921531,0.0732740014791488,0.0627600029110908,0.0628560036420822,1357027720,DOGECOIN,0.15772406215776358,0.1464560624635508,0.05544488397885772,0.035972092331539175,0.062014142317431256,0.061076066642999596,1.0153591369908426
2022-10-27,0.0770180001854896,0.0848250016570091,0.0720330029726028,0.0727989971637725,2652784687,DOGECOIN,0.057939519505118,0.05632316687313081,0.05561931827088342,0.03702171129820406,0.06451157107949251,0.061623033260305674,1.0468743206291906
2022-10-28,0.0838970020413398,0.0879010036587715,0.0729300007224083,0.0770279988646507,3172500998,DOGECOIN,0.08931680697087518,0.08555071713519682,0.05506825128224823,0.03959319538960356,0.06802057155541005,0.062398833284775364,1.0900936439785378
2022-10-29,0.1216029971837997,0.1493919938802719,0.0833870023488998,0.0839330032467842,12157642295,DOGECOIN,0.44943197283593594,0.3711717368094308,0.1295791337051643,0.07671587415929818,0.0768647140690258,0.0644279999037583,1.1930327525896396
2022-10-30,0.1178020015358924,0.1416569948196411,0.1128920018672943,0.1216439977288246,7908593943,DOGECOIN,-0.03125741746449062,-0.03175635508143197,0.13542684810379493,0.07735964588309201,0.08507257167782097,0.06629963330924506,1.2831529743311287
2022-10-31,0.1270260065793991,0.1302450001239776,0.1150759980082511,0.1177520006895065,5814247122,DOGECOIN,0.07830091953655227,0.07538657967057495,0.12734275415261734,0.07761327426219954,0.09471828703369409,0.06851293357710038,1.3824876864614732
2022-11-01,0.1425749957561493,0.1572030037641525,0.1251769959926605,0.1269849985837936,7877293443,DOGECOIN,0.12240791941318796,0.11547630556631482,0.1251692830562194,0.07880537444566785,0.10610300089631756,0.07128916680812832,1.4883467663732017
2022-11-02,0.1278299987316131,0.1473910063505172,0.1240670010447502,0.1425240039825439,4675647398,DOGECOIN,-0.1034192352336103,-0.10916690101938042,0.14995808378116712,0.08275347029313229,0.11396442885909756,0.07353736671308671,1.5497485693734592
2022-11-03,0.1225920021533966,0.1359899938106537,0.1214110031723976,0.1278010010719299,2570574344,DOGECOIN,-0.040976270282330085,-0.04183946017368533,0.1570116722565775,0.08273023347332076,0.12047500056879858,0.07542503339548899,1.5972813686020049
2022-11-04,0.1262799948453903,0.128599002957344,0.1164449974894523,0.1225550025701522,2957002544,DOGECOIN,0.030083468963815196,0.02963983678710372,0.15729713768945547,0.08240600659254904,0.12652971382652006,0.07747653312981123,1.6331359795684284
2022-11-05,0.124388001859188,0.1351449936628341,0.1233920007944107,0.1262789964675903,1907421740,DOGECOIN,-0.014982523467147235,-0.015095895294500561,0.07607834503028577,0.08232150922746177,0.12692757163728982,0.07950799974302444,1.5964125880103743
2022-11-06,0.114606000483036,0.1267019957304,0.1136339977383613,0.1243819966912269,1316810628,DOGECOIN,-0.07864103635353514,-0.08190556443059119,0.08204949515479071,0.08423308939581715,0.12647100005831033,0.08124789980550601,1.5566063905782292
2022-11-07,0.1112990006804466,0.1185770034790039,0.108814001083374,0.1146259978413581,1337977256,DOGECOIN,-0.02885538094559814,-0.02927988351695465,0.07436324304017423,0.08452269023682109,0.12422428492988856,0.08290193316837145,1.4984485907897056
2022-11-08,0.0884099975228309,0.1122960001230239,0.080654002726078,0.1112779974937439,3545838435,DOGECOIN,-0.20565326748380164,-0.23023522223024426,0.08438388719159325,0.09606103055671726,0.11648642803941449,0.08377706644435719,1.3904333606236035
2022-11-09,0.0742880031466484,0.0910959988832473,0.0721089988946914,0.0884049981832504,2807794508,DOGECOIN,-0.15973300273575564,-0.17403558376361716,0.09276910192320227,0.10145545547290519,0.10883757152727669,0.0842695665856202,1.2915406585922655
2022-11-10,0.0897890031337738,0.0932559967041015,0.0737349987030029,0.0742959976196289,2421832556,DOGECOIN,0.20866087834566804,0.1895130346395699,0.13785939947298884,0.10677087364177472,0.10415142881018771,0.08525393332044279,1.2216612741926542
2022-11-11,0.0848850011825561,0.0918650031089782,0.081396996974945,0.0897789970040321,1305192050,DOGECOIN,-0.0546169550842589,-0.056165095080690376,0.13392866801360986,0.1074724026081365,0.09823785828692568,0.08608739996949827,1.1411409604858835
2022-11-12,0.0880390033125877,0.0939939990639686,0.0793000012636184,0.0849089995026588,1842469589,DOGECOIN,0.03715617701705054,0.036482522552828155,0.13796004561833594,0.10752638252444843,0.09304514420883993,0.0870329001297553,1.0690801302739668
2022-11-13,0.0848930031061172,0.0911369994282722,0.0838100016117096,0.0880530029535293,949584216,DOGECOIN,-0.035734164269220825,-0.0363882591810732,0.1372420600154346,0.10776662139113977,0.08880043029785153,0.08790790028870102,1.0101530124848772
2022-11-14,0.0858789980411529,0.0907739996910095,0.0801009982824325,0.084926001727581,1212678659,DOGECOIN,0.011614560670013985,0.011547629413143187,0.13877498240560202,0.10773711418511692,0.08516900134938099,0.08881786689162248,0.9589174377865445
2022-11-15,0.0869709998369216,0.088919997215271,0.0853599980473518,0.0858789980411529,640084422,DOGECOIN,0.012715586123226652,0.012635421899488762,0.10974797100310184,0.10772886789281261,0.08496343025139395,0.0897531002759933,0.9466350464789408
2022-11-16,0.0855830013751983,0.090658999979496,0.0839859992265701,0.0869639962911605,712826081,DOGECOIN,-0.01595932511211695,-0.01608804651602979,0.08105017895570255,0.10785532650198985,0.08657700142690108,0.09060803366204098,0.9555113153633237
2022-11-17,0.0847650021314621,0.0869539976119995,0.0831779986619949,0.0855939984321594,461654197,DOGECOIN,-0.009557963971724592,-0.009603934466766153,0.03157010054394802,0.10789505367899754,0.08585928699799941,0.09144100037713841,0.9389583080224644
2022-11-18,0.0846719965338707,0.0865039974451065,0.083805002272129,0.0847639963030815,337485766,DOGECOIN,-0.0010972169557331712,-0.0010978193389274945,0.02345010908719237,0.10777954543842633,0.08582885776247294,0.09230630025267597,0.9298266481001631
2022-11-19,0.0845810025930404,0.0849049985408783,0.0833870023488998,0.0846719965338707,246661551,DOGECOIN,-0.0010746639332391839,-0.0010752417985683358,0.017035033496915875,0.10780608137125783,0.08533485765968045,0.09314113371074195,0.9161887370267084
2022-11-20,0.077174000442028,0.0856819972395896,0.0770429968833923,0.0845820009708404,499031478,DOGECOIN,-0.08757288189939083,-0.09164706728998956,0.03593367957080521,0.1094242288775906,0.084232142993382,0.09373580043514565,0.8986122975677892
2022-11-21,0.0747110024094581,0.0771880000829696,0.072403997182846,0.077174998819828,660061266,DOGECOIN,-0.03191486794079135,-0.03243524923045516,0.034621191173396154,0.10968241472911823,0.08263671504599703,0.0942363671958446,0.8769089631209906
2022-11-22,0.0784879997372627,0.0789629966020584,0.0734070017933845,0.0747079998254776,556392479,DOGECOIN,0.05055476711588658,0.04931837427608578,0.042293186791336,0.10994769635238674,0.0814248578889029,0.09484106724460915,0.858540084527899
2022-11-23,0.081785999238491,0.0831279978156089,0.077965997159481,0.0785000026226043,529744394,DOGECOIN,0.04201915595082428,0.041160326992160365,0.047219526022817065,0.1100148765657236,0.08088242901223043,0.09558373391628261,0.8461944904043153
2022-11-24,0.0814810022711753,0.0836659967899322,0.0807589963078498,0.0817919969558715,360326829,DOGECOIN,-0.0037292075679887793,-0.003736178398376785,0.0472069686237659,0.10971706835052897,0.0804132861750466,0.09620370070139563,0.835864790946447
2022-11-25,0.0894749984145164,0.0909899994730949,0.0809369981288909,0.0814689993858337,1022484210,DOGECOIN,0.09810871148511935,0.09358934682484935,0.0604385356255243,0.10783558072742731,0.08109942930085313,0.09675953388214106,0.8381544024347732
2022-11-26,0.0889879986643791,0.0947400033473968,0.0883909985423088,0.0894649997353553,902063657,DOGECOIN,-0.005442858438299503,-0.005457724760351996,0.06056934353914036,0.10744791511740932,0.08172900016818722,0.09715853383143738,0.8411921932661188
2022-11-27,0.0987119972705841,0.1064329966902732,0.088978998363018,0.088978998363018,1965264746,DOGECOIN,0.10927314640347574,0.10370497777405054,0.05176983666575105,0.10796815466926271,0.08480585685798096,0.09765236700574552,0.8684465052750978
2022-11-28,0.0951220020651817,0.0993269979953765,0.091448999941349,0.0986760035157203,1375600313,DOGECOIN,-0.036368377752115544,-0.03704619200125299,0.05279252878047046,0.08315571549662207,0.08772171395165575,0.09676966716845826,0.9065001101941201
2022-11-29,0.101852998137474,0.104712001979351,0.0940190032124519,0.0951310023665428,1352427444,DOGECOIN,0.07076171575614998,0.06837027908892648,0.0541570021974868,0.08418014017589714,0.09105957086597168,0.09623803372184431,0.9461910987204926
2022-11-30,0.1068599969148635,0.1089420020580291,0.1003040000796318,0.1018270030617713,1388624554,DOGECOIN,0.049159071101975815,0.047988958625187525,0.05430098323361361,0.08342489004385861,0.09464157053402487,0.09556583339969313,0.9903285218912639
2022-12-01,0.1015840023756027,0.1073810011148452,0.1010710000991821,0.1068570017814636,891639200,DOGECOIN,-0.04937296174043737,-0.050633471845105735,0.06259700479844812,0.08056406606248222,0.09751342769180023,0.09419946695367491,1.0351802493718467
2022-12-02,0.1021479964256286,0.1032600030303001,0.0976390019059181,0.1015940010547638,776013992,DOGECOIN,0.0055519967400041725,0.005536641215765541,0.05660111112669832,0.07845344220179877,0.09932385597910195,0.0933434002101421,1.064069401323459
2022-12-03,0.0998239964246749,0.1028229966759681,0.098650999367237,0.1021500006318092,632114946,DOGECOIN,-0.02275130283779725,-0.023014107477316095,0.0582271356283611,0.07824411526433227,0.10087185565914424,0.09258446668585137,1.0895116564359855
2022-12-04,0.1042860001325607,0.1052640005946159,0.0998060032725334,0.0998110026121139,759219556,DOGECOIN,0.04469870840377266,0.04372852652838203,0.0464669023558593,0.07851249064836867,0.10166814178228374,0.09185133352875705,1.106877144581175
2022-12-05,0.1014740020036697,0.1110119968652725,0.1000630035996437,0.1042520031332969,1051327257,DOGECOIN,-0.02696429171045589,-0.027334498302475363,0.04502573121992855,0.07859110347168413,0.10257557034492489,0.0910875335335731,1.126120846242011
2022-12-06,0.1002779975533485,0.1026270017027854,0.0985080003738403,0.1014799997210502,534648134,DOGECOIN,-0.011786313998712106,-0.011856323241892848,0.03695093082218318,0.07731252936064265,0.10235057026147835,0.09060993343591686,1.1295733964297079
2022-12-07,0.0957830026745796,0.100950002670288,0.0950170010328292,0.1002810001373291,622336382,DOGECOIN,-0.04482533545185252,-0.045861060409810306,0.03244580687444658,0.07755503439642415,0.10076814251286638,0.09009273350238796,1.1184935631928126
2022-12-08,0.0985400006175041,0.0988740026950836,0.0953669995069503,0.0957849994301796,492909327,DOGECOIN,0.028783791131411274,0.028377319256003647,0.031980506583831544,0.06501587006760827,0.1003332851188523,0.0904304002722104,1.1095083602066627
2022-12-09,0.0966619998216629,0.0990860015153884,0.096000999212265,0.0985379964113235,423432535,DOGECOIN,-0.019058258413564566,-0.01924220794228093,0.032075493066781806,0.055939800158869714,0.09954957131828578,0.09117620016137755,1.0918372463656936
2022-12-10,0.0964569970965385,0.0973559990525245,0.0962579995393753,0.0966629981994628,242190274,DOGECOIN,-0.0021208202344522586,-0.002123072358482569,0.031398061043383794,0.04432529713823051,0.09906857141426628,0.09139846662680304,1.0839194033613464
2022-12-11,0.0928749963641166,0.0970930010080337,0.0926679968833923,0.0964640006422996,300470314,DOGECOIN,-0.037135727217766035,-0.037842819191802435,0.024781399289703313,0.04361117267638146,0.09743842801877427,0.09166479979952172,1.0629863178873453
2022-12-12,0.0902580022811889,0.0930050015449523,0.087287999689579,0.0928720012307167,749817261,DOGECOIN,-0.028177595535700206,-0.028582202671951294,0.02487616316617636,0.04350630277178904,0.09583614234413416,0.09173876643180842,1.0446635165447904
2022-12-13,0.0909399986267089,0.094379998743534,0.0877180024981498,0.0902549996972084,766352149,DOGECOIN,0.007556076229067399,0.007527672077964345,0.026533182524593274,0.04294605619631795,0.09450214249747135,0.09194033294916147,1.027863827181553
2022-12-14,0.0885140001773834,0.092239998281002,0.0882439985871315,0.0909579992294311,549320298,DOGECOIN,-0.02667691319508103,-0.02703919969855149,0.023547750616709544,0.04323619725290642,0.09346371356930049,0.0920281663537025,1.0155989983553575
2022-12-15,0.0847219973802566,0.0887620002031326,0.0844189971685409,0.0885080024600029,412364377,DOGECOIN,-0.0428407120854053,-0.04378545632780046,0.01856380463333499,0.04393442223201448,0.09148971310683654,0.091953199605147,0.9949595391971057
2022-12-16,0.0759420022368431,0.0867310017347335,0.0753879994153976,0.0847219973802566,699338853,DOGECOIN,-0.10363300459037061,-0.1094053567764542,0.03788903149503932,0.048149986787849555,0.0885297134518623,0.09163183296720183,0.9661458314770383
2022-12-17,0.0792670026421547,0.0793749988079071,0.0758929997682571,0.075943998992443,495547979,DOGECOIN,0.04378341770528782,0.04285201363354617,0.047004199135808576,0.04888569070012549,0.08607399995837887,0.09144856631755824,0.941228533419365
2022-12-18,0.0786409974098205,0.079865001142025,0.0779199972748756,0.0792620033025741,256971055,DOGECOIN,-0.007897425302685557,-0.007928775130258164,0.04732310755028954,0.048896117000591065,0.0840405715363366,0.09124753301342324,0.9210174649212002
2022-12-19,0.0714289993047714,0.0793420001864433,0.0709130018949508,0.0786480009555816,581773249,DOGECOIN,-0.09170786666737374,-0.09618921938054192,0.0547811418077282,0.05180040905249584,0.08135071396827695,0.09080913290381427,0.8958428669773143
2022-12-20,0.074934996664524,0.0752469971776008,0.0714220032095909,0.071442000567913,438099132,DOGECOIN,0.049083669012263575,0.04791708696963199,0.061525244322021125,0.05004661817763466,0.07906428511653625,0.09073449944456415,0.8713806281021254
2022-12-21,0.0736790001392364,0.0749640017747879,0.0720100030303001,0.0749320015311241,349830700,DOGECOIN,-0.016761147410342403,-0.01690320504477568,0.06166125398684283,0.049789686330401345,0.07694499939680097,0.09070009936889008,0.8483452601728121
2022-12-22,0.0769670009613037,0.0773620009422302,0.0733909979462623,0.0736780017614364,593083646,DOGECOIN,0.044626023912563095,0.04365894951135385,0.06619717711031044,0.0496049424935427,0.07583714276552198,0.09064939940969145,0.8365984028506881
2022-12-23,0.0771289989352226,0.0786380022764206,0.0767420008778572,0.0769610032439231,398842519,DOGECOIN,0.0021047718099389545,0.0021025598809464125,0.05100564274577068,0.04897828601104171,0.07600671372243333,0.09049416606624919,0.8399073335488848
2022-12-24,0.0776479989290237,0.0779760032892227,0.0768179967999458,0.0771280005574226,165055617,DOGECOIN,0.006728986515655233,0.0067064479372578485,0.047943825107398995,0.04900228687808998,0.07577542747770032,0.09036639928817745,0.8385354299229442
2022-12-25,0.0759520009160041,0.0776439979672432,0.0742290019989013,0.0776320025324821,423876257,DOGECOIN,-0.021842134200649177,-0.02208420500088615,0.04848440061487434,0.04569262304059512,0.07539128512144085,0.08991563270489371,0.8384669367659093
2022-12-26,0.0757829993963241,0.0763610005378723,0.0747720003128051,0.0759650021791458,248935710,DOGECOIN,-0.0022251095118204223,-0.002227588746385247,0.027476609975681576,0.045696438898457904,0.07601328513451978,0.0894754660626252,0.8495433271207211
2022-12-27,0.0737240016460418,0.0760219991207122,0.0731310024857521,0.075763002038002,290428818,DOGECOIN,-0.027169652384888,-0.02754557210642131,0.0239955929898523,0.04092932812010319,0.0758402858461652,0.08864253287514047,0.8555744447531957
2022-12-28,0.0703810006380081,0.0738210007548332,0.0700519979000091,0.0737269967794418,496350491,DOGECOIN,-0.04534481218320008,-0.04640506357691488,0.029042420927018735,0.04117961795582512,0.07536914306027544,0.08781783282756801,0.8582441701591997
2022-12-29,0.071042001247406,0.0713019967079162,0.0697709992527961,0.0703800022602081,285144119,DOGECOIN,0.009391747821228646,0.009347919559943636,0.02091628055132699,0.03863557409394423,0.07452271452971862,0.08679079959789908,0.8586476317188184
2022-12-30,0.0684039965271949,0.0713080018758773,0.0669530034065246,0.0710320025682449,419889739,DOGECOIN,-0.037133029389532224,-0.03784001731771635,0.022023843390707877,0.03719033698878585,0.0732762856142861,0.08550893291831012,0.8569430480940474
2022-12-31,0.0702940002083778,0.0711089968681335,0.0681620016694068,0.0683939978480339,289371049,DOGECOIN,0.02763001837811485,0.027255197950431773,0.026622849511226152,0.03732602764676725,0.07222571436847955,0.08446593284606929,0.8550869200734891
2023-01-01,0.0702250003814697,0.0706849992275238,0.0692889988422393,0.0702869966626167,185279750,DOGECOIN,-0.0009815891356809159,-0.0009820712097881818,0.026777460144121263,0.03723764269767432,0.07140757143497463,0.08340183297793066,0.8561870750954611
2023-01-02,0.0714540034532547,0.0724790021777153,0.0693579986691474,0.0702250003814697,405800240,DOGECOIN,0.017500933643416428,0.01734955591985927,0.02881550346080746,0.03757200124354221,0.07078914344310758,0.08245616654555,0.8585063605158337
2023-01-03,0.0704680010676384,0.0721969977021217,0.0697740018367767,0.0714560002088546,283398864,DOGECOIN,-0.013799120244694874,-0.013895213126695855,0.027746180440696166,0.03611464585113211,0.07032400050333566,0.08132889991005259,0.8646864839080816
2023-01-04,0.0732370018959045,0.0732500031590461,0.0703099966049194,0.0704680010676384,343264145,DOGECOIN,0.03929444267346671,0.03854206241567262,0.02587341140936458,0.037203494174784975,0.07073200068303515,0.08038766657312708,0.8798862275557113
2023-01-05,0.0715499967336654,0.0750269964337349,0.0714000016450882,0.0732330009341239,424927580,DOGECOIN,-0.023034874702229424,-0.023304323279868897,0.027961552965147133,0.03727260664773819,0.07080457146678648,0.0794300665458043,0.8914076815730247
2023-01-06,0.0724700018763542,0.0725700035691261,0.0703440010547638,0.0715550035238266,306914647,DOGECOIN,0.01285821362247419,0.012776248661269708,0.022186378515833168,0.0369310110882392,0.07138542937380923,0.07865296651919679,0.90759996136174
2023-01-07,0.072222001850605,0.072843998670578,0.0718759968876838,0.0724690034985542,173703551,DOGECOIN,-0.0034221059656150965,-0.0034279747631583285,0.020792711604864914,0.03626266929436717,0.0716608581798417,0.07777569989363348,0.9213785061123916
2023-01-08,0.0736010000109672,0.0736119970679283,0.0715460032224655,0.0722099989652633,246133445,DOGECOIN,0.019093878943077902,0.01891387849856648,0.021371426710176306,0.03660779175821966,0.07214314384119848,0.07700699989994363,0.936838780045128
2023-01-09,0.0757839977741241,0.0792109966278076,0.0732579976320266,0.0735919997096061,853703837,DOGECOIN,0.02965989270297431,0.029228546453856454,0.022782328457882396,0.037255178728395746,0.07276171445846555,0.07631789992252981,0.9534029963131304
2023-01-10,0.0777290016412735,0.0777309983968734,0.0746899992227554,0.0757689997553825,492952309,DOGECOIN,0.025665099813637626,0.025341280027116008,0.021149609933147906,0.03729822591833693,0.07379900025469913,0.07581303343176837,0.9734342093186145
2023-01-11,0.0781529992818832,0.0781809985637664,0.0751779973506927,0.077734000980854,394318759,DOGECOIN,0.00545481907212042,0.00543999542899316,0.01825249281736839,0.03710257390927915,0.07450128559555323,0.07540953333179151,0.9879557968852278
2023-01-12,0.0802860036492347,0.080716997385025,0.0769879966974258,0.0792139992117881,706796194,DOGECOIN,0.027292674458444743,0.026926870345820142,0.012165742948277582,0.03749184379603197,0.0757492865834917,0.07505440016587572,1.0092584367616053
2023-01-13,0.0844380035996437,0.0849160030484199,0.0791840031743049,0.0802839994430542,575039277,DOGECOIN,0.05171511548325225,0.050422274869252354,0.017443551704731327,0.03851478036177857,0.0774590011153902,0.0749185336132844,1.0339097334074798
2023-01-14,0.0873230025172233,0.0918700024485588,0.0843620002269744,0.0844390019774437,1101070507,DOGECOIN,0.034167066896306775,0.033596336435344855,0.013723149336664818,0.03817988814655167,0.0796162869249071,0.07500523378451662,1.061476418480844
2023-01-15,0.0861309990286827,0.087686002254486,0.0831300020217895,0.0873339995741844,501123418,DOGECOIN,-0.013650509650140585,-0.01374453449553113,0.020738143572116084,0.03216065030280023,0.08140628678458074,0.07534486701091128,1.0804490075321476
2023-01-16,0.083636000752449,0.0879039987921714,0.0823080018162727,0.0861269980669021,537067710,DOGECOIN,-0.0289674833029957,-0.029395323407022843,0.028084589122031028,0.031869945579259346,0.08252800149577001,0.07549050028125442,1.0932236663990307
2023-01-17,0.0829820036888122,0.0847200006246566,0.0827559977769851,0.0836519971489906,366437449,DOGECOIN,-0.007819564036455229,-0.007850297145160307,0.028663154352568873,0.031869123685367484,0.0832784303597041,0.07563520049055414,1.1010538720010996
2023-01-18,0.0801910012960434,0.0894580036401748,0.0801739990711212,0.0829780027270317,1094371447,DOGECOIN,-0.03363382744088994,-0.034212455974749006,0.03313261680364596,0.026923695464713356,0.08356957350458415,0.07592726722359654,1.100652987529262
2023-01-19,0.0816600024700164,0.0820519998669624,0.0801320001482963,0.0801709964871406,337970684,DOGECOIN,0.018318778294709848,0.018153010853018122,0.032260999854214045,0.0257676791500147,0.08376585905041009,0.07615143408377961,1.0999905656176259
2023-01-20,0.0864029973745346,0.0867599993944168,0.0807669982314109,0.0816489979624748,444441989,DOGECOIN,0.05808222827644083,0.05645805090415631,0.03380155524579051,0.02726453776864165,0.08404657244682308,0.07657556732495621,1.097563823329743
2023-01-21,0.0847650021314621,0.0887060016393661,0.0847610011696815,0.0864079967141151,716057148,DOGECOIN,-0.018957620601658398,-0.01913962014769275,0.031733808100750646,0.026621874110928024,0.08368114382028577,0.07683550069729482,1.0890947942144662
2023-01-22,0.0883039981126785,0.0928919985890388,0.0847709998488426,0.0847709998488426,794717541,DOGECOIN,0.04175067412524536,0.040902638428683274,0.03550566106215761,0.027494071770941982,0.0839915722608566,0.0772080006698767,1.087860992800278
2023-01-23,0.0886050015687942,0.0911500006914138,0.0873270034790039,0.0883100032806396,661273714,DOGECOIN,0.0034087183202238247,0.003402921808645673,0.03246599658127367,0.027491587609624932,0.08470142952033448,0.07757323409120237,1.0918898833166029
2023-01-24,0.0839499980211258,0.0905919969081878,0.0836599990725517,0.088577002286911,559881331,DOGECOIN,-0.052536577679017205,-0.053966947181297326,0.040065951284806174,0.02911880742548968,0.08483971442495072,0.07783983399470644,1.0899267132393977
2023-01-25,0.0865940004587173,0.0878800004720687,0.0824460014700889,0.0839660018682479,542521010,DOGECOIN,0.03149496724140666,0.03100917444931394,0.03785707036749389,0.029529169441943507,0.08575442859104698,0.07820020069678621,1.0966011317995406
2023-01-26,0.0863730013370513,0.0873579978942871,0.085548996925354,0.086568996310234,424196515,DOGECOIN,-0.002552129714475604,-0.002555391949128081,0.038011396578365206,0.02894225195133719,0.08642771414348054,0.07862183401981987,1.099283872234434
2023-01-27,0.0871229991316795,0.0877460017800331,0.0845249965786933,0.0863649994134903,400056534,DOGECOIN,0.008683243409610242,0.008645760875250172,0.03161321534344165,0.02724798174866001,0.0865305715373584,0.07917990063627559,1.0928350609436754
2023-01-28,0.0877880007028579,0.092969000339508,0.0871239975094795,0.0871239975094795,642333816,DOGECOIN,0.007632904948247976,0.007603921719993368,0.03033777566982687,0.02724490993559495,0.08696242847612921,0.07973810061812397,1.0906007015718053
2023-01-29,0.0902329981327056,0.0908590033650398,0.0875440016388893,0.0877830013632774,458157342,DOGECOIN,0.02785115745058886,0.02747036807792082,0.02802554831894121,0.02611994616830621,0.08723799990756166,0.08046573400497432,1.0841633520943048
2023-01-30,0.0883369967341423,0.0918369963765144,0.0853990018367767,0.0902210026979446,787132771,DOGECOIN,-0.021012284173189677,-0.021236184204700442,0.02948837289224605,0.02646429142740453,0.08719971350261138,0.0810671672224998,1.0756477189252212
2023-01-31,0.0961669981479644,0.0973350033164024,0.0883290022611618,0.0883290022611618,1542889216,DOGECOIN,0.08863784940965491,0.08492723529986528,0.033867047802709715,0.02992377221319086,0.08894499923501689,0.08193190048138296,1.0855966810537672
2023-02-01,0.0941710025072097,0.0965989977121353,0.0887520015239715,0.0961569994688034,1110308356,DOGECOIN,-0.02075551570907541,-0.020973939037278132,0.03649674048307967,0.030434037755904718,0.09002742809908724,0.08268913378318146,1.0887455700666482
2023-02-02,0.0909790024161338,0.0957529991865158,0.0909570008516311,0.0941449999809265,776556390,DOGECOIN,-0.03389578539138438,-0.03448356797091563,0.04040261284935297,0.0311954378755332,0.09068542825324188,0.08337283382813131,1.0877095582499343
2023-02-03,0.0929870009422302,0.0932089984416961,0.0906670019030571,0.0909840017557144,548668917,DOGECOIN,0.022071010593322393,0.021830971357303306,0.040774815469921365,0.03078731781712775,0.09152314279760627,0.0840311671296755,1.089157105914872
2023-02-04,0.095781996846199,0.0995299965143203,0.0926629975438118,0.0929749980568885,1071858301,DOGECOIN,0.030057920737816213,0.02961503438652286,0.041464604649680076,0.030448480010839878,0.09266514224665501,0.08483890046675997,1.0922482698012024
2023-02-05,0.0920950025320053,0.0967260003089904,0.0909660011529922,0.0957470014691352,753364305,DOGECOIN,-0.03849360459788753,-0.039254062491167314,0.04495841840342777,0.03172366643506639,0.09293114287512638,0.08549306715528167,1.0870020923022317
2023-02-06,0.0895489975810051,0.0930970013141632,0.0890619978308677,0.0921040028333664,488311044,DOGECOIN,-0.027645419197587784,-0.028034745979029985,0.04563551297134064,0.03234111457622939,0.09310428585324963,0.08607063367962835,1.0817195351413573
2023-02-07,0.0925759971141815,0.0926339998841285,0.0895180031657219,0.089537002146244,512569389,DOGECOIN,0.033802718231862094,0.03324396313585576,0.0321656019921119,0.0326251579834399,0.09259128570556638,0.08670313358306882,1.0679116414732142
2023-02-08,0.0901559963822364,0.093138001859188,0.0891690030694007,0.0925640016794204,462925887,DOGECOIN,-0.02614069313193923,-0.02648843457409371,0.0326730828955566,0.03293853660199557,0.09201771340199875,0.08718220020333921,1.05546445475546
2023-02-09,0.0814799964427948,0.0907580032944679,0.0801720023155212,0.0901629999279975,819008026,DOGECOIN,-0.09623319898387861,-0.10118391534600349,0.04828448321920198,0.038051973686439276,0.09066071254866462,0.08730723336338993,1.038410095659736
2023-02-10,0.0810900032520294,0.0828799977898597,0.0804150030016899,0.0814789980649948,516764147,DOGECOIN,-0.004786367302300976,-0.004797858640784694,0.0458157677899953,0.03806198537019476,0.08896114145006451,0.08740513349572814,1.0178022490453884
2023-02-11,0.0823720023036003,0.082514002919197,0.0807880014181137,0.0810659974813461,244141279,DOGECOIN,0.01580958194793025,0.015685912248502087,0.043571703553947565,0.0378550561044445,0.08704542794397896,0.08747466678420698,0.9950929925656428
2023-02-12,0.0821439996361732,0.0854189991950988,0.0817420035600662,0.0823550000786781,448723137,DOGECOIN,-0.0027679631555723727,-0.0027718010493226713,0.04328162259720904,0.036680856880128294,0.08562385610171723,0.08739819998542463,0.979698164447285
2023-02-13,0.0821560025215148,0.0862049981951713,0.0799779966473579,0.0821439996361732,752090969,DOGECOIN,0.00014612005009184692,0.0001461093755971533,0.04332262623128189,0.036099316932406686,0.08456771395036147,0.08722596665223435,0.9695245257358832
2023-02-14,0.0835340023040771,0.0836480036377906,0.0812729969620704,0.0821430012583732,427664094,DOGECOIN,0.01677296533751682,0.016633852555294357,0.040792744223971236,0.03618544083222098,0.08327600040606085,0.0871394000947475,0.9556641463621975
2023-02-15,0.0892909988760948,0.0893549993634224,0.0828320011496543,0.0835350006818771,846713153,DOGECOIN,0.06891800240890311,0.06664692415135695,0.05036562319269132,0.037800967388552806,0.08315242933375491,0.08732790003220235,0.952186292159691
2023-02-16,0.0850439965724945,0.0912619978189468,0.0849659964442253,0.0892810001969337,849757697,DOGECOIN,-0.047563610633292064,-0.04873195702845717,0.03441957902978764,0.038896087771198004,0.0836615722094263,0.0873966331283251,0.9572631028770343
2023-02-17,0.0877659991383552,0.0884110033512115,0.084706999361515,0.0850550010800361,447263733,DOGECOIN,0.032006992563435865,0.031505442776179206,0.03522662070003463,0.03870528200538419,0.08461528590747285,0.08764913305640216,0.9653864557111245
2023-02-18,0.0889270007610321,0.0898220017552375,0.0869740024209022,0.0877590030431747,397918582,DOGECOIN,0.013228375841157991,0.01314164491306593,0.03518695316209247,0.03864844053470215,0.08555171425853454,0.08789136633276937,0.9733801831527278
2023-02-19,0.0869660004973411,0.0897379964590072,0.0862860009074211,0.0889260023832321,505191212,DOGECOIN,-0.022051798069302686,-0.022298573610968445,0.037173005539133136,0.03753982992342595,0.08624057152441565,0.08791013310352959,0.9810083147394654
2023-02-20,0.0882079973816871,0.0886270031332969,0.0858530029654502,0.0869939997792244,449906814,DOGECOIN,0.014281407414889369,0.014180388772268801,0.03704768633065463,0.037440182053468336,0.08710514221872599,0.08802489961187042,0.9895511679399814
2023-02-21,0.0854130014777183,0.0887070000171661,0.0848449990153312,0.0882230028510093,483249308,DOGECOIN,-0.03168642285205159,-0.03219930082921591,0.04009640046425187,0.03715342164037003,0.0873735706721033,0.08792853305737174,0.9936884835221085
2023-02-22,0.0855339989066124,0.0874639973044395,0.0832530036568641,0.0854180008172988,765182582,DOGECOIN,0.001416616051429287,0.0014156135975272176,0.028905674607043394,0.03714686963074162,0.08683685639074867,0.08782616630196567,0.9887355903955145
2023-02-23,0.0842920020222663,0.0863690003752708,0.0839319974184036,0.0855349972844123,351385340,DOGECOIN,-0.014520505298742381,-0.014626959606076738,0.02274893078059343,0.03589219941222008,0.08672942859785893,0.08783756643533702,0.9873842379468257
2023-02-24,0.0808999985456466,0.0848999992012977,0.0798889994621276,0.0842880010604858,449138535,DOGECOIN,-0.04024110704742412,-0.041073179238895495,0.02184336437032865,0.03616581941882657,0.08574857137032912,0.087647766371568,0.9783315071237805
2023-02-25,0.0807859972119331,0.0817790031433105,0.0790579989552497,0.0809149965643882,316321963,DOGECOIN,-0.0014091636064638147,-0.0014101574112307634,0.019677169855180997,0.03616610917700447,0.08458557086331497,0.08746153290073072,0.9671174064525032
2023-02-26,0.0822020024061203,0.0824730023741722,0.0805770009756088,0.080775998532772,218231642,DOGECOIN,0.01752785436902471,0.017376013261169065,0.022328357003734606,0.03629153627485091,0.08390499970742629,0.08729749967654542,0.9611386353367621
2023-02-27,0.0813539996743202,0.0822020024061203,0.080204002559185,0.0822020024061203,267030813,DOGECOIN,-0.010316083635171558,-0.010369663232225499,0.02006867458235834,0.036276936442786054,0.08292585717780246,0.08708303297559415,0.952261931449301
2023-02-28,0.0807489976286888,0.082735002040863,0.0802000015974044,0.0813589990139007,370709700,DOGECOIN,-0.007436660128000705,-0.007464449946275576,0.017887017710393156,0.03583853272684554,0.08225957091365539,0.08676689962546028,0.9480524401440952
2023-03-01,0.0819640010595321,0.0825639963150024,0.080545000731945,0.0807619988918304,260501052,DOGECOIN,0.015046668894025172,0.014934590642675497,0.01971249710913006,0.03583672336481005,0.08174957122121533,0.08655446643630661,0.9444870332760114
2023-03-02,0.0805199965834617,0.0821669995784759,0.0798590034246444,0.0819680020213127,225493749,DOGECOIN,-0.01761754498809276,-0.01777458106072212,0.019973842170885145,0.03188496751194267,0.0812107133013861,0.08603289971748986,0.9439495073171009
2023-03-03,0.0767770037055015,0.0805720016360282,0.0742349997162818,0.0805250033736229,564252293,DOGECOIN,-0.04648525877768095,-0.04760039394337309,0.021912905961049365,0.03267917169477286,0.08062171403850825,0.0854530997574329,0.9434615510421621
2023-03-04,0.0745560005307197,0.0771550014615058,0.0731000006198883,0.0767780020833015,267382234,DOGECOIN,-0.028927974101477627,-0.029354636409328352,0.0231356982257468,0.03254251609910545,0.07973171451262061,0.08490566636125242,0.9390623491885931
2023-03-05,0.0747950002551078,0.0759169980883598,0.0744149982929229,0.0745650008320808,215772335,DOGECOIN,0.0032056403600890793,0.0032005132492235904,0.020680657785665413,0.032156013127606714,0.07867357134819027,0.08429926633834835,0.9332651963116918
2023-03-06,0.0748049989342689,0.0750610008835792,0.0735519975423812,0.0747900009155273,274994083,DOGECOIN,0.00013368111674583183,0.0001336721822215872,0.021316040258547664,0.031432671489371164,0.07773799981389722,0.08360003307461734,0.9298800126611438
2023-03-07,0.0740479975938797,0.0758299976587295,0.0730300024151802,0.0748049989342689,309277502,DOGECOIN,-0.010119662471412827,-0.01017121434225688,0.02124470837889278,0.03088689975730632,0.07678071409463878,0.08299846624334649,0.9250859391729285
2023-03-08,0.0711300000548362,0.0742349997162818,0.0707670003175735,0.0740479975938797,321627782,DOGECOIN,-0.03940683926454591,-0.0402043095607958,0.019588445330926026,0.03124683065696284,0.0752329996653965,0.08238449965914087,0.9131936223035508
2023-03-09,0.0659869983792305,0.0722030028700828,0.0646279975771904,0.0711319968104362,523758954,DOGECOIN,-0.07230425518966421,-0.07505146114992765,0.028373431668891266,0.032583405590013874,0.07315685706479204,0.08149819970130916,0.8976499767223309
2023-03-10,0.0658330023288726,0.0660710036754608,0.0630230009555816,0.0659959986805915,475760293,DOGECOIN,-0.0023337332223065665,-0.00233646062185791,0.0284355372882404,0.03249307352017384,0.0715934282967022,0.08068743323286372,0.8872934164367797
2023-03-11,0.0665939971804618,0.0681959986686706,0.0644470006227493,0.0658330023288726,449044632,DOGECOIN,0.011559473587238411,0.011493173314106299,0.030763330991118745,0.02782380682209743,0.07045599924666536,0.08019123325745262,0.8785997718786485
2023-03-12,0.0710010007023811,0.0712499991059303,0.0660689994692802,0.0665820017457008,375272678,DOGECOIN,0.06617718876337841,0.06407953028305045,0.04322264839304449,0.030683120175628856,0.06991399931056154,0.07985493317246432,0.8755125893044936
2023-03-13,0.0730409994721412,0.0737259984016418,0.0685139968991279,0.0710000023245811,537268873,DOGECOIN,0.028731972078974932,0.028326948752531594,0.045308869369409414,0.031053443584899625,0.06966199938740045,0.07954389974474903,0.8757679672601051
2023-03-14,0.0747869983315467,0.0776399970054626,0.0717770010232925,0.0730360001325607,652033915,DOGECOIN,0.023904367027062,0.023623130680916586,0.0462587414434329,0.03146090927188978,0.06976757092135287,0.07929866636792814,0.8798076199370982
2023-03-15,0.0698660016059875,0.0760580003261566,0.0681409984827041,0.0748049989342689,528466415,DOGECOIN,-0.06580016360254737,-0.0680649060399715,0.051354703164095176,0.03360773346986003,0.06958699971437449,0.07888899967074389,0.8820874900785557
2023-03-16,0.0727180019021034,0.0734769999980926,0.0692540034651756,0.0698779970407486,326147102,DOGECOIN,0.04082100350038487,0.04000982816279646,0.041813159269706635,0.03439793675777597,0.07054857164621346,0.07852846632401143,0.8983821402436076
2023-03-17,0.0765089988708496,0.0772970020771026,0.0718140006065368,0.072731003165245,485591017,DOGECOIN,0.052132853895653364,0.05081939331504416,0.04318250875496842,0.03337325827785433,0.07207371400935304,0.07810239965716993,0.92281049398892
2023-03-18,0.0730499997735023,0.0787639990448951,0.0729459971189498,0.0765099972486496,517840653,DOGECOIN,-0.04521035627699477,-0.04626423111691747,0.05033248753069353,0.033264999439579855,0.07299600009407312,0.0777025997638702,0.9394280283529775
2023-03-19,0.07481300085783,0.0766019970178604,0.0730409994721412,0.0730409994721412,338882489,DOGECOIN,0.02413416960703696,0.02384754304116158,0.04563452602193686,0.03300302516997108,0.07354057154485152,0.07727083315451935,0.9517248429014815
2023-03-20,0.0714870020747184,0.0756080001592636,0.0710219964385032,0.0748070031404495,409238948,DOGECOIN,-0.04445749729291204,-0.045476034127754056,0.04845163699565878,0.033601933647779525,0.07331857191664827,0.07668949986497556,0.9560444656144276
2023-03-21,0.076894000172615,0.0774770006537437,0.0708620026707649,0.071491003036499,631254174,DOGECOIN,0.0756361008431321,0.07291220829590399,0.055975136771651196,0.03650509539890888,0.07361957217965802,0.07635376652081802,0.9641904457926838
2023-03-22,0.0739990025758743,0.0776429995894432,0.0721340030431747,0.0768700018525123,693511781,DOGECOIN,-0.037649200070771216,-0.0383762378965055,0.050460558289312195,0.036856824136109245,0.07421000088964184,0.07588013336062426,0.9779898585174459
2023-03-23,0.0774120017886161,0.0789339989423751,0.073294997215271,0.0739959999918937,637122733,DOGECOIN,0.0461222326509374,0.04509021603432764,0.0510275058904187,0.037644704300483216,0.07488057230200082,0.07561343337098753,0.9903077927252554
2023-03-24,0.0746800005435943,0.0774900019168853,0.0733880028128624,0.077403999865055,396748009,DOGECOIN,-0.03529170131114667,-0.035929504490754674,0.04967645521767736,0.03809885062728137,0.07461928682667862,0.07525163342555359,0.9915969053415891
2023-03-25,0.0740439966320991,0.0759140029549598,0.072963997721672,0.0746819972991943,286831067,DOGECOIN,-0.008516388683258547,-0.0085528603401944,0.04618227321870712,0.038059424865359605,0.07476128637790673,0.07491003324588136,0.99801432649901
2023-03-26,0.0744170024991035,0.075375996530056,0.0737209990620613,0.0740550011396408,228916506,DOGECOIN,0.005037624709235411,0.005024978331899826,0.04523168195821973,0.03745013104809273,0.07470471518380296,0.07469393337766325,1.0001443464770452
2023-03-27,0.0728949978947639,0.0758310034871101,0.0717559978365898,0.0744260028004646,435284210,DOGECOIN,-0.020452377188370785,-0.020664423267814383,0.04200011315318012,0.03759049295939027,0.07490585744380947,0.07443090006709094,1.0063811854524185
2023-03-28,0.0738229975104332,0.0739250034093856,0.0719370022416114,0.0728989988565445,276514415,DOGECOIN,0.012730635056866557,0.012650281769361203,0.02956611582754513,0.03751013067106216,0.07446714277778348,0.07415159990390137,1.0042553751273209
2023-03-29,0.0756269991397857,0.0767330005764961,0.0736420005559921,0.0738240033388137,423884022,DOGECOIN,0.024436851525807324,0.024143048462111627,0.027461306712990047,0.037822772948679535,0.07469971371548512,0.07396069988608356,1.0099919799371804
2023-03-30,0.0742449983954429,0.0766410008072853,0.0736839994788169,0.0756419971585273,372289117,DOGECOIN,-0.018273906938821805,-0.01844293717149415,0.021016435607094635,0.03792609992664259,0.07424728465931751,0.07374389991164201,1.006826120510017
2023-03-31,0.0770350024104118,0.0777219980955123,0.0738079994916915,0.0742589980363845,378314248,DOGECOIN,0.037578342989635694,0.03688948158719196,0.021724046013321553,0.03848775811733245,0.0745837134974343,0.07357959995667133,1.0136466295189734
2023-04-01,0.0840509980916976,0.0852790027856826,0.0761440023779869,0.0770249962806701,933070185,DOGECOIN,0.09107542625762988,0.08716383943613434,0.03696416906824986,0.04164974455456666,0.0760132851345198,0.07369730000694587,1.0314256441871772
2023-04-02,0.0790890008211135,0.0852790027856826,0.0778480023145675,0.0818590000271797,929778146,DOGECOIN,-0.059035554404370916,-0.06084992374965351,0.04768213102175161,0.04225346718344174,0.0766807134662355,0.07377436657746629,1.0393950774991396
2023-04-03,0.0960789993405342,0.1026400029659271,0.0766320005059242,0.079086996614933,3497240136,DOGECOIN,0.21482125634447335,0.19459695185039322,0.08237914171461824,0.0546672762465303,0.07999271367277412,0.07449179987112677,1.0738458972821723
2023-04-04,0.095159001648426,0.1025379970669746,0.0928710028529167,0.0960830003023147,3096545498,DOGECOIN,-0.009575429577981298,-0.009621568775104014,0.08400086749146256,0.05475981056665359,0.08304071426391595,0.0751705999175707,1.1046967079546435
2023-04-05,0.0928170010447502,0.0989390015602111,0.0920839980244636,0.0951680019497871,1529520651,DOGECOIN,-0.024611445718278446,-0.024919370159161246,0.08716834323150194,0.05507445925667462,0.08549642882176803,0.07577099998792008,1.1283529164904573
2023-04-06,0.0854120030999183,0.0928469970822334,0.0854120030999183,0.0928220003843307,1410995902,DOGECOIN,-0.07978062059192914,-0.08314318148679731,0.09604750802892596,0.05742884059925269,0.08709171520812166,0.0761498001714547,1.143689346682864
2023-04-07,0.08245600014925,0.0860980004072189,0.0818910002708435,0.085437998175621,858234171,DOGECOIN,-0.03460875337638725,-0.03522182289482817,0.09778758418381575,0.057301386721935674,0.08786614345652712,0.07652733350793514,1.148166797781034
2023-04-08,0.0814049988985061,0.0838259980082511,0.0810350030660629,0.0824429988861084,507929909,DOGECOIN,-0.012746207053962566,-0.012828136892105187,0.09170241332613902,0.05540131854365718,0.08748814357178547,0.07704126685857766,1.135601050439433
2023-04-09,0.0832900032401084,0.0838249996304512,0.0813539996743202,0.0814009979367256,454428407,DOGECOIN,0.023155879455910133,0.022891850196335214,0.08854456168649061,0.05544617707298216,0.08808828677449905,0.0776231668889522,1.134819542991827
2023-04-10,0.0848520025610923,0.0852719992399215,0.0824699997901916,0.083296999335289,473882914,DOGECOIN,0.018753743069032547,0.018580059744377094,0.03581168800497777,0.055477365266931554,0.08648443009172162,0.07823176706830655,1.1054899222231478
2023-04-11,0.0842370018362999,0.0857099965214729,0.0838989987969398,0.0848509967327117,472611203,DOGECOIN,-0.007247922338068591,-0.007274316137981132,0.0359113529442397,0.05451478615967547,0.08492414440427502,0.07867296710610386,1.0794577543991748
2023-04-12,0.0834330022335052,0.0844290032982826,0.0813189968466758,0.0842370018362999,540510658,DOGECOIN,-0.00954449452459305,-0.009590335129244109,0.035844888974325084,0.054411502339300394,0.08358357314552574,0.07901936719814932,1.0577605985622638
2023-04-13,0.0874840021133422,0.0883809998631477,0.0830200016498565,0.0834280028939247,810485328,DOGECOIN,0.048553926760293464,0.04741200233127537,0.02764388466104542,0.054872188010252614,0.08387957300458629,0.07944260065754251,1.055851297796386
2023-04-14,0.0887850001454353,0.0911160036921501,0.0858789980411529,0.0874850004911422,1007326042,DOGECOIN,0.014871267896586993,0.014761774791654416,0.021845001355713704,0.053112851934966045,0.08478371586118419,0.08007323394219076,1.0588271721658473
2023-04-15,0.0889739990234375,0.0904470011591911,0.0876530036330223,0.0887850001454353,463978095,DOGECOIN,0.002128725321761671,0.002126462796308457,0.01981268516413639,0.05277453487413397,0.08586500159331725,0.0806151005129019,1.0651230482504348
2023-04-16,0.0904719978570938,0.0915149971842765,0.0882309973239898,0.0889680013060569,594760862,DOGECOIN,0.016836366242925616,0.016696205638007704,0.01941597438330234,0.05215550442339144,0.08689100082431518,0.08108053381244337,1.0716629101790653
2023-04-17,0.091448999941349,0.0945950001478195,0.088577002286911,0.0904819965362548,1360494890,DOGECOIN,0.010798944506547059,0.01074105231543592,0.019185517420327917,0.051231493860019656,0.0878334290214947,0.08169383381803824,1.0751537162172062
2023-04-18,0.0939889997243881,0.0944949984550476,0.0900859981775283,0.0914580002427101,839983343,DOGECOIN,0.027775041658937072,0.027396312014888013,0.018224262516053018,0.05127464924989101,0.08922657157693588,0.08233303378025685,1.0837274843421605
2023-04-19,0.0878679975867271,0.0940209999680519,0.086848996579647,0.0939880013465881,1277738666,DOGECOIN,-0.06512466518007565,-0.06734209032631354,0.03597865310121828,0.05220225430599147,0.08986014234168185,0.08287906696399047,1.084232070092253
2023-04-20,0.0839369967579841,0.0929720029234886,0.0829980000853538,0.087857000529766,1950918834,DOGECOIN,-0.044737571547172617,-0.045769182058973026,0.035944799266956325,0.05151790020646326,0.08935342729091642,0.08311383351683613,1.0750728670554746
2023-04-21,0.0784789994359016,0.0846289992332458,0.0775170028209686,0.0839340016245842,853137910,DOGECOIN,-0.06502492980323771,-0.06723541294007458,0.04107857106715328,0.05257423077034022,0.08788114147526874,0.0832631667455037,1.055462396042178
2023-04-22,0.080375000834465,0.0809189975261688,0.0783130005002021,0.0784820020198822,396888464,DOGECOIN,0.024159347241830886,0.023872127051791002,0.04356815400057508,0.05211470514950349,0.08665271316255839,0.08336193338036532,1.039475809266297
2023-04-23,0.0788199976086616,0.0806280001997947,0.0774369984865188,0.0803800001740455,365182428,DOGECOIN,-0.01934685175314632,-0.019536451512306204,0.041336552999826415,0.05179637469116878,0.08498814169849665,0.08349993328253423,1.017822869521666
2023-04-24,0.0787839964032173,0.0799729973077774,0.0775690004229545,0.0788189992308616,392854009,DOGECOIN,-0.0004567521763073623,-0.00045685651935646257,0.040162328116221585,0.05176166200374877,0.08317885547876355,0.08365793327490484,0.9942733728005566
2023-04-25,0.0798470005393028,0.079925999045372,0.0777560025453567,0.0787829980254173,343833135,DOGECOIN,0.013492640442419601,0.013402425356586306,0.03760128832289649,0.05180074564075238,0.08115856988089422,0.08383893320957815,0.9680296107539484
2023-04-26,0.0786229968070983,0.0833719968795776,0.0761509984731674,0.0798479989171028,722718207,DOGECOIN,-0.015329363957785835,-0.015448073379964079,0.032196954350666045,0.051729544026884004,0.07983785548380438,0.08402986650665596,0.9501128444310984
2023-04-27,0.0801900029182434,0.0809499993920326,0.0785270035266876,0.0786380022764206,435944109,DOGECOIN,0.019930633208878445,0.019734618325659793,0.031575704993023555,0.05179350668152537,0.07930257064955572,0.08424210002024964,0.9413650731699876
2023-04-28,0.0803639963269233,0.0805760025978088,0.079423002898693,0.0801929980516433,258987983,DOGECOIN,0.0021697643390448107,0.002167413799864639,0.01675162153416413,0.051635782435166144,0.07957185591970166,0.08439999992648754,0.9427945022394407
2023-04-29,0.0816299989819526,0.081845998764038,0.0803029984235763,0.0803660005331039,268639541,DOGECOIN,0.015753356140717045,0.015630559981364884,0.01529882146537099,0.05154470268705436,0.07975114136934276,0.08464616661270455,0.9421707392165933
2023-04-30,0.0797690004110336,0.0817010030150413,0.0796279981732368,0.0816269963979721,264245527,DOGECOIN,-0.0227979737122187,-0.023061866035636706,0.01616751367097777,0.05135375731276382,0.07988671319825304,0.08473729987939195,0.9427573608311471
2023-05-01,0.0788199976086616,0.0799959972500801,0.0776280015707016,0.0797600001096725,325694977,DOGECOIN,-0.011896887230402609,-0.0119682215285184,0.016989179888600745,0.04875259746937858,0.07989185622760223,0.08456293319662407,0.9447621222154068
2023-05-02,0.07880599796772,0.0790449976921081,0.0778319984674453,0.0788220018148422,234651604,DOGECOIN,-0.0001776153433942218,-0.00017763111886733135,0.015956331755975883,0.047474922264492146,0.07974314157451898,0.08455349976817762,0.9431087038756844
2023-05-03,0.0797130018472671,0.0805270001292228,0.0773279964923858,0.07880599796772,306950726,DOGECOIN,0.011509325469345688,0.011443597028884185,0.015370215602176765,0.03020802565773842,0.07989885658025737,0.08400796651840206,0.9510866634625113
2023-05-04,0.0784490033984184,0.0797360017895698,0.0781560018658638,0.079703003168106,255462655,DOGECOIN,-0.015856866753940158,-0.015983931892338734,0.014386012855146414,0.03025499413117548,0.07965014236313951,0.08345096657673513,0.9544544015544665
2023-05-05,0.0803899988532066,0.0812920033931732,0.0779099985957145,0.0784519985318183,335482524,DOGECOIN,0.024742130182718647,0.024441000629193913,0.017810219455072596,0.03055587416849447,0.07965385700975143,0.08303673317035035,0.9592604859146021
2023-05-06,0.0769980028271675,0.0803849995136261,0.0764390006661415,0.0803849995136261,341154511,DOGECOIN,-0.042194253942370974,-0.04311029186670266,0.02247186760697514,0.02776259668523813,0.07899214327335355,0.08275626649459199,0.9545155505355668
2023-05-07,0.0767100006341934,0.0774959996342659,0.0766929984092712,0.0769869983196258,205466114,DOGECOIN,-0.00374038523597231,-0.0037473979691730747,0.021529751014191256,0.02710779538405768,0.07855514330523351,0.08256473317742345,0.9514370153225866
2023-05-08,0.0724729970097541,0.0771069973707199,0.0709460005164146,0.0766969993710517,459549555,DOGECOIN,-0.05523404496689144,-0.05681804879447046,0.029091240853245083,0.028826195145051352,0.07764842893396103,0.08226699978113171,0.943858766462151
2023-05-09,0.0731389969587326,0.073303997516632,0.0722879990935325,0.0724729970097541,249148363,DOGECOIN,0.009189628916393078,0.009147661192517599,0.029924092604548896,0.028493429376694118,0.07683885736124853,0.08192863290508585,0.9378754976940257
2023-05-10,0.0732259973883628,0.0746079981327056,0.0713199973106384,0.0731429979205131,344464160,DOGECOIN,0.0011895217769979372,0.0011888148565116347,0.02889489190327742,0.028186458693250323,0.07591214243854792,0.08154109939932819,0.9309678554465671
2023-05-11,0.0720850005745887,0.0732330009341239,0.0695670023560524,0.0732330009341239,325440313,DOGECOIN,-0.015581854183872479,-0.015704527258323164,0.02888886680170057,0.02825276757534683,0.07500299917800081,0.08113603269060449,0.9244104831204807
2023-05-12,0.0724589973688125,0.0725670009851455,0.0697240009903907,0.0720760002732276,365130285,DOGECOIN,0.005188274831694262,0.0051748621064301266,0.025554140867418845,0.0283020863643957,0.07386999896594451,0.08077023252844806,0.9145695964156941
2023-05-13,0.0717770010232925,0.0724610015749931,0.0714730024337768,0.0724610015749931,150685494,DOGECOIN,-0.009412169230671008,-0.009456743610373375,0.02230827127586796,0.02654099701077259,0.07312414156539095,0.0802466658254464,0.9112421159584566
2023-05-14,0.0719859972596168,0.0725819990038871,0.0714220032095909,0.0717779994010925,136339325,DOGECOIN,0.0029117437806640556,0.0029075128656458667,0.022757948608855872,0.026299193567381397,0.07244928394045143,0.07968669906258578,0.9091766228583505
2023-05-15,0.0720459967851638,0.0734409987926483,0.0711980015039444,0.0719809979200363,225262487,DOGECOIN,0.00083348884270662,0.0008331416837698362,0.008680376396905021,0.02628478765997379,0.07238828390836712,0.07912243232131,0.9148895172282364
2023-05-16,0.0727289989590644,0.0731379985809326,0.0711819976568222,0.0720489993691444,191614182,DOGECOIN,0.009480085006489336,0.009435430994677297,0.008736086933157092,0.026091460228662443,0.07232971276555736,0.078530999024709,0.9210339058949133
2023-05-17,0.0749109983444213,0.0753080025315284,0.0724660009145736,0.0727299973368644,327166551,DOGECOIN,0.030001779435807174,0.029560529847631873,0.014496566087065338,0.02675733863087925,0.07257042718785144,0.07797973230481144,0.9306319096375477
2023-05-18,0.0735459998250007,0.0749019980430603,0.0719090029597282,0.0749019980430603,308943184,DOGECOIN,-0.018221603630814043,-0.018389661705813593,0.015104489350018744,0.02604475497057683,0.07277914136648171,0.07729829897483186,0.9415361312178219
2023-05-19,0.0735270008444786,0.0739559978246688,0.0731619969010353,0.0735350027680397,168839396,DOGECOIN,-0.00025832785695090177,-0.00025836122933920895,0.015105694391427225,0.023550052545470816,0.07293171329157687,0.07682026575009024,0.9493811636741337
2023-05-20,0.0736699998378753,0.0738440006971359,0.0732249990105629,0.0735400021076202,115557983,DOGECOIN,0.001944850078941407,0.0019429613065495642,0.01424321812703693,0.022347865590721636,0.07320214169366013,0.07647803251941994,0.9571655975207264
2023-05-21,0.0721419975161552,0.0739789977669715,0.0720819979906082,0.0736659988760948,142232849,DOGECOIN,-0.020741174495490067,-0.020959293962629678,0.01704988011287928,0.01923825805938765,0.07322442744459419,0.07626679912209507,0.9601088322504481
2023-05-22,0.0729980021715164,0.0738679990172386,0.0711330026388168,0.0721440017223358,210015266,DOGECOIN,0.011865552449799033,0.011795708729015787,0.0176005988742207,0.018781705048323678,0.07336042821407314,0.07602089916666345,0.9650034269292492
2023-05-23,0.0728640034794807,0.0738819986581802,0.0725720003247261,0.0729999989271164,160114643,DOGECOIN,-0.0018356487581790981,-0.0018373356260081158,0.017306846653829963,0.01852740379098941,0.0733797145741326,0.07582236602902408,0.9677845524636299
2023-05-24,0.0707350000739097,0.0728759989142417,0.0700619965791702,0.0728669986128807,240278483,DOGECOIN,-0.029218863964434072,-0.029654236678632526,0.014906229063909692,0.01916577865278821,0.07278314339263094,0.0755540661513805,0.9633252993532112
2023-05-25,0.0708749964833259,0.0709649994969368,0.0692239999771118,0.0707340016961097,195452304,DOGECOIN,0.0019791674456763886,0.0019772114741589404,0.014568404310536524,0.018928479146865396,0.07240157148667739,0.07525499934951459,0.9620832119128095
2023-05-26,0.0709839984774589,0.0713500007987022,0.0704429969191551,0.0708770006895065,162190615,DOGECOIN,0.0015379470834773201,0.0015367656540237356,0.014686947785623624,0.01882716454354178,0.07203828543424602,0.07500036607185993,0.9605057842680946
2023-05-27,0.072682999074459,0.0732870027422905,0.0709149986505508,0.0709820017218589,152865632,DOGECOIN,0.023934980184860066,0.023653028688142615,0.018261649474598216,0.0190059885395601,0.07189728532518655,0.07475013261040046,0.9618348866338068
2023-05-28,0.0736130028963089,0.0739170014858245,0.0721990019083023,0.0726810023188591,190660985,DOGECOIN,0.012795341877639865,0.012714173145262735,0.016788232834427253,0.01920663989792648,0.07210742895092279,0.07452509949604666,0.9675589759494099
2023-05-29,0.073184996843338,0.0739189982414245,0.0728309974074363,0.0736159980297088,157791026,DOGECOIN,-0.0058142724264867995,-0.005831241114094537,0.016548941927104138,0.01888873684804533,0.07213414247546872,0.0742435994247595,0.9715873561406655
2023-05-30,0.0723609998822212,0.0733830034732818,0.0722749978303909,0.073183000087738,248138018,DOGECOIN,-0.01125909676379,-0.01132296020938754,0.017137280310440466,0.018591783143247543,0.07206228481871736,0.0739966660737991,0.9738585350162599
2023-05-31,0.0716599971055984,0.0726329982280731,0.0708419978618621,0.0723619982600212,189603858,DOGECOIN,-0.009687577255203639,-0.00973480710783478,0.012650773784154154,0.018560109093021415,0.07219442725181575,0.07375799939036365,0.9788013211926655
2023-06-01,0.071492001414299,0.0721189975738525,0.070882000029087,0.071662001311779,163467169,DOGECOIN,-0.0023443440983096364,-0.0023470963752995613,0.012749069408703417,0.018552254681268015,0.07228257081338334,0.07351419950524961,0.9832463836897479
2023-06-02,0.0726120024919509,0.0731979981064796,0.0711679980158805,0.0714899972081184,172034498,DOGECOIN,0.01566610327722473,0.015544656636153283,0.013855111933685433,0.018678910093884345,0.07251514281545364,0.07327749952673908,0.9895963056025505
2023-06-03,0.072671003639698,0.0729470029473304,0.0723339989781379,0.0726099982857704,112049190,DOGECOIN,0.0008125536512182396,0.0008122237082190143,0.010539058275499611,0.018530862960977806,0.07251342918191635,0.07308489953478173,0.9921807328668022
2023-06-04,0.0724710002541542,0.0732500031590461,0.0724660009145736,0.072672002017498,135558595,DOGECOIN,-0.0027521759096023057,-0.0027559701088558197,0.008920545589786357,0.01781635686805629,0.07235028594732282,0.07282093291481331,0.9935369275199885
2023-06-05,0.0665730014443397,0.0726319998502731,0.0648280009627342,0.0724750012159347,506101788,DOGECOIN,-0.08138426114073705,-0.08488737370873987,0.03266833670774998,0.022132530276375607,0.07140571517603735,0.07247343286871906,0.9852674607726142
2023-06-06,0.070372998714447,0.071783997118473,0.066111996769905,0.0665680021047592,428926152,DOGECOIN,0.057080155433346214,0.05551053696784341,0.041885930735739436,0.024726552149309775,0.07112171500921245,0.07226219947139416,0.9842174128309894
2023-06-07,0.0672999992966651,0.070371001958847,0.0668779984116554,0.070371001958847,278793457,DOGECOIN,-0.043667308114170744,-0.04464942240543044,0.04467166463623078,0.02389702095123234,0.07049885817936484,0.0720897662142912,0.9779315689525572
2023-06-08,0.0679659992456436,0.0684259980916976,0.0671539977192878,0.0673020035028457,167825308,DOGECOIN,0.009895987458227395,0.0098473428354579,0.04520743048462346,0.02390908722780189,0.06999514358384264,0.07191733295718823,0.9732722377998937
2023-06-09,0.0694890022277832,0.0709199979901313,0.0676259994506836,0.067962996661663,274101529,DOGECOIN,0.022408307080650003,0.022160929687008054,0.045827754195560025,0.02432203560444003,0.06954900068896154,0.07179276645183559,0.9687466318159038
2023-06-10,0.0618599988520145,0.070591002702713,0.0585360005497932,0.0694890022277832,975736541,DOGECOIN,-0.10978720561796274,-0.11629475002328285,0.061501811471078305,0.032026154955670974,0.06800457143357817,0.07145193306108312,0.951752717109027
2023-06-11,0.0615869984030723,0.0625149980187416,0.0613030008971691,0.0618610009551048,235910036,DOGECOIN,-0.004413198415914699,-0.004422965322166859,0.061413479316727644,0.03196786973961893,0.06644971402628078,0.07108953309555845,0.934732739585716
2023-06-12,0.0614590011537075,0.061634998768568,0.060403998941183,0.0615790002048015,210832319,DOGECOIN,-0.002078316084299092,-0.002080478780202225,0.055224946548296856,0.031964109676347066,0.06571914255619046,0.07074559976657227,0.9289502495283553
2023-06-13,0.0617230013012886,0.0624530017375946,0.0607639998197555,0.0614590011537075,204620564,DOGECOIN,0.004295548945236538,0.004286349410159341,0.04776867773160419,0.03197711816286159,0.06448342864002497,0.07040349990129466,0.9159122590557345
2023-06-14,0.0603870004415512,0.062109000980854,0.0589490011334419,0.0617230013012886,248200812,DOGECOIN,-0.021645105253647268,-0.02188279670788529,0.04646761805316047,0.032099829170096475,0.06349585737500871,0.0700148666898409,0.90689107009643
2023-06-15,0.0615030005574226,0.0618249997496604,0.0597960017621517,0.0603890009224414,218623835,DOGECOIN,0.01848080063111568,0.01831210587485923,0.04733866818358096,0.032286283231853924,0.06257257184811998,0.06964066674311953,0.8985062144641534
2023-06-16,0.0621020011603832,0.0626299977302551,0.0609520003199577,0.0615030005574226,198520116,DOGECOIN,0.009739372023017445,0.009692250051219747,0.04595351186528368,0.03173956968224285,0.061517285981348556,0.06921370017031826,0.8888021566535139
2023-06-17,0.0622170008718967,0.0628229975700378,0.0618349984288215,0.0621059983968734,153965122,DOGECOIN,0.001851787532844762,0.0018500750880414106,0.012577000387693967,0.031687713013979886,0.06156828626990316,0.06883606687188146,0.8944190025338725
2023-06-18,0.0621670000255107,0.0637490004301071,0.0616049990057945,0.0622139982879161,243548821,DOGECOIN,-0.0008036524693459945,-0.0008039755711110232,0.012398576514244919,0.031684712095551314,0.061651143644537214,0.06845740017791586,0.9005767599165367
2023-06-19,0.0623410008847713,0.0626979991793632,0.0616960003972053,0.0621670000255107,149792820,DOGECOIN,0.0027989264270302794,0.0027950167260694914,0.01231109817847795,0.03169208240564232,0.06177714360611776,0.06807976687947905,0.9074229604146742
2023-06-20,0.0630450025200843,0.0630569979548454,0.0609109997749328,0.0623430013656616,190107977,DOGECOIN,0.011292754773287061,0.011229467629867396,0.01279292648302874,0.03169784267260796,0.06196600092308857,0.06777653371294336,0.9142692540981165
2023-06-21,0.0657040029764175,0.0664699971675872,0.0629649981856346,0.0630450025200843,370299722,DOGECOIN,0.04217622888485284,0.041311054640315405,0.01447165754932883,0.03266416878722392,0.06272557271378375,0.06753340040644006,0.9288081502823626
2023-06-22,0.0656429976224899,0.0690060034394264,0.0655499994754791,0.0656960010528564,406178282,DOGECOIN,-0.0009284876288206956,-0.0009289189404581459,0.014905934664574431,0.03266619297341606,0.06331700086593624,0.06729270021120705,0.9409193072533492
2023-06-23,0.0681739971041679,0.0696630030870437,0.0655340030789375,0.0656400024890899,319058221,DOGECOIN,0.03855703690184398,0.03783228521568603,0.018410025031320776,0.03312201152773456,0.06418442885790547,0.06720733344554898,0.9550212092540072
2023-06-24,0.0667420029640197,0.0683090016245842,0.065700002014637,0.068181000649929,276939973,DOGECOIN,-0.021004990186509698,-0.021228733692921664,0.022434484279157847,0.0333149596409962,0.06483085772820876,0.06706956699490543,0.9666210866268643
2023-06-25,0.0667639970779419,0.067962996661663,0.0665450021624565,0.0667390003800392,191028870,DOGECOIN,0.0003295393147557668,0.00032948502860173586,0.02234718167128703,0.03331126559304411,0.06548757159284178,0.0669289002815882,0.9784647785533253
2023-06-26,0.064749002456665,0.0667850002646446,0.0638789981603622,0.0667539983987808,266917426,DOGECOIN,-0.030180856591383254,-0.030645674962897766,0.027232283972146498,0.033342071912298724,0.06583157181739803,0.06666443372766175,0.9875066528928134
2023-06-27,0.0655450001358985,0.0657429993152618,0.0645530000329017,0.0647469982504844,212409649,DOGECOIN,0.012293589847445885,0.012218637336833918,0.027270029688697264,0.033333703128873286,0.06618871433394291,0.06639550030231472,0.9968855424323897
2023-06-28,0.0626019984483718,0.0655649974942207,0.061583999544382,0.0655499994754791,274764095,DOGECOIN,-0.04490047572545264,-0.045939730031248446,0.02812972492433917,0.034207969748330395,0.06574557082993639,0.06604273368914919,0.9955004458081416
2023-06-29,0.0634069964289665,0.0640280023217201,0.0625509992241859,0.0625939965248107,192396033,DOGECOIN,0.012858982149884124,0.012777007431952543,0.029076418380307435,0.03434209389270502,0.06542614208800447,0.06574426690737403,0.9951611777827295
2023-06-30,0.0664789974689483,0.0667119994759559,0.0626429989933967,0.0634019970893859,489091093,DOGECOIN,0.04844892855669802,0.04731186111933857,0.03151927337671217,0.03559326587363192,0.0651839992829731,0.06557156691948568,0.9940893949203856
2023-07-01,0.0684780031442642,0.0707890018820762,0.0664680004119873,0.0664810016751289,635045706,DOGECOIN,0.03006973256853973,0.029626501472753843,0.03261957152099774,0.03607351101442265,0.06543199930872232,0.06547110031048452,0.99940277463527
2023-07-02,0.0680380016565322,0.0689079985022544,0.066720001399517,0.0684790015220642,374040291,DOGECOIN,-0.006425442733851705,-0.006446174746973082,0.03283497895418691,0.035939747101610096,0.06561399996280663,0.06531863361597057,1.0045219308868678
2023-07-03,0.068352997303009,0.0686950013041496,0.0674590021371841,0.0680420026183128,265466622,DOGECOIN,0.0046297016197940355,0.004619017514704477,0.029390707867123486,0.03595735122022622,0.06612885636942721,0.06517470007141428,1.0146399798843329
2023-07-04,0.0689409971237182,0.0714239999651908,0.0679199993610382,0.0683469995856285,493149432,DOGECOIN,0.008602399951864514,0.008565610145922326,0.029330262749535624,0.036008973449053155,0.0666139987962586,0.06505703330039973,1.0239323162596363
2023-07-05,0.0670330002903938,0.069132000207901,0.0659400001168251,0.0689470022916793,313972996,DOGECOIN,-0.027675793982213537,-0.02806598484977212,0.024273522366734968,0.03283506850855899,0.0672469990594046,0.0650723665952682,1.0334186779722028
2023-07-06,0.0650260001420974,0.0684759989380836,0.0650049969553947,0.0670249983668327,281014235,DOGECOIN,-0.029940479161038147,-0.03039784767760862,0.028499459376238125,0.03156938080960295,0.06747828530413759,0.06489413330952322,1.03982104179262
2023-07-07,0.0654250010848045,0.0657970011234283,0.0645530000329017,0.065030001103878,202607383,DOGECOIN,0.0061360216195855966,0.006117272894891916,0.021317637644448464,0.03058483798880209,0.06732771439211704,0.06483163336912787,1.0385009738807196
2023-07-08,0.065760999917984,0.0659570023417472,0.0649709999561309,0.0654210001230239,148945060,DOGECOIN,0.005135633589733901,0.005122491200675215,0.01672070947710032,0.03053949532041982,0.06693957107407701,0.06475813339153921,1.0336859258951836
2023-07-09,0.0654349997639656,0.0662939995527267,0.0653320029377937,0.065761998295784,146485995,DOGECOIN,-0.00495734788742519,-0.0049696762974852675,0.016720271922186968,0.030227051945078534,0.06656771366085322,0.06462299997607862,1.0300932127182965
2023-07-10,0.0652429983019828,0.0660319998860359,0.0640090033411979,0.0654369965195655,258321415,DOGECOIN,-0.0029342318740031015,-0.0029385451718921024,0.01618802345203232,0.02117796179713035,0.06612342808927804,0.0647357666244109,1.0214357771171259
2023-07-11,0.0652870014309883,0.0654549971222877,0.064519003033638,0.0652469992637634,151465120,DOGECOIN,0.0006744498283453026,0.0006742224892732808,0.015195987241820181,0.021146947694663784,0.06560142870460234,0.06485910005867476,1.0114452504776665
2023-07-12,0.0650710016489029,0.0655699968338012,0.0640000030398368,0.0652879998087883,164499091,DOGECOIN,-0.0033084653506981754,-0.003313950423643833,0.012290888252895508,0.021156240808068202,0.06532114318438935,0.06497950007518129,1.0052577060274823
2023-07-13,0.0705069974064827,0.0712670013308525,0.0646750032901763,0.0650729984045028,625261655,DOGECOIN,0.08353945105855698,0.08023295209151056,0.030578346661807525,0.0255407400696135,0.06610414279358726,0.06527229994535441,1.0127441939219126
2023-07-14,0.0685290023684501,0.072731003165245,0.0671980008482933,0.0704990029335022,632033705,DOGECOIN,-0.02805388274626397,-0.028454910982410056,0.03418352583176738,0.025801119385473248,0.06654757154839377,0.06554370000958439,1.015316064528896
2023-07-15,0.0719270035624504,0.0747079998254776,0.0679749995470047,0.0685240030288696,883881437,DOGECOIN,0.04958486300049647,0.04839471741971585,0.03760831381167567,0.02692782313660804,0.06742842921188898,0.06589116677641864,1.023330326516854
2023-07-16,0.0695540010929107,0.0721350014209747,0.0693989992141723,0.0719290003180503,389882289,DOGECOIN,-0.032991816035813915,-0.033548320313170746,0.04123558858653934,0.027822516474958387,0.06801685797316684,0.06613956677416956,1.028383784329994
2023-07-17,0.0699049979448318,0.0727519989013671,0.0682549998164177,0.0695580020546913,464403123,DOGECOIN,0.0050463933980196,0.005033703030673861,0.04096912684979979,0.027820982807875285,0.06868285792214528,0.06639583334326739,1.034445302720337
2023-07-18,0.068582996726036,0.0702570006251335,0.0677430033683776,0.0699009969830513,284882933,DOGECOIN,-0.018911397720648093,-0.019092505167652696,0.042365195166436255,0.028125939389150662,0.06915371439286637,0.06660969989995157,1.0381928532441362
2023-07-19,0.0701590031385421,0.071212001144886,0.0684870034456253,0.0685890018939971,418313611,DOGECOIN,0.022979550147125716,0.022719496688674068,0.04244779430673497,0.0283485997811874,0.06988057174852912,0.06687029997507726,1.0450165734948669
2023-07-20,0.0705159977078437,0.0710219964385032,0.0684870034456253,0.0701479986310005,574227832,DOGECOIN,0.005088364334319806,0.005075462356654228,0.029464712989013528,0.028316266848120743,0.06988185750586641,0.06711933314800259,1.0411583999467378
2023-07-21,0.073294997215271,0.0763909965753555,0.0704070031642913,0.0705259963870048,762216251,DOGECOIN,0.03940949001304683,0.03865275383053795,0.029573562313964033,0.028198533641115194,0.0705627139125551,0.0673723662892977,1.0473539493856874
2023-07-22,0.070432998239994,0.073294997215271,0.0700810030102729,0.073294997215271,353000261,DOGECOIN,-0.03904767151939681,-0.039830477401892855,0.029082785675300492,0.02928944045146483,0.07034928458077562,0.06753203297654783,1.0417172633497669
2023-07-23,0.0718189999461174,0.0728039965033531,0.0702200010418891,0.0704350024461746,287153173,DOGECOIN,0.019678300523296333,0.01948718590594808,0.026599960492355065,0.028708797384388245,0.07067285584551943,0.06765353307127948,1.044629195803548
2023-07-24,0.0742679983377456,0.0772219970822334,0.0705559998750686,0.0718119964003562,1446707666,DOGECOIN,0.03409958915420108,0.033531085910774215,0.02877327928075083,0.028938239185522654,0.07129614161593568,0.06790439958373701,1.0499487817135635
2023-07-25,0.0818450003862381,0.0833410024642944,0.0738900005817413,0.0742660015821456,1525713202,DOGECOIN,0.10202243520870025,0.09714706915207329,0.04102741477035092,0.0335901168976844,0.07319071356739314,0.06840709969401355,1.069928616982401
2023-07-26,0.0779580026865005,0.0820799991488456,0.0772589966654777,0.0818509981036186,846709085,DOGECOIN,-0.047492182557203444,-0.04865696472593538,0.04971283035722618,0.03443267348706081,0.07430485635995862,0.06884739970167474,1.0792688857085642
2023-07-27,0.0775619968771934,0.0797329992055893,0.0769160017371177,0.077964000403881,515430911,DOGECOIN,-0.005079732620903443,-0.005092678321727827,0.05019930605592993,0.03447316329134254,0.07531142766986572,0.0692479662597179,1.087561581049276
2023-07-28,0.0773210003972053,0.0777819976210594,0.0762009993195533,0.0775619968771934,370256171,DOGECOIN,-0.0031071464079203137,-0.003111983609848928,0.04919813728875128,0.03312516096899339,0.0758865709815706,0.06973859965801235,1.0881573669919813
2023-07-29,0.0801879987120628,0.0813160017132759,0.0770770013332367,0.0773150026798248,466582431,DOGECOIN,0.037079167368883725,0.03640826902281226,0.045215630525401763,0.03354463295637659,0.07728014247758043,0.07029796640078222,1.0993225897459322
2023-07-30,0.0780609995126724,0.0804390013217926,0.0770390033721923,0.0801900029182434,436209339,DOGECOIN,-0.02652515630210417,-0.026883295594785514,0.048340842710199595,0.03326706531723879,0.07817185670137401,0.07068403313557302,1.1059337340222117
2023-07-31,0.0778179988265037,0.07965599745512,0.0771000012755394,0.078063003718853,346973531,DOGECOIN,-0.0031129589383396272,-0.003117814273940703,0.04758713143595333,0.03297913405133943,0.07867899962833946,0.070995366324981,1.10822725060938
2023-08-01,0.0780420005321502,0.0781679973006248,0.076043002307415,0.0778239965438842,369078156,DOGECOIN,0.002878533360205271,0.0028743983163928323,0.026286776142919535,0.03291862472051695,0.07813571393489833,0.0713288329541683,1.0954295857483571
2023-08-02,0.0742129981517791,0.0781949982047081,0.0741000026464462,0.0780379995703697,364508311,DOGECOIN,-0.04906335504295145,-0.05030783804913627,0.026728618046666132,0.03440967428279063,0.07760071328708097,0.07152416631579395,1.0849579559509692
2023-08-03,0.0736149996519088,0.0748929977416992,0.0730530023574829,0.0742119997739791,374949368,DOGECOIN,-0.008057867418956532,-0.008090507490453609,0.026716361419485583,0.034446820236918134,0.07703685654061176,0.07167996640006696,1.0747334354294535
2023-08-04,0.0734160020947456,0.0747850015759468,0.0727950036525726,0.0736080035567283,307538917,DOGECOIN,-0.0027032202418553197,-0.002706880539575338,0.026727789141176996,0.03398691979797005,0.07647899964026036,0.07189273312687869,1.0637931862360508
2023-08-05,0.0756860002875328,0.0768029987812042,0.0729980021715164,0.0734170004725456,443213361,DOGECOIN,0.03091966503239596,0.030451282534730294,0.025148537933369824,0.03373786638932106,0.07583585700818465,0.07224806646505987,1.0496593295664167
2023-08-06,0.0742660015821456,0.0762920007109642,0.0741999968886375,0.0756819993257522,311182997,DOGECOIN,-0.018761708902473417,-0.018939942596176727,0.024333874417683775,0.03401978424931305,0.07529371444668083,0.0725427664816379,1.0379217404913728
2023-08-07,0.0734219998121261,0.0754659995436668,0.0723700001835823,0.0742620006203651,346276669,DOGECOIN,-0.01136457803084956,-0.01142964831505064,0.024308836314907215,0.034138740580757373,0.07466571458748403,0.07279813314477598,1.0256542491136953
2023-08-08,0.0749860033392906,0.0753839984536171,0.0732100009918212,0.0734250023961067,305594303,DOGECOIN,0.02130156535052863,0.02107785830467644,0.02657262401293007,0.034242422024812036,0.07422914355993267,0.07311649993062015,1.0152174082507819
2023-08-09,0.075314000248909,0.076053999364376,0.0744630023837089,0.07498399913311,347481441,DOGECOIN,0.00437410843373387,0.004364569826591474,0.017896766994006223,0.03421335859739674,0.07438642957380835,0.07345219999551769,1.012718878105049
2023-08-10,0.0758029967546463,0.0767059996724128,0.0751579999923706,0.0753189995884895,341419517,DOGECOIN,0.006492770323196062,0.006471783084525416,0.017352358660235545,0.03420571170498772,0.07469900058848514,0.07380273317297295,1.0121440951707248
2023-08-11,0.0756660029292106,0.0759830027818679,0.0751670002937316,0.0758050009608268,222363416,DOGECOIN,-0.0018072349550918299,-0.0018088699743895945,0.017296150326887756,0.03419423214560419,0.075020429279123,0.07415589988231655,1.011658268569034
2023-08-12,0.0767420008778572,0.0771500021219253,0.075602002441883,0.0756710022687912,301476614,DOGECOIN,0.014220361945816773,0.014120201031727403,0.01396300565156868,0.031177661364271032,0.0751712865063122,0.07436373333136236,1.01085950286212
2023-08-13,0.0747829973697662,0.0767889991402626,0.07447300106287,0.0767330005764961,271947904,DOGECOIN,-0.02552713619246072,-0.025858606694643294,0.01581292145136939,0.03109132513487469,0.07524514304740085,0.07457219983140624,1.0090240494113893
2023-08-14,0.0747309997677803,0.0764139965176582,0.0739519968628883,0.0747810006141662,347333620,DOGECOIN,-0.0006953131569303883,-0.000695554999234077,0.014901911972884124,0.029883316830956325,0.07543214304106574,0.07466566637158391,1.0102654500619783
2023-08-15,0.0708630010485649,0.0748089998960495,0.0705119967460632,0.0747240036725997,400240141,DOGECOIN,-0.051758958547789446,-0.05314654591126471,0.023453500606329784,0.030868796477155555,0.07484314271381921,0.07470929970343905,1.001791517400263
2023-08-16,0.0671830028295517,0.0711160004138946,0.0668070018291473,0.0708639994263649,409310897,DOGECOIN,-0.051931165270451496,-0.05332816888892085,0.028040302698149416,0.0323830296150413,0.07368157165391102,0.07461856653292971,0.9874428721623165
2023-08-17,0.061184998601675,0.0682509988546371,0.0583400018513202,0.0671849995851516,684430325,DOGECOIN,-0.08927859689591555,-0.09351824286824943,0.03814272251683546,0.03639372440814724,0.07159328620348655,0.07437196659545099,0.9626380675519961
2023-08-18,0.0632340013980865,0.0636529996991157,0.0601960010826587,0.061184000223875,488755203,DOGECOIN,0.03348864661664663,0.03294011470599998,0.044282195750649095,0.03669715744374895,0.06981728598475455,0.07414113320410247,0.941680858755627
2023-08-19,0.0637580007314682,0.0643839985132217,0.0632089972496032,0.0632369965314865,246572116,DOGECOIN,0.008286670490498915,0.008252524544367252,0.04345184474904746,0.0367272228558406,0.06796242882098469,0.07391586663822329,0.9194565647673816
2023-08-20,0.0638300031423568,0.0645869970321655,0.0636230036616325,0.0637610033154487,208195392,DOGECOIN,0.0011293078525447253,0.001128670664107967,0.04469552949804889,0.035876251530853775,0.0663977153599262,0.07360036683579281,0.9021383753163051
2023-08-21,0.0625289976596832,0.0639910027384758,0.0613650009036064,0.0638300031423568,277361290,DOGECOIN,-0.020382350283957185,-0.020592936798116936,0.04368992488890067,0.03539367452072347,0.06465457220162661,0.07333690014978246,0.8816103771713399
2023-08-22,0.0625990033149719,0.0631889998912811,0.061074998229742,0.0625289976596832,271392247,DOGECOIN,0.001119571045576473,0.0011189447932924593,0.042764405604620095,0.0351318447682847,0.06347400109682762,0.07302956692874427,0.8691548336683946
2023-08-23,0.0637779980897903,0.0645050033926963,0.0625139996409416,0.0625929981470108,293273521,DOGECOIN,0.01883408221191951,0.018658916853682327,0.04140672869110342,0.03467751380694654,0.06298757184829028,0.07267990025381245,0.866643619877371
2023-08-24,0.0630360022187233,0.0640050023794174,0.0622260011732578,0.0637800022959709,210634657,DOGECOIN,-0.01163404141381763,-0.01170224638937371,0.01797197461896822,0.02881142018297863,0.06325200093644003,0.07205293364822861,0.8778546234528655
2023-08-25,0.0630839988589286,0.0630939975380897,0.0618980005383491,0.0630389973521232,202977283,DOGECOIN,0.0007614163099805005,0.00076112657964289,0.012777391499716321,0.027844883322427485,0.06323057200227462,0.07155713352064288,0.883637575896382
2023-08-26,0.0628679990768432,0.0632859990000724,0.0627230033278465,0.0630839988589286,127881732,DOGECOIN,-0.003424002694699446,-0.0034298780071502664,0.012218879016237198,0.02785058212477483,0.06310342890875675,0.07106733359396454,0.8879386029774426
2023-08-27,0.0631709992885589,0.0635320022702217,0.0627570003271102,0.0628670006990432,141407750,DOGECOIN,0.0048196255036738744,0.004808048292322797,0.012453201314485426,0.027926156649420126,0.06300928550107134,0.070595666890343,0.8925375773975524
2023-08-28,0.0634379982948303,0.0635470002889633,0.0622109994292259,0.0631740018725395,169636026,DOGECOIN,0.004226607292560969,0.004217700276776834,0.00921811894379346,0.02680720735708285,0.06313914273466378,0.07003733354310192,0.9015069469457615
2023-08-29,0.0663900002837181,0.0680650025606155,0.0625419989228248,0.0634339973330497,445903123,DOGECOIN,0.04653365598277981,0.045483422905441,0.01876707261369321,0.028248924603403076,0.06368071373019896,0.0696483002354701,0.9143182750319009
2023-08-30,0.0658380016684532,0.0664379969239234,0.0646750032901763,0.0663940012454986,260654192,DOGECOIN,-0.008314484303448166,-0.008349242426061138,0.01908001385693053,0.028250509536568654,0.06397499995572223,0.0692489669968684,0.9238404951024803
2023-08-31,0.0637850016355514,0.0669199973344802,0.0630849972367286,0.0658409968018531,336593454,DOGECOIN,-0.031182599423966395,-0.031679125946629895,0.023004840973033465,0.02859651157195099,0.06408199987241195,0.06877373370031513,0.9317801495502972
2023-09-01,0.063849002122879,0.064130000770092,0.0625950023531913,0.0637869983911514,238777563,DOGECOIN,0.0010033783128717833,0.0010028752653222924,0.023003400018725213,0.02740971310242835,0.0641912860529763,0.06842826716601845,0.9380814203176807
2023-09-02,0.0634939968585968,0.0646580010652542,0.062960997223854,0.0638549998402595,208019339,DOGECOIN,-0.005560075372814444,-0.005575590127418867,0.02309759583816249,0.027403824412970578,0.06428071430751252,0.06809090040624138,0.9440426536292416
2023-09-03,0.0631730034947395,0.0637309998273849,0.0629279986023902,0.0634990036487579,163140788,DOGECOIN,-0.005055491538391577,-0.005068313769113619,0.023157389927002895,0.027400609501925487,0.06428100062268119,0.06774946711957451,0.9488045198824716
2023-09-04,0.0631849989295005,0.0637219995260238,0.0624569989740848,0.0631730034947395,181249918,DOGECOIN,0.00018988229302707715,0.00018986426766623633,0.023085183471424152,0.02659536543121979,0.0642448578562055,0.06733276707430677,0.9541395764309889
2023-09-05,0.0639920011162757,0.0642170011997222,0.0629080012440681,0.0631859973073005,209934446,DOGECOIN,0.012772053500794245,0.01269117872216945,0.013532795208085008,0.0266922223880362,0.06390228654657086,0.06699030039211111,0.9539035677185305
2023-09-06,0.0636129975318908,0.0644909963011741,0.0628250017762184,0.0639970004558563,208287267,DOGECOIN,-0.005922671236616606,-0.005940279814875827,0.013471499812397276,0.02666516669626475,0.06358442881277623,0.06666333364943659,0.953814118375006
2023-09-07,0.0635790005326271,0.0637630000710487,0.0628570020198822,0.0636119991540908,164667102,DOGECOIN,-0.0005344347945033245,-0.0005345776556803692,0.006493081506998179,0.02623088389973532,0.06355500008378705,0.06628310022254781,0.9588416937409223
2023-09-08,0.0636489987373352,0.0639220029115676,0.062679998576641,0.0635859966278076,162864062,DOGECOIN,0.0011009642196588842,0.0011003586030198082,0.006496850717997828,0.026195297480323253,0.06352642817156652,0.06589426683882868,0.9640660898002906
2023-09-09,0.0634049996733665,0.0638170018792152,0.0633279979228973,0.0636470019817352,108500870,DOGECOIN,-0.0038335098557579217,-0.0038408765876513356,0.006298738370128756,0.026098779230218916,0.06351371428796218,0.0654810002694527,0.9699563847009792
2023-09-10,0.0613269992172718,0.0634049996733665,0.060844998806715,0.0634049996733665,240746565,DOGECOIN,-0.03277344794258519,-0.03332252755897213,0.01412669859274789,0.02655641025648823,0.06324999939118107,0.06500303347905474,0.9730315033922451
2023-09-11,0.0604620017111301,0.0618689991533756,0.0594860017299652,0.0613240003585815,259096660,DOGECOIN,-0.014104676850030584,-0.014205093149111267,0.01441962851930215,0.02628159566782768,0.06286099978855675,0.06446036684016383,0.9751883656577245
2023-09-12,0.0609509982168674,0.0620860010385513,0.0604479983448982,0.0604639984667301,231017444,DOGECOIN,0.008087666499590584,0.008055136601162695,0.01347808472326746,0.026213911093694742,0.062426570802926996,0.06399930020173387,0.9754258344411667
2023-09-13,0.0612800009548664,0.0615830011665821,0.0606409981846809,0.0609499998390674,191695350,DOGECOIN,0.005397823622648401,0.005383307585958673,0.014276136112339775,0.026286257557725443,0.06209328557763779,0.06355093357463674,0.9770633110324487
2023-09-14,0.0620720013976097,0.0623859986662864,0.0611560009419918,0.0612800009548664,189093769,DOGECOIN,0.012924289007870904,0.012841483093233012,0.015836154059952198,0.024987057202973038,0.06187799998692101,0.06325790025293825,0.9781861196704338
2023-09-15,0.0625530034303665,0.0628739967942237,0.0615149997174739,0.0620739981532096,155088363,DOGECOIN,0.007749098175128699,0.007719228125259852,0.016341073486385436,0.02329478777857409,0.06172142922878263,0.06310356693963207,0.9780973124360521
2023-09-16,0.0621480010449886,0.0628840029239654,0.0619300007820129,0.0625509992241859,144247521,DOGECOIN,-0.006474547394494823,-0.006495598188580618,0.016408550929851752,0.015751441586451517,0.06154185799615721,0.06313566702107584,0.9747558060266222
2023-09-17,0.0615170001983642,0.0624979995191097,0.0612859986722469,0.0621519982814788,156292597,DOGECOIN,-0.010153196177100199,-0.01020509144076217,0.010528609928587574,0.014618234593636545,0.06156900099345613,0.06307843364775177,0.9760705431792306
2023-09-18,0.0620159991085529,0.0628079995512962,0.0611440017819404,0.0615170001983642,207651893,DOGECOIN,0.00811156117137779,0.008078839290321967,0.008543600344125353,0.014614511470071393,0.06179100062165938,0.06302036692698793,0.9804925555772657
2023-09-19,0.0627090036869049,0.0632150024175643,0.061974000185728,0.0620159991085529,198507548,DOGECOIN,0.01117460958967964,0.011112634907793758,0.008879374253167958,0.01477564059444741,0.062042144260236166,0.06298300027847287,0.985061746597069
2023-09-20,0.0626299977302551,0.06300900131464,0.0619649998843669,0.0627090036869049,187443142,DOGECOIN,-0.0012598821860455578,-0.0012606765048424097,0.009067710150960525,0.014286677112877314,0.06223500094243455,0.06298636694749193,0.9880709740619942
2023-09-21,0.0613459981977939,0.0633070021867752,0.0612820014357566,0.0626289993524551,518556615,DOGECOIN,-0.020501350454958267,-0.020714420317183485,0.011587235051472916,0.014778198820215391,0.06213128619960373,0.06294460011025266,0.9870788930388891
2023-09-22,0.0615309998393058,0.061829000711441,0.0610539987683296,0.0613449998199939,144488200,DOGECOIN,0.003015708390878391,0.0030111702638183457,0.011076042485483021,0.014342025698269695,0.06198528568659505,0.06286970016856984,0.9859325799295456
2023-09-23,0.0615070015192031,0.0618459992110729,0.0613779984414577,0.0615280009806156,117222607,DOGECOIN,-0.0003900199926114567,-0.00039009607019060267,0.010934979069169402,0.014204310210782297,0.06189371432576856,0.06281873347858584,0.9852747882423862
2023-09-24,0.0607430003583431,0.0617429986596107,0.0607019998133182,0.0615070015192031,115250326,DOGECOIN,-0.012421368982220349,-0.012499159029750784,0.011269282882561628,0.014358935485246995,0.06178314292005126,0.06274070019523299,0.9847378611937376
2023-09-25,0.0609590001404285,0.0612000003457069,0.0605450011789798,0.0607419982552528,117409471,DOGECOIN,0.0035559616879501377,0.0035496542045440377,0.010723785084917536,0.014379103067237298,0.06163214306746206,0.0626770668973525,0.9833284503947555
2023-09-26,0.060598999261856,0.0611159987747669,0.0599070005118846,0.0609560012817382,141794234,DOGECOIN,-0.005905623086716938,-0.00592313023986537,0.00891119441163491,0.014362387190426956,0.06133071386388363,0.06259133356312907,0.9798595168455073
2023-09-27,0.060504000633955,0.0613319985568523,0.0602749995887279,0.0605930015444755,153818653,DOGECOIN,-0.0015676600118510464,-0.0015688900765243076,0.008891014384095184,0.014323344440074569,0.061026999992983624,0.06249353364109989,0.9765330336969171
2023-09-28,0.0614840015769004,0.0616610012948513,0.0604059994220733,0.0604970008134841,137019315,DOGECOIN,0.016197291628273325,0.0160675149783842,0.00887916043429432,0.011769781037470471,0.061046714761427416,0.06233000035087264,0.9794114297734436
2023-09-29,0.0621780008077621,0.0623099990189075,0.0613849982619285,0.0614859983325004,141947701,DOGECOIN,0.011287476629081805,0.011224248411244253,0.009789826528701494,0.011978406158567797,0.06113914347120688,0.062208000322182926,0.9828180162448511
2023-09-30,0.0621410012245178,0.0625059977173805,0.0617990009486675,0.0621800012886524,124411353,DOGECOIN,-0.0005950590685391832,-0.0005952361864539416,0.009796712240922274,0.01057663234152979,0.06122971485768042,0.06215320030848181,0.9851417876116129
2023-10-01,0.0631930008530616,0.06351900100708,0.0618960000574588,0.0621399991214275,162108911,DOGECOIN,0.016929235252307828,0.016787532789355415,0.009065554178905767,0.011054844022270839,0.06157971492835449,0.062131333599487894,0.9911217313523438
2023-10-02,0.062059998512268,0.0639609992504119,0.0616259984672069,0.0631899982690811,275648168,DOGECOIN,-0.01792923781904432,-0.018091913976404972,0.012815440507970925,0.01148682679598666,0.06173700041004584,0.06208353365461027,0.9944182744736744
2023-10-03,0.0613860003650188,0.0622689984738826,0.0612279996275901,0.0620540007948875,156615776,DOGECOIN,-0.0108604280278215,-0.01091983297661022,0.013488021834254281,0.01161148471716255,0.0618494291390691,0.06202396688361959,0.9971859628895071
2023-10-04,0.0614879988133907,0.0615609996020793,0.0604580007493495,0.0613889992237091,141610437,DOGECOIN,0.0016615913688036166,0.0016602124531167966,0.013406845228027351,0.011619590674692804,0.06199000030755992,0.061967400213082585,1.0003647094181718
2023-10-05,0.0609229989349842,0.0616069994866848,0.0608390010893344,0.0614859983325004,114148166,DOGECOIN,-0.009188783003350132,-0.00923126027977502,0.012454510659348371,0.011422562408005097,0.06190985707300046,0.061865100140372865,1.000723460117676
2023-10-06,0.0614259988069534,0.0615549981594085,0.0608210004866123,0.0609200000762939,109783884,DOGECOIN,0.008256321598777427,0.008222424624015606,0.01199419782641091,0.011530786743807817,0.06180242821574207,0.061792200182874964,1.000165523040721
2023-10-07,0.0614550001919269,0.0616689994931221,0.0611290000379085,0.0614250004291534,97620505,DOGECOIN,0.00047213534231071996,0.00047202392148908286,0.012017909533239751,0.011534152001319494,0.06170442806822908,0.06172140017151829,0.9997250207668322
2023-10-08,0.0610079988837242,0.0616110004484653,0.0608760006725788,0.0614559985697269,92483679,DOGECOIN,-0.007273636104575654,-0.007300217971987782,0.00893276841626662,0.011579953360931624,0.061392284929752315,0.06163336684306459,0.9960884513428232
2023-10-09,0.0587790012359619,0.0610300004482269,0.0582600012421608,0.0610099993646144,241183528,DOGECOIN,-0.03653615408711519,-0.037220315533994915,0.014675462844374279,0.013297548800929922,0.06092357103313716,0.0614791668951511,0.9909628596145184
2023-10-10,0.0590250007808208,0.0592040009796619,0.0586079992353916,0.0587790012359619,123311323,DOGECOIN,0.004185160341043659,0.0041764269162129,0.015232307719097773,0.012002138418791176,0.06058628537825173,0.06140243361393607,0.9867082102833934
2023-10-11,0.0584699995815753,0.0594540014863014,0.057812999933958,0.0590410009026527,146066511,DOGECOIN,-0.009402815618866356,-0.009447301168871755,0.014925030736554384,0.011855939877870939,0.06015514263084953,0.061336033542950905,0.9807471914323502
2023-10-12,0.057897001504898,0.0584950000047683,0.0574660003185272,0.0584699995815753,116644185,DOGECOIN,-0.009799864559223548,-0.009848199273591197,0.014940908468747535,0.011828906469183869,0.05972285728369436,0.06123423365255192,0.9753181140890366
2023-10-13,0.058398000895977,0.0587560012936592,0.0578240007162094,0.057897001504898,139290300,DOGECOIN,0.008653287356109596,0.008616062257249656,0.015009554158936126,0.011910231132288687,0.05929028615355487,0.06113816698392228,0.9697753314905017
2023-10-14,0.059859000146389,0.0599300004541873,0.0584000013768672,0.0584000013768672,112567930,DOGECOIN,0.02501796684811941,0.02471014106905844,0.019271049700574194,0.012584695346848997,0.059062286147049455,0.061064400275548256,0.9672130714546541
2023-10-15,0.0593499988317489,0.0598599985241889,0.0591249987483024,0.0598599985241889,105304368,DOGECOIN,-0.008503338067714195,-0.008539697712486402,0.019314654925888096,0.01253689761783117,0.05882542899676727,0.06095763345559434,0.9650215348274583
2023-10-16,0.060113999992609,0.0612259991466999,0.0593510009348392,0.0593569986522197,255254744,DOGECOIN,0.012872808355497423,0.012790658010650392,0.01324753927615465,0.012777447187553477,0.05901614310485971,0.060889833420515016,0.9692281911379967
2023-10-17,0.0591199994087219,0.0601559989154338,0.0588009990751743,0.0601099990308284,154163593,DOGECOIN,-0.0165352594072814,-0.016673492743605998,0.015194458417125765,0.012989052262120401,0.05902971433741701,0.060809933394193605,0.9707248642218282
2023-10-18,0.0586730018258094,0.05927399918437,0.0583619996905326,0.0591159984469413,113718362,DOGECOIN,-0.007560852289970721,-0.007589580431409973,0.015012400611884986,0.012912683288574674,0.059058714658021885,0.06069850015143549,0.9729847444447138
2023-10-19,0.058883000165224,0.058883000165224,0.0580129995942115,0.0586679987609386,119806282,DOGECOIN,0.0035791306543007106,0.003572740808370554,0.014311933662660955,0.01272373479915778,0.05919957160949703,0.0605709667007128,0.9773588706617153
2023-10-20,0.0599649995565414,0.0603369995951652,0.0586999990046024,0.0588780008256435,154146216,DOGECOIN,0.01837541205919102,0.018208624272807894,0.015421189644617844,0.01325342963180357,0.059423428561006235,0.060482133428255674,0.9824955766729809
2023-10-21,0.0611880011856555,0.0613630004227161,0.0595710016787052,0.0599649995565414,149488431,DOGECOIN,0.020395257869733063,0.020190059949880233,0.014463771493311676,0.013307121183624164,0.059613285852330014,0.06047686686118439,0.9857204737335914
2023-10-22,0.0615959987044334,0.0616669990122318,0.060563001781702,0.0611889995634555,152154020,DOGECOIN,0.006667933432568995,0.006645801094600991,0.013529143902776116,0.013352758721581351,0.059934142976999234,0.060479033490021976,0.9909904229353692
2023-10-23,0.0670849978923797,0.0672380030155181,0.061769001185894,0.0618279986083507,618990461,DOGECOIN,0.08911291810179267,0.08536352829239763,0.03341395113337737,0.02051593985816086,0.06092999981982361,0.0606649667024612,1.004368800178566
2023-10-24,0.0665559992194175,0.0697669982910156,0.0651239976286888,0.067111000418663,676497484,DOGECOIN,-0.007885498838515859,-0.007916753800218276,0.032140738955898585,0.02041419063120608,0.061992285507065835,0.06085873333116367,1.0186259574239562
2023-10-25,0.0683609992265701,0.0694539994001388,0.0650490000844001,0.0665640011429786,536305756,DOGECOIN,0.02712001965746147,0.026758788439118282,0.030346231743436567,0.02086864096172074,0.06337628513574595,0.061105466634035065,1.0371622806730365
2023-10-26,0.0718669965863227,0.0748879984021186,0.068131998181343,0.0683640018105506,1010931815,DOGECOIN,0.05128651423207864,0.050014665810798324,0.030762853923607964,0.022410141499093594,0.06523114176733147,0.061481066544850624,1.060995611059303
2023-10-27,0.0678810030221939,0.0721789970993995,0.0676240026950836,0.0718720033764839,468362462,DOGECOIN,-0.05546347772222604,-0.057060924415730414,0.044867324131628764,0.025151927206540158,0.06636199940528183,0.06172696662445858,1.0750892686663573
2023-10-28,0.0690009966492652,0.069691002368927,0.0677099972963333,0.0678820013999939,246982558,DOGECOIN,0.01649936767588911,0.016364732025951866,0.04485542842250873,0.02515696976576769,0.06747814161436894,0.06197753312687074,1.0887516525744614
2023-10-29,0.0693589970469474,0.0700839981436729,0.0679100006818771,0.0690020024776458,203013207,DOGECOIN,0.005188336619279754,0.005174923575097381,0.04491633390286885,0.02511999742107063,0.06858714137758522,0.06221689966817692,1.1023876429616852
2023-10-30,0.0696500018239021,0.070200003683567,0.0682739987969398,0.0693589970469474,292736698,DOGECOIN,0.004195631271278755,0.004186854152202132,0.033284395674254605,0.025107344180082956,0.06895357051065985,0.0624671996881564,1.103836427035055
2023-10-31,0.0682770013809204,0.0707219988107681,0.0669699981808662,0.0696479976177215,474946795,DOGECOIN,-0.01971285580800264,-0.01990974595734134,0.034372601165729336,0.02534571803710883,0.06919942796230312,0.06263666637241835,1.1047750777613963
2023-11-01,0.0688410028815269,0.0695540010929107,0.0661289989948272,0.0682789981365203,461539028,DOGECOIN,0.00826049019727626,0.008226559078511053,0.032981333245520786,0.025059419192995955,0.06926799991301123,0.06286269985139366,1.1018934929100976
2023-11-02,0.0679339990019798,0.0707039982080459,0.0671859979629516,0.0688590034842491,501730943,DOGECOIN,-0.013175343786144822,-0.013262908609637216,0.025018468948092773,0.025109372715218792,0.06870614311524796,0.06308096647262569,1.0891739134190872
2023-11-03,0.0681440010666847,0.0682080015540123,0.0666399970650672,0.0679309964179992,282752934,DOGECOIN,0.0030912660492543598,0.0030864979102244237,0.012645706545595384,0.02510735728559442,0.06874371426446092,0.06330283321440215,1.0859500400500386
2023-11-04,0.0690789967775344,0.0692569985985755,0.0680589973926544,0.0681470036506652,203958701,DOGECOIN,0.013720880726312723,0.013627601720569845,0.01210608826845905,0.025056797179640683,0.06875485713992796,0.06357469980915383,1.0814814280889182
2023-11-05,0.071223996579647,0.0715989992022514,0.0689809992909431,0.0690789967775344,447538899,DOGECOIN,0.031051403497078356,0.03057906169407184,0.016769254342510642,0.025509295406567753,0.06902128564459933,0.06390129973491028,1.080123345392487
2023-11-06,0.0763809978961944,0.076385997235775,0.0706209987401962,0.071223996579647,707371164,DOGECOIN,0.07240539093843945,0.06990415435177592,0.030114037246507745,0.028107936273848392,0.06998285651206966,0.0643988329917192,1.0867100110504875
2023-11-07,0.0735180005431175,0.0763889998197555,0.0718979984521865,0.0763889998197555,789220960,DOGECOIN,-0.03748311009196115,-0.03820366501775735,0.03400643480527844,0.029204376313966836,0.07073157067809781,0.0648158330470323,1.0912699467547209
2023-11-08,0.0754809975624084,0.0766810029745101,0.0730269998311996,0.0735170021653175,531673694,DOGECOIN,0.026700903245316487,0.026350655078230707,0.034485277561787715,0.02823409664938016,0.07168014134679516,0.06537256625791385,1.0964865760967084
2023-11-09,0.073461003601551,0.077735997736454,0.0705569982528686,0.0754740014672279,964429145,DOGECOIN,-0.026761622475739766,-0.02712623448503474,0.03658917855634104,0.028962164546581765,0.07246971343244821,0.0658537663519382,1.1004642171133054
2023-11-10,0.0754439979791641,0.0754539966583252,0.0731550008058548,0.073464997112751,649733691,DOGECOIN,0.02699383727955529,0.026635930226912796,0.03680363644289273,0.02899221351316623,0.07351257013423096,0.0664195662985245,1.106790878516532
2023-11-11,0.0784059986472129,0.0816980004310607,0.074922002851963,0.0754449963569641,1345253621,DOGECOIN,0.039260918660048105,0.038509805383654,0.03788668978571512,0.029280029714725795,0.07484499897275647,0.06710319953660165,1.1153715395035975
2023-11-12,0.0779810026288032,0.0799809992313385,0.0761440023779869,0.0784199982881546,727221576,DOGECOIN,-0.005420452844711154,-0.005435196802654179,0.038350964869109674,0.02941678095855305,0.07581028555120736,0.0677559662610292,1.1188724732984985
2023-11-13,0.0747819989919662,0.0793979987502098,0.0741759985685348,0.0779799968004226,829471613,DOGECOIN,-0.04102285850394294,-0.04188804015331019,0.03367093904881995,0.030724120600067024,0.07558185713631761,0.06825339955588176,1.1073713196429982
2023-11-14,0.0724570006132125,0.0754270032048225,0.0702809989452362,0.0747779980301857,708265059,DOGECOIN,-0.03109034807966926,-0.031583909910658285,0.03259389255354451,0.03141712987202609,0.07543028571775977,0.06869029961526388,1.0981213670670638
2023-11-15,0.0763560011982917,0.0764079988002777,0.0724190026521682,0.0724560022354126,503454120,DOGECOIN,0.05381123358794149,0.05241333881209036,0.037501519610062234,0.03249837143598781,0.07555528623717166,0.06923169965545331,1.0913394675154453
2023-11-16,0.0792770013213157,0.0828370004892349,0.0760470032691955,0.0763529986143112,1563730284,DOGECOIN,0.03825501698862355,0.037541435675609705,0.037196193941124944,0.0325878876253112,0.0763861430542809,0.06990359971920643,1.0927354722949032
2023-11-17,0.0863040015101432,0.0870610028505325,0.0793230012059211,0.0793259963393211,2031597493,DOGECOIN,0.08863857199071568,0.08492789904752143,0.04663726241199928,0.035163392609949634,0.07793757213013507,0.07082463304201755,1.1004302992138015
2023-11-18,0.0803830027580261,0.0863939970731735,0.0798289999365806,0.0863270014524459,1340580447,DOGECOIN,-0.06860630617945584,-0.07107321910253575,0.05644137275537278,0.038340911094052785,0.07822000128882266,0.07154129979511098,1.0933544891250087
2023-11-19,0.0805760025978088,0.0805979967117309,0.0779839977622032,0.0803949981927871,620299419,DOGECOIN,0.0024010031121091124,0.0023981253096249256,0.056310865570415744,0.038338182660839354,0.07859071557010917,0.07222833322981989,1.0880870713165307
2023-11-20,0.0778789967298507,0.0820399969816207,0.0778160020709037,0.0805749967694282,668234221,DOGECOIN,-0.033471576908823186,-0.03404457249800592,0.0552988210898592,0.039104732844281134,0.07903314381837838,0.07278469974795972,1.0858483182874408
2023-11-21,0.0721189975738525,0.0786980018019676,0.071492001414299,0.0778789967298507,860811107,DOGECOIN,-0.0739608803125531,-0.07683879934551781,0.06256533878597098,0.04206579281650235,0.07898485766989838,0.07313546637694035,1.0799802282357818
2023-11-22,0.0757839977741241,0.0765609964728355,0.0718839988112449,0.072113998234272,440962821,DOGECOIN,0.05081879010476409,0.04956966038307955,0.0621712267970862,0.04018074311076552,0.07890314289501729,0.07342543303966516,1.0746023500112423
2023-11-23,0.0762000009417533,0.0763479992747306,0.0751620009541511,0.0757699981331825,279606815,DOGECOIN,0.0054893272966294315,0.005474315849651994,0.05999497717709692,0.04011738747815489,0.07846357141222268,0.07374689976374302,1.0639575584002865
2023-11-24,0.0782169997692108,0.0784289985895156,0.0761490017175674,0.0761990025639534,401116993,DOGECOIN,0.02646980055812964,0.02612553722735282,0.04814412090632185,0.04010544240768861,0.07730828544923232,0.07407543311516437,1.043642705794806
2023-11-25,0.0789550021290779,0.0791049972176551,0.0777629986405372,0.0782160013914108,291859035,DOGECOIN,0.009435319202279135,0.009391084605398961,0.041394326368854296,0.03919070227002445,0.07710428535938259,0.07431169996658957,1.0375793501433632
2023-11-26,0.0787039995193481,0.0789799988269805,0.0763460025191307,0.0789519995450973,343339848,DOGECOIN,-0.0031790589951407044,-0.0031841229384190206,0.04133660403697152,0.037536652820658704,0.07683685634817392,0.0746724665164947,1.0289851123533078
2023-11-27,0.0787879973649978,0.0813200026750564,0.0770889967679977,0.0786899998784065,743996999,DOGECOIN,0.0010672627333130347,0.0010666936133397738,0.03905998751433134,0.03747984211882013,0.07696671358176636,0.07499869987368579,1.0262406376563211
2023-11-28,0.0810090005397796,0.0810310021042823,0.0770369991660118,0.0787919983267784,618900678,DOGECOIN,0.02818961325406777,0.02779959871513245,0.018759928713687667,0.03772236676648629,0.07823671400547023,0.07538703332344686,1.037800674153032
2023-11-29,0.0805929973721504,0.0828419998288154,0.0797860026359558,0.0810040012001991,596560786,DOGECOIN,-0.005135270955786253,-0.0051485017750125435,0.013357592520236734,0.037769278672619415,0.07892371394804541,0.07575179984172181,1.0418724586472017
2023-11-30,0.083416998386383,0.0842169970273971,0.0805369988083839,0.0805990025401115,645565938,DOGECOIN,0.03504027776994523,0.03444034167988926,0.016318093533239587,0.037843397037833244,0.07995471358299253,0.07625646640857055,1.0484974894405326
2023-12-01,0.0838569998741149,0.0849080011248588,0.0825039967894554,0.0834140032529831,519429439,DOGECOIN,0.005274722133896903,0.005260859513382052,0.015384344996217835,0.03784308041276551,0.0807604278836931,0.07675699964165682,1.0521571747296852
2023-12-02,0.08627899736166,0.0864809975028038,0.0835480019450187,0.083856001496315,462433973,DOGECOIN,0.028882472437375295,0.02847323501045503,0.016886775030677845,0.03785572128986018,0.08180671291691911,0.07736849958697949,1.057364603858578
2023-12-03,0.0856150016188621,0.0871469974517822,0.0838899984955787,0.0862829983234405,550096321,DOGECOIN,-0.007695913989526404,-0.007725680353525323,0.017666760432282057,0.037955139610168775,0.0827939989311354,0.07795086627205207,1.0621305816176638
2023-12-04,0.0919400006532669,0.0919540002942085,0.0854310020804405,0.0856169983744621,1364950607,DOGECOIN,0.07387722846239297,0.07127567713388194,0.027565765223392803,0.03969007385118257,0.08467285654374528,0.07871289973457649,1.07571766291505
2023-12-05,0.0942469984292984,0.0950570032000541,0.0877199992537498,0.0919210016727447,1094480332,DOGECOIN,0.025092427231231618,0.024782781433557825,0.02748442140269707,0.0395980736813656,0.08656399909939082,0.07948033312956487,1.089124764465676
2023-12-06,0.0948640033602714,0.1054319962859153,0.0937739983201026,0.0942479968070983,2606846041,DOGECOIN,0.0065466799076456805,0.006525343469997567,0.025897637257962305,0.03790994648599863,0.08860271424055095,0.08009643331170077,1.106200495791709
2023-12-07,0.0959199965000152,0.0979389995336532,0.093308001756668,0.0948909968137741,1229053762,DOGECOIN,0.011131652706384276,0.011070151843677592,0.025726489786213294,0.036928625791893085,0.09038885682821271,0.08084316651026403,1.118076650507458
2023-12-08,0.1014700010418891,0.1034059971570968,0.0958250015974044,0.0959139987826347,1017561991,DOGECOIN,0.05786076672628959,0.05624872432826752,0.027992157830433684,0.03780967913086138,0.09290499985218045,0.08170946662624673,1.1370163542633809
2023-12-09,0.0985419973731041,0.1046150028705596,0.0980409979820251,0.1014960035681724,1122491938,DOGECOIN,-0.028855855314086853,-0.02928037198035676,0.03516013077014072,0.03788431918234249,0.09465685699667246,0.08254549975196517,1.1467234104960273
2023-12-10,0.1018010005354881,0.1026360020041465,0.0971520021557807,0.0985430032014846,687190079,DOGECOIN,0.033072225541000755,0.032537105932445465,0.03330666759009927,0.0379899719799923,0.09696914255619046,0.08342406650384263,1.1623641308797137
2023-12-11,0.0943839997053146,0.1058370023965835,0.0918150022625923,0.1018119975924491,1973481451,DOGECOIN,-0.07285783824480119,-0.0756483683725094,0.04374849505234586,0.04065816751274838,0.09731828527791155,0.08395666653911267,1.1591489906590577
2023-12-12,0.0938350036740303,0.0974529981613159,0.0915419980883598,0.0943820029497146,948285886,DOGECOIN,-0.005816621810882827,-0.00583360424113088,0.04281552575776528,0.0406621579000826,0.09725942888430182,0.08448513324062024,1.1512016984964608
2023-12-13,0.0964279994368553,0.0973820015788078,0.0906049981713295,0.0938199982047081,812811810,DOGECOIN,0.027633565954051642,0.02725865013628651,0.04409083741434103,0.0397946572726703,0.09748285689524239,0.08520666658878322,1.1440754673070996
2023-12-14,0.0982550010085105,0.0986789986491203,0.0949750021100044,0.0964270010590553,742258598,DOGECOIN,0.01894679535326871,0.018769540270267542,0.044439693618447414,0.03910272765751809,0.09781642896788456,0.08606659993529316,1.136520195307183
2023-12-15,0.0930040031671524,0.0986109972000122,0.0929730013012886,0.0982690006494522,614056351,DOGECOIN,-0.053442550378715925,-0.05492361326900093,0.04223023377955135,0.040002819724478826,0.09660700070006503,0.08662153333425518,1.1152769638385174
2023-12-16,0.0970560014247894,0.0970759987831115,0.0922849997878074,0.0930040031671524,498585277,DOGECOIN,0.04356799836190395,0.042645609151300876,0.04603072913085696,0.040149654128855676,0.09639471556459152,0.08721416667103762,1.1052644225585728
2023-12-17,0.0930970013141632,0.0975850000977516,0.0927750021219253,0.0970619991421699,482463968,DOGECOIN,-0.04079088415458898,-0.041646171722028294,0.045240999748296984,0.03825633595921366,0.09515128710440224,0.08744059999783829,1.0881820013443935
2023-12-18,0.0920360013842582,0.093650996685028,0.0871869996190071,0.0930840000510215,685264950,DOGECOIN,-0.011396714340181191,-0.011462154566532028,0.03591595722469563,0.03576903867394648,0.09481585877282275,0.08782903328537936,1.0795502947725883
2023-12-19,0.0902969986200332,0.0933550000190734,0.0896070003509521,0.0920379981398582,482452805,DOGECOIN,-0.01889481005334559,-0.0190755979005228,0.03639876880048647,0.036026742826182796,0.09431042947939461,0.08815306648612017,1.0698485400305833
2023-12-20,0.0914169996976852,0.0932649970054626,0.0897440016269683,0.0902900025248527,596172199,DOGECOIN,0.012403524976117186,0.012327231484545653,0.034550292612966715,0.035335330768567604,0.09359457237379887,0.08860433325171467,1.0563204861313893
2023-12-21,0.0950039997696876,0.0972110033035278,0.0908320024609565,0.0914240032434463,808685569,DOGECOIN,0.03923777944873019,0.03848754007134957,0.037719209673602976,0.0322225398309139,0.09313014362539561,0.08936716665824251,1.0421069292880623
2023-12-22,0.0951979979872703,0.0954940021038055,0.0923309996724128,0.0950070023536682,622353150,DOGECOIN,0.0020420005268515506,0.0020399184776576304,0.030572479188781462,0.03132447657070807,0.09344357145684101,0.0900142999986807,1.0380969630182157
2023-12-23,0.0935619994997978,0.0952000021934509,0.0924270004034042,0.0952000021934509,357245326,DOGECOIN,-0.01718521945904017,-0.017334599232735025,0.025740791897933834,0.03165299212287736,0.09294442832469936,0.09059303328394885,1.0259555835091696
2023-12-24,0.0918949991464614,0.0948019996285438,0.0913479998707771,0.09357900172472,566323407,DOGECOIN,-0.017817066354380295,-0.017977701168737318,0.021339448993961452,0.031750525371736324,0.09277271372931338,0.09104896659652388,1.0189320889321913
2023-12-25,0.0944489985704422,0.0951670035719871,0.0915400013327598,0.0919030010700225,435910884,DOGECOIN,0.02779258335821133,0.027413379513968262,0.02338370943747892,0.03199871929591621,0.09311742761305396,0.09156543314456936,1.0169495672677507
2023-12-26,0.0913560017943382,0.0944470018148422,0.0891219973564148,0.0944470018148422,567640365,DOGECOIN,-0.03274779852532983,-0.0332960093899718,0.0261463665529728,0.03275909181334191,0.09326871378081181,0.09198716655373569,1.0139318045667542
2023-12-27,0.09357900172472,0.0938640013337135,0.0899209976196289,0.0913539975881576,423259088,DOGECOIN,0.024333375878097696,0.024042036014338283,0.027292313624136172,0.032932816641869554,0.09357757121324536,0.09248020003239309,1.011866012189289
2023-12-28,0.0918840020895004,0.0949010029435157,0.0913769975304603,0.0935949981212616,464569016,DOGECOIN,-0.018113033949707646,-0.018279083107957943,0.02324083829338192,0.032942783472062837,0.0931318572589329,0.09284270008405045,1.0031144847642375
2023-12-29,0.0910380035638809,0.0930140018463134,0.0896669998764991,0.0918830037117004,407349878,DOGECOIN,-0.009207245074016712,-0.009249893741282673,0.023080650817745733,0.03299138750327199,0.09253757234130586,0.09319086695710814,0.9929897141518925
2023-12-30,0.0901480019092559,0.0914010033011436,0.0895930007100105,0.0910310000181198,252403426,DOGECOIN,-0.009776155229508032,-0.0098242555827921,0.022657402550326992,0.032573104006946976,0.09204985839979986,0.09341523374120392,0.9853838042605912
2023-12-31,0.0894720032811164,0.0908159986138343,0.0889709964394569,0.0901459977030754,259196255,DOGECOIN,-0.007498764407667835,-0.007527021492264569,0.022018908721432105,0.032620540914921364,0.091703716133322,0.0936024005214373,0.9797154306135508
2024-01-01,0.0920239984989166,0.0920460000634193,0.0888380035758018,0.0894730016589164,298687049,DOGECOIN,0.028522835347521536,0.028123632438559337,0.022187796018881305,0.03261087775721682,0.09135728755167549,0.09379390055934585,0.9740216262130111
2024-01-02,0.0912040024995803,0.0943299978971481,0.0908040031790733,0.0920369997620582,496309010,DOGECOIN,-0.008910675614100305,-0.008950613107761839,0.01835543974519544,0.03262443162292063,0.09133557336671007,0.09398020058870311,0.9718597406110352
2024-01-03,0.0820420011878013,0.0920929983258247,0.0810180008411407,0.0912050008773803,1026941029,DOGECOIN,-0.10045613197536096,-0.10586745743705628,0.041187983022310096,0.03557157635421245,0.08968743043286455,0.09365026727318759,0.9576847247134593
2024-01-04,0.0841310024261474,0.0846550017595291,0.0815510004758834,0.0820489972829818,514230239,DOGECOIN,0.025462582678403844,0.02514381095912916,0.04442185815978153,0.03558163825645892,0.08857985905238554,0.0933130674064159,0.9492760394059779
2024-01-05,0.0827730000019073,0.084755003452301,0.0812349990010261,0.0841209962964057,547983037,DOGECOIN,-0.016141521972618866,-0.016273215416328972,0.04441307652401072,0.035597303433742004,0.08739914425781789,0.09291003396113709,0.940685742235071
2024-01-06,0.0806640014052391,0.0827730000019073,0.078854002058506,0.0827730000019073,414677901,DOGECOIN,-0.025479306013066916,-0.025809524768012883,0.04459737279724333,0.035676178206926694,0.08604428704295834,0.09240150079131122,0.9312001028780837
2024-01-07,0.0782250016927719,0.0814739987254142,0.0776349976658821,0.0806680023670196,399266341,DOGECOIN,-0.03023653265369497,-0.03070308531708251,0.0447339731978666,0.03395408126213671,0.0844375725303377,0.09162666747967398,0.9215392729313104
2024-01-08,0.0813700035214424,0.0817169994115829,0.074972003698349,0.0782279968261718,603250657,DOGECOIN,0.040204560698157144,0.03941738679075074,0.046877172255467274,0.0348217848921904,0.08291557324784139,0.09105426768461859,0.9106171007275913
2024-01-09,0.0792630016803741,0.0821819975972175,0.077233001589775,0.0813779979944229,957047300,DOGECOIN,-0.025894085656676502,-0.026235239625955135,0.0468021869353479,0.034204454182568324,0.08120971598795479,0.09030300105611479,0.8993025152895042
2024-01-10,0.0829420015215873,0.0844499990344047,0.0766829997301101,0.0792630016803741,703451086,DOGECOIN,0.046415096113173515,0.045370128330392875,0.03363852375602944,0.03311160118464308,0.08133828746420993,0.08992160111665723,0.9045466990594175
2024-01-11,0.0846249982714653,0.0876350030303001,0.0823829993605613,0.0829690024256706,778110109,DOGECOIN,0.0202912483301958,0.020088124116707105,0.03309766213987817,0.0334073056609017,0.08140885829925534,0.08961460093657173,0.9084329724000633
2024-01-12,0.080045998096466,0.085377998650074,0.0782470032572746,0.0846149995923042,607108203,DOGECOIN,-0.054109308933874445,-0.055628265162400096,0.03925767096056632,0.034198707269430195,0.08101928659847801,0.08906853422522541,0.9096286056937519
2024-01-13,0.0809229984879493,0.0812600031495094,0.0789059996604919,0.0800359994173049,297741301,DOGECOIN,0.010956205336166924,0.010896620936046842,0.03842406166687624,0.03403023187610349,0.08105628618172232,0.08849080080787336,0.915985452066453
2024-01-14,0.0799779966473579,0.0838240012526512,0.0798510015010833,0.0809210017323494,461353847,DOGECOIN,-0.011677790717704695,-0.011746511645376516,0.036480711314687504,0.03280112422417024,0.08130671403237746,0.08805660059054689,0.9233460466006901
2024-01-15,0.0811249986290931,0.0816370025277137,0.0799689963459968,0.0799689963459968,272657967,DOGECOIN,0.01434146927676383,0.014239603190662782,0.03342393621462689,0.03177125844466439,0.08127171333347043,0.08752556716402367,0.928548262716956
2024-01-16,0.0813099965453147,0.0822670012712478,0.0799899995326995,0.081105999648571,328206882,DOGECOIN,0.002280405785489492,0.0022778096063617147,0.03143321504259508,0.031075257072537235,0.08156414117131908,0.08713266700506206,0.9360914106597992
2024-01-17,0.0805049985647201,0.0815389975905418,0.0795560032129287,0.0813120007514953,261149597,DOGECOIN,-0.009900356841682778,-0.009949691263472227,0.02560810967637912,0.031064818419331116,0.08121599789176662,0.08674830024441078,0.9362258126435092
2024-01-18,0.0779870003461837,0.0806929990649223,0.0773990005254745,0.0805089995265007,314880990,DOGECOIN,-0.03127753882899731,-0.031777125896959996,0.02488202903716752,0.03135604552128247,0.08026771247386925,0.0863379669686158,0.9296919454108399
2024-01-19,0.0785359963774681,0.0787049978971481,0.07515200227499,0.0779879987239837,351038255,DOGECOIN,0.007039583890230627,0.007014921692984135,0.016180493493912967,0.03127037178295544,0.08005199794258384,0.08590860019127523,0.9318275209274545
2024-01-20,0.0878880023956298,0.0899979993700981,0.0782359987497329,0.0785339996218681,684267184,DOGECOIN,0.11907923053796998,0.11250623159355258,0.046882332918569594,0.03718565743172696,0.0810469985008239,0.08567140027880663,0.9460216389257886
2024-01-21,0.0852729976177215,0.0899920016527175,0.0848430022597312,0.0878679975867271,948730356,DOGECOIN,-0.029753831087624416,-0.030205457298118087,0.04890276003978611,0.03751165533053024,0.08180342721087586,0.08534056693315502,0.9585526573188844
2024-01-22,0.0803409963846206,0.0854159966111183,0.0801950022578239,0.0852919965982437,673330908,DOGECOIN,-0.057837784185927776,-0.05957781560683565,0.055180378842937944,0.03881258277972027,0.08169142689023692,0.08489986682931577,0.962209128719493
2024-01-23,0.0781539976596832,0.081676997244358,0.0760909989476203,0.0803460031747818,555482191,DOGECOIN,-0.027221453844902155,-0.02759882171911815,0.05599901741534634,0.038962306152616755,0.08124056990657527,0.08444183344642317,0.9620891279927142
2024-01-24,0.0790160000324249,0.0805179998278617,0.0777499973773956,0.0781570002436637,372585722,DOGECOIN,0.011029536537532358,0.010969154782234728,0.05628907580218,0.038598746295591686,0.08102785583053311,0.0839274001618226,0.9654517556161778
2024-01-25,0.0779329985380172,0.0791369974613189,0.0771929994225502,0.0790160000324249,292888748,DOGECOIN,-0.01370610375067427,-0.013800899574922643,0.05513794917891676,0.038285263009685204,0.08102014128650933,0.08347996671994523,0.9705339432909933
2024-01-26,0.0799010023474693,0.0802790001034736,0.0775950029492378,0.0779289975762367,283895680,DOGECOIN,0.02525250980163518,0.024938933276925705,0.055933820284757005,0.03830930634693948,0.08121514213936665,0.0830240334073702,0.9782124380885237
2024-01-27,0.0801419988274574,0.0806780010461807,0.0790710002183914,0.0798830017447471,212327663,DOGECOIN,0.0030161884445463194,0.003011648874022586,0.028720827715430868,0.038257119384583226,0.0801085702010563,0.08263263329863543,0.9694544032203701
2024-01-28,0.0788130015134811,0.0813700035214424,0.0782919973134994,0.0801400020718574,257196385,DOGECOIN,-0.01658303178633691,-0.016722069512458963,0.027826955152728487,0.03831300511294786,0.07918571361473624,0.08222513323028878,0.9630353944573126
2024-01-29,0.0812890008091926,0.0828720033168792,0.0782229974865913,0.0788130015134811,540569157,DOGECOIN,0.03141612739222954,0.03093273892146149,0.02206167902858991,0.038847828566504906,0.07932114281824654,0.08192983319362,0.9681594570172198
2024-01-30,0.0797230005264282,0.0821290016174316,0.0795930027961731,0.0812999978661537,333456483,DOGECOIN,-0.01926460243299377,-0.019452583050469506,0.020413356791081538,0.03895188266388973,0.0795452860849244,0.08160486643513037,0.974761549890616
2024-01-31,0.0787639990448951,0.0802220031619072,0.0782139971852302,0.0797289982438087,307301569,DOGECOIN,-0.012029169439190635,-0.01210210539398011,0.020741879759088068,0.038503214275927074,0.07950928594384869,0.08116286645332967,0.9796263909625245
2024-02-01,0.0793270021677017,0.0797789990901947,0.077684000134468,0.0787630006670951,257042563,DOGECOIN,0.007147975339414581,0.007122549653242256,0.019992390056236424,0.03856081566315082,0.07970842931951792,0.08076696644226705,0.9868939348674711
2024-02-02,0.0792329981923103,0.0799010023474693,0.0786219984292984,0.0793270021677017,220161256,DOGECOIN,-0.001185018629503487,-0.0011857213192681185,0.017380368535555014,0.03348857327207675,0.0796130001544952,0.08067333300908403,0.9868564640254862
2024-02-03,0.0786510035395622,0.0794550031423568,0.0786160007119178,0.0792339965701103,152907809,DOGECOIN,-0.007345356934941649,-0.007372466905714609,0.017404183334155266,0.03313214343238811,0.07940000082765304,0.08049066637953119,0.9864497885166534
2024-02-04,0.0782380029559135,0.0798569992184639,0.0780839994549751,0.0786579996347427,183715849,DOGECOIN,-0.005251052943538781,-0.0052648881763265295,0.016371965039304187,0.0330322318366207,0.07931785817657193,0.08033949981133139,0.9872834454140408
2024-02-05,0.0782200023531913,0.0800269991159439,0.077504001557827,0.0782480016350746,257544919,DOGECOIN,-0.00023007492576643251,-0.0002301013970624979,0.008636524571690984,0.032721879358608194,0.07887942982571462,0.08025803317626314,0.9828228615131794
2024-02-06,0.07846599817276,0.0791810005903244,0.0777629986405372,0.0782260000705719,192061699,DOGECOIN,0.003144922170392306,0.0031399872465905014,0.006512802989472954,0.032243330527475786,0.07869985806090488,0.08026606639226273,0.980487291806431
2024-02-07,0.0801040008664131,0.0802550017833709,0.0782110020518302,0.0784699991345405,213373948,DOGECOIN,0.020875318377352237,0.020660414563380053,0.009401405496125663,0.03163072488587304,0.0788912868925503,0.08022386630376176,0.9833892397286645
2024-02-08,0.0798709988594055,0.0807550027966499,0.0796260014176368,0.0801009982824325,248828595,DOGECOIN,-0.0029087436892967222,-0.0029129823055827485,0.00932788386781841,0.03126142694222314,0.07896900070565084,0.08024413287639613,0.9841093407700044
2024-02-09,0.0815789997577667,0.0820880010724067,0.0798700004816055,0.0798700004816055,333635097,DOGECOIN,0.021384494031027934,0.02115905402260284,0.011926146527063882,0.030355979437742632,0.07930414378643033,0.08019869948426878,0.9888457580535466
2024-02-10,0.0814480036497116,0.0820830017328262,0.0804620012640953,0.0815820023417472,212946391,DOGECOIN,-0.0016057577126965539,-0.0016070483234029288,0.011171489635081678,0.030104687540173265,0.07970371523073738,0.08009279966354366,0.9951420797569726
2024-02-11,0.0811930000782013,0.0832789987325668,0.0809919983148574,0.081446997821331,304303558,DOGECOIN,-0.003130875651747189,-0.0031357870970159466,0.010870620998847858,0.028308560091244786,0.08012585767677849,0.08013103306293483,0.9999354134601974
2024-02-12,0.082345001399517,0.08279699832201,0.0795679986476898,0.0812029987573623,360525326,DOGECOIN,0.014188431517571098,0.014088717803739822,0.011003790337086539,0.028355046323017923,0.08071514325482503,0.0801784331599871,1.0066939459114521
2024-02-13,0.0810889974236488,0.0829539969563484,0.0800620019435882,0.0823329985141754,419683385,DOGECOIN,-0.015252947410546391,-0.015370470190230481,0.013998469909055478,0.028417025315057038,0.08108985743352344,0.0802154665191968,1.0109005276945862
2024-02-14,0.0855429992079734,0.0870030000805854,0.0805689990520477,0.0810860022902488,627015518,DOGECOIN,0.05492732584982751,0.053471879104917755,0.022898599400887124,0.029935205786492225,0.08186685719660347,0.08036273320515946,1.018716685352203
2024-02-15,0.0853559970855712,0.0880480036139488,0.0841659978032112,0.085546001791954,636946996,DOGECOIN,-0.0021860599246414925,-0.0021884528416479102,0.022835297662623762,0.029943685618574887,0.08265042837176999,0.08049759988983468,1.0267440083292119
2024-02-16,0.0860129967331886,0.0878800004720687,0.0843930020928382,0.0853549987077713,441121282,DOGECOIN,0.0076971703225343635,0.007667698244838347,0.02224788313695075,0.0298816752906555,0.08328385651111599,0.08068119982878362,1.0322585272387563
2024-02-17,0.0835930034518241,0.086058996617794,0.0822049975395202,0.0860159993171691,347758664,DOGECOIN,-0.028135204832721805,-0.028538583819089417,0.026093797888019615,0.0297602768095096,0.08359028505427492,0.08086806659897164,1.0336624649233037
2024-02-18,0.0851659998297691,0.0856999978423118,0.083016999065876,0.0835919976234436,300251530,DOGECOIN,0.0188173209837057,0.018642465336815503,0.026437094655893282,0.029899004398202846,0.08415785644735603,0.08108906671404834,1.037844679408254
2024-02-19,0.089477002620697,0.0905359983444213,0.0851209983229637,0.0851690024137497,663450017,DOGECOIN,0.05061882440815313,0.04937934714624253,0.031020772493295302,0.0234252098653633,0.08517671376466747,0.08114203338821727,1.0497236784435338
2024-02-20,0.0861430019140243,0.0912080034613609,0.0835679993033409,0.0894740000367164,801458657,DOGECOIN,-0.03726097889986213,-0.03797291003935205,0.03522038304821272,0.023817056369974516,0.08589871440614968,0.08117103353142735,1.0582434480508605
2024-02-21,0.0846149995923042,0.0862220004200935,0.0821729972958564,0.0861480012536048,435393890,DOGECOIN,-0.017737973924395245,-0.01789717722263601,0.030025404247472923,0.021282168636254917,0.08576614303248264,0.0813135003050168,1.05475896020665
2024-02-22,0.0840890035033226,0.0854069963097572,0.0831649973988533,0.0846050009131431,362895383,DOGECOIN,-0.006216345701305692,-0.006235747626083858,0.030078484289583898,0.020613979636705554,0.08558514394930426,0.08151133383313812,1.0499784499233646
2024-02-23,0.0844340026378631,0.0854829996824264,0.0830359980463981,0.0840829983353614,400189069,DOGECOIN,0.004102785384141994,0.004094391910104136,0.029914237257313535,0.02055401729251813,0.08535957336425778,0.08169193391998604,1.0448959801571602
2024-02-24,0.0861560031771659,0.0863199979066848,0.0839549973607063,0.0844480022788047,326082311,DOGECOIN,0.020394633506698012,0.020189448066180015,0.02852216927271519,0.02057778885492055,0.08572571618216374,0.08196603407462434,1.0458687815018166
2024-02-25,0.0860989987850189,0.0867590010166168,0.0854609981179237,0.0861570015549659,290853292,DOGECOIN,-0.0006616415576961021,-0.0006618605390683158,0.02783077559179892,0.02017830753649683,0.08585900174719943,0.08217263395587598,1.044861258716654
2024-02-26,0.0893889963626861,0.0900240018963813,0.0842920020222663,0.0860980004072189,523738048,DOGECOIN,0.03821179832627353,0.03749980855974394,0.02460368746788224,0.02116723556590758,0.08584642942462643,0.08248086720705028,1.0408041565461192
2024-02-27,0.0976710021495819,0.0999569967389106,0.088637001812458,0.0893879979848861,1806722811,DOGECOIN,0.09265128957587199,0.088607118561097,0.036027738989555504,0.025883366151592452,0.08749328660113466,0.08310946722825364,1.0527475330920026
2024-02-28,0.1165819987654686,0.1211159974336624,0.0946070030331611,0.0976729989051818,3843947641,DOGECOIN,0.19361935681713138,0.17699016750839208,0.06629967611272666,0.04025660013056418,0.09206000076872958,0.08428590049346284,1.092234884242231
2024-02-29,0.1171849966049194,0.1344089955091476,0.1118159964680671,0.1164470016956329,4799960277,DOGECOIN,0.005172306581086028,0.005158976149695591,0.06493546465303136,0.03984175896197195,0.09678799978324341,0.08553463369607922,1.1315650234400902
2024-03-01,0.1395570039749145,0.1452610045671463,0.1171670034527778,0.1171670034527778,3758449851,DOGECOIN,0.19091187454159053,0.17471929480733916,0.07688923848554256,0.04928910135867262,0.10466271425996505,0.08756106719374654,1.195311085329484
2024-03-02,0.1421210020780563,0.150064006447792,0.136926993727684,0.139614000916481,3588994520,DOGECOIN,0.0183724071892708,0.0182056736179533,0.0771144339265219,0.049237994187276195,0.11265771410294938,0.08965420052409169,1.2565804328674621
2024-03-03,0.1538359969854354,0.1557590067386627,0.12984000146389,0.1421310007572174,4012808483,DOGECOIN,0.08242972351788613,0.079208258249329,0.0702615845478914,0.05025416136692835,0.12233442813158033,0.09214096715052919,1.3276876932681265
2024-03-04,0.1829099953174591,0.1843069940805435,0.1487810015678405,0.1539410054683685,6348241494,DOGECOIN,0.1889934664302031,0.17310712268110232,0.07423586314544135,0.05695786611669702,0.13569457083940503,0.09561626687645909,1.419157798899732
2024-03-05,0.1539369970560073,0.2054390013217926,0.1301030069589615,0.1828040033578872,9368269377,DOGECOIN,-0.1584003007116488,-0.1724507943082241,0.1282073074790834,0.06753500033160093,0.14373257011175153,0.09813956667979554,1.4645731072026675
2024-03-06,0.1577910035848617,0.1774329990148544,0.1469669938087463,0.1539250016212463,4497901224,DOGECOIN,0.025036259005703387,0.02472798660441431,0.11859460736786138,0.06739816835977505,0.14961957080023627,0.10079193338751788,1.4844399325587818
2024-03-07,0.1581210047006607,0.1620409935712814,0.1470820009708404,0.1577910035848617,3006036407,DOGECOIN,0.0020913810565983404,0.0020891971636079316,0.11876444494770443,0.06740932797702091,0.15546757195677072,0.10344710027178124,1.5028702742591988
2024-03-08,0.1653469949960708,0.1754949986934662,0.1554940044879913,0.1581200063228607,3976624455,DOGECOIN,0.04569911700908835,0.044685673220297914,0.10393550196272765,0.0675188176681768,0.15915185638836446,0.1062885334094365,1.4973567823660896
2024-03-09,0.1790830045938491,0.1845429986715316,0.1643189936876297,0.1653469949960708,3451219764,DOGECOIN,0.08307383873595464,0.0798031455063083,0.10592940023632286,0.06806196923858643,0.16443214246204915,0.10959560026725129,1.5003535001503503
2024-03-10,0.1699199974536895,0.1795880049467086,0.1659519970417022,0.1790830045938491,2274489696,DOGECOIN,-0.051166257573915686,-0.052521688105768044,0.10803736629957121,0.06958907637242963,0.16672985681465688,0.11254030019044872,1.4815124584926886
2024-03-11,0.1819649934768676,0.1825090050697326,0.1625670045614242,0.1699070036411285,2905703482,DOGECOIN,0.07088627709320017,0.06848660197448614,0.08771694562608463,0.06985991729309933,0.16659485655171524,0.11589086651802058,1.4375149790239112
2024-03-12,0.1681440025568008,0.1831080019474029,0.1601040065288543,0.1819729954004287,2524942571,DOGECOIN,-0.0759541198336251,-0.07899355471345189,0.05994003000132003,0.07231048564299644,0.1686244287661143,0.11878923326730723,1.4195261988657228
2024-03-13,0.1691579967737198,0.1738509982824325,0.1657920032739639,0.1681520044803619,1930415342,DOGECOIN,0.006030510761610097,0.006012400006515882,0.05972649641595979,0.07236469719665949,0.17024828493595118,0.12168299977978064,1.3991131484600394
2024-03-14,0.1773300021886825,0.1915120035409927,0.1656239926815033,0.1691579967737198,6047716785,DOGECOIN,0.04830989708334199,0.047179245511039074,0.06115341731841828,0.07209189855085485,0.17299242743424,0.12489103327194843,1.3851468988774516
2024-03-15,0.1632310003042221,0.1810570061206817,0.1540820002555847,0.1773290038108825,3584306802,DOGECOIN,-0.07950714323828179,-0.08284603851106677,0.06971281991045179,0.07455980076921595,0.17269014247826162,0.12748063330849008,1.3546382536425683
2024-03-16,0.1423680037260055,0.1649360060691833,0.1384190022945404,0.1632310003042221,2400392026,DOGECOIN,-0.12781271044919873,-0.13675109654046644,0.07527203978166021,0.07989319182271915,0.16744514235428395,0.12938103352983787,1.2942016135283672
2024-03-17,0.1543300002813339,0.1587609946727752,0.1377319991588592,0.1423639953136444,2329294453,DOGECOIN,0.08402166387294341,0.08067788794039608,0.08557907047812759,0.08070532325975527,0.16521799990109032,0.13165826698144273,1.2549003088759922
2024-03-18,0.1436730027198791,0.1543319970369339,0.1401969939470291,0.1543280035257339,1657669949,DOGECOIN,-0.06905331135895654,-0.07155326581396884,0.0792885507938017,0.0819603102086164,0.15974771550723482,0.13366093362371123,1.1951713277490965
2024-03-19,0.1287280023097992,0.145014002919197,0.1256300061941146,0.1436730027198791,2946516944,DOGECOIN,-0.10402093731707085,-0.10983823382160554,0.08299232606805582,0.0852203580297897,0.15411685832909172,0.13511300037304558,1.1406515872164535
2024-03-20,0.1521860063076019,0.1528680026531219,0.1234529986977577,0.1287350058555603,3190645446,DOGECOIN,0.18222922423163412,0.1674018293120616,0.11395163082668171,0.08953581085091507,0.15169228826250344,0.13720330049594237,1.1056023267238353
2024-03-21,0.1552920043468475,0.1587589979171753,0.1471890062093734,0.1521860063076019,2581283877,DOGECOIN,0.02040922233656417,0.020203745206813728,0.1119325037521365,0.08891621144552163,0.14854400285652702,0.13950826724370316,1.0647684599009433
2024-03-22,0.1527030020952224,0.164902001619339,0.1455910056829452,0.1553000062704086,2672448713,DOGECOIN,-0.016671832284697263,-0.016812371501057757,0.10837688735533733,0.08890063737401444,0.1470400031123842,0.14177786732713377,1.0371153543529381
2024-03-23,0.1617680042982101,0.1746190041303634,0.151855006814003,0.1527030020952224,2912614106,DOGECOIN,0.05936361485110142,0.05766836448572005,0.09434133598090245,0.08902378853712577,0.1498114317655563,0.14436716735363,1.0377112366455905
2024-03-24,0.1764529943466186,0.1799000054597854,0.1617159992456436,0.1617680042982101,2848346890,DOGECOIN,0.09077808749706495,0.08689128331764961,0.09505314222104765,0.08973622303886898,0.1529718594891684,0.1474344670772552,1.0375583302987872
2024-03-25,0.175366997718811,0.1859990060329437,0.1701660007238388,0.1764529943466186,2654389972,DOGECOIN,-0.006154594495995314,-0.006173612083211109,0.08757455413871128,0.089909511579294,0.1574995730604444,0.15040816689531003,1.0471477467714254
2024-03-26,0.1824859976768493,0.1860570013523101,0.1749240010976791,0.175366997718811,2877194654,DOGECOIN,0.040594867053909134,0.03979253718258954,0.06300024585468145,0.08983501298834486,0.1651792866843087,0.15362106685837104,1.0752385077275477
2024-03-27,0.1903299987316131,0.1912849992513656,0.1798429936170578,0.1824859976768493,4055908716,DOGECOIN,0.042984125656885475,0.042085956014878335,0.03608641260357787,0.08986084670324371,0.17062842845916742,0.15698576693733526,1.0869038116511414
2024-03-28,0.2200559973716735,0.2265810072422027,0.1895730048418045,0.1903170049190521,6553128323,DOGECOIN,0.15618136309651032,0.1451226464362643,0.055157336115325785,0.09180744286204735,0.179880427462714,0.16106526677807168,1.1168169963705912
2024-03-29,0.2134909927845001,0.2243999987840652,0.2088100016117096,0.2200559973716735,3493454859,DOGECOIN,-0.02983333635795049,-0.03028740405608289,0.05802978848508688,0.08785052411649767,0.1885644261326108,0.16429556657870606,1.147714634419418
2024-03-30,0.1994339972734451,0.2165160030126571,0.1978469938039779,0.2134239971637725,2403795719,DOGECOIN,-0.06584350621875767,-0.06811130256029045,0.072227267368863,0.08928886478183914,0.19394528227193011,0.16703719993432356,1.1610903580052012
2024-03-31,0.2200639992952346,0.22393299639225,0.1993339955806732,0.199413001537323,2414867092,DOGECOIN,0.10344275451443496,0.09843506907944055,0.07385866561898691,0.08567689224384983,0.20017542583601808,0.16972076644500095,1.1794397941331838
2024-04-01,0.2055699974298477,0.2200679928064346,0.1981080025434494,0.2200649976730346,3408206742,DOGECOIN,-0.06586266682330888,-0.06813181389986178,0.08235679615742239,0.08701146538918585,0.2044901400804519,0.17183573295672733,1.190032693211416
2024-04-02,0.1823039948940277,0.2055770009756088,0.1804679930210113,0.2055750042200088,3855758084,DOGECOIN,-0.11317800664836641,-0.12011100074504187,0.0975928649456177,0.08930613295620198,0.20446413968290594,0.17278466622034705,1.1833465558926335
2024-04-03,0.1755470037460327,0.187402993440628,0.1705060005187988,0.1823019981384277,3112605374,DOGECOIN,-0.03706441623466794,-0.03776876063074456,0.09649500917566026,0.08380129310998394,0.20235228325639448,0.17253923316796618,1.1727899767550574
2024-04-04,0.1799259930849075,0.1880999952554702,0.1722619980573654,0.1755470037460327,2153623709,DOGECOIN,0.02494482529140729,0.024638782157546862,0.07136429581940375,0.07740843036122592,0.1966194255011422,0.1734055330355962,1.1338705406867307
2024-04-05,0.1775179952383041,0.1804800033569336,0.1680369973182678,0.1799259930849075,1914940616,DOGECOIN,-0.01338326833892789,-0.013473631415827431,0.0715870207092565,0.07739032507868583,0.19148042585168562,0.17406309942404427,1.1000632901819707
2024-04-06,0.1859509944915771,0.1876859962940216,0.1767899990081787,0.1775210052728653,1620171667,DOGECOIN,0.047505038810022215,0.04641118312241647,0.07351546489393795,0.0777761342876244,0.18955428259713306,0.17499076575040814,1.0832244877852415
2024-04-07,0.1991080045700073,0.2048110067844391,0.1858029961585998,0.1859489977359771,2643420654,DOGECOIN,0.07075525524562964,0.06836424550562284,0.06668427045147182,0.07830685316249787,0.18656056906495774,0.17611613273620602,1.059304256608881
2024-04-08,0.2026399970054626,0.2086900025606155,0.1958850026130676,0.1991059929132461,2106344172,DOGECOIN,0.0177390780600859,0.017583576886808512,0.06291416080969289,0.07710477193224315,0.18614199757575986,0.17690136581659313,1.0522360679156495
2024-04-09,0.1890009939670562,0.203243002295494,0.1863609999418258,0.2026399970054626,2078490138,DOGECOIN,-0.06730656948262159,-0.0696787167850304,0.048341026307711595,0.07760140559613724,0.18709871172904965,0.17753739903370533,1.0538552031706239
2024-04-10,0.19998399913311,0.201675996184349,0.1817619949579239,0.1890009939670562,2662343295,DOGECOIN,0.058110832834922466,0.05648508488230229,0.04751240002261174,0.0772853792925402,0.1905897110700607,0.17813803255558008,1.0698990459019222
2024-04-11,0.1940110027790069,0.2031199932098388,0.1904419958591461,0.19998399913311,2179869259,DOGECOIN,-0.029867371289677203,-0.03032248620229028,0.05078061789520467,0.07600181412880706,0.19260185531207488,0.1790002658963203,1.0759864201745535
2024-04-12,0.1745969951152801,0.2004279941320419,0.1625130027532577,0.1940110027790069,3611512055,DOGECOIN,-0.10006652914340541,-0.10543443966058852,0.06730414440371504,0.07861767254424967,0.1921845695802143,0.17918156584103898,1.0725688698954163
2024-04-13,0.1531679928302765,0.1755719929933548,0.1321949958801269,0.1746120005846023,4750917199,DOGECOIN,-0.12273408411671005,-0.13094512175573322,0.07835534247067745,0.0816806984742011,0.1875012836285999,0.1783761655290921,1.051156599719706
2024-04-14,0.1622850000858307,0.1644860059022903,0.1444820016622543,0.1531679928302765,3723264167,DOGECOIN,0.059522926997265246,0.05781873794207798,0.07627411359110457,0.08108615205263837,0.1822408544165747,0.17834463218847904,1.02184659095306
2024-04-15,0.1613689959049224,0.1688899993896484,0.1508840024471283,0.1622850000858307,3604719833,DOGECOIN,-0.005644416800220764,-0.005660406718290029,0.07437971106532659,0.07689740273915167,0.17634499711649756,0.17897799859444294,0.9852886863266828
2024-04-16,0.1559890061616897,0.1622370034456253,0.1469080001115799,0.1613689959049224,2473810383,DOGECOIN,-0.03333967416146377,-0.03390811117457113,0.0726101567224422,0.0758044874034257,0.171628998858588,0.1790332987904548,0.958642889440735
2024-04-17,0.1476050019264221,0.1585109978914261,0.1448359936475753,0.1559900045394897,1972027907,DOGECOIN,-0.05374740465092276,-0.05524573146110677,0.0626941877079697,0.07532802314865587,0.16414628497191833,0.1791643654306729,0.9161770789484041
2024-04-18,0.1524479985237121,0.1537169963121414,0.14130699634552,0.1476060003042221,1947482132,DOGECOIN,0.03281051816729175,0.03228374462633455,0.0690152255543628,0.0725410030274484,0.15820871293544767,0.17995503197113666,0.879156927164021
2024-04-19,0.1562680006027221,0.1569059938192367,0.1396439969539642,0.1524479985237121,2186567402,DOGECOIN,0.02505773848133419,0.02474894122957581,0.06405862939243515,0.06594744707726598,0.15559028514793938,0.18009109844764068,0.8639532241687969
2024-04-20,0.1628270000219345,0.1648419946432113,0.1509419977664947,0.1562680006027221,1649509831,DOGECOIN,0.0419727608590017,0.041115801779316674,0.04160912559335213,0.06626845788554724,0.15697014331817624,0.1803422649701436,0.8704013080026654
2024-04-21,0.1582600027322769,0.1654780060052871,0.1556060016155243,0.1628260016441345,1293159346,DOGECOIN,-0.028048157179352273,-0.028449020172265378,0.0371895813121897,0.06641371926794382,0.15639514369624,0.1805274983247121,0.8663231094851511
2024-04-22,0.1611939966678619,0.1633609980344772,0.1568430066108703,0.1582590043544769,1251987179,DOGECOIN,0.01853907421288481,0.018369320419012354,0.038065121289231556,0.0656444551629451,0.15637014380523134,0.18050836473703383,0.8662764411667722
2024-04-23,0.1599439978599548,0.1628679931163787,0.1571689993143081,0.1611939966678619,1047860346,DOGECOIN,-0.007754623830580454,-0.007784847274975281,0.03539108631399083,0.063559889586551,0.1569351426192692,0.17995806485414503,0.8720650710845563
2024-04-24,0.1513539999723434,0.1640940010547638,0.1495289951562881,0.1599439978599548,1524749099,DOGECOIN,-0.053706284715558494,-0.055202276846400965,0.03537905061145589,0.06426344038070113,0.15747071376868654,0.17915763159592943,0.8789506333944213
2024-04-25,0.1513939946889877,0.1541810035705566,0.1477530002593994,0.1513559967279434,1078441792,DOGECOIN,0.0002642461821400488,0.00026421127526686424,0.03304261557050827,0.0637182328886952,0.15732014179229734,0.17812123149633405,0.8832194818703304
2024-04-26,0.1478369981050491,0.1517270058393478,0.1470610052347183,0.1513939946889877,877813549,DOGECOIN,-0.023494964851451527,-0.02377537235657896,0.031809550295393195,0.06312813833657259,0.15611571286405831,0.17670479814211523,0.8834831566854336
2024-04-27,0.1477160006761551,0.1493639945983886,0.1432989984750747,0.1478369981050491,847646783,DOGECOIN,-0.0008184516084941418,-0.0008187867228742773,0.024033035794629096,0.05612230692957185,0.15395699867180412,0.1742934649189313,0.8833205464324998
2024-04-28,0.146698996424675,0.1509599983692169,0.1463010013103485,0.1477160006761551,638063324,DOGECOIN,-0.006884861807961662,-0.006908671817702875,0.0232272731502344,0.05604035087806773,0.1523054263421467,0.17206706504027044,0.8851515326683886
2024-04-29,0.1434919983148574,0.147949993610382,0.1399050056934356,0.146698996424675,1030579266,DOGECOIN,-0.021861077362340886,-0.022103571348369076,0.019480698690380993,0.055087645233062095,0.14977656943457465,0.17020233174165086,0.8799912897898464
2024-04-30,0.1333270072937011,0.1459019929170608,0.1297619938850402,0.1434919983148574,1342359702,DOGECOIN,-0.07084012447057686,-0.07347446075583991,0.028328753290783305,0.05217869185762173,0.1459741422108241,0.16731109867493307,0.8724713624314648
2024-05-01,0.1301340013742447,0.1337240040302276,0.1203479990363121,0.1333270072937011,2135887034,DOGECOIN,-0.023948680648194887,-0.024240112648313817,0.02526080777045667,0.051294820201411455,0.14294271383966714,0.16479656547307966,0.8673889132902927
2024-05-02,0.1321060061454773,0.1342539936304092,0.1242270022630691,0.1301340013742447,1308884973,DOGECOIN,0.015153647397357917,0.01503997778361258,0.027872629832995266,0.04756624664847551,0.14018728690487994,0.16312329918146132,0.8593946273054045
2024-05-03,0.1461459994316101,0.1477620005607605,0.1314219981431961,0.1321090012788772,1266276714,DOGECOIN,0.10627823590906038,0.10100144099986215,0.05312192403005866,0.051436731378501056,0.13994571566581723,0.1621432657043139,0.8630991552928486
2024-05-04,0.1601569950580597,0.1690919995307922,0.1461060047149658,0.1461420059204101,2791346636,DOGECOIN,0.0958698539880738,0.09154843511366992,0.06376632648220386,0.05419277156204023,0.14172300057751788,0.16148429910341897,0.8776271214253133
2024-05-05,0.1610680073499679,0.1631300002336502,0.1549780070781707,0.1601569950580597,1506950274,DOGECOIN,0.005688245409311898,0.005672128430729525,0.06333513423409715,0.05418862761289226,0.14377571642398831,0.16093596617380773,0.8933721892141457
2024-05-06,0.1566080003976822,0.1689410060644149,0.154445007443428,0.1610659956932068,1747675308,DOGECOIN,-0.027690210027836448,-0.02808081133707297,0.063930271050229,0.053537755249685966,0.145649431007249,0.15995786637067788,0.9105487233102293
2024-05-07,0.150189995765686,0.1598020046949386,0.149737998843193,0.1566080003976822,1139969527,DOGECOIN,-0.04098133311004948,-0.041844739335114046,0.05765067518174301,0.052038808836071225,0.14805842936038968,0.15832726607720052,0.9351417038186983
2024-05-08,0.1432940065860748,0.1519210040569305,0.1422110050916671,0.150189995765686,1159774226,DOGECOIN,-0.04591510336260851,-0.04700262130729727,0.0609149657659096,0.05221973475106418,0.14993843010493685,0.15634906639655424,0.9589979240722944
2024-05-09,0.1521169990301132,0.1539829969406128,0.1431580036878585,0.1432940065860748,1093467705,DOGECOIN,0.061572655090347705,0.05975144549984315,0.06336614331539832,0.05259701818876125,0.15279714337417055,0.15511959989865617,0.9850279621272686
2024-05-10,0.1440310031175613,0.1530479937791824,0.1425250023603439,0.1521169990301132,1056928481,DOGECOIN,-0.05315642541009613,-0.05462137938707197,0.057279173212244884,0.05186198107091849,0.15249500104359215,0.15325450003147123,0.9950441978035026
2024-05-11,0.1429239958524704,0.1460369974374771,0.1427070051431656,0.1440310031175613,533516788,DOGECOIN,-0.007685895683079758,-0.007715584400061268,0.039880612952580365,0.05173472818993998,0.15003314401422224,0.15155159980058666,0.9899806020631757
2024-05-12,0.1412310004234314,0.1443890035152435,0.1400160044431686,0.1429249942302703,601107964,DOGECOIN,-0.011845424688423534,-0.011916140727212903,0.03880792397802105,0.04851495434849845,0.1471992858818599,0.15043939997752503,0.9784623303725674
2024-05-13,0.1484339982271194,0.1568250060081482,0.1360429972410202,0.1412310004234314,1918835792,DOGECOIN,0.05100153494694748,0.049743552357065846,0.04615083605166926,0.04356983270895132,0.1460315712860652,0.15028160015741981,0.9717195660220366
2024-05-14,0.1454190015792846,0.1547649949789047,0.1443610042333603,0.1484329998493194,1899294334,DOGECOIN,-0.020312035543376794,-0.02052116163440388,0.044179871210986904,0.04224769110360065,0.14535000068800788,0.14971940020720162,0.9708160765194972
2024-05-15,0.1555259972810745,0.1569889932870865,0.1454000025987625,0.1454190015792846,1767635344,DOGECOIN,0.06950257938801352,0.06719366130741357,0.046916975157531855,0.04417838210722413,0.14709742793015068,0.1495246335864067,0.9837671853925435
2024-05-16,0.1496369987726211,0.1590249985456466,0.149069994688034,0.1555290073156356,1374063837,DOGECOIN,-0.03786504257426815,-0.038600549771589075,0.044808760535824534,0.044306193628744314,0.14674314217908038,0.14931290000677105,0.982789445335439
2024-05-17,0.1555629968643188,0.1563639938831329,0.1495169997215271,0.1496369987726211,1112782871,DOGECOIN,0.03960249230006596,0.03883842114675883,0.040338130876417425,0.04368782466448066,0.1483905698571886,0.14957816650470096,0.9920603609787192
2024-05-18,0.1530770063400268,0.1568720042705536,0.1516570001840591,0.1555629968643188,771261615,DOGECOIN,-0.01598060319228911,-0.01610966992120833,0.04110481996782987,0.04341411825885176,0.14984099992683952,0.14959913343191145,1.0016167640104556
2024-05-19,0.1491069942712783,0.1559640020132064,0.1479569971561432,0.1530770063400268,786457296,DOGECOIN,-0.02593473810122726,-0.02627697358142313,0.0426970881522479,0.04341617853295883,0.15096614190510335,0.14936043322086331,1.0107505625794861
2024-05-20,0.1656879931688308,0.1659449934959411,0.1480990052223205,0.1491069942712783,1512244150,DOGECOIN,0.11120201958726228,0.10544232993948274,0.0551892388586736,0.04703438996754849,0.15343099832534784,0.1494557996590932,1.0265978213981795
2024-05-21,0.1704739928245544,0.1726299971342086,0.1609050035476684,0.1656879931688308,2792364765,DOGECOIN,0.028885615452212132,0.028476289790879836,0.05288743465749011,0.04697108978438564,0.15701028278895782,0.1498629326621691,1.0476925814797762
2024-05-22,0.1661629974842071,0.1740950047969818,0.1622440069913864,0.1704739928245544,1978486152,DOGECOIN,-0.025288287491359474,-0.02561353118440287,0.05149146583408606,0.04714407200142831,0.15852985424654817,0.15002856602271394,1.056664463636526
2024-05-23,0.1596129983663559,0.1691419929265976,0.1534029990434646,0.1661629974842071,2243999960,DOGECOIN,-0.03941911988241387,-0.040217094053618396,0.0517458868280225,0.04772107738368697,0.15995499704565314,0.15001753270626064,1.0662420195834734
2024-05-24,0.1638029962778091,0.1727010011672973,0.1561609953641891,0.1596129983663559,3012763365,DOGECOIN,0.026250981776784865,0.02591233844838911,0.05073350993856416,0.04677819145580524,0.1611321398190089,0.15043249924977617,1.071125857926931
2024-05-25,0.1739600002765655,0.1740860044956207,0.1629589945077896,0.1638039946556091,1489582490,DOGECOIN,0.06200743716268886,0.06016092577327613,0.052989583548912304,0.04793739772413572,0.16411542466708587,0.15118469943602877,1.0855293245896784
2024-05-26,0.1662199944257736,0.1745499968528747,0.1657080054283142,0.1739609986543655,1359410362,DOGECOIN,-0.0444930204557753,-0.04551321072961315,0.05609270253066813,0.04854205846224967,0.1665601389748709,0.15179746598005292,1.0972524336918634
2024-05-27,0.1690900027751922,0.1730359941720962,0.1643649935722351,0.1662199944257736,1404874711,DOGECOIN,0.017266324423445,0.017118955373206124,0.04016767103667312,0.04859229354002034,0.16704614034720827,0.15250993271668747,1.0953131863058665
2024-05-28,0.1649619936943054,0.1693300008773803,0.1617960035800933,0.1690900027751922,1410223091,DOGECOIN,-0.024413087782457876,-0.024716027841525677,0.039550223174030064,0.04884462802754822,0.16625871190002983,0.15311869929234181,1.085815858340074
2024-05-29,0.1636949926614761,0.1702689975500106,0.1622200012207031,0.1649640053510666,1525668595,DOGECOIN,-0.007680563288882114,-0.007710210718636037,0.03853797078360041,0.04865059086194398,0.16590613978249683,0.15379213243722908,1.078768706521526
2024-05-30,0.1595440059900283,0.1654070019721985,0.1565950065851211,0.1636960059404373,1452218159,DOGECOIN,-0.02535805527070778,-0.02568511160709226,0.036481330601858604,0.04675871624652357,0.16589628372873572,0.15466603239377333,1.0726096813964339
2024-05-31,0.1591359972953796,0.1622260063886642,0.1549070030450821,0.1595389991998672,945969518,DOGECOIN,-0.0025573426724297965,-0.002560618258925082,0.0346436613127036,0.04644195595178467,0.1652295695883887,0.1556327655911445,1.0616631334718776
2024-06-01,0.1601999998092651,0.161322996020317,0.158390998840332,0.1591359972953796,496035603,DOGECOIN,0.006686120877544388,0.006663867906980018,0.0215077817160587,0.046415298805559516,0.1632638552359172,0.15656923204660408,1.0427582297096558
2024-06-02,0.1572010070085525,0.1611939966678619,0.1549600064754486,0.1601999998092651,585756299,DOGECOIN,-0.01872030464596275,-0.01889774756224313,0.016261431702316895,0.04302962485056671,0.16197542846202845,0.15693773229916885,1.032099967860223
2024-06-03,0.158281996846199,0.1632110029458999,0.156027004122734,0.1572010070085525,929987302,DOGECOIN,0.006876481634673581,0.00685294646600651,0.013915352983885583,0.0396246937005763,0.16043142761502943,0.1568752323587735,1.0226689401684705
2024-06-04,0.1614499986171722,0.1617439985275268,0.157162994146347,0.158281996846199,760727969,DOGECOIN,0.02001492168469121,0.019817256291813877,0.015815558359930124,0.039783188471585795,0.15992971403258185,0.15688796540101363,1.0193880303297538
2024-06-05,0.163234993815422,0.1647240072488784,0.1612920016050338,0.1614499986171722,820053785,DOGECOIN,0.011056024859327218,0.010995353794088685,0.016468488997756957,0.0394678643415991,0.15986399991171693,0.15710886518160497,1.017536468912351
2024-06-06,0.1601590067148208,0.1651699990034103,0.1586569994688034,0.163234993815422,893170339,DOGECOIN,-0.018843919607577364,-0.019023728716180348,0.014879856528593164,0.038820614341837915,0.1599518571581159,0.15744116554657614,1.0159468561022373
2024-06-07,0.1483030021190643,0.1620189994573593,0.1431179940700531,0.1601579934358596,1581768204,DOGECOIN,-0.07402646182032901,-0.07690962122410999,0.032987469848930695,0.04047490729402373,0.15840428641864226,0.15760813206434246,1.0050514801734645
2024-06-08,0.1460590064525604,0.1485829949378967,0.1440100073814392,0.1482959985733032,872877278,DOGECOIN,-0.015131154693027171,-0.015246798648175476,0.0321640595570717,0.03902026652647445,0.1563841445105416,0.15740619897842403,0.9935068982383437
2024-06-09,0.1467739939689636,0.1490889936685562,0.1451999992132187,0.1460449993610382,656320138,DOGECOIN,0.004895196357750375,0.0048832538421750135,0.03271338433159324,0.037709595467662956,0.15489457121917177,0.1574976320068041,0.9834723814290752
2024-06-10,0.1447400003671646,0.1478199958801269,0.1434669941663742,0.1467670053243637,752565082,DOGECOIN,-0.013857997229598351,-0.01395491571232901,0.03188232799271055,0.03777435412691483,0.1529600002935954,0.15755816549062726,0.9708160780958992
2024-06-11,0.1381040066480636,0.1450469940900802,0.1341030001640319,0.1447419971227646,1271975142,DOGECOIN,-0.04584768344802659,-0.04693195932235747,0.030459193855205673,0.0386983788674487,0.14962485858372276,0.15745393236478167,0.9502770514303772
2024-06-12,0.1461959928274154,0.1503250002861023,0.1350300014019012,0.1380970031023025,1274848212,DOGECOIN,0.058593420826471565,0.05694106544649864,0.04170677172559259,0.0390429700458597,0.14719071558543612,0.15737933218479153,0.9352607711704346
2024-06-13,0.1410599946975708,0.146353006362915,0.1403809934854507,0.1461970061063766,790003626,DOGECOIN,-0.035130909066075855,-0.03576284390869382,0.0423999451218642,0.03940984213031096,0.14446228529725752,0.15723403195540106,0.9187723770782257
2024-06-14,0.1349699944257736,0.143213003873825,0.1321640014648437,0.1410460025072097,859600884,DOGECOIN,-0.043173121371895884,-0.04413280396870127,0.03618202211723941,0.03798123735124694,0.1425575699125017,0.15654883186022436,0.9106268518169791
2024-06-15,0.1365659981966018,0.1372770071029663,0.1343580037355423,0.1349750012159347,476136328,DOGECOIN,0.011824878393293048,0.011755510825332943,0.037379105801740274,0.0375427215148623,0.1412014258759362,0.15611313184102374,0.9044814117221559
2024-06-16,0.1369370073080063,0.1373469978570938,0.1348190009593963,0.1365759968757629,385407083,DOGECOIN,0.0027167019338911746,0.0027130183691158965,0.03724772155673928,0.03672334766230394,0.139796142067228,0.15549226552248,0.8990552783927201
2024-06-17,0.1288889944553375,0.1380230039358139,0.1264950037002563,0.1369400024414062,960646592,DOGECOIN,-0.05877164260327927,-0.06056949360200701,0.041960146834380624,0.03809008371328429,0.13753171265125272,0.154685998459657,0.8891025304214705
2024-06-18,0.1222959980368614,0.1291030049324035,0.1153919994831085,0.1288660019636154,1413960450,DOGECOIN,-0.051152516522740776,-0.05250720616750825,0.04267927138832965,0.03887097042896418,0.13527342570679526,0.15379229858517643,0.8795851739732945
2024-06-19,0.1223409995436668,0.1265079975128173,0.121578998863697,0.1222790032625198,642487745,DOGECOIN,0.00036797203120109145,0.00036790434609685946,0.02962218466505325,0.0326650319107394,0.1318655695234026,0.15234739879767098,0.8655583919652621
2024-06-20,0.1244190037250518,0.1282660067081451,0.1214540004730224,0.1223409995436668,734399819,DOGECOIN,0.016985345788705253,0.016842707708631464,0.0330444517349296,0.03225767206474428,0.129488285098757,0.15081223249435421,0.8586059827978776
2024-06-21,0.1240290030837059,0.1254999935626983,0.1216169968247413,0.1244300007820129,598393023,DOGECOIN,-0.0031345745398165814,-0.003139497609099666,0.031208868420877833,0.0321553228042456,0.1279252863356045,0.1494077660143375,0.856215776115202
2024-06-22,0.1237889975309372,0.1253650039434433,0.1229590028524398,0.1240380033850669,328642106,DOGECOIN,-0.001935076045130546,-0.0019369507236014227,0.02986641671070894,0.03166027375166784,0.12610000052622383,0.14821363265315687,0.8507989330598056
2024-06-23,0.1222570016980171,0.1261200010776519,0.1218269988894462,0.1237829998135566,429188641,DOGECOIN,-0.01237586428096904,-0.012453083050083608,0.02898629518289465,0.03099125737027771,0.12400285686765396,0.1468287661671638,0.8445406176503406
2024-06-24,0.1190430000424385,0.1236750036478042,0.1147309988737106,0.122248999774456,951099440,DOGECOIN,-0.02628889643079424,-0.026640627581696243,0.022424285792702,0.028161885684486288,0.12259628623723981,0.14499819949269288,0.8455021280689626
2024-06-25,0.1261530071496963,0.1282359957695007,0.1188950017094612,0.1190330013632774,783244352,DOGECOIN,0.05972637706310402,0.0580107399553135,0.027048503139971078,0.030259949419091412,0.12314728753907336,0.143662633250157,0.8571977608445986
2024-06-26,0.1226790025830268,0.1285219937562942,0.121919997036457,0.1261499971151352,526276880,DOGECOIN,-0.027538024222816593,-0.027924303711848515,0.029737777885338098,0.030025910911266277,0.12319557368755338,0.14211559991041814,0.8668687587091712
2024-06-27,0.126910999417305,0.1281149983406067,0.1206300035119056,0.1226719990372657,616932730,DOGECOIN,0.03449650506747526,0.03391483981928633,0.03193080461504159,0.03097496535397873,0.12355157307216098,0.14084723343451816,0.8772026972727287
2024-06-28,0.1227890029549598,0.1279760003089904,0.1223609969019889,0.126910001039505,634763078,DOGECOIN,-0.03247942637967394,-0.03301858958043999,0.0347361178150316,0.03128897339843367,0.12337443019662582,0.13948370044430095,0.8845078658197204
2024-06-29,0.1216989979147911,0.1241210028529167,0.1213890016078949,0.1227950006723404,285391178,DOGECOIN,-0.008877057504640962,-0.008916693320235288,0.03485289464119901,0.031140860266956037,0.12307585882289065,0.13822220017512638,0.890420342513392
2024-06-30,0.1243050023913383,0.1253329962491989,0.1204520016908645,0.1216989979147911,369166834,DOGECOIN,0.021413524525254024,0.02118747630808025,0.035553174426333795,0.031609186084561036,0.12336843035050797,0.13706116701165832,0.9000976209403962
2024-07-01,0.1234420016407966,0.1272359937429428,0.1232480034232139,0.1243039965629577,452573746,DOGECOIN,-0.00694260676513081,-0.006966818787587643,0.033601355229014855,0.031485379177516766,0.1239968591502734,0.1358359004060427,0.9128430612203411
2024-07-02,0.1250160038471222,0.1250939965248108,0.1224619969725608,0.1234389990568161,408063753,DOGECOIN,0.01275094526501408,0.012670336464842537,0.024986632609661264,0.03165944313593417,0.12383443010704855,0.13476306696732837,0.9189048074801582
2024-07-03,0.1184709966182708,0.1253259927034378,0.1170450001955032,0.1250189989805221,657681923,DOGECOIN,-0.0523533549900943,-0.053773583542264115,0.03080990316285923,0.0326229787008198,0.12323328639779767,0.13343603362639742,0.92353829058524
2024-07-04,0.1048870012164115,0.1189479976892471,0.104431003332138,0.1184479966759681,1239123198,DOGECOIN,-0.11466093634401286,-0.12178458457187132,0.04892324196887798,0.038010432765460615,0.12008700094052717,0.1315506003797054,0.9128578706133618
2024-07-05,0.1055940017104148,0.1064179986715316,0.0937950015068054,0.1048529967665672,1709690679,DOGECOIN,0.006740592121082356,0.006717975904256098,0.05042189112402291,0.03791989207597932,0.11763057219130647,0.12962923397620515,0.9074386122878643
2024-07-06,0.1136149987578392,0.1140789985656738,0.1049349978566169,0.1055850014090538,842720114,DOGECOIN,0.07596072615394855,0.07321396121653155,0.06206387640697913,0.041144377256693274,0.11647571516888477,0.12807776704430576,0.9094140057000876
2024-07-07,0.1042319983243942,0.1135770007967948,0.1037330031394958,0.1135770007967948,641031095,DOGECOIN,-0.082585930872068,-0.08619636106579322,0.0662523618090997,0.04168527698361069,0.11360814315932131,0.12660873358448343,0.8973167959500433
2024-07-08,0.1075809970498085,0.1110209971666336,0.0991630032658577,0.1042350009083747,1023119021,DOGECOIN,0.032130236196675765,0.031624856962086195,0.06954256606491077,0.04242175690634008,0.11134228536060875,0.12532613327105838,0.8884203354442842
2024-07-09,0.1075130030512809,0.1092199981212616,0.1061379984021186,0.1075699999928474,572733013,DOGECOIN,-0.0006320261049087561,-0.0006322259176030608,0.06868877724315223,0.042366084290125255,0.10884185667548855,0.12401743357380227,0.8776335192480597
2024-07-10,0.1080219969153404,0.1104300022125244,0.1059039980173111,0.1075190007686615,552090147,DOGECOIN,0.00473425399360039,0.004723082657914227,0.06766539267616026,0.04244883949456845,0.1073491424322128,0.12279350012540813,0.8742249575309596
2024-07-11,0.1066669970750808,0.1121790036559104,0.1063110008835792,0.108024001121521,546104180,DOGECOIN,-0.012543739969198553,-0.012623076827547082,0.04826481345719729,0.04187089076154987,0.10760342755487982,0.1217455998063087,0.8838383294843642
2024-07-12,0.1076849997043609,0.1082660034298896,0.1050319969654083,0.1066640019416809,468503073,DOGECOIN,0.009543745086997735,0.009498491251402001,0.04831764703620178,0.04017115835670302,0.107902141554015,0.12046190003554022,0.8957366729412396
2024-07-13,0.112355999648571,0.1128889992833137,0.1074469983577728,0.1076849997043609,497448463,DOGECOIN,0.04337651443593704,0.0424621026657858,0.041808106364692246,0.04098462136106642,0.10772228453840524,0.11950510020057356,0.9014032401764241
2024-07-14,0.1154489964246749,0.1164949983358383,0.1113499999046325,0.1123500019311904,551768272,DOGECOIN,0.02752854129533122,0.027156444418848083,0.01966597022213311,0.04085891658321135,0.10932471283844536,0.1188544002672036,0.919820491228478
2024-07-15,0.125228002667427,0.125351995229721,0.1147890016436576,0.1154709979891777,865334768,DOGECOIN,0.08470412516000048,0.08130725409911954,0.03195767221546363,0.043727165614520405,0.11184571364096228,0.11847646708289779,0.9440331602959094
2024-07-16,0.1249310001730918,0.1272570043802261,0.1193709969520568,0.1251640021800995,1023424280,DOGECOIN,-0.0023716939343347843,-0.0023745108551913295,0.032166683182409166,0.04371455373770568,0.11433399894407811,0.11807626684506731,0.9683063497773047
2024-07-17,0.1218840032815933,0.1275060027837753,0.1206429973244667,0.1249329969286918,731025036,DOGECOIN,-0.024389438068028735,-0.024691786610442076,0.036363537207583625,0.04256252696943007,0.11631428556782852,0.11784276713927584,0.9870294833653996
2024-07-18,0.119496002793312,0.1238429993391037,0.1175730004906654,0.1218789964914321,710080580,DOGECOIN,-0.01959240280912178,-0.019786878285500246,0.03742950787372825,0.04162899220841601,0.11814700067043298,0.11774943396449085,1.0033763789137367
2024-07-19,0.1254799962043762,0.1260560005903244,0.1179080009460449,0.1195010021328926,724349409,DOGECOIN,0.05007693371479949,0.048863431689872616,0.03916738038640643,0.042604922866642726,0.12068914302757802,0.11785406718651449,1.0240558167294878
2024-07-20,0.1344300061464309,0.1356460005044937,0.1244850009679794,0.1254750043153762,1109519614,DOGECOIN,0.07132618913597466,0.0688973101146853,0.04260940151341375,0.044305026856391705,0.1238425725272723,0.11818776726722713,1.0478459437114116
2024-07-21,0.1401689946651458,0.1430869996547699,0.1264050006866455,0.1344300061464309,1229665449,DOGECOIN,0.042691276175823134,0.04180513620683964,0.04305457548682975,0.04486136697360906,0.12737400084733957,0.11872576698660846,1.0728420972147232
2024-07-22,0.1378809958696365,0.1424690037965774,0.1362140029668808,0.1401669979095459,1468393831,DOGECOIN,-0.016323144793719546,-0.016457835045312258,0.03837593836748037,0.0450066014642364,0.12918157130479807,0.1191955002645651,1.083778926369435
2024-07-23,0.1303910017013549,0.1392019987106323,0.128489002585411,0.1378819942474365,963364309,DOGECOIN,-0.054322164711975485,-0.05585332259598909,0.046569667999283554,0.046221318634595894,0.12996157152312138,0.1194666335980097,1.0878482770379705
2024-07-24,0.1280879974365234,0.1346269994974136,0.1272439956665039,0.1303859949111938,734879689,DOGECOIN,-0.01766229444349421,-0.017820134067513926,0.045879457233427824,0.046059655038670995,0.1308478564023971,0.11976813351114586,1.0925097733966116
2024-07-25,0.1252209991216659,0.1286409944295883,0.1203230023384094,0.1280889958143234,970420635,DOGECOIN,-0.02238303644553663,-0.02263733847060896,0.046169523375264365,0.04504687247005728,0.13166571302073338,0.11973706657687817,1.0996236736449219
2024-07-26,0.1343179941177368,0.1348779946565628,0.1252000033855438,0.1252219974994659,752603628,DOGECOIN,0.07264751966427108,0.07012990983376255,0.04995224910655913,0.046503179150210884,0.13292828415121347,0.1201250329613685,1.1065827069863317
2024-07-27,0.1315920054912567,0.1386670023202896,0.1313409954309463,0.1343179941177368,1193072781,DOGECOIN,-0.02029503674757538,-0.020503810550237502,0.0432852929872436,0.04631754379396826,0.13252285548618858,0.1202810664971669,1.1017765251467073
2024-07-28,0.130074992775917,0.1317999958992004,0.1283240020275116,0.1315969973802566,755293791,DOGECOIN,-0.01152815256273687,-0.01159511686073015,0.03850445441447171,0.045935232067787296,0.13108085521629873,0.12052393282453214,1.0875919175914726
2024-07-29,0.1286740005016327,0.1349489986896515,0.1279550045728683,0.1300760060548782,809333955,DOGECOIN,-0.0107706504100894,-0.010829073748828943,0.038422291316785845,0.04595211504331366,0.12976557016372678,0.12075643291076019,1.0746058577237405
2024-07-30,0.1255950033664703,0.1303060054779052,0.1236620023846626,0.1286620050668716,638122391,DOGECOIN,-0.023928665644644465,-0.024219606761029414,0.03368059475999274,0.04604119942069792,0.12908042754445753,0.1207994329432646,1.0685516016046386
2024-07-31,0.1220140010118484,0.1272010058164596,0.1215429976582527,0.1255930066108703,609802169,DOGECOIN,-0.028512299523357654,-0.028926670587922153,0.03461441870579374,0.04633507089562785,0.12821271376950397,0.12075183292229966,1.0617868952101552
2024-08-01,0.1192359998822212,0.1229320019483566,0.1128280013799667,0.1220209971070289,861079384,DOGECOIN,-0.022767888165206807,-0.023031079071341075,0.03464448475883264,0.04644646082790465,0.12735771387815473,0.12055916612346963,1.0563917947783614
2024-08-02,0.1115079969167709,0.1195129975676536,0.1105670034885406,0.1192350015044212,826720039,DOGECOIN,-0.06481266541215625,-0.06700841191444183,0.01900740081497443,0.04701865431908499,0.12409914284944532,0.12032706613341963,1.0313485306110861
2024-08-03,0.1081689968705177,0.114496998488903,0.1054179966449737,0.1115069985389709,808239471,DOGECOIN,-0.029944041132273336,-0.030401519594329504,0.018846859346575193,0.04164516909381522,0.12075299876076831,0.1204364659885565,1.0026282137192726
2024-08-04,0.1037330031394958,0.109214000403881,0.0996059998869896,0.1081689968705177,827323034,DOGECOIN,-0.04100984440423305,-0.041874469432130725,0.017904976140283923,0.042355119539989355,0.11698985738413671,0.1203744327028592,0.9718829385715385
2024-08-05,0.0945030003786087,0.1041660010814666,0.0808309987187385,0.1037319973111152,3194029250,DOGECOIN,-0.08897845894305179,-0.09318873649465116,0.026446360110529987,0.04324283202265414,0.11210828593799042,0.11973736609021818,0.936284884148199
2024-08-06,0.0963710024952888,0.1013879999518394,0.0943669974803924,0.0945020020008087,1124169389,DOGECOIN,0.019766590575921228,0.0195737683412621,0.03554569622363975,0.04072933627468955,0.10793342867067879,0.11947533289591467,0.9033950862870495
2024-08-07,0.0955149978399276,0.1018470004200935,0.0945940017700195,0.0963710024952888,1000135339,DOGECOIN,-0.008882388199739188,-0.008922071774516921,0.03714942425000985,0.04022359641493827,0.1041478567889758,0.11907313292225195,0.8746545440857635
2024-08-08,0.1074040010571479,0.1077720001339912,0.0939769968390464,0.0955149978399276,858015369,DOGECOIN,0.12447263242517081,0.11731415457120002,0.06894089839047608,0.04592125657545836,0.10245757124253677,0.11906949952244754,0.8604854446643658
2024-08-09,0.1039739996194839,0.107582002878189,0.1017739996314048,0.1074090003967285,602450305,DOGECOIN,-0.031935508955936776,-0.032456570945368,0.06575399941612096,0.04628868262871156,0.10138128591435291,0.11893456627925232,0.8524122892609269
2024-08-10,0.1052019968628883,0.1058589965105056,0.1031159982085228,0.1039739996194839,371267774,DOGECOIN,0.011810618499803027,0.011741417483412276,0.0655028539180293,0.04629641818641578,0.10095742877040584,0.11888573293884591,0.8491971767742537
2024-08-11,0.1005659997463226,0.1107940003275871,0.1002990007400512,0.1052030026912689,676944256,DOGECOIN,-0.044067577183044104,-0.04506805585917234,0.0658211808412314,0.04695880116646529,0.10050499971423825,0.11864843294024463,0.8470824032278284
2024-08-12,0.1077670007944107,0.108534999191761,0.1004709973931312,0.1005659997463226,778786434,DOGECOIN,0.07160472790259731,0.06915727068175408,0.05739655025945739,0.04807551807257842,0.10239985691649568,0.11849546631177262,0.8641668757779485
2024-08-13,0.1064160019159317,0.1088429987430572,0.1035720035433769,0.1077670007944107,575505923,DOGECOIN,-0.012536294677591764,-0.012615536986199138,0.05859764998298047,0.04780881158266367,0.10383485683373038,0.1181943664948145,0.8785093563514796
2024-08-14,0.1025549992918968,0.1067399978637695,0.1018050014972686,0.1064160019159317,564943505,DOGECOIN,-0.036282162029401155,-0.03695672641698669,0.061332716847087,0.04545977964855114,0.10484057132686884,0.11743859971563017,0.8927266808420177
2024-08-15,0.1002670004963874,0.1047979965806007,0.0981950014829635,0.1025549992918968,617034813,DOGECOIN,-0.02230996841994215,-0.022562600308458147,0.03950471394387015,0.045543530657962836,0.10382099981818878,0.11661646639307335,0.8902773598733859
2024-08-16,0.1004389971494674,0.1020279973745346,0.09774199873209,0.1002670004963874,539609334,DOGECOIN,0.001715386440488853,0.001713916845544218,0.03833569127476605,0.045451506953130154,0.10331599946532928,0.11590163285533585,0.8914110778256636
2024-08-17,0.1027550026774406,0.1036309972405433,0.1001560017466545,0.1004389971494674,305545333,DOGECOIN,0.02305882768350087,0.022796990383097224,0.03935181924456497,0.04568500381083457,0.10296642886740816,0.11534359951814013,0.8926930431992856
2024-08-18,0.1001719981431961,0.1043059974908828,0.1001690030097961,0.1027550026774406,377630490,DOGECOIN,-0.025137506368938856,-0.02545885010353259,0.03648137046772871,0.044665423459930374,0.10291014292410439,0.11449999958276745,0.8987785440969785
2024-08-19,0.1015039980411529,0.1018069982528686,0.0987119972705841,0.1001719981431961,463249309,DOGECOIN,0.013297128166023908,0.013209497328203411,0.021860124722856145,0.042484483235073825,0.10201542824506757,0.11340246597925817,0.8995873887233339
2024-08-20,0.1030009984970092,0.1056189984083175,0.1012289971113205,0.1015060022473335,695089222,DOGECOIN,0.01474819203918809,0.014640495054265954,0.023389865970052194,0.04163730921675571,0.10152757061379292,0.11216353277365362,0.905174508177055
2024-08-21,0.1061569973826408,0.1078250035643577,0.102462001144886,0.1030000001192092,509933481,DOGECOIN,0.030640468846748536,0.030180423409385256,0.021638412900740124,0.04226426497186954,0.10204214176961349,0.11110606615742043,0.918420976448174
2024-08-22,0.1053080037236213,0.1068219989538192,0.104273997247219,0.1061569973826408,391690266,DOGECOIN,-0.007997528942527588,-0.008029680715011504,0.019110304749683532,0.041316297160222386,0.10276228508778976,0.1102699662248293,0.9319154490196165
2024-08-23,0.112926997244358,0.1152390018105506,0.1053050011396408,0.1053080037236213,860650259,DOGECOIN,0.07234961495170489,0.0698521428291601,0.03013686617031111,0.0435725084829493,0.10454628510134555,0.10976459955175713,0.9524590398751375
2024-08-24,0.1126310005784034,0.114946998655796,0.1112470030784607,0.112926997244358,673199379,DOGECOIN,-0.0026211328838762205,-0.0026245740671881367,0.030809742947982555,0.04343346295662465,0.10595714194434025,0.1093449329336484,0.9690173938707897
2024-08-25,0.1096979975700378,0.1127580031752586,0.1081169992685318,0.1126310005784034,584876309,DOGECOIN,-0.026040814636321352,-0.02638588036167222,0.031004534658585454,0.04131176586087726,0.10731799900531762,0.10852426638205843,0.9888848142728358
2024-08-26,0.1052919998764991,0.1102920025587081,0.1046390011906623,0.1096990033984184,560759055,DOGECOIN,-0.0401647959957121,-0.04099367175148115,0.03710527243469947,0.04171442071022666,0.1078591421246528,0.10764759952823316,1.0019651399320255
2024-08-27,0.0990559980273246,0.1064779981970787,0.0973920002579689,0.1052919998764991,615156838,DOGECOIN,-0.05922578977024795,-0.06105211480943347,0.04424876618230324,0.04284652517701303,0.10729557062898357,0.10661363303661342,1.0063963451291071
2024-08-28,0.0996270030736923,0.1017580032348632,0.0972919985651969,0.0990559980273246,657073357,DOGECOIN,0.005764467147261421,0.005747916181055634,0.04185690272977096,0.042930012556598285,0.10636271429913378,0.10564539978901541,1.006789831942999
2024-08-29,0.1004249975085258,0.1024919971823692,0.0985350012779235,0.0996270030736923,461885564,DOGECOIN,0.008009820733473783,0.007977912392860817,0.04235745864856007,0.04292667161502413,0.10566514198269157,0.10480639959375058,1.0081936064235546
2024-08-30,0.1020430028438568,0.1023819968104362,0.0972749963402748,0.1004249975085258,572514236,DOGECOIN,0.01611157954167375,0.015983165509790825,0.028855295962551913,0.042935141168213994,0.10411028563976281,0.10414069965481754,0.9997079526529442
2024-08-31,0.1013320013880729,0.10224100202322,0.1004739999771118,0.1020430028438568,303734469,DOGECOIN,-0.006967664964464548,-0.006992052490756624,0.028602382759777327,0.042814906311778964,0.10249614289828704,0.1035438997050126,0.9898810378041534
2024-09-01,0.0953539982438087,0.1014610007405281,0.0943429991602897,0.1013320013880729,424515197,DOGECOIN,-0.058994227513282094,-0.060806004998231855,0.033418686135407785,0.04252123484717416,0.10044700013739717,0.10300543308258052,0.9751621553483278
2024-09-02,0.0991149991750717,0.0997399985790252,0.0941670015454292,0.0953539982438087,463950026,DOGECOIN,0.039442508972162615,0.03868452036238791,0.038297334896421384,0.042978562644348746,0.09956457146576468,0.10270363315939898,0.9694357288338341
2024-09-03,0.0967189967632293,0.1007060036063194,0.0967010036110878,0.0991149991750717,395659305,DOGECOIN,-0.024173963898342254,-0.02447095015510522,0.03191731922067026,0.04254986099365978,0.09923071414232251,0.10246983294685677,0.9683895375703975
2024-09-04,0.0980250015854835,0.0994559973478317,0.0929789990186691,0.0967150032520294,579587111,DOGECOIN,0.013503084874332716,0.013412730688544098,0.03241154037654186,0.039004306774967336,0.0990018567868641,0.10258723298708593,0.9650504639239742
2024-09-05,0.0983090028166771,0.0990990027785301,0.0962250009179115,0.0980250015854835,452927311,DOGECOIN,0.0028972326100493717,0.0028930437204922254,0.032198668250793094,0.03885223812384472,0.09869957183088572,0.10265183299779887,0.9614983868140192
2024-09-06,0.0924839973449707,0.0993790030479431,0.0893729999661445,0.0983090028166771,802922234,DOGECOIN,-0.05925200444326184,-0.061079980197293327,0.037368774398715006,0.04043091453973802,0.09733399961675913,0.102550799647967,0.9491296016304512
2024-09-07,0.0952610000967979,0.0956180021166801,0.0918119996786117,0.0924839973449707,412044016,DOGECOIN,0.030026846065799084,0.029584866043433078,0.04090987072230777,0.03427706997543197,0.09646671371800555,0.10214603294928865,0.9444000019648081
2024-09-08,0.0960799977183342,0.096902996301651,0.0940470024943351,0.0952610000967979,381739751,DOGECOIN,0.008597407340927399,0.00856066010486137,0.03404576599388719,0.033919000124563684,0.09657042792865207,0.10188289955258364,0.9478570825206079
2024-09-09,0.1038289964199066,0.1046189963817596,0.0958319976925849,0.0960799977183342,698093518,DOGECOIN,0.08065152878426551,0.07756412663634271,0.043155115605602305,0.03688044985872773,0.09724385610648563,0.10183713287115093,0.9548958554196835
2024-09-10,0.1027119979262352,0.1045209988951683,0.1016609966754913,0.1038289964199066,465166360,DOGECOIN,-0.010758059233800354,-0.010816345561818508,0.04180199720146917,0.035970109816314356,0.09809999912977217,0.10190866614381468,0.9626266621067567
2024-09-11,0.1013780012726783,0.1029699966311454,0.0980909988284111,0.1027119979262352,532198021,DOGECOIN,-0.012987739314689661,-0.013072817452243321,0.04248561764285272,0.033630929791576426,0.09857899908508572,0.10169569949309026,0.969352682330325
2024-09-12,0.1027989983558654,0.1032069995999336,0.1006359979510307,0.1013780012726783,439730013,DOGECOIN,0.014016818889188931,0.013919491707162765,0.04260715949716052,0.0336920061943307,0.09922042701925547,0.10157513270775473,0.9768180889778006
2024-09-13,0.1071140021085739,0.1082900017499923,0.1018650010228157,0.1027989983558654,675630464,DOGECOIN,0.04197515366609905,0.041118098196689365,0.0317701192254148,0.033846044222701904,0.10131042769977021,0.10172709946831063,0.9959040238961082
2024-09-14,0.1054669991135597,0.1075579971075058,0.1046430021524429,0.1071129962801933,426157956,DOGECOIN,-0.015376168965703929,-0.015495608178552521,0.03421043477236979,0.033697422953011896,0.10276842755930761,0.1019004327555497,1.008518067885346
2024-09-15,0.1029329970479011,0.1063589975237846,0.1025770008563995,0.1054669991135597,428890116,DOGECOIN,-0.02402649252331679,-0.02431983691625721,0.03728714765555599,0.03403023596072438,0.10374742746353145,0.1019835660854975,1.0172955452112278
2024-09-16,0.0996930003166198,0.1031320020556449,0.0984579995274543,0.1029379963874816,528755469,DOGECOIN,-0.03147675501737823,-0.03198279540852515,0.025135471238698276,0.03427897496630449,0.10315657087734763,0.10188149934013681,1.0125152411916705
2024-09-17,0.1011369973421096,0.1024670004844665,0.0988439992070198,0.0996960029006004,480290242,DOGECOIN,0.01448443743195349,0.014380540029997845,0.026084807185730575,0.03407015322179519,0.10293157079390111,0.10191366598010057,1.0099879128477165
2024-09-18,0.1035849973559379,0.1035899966955185,0.0995780006051063,0.1011369973421096,549512848,DOGECOIN,0.02420479229324579,0.023916499095360047,0.027238016382955005,0.03426535811100997,0.10324685594865247,0.10198303262392676,1.0123924862029372
2024-09-19,0.1050309985876083,0.107073999941349,0.1035849973559379,0.1035849973559379,656532122,DOGECOIN,0.013959562374671552,0.013863025058870826,0.0272342781294401,0.034254724984472795,0.10356571312461575,0.10205069929361339,1.0148456976923153
2024-09-20,0.1054710000753402,0.1072959974408149,0.1037480011582374,0.1050309985876083,595150523,DOGECOIN,0.004189253588452679,0.00418050309581431,0.02163635919656174,0.0338078311086867,0.10333099854843951,0.10202783271670338,1.0127726503350765
2024-09-21,0.1100490018725395,0.1103729978203773,0.104152001440525,0.1054710000753402,502306053,DOGECOIN,0.04340531325131214,0.04248970384094923,0.026298973666126,0.034652846902678634,0.1039855703711509,0.10218586598833397,1.01761206763196
2024-09-22,0.1063390001654625,0.1100500002503395,0.1040199995040893,0.1100490018725395,480950368,DOGECOIN,-0.033712270388185805,-0.03429363237912314,0.028405964871628206,0.03272914295973279,0.10447214224508826,0.10196626608570412,1.0245755410645117
2024-09-23,0.1081560030579567,0.1090840026736259,0.1047199964523315,0.1063390001654625,644419670,DOGECOIN,0.017086890883560635,0.016942551847014542,0.023482364981625883,0.032910808266480525,0.1056811426367078,0.10181709950168923,1.0379508270607773
2024-09-24,0.109774999320507,0.1104680001735687,0.1069829985499382,0.1081560030579567,708492630,DOGECOIN,0.014969083701093622,0.014858152622063938,0.02349234719432919,0.03268968027261619,0.10691514291933601,0.10181966622670487,1.0500441307800588
2024-09-25,0.1085039973258972,0.1108840033411979,0.1081700026988983,0.109774999320507,696620734,DOGECOIN,-0.011578246435683281,-0.011645796242697648,0.024245393543363115,0.03184818585529138,0.10761785720075877,0.10192673280835149,1.0558354441038353
2024-09-26,0.1181759983301162,0.1201630011200904,0.1071449965238571,0.1085039973258972,1347684388,DOGECOIN,0.08913958234339203,0.08538801052445773,0.03861568523457342,0.03320285875636942,0.10949571430683133,0.10256406615177788,1.0675835935053097
2024-09-27,0.1237139999866485,0.1280799955129623,0.1171730011701583,0.1181759983301162,1367867354,DOGECOIN,0.0468623217471138,0.04579742538803951,0.03953353612512564,0.03399297266742801,0.11210185715130394,0.10336696604887642,1.084503700130826
2024-09-28,0.1286710053682327,0.1319500058889389,0.1206159964203834,0.1237139999866485,1449764972,DOGECOIN,0.040068265371091094,0.039286350778980496,0.039285268817489366,0.034494013922825105,0.1147621433649744,0.10430849964419998,1.1002185225214836
2024-09-29,0.1246739998459816,0.1303019970655441,0.1246419996023178,0.1286700069904327,856945778,DOGECOIN,-0.031063762273500606,-0.03155647139626211,0.03863595433282785,0.03521157436456645,0.11738142903361999,0.10506286621093747,1.117249445659994
2024-09-30,0.1144279986619949,0.124669000506401,0.1137389987707138,0.124669000506401,976744755,DOGECOIN,-0.08218234111879208,-0.08575653676064153,0.05654549759372225,0.038998719949098044,0.11827742840562545,0.10549939945340153,1.1211194472994883
2024-10-01,0.1070429980754852,0.1192739978432655,0.1039550006389617,0.1144270002841949,1332235464,DOGECOIN,-0.06453840557260826,-0.0667151876356805,0.06295200990623694,0.039350926978215135,0.11788714251347947,0.10588903278112409,1.1133083324800581
2024-10-02,0.1047590002417564,0.1094110012054443,0.1025089994072914,0.1070429980754852,910153432,DOGECOIN,-0.021337199768247883,-0.021568128640519185,0.06327424594101858,0.03904839284381284,0.1173521429300308,0.10607716615001356,1.1062903279681533
2024-10-03,0.1050990000367164,0.1066379994153976,0.1015290021896362,0.1047580018639564,825842052,DOGECOIN,0.0032455425708088903,0.0032402871655436323,0.049921158826419856,0.038730854884435124,0.11548400031668796,0.10635649959246313,1.0858198677015471
2024-10-04,0.109264001250267,0.1104369983077049,0.1049590036273002,0.1050990000367164,670077063,DOGECOIN,0.03962931342920051,0.03886422022222712,0.048522473340760715,0.039247331947581315,0.11341971478291916,0.10673113291462258,1.0626675805422865
2024-10-05,0.1094869971275329,0.1100630015134811,0.1077269986271858,0.109264001250267,391880787,DOGECOIN,0.0020408906384010717,0.002038810850367989,0.04294824626070172,0.03924818602869567,0.11067914217710491,0.10710373272498444,1.0333826782797686
2024-10-06,0.1114799976348877,0.1126559972763061,0.1085119992494583,0.1094869971275329,435305366,DOGECOIN,0.018203079449090165,0.018039386886445685,0.04533827611481436,0.0373659216031606,0.10879428471837722,0.10773693273464834,1.0098142016566696
2024-10-07,0.108654998242855,0.1152089983224868,0.108654998242855,0.1114799976348877,849108258,DOGECOIN,-0.025340863401208114,-0.025667472598254894,0.03426021770265649,0.03753621513559401,0.1079695703727858,0.10818339933951693,0.998023458607914
2024-10-08,0.1070439964532852,0.1097040027379989,0.1053519994020462,0.1086520031094551,615072081,DOGECOIN,-0.01482676191268295,-0.014937777043680529,0.023085506985029643,0.03769093687248533,0.10796971299818581,0.10854886596401529,0.9946645875966914
2024-10-09,0.1079389974474906,0.1111320033669471,0.1063769981265068,0.1070439964532852,667785123,DOGECOIN,0.008361057358279522,0.008326297337490319,0.02111097300440611,0.03503186540270046,0.10842399831329068,0.1086858659982681,0.9975906003731746
2024-10-10,0.1059800013899803,0.1084500029683113,0.1033079996705055,0.1079370006918907,749185963,DOGECOIN,-0.018149103695939806,-0.018315818913614786,0.02279181827283422,0.035147828931769466,0.10854985564947126,0.1087947994470596,0.9977485707144712
2024-10-11,0.1107330024242401,0.111344002187252,0.1057019978761673,0.1059800013899803,650490847,DOGECOIN,0.044848093715057935,0.04387150998430492,0.024205919419932765,0.03588897794922499,0.10875971296003883,0.10910663281877833,0.9968203595897261
2024-10-12,0.1114159971475601,0.1120579987764358,0.1094570010900497,0.1107330024242401,519024338,DOGECOIN,0.006167941881529693,0.006148997984665368,0.024259417532929924,0.03583502103317296,0.10903528439147128,0.10939386611183481,0.996722103961506
2024-10-13,0.1113360002636909,0.1120050027966499,0.1087990030646324,0.1114159971475601,573648913,DOGECOIN,-0.0007180017763809277,-0.000718259663105844,0.02327212060429621,0.0350941085275577,0.10901471333844318,0.10953459938367205,0.9952536819584482
2024-10-14,0.1166540011763572,0.1174559965729713,0.1094290018081665,0.1113360002636909,1038038455,DOGECOIN,0.047765331070552364,0.04665964009065393,0.02597192843980614,0.03589464421280233,0.11015742804322919,0.10990749945243196,1.0022739903286162
2024-10-15,0.11752700060606,0.1187919974327087,0.1105120033025741,0.1166540011763572,1367247373,DOGECOIN,0.007483664691303682,0.007455801001355392,0.023641659009465858,0.035516511349364434,0.11165500006505416,0.11039396623770391,1.0114230321667668
2024-10-16,0.1257729977369308,0.1294440031051635,0.1159309968352317,0.1175249963998794,2270276586,DOGECOIN,0.07016257615992982,0.067810577268434,0.031062231587390583,0.036644878702656675,0.11420271439211706,0.11126329948504761,1.0264185487997726
2024-10-17,0.1296579986810684,0.1306490004062652,0.1207619979977607,0.1257729977369308,1557107117,DOGECOIN,0.03088899059449579,0.030421527651493464,0.025529530843829234,0.03686141277892234,0.11758528543370106,0.11221399952967959,1.0478664509467093
2024-10-18,0.1372130066156387,0.140526995062828,0.1296470016241073,0.1296599954366684,2216997635,DOGECOIN,0.05826873784435049,0.05663430670612698,0.02718666479877714,0.03781171733757791,0.12136814317532944,0.11333493317166961,1.0708802641767288
2024-10-19,0.1445270031690597,0.1465439945459365,0.1371899992227554,0.1372130066156387,1898579280,DOGECOIN,0.053303959543055335,0.05193185203211752,0.02578651285909745,0.03859826804597738,0.12609828689268654,0.114651466657718,1.0998401552868227
2024-10-20,0.142083004117012,0.1452459990978241,0.1375769972801208,0.1445260047912597,1456913937,DOGECOIN,-0.016910328163304178,-0.0170549403742436,0.030156226810537503,0.03891424306068015,0.13049071601458953,0.11587186679244038,1.126163922501876
2024-10-21,0.1436900049448013,0.1495330035686493,0.1384329944849014,0.142084002494812,2075196142,DOGECOIN,0.011310295962392969,0.011246812792181838,0.030805722419802152,0.038427922008711334,0.1343530022672244,0.11699323356151578,1.148382672888349
2024-10-22,0.1395079940557479,0.1478829979896545,0.1368480026721954,0.1436900049448013,1647303198,DOGECOIN,-0.02910439658388153,-0.029536330975423172,0.03767929486148657,0.03825298843867258,0.1374931441886084,0.11809886669119196,1.1642206910260122
2024-10-23,0.138496994972229,0.1406040042638778,0.1332789957523346,0.1395110040903091,1430747359,DOGECOIN,-0.007246889974741544,-0.007273276238077118,0.03377807537386029,0.03833609815756945,0.1393108580793653,0.11911023308833438,1.1695960495354734
2024-10-24,0.14198699593544,0.1435019969940185,0.1364499926567077,0.1399009972810745,1349772912,DOGECOIN,0.025199109655128726,0.024886847047714725,0.03338575886300179,0.03843936194848346,0.14107214340141838,0.12018396630883213,1.17380169530194
2024-10-25,0.1310130059719085,0.1423999965190887,0.1285479962825775,0.14198799431324,1458877964,DOGECOIN,-0.07728869739959321,-0.08043887498700392,0.04247336729826507,0.04160861695686118,0.14018642902374262,0.1209342665970325,1.1591952634141374
2024-10-26,0.1373569965362548,0.1378310024738311,0.130839005112648,0.1310130059719085,947921669,DOGECOIN,0.0484226013843736,0.04728675021297174,0.04142984629806662,0.039646018862771824,0.13916214236191338,0.12157363320390378,1.1446737149700057
2024-10-27,0.1443119943141937,0.1458570063114166,0.1360570043325424,0.1373569965362548,1129296560,DOGECOIN,0.050634463138564234,0.04939423229169746,0.046156916849742886,0.03977882227043814,0.13948056953293933,0.12226023301482196,1.1408498584820275
2024-10-28,0.1611499935388565,0.1620099991559982,0.1411760002374649,0.1443109959363937,3078140199,DOGECOIN,0.11667775298013972,0.11035798516149886,0.06190190670477127,0.04379642883894897,0.14197485361780435,0.12334286595384275,1.1510584947080282
2024-10-29,0.1758390069007873,0.1792269945144653,0.1608259975910186,0.1611520051956176,3785378330,DOGECOIN,0.0911511880289897,0.08723327472841266,0.06318557046765254,0.04548084120877412,0.14716499830995283,0.12504836618900295,1.176864622825395
2024-10-30,0.1681459993124008,0.1775349974632263,0.1652500033378601,0.1758390069007873,2319205433,DOGECOIN,-0.043750290245480605,-0.04473619736612312,0.06853194583905174,0.04300657020290124,0.1514005703585488,0.12683896621068314,1.1936439950722095
2024-10-31,0.1613720059394836,0.1729969978332519,0.1565459966659546,0.1681459993124008,2213630995,DOGECOIN,-0.04028637850807082,-0.041120349969723274,0.0733567258919132,0.04160519556123643,0.1541698575019836,0.1286499331394831,1.1983671793659745
2024-11-01,0.1591850072145462,0.1682419925928115,0.1544200032949447,0.1613720059394836,2406203136,DOGECOIN,-0.013552528595062063,-0.013645202372602541,0.06181072530510051,0.041398349613558295,0.1581944291080747,0.13046413337190943,1.212551105192379
2024-11-02,0.1593160033226013,0.1632979959249496,0.1560350060462951,0.1591890007257461,1342216649,DOGECOIN,0.0008229173736100659,0.0008225789627515618,0.061867181297567804,0.041422257130384596,0.16133143007755277,0.13227136681477225,1.2197003324496911
2024-11-03,0.1514540016651153,0.1596270054578781,0.1428229957818985,0.1593160033226013,2214868458,DOGECOIN,-0.04934847406111553,-0.0506077126746356,0.06569553258941697,0.04275973255447361,0.16235171684197014,0.13367770016193387,1.2145011220667417
2024-11-04,0.1583459973335266,0.1598940044641494,0.1485809981822967,0.1514540016651153,2541759238,DOGECOIN,0.04550553694613124,0.04450053585161053,0.051617415418382294,0.04315776811580093,0.16195114595549445,0.13530633350213367,1.1969221378165613
2024-11-05,0.1701799929141998,0.1788399964570999,0.1581790000200271,0.1583449989557266,4095671194,DOGECOIN,0.07473504717487156,0.0720741634571545,0.04736794355843942,0.04451189855016463,0.16114271538598193,0.13726300001144406,1.1739705191679253
2024-11-06,0.1966580003499984,0.2133360058069229,0.1696940064430236,0.1701879948377609,12194137333,DOGECOIN,0.15558825090061013,0.14460952245944347,0.0695472528863145,0.04980743691258021,0.16521585839135303,0.1401964334150155,1.1784597822276544
2024-11-07,0.1931589990854263,0.203477993607521,0.1862549930810928,0.1966580003499984,4338342915,DOGECOIN,-0.0177923158902501,-0.017952502041936574,0.06650668550634693,0.04988287477629829,0.16975685741220198,0.14306693350275354,1.186555504168507
2024-11-08,0.2021320015192031,0.2065639942884445,0.1912889927625656,0.1931589990854263,4089504352,DOGECOIN,0.046453970440219594,0.04540727764629783,0.06439805929081134,0.05005107726789912,0.17589214231286726,0.14620670030514396,1.203037493806834
2024-11-09,0.218760997056961,0.2197369933128357,0.1978249996900558,0.2021310031414032,4290391407,DOGECOIN,0.08226800018194091,0.07905883938638524,0.06444469892758081,0.050574085742312314,0.18438428427491863,0.14996606682737662,1.2295067022539188
2024-11-10,0.2790949940681457,0.2966139912605285,0.217301994562149,0.2187940031290054,14901681717,DOGECOIN,0.2757986927417182,0.24357240816750222,0.0843307665375791,0.06448717043308445,0.20261871176106583,0.15557813321550681,1.3023598340802716
2024-11-11,0.3495210111141205,0.3496020138263702,0.2761420011520386,0.2790949940681457,19590715363,DOGECOIN,0.25233708430033364,0.22501147310182934,0.09586366969124614,0.07336886325756183,0.2299294280154364,0.16351496701439217,1.4061674733126943
2024-11-12,0.3822210133075714,0.4358629882335663,0.333431988954544,0.3495210111141205,39936467957,DOGECOIN,0.09355661363309054,0.08943533266428401,0.09484416598287712,0.07356969249907039,0.26022100235734663,0.17254446744918817,1.5081387783933318
2024-11-13,0.399522989988327,0.4316239953041076,0.3566089868545532,0.3822180032730102,28286313456,DOGECOIN,0.04526694262838138,0.04427230028689318,0.09727855881258117,0.07356477908404108,0.28920171516282217,0.1819734337429205,1.5892523936839396
2024-11-14,0.3616459965705871,0.4147039949893951,0.3558079898357391,0.399522989988327,15564516841,DOGECOIN,-0.09480554152552423,-0.09960548712121539,0.11687687667430292,0.07772890613415066,0.3132712862321308,0.19011073360840475,1.6478358706321943
2024-11-15,0.3791890144348144,0.3842459917068481,0.3544690012931824,0.3617129921913147,11623194182,DOGECOIN,0.048508812569706405,0.04736897625508994,0.11675556056367742,0.0775431078559982,0.33856514522007525,0.19855793416500087,1.7051202040545452
2024-11-16,0.3637480139732361,0.3898789882659912,0.3613030016422272,0.3791899979114532,7524229950,DOGECOIN,-0.04072111763204245,-0.041573440985487584,0.12706534155020238,0.0788498964058526,0.35927757620811457,0.2063609346747398,1.741015453212584
2024-11-17,0.3665600121021271,0.3735580146312713,0.3416990041732788,0.363750010728836,7832273719,DOGECOIN,0.0077306212566645716,0.007700893117185591,0.10321902331212747,0.07887989758905668,0.3717725787843977,0.21400583485762273,1.7372076748829608
2024-11-18,0.3717409968376159,0.3799059987068176,0.3592349886894226,0.3665699958801269,8396330143,DOGECOIN,0.014134069632356416,0.014035115001229984,0.06267077254520069,0.07886563500990298,0.37494686245918274,0.22157963464657462,1.6921539881462162
2024-11-19,0.3913559913635254,0.4183340072631836,0.3680199980735779,0.3717400133609772,12889618537,DOGECOIN,0.05276521743034368,0.051420242888075146,0.0557884380997545,0.07840171311688245,0.37625185932431904,0.22988873422145842,1.6366694113938824
2024-11-20,0.377496987581253,0.3955990076065063,0.3665690124034881,0.3913399875164032,8029529786,DOGECOIN,-0.03541278040483342,-0.03605502086986636,0.05421301624968115,0.07934038895953843,0.3731052875518799,0.23768230030934012,1.5697647114079958
2024-11-21,0.3876169919967651,0.3949440121650696,0.3700119853019714,0.377496987581253,8052510566,DOGECOIN,0.02680817264358648,0.026455129316622986,0.03693517066033392,0.07849214914339235,0.3768154297556196,0.24595260024070736,1.532065240972611
2024-11-22,0.4129239916801452,0.4191919863224029,0.381520003080368,0.3876259922981262,13591947495,DOGECOIN,0.06528867466055588,0.06324581845164387,0.03998092703540895,0.07826715167526006,0.3816347122192383,0.2551001667976379,1.4960190618847216
2024-11-23,0.4300119876861572,0.4774599969387054,0.40556600689888,0.4129239916801452,20873625275,DOGECOIN,0.041382909083298225,0.04054955013061888,0.03302404318249387,0.07823984332094995,0.391100994178227,0.26470099985599516,1.477519897510765
2024-11-24,0.4298819899559021,0.4524280130863189,0.400967001914978,0.4300119876861572,12213185937,DOGECOIN,-0.00030231187496565504,-0.0003023575804122926,0.033807877810010156,0.07541117271005314,0.4001469910144806,0.2746632993221283,1.4568637018562265
2024-11-25,0.393339991569519,0.4370419979095459,0.3815149962902069,0.4298950135707855,9773285006,DOGECOIN,-0.08500472045858831,-0.08883637269105804,0.05435149114654468,0.07894555366347533,0.40323256169046673,0.28319606582323703,1.4238635714034003
2024-11-26,0.3876180052757263,0.408372014760971,0.3673189878463745,0.3933109939098358,8847260920,DOGECOIN,-0.014547176530310568,-0.014654024190003766,0.05121476459437099,0.07940948655535218,0.402698563677924,0.2913062661886215,1.3823889507998972
2024-11-27,0.4015249907970428,0.408051997423172,0.3816910088062286,0.3876149952411651,6388400976,DOGECOIN,0.035878068954572795,0.035249442851509376,0.05024848504172479,0.07805680705434878,0.406131135565894,0.2993187660972277,1.3568515628384303
2024-11-28,0.4020180106163025,0.4273050129413605,0.3922590017318725,0.4015150070190429,5955119388,DOGECOIN,0.0012278683283972747,0.0012271151145832116,0.049673865149037995,0.07747589450418914,0.4081884239401136,0.3068580662210782,1.3302189802826665
2024-11-29,0.4258390069007873,0.4370859861373901,0.3999919891357422,0.4020189940929413,6768739922,DOGECOIN,0.059253554953835774,0.057564466623535926,0.04860246050923462,0.07642817671760431,0.410033426114491,0.3154478331406911,1.2998454357161944
2024-11-30,0.4219709932804107,0.43470099568367,0.4153609871864319,0.4258390069007873,5601447294,DOGECOIN,-0.009083276913797955,-0.009124781395849662,0.046001427884233295,0.07560626096249552,0.4088847126279558,0.3241344660520553,1.2614663217033197
2024-12-01,0.4400230050086975,0.4492810070514679,0.4176940023899078,0.421968013048172,8333397829,DOGECOIN,0.042780219531086905,0.04189043428499683,0.049031867824331,0.07512745279809445,0.4103334290640694,0.33349573264519367,1.2304008384437812
2024-12-02,0.42467001080513,0.4602450132369995,0.4051119983196258,0.4400489926338196,13072433718,DOGECOIN,-0.034891344381560274,-0.035514587485868304,0.034236279875858595,0.07596722645018093,0.4148091460977281,0.34234086622794463,1.2116845723628307
2024-12-03,0.4078820049762726,0.4280489981174469,0.3914720118045807,0.42467200756073,9362620939,DOGECOIN,-0.03953188452612677,-0.04033449308310822,0.038542120715171636,0.07560110948601588,0.41770400319780615,0.35088846633831655,1.1904181620921903
2024-12-04,0.4319570064544678,0.4356260001659393,0.4019590020179748,0.4078510105609894,8065078709,DOGECOIN,0.05902442663435403,0.057348132108078646,0.04196774381717414,0.0757046839519105,0.4220514340060098,0.36000883330901456,1.1723363288804105
2024-12-05,0.4305860102176666,0.4634039998054504,0.4090110063552856,0.4319030046463012,15284058219,DOGECOIN,-0.003173918275002352,-0.003178965836805993,0.04216148497563798,0.07562750865904704,0.42613257680620464,0.3686890338857968,1.1558048589484253
2024-12-06,0.435708999633789,0.441781997680664,0.4212599992752075,0.4278939962387085,6668459793,DOGECOIN,0.011897714497348888,0.01182749312601305,0.03671972389570193,0.07256951668598735,0.42754257576806204,0.3766574005285898,1.1350967090200843
2024-12-07,0.4538869857788086,0.4660390019416809,0.4321280121803283,0.4357120096683502,8127914572,DOGECOIN,0.04172047435397963,0.040873648565982384,0.03871472634938717,0.07211985719870828,0.43210200326783316,0.3853483334183692,1.121328330227145
2024-12-08,0.4672969877719879,0.4835099875926971,0.4482400119304657,0.4538910090923309,8171222257,DOGECOIN,0.029544803912298967,0.02911676660896357,0.03725754538577168,0.07204928770719209,0.43599828651973177,0.39418716629346207,1.1060692072231049
2024-12-09,0.4147189855575561,0.4672990143299103,0.3847210109233856,0.4672990143299103,11830538830,DOGECOIN,-0.11251517469675332,-0.11936385602860583,0.06021008855858915,0.07618324950814513,0.4345767114843641,0.40071909924348187,1.0844921350262617
2024-12-10,0.3945200145244598,0.4224070012569427,0.3668400049209595,0.4147219955921173,11257345383,DOGECOIN,-0.0487051997533714,-0.049931274729551466,0.06129113275377578,0.06462685634295459,0.43266785570553373,0.40456659992535904,1.0694601476873258
2024-12-11,0.4144920110702514,0.4187879860401153,0.3766329884529114,0.3945119976997375,6670843571,DOGECOIN,0.050623531913495334,0.049383827833896714,0.060006551688674255,0.051177594359167,0.43017285636493136,0.40673229992389676,1.0576314112388432
2024-12-12,0.4065479934215545,0.4233590066432953,0.40174400806427,0.4144949913024902,5601004925,DOGECOIN,-0.01916567131941771,-0.019351713718794822,0.060195548518321,0.04883929848478248,0.4267388539654868,0.4075431992610295,1.047100907926481
2024-12-13,0.4090810120105743,0.4116869866847992,0.399861991405487,0.4065479934215545,3815608761,DOGECOIN,0.0062305524317107785,0.006211222787931935,0.05992082105643029,0.04819495437849683,0.42293485573359896,0.4078617999951044,1.0369562821001512
2024-12-14,0.3979760110378265,0.4127539992332458,0.388139009475708,0.4090810120105743,3165759137,DOGECOIN,-0.02714621467803735,-0.027521480110752516,0.05587071867746439,0.04468634637197064,0.4149475736277443,0.40907280047734573,1.0143611922952183
2024-12-15,0.4062719941139221,0.409835010766983,0.3929089903831482,0.3979719877243042,2654366167,DOGECOIN,0.020845435016200398,0.020631141842216493,0.05473889994618158,0.04403675748410521,0.4062297173908778,0.4099755664666493,0.990863238245989
2024-12-16,0.4019339978694916,0.4135940074920654,0.3927359879016876,0.4062950015068054,3891164219,DOGECOIN,-0.010677566525085447,-0.010734980800775352,0.03292214087838371,0.043331600458638916,0.40440329057829716,0.4112484325965245,0.9833552143286997
2024-12-17,0.394336998462677,0.4098989963531494,0.3915959894657135,0.4019350111484527,3618256203,DOGECOIN,-0.01890111174243425,-0.019082020972575987,0.027429421628690807,0.04351391071005423,0.4043771454266139,0.41217433214187615,0.9810827940819509
2024-12-18,0.358038991689682,0.3961629867553711,0.3564940094947815,0.3943409919738769,5749656033,DOGECOIN,-0.09204818952952121,-0.09656397395829737,0.037277703714830676,0.04703952880587206,0.39631242837224684,0.411717598636945,0.9625831630328667
2024-12-19,0.3150660097599029,0.3670360147953033,0.3027690052986145,0.3580470085144043,9565836573,DOGECOIN,-0.12002319000782036,-0.1278597241387264,0.05490944670090023,0.05131129764838742,0.38324357356343947,0.4091745992501576,0.9366260131146004
2024-12-20,0.3177129924297333,0.3280569911003113,0.2644400000572204,0.3150539994239807,11414899319,DOGECOIN,0.008401359041705359,0.00836626405156975,0.055193593268802826,0.05109120449809956,0.3701909993376051,0.4071817994117736,0.9091540925267129
2024-12-21,0.3209510147571563,0.3494060039520263,0.3152489960193634,0.3177190124988556,6875286934,DOGECOIN,0.010191658523814207,0.010140073765510635,0.05793763791607542,0.05082273754547266,0.3591874284403665,0.40495960017045335,0.8869710170821468
2024-12-22,0.3121919929981231,0.3240320086479187,0.3057180047035217,0.3209039866924286,4115525341,DOGECOIN,-0.027290836782867367,-0.027670148757228317,0.05350828732563144,0.04921863566506076,0.3457474282809666,0.40160186688105265,0.8609208691337356
2024-12-23,0.3242189884185791,0.3278819918632507,0.3032779991626739,0.3121989965438843,4390431993,DOGECOIN,0.03852435581372604,0.037800816936941393,0.060289135130685616,0.04912506489745421,0.3346452840736934,0.3980754335721334,0.8406579654281879
2024-12-24,0.3369239866733551,0.3394339978694916,0.3163929879665375,0.3242180049419403,3138423654,DOGECOIN,0.03918647182494239,0.03843816841513763,0.0658035212258956,0.04987626103547864,0.32644342524664743,0.39497683346271517,0.8264875243055562
2024-12-25,0.334318995475769,0.3413659930229187,0.326898992061615,0.3369260132312774,2538802504,DOGECOIN,-0.0077316881570430596,-0.007761732621065903,0.05712847094995013,0.04749148085428674,0.3230548543589455,0.3930094669262568,0.8220027290578285
2024-12-26,0.3122560083866119,0.3373810052871704,0.3089979887008667,0.334304004907608,2514756816,DOGECOIN,-0.06599381844205199,-0.06827222240480173,0.0377595955164509,0.04884075535597862,0.32265342559133253,0.39049740036328634,0.8262626724048934
2024-12-27,0.3110359907150268,0.3238469958305359,0.3097639977931976,0.3122549951076507,2157162506,DOGECOIN,-0.0039071071134507696,-0.003914759796186526,0.0375212649220912,0.04818583198012271,0.3216995682035173,0.38748110036055244,0.8302329272425798
2024-12-28,0.3239189982414245,0.3258579969406128,0.311055988073349,0.311055988073349,1410132054,DOGECOIN,0.04141966817660414,0.04058484785274682,0.04091398142079414,0.048989223459913696,0.3221235658441271,0.38487779994805654,0.8369502369001309
2024-12-29,0.3143199980258941,0.3289330005645752,0.3116669952869415,0.3239170014858246,1654780626,DOGECOIN,-0.029633952524069085,-0.030081910138417194,0.041207845954352854,0.04758710317625922,0.32242756656238003,0.38116049965222676,0.8459102316650465
2024-12-30,0.3135139942169189,0.3224799931049347,0.3065469861030578,0.3143199980258941,2526977895,DOGECOIN,-0.0025642778507170005,-0.0025675712424839603,0.03788526710181191,0.04760689479320997,0.3208982816764286,0.3775452663501104,0.8499597539089494
2024-12-31,0.3156810104846954,0.3278659880161285,0.3094030022621155,0.3135179877281189,2204579838,DOGECOIN,0.006912024049162913,0.0068882455198969305,0.03350835897752958,0.04671432555853894,0.31786357079233435,0.3734005331993103,0.851267051144429
2025-01-01,0.3243060111999511,0.3264780044555664,0.311722993850708,0.3156819939613342,1532271286,DOGECOIN,0.027321886425835107,0.026955305817804493,0.03623306233696068,0.04697868169102247,0.31643314446721754,0.37005506654580433,0.8550974519032841
2025-01-02,0.3386099934577942,0.3441779911518097,0.3242920041084289,0.3243060111999511,3205163576,DOGECOIN,0.04410643578550233,0.043161434250013675,0.02668656565202257,0.04752762915812431,0.3201979994773864,0.3677459994951884,0.8707042358500923
2025-01-03,0.3792789876461029,0.3877969980239868,0.335886001586914,0.3386099934577942,4823481336,DOGECOIN,0.1201057115090074,0.11342306612889275,0.045532464622072735,0.051082884673884325,0.3299469990389688,0.3659900655349096,0.9015190031367043
2025-01-04,0.3947460055351257,0.3979969918727875,0.378042995929718,0.3792830109596252,4431717187,DOGECOIN,0.040780054769220975,0.0399704846670709,0.0455055070862643,0.051720055699709985,0.3400651429380689,0.3647953987121582,0.9322078736151967
2025-01-05,0.3825629949569702,0.3973050117492676,0.3763160109519958,0.3947460055351257,2594267525,DOGECOIN,-0.03086291034570421,-0.031349201706640094,0.04577796118223473,0.05189663218291143,0.34981414249965115,0.3630238652229309,0.9636119715843813
2025-01-06,0.3879570066928863,0.3937020003795624,0.3765510022640228,0.3824940025806427,2937148475,DOGECOIN,0.014099669353861088,0.01400119358691033,0.044335505342597586,0.0513180816623562,0.3604488585676465,0.36082619925340015,0.998954231465081
2025-01-07,0.3484370112419128,0.3978079855442047,0.3484219908714294,0.3879519999027252,5280516863,DOGECOIN,-0.10186694599965873,-0.10743705461734697,0.06877629744699622,0.05414455347640182,0.365128287247249,0.356864200035731,1.0231575126075705
2025-01-08,0.3422479927539825,0.3551110029220581,0.3268100023269653,0.3484359979629516,4416730765,DOGECOIN,-0.01776223044122427,-0.017921872075630306,0.06946681545293606,0.050080186525816445,0.36769142746925354,0.35444850027561187,1.0373620629889653
2025-01-09,0.3209120035171509,0.3462859988212585,0.3151029944419861,0.3422470092773437,3614560190,DOGECOIN,-0.06234072861946194,-0.06436864609457942,0.0721535332892239,0.05057977939611933,0.36516314319201876,0.3519948999087016,1.0374103240891634
2025-01-10,0.3339810073375702,0.3385339975357055,0.3208909928798675,0.3209089934825897,3222794655,DOGECOIN,0.04072457146253439,0.0399171738975434,0.054872725907374124,0.05024505924806829,0.3586920031479427,0.3493111997842789,1.0268551462691635
2025-01-11,0.34095498919487,0.3478110134601593,0.3300749957561493,0.3339790105819702,1461005907,DOGECOIN,0.020881372605271675,0.020666344974134866,0.05186652388081646,0.0504421210648143,0.35100757224219187,0.34712476631005607,1.0111856205865404
2025-01-12,0.3359589874744415,0.3429889976978302,0.3322780132293701,0.3409500122070312,1436724129,DOGECOIN,-0.014652965578318855,-0.014761380650058598,0.05168964582016782,0.05041430639585119,0.3443498568875449,0.344687365492185,0.9990208268755132
2025-01-13,0.3382990062236786,0.3452140092849731,0.3113990128040313,0.3359560072422027,3713750868,DOGECOIN,0.006965191694462858,0.006941046797846406,0.05101290677946493,0.05031283421360781,0.33725585682051523,0.34269813199838,0.9841193322352556
2025-01-14,0.3561199903488159,0.3610909879207611,0.3360579907894134,0.3382970094680786,3143614167,DOGECOIN,0.0526782041841245,0.05133758738151967,0.03940952452559435,0.05116609403443356,0.3383534252643585,0.34102639853954314,0.992161975475706
2025-01-15,0.3857100009918213,0.3873539865016937,0.3487440049648285,0.3561199903488159,4079184871,DOGECOIN,0.08309000181096904,0.07981806873114676,0.0472486327383489,0.05340116576853148,0.3445622835840498,0.3404855986436208,1.0119731493980042
2025-01-16,0.3767479956150055,0.3893490135669708,0.368461012840271,0.3857130110263824,4097841421,DOGECOIN,-0.023235086862593013,-0.023509277042288182,0.03690036902901609,0.05345787870442246,0.3525388538837433,0.33989929854869844,1.0371861765793964
2025-01-17,0.4159390032291412,0.4205009937286377,0.3759729862213135,0.3767060041427612,6276540245,DOGECOIN,0.10402446216113259,0.09896210536407324,0.04684334052443716,0.05338988989253625,0.36424713901111055,0.34182929893334707,1.0655819736567833
2025-01-18,0.3960810005664825,0.4335120022296905,0.387239009141922,0.4159129858016968,7331618418,DOGECOIN,-0.047742583668497374,-0.04891988543479379,0.055981017088417066,0.04832091164824568,0.3721222834927695,0.3445297986268997,1.0800873682794283
2025-01-19,0.3577570021152496,0.408964991569519,0.3521200120449066,0.3960849940776825,9531626101,DOGECOIN,-0.09675798232286126,-0.10176474632846184,0.07255513133504345,0.05228381190240252,0.37523628558431354,0.34586459894975025,1.084922500665732
2025-01-20,0.3546079993247986,0.3849729895591736,0.3472470045089721,0.3577390015125274,8850825869,DOGECOIN,-0.008802071718603477,-0.008841038780974076,0.07287358306420849,0.05232124147469571,0.3775661417416164,0.34698649843533835,1.0881292022720492
2025-01-21,0.3715769946575165,0.4001699984073639,0.3358989953994751,0.3545730113983154,9507969594,DOGECOIN,0.04785282724875972,0.04674314402280956,0.0724241191967986,0.052564522520741654,0.3797742852142879,0.34896599849065146,1.0882844943544314
2025-01-22,0.3630560040473938,0.3733420073986053,0.355989009141922,0.3715879917144775,2940097446,DOGECOIN,-0.022931964929574056,-0.02319899264900988,0.06502985598250621,0.05246386561423608,0.37653799993651255,0.3502605656782786,1.0750225313184993
2025-01-23,0.3523530066013336,0.3640869855880737,0.3429929912090301,0.3629800081253052,3093003294,DOGECOIN,-0.0294802931964816,-0.02992357075386587,0.06531873285478959,0.05239078253194312,0.37305300150598797,0.35077486634254457,1.0635112070477934
2025-01-24,0.350739985704422,0.3638930022716522,0.3432880043983459,0.3523020148277282,2122786422,DOGECOIN,-0.004577854783957225,-0.00458836525036159,0.04530341538192606,0.05237465460650306,0.3637388561453138,0.35132223268349966,1.0353425496786026
2025-01-25,0.3537760078907013,0.3595879971981048,0.3459599912166595,0.3507449924945831,1500843148,DOGECOIN,0.008656048098370617,0.00861879931121803,0.04532368096741928,0.05069188511249537,0.35769528576305937,0.3527062326669693,1.014145066443441
2025-01-26,0.336326003074646,0.3570230007171631,0.3363009989261627,0.3537850081920624,1263299832,DOGECOIN,-0.04932500912115689,-0.05058302997047903,0.031106131535969486,0.05165518150552373,0.3546337144715445,0.3535492330789566,1.0030674126574777
2025-01-27,0.3338220119476318,0.3367410004138946,0.3078100085258484,0.3363229930400848,4453314117,DOGECOIN,-0.007445130926907462,-0.00747298424803014,0.031110309320057292,0.05117975715398467,0.3516642877033778,0.3538793335358302,0.9937406747935222
2025-01-28,0.3190740048885345,0.3386459946632385,0.3158349990844726,0.3338179886341095,2019292120,DOGECOIN,-0.04417925280916135,-0.0451848864500627,0.02187107005301565,0.05156887903270147,0.3441638605935233,0.35403780043125155,0.9721104926488051
2025-01-29,0.3238640129566192,0.3335089981555938,0.3179410099983215,0.3190740048885345,1981300959,DOGECOIN,0.015012216585171378,0.014900648465821873,0.025835271648370847,0.051631623983462056,0.33856500472341267,0.35438280105590814,0.955365225723807
2025-01-30,0.331508994102478,0.3380840122699737,0.3228709995746612,0.323870986700058,1365524939,DOGECOIN,0.023605528369966988,0.02333122619743762,0.0288290254016912,0.05178243439308368,0.33558728865214754,0.35491040050983425,0.9455549574486158
2025-01-31,0.3287279903888702,0.3406769931316376,0.3243130147457123,0.331506997346878,1796042122,DOGECOIN,-0.008388923869583342,-0.008424308925420732,0.028774000119169012,0.051588304770075255,0.332442717892783,0.35505779981613156,0.9363059143185705
2025-02-01,0.3083570003509521,0.3318940103054046,0.3042640089988708,0.3287270069122314,1577548524,DOGECOIN,-0.06196913750429389,-0.06397242806973816,0.03388408277912196,0.052233871953510785,0.3259542882442474,0.35404936671257015,0.9206464377293143
2025-02-02,0.2675090134143829,0.3145889937877655,0.2545549869537353,0.3083769977092743,5607210222,DOGECOIN,-0.1324697895299236,-0.1421049430181227,0.057350254487777155,0.05339544851632543,0.3161232897213527,0.35032370090484616,0.9023748290647828
2025-02-03,0.2850039899349212,0.2924639880657196,0.2117200046777725,0.2675099968910217,11007373557,DOGECOIN,0.0653995777459575,0.06334991916687194,0.067832514337692,0.054336957348966784,0.3091492865766797,0.34666563371817266,0.8917794454007159
2025-02-04,0.2641440033912658,0.2884669899940491,0.2562919855117798,0.2850160002708435,4306969827,DOGECOIN,-0.07319191057086127,-0.07600875811809452,0.07049234811220177,0.05551666242904246,0.30130214350564133,0.34271833399931584,0.87915385205579
2025-02-05,0.2562330067157745,0.2690280079841614,0.2543720006942749,0.2641279995441437,1818131454,DOGECOIN,-0.029949559989719265,-0.030407208826063535,0.06804243513211929,0.05538178905389528,0.29164057118552067,0.33832753400007876,0.8620066115737798
2025-02-06,0.2480839937925338,0.2656950056552887,0.2439420074224472,0.2562330067157745,1892595490,DOGECOIN,-0.03180313507494348,-0.03231983952655262,0.06339295129010737,0.05263346811360849,0.2797227139983858,0.3349824334184328,0.8350369634128811
2025-02-07,0.2466129958629608,0.2612169981002807,0.239544004201889,0.2480790019035339,2042225149,DOGECOIN,-0.0059294350557865805,-0.0059470839557462405,0.06361432753806316,0.052627104787604184,0.2679920004946844,0.3317946001887321,0.8077045266627144
2025-02-08,0.2532660067081451,0.2539499998092651,0.2449920028448104,0.2466129958629608,989182891,DOGECOIN,0.026977535477819226,0.02662005678100929,0.06728500133740434,0.052059642633493636,0.260121858545712,0.3295397336284319,0.7893489980149371
2025-02-09,0.2492900043725967,0.2598359882831573,0.2403060048818588,0.2532649934291839,1242077795,DOGECOIN,-0.015698918252895155,-0.01582345134614806,0.044802013297395714,0.05128343585545747,0.25751914296831396,0.32671670019626614,0.7882031827990928
2025-02-10,0.2552599906921386,0.2559249997138977,0.2420610040426254,0.2492890059947967,1342589439,DOGECOIN,0.023947957057351532,0.02366570213959401,0.03550923120277203,0.05134765941191135,0.25327000021934504,0.32386020024617507,0.7820349645520738
2025-02-11,0.2531220018863678,0.2692329883575439,0.2490310072898864,0.255264014005661,1721245015,DOGECOIN,-0.008375730172102802,-0.008411003699182582,0.023575510959623493,0.05133894560586617,0.25169542857578814,0.3210989673932393,0.7838562379042007
2025-02-12,0.2641220092773437,0.2670300006866455,0.248890995979309,0.2531229853630066,1949247514,DOGECOIN,0.04345733404840102,0.04253955934741197,0.026919665595605286,0.052135774678278415,0.25282242894172663,0.31862640082836147,0.793476084481517
2025-02-13,0.2624920010566711,0.2669180035591125,0.2540499866008758,0.2641299962997436,1492303517,DOGECOIN,-0.006171421401542476,-0.006190543336205461,0.022427078496594838,0.05091209558275416,0.25488071569374626,0.3155054678519566,0.8078488066436393
2025-02-14,0.271928995847702,0.2852930128574371,0.2612099945545196,0.2624909877777099,2320487584,DOGECOIN,0.03595155186840726,0.03532037813800855,0.023526916626436533,0.048804635241126264,0.25849728712013786,0.311712767680486,0.8292803950369609
2025-02-15,0.271723985671997,0.2826789915561676,0.2689409852027893,0.2719320058822632,1624562147,DOGECOIN,-0.0007539106856402356,-0.0007541950192182606,0.023346237529803755,0.048790814746079054,0.261134141257831,0.3082119673490524,0.8472550352403891
2025-02-16,0.2657400071620941,0.2738159894943237,0.2642379999160766,0.2717260122299194,969472255,DOGECOIN,-0.022022268277509638,-0.02226837840644949,0.02462851506499463,0.04418110356245561,0.2634841416563306,0.30320533414681744,0.8689957331975792
2025-02-17,0.2581480145454407,0.2684989869594574,0.2544839978218078,0.2657580077648163,1369340298,DOGECOIN,-0.02856924968780683,-0.028985293907333596,0.027339610282987415,0.04380059829227729,0.26389671649251667,0.2986075679461161,0.8837576298137795
2025-02-18,0.2509010136127472,0.2593939900398254,0.2426030039787292,0.2581480145454407,1601424562,DOGECOIN,-0.028073045401702412,-0.028474626935798726,0.02952900088045094,0.04068533683784345,0.263579432453428,0.29504570166269933,0.8933512027731757
2025-02-19,0.2547680139541626,0.2552230060100555,0.2492779940366745,0.2509030103683471,1007520306,DOGECOIN,0.015412454042070589,0.015294888614568182,0.02408820298037342,0.04098395052454168,0.26224314740725924,0.2917177021503448,0.8989620632350414
2025-02-20,0.2548600137233734,0.2574599981307983,0.2505120038986206,0.2547670006752014,1119395680,DOGECOIN,0.00036111192995913477,0.0003610467447384571,0.02416823219366107,0.03958051378390925,0.26115286350250244,0.2878271361192067,0.9073253725261791
2025-02-21,0.2393079996109008,0.260930985212326,0.2349189966917038,0.254857987165451,2024664109,DOGECOIN,-0.061021789512076485,-0.06296300506130056,0.025861565108899604,0.04060143673824851,0.2564927211829594,0.28370220263799023,0.9040913986496232
2025-02-22,0.2467229962348938,0.2476650029420852,0.2383400052785873,0.239314004778862,932077730,DOGECOIN,0.030985159861138367,0.030514811004108425,0.03147883333131104,0.04127251778935676,0.2529211512633732,0.28018120229244226,0.9027056390434929
2025-02-23,0.2430229932069778,0.2474350035190582,0.2406550049781799,0.2467239946126938,707579811,DOGECOIN,-0.014996587607883138,-0.015110173458569996,0.03127305109467768,0.041253129350889144,0.24967586355549945,0.2765906358758608,0.9026909488995093
2025-02-24,0.2103590071201324,0.243827998638153,0.2083220034837722,0.2430219948291778,2239353273,DOGECOIN,-0.13440697793984513,-0.14434043231317695,0.05918305485623267,0.047558138835977135,0.24284886249474114,0.2718100691835085,0.893450574602464
2025-02-25,0.2123890072107315,0.2139209955930709,0.1967640072107315,0.2103729993104934,3432761745,DOGECOIN,0.009650169576241652,0.009603904098152002,0.06098816231470967,0.047376058085364665,0.2373471472944532,0.2676788359880447,0.8866862649726024
2025-02-26,0.2055409997701645,0.2135020047426223,0.1963640004396438,0.2112679928541183,2020402428,DOGECOIN,-0.032242758372953095,-0.03277400660011952,0.05850759875060409,0.04745664466823322,0.23031471669673917,0.2634028022487958,0.8743821809427698
2025-02-27,0.2068240046501159,0.2112389951944351,0.2012549936771392,0.2028529942035675,1369944972,DOGECOIN,0.0062420873761734885,0.006222686242624106,0.05906507796023927,0.047300530929514355,0.22345242968627382,0.25966113557418186,0.8605540031709379
2025-02-28,0.2019630074501037,0.2068589925765991,0.181876003742218,0.2068230062723159,2620914147,DOGECOIN,-0.023503061011876047,-0.023783663347096924,0.057230498115785504,0.04699908262815721,0.21811743080615995,0.25559776872396467,0.8533620300954897
2025-03-01,0.2065369933843612,0.2086970061063766,0.1994629949331283,0.2019630074501037,1197948866,DOGECOIN,0.02264764221926896,0.022394991879578927,0.05600494665265227,0.04697254682276569,0.21237657325608386,0.2514320353666941,0.8446679157106973
2025-03-02,0.2392670065164566,0.2416699975728988,0.2019049972295761,0.2065369933843612,3319886568,DOGECOIN,0.15847046379330942,0.14710056935018773,0.08632339380485164,0.05560127857267799,0.21184000372886655,0.248450002570947,0.8526464139132937
2025-03-03,0.1990759968757629,0.239653006196022,0.1942819952964782,0.2392590045928955,2824331185,DOGECOIN,-0.1679755609678235,-0.18389346475558058,0.09771856048663563,0.0633433439676047,0.21022814512252805,0.24480730245510735,0.8587494858781004
2025-03-04,0.1991460025310516,0.2016289979219436,0.1837339997291565,0.199082002043724,2366639397,DOGECOIN,0.00035165291841976476,0.0003515911030235333,0.09750506588270004,0.05861755239480232,0.2083362873111452,0.24252853542566297,0.8590176283606925
2025-03-05,0.2047200053930282,0.2059569954872131,0.1965830028057098,0.1991430073976516,1433656840,DOGECOIN,0.027989529245546763,0.02760498142229356,0.0977421559284749,0.05742986152790935,0.20821900240012575,0.23985240260759985,0.8681130567650533
2025-03-06,0.2017270028591156,0.2192309945821762,0.1995660066604614,0.2047190070152282,1799078197,DOGECOIN,-0.014619980730102733,-0.014727905848809572,0.09782016016543303,0.056113669946901,0.20749085928712568,0.23777183592319487,0.8726469158195399
2025-03-07,0.1979729980230331,0.2083310037851333,0.191547006368637,0.2017270028591156,1829178903,DOGECOIN,-0.01860933232971429,-0.01878466457239687,0.09766607501531885,0.05600068252592342,0.20692085794040133,0.2358298356334368,0.8774159443592614
2025-03-08,0.1921720057725906,0.2006690055131912,0.1915059983730316,0.1979729980230331,949946399,DOGECOIN,-0.02930193667000769,-0.029739813393182404,0.09740754287777596,0.05596496700538151,0.2048687168530055,0.2339661026994387,0.8756341815728206
2025-03-09,0.1678030043840408,0.1939969956874847,0.1662870049476623,0.1921710073947906,1797791194,DOGECOIN,-0.12680827933589456,-0.13560013595447637,0.077929856363432,0.06057613918328567,0.19465957369123182,0.2313391029834747,0.8414469113988783
2025-03-10,0.1540600061416626,0.1802829951047897,0.1513639986515045,0.1678030043840408,2202314258,DOGECOIN,-0.08189959585541995,-0.08544852163589076,0.05555438561615041,0.061507532330590996,0.18822871787207465,0.2280322362979253,0.8254478442519542
2025-03-11,0.1641660034656524,0.1683170050382614,0.1453499943017959,0.1540579944849014,2372945325,DOGECOIN,0.06559779904654195,0.06353595534252833,0.06659806387600332,0.06322335502999592,0.18323157514844618,0.22519476960102713,0.8136582189412025
2025-03-12,0.1723809987306594,0.1725129932165146,0.1597909927368164,0.1641550064086914,1618464957,DOGECOIN,0.05004078244936849,0.0488290038431321,0.06992975296339891,0.06390252946385504,0.17861171705382203,0.2224321365356445,0.8029942068429474
2025-03-13,0.1650650054216385,0.1727109998464584,0.1620949953794479,0.1723809987306594,1437934838,DOGECOIN,-0.042440833751357654,-0.04336776740962884,0.07009609494275593,0.0641326407824534,0.17337428884846817,0.21949690332015354,0.7898712292792036
2025-03-14,0.1717990040779113,0.1757020056247711,0.1649270057678222,0.1650650054216385,1042050428,DOGECOIN,0.04079604056033337,0.03998584398172538,0.0748346403326095,0.06405631214730263,0.16963514685630796,0.21641946981350577,0.7838257204977304
2025-03-15,0.1760679930448532,0.1776120066642761,0.1715610027313232,0.171764999628067,731309597,DOGECOIN,0.024848741061420432,0.02454503200471738,0.0764828528899462,0.06443575571497855,0.1673345736094883,0.21353866954644518,0.783626562649781
2025-03-16,0.1682350039482116,0.1766989976167678,0.1662269979715347,0.1760669946670532,935490545,DOGECOIN,-0.04448843291265425,-0.04550840957985022,0.057553887217558664,0.06402068843896275,0.1673962878329413,0.2100822031497955,0.7968132727244024
2025-03-17,0.1734649986028671,0.1759919971227646,0.1681929975748062,0.1682330071926117,1002401452,DOGECOIN,0.031087434433475503,0.030614006903131548,0.043781365479250656,0.06453248709010861,0.17016842961311338,0.2068069035808245,0.8228372779954513
2025-03-18,0.1680289953947067,0.1734720021486282,0.1632370054721832,0.1734720021486282,1046683878,DOGECOIN,-0.031337752583768475,-0.03183928572977344,0.04165544157018969,0.06459349073289516,0.17072028560297822,0.20354986985524492,0.8387147863292
2025-03-19,0.1780650019645691,0.178516998887062,0.1670040041208267,0.1680289953947067,1238919491,DOGECOIN,0.0597278258212961,0.05801210706028809,0.043434081517278164,0.06589666938277276,0.17153228606496532,0.20088043610254921,0.8539023978293152
2025-03-20,0.1693509966135025,0.1790059953927993,0.167042002081871,0.178069993853569,959535286,DOGECOIN,-0.04893721537037621,-0.050175199026434164,0.04474442599664942,0.06619785531866584,0.1721445705209459,0.19816210220257438,0.868705815125883
2025-03-21,0.1670619994401931,0.1714009940624237,0.1649589985609054,0.1693509966135025,743835419,DOGECOIN,-0.013516289948581894,-0.01360846652816473,0.04199383893684317,0.0659802749035337,0.17146785557270047,0.19523856838544207,0.878247863578813
2025-03-22,0.1673430055379867,0.1695459932088852,0.1668040007352829,0.1670680046081543,438263314,DOGECOIN,0.001682046777455204,0.0016806337211037767,0.04025734455639611,0.06599066368231096,0.17022142878600527,0.19232133477926253,0.8850886407448113
2025-03-23,0.1722529977560043,0.1722529977560043,0.1671800017356872,0.1673420071601867,564898047,DOGECOIN,0.02934088701366755,0.028918681887507784,0.038250567151622145,0.06577275115196536,0.1707954279014042,0.19008616805076597,0.8985158133956921
2025-03-24,0.1828889995813369,0.1889459937810897,0.1708790063858032,0.1722469925880432,1472602266,DOGECOIN,0.06174639607955301,0.05991509588436481,0.043032918157523956,0.06662552852225816,0.1721417137554713,0.18795836816231407,0.9158502249115927
2025-03-25,0.1909099966287613,0.193350002169609,0.1812829971313476,0.1828899979591369,1549790934,DOGECOIN,0.04385718695922547,0.042922686002921935,0.04084744017247999,0.06731038106783056,0.1754104282174791,0.1862212682763735,0.9419462655422909
2025-03-26,0.1947979927062988,0.2053789943456649,0.1898519992828369,0.1909079998731613,2068603477,DOGECOIN,0.02036559712008179,0.020160991625112205,0.03703179064610617,0.062341409060022016,0.17780085546629762,0.1857025677959124,0.9574496334466479
2025-03-27,0.1904949992895126,0.2003840059041977,0.1883119940757751,0.1947979927062988,1282332601,DOGECOIN,-0.022089516206021287,-0.0223371429994407,0.029956776012850538,0.06239919939811366,0.18082142727715622,0.18497276753187178,0.9775570192839318
2025-03-28,0.1801899969577789,0.1925809979438781,0.1774840056896209,0.1904949992895126,1407200953,DOGECOIN,-0.05409592047123635,-0.05561411091813807,0.03969076571970125,0.06290438561662234,0.18269685549395423,0.18412773410479225,0.9922288805768735
2025-03-29,0.1695650070905685,0.1822070032358169,0.1665830016136169,0.1801909953355789,1120659030,DOGECOIN,-0.0589654811398882,-0.06077545690260574,0.048193374979723064,0.06369898281187095,0.1830142842871802,0.182885767519474,1.0007027160694313
2025-03-30,0.1663189977407455,0.1722099930047989,0.1649740040302276,0.1695709973573684,831596449,DOGECOIN,-0.019143155805072642,-0.019328758510903408,0.04712078135377648,0.06366277563531152,0.18216656999928604,0.18169763386249535,1.0025808598979642
2025-03-31,0.166714996099472,0.1682119965553283,0.1604920029640197,0.1663189977407455,1321114553,DOGECOIN,0.0023809568606454334,0.002378126874019869,0.03805437840080948,0.06345434528950775,0.17985599807330538,0.18037023395299906,0.9971489981000541
2025-04-01,0.1740860044956207,0.1751450002193451,0.1662150025367736,0.166715994477272,1149373221,DOGECOIN,0.04421322957504503,0.04326371149368208,0.03813836952495964,0.05728277856580991,0.17745257062571387,0.17819753388563786,0.9958194524711993
2025-04-02,0.1641950011253357,0.1786980032920837,0.1624089926481247,0.1740860044956207,1734215164,DOGECOIN,-0.05681676363899679,-0.05849470307107292,0.038265215900356864,0.04802928602424542,0.17308071468557626,0.17703483402729028,0.9776647383355951
2025-04-03,0.1620599925518036,0.1672399938106537,0.1557350009679794,0.1641950011253357,1201472795,DOGECOIN,-0.013002884124970304,-0.013088161665356767,0.038507853208817194,0.048026615330808514,0.16901857086590355,0.17579863369464868,0.9614327899696782
2025-04-04,0.171097993850708,0.1725790053606033,0.1604299992322921,0.1620589941740036,1645454216,DOGECOIN,0.05576947867633253,0.05426986474585683,0.04490704121268091,0.0489249690864696,0.16771971327917914,0.17467789997657135,0.9601656151217443
2025-04-05,0.1690270006656646,0.1714130043983459,0.1663780063390731,0.171097993850708,607481980,DOGECOIN,-0.012104134820250856,-0.012177986404837571,0.03859191243778393,0.048911460822960856,0.16764285521847858,0.1735878999034563,0.9657519637700315
2025-04-06,0.1488450020551681,0.1697690039873123,0.1464519947767257,0.1690270006656646,1267445532,DOGECOIN,-0.11940103374617927,-0.127152959572346,0.06187557607058145,0.053666737473232945,0.165146570120539,0.17195030003786085,0.9604319974095783
2025-04-07,0.149520993232727,0.1526000052690506,0.1315069943666458,0.1488450020551681,3512035481,DOGECOIN,0.004541577938292907,0.004531296091992302,0.06198658975429848,0.05358590715626623,0.16269028399671823,0.17052859961986538,0.9540351844756834
2025-04-08,0.1421069949865341,0.1567270010709762,0.1415140032768249,0.149519994854927,1829881699,DOGECOIN,-0.049584998640646694,-0.050856546239747856,0.057119807412465806,0.04865410137344812,0.15812185406684873,0.16967206597328183,0.9319262611663377
2025-04-09,0.1603710055351257,0.1640260070562362,0.1367200016975402,0.1421090066432953,2265462273,DOGECOIN,0.12852295237347255,0.12090965590200492,0.07808054998253675,0.05147287752740994,0.15757556898253303,0.1698824326197306,0.9275565845896169
2025-04-10,0.153666004538536,0.1603769958019256,0.1494189947843551,0.1603710055351257,1231567926,DOGECOIN,-0.041809309446034115,-0.04270847013659853,0.07948519957307124,0.050695015944162904,0.15637642783778052,0.1695324326554934,0.9223983009525548
2025-04-11,0.1600890010595321,0.1621399968862533,0.1533630043268203,0.153668001294136,864574135,DOGECOIN,0.04179842210568685,0.04094847174313334,0.07790074970822472,0.05044124786435983,0.1548037145818982,0.16912269939978913,0.9153337495870836
2025-04-12,0.1676110029220581,0.1693339943885803,0.1578769981861114,0.1600890010595321,867802910,DOGECOIN,0.04698637515845827,0.04591591858353444,0.0806152311429887,0.050578510085589196,0.15460142918995443,0.16920756598313647,0.9136791744014703
2025-04-13,0.1627919971942901,0.1684889942407608,0.1613200008869171,0.1676110029220581,874509965,DOGECOIN,-0.02875112996017881,-0.029172540709120127,0.061291801858099466,0.05029248801398663,0.15659385706697188,0.16890733242034908,0.927099225492867
2025-04-14,0.158500999212265,0.1686410009860992,0.1576890051364898,0.1627919971942901,988651639,DOGECOIN,-0.026358777187946547,-0.02671239760115868,0.06310471158878617,0.0502374333450007,0.1578767150640487,0.16832176595926282,0.9379459285274965
2025-04-15,0.1535499989986419,0.1610610038042068,0.1532579958438873,0.158502995967865,777400544,DOGECOIN,-0.031236397487896417,-0.03173465711034187,0.060474574573777265,0.0499021309347895,0.15951142992292128,0.16783226579427715,0.9504217152048983
2025-04-16,0.1546880006790161,0.1570030003786087,0.1509439945220947,0.153547003865242,823568608,DOGECOIN,0.00741127768020533,0.007383949105152511,0.03662717346651365,0.049540762099733654,0.1586995720863342,0.16720636586348211,0.9491239838075699
2025-04-17,0.1557399928569793,0.1593510061502456,0.1531810015439987,0.154690995812416,586169227,DOGECOIN,0.006800735502077604,0.0067777148132003,0.03274016558775483,0.04928865010357096,0.1589958561318261,0.16679673244555787,0.9532312402086296
2025-04-18,0.1576160043478012,0.1587699949741363,0.1537739932537078,0.1557410061359405,477534244,DOGECOIN,0.01204579155557517,0.011973818414290752,0.028545746066743916,0.04803948582058632,0.1586425708872931,0.16611509919166562,0.9550159597728644
2025-04-19,0.1573330014944076,0.1605560034513473,0.1565230041742324,0.1576180011034011,477710096,DOGECOIN,-0.0017955210485423034,-0.0017971349285865739,0.01935056484284592,0.04724370823578262,0.15717428496905733,0.16571449935436247,0.9484642899771684
2025-04-20,0.1551840007305145,0.1592829972505569,0.1527449935674667,0.1573330014944076,637644889,DOGECOIN,-0.013658931969015353,-0.013753073410911485,0.017462339533781096,0.04724489296055703,0.1560874283313751,0.16531856606403983,0.9441615182587003
2025-04-21,0.15938800573349,0.1629340052604675,0.1551399976015091,0.1551840007305145,1038358279,DOGECOIN,0.027090453804422543,0.026730002826910647,0.018944399523948836,0.04754099336537754,0.15621414354869295,0.16505339940388994,0.9464460841938366
2025-04-22,0.1786479949951172,0.1793709993362426,0.1579540073871612,0.15938700735569,1568128902,DOGECOIN,0.12083713057952106,0.11407584413174857,0.042602462358996146,0.05178071104095673,0.1597995715481894,0.16526656597852704,0.9669201426315838
2025-04-23,0.1786050051450729,0.1850219964981079,0.1756580024957656,0.1786520034074783,1860794550,DOGECOIN,-0.00024063998056877978,-0.0002406689390147036,0.04312162815662725,0.05058002369491291,0.1632162864719118,0.16512376616398491,0.9884481820128861
2025-04-24,0.1824570000171661,0.1831450015306472,0.1702609956264495,0.1786050051450729,1479272164,DOGECOIN,0.021567116044505008,0.02133783653811896,0.04269632259895689,0.050087899717206716,0.16703300178050992,0.16484199961026508,1.0132915287088546
2025-04-25,0.1818300038576126,0.186035007238388,0.1781200021505355,0.1824599951505661,1731253893,DOGECOIN,-0.0034364050680133484,-0.00344232306956573,0.043722132666075976,0.04992086297854877,0.17049214456762582,0.16440973331530886,1.0369954450364076
2025-04-26,0.181889995932579,0.1924429982900619,0.1804109960794448,0.1818320006132125,1467785872,DOGECOIN,0.00032993495954269925,0.0003298805429728918,0.0435490771983743,0.04977841315421785,0.17400028663022174,0.16412289987007775,1.0601828676434737
2025-04-27,0.1796720027923584,0.1831450015306472,0.1770029962062835,0.181890994310379,1113159755,DOGECOIN,-0.012194145856393113,-0.012269104446922752,0.04335648247670628,0.04877371002533124,0.1774985726390566,0.16410563339789705,1.0816116970749352
2025-04-28,0.1789519935846328,0.1826719939708709,0.1743730008602142,0.1796730011701584,1345897366,DOGECOIN,-0.004007353380246492,-0.004015404336686715,0.04421990752347647,0.04742083772755729,0.18029342804636275,0.16441853294769918,1.0965517378975356
2025-04-29,0.1746360063552856,0.1805409938097,0.1727949976921081,0.1789519935846328,966758883,DOGECOIN,-0.0241181287947263,-0.024413733495355933,0.013882265821714214,0.04750795682496836,0.1797202868121011,0.16469576656818383,1.0912259043264305
2025-04-30,0.1723400056362152,0.1763499975204467,0.1672690063714981,0.1746399998664856,970750123,DOGECOIN,-0.013147350119764645,-0.013234541595135282,0.0142767536187786,0.04758489132840867,0.17882528688226426,0.1648832668860753,1.0845569126539814
2025-05-01,0.180758997797966,0.1832900047302246,0.1722940057516098,0.1723410040140152,1018176528,DOGECOIN,0.04885106119540272,0.04769533763256754,0.02313782213922871,0.04772694339429286,0.17858271513666427,0.1651056999961535,1.0816265891536436
2025-05-02,0.1815769970417022,0.1840820014476776,0.1794400066137313,0.1807660013437271,1008214455,DOGECOIN,0.004525358370544019,0.004515149723291378,0.02321243031153164,0.04637418242421241,0.17854657130581988,0.16568509986003238,1.0776259993001944
2025-05-03,0.1757570058107376,0.1820529997348785,0.1755080074071884,0.1815769970417022,577738365,DOGECOIN,-0.032052469893132596,-0.032577397609727846,0.02622431922152715,0.04674746729556104,0.17767042985984255,0.1661416669686635,1.069391159373365
2025-05-04,0.1705520004034042,0.177264004945755,0.1701709926128387,0.1757570058107376,626186290,DOGECOIN,-0.029614781973120174,-0.030062154334270324,0.027868422570481284,0.04607043092985426,0.17636757237570624,0.1661234671870867,1.0616656115001664
2025-05-05,0.1706040054559707,0.1745380014181137,0.1686660051345825,0.1705520004034042,689655044,DOGECOIN,0.0003049219736122044,0.00030487549435533306,0.02800445925383075,0.046013981748329255,0.17517500264304023,0.16617603401343026,1.0541532278287655
2025-05-06,0.1721159964799881,0.1724019944667816,0.1643979996442794,0.1706040054559707,831221260,DOGECOIN,0.008862576350281648,0.008823534226801655,0.02733487046042634,0.039221204688965006,0.17481500123228347,0.1669517338275909,1.0470990460800658
2025-05-07,0.1720069944858551,0.1740629971027374,0.1694809943437576,0.1721149981021881,677248571,DOGECOIN,-0.0006333054240293956,-0.0006335060466175021,0.026888865033957893,0.0392339493022134,0.17476742821080343,0.16770126720269518,1.04213540616582
2025-05-08,0.1975769996643066,0.1979389935731887,0.1718930006027221,0.1720100045204162,1943565536,DOGECOIN,0.1486567755856827,0.1385932384768883,0.057938461243183956,0.04483520169270712,0.17716999990599497,0.16955026735862094,1.0449408465470438
2025-05-09,0.2052900046110153,0.2126349955797195,0.193339005112648,0.1975809931755066,2387581238,DOGECOIN,0.039037969803233485,0.038295256014545025,0.058545834275386115,0.04014223381518156,0.18055757241589682,0.17104756732781726,1.0555985988964893
2025-05-10,0.2486889958381652,0.249109998345375,0.2036100029945373,0.2052949965000152,3238796872,DOGECOIN,0.2114033331013001,0.1917794670066073,0.08289027544996111,0.05119028104849005,0.19097642813410073,0.1742150003711382,1.0962111628003035
2025-05-11,0.2315080016851425,0.2587389945983886,0.223580002784729,0.2486820071935653,3518175098,DOGECOIN,-0.06908626614184121,-0.07158866565650256,0.09066227829548218,0.05337917772575687,0.1996844283172062,0.17659563372532525,1.1307438587513041
2025-05-12,0.231002002954483,0.2515409886837005,0.2221850007772445,0.2315090000629425,4628696012,DOGECOIN,-0.0021856641108571884,-0.002188056160773951,0.09086560518112063,0.05305596661156234,0.20831271367413653,0.1787086670597394,1.1656553490184165
2025-05-13,0.2412150055170059,0.2428990006446838,0.2180230021476745,0.231002002954483,2734212256,DOGECOIN,0.04421174895412183,0.04326229356300377,0.08961163957570163,0.05282690729464145,0.2181840006794248,0.18132276733716327,1.2032907057596325
2025-05-14,0.2328079938888549,0.2467689961194992,0.2287420034408569,0.2412150055170059,2249826077,DOGECOIN,-0.03485277215707172,-0.035474621567541956,0.09365360531240768,0.05307828159901209,0.22686985773699617,0.18379966715971627,1.2343322555630811
2025-05-15,0.2191890031099319,0.2364369928836822,0.2149229943752288,0.232806995511055,2477683429,DOGECOIN,-0.05849881076431107,-0.06027966775700871,0.08999994868488105,0.05414947997687352,0.22995728680065694,0.18598763396342594,1.2364117006073507
2025-05-16,0.2212869971990585,0.2302960008382797,0.2183160036802292,0.2191939949989318,1759584218,DOGECOIN,0.009571621109451423,0.009526103366016305,0.0894046858300249,0.05414478129659409,0.23224257145609167,0.188207600514094,1.233970205356824
2025-05-17,0.2146980017423629,0.2220450043678283,0.2114879935979843,0.2212869971990585,1499656753,DOGECOIN,-0.029775791348320757,-0.03022809125424665,0.04043956849182793,0.054685163046178646,0.22738671515669137,0.19017286747694012,1.1956843169768354
2025-05-18,0.2341810017824173,0.2371570020914077,0.2143779993057251,0.2146980017423629,2360198976,DOGECOIN,0.09074607067574836,0.08686193060917839,0.050496126993228314,0.056426760162868725,0.2277685723134449,0.192725034058094,1.1818317917369654
2025-05-19,0.2244209945201873,0.2351430058479309,0.2145449966192245,0.2339610010385513,2122215648,DOGECOIN,-0.04167719493871769,-0.04257060050215248,0.05323863055635542,0.05728490364793202,0.22682842825140265,0.19496130049228666,1.1634536068371002
2025-05-20,0.2261260002851486,0.2303269952535629,0.2180459946393966,0.2244209945201873,1815889701,DOGECOIN,0.0075973541094342956,0.007568639559398983,0.0495227372416437,0.05708837333718392,0.22467285607542303,0.19732603381077446,1.1385869960315158
2025-05-21,0.234057992696762,0.2375829964876175,0.2232930064201355,0.2261269986629486,2813244924,DOGECOIN,0.03507775488714704,0.03447654939038179,0.050393772604696484,0.05717218380051203,0.2248514273336955,0.19981503337621684,1.1252978493882364
2025-05-22,0.2450280040502548,0.2454389929771423,0.2340639978647232,0.2340680062770843,2739121621,DOGECOIN,0.04686877481558671,0.04580358956880134,0.04459363889191443,0.05428824878091181,0.22854271318231306,0.20202770034472142,1.1312444421846553
2025-05-23,0.2248139977455139,0.253616988658905,0.2237779945135116,0.2450280040502548,3466192197,DOGECOIN,-0.08249671862239494,-0.08609912262645013,0.05914982660268012,0.05706770870260137,0.22904657040323523,0.20356800009806944,1.1251599971159092
2025-05-24,0.2252970039844513,0.2303619980812072,0.2240539938211441,0.2248139977455139,1223553027,DOGECOIN,0.0021484704857397396,0.002146165823434655,0.05742689124253584,0.05701675474702104,0.23056071358067642,0.20499600023031228,1.1247083519758545
2025-05-25,0.2249840050935745,0.2262710034847259,0.2162310034036636,0.2252970039844513,1528958070,DOGECOIN,-0.0013892723176132105,-0.0013902382511329038,0.045362290194262064,0.057004987422779846,0.22924685691084173,0.20643446693817769,1.11050669159572
2025-05-26,0.2260250002145767,0.2302750051021576,0.2230100035667419,0.2249830067157745,1172026172,DOGECOIN,0.004626973906741716,0.004616302368266946,0.04238228332844911,0.05699280752809422,0.22947600058146883,0.20790563374757762,1.10375075674996
2025-05-27,0.2261639982461929,0.2320069968700409,0.2201099991798401,0.2260300070047378,1406054690,DOGECOIN,0.0006149675101614349,0.0006147784951302566,0.042284518737949556,0.05688916661222383,0.22948142886161801,0.20945536692937208,1.0956101637586526
2025-05-28,0.220781996846199,0.2276570051908493,0.2172159999608993,0.2261610031127929,1203668237,DOGECOIN,-0.023796897126550087,-0.024084617011861247,0.040067058527352685,0.05714873485821863,0.2275848580258233,0.21084970037142434,1.0793700803222341
2025-05-29,0.2148330062627792,0.2278340011835098,0.2145829945802688,0.220781996846199,1561923823,DOGECOIN,-0.026945089130451128,-0.027314763784651436,0.03239520971278761,0.057206151726522575,0.2232712869133268,0.21218960036834078,1.0522253990098915
2025-05-30,0.1934359967708587,0.2162999957799911,0.1921350061893463,0.2148369997739792,2466944860,DOGECOIN,-0.0995983339066071,-0.10491431955878752,0.039015177586499875,0.060663458363781064,0.21878871534551894,0.2128928000728289,1.0276942915433172
2025-05-31,0.1925790011882782,0.1953520029783249,0.1860630065202713,0.1934420019388198,1529424800,DOGECOIN,-0.0044303831597367616,-0.004440226390823724,0.038425529973780743,0.060108302246804565,0.21411471494606563,0.21328680018583931,1.003881697130366
2025-06-01,0.1936320066452026,0.1947800070047378,0.1872680038213729,0.1925780028104782,939280532,DOGECOIN,0.005467914208854507,0.005453019436845422,0.039130209566802014,0.06010983942333542,0.20963585802486964,0.21368863383928932,0.981034200361505
2025-06-02,0.1953900009393692,0.1960649937391281,0.1888719946146011,0.1936320066452026,1007324701,DOGECOIN,0.009079048059383199,0.009038081275451028,0.03965311323510801,0.0597601318853887,0.20525942955698287,0.2143430670102437,0.957621034447423
2025-06-03,0.1931380033493042,0.2002509981393814,0.1921900063753128,0.1953960061073303,1062603805,DOGECOIN,-0.01152565422610241,-0.011592589390186904,0.03881353689797228,0.059496688553975365,0.20054143028599875,0.21509593377510702,0.9323348273783469
2025-06-04,0.1882359981536865,0.1969099938869476,0.1874269992113113,0.1931390017271042,779255975,DOGECOIN,-0.025380842250668167,-0.025708491727828724,0.0388290820506354,0.05974364083343494,0.19589200190135408,0.2156836668650309,0.9082375348520854
2025-06-05,0.1716279983520507,0.1923760026693344,0.1692329943180084,0.1882369965314865,1718819551,DOGECOIN,-0.0882296689503359,-0.0923671506117054,0.047016114031992406,0.06222478054140591,0.18971985791410714,0.2156674002607663,0.8796872298952663
2025-06-06,0.1789730042219162,0.1842530071735382,0.1701840013265609,0.1716269999742508,1247591143,DOGECOIN,0.0427960818770321,0.04190564576005511,0.04153612134981512,0.06269498982445258,0.18765371612140108,0.2158996005853017,0.8691712055634828
2025-06-07,0.1851679980754852,0.1885730028152465,0.1780339926481247,0.178969994187355,836264651,DOGECOIN,0.03461412451839707,0.03402853064796091,0.04496748864707804,0.05749102880539267,0.18659500139100207,0.21548596719900764,0.8659264629453857
2025-06-08,0.1841730028390884,0.1867509931325912,0.1812230050563812,0.1851679980754852,689923176,DOGECOIN,-0.005373472990679362,-0.005387962024266267,0.04470906569147338,0.05698194784763687,0.1852437151329858,0.2147820671399434,0.8624729131240197
2025-06-09,0.1949329972267151,0.1954250037670135,0.1804540008306503,0.1841730028390884,1177667689,DOGECOIN,0.0584232988644251,0.056780346864703506,0.05081548945529311,0.045113479275820705,0.18517842888832092,0.21299020051956175,0.8694222947187352
2025-06-10,0.1982820034027099,0.1983000040054321,0.1898870021104812,0.1949329972267151,1400212022,DOGECOIN,0.01718029386322817,0.01703438145566528,0.050910291607475074,0.04369325378123246,0.18591328603880747,0.21188266724348065,0.8774350845091496
2025-06-11,0.193011000752449,0.2043319940567016,0.1915940046310424,0.1982820034027099,1630500550,DOGECOIN,-0.026583363894884138,-0.026943091010607257,0.05103137034264194,0.04386851474529893,0.18659542926720207,0.21061630050341285,0.8859496098887107
2025-06-12,0.181547999382019,0.1936189979314804,0.1805319935083389,0.193011000752449,1254786513,DOGECOIN,-0.059390404307224864,-0.06122710785112841,0.041794863940828174,0.04397119397180999,0.18801257227148324,0.2086274002989133,0.901188300300469
2025-06-13,0.1803800016641616,0.181547999382019,0.1707919985055923,0.181547999382019,1883491191,DOGECOIN,-0.006433547721997446,-0.006454332183316912,0.039176387743223635,0.04369779649193703,0.18821357190608975,0.2068798005580902,0.9097725896793916
2025-06-14,0.1784670054912567,0.1804420053958892,0.1749780029058456,0.1803819984197616,777784368,DOGECOIN,-0.010605367309323821,-0.010662005015577748,0.03646720425364375,0.04259569034007967,0.18725628725119997,0.20552240063746768,0.9111234915045182
2025-06-15,0.1756689995527267,0.1785759925842285,0.1717579960823059,0.1784670054912567,760010233,DOGECOIN,-0.015678001268795372,-0.01580220097647802,0.03668480939307392,0.04251081871498254,0.18604142963886255,0.20400180071592328,0.9119597424432988
2025-06-16,0.1726980060338974,0.1810149997472763,0.1726980060338974,0.1756689995527267,1204577500,DOGECOIN,-0.016912451977262766,-0.01705710072269758,0.023683410612261285,0.042337745290907336,0.18286500232560288,0.20260180085897442,0.9025833015812639
2025-06-17,0.1696680039167404,0.1758950054645538,0.1643030047416687,0.1726969927549362,1273076742,DOGECOIN,-0.017545090338577984,-0.017700829766238095,0.018322384848546747,0.03844766440507494,0.17877728811332153,0.2004513675967852,0.8918736262899347
2025-06-18,0.170632004737854,0.1720609962940216,0.1643790006637573,0.1696680039167404,970407002,DOGECOIN,0.00568168893875054,0.005665609022788284,0.02089861067871081,0.0380775190691747,0.17558028868266512,0.1986584012707074,0.8838301705821429
2025-06-19,0.1709630042314529,0.1718470007181167,0.1679359972476959,0.170633003115654,542107459,DOGECOIN,0.0019398441347939777,0.0019379650668338814,0.009395292346065395,0.03800616183355533,0.17406814651829852,0.19681963473558423,0.8844043773993839
2025-06-20,0.1624750047922134,0.1718810051679611,0.1588670015335083,0.1709609925746917,1099193747,DOGECOIN,-0.04964816497812741,-0.050923010296564236,0.018418209174290077,0.0378102770367508,0.17151028982230593,0.19443353513876596,0.8821024094423842
2025-06-21,0.1541689932346344,0.16423299908638,0.1517799943685531,0.1624750047922134,813191920,DOGECOIN,-0.05112178065913231,-0.05247481385331288,0.023009577519408842,0.03685986630960602,0.168039145214217,0.19140490144491196,0.8779249849177984
2025-06-22,0.1513220071792602,0.1572490036487579,0.143774002790451,0.1541970074176788,1841758169,DOGECOIN,-0.018466657890418237,-0.018639295277572965,0.02292950509387871,0.03437482339541981,0.16456100344657898,0.1889551684260368,0.8708997209091611
2025-06-23,0.1643629968166351,0.1649910062551498,0.1491580009460449,0.151320993900299,1346692450,DOGECOIN,0.0861803902847138,0.0826673129523398,0.045694038999327065,0.03850902597218636,0.16337028784411292,0.18692403485377626,0.8739929457007037
2025-06-24,0.1657309979200363,0.1674270033836364,0.1620270013809204,0.1643629968166351,1072291444,DOGECOIN,0.008323047948117779,0.008288602380638888,0.04574181176148728,0.03862843748897442,0.16280785841601234,0.18494893461465833,0.8802854623370662
2025-06-25,0.1645780056715011,0.1673649996519088,0.1629920005798339,0.1657339930534362,839304495,DOGECOIN,-0.006957010233483829,-0.006981323057841602,0.04557564454065273,0.03853307722573804,0.16194300140653334,0.1829007014632225,0.8854148732671574
2025-06-26,0.1599860042333603,0.1679040044546127,0.1583700031042099,0.1645780056715011,916611999,DOGECOIN,-0.027901671425685448,-0.0282983185534497,0.046219030757794544,0.03860505655587477,0.16037485854966296,0.18069476832946138,0.8875456662765739
2025-06-27,0.1610680073499679,0.1625970005989074,0.1574649959802627,0.1599860042333603,638328531,DOGECOIN,0.006763111072074501,0.006740343830331796,0.04259846298926527,0.038669795300006866,0.16017385891505648,0.17870430201292034,0.8963066759493898
2025-06-28,0.1636919975280761,0.1648979932069778,0.160631000995636,0.1610690057277679,400589442,DOGECOIN,0.01629119414389213,0.016159916501288712,0.03626960931506549,0.03883264891982944,0.16153428809983386,0.17699960172176357,0.9126251501614079
2025-06-29,0.1696020066738128,0.1697759926319122,0.1627119928598404,0.1636919975280761,543918306,DOGECOIN,0.036104447590500355,0.035467956893033045,0.03525774033738462,0.03516941397900118,0.16414571659905564,0.1762051353851954,0.9315603443692085
2025-06-30,0.1651359945535659,0.1697939932346344,0.1626269966363906,0.1696020066738128,838074434,DOGECOIN,-0.026332307074857786,-0.026685211248878904,0.023064190497633474,0.03540437838072559,0.16425614484718862,0.17529036849737165,0.9370517402366664
2025-07-01,0.1577509939670562,0.1661520004272461,0.1570630073547363,0.1651359945535659,687516950,DOGECOIN,-0.04472072007362515,-0.045751541540083554,0.028494142851578027,0.03610420678993491,0.16311614428247717,0.17409433474143343,0.9369411389792713
2025-07-02,0.168720006942749,0.1724389940500259,0.157036006450653,0.1577509939670562,1151068316,DOGECOIN,0.06953371702991307,0.06722277501806345,0.040002691421574754,0.03847131902597869,0.1637078587497983,0.17320533494154608,0.9451663761110302
2025-07-03,0.1720339953899383,0.1751910001039505,0.1677580028772354,0.1687169969081878,1280276705,DOGECOIN,0.01964194114995399,0.01945152757960659,0.03766968988824723,0.038701691966818844,0.16542900034359517,0.17250186800956724,0.9589983126120131
2025-07-04,0.1628710031509399,0.172661006450653,0.1615819931030273,0.1720329970121383,1005469062,DOGECOIN,-0.05326268344944973,-0.054733609120654815,0.04509203888458921,0.03961872687867433,0.16568657117230545,0.17165636817614235,0.9652223971224237
2025-07-05,0.1642719954252243,0.1649550050497055,0.1623850017786026,0.1628720015287399,444944070,DOGECOIN,0.008601852061941528,0.008565066928821292,0.04477328929233019,0.036053442095130825,0.16576942801475522,0.17141116807858145,0.9670865082650867
2025-07-06,0.1719859987497329,0.1747110038995742,0.1632709950208664,0.1642719954252243,1092475819,DOGECOIN,0.046958724185096834,0.045889508174425137,0.0462776195897206,0.03622560492186677,0.1661099983113152,0.17117826789617535,0.9703918631310476
2025-07-07,0.1679659932851791,0.1767289936542511,0.1659040004014969,0.1719859987497329,1238654782,DOGECOIN,-0.023374027500945194,-0.023651532890421947,0.04597751163733571,0.03581271440356664,0.16651428384440284,0.1706048677364985,0.9760230528802166
2025-07-08,0.1709890067577362,0.171776995062828,0.1661310046911239,0.1679670065641403,852173993,DOGECOIN,0.017997770938219082,0.017837728477818865,0.04087010653087023,0.036015374231910174,0.16840542852878568,0.1701654012004534,0.9896572825071855
2025-07-09,0.180755004286766,0.1847860068082809,0.1701029986143112,0.1709890067577362,1657071962,DOGECOIN,0.057114768453311315,0.055543280419809105,0.03837916352998868,0.035945830798985993,0.17012471386364525,0.16969280143578844,1.0025452607547425
2025-07-10,0.1947930008172989,0.1957419961690902,0.1789209991693496,0.180755004286766,1741316233,DOGECOIN,0.0776631141468247,0.07479491357747764,0.04569211700029089,0.03848629799147766,0.1733760003532682,0.16957650134960808,1.0224058107899447
2025-07-11,0.2011879980564117,0.2129340022802353,0.1917760074138641,0.1947869956493377,3859031770,DOGECOIN,0.03282970749606573,0.032302324172313684,0.032666114657089455,0.03860734538460587,0.1788498567683356,0.16984906792640683,1.0529928656766527
2025-07-12,0.1973280012607574,0.2061060070991516,0.1922439932823181,0.2011879980564117,1645230470,DOGECOIN,-0.01918601921060903,-0.01937245942646711,0.03714691630709374,0.036989117193451215,0.1835721433162689,0.1703750679890314,1.0774589585378014
2025-07-13,0.1985950022935867,0.2036090046167373,0.1962620019912719,0.1973280012607574,1460860601,DOGECOIN,0.006420786835797498,0.006400261396797459,0.03665221057447833,0.03695291483165734,0.18737342953681943,0.17098223467667892,1.0958649001817975
2025-07-14,0.1974309980869293,0.2103890031576156,0.1955299973487854,0.1985950022935867,2642688097,DOGECOIN,-0.00586119586703715,-0.005878440089725331,0.03356547116324128,0.036901292050966525,0.19158271593706946,0.17161436776320133,1.1163559230741162
2025-07-15,0.1991620063781738,0.1991789937019348,0.1887509971857071,0.1974309980869293,2108544271,DOGECOIN,0.008767662160540368,0.008729449405906673,0.03397701778364853,0.036733303997162105,0.1956074301685605,0.17239746799071623,1.134630528211088
2025-07-16,0.2127469927072525,0.2197320014238357,0.1957210004329681,0.1991620063781738,2865490732,DOGECOIN,0.06821073243901354,0.06598503609175824,0.035881749732725565,0.038177925787252466,0.20017771422863007,0.1737324342131614,1.152218439436712
2025-07-17,0.2180279940366745,0.2220550030469894,0.2073819935321808,0.2127469927072525,3524415111,DOGECOIN,0.024822918821178597,0.02451983553959703,0.02802285641095351,0.038015657446371136,0.20349699897425516,0.17534443388382587,1.160555795623839
2025-07-18,0.2361290007829666,0.2525370121002197,0.2167550027370453,0.2180200070142746,6909551812,DOGECOIN,0.08302147999970755,0.07975480161691026,0.03692247341937407,0.040179596789907034,0.20848857079233443,0.17752766708532963,1.1744004425638246
2025-07-19,0.2414930015802383,0.2566330134868622,0.2360820025205612,0.2361389994621276,4276687151,DOGECOIN,0.02271639984705609,0.022462224534890076,0.032001967457185296,0.04019771873355575,0.21479785655226022,0.17987866699695582,1.1941263527147183
2025-07-20,0.2729290127754211,0.2769660055637359,0.2402420043945312,0.2414930015802383,6077966743,DOGECOIN,0.1301735909093742,0.12237124119964571,0.045579409858968176,0.04325149678426751,0.225417000906808,0.18356046726306274,1.2280258612752393
2025-07-21,0.2717190086841583,0.2867560088634491,0.2649300098419189,0.2729290127754211,6129417334,DOGECOIN,-0.004433402220446303,-0.004443258891249738,0.045312644114444994,0.04143062808342418,0.2360295738492693,0.1874788011113802,1.2589667335724284
2025-07-22,0.2703790068626404,0.2744089961051941,0.258195012807846,0.2717190086841583,4399161114,DOGECOIN,-0.004931571876428897,-0.004943772204740178,0.04741420697947788,0.04107677519513038,0.24620343106133596,0.1914473677674929,1.2860110532328795
2025-07-23,0.2406489998102188,0.2708770036697387,0.2320870012044906,0.2703779935836792,4422461834,DOGECOIN,-0.10995678768627626,-0.11648526427313077,0.07514956479987911,0.046256663131322304,0.25018943207604544,0.19399023453394568,1.2897011680877455
2025-07-24,0.2319740056991577,0.2464780062437057,0.2232789993286132,0.240663006901741,4245820253,DOGECOIN,-0.03604832813725556,-0.03671411855075267,0.07773014389736155,0.04712648438796696,0.25218171945640017,0.19619833479324975,1.2853407737743783
2025-07-25,0.2368119955062866,0.2368119955062866,0.2219820022583007,0.2319740056991577,3502127057,DOGECOIN,0.02085574111007582,0.02064123743700384,0.07172292505269108,0.0470285774242101,0.2522792901311602,0.19860613445440925,1.2702492338627727
2025-07-26,0.2355140000581741,0.2398640066385269,0.2331849932670593,0.2368080019950866,1499470254,DOGECOIN,-0.005481122040872366,-0.0054961985061536284,0.07106584846466457,0.04653432398867606,0.2514251470565796,0.2011237343152364,1.2501018236987487
2025-07-27,0.2408030033111572,0.2435739934444427,0.2347390055656433,0.2355130016803741,1975404021,DOGECOIN,0.02245727749380788,0.022208825659767,0.04773184057686804,0.046549535678036415,0.2468357171331133,0.2037815675139427,1.2112759762544514
2025-07-28,0.2252259999513626,0.2482140064239502,0.224932000041008,0.2408030033111572,2900653769,DOGECOIN,-0.06468774535866784,-0.06687484326316444,0.050549994235060056,0.048794562551247436,0.24019385874271393,0.20583270092805223,1.1669373120001592
2025-07-29,0.2237929999828338,0.2324489951133728,0.218312993645668,0.2252320051193237,2219777443,DOGECOIN,-0.006362497974648829,-0.006382824930903257,0.050449076039289525,0.04865824075157175,0.23353871490274153,0.20763906737168628,1.1247339812247055
2025-07-30,0.2198999971151352,0.2261440008878708,0.2110079973936081,0.2237929999828338,2295849760,DOGECOIN,-0.017395552443540407,-0.017548632943504,0.03150909204075379,0.04845377964473331,0.23057457166058673,0.20946453412373858,1.100780963350949
2025-07-31,0.2098730057477951,0.2255129963159561,0.2092179954051971,0.2198999971151352,1775122878,DOGECOIN,-0.04559796043148723,-0.0466702711842506,0.03295571561335217,0.04849021175517603,0.22741728595324923,0.21120193451642988,1.0767765289363764
2025-08-01,0.2012159973382949,0.2120350003242492,0.1967770010232925,0.2098540067672729,3400021925,DOGECOIN,-0.04124879413936322,-0.042123668558946524,0.030294548988671875,0.04811114365798967,0.22233214335782184,0.2122851341962814,1.0473278979217209
2025-08-02,0.1912139952182769,0.2032189965248108,0.189627006649971,0.2012159973382949,2202580408,DOGECOIN,-0.04970778791112773,-0.05098575001167346,0.03072249392813242,0.049133421600406825,0.2160035712378365,0.21292446752389269,1.0144610140382213
2025-08-03,0.198863998055458,0.1999280005693435,0.1895419955253601,0.1912139952182769,1383820507,DOGECOIN,0.04000754666753559,0.03922796953804558,0.03577874164150208,0.048279127600400575,0.21001228477273662,0.21412423402070996,0.9807964321891018
2025-08-04,0.2104129940271377,0.2111880034208297,0.1986529976129531,0.198862999677658,1808700824,DOGECOIN,0.05807484554574316,0.056451073415775106,0.04274950545890882,0.04912856994806397,0.20789614106927592,0.2156622673074404,0.9639894065145231
2025-08-05,0.1997389942407608,0.2108779996633529,0.1964469999074936,0.2104129940271377,1606059547,DOGECOIN,-0.05072880520392309,-0.052060752180509914,0.045549898140051316,0.049791301975523485,0.2044598545346941,0.21658736715714133,0.9440063712781165
2025-08-06,0.2052550017833709,0.2070180028676986,0.1957409977912902,0.1997399926185608,1273212150,DOGECOIN,0.027616077489412083,0.027241631800148346,0.04839333292594147,0.0496487121957069,0.20236771234444206,0.21783033410708105,0.9290152961201543
2025-08-07,0.2223899960517883,0.2228730022907257,0.2035430073738098,0.2052550017833709,2060907648,DOGECOIN,0.08348149433406715,0.08017946232287046,0.05552967745403325,0.05140528276054384,0.20415585381644105,0.21954370041688281,0.9299098695557085
2025-08-08,0.2302139997482299,0.2322359979152679,0.2200150042772293,0.2223909944295883,2813209061,DOGECOIN,0.035181455260332894,0.034576730442845455,0.05133630175229451,0.05088723550258765,0.20829842558928893,0.2211923335989316,0.9417072563056275
2025-08-09,0.2403250038623809,0.2460979968309402,0.2299579977989196,0.2302190065383911,3167912055,DOGECOIN,0.04392002278405638,0.04298287999733536,0.04119962157100617,0.04976783281442295,0.21531428396701807,0.22271006703376764,0.9667918780446139
2025-08-10,0.2340990006923675,0.2431299984455108,0.2299779951572418,0.2403250038623809,2275130914,DOGECOIN,-0.025906597607207926,-0.026248084256814113,0.04654503075162771,0.049889342292902,0.22034785577229085,0.22380710045496616,0.984543632996258
2025-08-11,0.2225500047206878,0.2414080053567886,0.221561998128891,0.2341029942035675,2818659723,DOGECOIN,-0.0493338114965145,-0.05059228909288496,0.05119166653160209,0.05073479908376652,0.222081714442798,0.22464783390363055,0.9885771457652542
2025-08-12,0.2356660068035125,0.2378000020980835,0.219197005033493,0.2225510030984878,2721898586,DOGECOIN,0.058935078879400526,0.05726376056577682,0.046247976130442896,0.051658908180798824,0.2272141448089054,0.22588353405396142,1.0058906938946073
2025-08-13,0.2452020049095153,0.24965700507164,0.2316019982099533,0.2356660068035125,4066944826,DOGECOIN,0.04046403736943471,0.03966680341852481,0.04664645922043188,0.051975036947989973,0.23292085954121175,0.22747590094804762,1.0239364195084897
2025-08-14,0.2238930016756057,0.2547790110111236,0.2181330025196075,0.2452020049095153,5430971906,DOGECOIN,-0.08690387030796543,-0.09091411401515737,0.05686696206091249,0.05497285017160715,0.2331355746303285,0.228300267457962,1.0211795948651565
2025-08-15,0.2286130040884018,0.2328490018844604,0.220670998096466,0.2238940000534057,3284438866,DOGECOIN,0.021081509370421525,0.020862368875996462,0.05574094893874593,0.05382086013683903,0.23290686096463878,0.2288291345040003,1.017819961909471
2025-08-16,0.2312459945678711,0.2354110032320022,0.2263969928026199,0.2286130040884018,2012788849,DOGECOIN,0.011517238443930156,0.01145141993613183,0.05279050308577708,0.05368835656514432,0.23160985963685166,0.22926973452170687,1.0102068645040596
2025-08-17,0.2345650047063827,0.2423480004072189,0.2287259995937347,0.2312449961900711,2308822296,DOGECOIN,0.014352724875143608,0.01425069958795355,0.05235526134332351,0.0517110703250875,0.23167643163885382,0.22921760131915409,1.010727057196084
2025-08-18,0.2224249988794326,0.2355320006608963,0.2204589992761612,0.2345650047063827,3221260023,DOGECOIN,-0.05175540077747909,-0.05314279395002224,0.052775526270212085,0.05240511331329249,0.23165857366153167,0.22858200122912722,1.0134593818229833
2025-08-19,0.2090480029582977,0.2255620062351226,0.2089660018682479,0.2224240005016327,2965240262,DOGECOIN,-0.060141602735877764,-0.06202605627399452,0.05037793008120074,0.04783973302395336,0.2278560016836438,0.2264526342352231,1.0061971787308202
2025-08-20,0.221450001001358,0.2227219939231872,0.208529993891716,0.2090499997138977,3332092604,DOGECOIN,0.05932607758771247,0.05763293007215128,0.05407529132558503,0.04935704679988166,0.22446285826819276,0.22477700064579642,0.9986024265084902
2025-08-21,0.2147489935159683,0.224030002951622,0.2140990048646927,0.221450001001358,2146370687,DOGECOIN,-0.030259685956599336,-0.030726960808460907,0.043700021245890654,0.049547377602544,0.2231565713882446,0.22292266686757403,1.0010492630648884
2025-08-22,0.2405900061130523,0.2417249977588653,0.2087509930133819,0.2147469967603683,4553800466,DOGECOIN,0.1203312396207461,0.11362439124307347,0.06299379534717985,0.04993229827957946,0.2248675716774804,0.22292070041100182,1.00873347007653
2025-08-23,0.2360090017318725,0.2405930012464523,0.2292709946632385,0.2405879944562912,2633509850,DOGECOIN,-0.01904070935942037,-0.01922431809579388,0.06371926345232135,0.049589881918062954,0.22554800127233773,0.22305520027875897,1.0111757134129284
2025-08-24,0.231797993183136,0.244501993060112,0.2283740043640136,0.2360209971666336,3243609548,DOGECOIN,-0.01784257599428607,-0.018003673897758383,0.06392858218623891,0.049552568287499515,0.22515271391187391,0.2228880668679873,1.010160467878381
2025-08-25,0.2098239958286285,0.2341099977493286,0.2072010040283203,0.2318039983510971,3601938683,DOGECOIN,-0.09479804830383731,-0.09959720913121843,0.07205419439456513,0.05274147433126214,0.22335257061890193,0.2220317333936691,1.0059488668806227
2025-08-26,0.2184650003910064,0.2198240011930465,0.2082459926605224,0.2098239958286285,2273426712,DOGECOIN,0.041182156160229244,0.04035675622752195,0.06969078276059022,0.05315313872956426,0.22469785596643171,0.22128713329633073,1.0154131088387033
2025-08-27,0.2189189940690994,0.2232650071382522,0.2163159996271133,0.2184620052576065,2291320646,DOGECOIN,0.002078107144304342,0.0020759508664535842,0.06593185858252001,0.05177988087741683,0.22433628354753762,0.22107689976692194,1.0147432128098957
2025-08-28,0.2243400067090988,0.2258780002593994,0.2172369956970214,0.2189259976148605,1900714656,DOGECOIN,0.024762641830376353,0.02446101682816889,0.06516953190279674,0.05197407121398474,0.22570642828941342,0.2210951333244641,1.0208566099832785
2025-08-29,0.2140350043773651,0.2246280014514923,0.2100380063056945,0.2243379950523376,2575985418,DOGECOIN,-0.04593475092962862,-0.04702321462073751,0.04672928242426819,0.052593720989012264,0.22191285661288668,0.22089963356653844,1.0045868027483307
2025-08-30,0.2159799933433532,0.218419998884201,0.2120019942522049,0.2140340059995651,1092661803,DOGECOIN,0.009087247068048976,0.00904620648166978,0.0476873796933836,0.05190094698408277,0.21905156970024103,0.2211031998197237,0.9907209388142937
2025-08-31,0.2138150036334991,0.2209459990262985,0.2135629951953888,0.2159810066223144,1044727824,DOGECOIN,-0.010024028968332765,-0.01007460783324817,0.04763368979399429,0.05131011604938104,0.21648257119315004,0.2215231666962305,0.9772457410290071
2025-09-01,0.2102539986371994,0.2196259945631027,0.2054529935121536,0.213811993598938,2726790335,DOGECOIN,-0.016654607655146703,-0.016794854990030403,0.028598663670243128,0.05046481630399458,0.21654400016580302,0.22215783347686127,0.9747304282581467
2025-09-02,0.214818000793457,0.2152629941701889,0.2069990038871765,0.2102520018815994,2083072411,DOGECOIN,0.02170708850171721,0.021474844539413864,0.024832488037739495,0.05013031565973348,0.21602300022329599,0.2226896335681279,0.970063117721228
2025-09-03,0.2205599993467331,0.2232400029897689,0.2126590013504028,0.214818000793457,1806352077,DOGECOIN,0.026729596831118974,0.02637860205360025,0.027153744700675466,0.049309746735636276,0.21625742954867225,0.22302786707878106,0.9696430871227528
2025-09-04,0.2124769985675811,0.220891997218132,0.2107889950275421,0.2205599993467331,1600512717,DOGECOIN,-0.036647627870387556,-0.03733602328271833,0.028301637289841648,0.04882843956945768,0.214562714099884,0.2234524672230084,0.9602163572700573
2025-09-05,0.2179040014743805,0.2206510007381439,0.2121050059795379,0.21246899664402,2429307965,DOGECOIN,0.025541601883430465,0.025220865121827127,0.024517406154828586,0.04879388627173707,0.2151154279708862,0.22387410054604207,0.9608767939042839
2025-09-06,0.2158859968185424,0.2187259942293167,0.2125519961118698,0.2179040014743805,1195532222,DOGECOIN,-0.009260980258204876,-0.009304129746870162,0.02468864416378383,0.0465321976515691,0.21510199989591322,0.22365730057160055,0.9617481716276528
2025-09-07,0.2284429967403412,0.2290520071983337,0.2158669978380203,0.2158859968185424,1913782985,DOGECOIN,0.058164957926165384,0.056536236146698934,0.03195426406672934,0.04727771672573642,0.21719171319689065,0.22359826713800424,0.9713479266940853
2025-09-08,0.2418809980154037,0.2436400055885315,0.226950004696846,0.2284429967403412,3729000010,DOGECOIN,0.05882430832553287,0.057159149480459075,0.03399011447901769,0.047792847713042944,0.22170985596520557,0.2236501336097717,0.9913244959292018
2025-09-09,0.240689992904663,0.2485309988260269,0.2340890020132064,0.2418809980154037,4216668251,DOGECOIN,-0.0049239300338294045,-0.004936092518559736,0.03524421973522952,0.04754367362803978,0.225405854838235,0.22386983335018154,1.0068612258519476
2025-09-10,0.2453950047492981,0.2480390071868896,0.2369700074195861,0.2406910061836242,2829953595,DOGECOIN,0.019548016051081696,0.019359407570279322,0.0350069245176252,0.04663661482452841,0.22895371275288715,0.22463133335113522,1.0192421036605581
2025-09-11,0.2556580007076263,0.2568559944629669,0.2443020045757293,0.2453919947147369,3760658715,DOGECOIN,0.04182235073942575,0.04097144006256249,0.027001032799759257,0.04607753968249519,0.23512242734432215,0.22529773314793902,1.0436076034104251
2025-09-12,0.2754279971122741,0.2783870100975036,0.2551650106906891,0.2556520104408264,4643519794,DOGECOIN,0.07732985609653209,0.07448562435236096,0.03249498162740651,0.04745825143191451,0.24334014100687837,0.22630526622136432,1.0752738770508818
2025-09-13,0.289463996887207,0.3056420087814331,0.2731469869613647,0.2754200100898742,9024886352,DOGECOIN,0.050960686357572005,0.049704685255681634,0.026684443396328913,0.04463360538316423,0.2538512838738305,0.228490966061751,1.110990461676396
2025-09-14,0.2785899937152862,0.2942120134830475,0.2731879949569702,0.2894630134105682,5708225877,DOGECOIN,-0.037565995387529916,-0.03828978180739175,0.03916512369382006,0.04537193856417898,0.26101514058453695,0.2301568657159805,1.1340749700103943
2025-09-15,0.2686299979686737,0.2816810011863708,0.2598290145397186,0.2785870134830475,5721394577,DOGECOIN,-0.035751448261962415,-0.03640618385185021,0.04342871060287358,0.0460316601713216,0.26483642629214693,0.23140299916267393,1.144481390692649
2025-09-16,0.269771009683609,0.2715620100498199,0.2589690089225769,0.2686290144920349,4384096063,DOGECOIN,0.0042475215856880855,0.004238526328581198,0.04286207504080419,0.04599852440233174,0.26899085726056776,0.2325765326619148,1.156569212645313
2025-09-17,0.2824639976024627,0.2835659980773926,0.2622460126876831,0.269771009683609,4837069879,DOGECOIN,0.047050970872445586,0.04597761348513708,0.04433471767629385,0.04525722690809822,0.2742864276681627,0.23457783261934914,1.1692768434485834
2025-09-18,0.278779000043869,0.2879019975662231,0.2764610052108764,0.2824490070343017,4420244724,DOGECOIN,-0.013045901742776866,-0.013131746955110022,0.044802698474573785,0.043495890035508036,0.2775894275733402,0.23690219918886818,1.171746942509531
2025-09-19,0.2653869986534118,0.2840220034122467,0.263711005449295,0.2787800133228302,3402582767,DOGECOIN,-0.04803805662675387,-0.04923022043808213,0.04040010981471427,0.043800891951103295,0.2761549992220742,0.23836676577726998,1.1585297905166594
2025-09-20,0.267749011516571,0.2691450119018554,0.2635659873485565,0.265388011932373,1791655632,DOGECOIN,0.00890025839677211,0.008860884549491651,0.03348949803669747,0.04324807437066219,0.2730528584548405,0.2401334330439567,1.1370880555597516
2025-09-21,0.2611590027809143,0.2696839869022369,0.2608299851417541,0.267749011516571,1759685373,DOGECOIN,-0.024612635162796215,-0.024920589617025278,0.03203264669891838,0.03866279660296543,0.2705627168927874,0.24081906626621877,1.1235103643898687
2025-09-22,0.2413160055875778,0.2620410025119781,0.2358579933643341,0.2611599862575531,5600811076,DOGECOIN,-0.07598052137602451,-0.0790221268007708,0.040884944882851874,0.04128634565046254,0.2666607179812022,0.24099596639474227,1.106494527565752
2025-09-23,0.2373879998922348,0.2434010058641433,0.234702005982399,0.2413150072097778,2979805692,DOGECOIN,-0.016277435414110752,-0.01641136824334294,0.03997349824540051,0.04126243320232788,0.26203457372529165,0.24118229995171223,1.0864585576045769
2025-09-24,0.2412440031766891,0.2501550018787384,0.2320860028266906,0.2373860031366348,3426936081,DOGECOIN,0.01624346338570093,0.016112949766406082,0.03295048544576159,0.03671181786672864,0.2561460030930383,0.24222963352998092,1.0574511440250145
2025-09-25,0.2227060049772262,0.2419340014457702,0.2215700000524521,0.2412450015544891,4513449818,DOGECOIN,-0.07684335343202509,-0.07995634428765484,0.038912974011266616,0.03916633050928846,0.248135575226375,0.24237100034952158,1.0237840949145747
2025-09-26,0.2326290011405944,0.2332880049943924,0.2220360040664672,0.2227140069007873,3136341383,DOGECOIN,0.04455648227528908,0.04359237645027017,0.04705814567330877,0.03994451275333848,0.24345586129597252,0.24282800058523807,1.0025856190769649
2025-09-27,0.2308360040187835,0.2342150062322616,0.2282470017671585,0.2326290011405944,1404236029,DOGECOIN,-0.007707539098821381,-0.007737395691147169,0.045833084178327994,0.03975299413963041,0.2381825745105743,0.24304453382889427,0.9799956031031629
2025-09-28,0.2373879998922348,0.2374719977378845,0.2254170030355453,0.2308380007743835,1629383714,DOGECOIN,0.028383769253422564,0.02798841376212571,0.049343876184685796,0.0389830115124109,0.23478671695504866,0.24382296701272327,0.9629392990808652
2025-09-29,0.23505699634552,0.2386849969625473,0.2291699945926666,0.2373889982700348,2451434578,DOGECOIN,-0.009819382394110066,-0.009867910467872523,0.04013354680610562,0.039042318284927005,0.23389257277761183,0.2444588671127955,0.9567768006946205
2025-09-30,0.2329050004482269,0.2356510013341903,0.2267969995737075,0.2350669950246811,2112968133,DOGECOIN,-0.009155208867426268,-0.009197375351422827,0.03984595116981786,0.03903265395674116,0.23325214428561067,0.24509520033995308,0.951679771623778
2025-10-01,0.2483649998903274,0.2483649998903274,0.2308329939842224,0.2329050004482269,2935493861,DOGECOIN,0.06637899320473006,0.06426879089307366,0.04713116693977714,0.040407447525275315,0.23426942953041616,0.2463655670483907,0.950901671597644
2025-10-02,0.2619369924068451,0.2634150087833404,0.2470549941062927,0.2483720034360885,3466616007,DOGECOIN,0.054645350683513394,0.05320454992386601,0.03195281014574154,0.041245151496858826,0.23987385630607602,0.24793620010217027,0.9674821837522238
2025-10-03,0.2586030066013336,0.264968991279602,0.2535470128059387,0.2619400024414062,3285893533,DOGECOIN,-0.01272819762827948,-0.012809895117244136,0.03304013378314461,0.04121804512309302,0.24358442851475304,0.2492043003439903,0.9774487365527809
2025-10-04,0.250916987657547,0.2594049870967865,0.2473369985818863,0.2586039900779724,2121406683,DOGECOIN,-0.02972130542795859,-0.03017193475967406,0.03653071554172255,0.04098256465183414,0.2464531404631478,0.2504856333136558,0.9839013008564106
2025-10-05,0.2529540061950683,0.2646650075912475,0.2498150020837783,0.250914990901947,3422890843,DOGECOIN,0.008118296638812916,0.008085520539891861,0.035839305365377105,0.04081793235505124,0.2486768556492669,0.25165396680434543,0.9881698222647404
2025-10-06,0.2663129866123199,0.2700470089912414,0.2513220012187958,0.2529540061950683,3938750191,DOGECOIN,0.052811895008888055,0.05146457997578023,0.03787617478141184,0.04158567810911689,0.2531419971159526,0.253334866464138,0.9992386782329754
2025-10-07,0.2473160028457641,0.267863005399704,0.2472569942474365,0.2663120031356811,4263519773,DOGECOIN,-0.07133329849291314,-0.07400537579389178,0.051172108079436215,0.04302806001714337,0.25520071174417225,0.2539639666676521,1.0048697659465156
2025-10-08,0.2555629909038543,0.260930985212326,0.2441360056400299,0.2473160028457641,3136056857,DOGECOIN,0.033345954015088,0.0328020363113943,0.046646380497769674,0.042185523019802565,0.25622899617467604,0.25442003309726713,1.007110144022021
2025-10-09,0.2485630065202713,0.2557089924812317,0.2419410049915313,0.2555620074272156,3221293489,DOGECOIN,-0.027390446319422224,-0.02777255823468481,0.042269248658387805,0.04251663672007872,0.25431842676230837,0.25468246688445406,0.9985706117637424
2025-10-10,0.1931550055742263,0.2536239922046661,0.1147840023040771,0.2485630065202713,8989277920,DOGECOIN,-0.22291330363967998,-0.252203356511578,0.10197300244389097,0.06263702627147874,0.24496871232986447,0.25294113357861836,0.9684811199508762
2025-10-11,0.1854429990053177,0.2002339959144592,0.1790120005607605,0.1931550055742263,6948749972,DOGECOIN,-0.0399265167681353,-0.0407454524164843,0.10185226369973836,0.06221026292693671,0.23561528537954599,0.2506006335218747,0.9402022735069395
2025-10-12,0.2077949941158294,0.2140489965677261,0.1817560046911239,0.1854410022497177,5183180935,DOGECOIN,0.1205329682457883,0.11380443662456421,0.11737836390515852,0.06444106191975715,0.22916399793965472,0.2483462000886599,0.9227602349375303
2025-10-13,0.2139910012483596,0.2182700037956237,0.2047459930181503,0.2077949941158294,4745994514,DOGECOIN,0.029817884491848634,0.029381975435643724,0.11515956574581976,0.06390296521842077,0.2216894286019461,0.24583043356736498,0.9017981434800524
2025-10-14,0.2045319974422454,0.2155440002679824,0.1951040029525756,0.2139910012483596,4841725506,DOGECOIN,-0.044202811103893125,-0.04520953394294111,0.11388491735437016,0.06402071755469416,0.21557742783001485,0.24336183369159692,0.8858308821884036
2025-10-15,0.1963270008563995,0.2079730033874511,0.1950979977846145,0.2045319974422454,2877365449,DOGECOIN,-0.040115955881977694,-0.04094278919269792,0.11078508240271427,0.06408982721557203,0.20711514353752133,0.24095173378785445,0.8595710862154473
2025-10-16,0.1883669942617416,0.2012349963188171,0.1852090060710907,0.1963279992341995,3498982322,DOGECOIN,-0.04054463502185379,-0.04138948365952601,0.11070185486760627,0.06427033747580131,0.19851571321487424,0.23823826660712555,0.8332654364978358
2025-10-17,0.1848420053720474,0.1907970011234283,0.1762109994888305,0.1883659958839416,3317944601,DOGECOIN,-0.01871341050755493,-0.018890721926002375,0.05914479322994464,0.06333789177538932,0.19732814175742006,0.23498420019944502,0.8397506793645528
2025-10-18,0.1895990073680877,0.1902229934930801,0.1845320016145706,0.1848500072956085,1238849111,DOGECOIN,0.02573550306633754,0.02540991923159778,0.057994828280421414,0.06374849435074131,0.1979218572378158,0.232011533776919,0.8530690436628005
2025-10-19,0.1953230053186416,0.1985349953174591,0.1862950026988983,0.1895990073680877,1982258702,DOGECOIN,0.030190020665252337,0.029743271308849007,0.035675535796753886,0.06382493840685277,0.19614014455250325,0.22967606733242665,0.8539859935367822
2025-10-20,0.2001139968633651,0.2024469971656799,0.1919409930706024,0.1953240036964416,2148033213,DOGECOIN,0.024528557385791183,0.024232562769816616,0.03479828664064593,0.06404470842609358,0.19415771535464693,0.22742156684398646,0.8537348416381333
2025-10-21,0.1943890005350113,0.2054349929094314,0.1923319995403289,0.2001560032367706,2783675973,DOGECOIN,-0.02860867514561083,-0.029025879669986134,0.032498015599230184,0.06408271394673906,0.19270871579647061,0.22519590010245635,0.8557381182730006
2025-10-22,0.1900019943714141,0.1953140050172805,0.186500996351242,0.1943860054016113,2573427089,DOGECOIN,-0.02256818107775105,-0.02282674001846532,0.029994049263754836,0.06279927313243312,0.19180514344147268,0.2234854330619176,0.8582444985948244
2025-10-23,0.1948439925909042,0.1972160041332245,0.1898320019245147,0.1900019943714141,1769172845,DOGECOIN,0.025483933658217328,0.025164631570143817,0.026795364493810384,0.06306473554556585,0.19273042891706732,0.22206729948520657,0.8678919830333075
2025-10-24,0.1976979970932006,0.1996829956769943,0.1944019943475723,0.1948579996824264,1546313970,DOGECOIN,0.014647639192493234,0.014541398717090455,0.02476537847119489,0.06304588265365457,0.19456699916294637,0.2206157659490903,0.8819269934128144
2025-10-25,0.1965910047292709,0.1997179985046386,0.1962520033121109,0.1976979970932006,1136645097,DOGECOIN,-0.005599411123056619,-0.005615146592585598,0.024236096735522187,0.06150682804803697,0.19556585592882972,0.2197452659408251,0.889966184670815
2025-10-26,0.2056699991226196,0.2064110040664672,0.1947930008172989,0.1965900063514709,1679630618,DOGECOIN,0.046182145545527575,0.04514748580370813,0.02733946906124069,0.061549099415680146,0.19704399790082652,0.21884663254022596,0.9003748223752452
2025-10-27,0.2003819942474365,0.2093150019645691,0.1998029947280883,0.2056680023670196,1984421014,DOGECOIN,-0.025711114395592594,-0.02604742218605365,0.028741115679412454,0.06167700377881377,0.19708228324140814,0.21783149888118106,0.9047464864064915
2025-10-28,0.1937569975852966,0.202906996011734,0.1912200003862381,0.2003819942474365,2809894306,DOGECOIN,-0.03306183615459579,-0.033620731958811045,0.029560399159876915,0.061576110679944375,0.19699199710573462,0.21637713213761645,0.9104104262757636
2025-10-29,0.1923899948596954,0.197270005941391,0.1890770047903061,0.1937550008296966,2590886109,DOGECOIN,-0.007055243127409683,-0.00708024903980922,0.028140132795391407,0.061573377395458435,0.19733314003263197,0.21495489875475562,0.9180211345533069
2025-10-30,0.1827100068330764,0.1944890022277832,0.1767860054969787,0.1923830062150955,3112664146,DOGECOIN,-0.050314404518168154,-0.05162430128867837,0.03218352427773779,0.062118093279215525,0.19559971349579944,0.21328173230091726,0.9170954839199711
2025-10-31,0.1864330023527145,0.1877560019493103,0.1825100034475326,0.1827130019664764,1579798665,DOGECOIN,0.02037652772373577,0.020171704006182813,0.03293687711565821,0.06085570534437974,0.19399042853287285,0.21121733238299684,0.9184399137335627
2025-11-01,0.187280997633934,0.1883829981088638,0.1852989941835403,0.1864320039749145,849876271,DOGECOIN,0.004548525585696295,0.004538212304850281,0.03330055285607338,0.05976373709534861,0.19266042751925325,0.2087287992238998,0.9230179459452057
2025-11-02,0.1865729987621307,0.1886769980192184,0.1824800074100494,0.187279999256134,967206772,DOGECOIN,-0.003780409549009156,-0.0037875733576413426,0.024526195775531077,0.05977796800996995,0.18993228461061198,0.20632779896259304,0.9205365712501322
2025-11-03,0.1672430038452148,0.1865780055522918,0.1638270020484924,0.1865720003843307,3648984899,DOGECOIN,-0.10360553266102823,-0.10937470916391302,0.04393473680094261,0.062352807929081364,0.18519814312458036,0.20353866616884864,0.9098917007294642
2025-11-04,0.1626950055360794,0.1708849966526031,0.1524959951639175,0.1672420054674148,4796083616,DOGECOIN,-0.027193952539531052,-0.02757055123891063,0.04381517133796943,0.062266493842102005,0.1807607156889779,0.200530032813549,0.9014146816454549
2025-11-05,0.167380005121231,0.1684630066156387,0.1553049981594085,0.1626950055360794,2522587575,DOGECOIN,0.028796210244528053,0.02838939082853898,0.04807188231522636,0.061559351328004865,0.17718786001205442,0.19723226676384603,0.8983715642441428
2025-11-06,0.1614059954881668,0.167380005121231,0.1577309966087341,0.1673790067434311,1870692567,DOGECOIN,-0.035691297946473965,-0.036343805288403676,0.046718772665518535,0.060702744141424375,0.17414442981992445,0.19436859985192612,0.8959493969323808
2025-11-07,0.1786729991436004,0.1813839972019195,0.1604859977960586,0.1614080071449279,2931787387,DOGECOIN,0.10697870053222092,0.10163441282976074,0.06449298881532792,0.06376513347081036,0.17303585793290813,0.19180560012658432,0.9021418447569368
2025-11-08,0.1761820018291473,0.183008998632431,0.1733119934797287,0.1786739975214004,2236137677,DOGECOIN,-0.013941655014427012,-0.01403975271681897,0.0643656480619883,0.06369673944110636,0.1714502871036529,0.18939289997021352,0.9052624841301732
2025-11-09,0.1792600005865097,0.1809639930725097,0.1716790050268173,0.1761820018291473,1608940509,DOGECOIN,0.01747056297128058,0.017319707175354863,0.06512555723757817,0.044766542036982576,0.17040557307856422,0.1889297331372896,0.9019521186468599
2025-11-10,0.1818140000104904,0.1850190013647079,0.1776600033044815,0.1792590022087097,2127003685,DOGECOIN,0.014247458527415047,0.014146917335852518,0.046398345293603795,0.04426797768798748,0.17248714395931786,0.18880876650412873,0.9135547419380341
2025-11-11,0.1720249950885772,0.1853460073471069,0.1718699932098388,0.1818130016326904,2107396312,DOGECOIN,-0.053840765405020474,-0.05534439999899708,0.05127117575101384,0.03972532420410178,0.1738199996096747,0.1876164332032203,0.9264646845801523
2025-11-12,0.1700810045003891,0.178284004330635,0.1674810051918029,0.1720200031995773,1803938275,DOGECOIN,-0.011300628651011446,-0.011364965915209694,0.050831756430386704,0.03915587124915553,0.17420585666384011,0.18615276664495461,0.9358220122298768
2025-11-13,0.1642960011959076,0.1767950057983398,0.1603219956159591,0.1700810045003891,2729846444,DOGECOIN,-0.03401322400155671,-0.03460513430592562,0.05061532016724759,0.03885184506577829,0.1746187146220888,0.18481156677007674,0.9448473257051664
2025-11-14,0.1574659943580627,0.1657190024852752,0.1554169952869415,0.1642960011959076,3090051874,DOGECOIN,-0.04157135163442449,-0.04246016020045187,0.027716511622360312,0.038898110671776516,0.17158914250986917,0.18351619988679882,0.9350081497748602
2025-11-15,0.1631370037794113,0.1642930060625076,0.1574649959802627,0.1574659943580627,1245164553,DOGECOIN,0.036014184805217564,0.0353808356404863,0.03439732906399025,0.03910638817556937,0.16972557135990687,0.18267520020405448,0.9291111829647242
2025-11-16,0.1586609929800033,0.1653279960155487,0.1544169932603836,0.1631370037794113,1764383845,DOGECOIN,-0.027437127663937688,-0.027820555362240252,0.03237753789879466,0.0392511083719038,0.1667828559875488,0.18180249979098634,0.9173848334280044
2025-11-17,0.1518920063972473,0.1639450043439865,0.1509190052747726,0.1586609929800033,2792290270,DOGECOIN,-0.04266320571691584,-0.04360002229045907,0.030277227496753666,0.039423746231258446,0.16250828547137122,0.180545599758625,0.900095519850009
2025-11-18,0.1617040038108825,0.1625330001115799,0.1501020044088363,0.1518920063972473,2444487369,DOGECOIN,0.06459851078649681,0.06259774290761448,0.04168910091376734,0.04091885833990137,0.16103385814598625,0.17942496637503302,0.8974997259266262
2025-11-19,0.1543249934911728,0.1620970070362091,0.1473100036382675,0.1617040038108825,2265496568,DOGECOIN,-0.045632823837433834,-0.04670680090786848,0.04411547174913271,0.041142936602821006,0.15878299943038393,0.17789866626262663,0.8925474415641611
2025-11-20,0.1490920037031173,0.1590999960899353,0.1464360058307647,0.1543249934911728,2500681053,DOGECOIN,-0.03390889362554761,-0.03449713619978057,0.04410703685717007,0.041248313158954684,0.15661099978855672,0.17638876636823014,0.8878740013500336
2025-11-21,0.1401820033788681,0.150626003742218,0.134113997220993,0.1490930020809173,3788412140,DOGECOIN,-0.05976175853127186,-0.06162198745971265,0.046695641236020595,0.04229663895633695,0.15414185822010038,0.17472810000181196,0.8821812760426164
2025-11-22,0.1403039991855621,0.1419059932231903,0.1358979940414428,0.1401820033788681,1508164780,DOGECOIN,0.0008702672508131837,0.0008698887878293083,0.04186341644992399,0.041827422063003536,0.15088000042097907,0.1729101002216339,0.8725921749370515
2025-11-23,0.1448310017585754,0.1474259942770004,0.1397600024938583,0.1403039991855621,1345739666,DOGECOIN,0.03226567025381799,0.031756066345822474,0.04620466516831352,0.042304501073584466,0.1489042873893465,0.17114786704381305,0.8700329718466646
2025-11-24,0.1517940014600753,0.1535950005054474,0.1437799930572509,0.1448310017585754,1886500747,DOGECOIN,0.048076721261010036,0.04695679052945015,0.04882180102716813,0.04357804526565285,0.14889028668403623,0.1696546336015065,0.8776081355594293
2025-11-25,0.1529719978570938,0.1547390073537826,0.1463090032339096,0.1517949998378753,1584986684,DOGECOIN,0.007760493732872353,0.007730535992798193,0.04082996570692256,0.042508442157228515,0.1476428572620664,0.16789803355932234,0.8793602529591313
2025-11-26,0.1547780036926269,0.156601995229721,0.1489000022411346,0.1529719978570938,1505665002,DOGECOIN,0.011806120471932635,0.011736971950042469,0.03741157734012872,0.04257221820873379,0.1477075730051313,0.16637790054082868,0.8877836090309618
2025-11-27,0.1526889950037002,0.1554629951715469,0.1523589938879013,0.1547780036926269,922512953,DOGECOIN,-0.013496806000129369,-0.013588715815767044,0.034910351140887516,0.042322735954137214,0.14822142890521456,0.16500896712144214,0.8982628731693568
2025-11-28,0.1502799987792968,0.155008003115654,0.1486299932003021,0.1526899933815002,1307624427,DOGECOIN,-0.015777143757773948,-0.01590292765162786,0.02294202330833642,0.04234720151302488,0.14966399967670435,0.16360530058542883,0.9147869851475574
2025-11-29,0.1485690027475357,0.1508010029792785,0.1476189941167831,0.1502790004014969,648320199,DOGECOIN,-0.011385387580910789,-0.011450697296919478,0.02419212356452443,0.04155558055970933,0.15084471447127198,0.16246726711591078,0.9284621890245326
2025-11-30,0.1466690003871917,0.1504819989204406,0.1466690003871917,0.1485690027475357,717631352,DOGECOIN,-0.012788686234723512,-0.01287116543753059,0.02278186661589495,0.04125021802437261,0.15110728570393148,0.1611418003837267,0.9377286671993236
2025-12-01,0.1355880051851272,0.1466709971427917,0.1323660016059875,0.1466690003871917,1935250412,DOGECOIN,-0.07555103786629591,-0.07855743559156515,0.029670702653057275,0.043126680147535235,0.1487921433789389,0.15941870063543315,0.933341839984033
2025-12-02,0.1459719985723495,0.1472460031509399,0.1347009986639022,0.1355880051851272,1442143940,DOGECOIN,0.0765848968206615,0.07379389845692713,0.04504716204681076,0.045802613214520574,0.14779214348111827,0.15806533396244044,0.9350066822130444
2025-12-03,0.1519439965486526,0.1529189944267273,0.1453900039196014,0.1459700018167495,1522255570,DOGECOIN,0.04091194225406958,0.0400971964815119,0.048149334685943554,0.04241997313121312,0.14738728531769338,0.15755536705255502,0.9354634378689879
2025-12-04,0.1475030034780502,0.1527310013771057,0.1459839940071106,0.1519200056791305,1232527768,DOGECOIN,-0.02922782848600658,-0.029663471059720815,0.04913184800868813,0.04246313775218618,0.14664642938545766,0.15704896698395404,0.9337624576699112
2025-12-05,0.1396320015192031,0.1482840031385421,0.1376609951257705,0.1475030034780502,1279447426,DOGECOIN,-0.053361638564996317,-0.05483813683460746,0.05265767969509776,0.04303842741757207,0.14512528691972998,0.15612403353055315,0.929551226918111
2025-12-06,0.1397430002689361,0.1405850052833557,0.1385650038719177,0.1396320015192031,637344481,DOGECOIN,0.0007949377544211877,0.0007946219587520038,0.05282391389900612,0.042669312329973175,0.14386442942278718,0.15540193368991212,0.9257570096254607
2025-12-07,0.1385760009288787,0.1428319960832595,0.1352709978818893,0.1397449970245361,1065448744,DOGECOIN,-0.008351039678635153,-0.008386104968040967,0.05279277563180254,0.03763695163605361,0.1427082866430282,0.15406536708275473,0.9262840140209696
2025-12-08,0.1425990015268325,0.1446080058813095,0.1382450014352798,0.1385709941387176,1167700280,DOGECOIN,0.029031005159533496,0.028617587748345222,0.0437174399499599,0.0382205870599588,0.1437098575489861,0.15294593373934426,0.9396121494403467
2025-12-09,0.1480370014905929,0.1529130041599273,0.139626994729042,0.1425999999046325,1669844829,DOGECOIN,0.03813490911952244,0.03742574654831733,0.035956800157272574,0.03883399412781872,0.144004857965878,0.15190516710281368,0.9479918340658647
2025-12-10,0.1435150057077407,0.1501210033893585,0.1428250074386596,0.1480370014905929,1454774688,DOGECOIN,-0.030546388654998258,-0.031022653463779495,0.03335375029554081,0.03888633546624429,0.14280071641717632,0.15062853395938872,0.9480323061212103
2025-12-11,0.1403840035200119,0.143543004989624,0.1365350037813186,0.1434990018606186,1459697025,DOGECOIN,-0.021816549233220184,-0.02205804906662887,0.03265278404365245,0.03794905907201458,0.14178371642317084,0.14957383424043652,0.9479179105301049
2025-12-12,0.1369490027427673,0.1413899958133697,0.1347090005874633,0.1403840035200119,1065894918,DOGECOIN,-0.024468605333334392,-0.02477293628290067,0.026769062739533667,0.038083691665123744,0.14140043088368,0.14846943418184913,0.9523874840830145
2025-12-13,0.139165997505188,0.1399040073156356,0.1369470059871673,0.1369490027427673,519857549,DOGECOIN,0.016188469561803753,0.016058833490215873,0.027713056500495416,0.03795063964200031,0.1413180019174303,0.14763176739215847,0.9572330157237993
2025-12-14,0.1341640055179596,0.1392379999160766,0.1333959996700287,0.139165997505188,831077847,DOGECOIN,-0.035942630217858484,-0.03660447392023497,0.030904501393501295,0.03776879005672525,0.14068771685872755,0.1468550344308217,0.9580040439471664
2025-12-15,0.129731997847557,0.1380749940872192,0.1273179948329925,0.1341650038957595,1383279585,DOGECOIN,-0.033034252766173555,-0.03359220583787393,0.0286124442992902,0.03730102799440206,0.1388495734759739,0.14574153423309325,0.9527110731104518
2025-12-16,0.131740003824234,0.1329330056905746,0.1282179951667785,0.129731997847557,1026120710,DOGECOIN,0.01547810879345679,0.015359544734016989,0.02266237486611714,0.0373284471690906,0.13652143095220837,0.14484416792790092,0.9425400615381673
2025-12-17,0.1261750012636184,0.1359219998121261,0.1251129955053329,0.131741002202034,1368935538,DOGECOIN,-0.042242313641043694,-0.04316047000005967,0.024346116866580503,0.03731334352049296,0.1340442874601909,0.14398693442344662,0.9309475751875117
2025-12-18,0.1220469996333122,0.1304199993610382,0.1202339977025985,0.1261759996414184,1762583322,DOGECOIN,-0.03271647782021059,-0.033263628798867684,0.02498701510645014,0.03526866120926983,0.13142471547637663,0.14266503428419425,0.9212118171476659
2025-12-19,0.1322139948606491,0.1331129968166351,0.1207330003380775,0.1220479980111122,1479134848,DOGECOIN,0.08330393420471993,0.08001556964812194,0.04501303295670089,0.038117396296499094,0.1307482857789312,0.14192800099651012,0.92122967181188
2025-12-20,0.1319520026445388,0.1324519962072372,0.1307719945907592,0.1322149932384491,537943591,DOGECOIN,-0.001981577036428317,-0.001983542957716267,0.04411197182258646,0.03771443359345099,0.12971771508455274,0.14135666762789084,0.9176625146966775
2025-12-21,0.1310579925775528,0.1329970061779022,0.1289079934358596,0.1319520026445388,662389637,DOGECOIN,-0.006775267135538221,-0.006798323458762309,0.04224514375682911,0.036124351263463264,0.1292739989502089,0.14105253393451367,0.9164954031256669
2025-12-22,0.132433995604515,0.1349879950284958,0.1299999952316284,0.1310569941997528,1123402771,DOGECOIN,0.010499191998137425,0.010444458255219384,0.04022071927048781,0.036195030667403476,0.12965999862977434,0.1407902004818121,0.9209447687839921
2025-12-23,0.1291950047016143,0.1334999948740005,0.1282130032777786,0.132433995604515,920201581,DOGECOIN,-0.024457397725680896,-0.02476144762827128,0.04100770581648029,0.035850757758845005,0.12929642732654295,0.1402690005799134,0.9217747812559682
2025-12-24,0.1285180002450943,0.13018099963665,0.1267150044441223,0.1291929930448532,638034560,DOGECOIN,-0.005240175176150164,-0.005253953047472139,0.0371047411610189,0.03454491001937695,0.12963114146675378,0.13949313387274737,0.9293012341740763
2025-12-25,0.1235449984669685,0.1288580000400543,0.1232530027627945,0.1285170018672943,726734769,DOGECOIN,-0.038694982559967395,-0.0394635244919347,0.03816318605719968,0.03499104600119198,0.12984514130013325,0.13851223389307651,0.9374272412671233
2025-12-26,0.1220130026340484,0.1272439956665039,0.1207749992609024,0.1235449984669685,1170409215,DOGECOIN,-0.012400306381724513,-0.012477831739719374,0.016289136794858647,0.03481989208054167,0.12838785669633315,0.1374200671911239,0.9342729873488655
2025-12-27,0.1242239996790885,0.1244850009679794,0.121918998658657,0.1220130026340484,481541479,DOGECOIN,0.018120995281720065,0.01795876694148392,0.01962687519056923,0.03511816449001965,0.1272838562726974,0.13647123401363684,0.9326790161506021
2025-12-28,0.1238249987363815,0.1247249990701675,0.1228149980306625,0.1242249980568885,458322998,DOGECOIN,-0.0032119473188574332,-0.0032171166937881765,0.01972873539817455,0.035082094656703214,0.12625057143824436,0.135589400678873,0.9311241941193728
2025-12-29,0.1227300018072128,0.1278170049190521,0.1222290024161338,0.1238249987363815,1128737873,DOGECOIN,-0.008843100669032933,-0.008882432934900325,0.017973600582235513,0.0350726142846303,0.12486428661005834,0.1347281006475289,0.9267872552937123
2025-12-30,0.1232760027050972,0.1248859986662864,0.1223910003900528,0.1227300018072128,915801292,DOGECOIN,0.0044487972773117335,0.004438930631020715,0.01759709720238424,0.03510432564508882,0.12401871489627017,0.13394833405812576,0.9258697823181085
2025-12-31,0.1172939985990524,0.123539000749588,0.116187997162342,0.1232760027050972,1037180935,DOGECOIN,-0.048525292634244765,-0.04974217445340873,0.023894830930135877,0.03339740561517591,0.12241528608969275,0.13333853383858993,0.9180788371190576
2026-01-01,0.1266800016164779,0.1269569993019104,0.1172930002212524,0.1172930002212524,1303368853,DOGECOIN,0.08002117013258125,0.0769806429186244,0.038509224782012796,0.033660140992271145,0.12286314368247983,0.13269546727339424,0.925903093806085
2026-01-02,0.1416729986667633,0.1445360034704208,0.1258700042963028,0.1266829967498779,3130956326,DOGECOIN,0.11835330643329556,0.11185734129795648,0.05500829033407947,0.039070190072070035,0.12567171454429624,0.13235310067733125,0.9495184767199083
2026-01-03,0.1430580019950866,0.144128993153572,0.1396169960498809,0.1416729986667633,1603761211,DOGECOIN,0.009776057127025561,0.00972858065160302,0.05518034162306473,0.03878086827273966,0.12836228630372454,0.13220493396123248,0.9709341584888598
2026-01-04,0.1493079960346222,0.1539079993963241,0.1430310010910034,0.1430590003728866,2329346323,DOGECOIN,0.043688531591195234,0.0427611035600576,0.05466712352042685,0.03819982796137335,0.1320027144891875,0.13252746711174643,0.9960404236646546
2026-01-05,0.151922196149826,0.1528240740299224,0.1465055793523788,0.1493329256772995,2075501312,DOGECOIN,0.017508775046432223,0.01735726242168317,0.052681383682898084,0.0382978783914645,0.13617302796670366,0.1329334403077761,1.0243699978833547
