Date,Close,High,Low,Open,Volume,asset,return,log_return,vol_7d,vol_30d,ma_7,ma_30,ma_ratio
2021-11-06,3.722734928131104,5.847774982452393,3.59935998916626,5.242094039916992,90510166,IMMUTABLE,,,,,,,
2021-11-07,3.555701971054077,4.107716083526611,3.524686098098755,3.7244839668273926,31382759,IMMUTABLE,-0.04486834553135399,-0.045906089920607164,,,,,
2021-11-08,3.155345916748047,3.662779092788696,3.052931070327759,3.548975944519043,41090155,IMMUTABLE,-0.11259550366290849,-0.11945437318393558,,,,,
2021-11-09,3.7481749057769775,4.102234840393066,3.1551859378814697,3.1551859378814697,105361527,IMMUTABLE,0.1878808234248719,0.1721708989259371,,,,,
2021-11-10,5.258880138397217,5.258880138397217,3.4413349628448486,3.743695020675659,165847382,IMMUTABLE,0.4030508902591028,0.3386490729208711,,,,,
2021-11-11,5.7965240478515625,6.133331775665283,5.005441188812256,5.2809247970581055,164935539,IMMUTABLE,0.10223543707124816,0.09734033316704137,,,,,
2021-11-12,6.031714916229248,7.128253936767578,5.679370880126953,5.788579940795898,195658246,IMMUTABLE,0.040574466082799576,0.039772931885908115,,,4.467010974884033,,
2021-11-13,5.341832160949707,6.730541229248047,5.259497165679932,6.032898902893066,109550083,IMMUTABLE,-0.11437588892394535,-0.12146267226268712,0.16727437195820466,,4.698310579572405,,
2021-11-14,5.617404937744141,6.013568878173828,5.133430004119873,5.342018127441406,76537982,IMMUTABLE,0.051587689109543255,0.05030110698644761,0.16179140534821315,,4.992839574813843,,
2021-11-15,5.726294994354248,6.370888233184815,5.604472160339356,5.616170883178711,79582846,IMMUTABLE,0.01938440575619893,0.019198921333968555,0.14276722599812763,,5.360118014471872,,
2021-11-16,5.314510822296143,8.919624328613281,5.119339942932129,5.733130931854248,91844328,IMMUTABLE,-0.07191110001564671,-0.07462775338728166,0.14806767113737354,,5.583880288260324,,
2021-11-17,6.049505233764648,6.049505233764648,5.172000885009766,5.281010150909424,84291042,IMMUTABLE,0.13829954177249193,0.12953551879469824,0.08968038017206571,,5.696826730455671,,
2021-11-18,5.460681915283203,6.26887321472168,5.254818916320801,6.045517921447754,107474091,IMMUTABLE,-0.09733412828457322,-0.10240281428823246,0.09270028728384917,,5.648849282945905,,
2021-11-19,7.461545944213867,7.742880821228027,5.334822177886963,5.461945056915283,175999681,IMMUTABLE,0.366412850990405,0.31218894900677435,0.15356001438510508,,5.85311085837228,,
2021-11-20,8.649271011352539,8.860397338867188,7.249496936798096,7.4584269523620605,218835295,IMMUTABLE,0.15917948854281394,0.14771241737400936,0.1425006082211375,,6.325602122715542,,
2021-11-21,7.563707828521728,8.906506538391113,7.454788208007812,8.662423133850098,138506724,IMMUTABLE,-0.1255092112856636,-0.13411351778154332,0.16218712168382643,,6.603645392826626,,
2021-11-22,7.0432209968566895,7.697886943817139,6.923044204711914,7.602795124053955,98729550,IMMUTABLE,-0.06881371457823271,-0.07129592996805094,0.16786126782038058,,6.791777678898403,,
2021-11-23,8.237544059753418,8.51170539855957,7.039408206939697,7.043928146362305,118284040,IMMUTABLE,0.16957057906173056,0.15663665499600946,0.16668947154480265,,7.209353855678013,,
2021-11-24,8.048938751220703,8.4840087890625,7.77577018737793,8.238101959228516,109689378,IMMUTABLE,-0.02289581787540207,-0.02316199790119999,0.1664625966488745,,7.494987215314593,,
2021-11-25,8.96674919128418,9.379082679748535,8.041969299316406,8.055513381958008,127047416,IMMUTABLE,0.11402875191767126,0.10798295079291956,0.15488936400943032,,7.995853969029018,,
2021-11-26,7.752614021301269,9.497392654418944,7.286359786987305,9.317233085632324,166761071,IMMUTABLE,-0.13540416310105663,-0.145493121820407,0.130753833458435,,8.037435122898646,,
2021-11-27,7.928723812103271,8.384509086608887,7.729106903076172,7.747396945953369,70636666,IMMUTABLE,0.022716181963672977,0.0224620114910723,0.11575355378979509,,7.93449980872018,,
2021-11-28,7.944176197052002,7.978364944458008,7.03817892074585,7.933188915252685,94707419,IMMUTABLE,0.0019489119957922796,0.0019470153306977032,0.1025893443396802,,7.988852432795933,,
2021-11-29,8.171735763549805,8.36512565612793,7.766641139984131,7.946488857269287,79797221,IMMUTABLE,0.028644828721478666,0.028242235677596098,0.09665299470290392,,8.150068828037806,,
2021-11-30,8.161784172058105,8.567829132080078,7.970125198364258,8.167539596557617,91475089,IMMUTABLE,-0.0012178063240968484,-0.0012185484527922176,0.0760047043611573,,8.139245986938477,,
2021-12-01,7.390296936035156,8.277423858642578,7.28044319152832,8.165005683898926,94075406,IMMUTABLE,-0.09452433680666761,-0.09929487866995489,0.08461114539979013,,8.045154299054827,,
2021-12-02,6.615907192230225,7.545681953430176,6.531022071838379,7.389883995056152,79310098,IMMUTABLE,-0.10478465892608457,-0.11069098509605399,0.07232029698972291,,7.709319727761405,,
2021-12-03,6.2232818603515625,7.007266044616699,5.943242073059082,6.620631217956543,74235521,IMMUTABLE,-0.059345652904527535,-0.06117953196165546,0.058116048774586385,,7.490843704768589,,
2021-12-04,5.824420928955078,6.30299186706543,5.021253108978272,6.224819183349609,103035650,IMMUTABLE,-0.06409173493131037,-0.0662378147128307,0.05393694239343728,,7.190229007175991,,
2021-12-05,5.486114978790283,6.378167152404785,5.361581802368164,5.821932792663574,69601875,IMMUTABLE,-0.05808404891943275,-0.05983923229244304,0.050069813798054245,,6.839077404567173,6.40831135114034,1.0672199008168008
2021-12-06,5.222485065460205,5.752819061279297,4.497361183166504,5.487633228302002,88636695,IMMUTABLE,-0.04805402627347233,-0.049246996088391067,0.03562583564700498,0.12542801279960458,6.417755876268659,6.458303022384643,0.9937217027483153
2021-12-07,5.216691970825195,5.521965980529785,5.0589752197265625,5.225247859954834,62776715,IMMUTABLE,-0.001109260163006165,-0.0011098758474056784,0.035657741788982324,0.12498957650938884,5.9970284189496725,6.5136693557103476,0.9206835796312334
2021-12-08,6.416444778442383,6.436429023742676,5.216361045837402,5.217545986175537,77206480,IMMUTABLE,0.22998344819416405,0.20700071254107105,0.1051879372208312,0.12727037406403605,5.857906682150705,6.622372651100159,0.8845631302819458
2021-12-09,5.241179943084717,6.5683770179748535,5.0500311851501465,6.380758762359619,152844841,IMMUTABLE,-0.18316448998458712,-0.2023175385230326,0.12258899232076953,0.13052539575198024,5.661517075129917,6.672139485677083,0.848530982795452
2021-12-10,4.791782855987549,5.59670877456665,4.683263778686523,5.2439961433410645,99170736,IMMUTABLE,-0.08574349516278457,-0.08964410703432568,0.12413124049719276,0.11609761056396953,5.45701721736363,6.656569576263427,0.8197942130467223
2021-12-11,4.9741411209106445,5.091874122619629,4.723169803619385,4.795557975769043,54003306,IMMUTABLE,0.038056454226683245,0.037350170766371975,0.12626852490777588,0.11481753637238386,5.335548673357282,6.629156812032064,0.8048608329302371
2021-12-12,5.324545860290527,5.505598068237305,4.833117961883545,4.9772539138793945,70905053,IMMUTABLE,0.07044527504594233,0.0680747068122893,0.12919351855743466,0.11531414392861843,5.31246737071446,6.60558451016744,0.804238801659022
2021-12-13,4.723354816436768,5.326172828674316,4.5979838371276855,5.326172828674316,86750740,IMMUTABLE,-0.11290935595791007,-0.11980811018905041,0.1358679443891486,0.11525648587212801,5.241163049425397,6.584968598683675,0.7959283284164935
2021-12-14,4.571944236755371,5.047397136688232,4.555360794067383,4.725594997406006,77346410,IMMUTABLE,-0.032055728516202864,-0.032580764144022376,0.1358774725586159,0.11490026995049374,5.149056230272565,6.550119908650716,0.7861010641152123
2021-12-15,4.979456901550293,5.155001163482666,4.557759761810303,4.888053894042969,66136485,IMMUTABLE,0.08913334102345183,0.08538228000293008,0.10686425510460155,0.11604758700861031,4.9437722478594095,6.525225305557251,0.7576400838832359
2021-12-16,4.934741020202637,5.3873820304870605,4.918185234069824,4.978971004486084,57262383,IMMUTABLE,-0.008980071970044468,-0.009020635843277487,0.07781788841547167,0.11529931891632138,4.899995258876255,6.512566312154134,0.7523908431813732
2021-12-17,4.678314208984375,4.98563289642334,4.55797004699707,4.933746814727783,46297561,IMMUTABLE,-0.05196358029093329,-0.05336236005041789,0.07255077943650297,0.11288888021077491,4.883785452161517,6.466859944661459,0.7552019827170053
2021-12-18,4.551644802093506,4.723574161529541,4.486795902252197,4.6801438331604,42768856,IMMUTABLE,-0.027075865628608198,-0.02744917067734,0.07058869078844124,0.11156215682215366,4.82342883518764,6.436558707555135,0.749380073163315
2021-12-19,4.555918216705322,4.671680927276611,4.447625160217285,4.551136016845703,42259634,IMMUTABLE,0.0009388726048769058,0.0009384321396650662,0.061801758074268576,0.09404121826106673,4.713624886104038,6.339704449971517,0.7435086167345255
2021-12-20,4.214853763580322,4.558757781982422,3.940176963806152,4.554082870483398,57440905,IMMUTABLE,-0.07486184714080435,-0.0778121981796025,0.05201949896011248,0.08936401453568023,4.640981878553118,6.191890541712443,0.7495258269325927
2021-12-21,4.533514976501465,4.533514976501465,4.11717414855957,4.21398401260376,45409491,IMMUTABLE,0.07560433428903934,0.07288267505212864,0.061005230141497495,0.08855334929615588,4.635491984231131,6.090884113311768,0.7610540437143035
2021-12-22,4.508644104003906,4.676486968994141,4.450613975524902,4.534231185913086,58096342,IMMUTABLE,-0.0054860020594332815,-0.005501105432147718,0.04773329185863492,0.08797672660538576,4.568233013153076,6.006398216883341,0.7605611296820552
2021-12-23,4.763744831085205,4.821028232574463,4.269278049468994,4.508111000061035,63918483,IMMUTABLE,0.05658036456121174,0.05503762196874928,0.054543915684774284,0.08295946279055774,4.5438049861363,5.890604909261068,0.771364750501708
2021-12-24,4.627089023590088,4.8983588218688965,4.627089023590088,4.763318061828613,59737858,IMMUTABLE,-0.028686634641592712,-0.02910613839012665,0.05165625587841609,0.08297868133934629,4.536487102508545,5.77654325167338,0.7853290289472672
2021-12-25,4.702663898468018,4.710516929626465,4.527972221374512,4.631049156188965,42960079,IMMUTABLE,0.016333136123517278,0.016201185297501128,0.05063653290854745,0.07978685294508255,4.558061259133475,5.634407075246175,0.8089691068220035
2021-12-26,4.685221195220947,4.889514923095703,4.515642166137695,4.700181007385254,40354904,IMMUTABLE,-0.0037091111811653477,-0.003716006990873357,0.05072407484249139,0.07631332666226108,4.576533113207136,5.532160647710165,0.827259619639105
2021-12-27,5.511521816253662,5.725627899169922,4.656865119934082,4.684720039367676,111621030,IMMUTABLE,0.17636320391352367,0.16242764865830098,0.06531922520098266,0.08279856082458248,4.761771406446185,5.451587247848511,0.8734651377588125
2021-12-28,4.879332065582275,5.5123610496521,4.714317798614502,5.507214069366455,87058597,IMMUTABLE,-0.11470330187336608,-0.12183243803815243,0.08625230845202637,0.08512470598274684,4.811173847743443,5.34942577679952,0.8993813632501496
2021-12-29,4.8662309646606445,5.120773792266846,4.619631767272949,4.879417896270752,71622612,IMMUTABLE,-0.002685019331650551,-0.0026886304614735404,0.08617185370329795,0.08475377223707296,4.86225768498012,5.239242283503215,0.9280459696032565
2021-12-30,5.134424209594727,5.283520221710205,4.81852912902832,4.866518020629883,64290283,IMMUTABLE,0.0551131351721168,0.05364799830850836,0.0860547551207668,0.08569898827093618,4.915211881910052,5.138330284754435,0.9565776447834852
2021-12-31,4.895249843597412,5.186328887939453,4.8555450439453125,5.13318395614624,47176534,IMMUTABLE,-0.04658250978763456,-0.04770239128594751,0.08775877126484437,0.08446723321791477,4.953520570482526,5.055162048339843,0.9798935272726427
2022-01-01,4.8282318115234375,5.041489124298096,4.807929039001465,4.8952507972717285,29070424,IMMUTABLE,-0.013690421166476008,-0.013784999182982054,0.08802592012963416,0.08246049266292571,4.9714588437761575,4.995572868982951,0.9951729209363525
2022-01-02,4.952561855316162,5.055379867553711,4.787248134613037,4.828329086303711,29844873,IMMUTABLE,0.025750636805794702,0.02542467315965345,0.08830182344326529,0.08214041608328246,5.009650366646903,4.953215535481771,1.0113935746912015
2022-01-03,4.553574085235596,4.966578006744385,4.425858974456787,4.952876091003418,41152450,IMMUTABLE,-0.08056189538597813,-0.08399255138070864,0.06149190316838506,0.08263981821936693,4.872800690787179,4.910853974024454,0.9922511881968891
2022-01-04,4.733582973480225,4.893770217895508,4.4485931396484375,4.553260803222656,40442918,IMMUTABLE,0.039531340629393785,0.03876997757706356,0.04903021927933612,0.08247617357848788,4.8519793919154575,4.885769573847453,0.9930839591549984
2022-01-05,4.407485008239746,4.99502420425415,4.207959175109863,4.733957767486572,64806973,IMMUTABLE,-0.06889030298347654,-0.07137818156071853,0.05513950507805569,0.08298376027436066,4.786444255283901,4.858602905273438,0.9851482717570483
2022-01-06,4.131346225738525,4.418416976928711,4.049643039703369,4.409739017486572,72189574,IMMUTABLE,-0.06265223409381593,-0.06470091735652703,0.048650557636664524,0.08367295050328481,4.6431474004473,4.822424713770548,0.9628242380204884
2022-01-07,3.744093894958496,4.156974792480469,3.743072032928467,4.132796764373779,47789178,IMMUTABLE,-0.09373514336983546,-0.09842367942468466,0.05491727302749867,0.07474384245236071,4.478696550641741,4.733346350987753,0.9462008943645396
2022-01-08,3.42658805847168,3.904237985610962,3.3828799724578857,3.744131088256836,33243173,IMMUTABLE,-0.08480178259267068,-0.08861460612147108,0.056607416309665724,0.06761584403683003,4.278461728777204,4.672859954833984,0.9155981069689917
2022-01-09,3.746815919876098,3.912743091583252,3.412753105163574,3.423820972442627,35223525,IMMUTABLE,0.09345385437059095,0.0893413603087982,0.07330362657601397,0.06861540920058648,4.106212309428623,4.63802772363027,0.8853358699233077
2022-01-10,3.789068937301636,4.294611930847168,3.4333510398864746,3.746854066848755,127739636,IMMUTABLE,0.011277046518723965,0.011213934663288565,0.07257859662024989,0.06818167324319586,3.996997288295201,4.598525317509969,0.8691911019986541
2022-01-11,3.602504014968872,3.887005090713501,3.325716972351074,3.7888200283050537,94771012,IMMUTABLE,-0.04923766904743232,-0.050491162547048135,0.06686635554466759,0.06698147757268938,3.8354145799364363,4.541123922665914,0.8445958853474353
2022-01-12,3.698764085769653,3.807742118835449,3.5292580127716064,3.6029229164123535,65994091,IMMUTABLE,0.026720322975576805,0.02636956959027813,0.0691472247059153,0.06420483472820121,3.73416873386928,4.506970898310343,0.8285318050909124
2022-01-13,3.499640941619873,3.770044088363648,3.49920392036438,3.698509931564331,53630324,IMMUTABLE,-0.05383504855469734,-0.05533835785213311,0.06833810545435004,0.06463642277507761,3.64392512185233,4.47122745513916,0.8149719866440832
2022-01-14,3.5664401054382324,3.635853052139282,3.4908900260925293,3.4993929862976074,44511710,IMMUTABLE,0.01908743352037723,0.0189075538181651,0.06094688274062184,0.06239300634311794,3.6185460090637207,4.424126895268758,0.8179118941939617
2022-01-15,3.614968061447144,3.680562019348145,3.537182092666626,3.561161994934082,41196041,IMMUTABLE,0.013606833305545907,0.013515091621588059,0.04923694741346811,0.06255466890857092,3.6454574380602156,4.380134463310242,0.8322706685367824
2022-01-16,4.150942802429199,4.375718116760254,3.610980033874512,3.615542888641357,167155128,IMMUTABLE,0.1482654153153138,0.13825246918508866,0.06401546588028975,0.06759346755643285,3.7031898498535156,4.362555416425069,0.8488579505284827
2022-01-17,3.7705540657043457,4.258887767791748,3.694129943847656,4.15130615234375,73945405,IMMUTABLE,-0.09163911786552292,-0.09611353205742816,0.07658908473452788,0.06954956766760657,3.70054486819676,4.336519058545431,0.8533445416098342
2022-01-18,3.7561960220336914,3.8391830921173096,3.5134520530700684,3.770117998123169,58184044,IMMUTABLE,-0.003807940005754129,-0.003815208667584017,0.07350126455379906,0.06953797944147891,3.7225008692060197,4.309861652056376,0.8637170215034381
2022-01-19,3.5627760887146,3.794663906097412,3.5141050815582275,3.75598406791687,42202068,IMMUTABLE,-0.05149356747744205,-0.05286670784560684,0.07589799901359442,0.0688002591549406,3.7030740124838695,4.288125729560852,0.8635647007633571
2022-01-20,3.358529090881348,3.749530076980591,3.357162952423096,3.5589439868927,43807140,IMMUTABLE,-0.057328047777187585,-0.05903693362388838,0.07631570944972646,0.06781974552968215,3.6829151766640797,4.248959533373514,0.8667804783115888
2022-01-21,2.707830905914306,3.41302490234375,2.6630539894104004,3.359589099884033,93271377,IMMUTABLE,-0.193744989952219,-0.21535519687871008,0.10829764608542648,0.0774749469895014,3.5602567195892334,4.188932426770529,0.8499198260722542
2022-01-22,2.4376440048217773,2.89803409576416,2.0651350021362305,2.710045099258423,116493092,IMMUTABLE,-0.09977982764817417,-0.10511590962984699,0.1079284180735676,0.07785714031421034,3.3920675686427524,4.111395732561747,0.8250403972981719
2022-01-23,2.495656013488769,2.592111110687256,2.261950969696045,2.4380431175231934,57218428,IMMUTABLE,0.023798392444606797,0.023519624855122653,0.07803082456620149,0.0782909271947491,3.1555980273655484,4.04034796555837,0.7810213511967773
2022-01-24,2.3204150199890137,2.502634048461914,2.011852979660034,2.496553897857666,75532013,IMMUTABLE,-0.0702184085276959,-0.07280556829515984,0.07735878857386191,0.07853515150251376,2.9484353065490723,3.9609396696090697,0.7443777367202545
2022-01-25,2.351845026016236,2.453356981277466,2.1980059146881104,2.3202900886535645,44205933,IMMUTABLE,0.013544993355270929,0.013454079960319425,0.08002658261148923,0.07874692864909481,2.747813735689436,3.883160463968913,0.7076230202655447
2022-01-26,3.003010034561157,3.267595052719116,2.31287693977356,2.3519439697265625,135312143,IMMUTABLE,0.27687411429822073,0.24441499294151728,0.142894180842734,0.08644916467808361,2.667847156524658,3.7995434045791625,0.7021494091393724
2022-01-27,2.654993057250977,3.0691609382629395,2.5025439262390137,2.996798038482666,96107916,IMMUTABLE,-0.11588938208827437,-0.12317309078871748,0.1474669248954478,0.08650382085273864,2.5673420088631764,3.7253987709681193,0.6891455564087173
2022-01-28,2.827356100082397,2.875101089477539,2.499094009399414,2.653263092041016,62152930,IMMUTABLE,0.06492033655631757,0.06289999500805717,0.12628299271928523,0.08778327672220992,2.5844170366014754,3.6574362754821776,0.7066198402214838
2022-01-29,2.818526029586792,2.929018974304199,2.6772499084472656,2.8275389671325684,64775834,IMMUTABLE,-0.003123083963618045,-0.0031279709680091844,0.11683336401129531,0.08678952483939825,2.638828754425049,3.580239669481913,0.7370536606581164
2022-01-30,2.578268051147461,2.841820001602173,2.504322052001953,2.8200809955596924,47128432,IMMUTABLE,-0.08524241958998469,-0.08909618825187626,0.12392523134787976,0.08757078963954942,2.650630474090576,3.503006943066915,0.7566729147758767
2022-01-31,2.701512098312378,2.739665031433105,2.472935914993286,2.578068971633911,45839082,IMMUTABLE,0.047801099311635564,0.04669377715313794,0.11963313626395919,0.08844325412271348,2.705072913851057,3.4321162859598795,0.7881647031940567
2022-02-01,2.8778090476989746,2.9924309253692627,2.681135892868042,2.7018849849700928,40496499,IMMUTABLE,0.06525861923651144,0.06321760464561146,0.12053499697182808,0.08936741663768037,2.780210631234305,3.3629578590393066,0.8267158697101621
2022-02-02,2.982283115386963,3.150949001312256,2.766156911849976,2.877964973449707,62623827,IMMUTABLE,0.036303335612737575,0.03565989597419245,0.07584796683220238,0.08899430488469844,2.777249642780849,3.3105814933776854,0.8389008542264597
2022-02-03,3.3805339336395264,4.245132923126221,2.993035078048706,2.993035078048706,383829826,IMMUTABLE,0.13353890386791423,0.12534451227140364,0.06674066757861462,0.09211697784487742,2.8808983394077847,3.2654798587163287,0.8822281759656223
2022-02-04,2.9779129028320312,3.444257974624634,2.781493902206421,3.3823208808898926,238636448,IMMUTABLE,-0.11909983414188896,-0.1268109785838403,0.08832145263163012,0.0939038854685389,2.9024064540863037,3.2178274552027384,0.9019770309292231
2022-02-05,2.8746559619903564,3.147722005844116,2.815762996673584,2.978967905044556,120711970,IMMUTABLE,-0.03467426489991576,-0.03528968527359605,0.08978550195065825,0.09349891094002613,2.9104250158582414,3.175937779744466,0.9163986254454936
2022-02-06,2.8258490562438965,2.977468967437744,2.7281529903411865,2.875164031982422,70642462,IMMUTABLE,-0.016978346762812957,-0.017124131369350003,0.08121805759276755,0.09207768476045221,2.945793730872018,3.1453296184539794,0.9365612155841273
2022-02-07,2.8593790531158447,3.0659449100494385,2.7675158977508545,2.8254098892211914,97733827,IMMUTABLE,0.01186545926714011,0.011795616639050883,0.07987211022507293,0.09091578433162688,2.968346152986799,3.126422651608785,0.9494385384712322
2022-02-08,2.783145904541016,3.341028928756714,2.6152029037475586,2.859648942947388,198898146,IMMUTABLE,-0.026660735480928288,-0.02702257872250794,0.07671596470258492,0.08917203162245091,2.954822846821376,3.094300317764282,0.9549243910999298
2022-02-09,2.8164350986480717,2.891256093978882,2.6513121128082275,2.782454013824463,74650141,IMMUTABLE,0.011960994949183457,0.011890027582158456,0.07513755248138382,0.08917763983318663,2.9311302730015347,3.0618791898091633,0.9572978198346951
2022-02-10,2.5991969108581543,2.8573250770568848,2.565524101257324,2.81677508354187,96186010,IMMUTABLE,-0.07713232514897816,-0.08026941894865526,0.050340389585688795,0.08980865568773647,2.8195106983184814,3.0284356196721394,0.9310122625699812
2022-02-11,2.303642988204956,2.691788911819458,2.2358028888702397,2.599478006362915,98301862,IMMUTABLE,-0.11370970834049576,-0.12071073908373726,0.04855884090612893,0.09169968915663321,2.723186424800328,2.9819315830866495,0.9132290090913185
2022-02-12,2.2957539558410645,2.376384019851685,2.214194059371948,2.3032400608062744,66887014,IMMUTABLE,-0.003424589836309222,-0.003430467166215228,0.05017651914239082,0.0914168851553868,2.6404861382075717,2.9418020168940227,0.8975743857145824
2022-02-13,2.2883400917053223,2.4571828842163086,2.251899003982544,2.2960240840911865,85607016,IMMUTABLE,-0.0032293809695412845,-0.0032346066738240566,0.051134062738297396,0.09123078796155377,2.5636991432734897,2.8991986831029255,0.8842785277929415
2022-02-14,2.294114112854004,2.345690965652466,2.183850049972534,2.287652969360352,66474307,IMMUTABLE,0.002523235584435568,0.002520057570324575,0.04997322792010917,0.09113518633504981,2.4829470089503696,2.855170218149821,0.8696318675386521
2022-02-15,2.478430986404419,2.4855170249938965,2.2786641120910645,2.293323040008545,70081793,IMMUTABLE,0.08034337634631195,0.07727893166497965,0.06485292955239885,0.08822951011629625,2.439416306359427,2.7994198242823285,0.871400668524167
2022-02-16,2.399029016494751,2.492115020751953,2.332573890686035,2.479207992553711,63214940,IMMUTABLE,-0.032037192217670096,-0.032561614156162044,0.0637695383349297,0.08702392122817326,2.37978686605181,2.7537023226420083,0.8642135522363037
2022-02-17,2.1252529621124268,2.413923978805542,2.1116180419921875,2.3969130516052246,67113964,IMMUTABLE,-0.11411952606656739,-0.1211732427445962,0.07132721089131974,0.08911314023835205,2.312080587659563,2.6993375539779665,0.8565362950818398
2022-02-18,2.050848960876465,2.1977460384368896,2.035249948501587,2.1259100437164307,60672029,IMMUTABLE,-0.035009480077142,-0.03563700160554287,0.0592785011547544,0.08894259783545483,2.275967155184065,2.6489399830500284,0.8591992154399372
2022-02-19,1.976001024246216,2.09985899925232,1.9087320566177368,2.050506114959717,48736430,IMMUTABLE,-0.036496074580870785,-0.037178717011335155,0.05940064392810618,0.08868747072219327,2.2302881649562294,2.6028557141621906,0.8568620046133123
2022-02-20,1.8131070137023928,1.9761309623718264,1.7763110399246216,1.9761309623718264,57594630,IMMUTABLE,-0.08243619742351216,-0.08603316187827484,0.0632907402953212,0.08160839968255085,2.162397725241525,2.5730315844217935,0.8404085431106182
2022-02-21,1.567522048950195,1.957082986831665,1.5566320419311523,1.8132150173187256,101630001,IMMUTABLE,-0.13544979027504245,-0.14554589604857066,0.07329367379877214,0.08348789907132599,2.0585988589695523,2.5440275192260744,0.8091889114453464
2022-02-22,1.6576149463653564,1.6772149801254272,1.5672930479049685,1.5672930479049685,103046463,IMMUTABLE,0.05747472418362376,0.055883730171444185,0.06706866177405542,0.0842050482822186,1.9413394246782576,2.516092816988627,0.7715690818599211
2022-02-23,1.56174898147583,1.7205990552902222,1.560183048248291,1.6573339700698853,51783314,IMMUTABLE,-0.057833675486415714,-0.05957345469054729,0.0661681384740919,0.08391861229155226,1.821727991104126,2.4908039490381877,0.7313815251527835
2022-02-24,1.502588987350464,1.558717966079712,1.324046969413757,1.558717966079712,123270897,IMMUTABLE,-0.037880603622651776,-0.03861672335940319,0.06086751706751817,0.08388684318402129,1.7327759947095598,2.4624954144159954,0.7036666889065069
2022-02-25,1.535295009613037,1.5773040056228638,1.4537169933319092,1.5030759572982788,59256442,IMMUTABLE,0.02176644613923595,0.021532939382854905,0.06660705145009421,0.06860312381052708,1.6591254302433558,2.413571580251058,0.6874150507153282
2022-02-26,1.4961309432983398,1.6142029762268066,1.4887919425964355,1.5348600149154663,43054570,IMMUTABLE,-0.025509147147275812,-0.025840146581680035,0.06686310507943413,0.06592025279096263,1.5905725615365165,2.3749428431193036,0.6697308805324437
2022-02-27,1.4095120429992676,1.5859489440917969,1.380229949951172,1.4957979917526243,68386794,IMMUTABLE,-0.057895266913010945,-0.05963882896498485,0.064520705180084,0.0644427605783471,1.5329161371503557,2.327681374549866,0.6585592658474555
2022-02-28,1.5579129457473757,1.5579129457473757,1.3852180242538452,1.409657001495361,60151828,IMMUTABLE,0.10528530315521767,0.10010349454431489,0.06173426638956915,0.068198374650489,1.5315434081213815,2.285660938421885,0.670065880015792
2022-03-01,1.583644986152649,1.63134503364563,1.5066720247268677,1.5581419467926023,80857215,IMMUTABLE,0.016516995044886018,0.016382073124942095,0.05732915008040279,0.06721244982403027,1.5209762709481376,2.2525068362553915,0.6752371386701922
2022-03-02,1.465296983718872,1.5835829973220823,1.4542659521102903,1.5835829973220823,54971588,IMMUTABLE,-0.07473139716831034,-0.0776712021825776,0.06044386980147696,0.06703161927850369,1.507197414125715,2.211299665768941,0.6815889485523949
2022-03-03,1.4583179950714111,1.4916809797286987,1.4064619541168213,1.4652869701385498,42136718,IMMUTABLE,-0.004762849255137702,-0.004774227765447307,0.05902696460719274,0.06523252375972531,1.500872986657279,2.1639832973480226,0.69356957999473
2022-03-04,1.3197699785232544,1.4800809621810913,1.283622980117798,1.458539962768555,52956632,IMMUTABLE,-0.09500535343896122,-0.09982625070187408,0.06741135146048276,0.06574381082150489,1.4700836965015955,2.108566192785899,0.6971958962119554
2022-03-05,1.2811390161514282,1.3260300159454346,1.2527120113372805,1.320057034492493,34097612,IMMUTABLE,-0.029270981307706334,-0.029707924106594587,0.06746763717547201,0.0590990516446708,1.439370564052037,2.0385863622029623,0.7060630791705124
2022-03-06,1.1509970426559448,1.281798005104065,1.1509970426559448,1.281008005142212,40604344,IMMUTABLE,-0.10158302249386875,-0.10712097824521759,0.0739400025252806,0.058114884850156284,1.4024398497172765,1.9776891668637593,0.7091305717881242
2022-03-07,1.5968120098114014,1.7030450105667114,1.1037869453430176,1.151265025138855,496791528,IMMUTABLE,0.3873293767347403,0.32738058735410064,0.1504093785664577,0.08758733578970969,1.4079968588692802,1.9350943684577941,0.7276114704376959
2022-03-08,1.5047030448913574,1.825819969177246,1.4672340154647827,1.589607000350952,404483177,IMMUTABLE,-0.05768303617087833,-0.05941358135360651,0.15204870722001806,0.08788595531195233,1.3967194386890955,1.8910561680793763,0.7385922545641007
2022-03-09,1.5925960540771484,1.7440710067749023,1.435263991355896,1.508505940437317,231722033,IMMUTABLE,0.05841219600385483,0.056769856809527,0.15015821073302252,0.08884316053704207,1.4149050201688493,1.8488300681114196,0.7652974951960703
2022-03-10,1.5171159505844116,1.6857960224151611,1.4691669940948486,1.593976974487305,188418211,IMMUTABLE,-0.047394380577236106,-0.048554291595652735,0.15187050468857352,0.08899280748466973,1.423304728099278,1.8066290696461995,0.7878234398043924
2022-03-11,1.7070879936218262,1.841568946838379,1.4964879751205444,1.515395998954773,311581781,IMMUTABLE,0.12521919828490047,0.11797785959687856,0.14894331572714703,0.09235716312110748,1.4786358731133598,1.7696508328119913,0.8355523280057422
2022-03-12,1.8726110458374023,1.9568979740142824,1.691648006439209,1.7072789669036863,295011096,IMMUTABLE,0.09696222622033424,0.09254474699042557,0.14700516768236113,0.09363533844354847,1.563131877354213,1.7454313039779663,0.8955562294498332
2022-03-13,1.691877007484436,1.968449950218201,1.6726109981536863,1.8739060163497925,194362152,IMMUTABLE,-0.09651445704900496,-0.1014951702389197,0.14598791416881102,0.09292147463695252,1.6404004437582833,1.7250391046206157,0.9509352219114204
2022-03-14,1.6499689817428589,1.738919019699097,1.565242052078247,1.6912200450897217,119102086,IMMUTABLE,-0.024770137283139704,-0.02508207913784047,0.0840345137575061,0.09295045149409994,1.6479942968913488,1.7035129388173422,0.9674093218425819
2022-03-15,1.5144280195236206,1.6551159620285034,1.5096319913864136,1.650570034980774,99806121,IMMUTABLE,-0.08214758199640015,-0.08571866598763742,0.08787849798343338,0.09392732347100487,1.649383578981672,1.6777158697446188,0.9831125810550629
2022-03-16,1.65698504447937,1.65698504447937,1.462360978126526,1.5134520530700684,153830166,IMMUTABLE,0.09413258545004477,0.08996188993805358,0.09218425878959272,0.0957882321194316,1.6585820061819894,1.656478234132131,1.0012700269804393
2022-03-17,1.5816479921340942,1.6816339492797852,1.5608899593353271,1.6550580263137815,98105949,IMMUTABLE,-0.04546634418716,-0.04653237628831018,0.09198902820967814,0.09451928979412708,1.6678008692605155,1.6265854676564535,1.0253386018894195
2022-03-18,1.639125943183899,1.6427470445632937,1.4960399866104126,1.5808700323104858,78455640,IMMUTABLE,0.036340545643313904,0.03569580183425538,0.07972809430994676,0.09490203838454017,1.65809200491224,1.6012553652127584,1.0354950502800844
2022-03-19,2.076257944107056,2.1924920082092285,1.5965080261230469,1.6392630338668823,509878356,IMMUTABLE,0.2666860363847672,0.23640406983002168,0.11844485232722396,0.10292405811705574,1.687184418950762,1.5996221979459126,1.0547393135187102
2022-03-20,2.175558090209961,2.3376219272613525,1.935901999473572,2.0777950286865234,428917867,IMMUTABLE,0.04782649785145621,0.04671801670777662,0.10688517875503484,0.10306041814545422,1.7562817164829798,1.603779168923696,1.095089492689713
2022-03-21,2.131150007247925,2.287781953811645,2.004154920578003,2.178647994995117,295424489,IMMUTABLE,-0.020412271757703437,-0.02062348129751981,0.10647355844863193,0.10288775723509547,1.8250218629837036,1.6089508016904195,1.1342931437470134
2022-03-22,2.3229520320892334,2.417804002761841,2.0978269577026367,2.1330349445343018,281849009,IMMUTABLE,0.0899993075048684,0.08617706092421602,0.09247436912132534,0.10258037666478652,1.9405252933502197,1.6259456356366475,1.1934748928984928
2022-03-23,2.27170205116272,2.415395975112915,2.147192001342773,2.3221840858459477,270671708,IMMUTABLE,-0.0220624361668027,-0.022309451646573927,0.09629445068143504,0.09859903117690035,2.0283420085906982,1.649418302377065,1.2297317215818122
2022-03-24,2.1575279235839844,2.358052968978882,2.1214849948883057,2.271496057510376,176058990,IMMUTABLE,-0.05025928797321744,-0.05156626634965672,0.09710796142270693,0.09891486640132481,2.1106105702263966,1.6660820682843527,1.2668106874229774
2022-03-25,2.2511870861053467,2.2655270099639893,2.112833976745605,2.157651901245117,121569343,IMMUTABLE,0.0434104057229443,0.042494584455548656,0.09704087818361516,0.09823552651646085,2.1980478763580322,1.6890633384386697,1.3013412974731047
2022-03-26,2.200011968612671,2.2600669860839844,2.161073923110962,2.25163197517395,68919803,IMMUTABLE,-0.022732503135139637,-0.02299487028428015,0.05007808788341316,0.09799804877123107,2.2157270227159773,1.7123107711474101,1.2939981807339977
2022-03-27,2.3217639923095703,2.3969390392303467,2.1792409420013428,2.200221061706543,136823882,IMMUTABLE,0.05534152787981261,0.05386443764983696,0.05105582687706624,0.09827581987695866,2.2366135801587785,1.7385264039039612,1.2864996327558407
2022-03-28,2.642652034759521,2.664418935775757,2.278495073318481,2.32232403755188,239681115,IMMUTABLE,0.1382087255693667,0.1294557332701067,0.06578623866072567,0.1001879394009961,2.309685298374721,1.7767437736193339,1.2999540691620115
2022-03-29,2.687988042831421,2.7700929641723637,2.5190300941467285,2.642632007598877,223729190,IMMUTABLE,0.01715549662822924,0.01701000275170101,0.06109776121622845,0.09908560401137215,2.361833299909319,1.8193596402804058,1.298167359338204
2022-03-30,2.637662887573242,2.7247390747070312,2.53055191040039,2.688533067703247,122115550,IMMUTABLE,-0.01872223925712413,-0.018899719082776573,0.060708669748289215,0.098209255576448,2.4141134193965366,1.8553513050079347,1.3011624337021244
2022-03-31,2.345392942428589,2.819567918777466,2.317819118499756,2.6374659538269043,162817650,IMMUTABLE,-0.11080640612627857,-0.11744030128858084,0.07685233485205484,0.1012561041798455,2.4409512792314803,1.880742903550466,1.297865473597403
2022-04-01,2.4921250343322754,2.547482967376709,2.2256669998168945,2.347153902053833,163066987,IMMUTABLE,0.0625618374001542,0.0606828200289135,0.07835089623804506,0.1001241230143192,2.4753709861210416,1.9149705052375794,1.2926418340912966
2022-04-02,2.412317991256714,2.756776094436645,2.40987491607666,2.492270946502685,204525175,IMMUTABLE,-0.0320236914184141,-0.032547666610867776,0.07919200804924666,0.10046693217181445,2.5057004179273332,1.9467705051104227,1.2871062158326707
2022-04-03,2.612766981124878,2.665299892425537,2.370163917541504,2.4120090007781982,159710040,IMMUTABLE,0.08309393313596214,0.07982169845522483,0.08197446967896255,0.0986140391644735,2.547272273472377,1.9898704051971436,1.2801196835831175
2022-04-04,2.490277051925659,2.61355209350586,2.339181900024414,2.6125528812408447,96770368,IMMUTABLE,-0.046881306325481376,-0.04801583568088576,0.06751997041159563,0.09900583090293125,2.5255044187818254,2.030175006389618,1.2439836028092384
2022-04-05,2.3352649211883545,2.547189950942993,2.3328299522399902,2.491168975830078,78622714,IMMUTABLE,-0.06224694180811663,-0.06426862882376956,0.06936844944637019,0.09737202958358873,2.4751154014042447,2.0696506023406984,1.1959097823589067
2022-04-06,2.0199010372161865,2.3355579376220703,2.001504898071289,2.333923101425171,130108660,IMMUTABLE,-0.13504415756465338,-0.14507682256100465,0.08388130782878822,0.08380414235152617,2.3868637084960938,2.083753569920858,1.1454635245504334
2022-04-07,2.149817943572998,2.170921087265014,1.9785929918289185,2.0227389335632324,101210753,IMMUTABLE,0.0643184512325723,0.062334642410473026,0.08306534250146344,0.08338211416499779,2.3589244229452953,2.1052573998769124,1.1204921655105993
2022-04-08,2.107922077178955,2.180222988128662,1.9998149871826167,2.1512269973754883,123981630,IMMUTABLE,-0.019488099687367977,-0.01968049643557223,0.07657481107689017,0.08313114922524804,2.3040382862091064,2.122434933980306,1.0855636841070226
2022-04-09,2.1581709384918213,2.2907159328460693,2.0636589527130127,2.1068150997161865,173970897,IMMUTABLE,0.02383810191888802,0.02355841052278926,0.0784348601078964,0.08243895634789056,2.2677315643855502,2.1438034335772196,1.0578075997394687
2022-04-10,2.052155017852783,2.19256591796875,2.046719074249268,2.1581358909606934,71878164,IMMUTABLE,-0.04912304152938152,-0.05037060601582038,0.06647719350132485,0.08066931371216547,2.1876441410609653,2.1553056677182516,1.0150041239287184
2022-04-11,1.7325570583343506,2.086777925491333,1.721796989440918,2.047637939453125,116844167,IMMUTABLE,-0.15573772777303896,-0.16929208357459935,0.08406319932134625,0.0850440532374557,2.0793984276907787,2.15063720146815,0.9668755038140605
2022-04-12,1.8393950462341309,1.87469494342804,1.713044047355652,1.7333329916000366,90340258,IMMUTABLE,0.0616649174039281,0.059838352697449006,0.0935538668004956,0.08366395603503324,2.0085598741258894,2.1555544694264728,0.9318065966852166
2022-04-13,1.8564200401306152,1.8682520389556885,1.7352169752120972,1.838966965675354,113542156,IMMUTABLE,0.0092557571748062,0.009213185143665805,0.08028372401811111,0.08350418128464737,1.9852054459708077,2.1624361713727316,0.9180411760827065
2022-04-14,1.8001420497894287,1.9294589757919312,1.76665997505188,1.8565809726715088,83280004,IMMUTABLE,-0.030315332265658412,-0.030784345146186966,0.07331522204038515,0.08206035085787916,1.9352517468588692,2.171959972381592,0.8910163039224116
2022-04-15,1.787389039993286,1.828778982162476,1.7382739782333374,1.8000550270080566,43948622,IMMUTABLE,-0.007084446362238261,-0.007109660207025891,0.07363079634809876,0.08052519152041633,1.8894613129752023,2.1763067722320555,0.8681962198910681
2022-04-16,1.853026032447815,1.853026032447815,1.7593050003051758,1.7871860265731812,56581979,IMMUTABLE,0.03672227533339667,0.03606407788506732,0.07510171432980137,0.08020140406632185,1.8458691835403442,2.1853527069091796,0.8446550425038809
2022-04-17,1.7280919551849363,1.863863945007324,1.712838053703308,1.8531630039215088,53278037,IMMUTABLE,-0.06742165251604315,-0.06980211224399231,0.07667732176527714,0.08112922156762159,1.7995744603020805,2.1883182406425474,0.8223550061775651
2022-04-18,1.7524629831314087,1.7641849517822266,1.6078530550003052,1.7283719778060913,79625711,IMMUTABLE,0.01410285365506736,0.014004333609832253,0.04284500153042694,0.068056959319267,1.8024181638445174,2.1775250752766926,0.8277370416115593
2022-04-19,1.973708987236023,1.988548994064331,1.748805046081543,1.7525399923324585,112537381,IMMUTABLE,0.12624860338520727,0.11889228988211213,0.05898865499403405,0.07117624879699971,1.8216058697019304,2.1707967718442283,0.8391415969143725
2022-04-20,2.017030954360962,2.122966051101685,1.9070980548858645,1.973989963531494,144426865,IMMUTABLE,0.021949521132599736,0.0217120983235152,0.0591474132444888,0.07123948286130033,1.8445502860205514,2.166992803414663,0.8512027742380966
2022-04-21,1.8846189975738523,2.1238629817962646,1.852545976638794,2.0162739753723145,116398639,IMMUTABLE,-0.06564696317665608,-0.06790092842025289,0.06498268909699421,0.07022236997353895,1.8566184214183263,2.15238170226415,0.8625879041181673
2022-04-22,1.8360999822616575,1.941696047782898,1.7904579639434814,1.8840229511260984,69236547,IMMUTABLE,-0.025744734280326864,-0.02608192988218644,0.06603457372764707,0.07025415572330235,1.863577127456665,2.137861633300781,0.8717014695564601
2022-04-23,1.8144439458847048,1.88517701625824,1.772631049156189,1.8363360166549685,71366551,IMMUTABLE,-0.011794584492222149,-0.011864692411674477,0.06460595461078646,0.06975977392179127,1.858065400804792,2.126425500710805,0.873797553774488
2022-04-24,1.7255159616470337,1.8395700454711916,1.7224140167236328,1.813889980316162,52737259,IMMUTABLE,-0.04901114991144617,-0.05025294091288737,0.06158940303734973,0.06960191268355417,1.8576974017279488,2.1089031298955283,0.8808832304307767
2022-04-25,1.80098295211792,1.8037049770355225,1.6055339574813845,1.7260090112686155,86894945,IMMUTABLE,0.043735898217279745,0.04280648640162661,0.06362594888036026,0.07017570124457559,1.864628825868879,2.0956021626790364,0.8897818770549086
2022-04-26,1.666260004043579,1.8573110103607176,1.626039981842041,1.8005659580230713,87826173,IMMUTABLE,-0.07480523228490832,-0.07775100394230154,0.04511047129173896,0.07037452700548569,1.8207075425556727,2.073752029736837,0.877977461358639
2022-04-27,1.7194329500198364,1.7356959581375122,1.6477359533309937,1.6684709787368774,72443594,IMMUTABLE,0.031911553927490566,0.03141295982797799,0.04687035040716844,0.06574870418380506,1.778193541935512,2.042978060245514,0.870392872315926
2022-04-28,1.68048894405365,1.751695990562439,1.6458419561386108,1.7194039821624756,67816043,IMMUTABLE,-0.022649330970269776,-0.02290976704890528,0.042540444842232544,0.06549610805637647,1.7490321057183402,2.0093947569529216,0.8704273262714194
2022-04-29,1.5433330535888672,1.7061959505081177,1.5289390087127686,1.6804280281066897,65631943,IMMUTABLE,-0.08161665743181701,-0.08514039102885651,0.049990084714040664,0.06671442962219018,1.7072082587650843,1.972917095820109,0.8653218436709963
2022-04-30,1.3569639921188354,1.5906749963760376,1.2987769842147827,1.5433199405670166,61843621,IMMUTABLE,-0.12075751312177829,-0.1286945525855408,0.06280605463216381,0.06732252953139835,1.6418539796556746,1.9399694641431173,0.8463298057018026
2022-05-01,1.5173399448394775,1.5584650039672852,1.3220399618148804,1.3570289611816406,100893933,IMMUTABLE,0.11818733116876778,0.11170891988137947,0.08496855892749408,0.06997745907058014,1.6121145486831665,1.9074766278266906,0.8451555972772002
2022-05-02,1.5434199571609497,1.6008189916610718,1.4322329759597778,1.5174000263214111,101578165,IMMUTABLE,0.017187982436085658,0.017041940139063072,0.08239611189685231,0.07017169900475402,1.575319835117885,1.8785133600234984,0.8385992182127356
2022-05-03,1.5777859687805176,1.641440987586975,1.507912039756775,1.540030002593994,110574407,IMMUTABLE,0.022266144389361475,0.022021873133124478,0.07974107892257336,0.0682488364600055,1.562680687223162,1.8440139929453532,0.847434289111423
2022-05-04,1.8212690353393557,1.8586070537567136,1.5690970420837402,1.5778119564056396,130143553,IMMUTABLE,0.15431945230634048,0.14351095153376267,0.09807542688670293,0.07394932407428452,1.5772286994116647,1.8217137257258098,0.8657939373999408
2022-05-05,1.576406955718994,1.839856028556824,1.5077300071716309,1.8203129768371584,140193531,IMMUTABLE,-0.13444585883201865,-0.1443853515355353,0.11396197179377995,0.07733007325037826,1.5623598439352853,1.7964184602101645,0.8697081880089917
2022-05-06,1.5158799886703491,1.5828540325164795,1.4482029676437378,1.575026035308838,80141459,IMMUTABLE,-0.03839552142869007,-0.039152057795951954,0.1101105109654467,0.07341542906772587,1.5584379775183541,1.77961775859197,0.8757150067727956
2022-05-07,1.425994038581848,1.5183210372924805,1.3869620561599731,1.5158319473266602,61662194,IMMUTABLE,-0.05929621788024553,-0.06112697947467734,0.0996782011162398,0.07270276650419297,1.568299412727356,1.7554902950922648,0.8933683183050177
2022-05-08,1.3607410192489624,1.4553279876708984,1.3486039638519287,1.4260430335998535,69035237,IMMUTABLE,-0.04575967189721197,-0.046839723009119184,0.08942984063655307,0.07294869307931179,1.5459281376429967,1.7305842598279317,0.8932983926461373
2022-05-09,1.1612590551376345,1.4032829999923706,1.1590509414672852,1.3614130020141602,101448834,IMMUTABLE,-0.14659803834048346,-0.15852460959071465,0.10243561332874446,0.07712079583051482,1.4913337230682373,1.6973538637161254,0.8786227521249841
2022-05-10,1.1912740468978882,1.328624963760376,1.1100419759750366,1.1596519947052002,140681062,IMMUTABLE,0.02584693882683764,0.025518553189789447,0.10280000185137778,0.07735686283248458,1.4361177342278617,1.6686578313509624,0.8606424320468182
2022-05-11,0.8506829738616943,1.2467759847640991,0.7560409903526306,1.1908600330352783,209642338,IMMUTABLE,-0.2859048880676136,-0.33673911552487873,0.11881300381444827,0.09308245988574711,1.2974625825881958,1.639262028535207,0.7914918786641861
2022-05-12,0.7795929908752441,0.9285079836845398,0.6836850047111511,0.8512009978294373,107544774,IMMUTABLE,-0.08356812722339513,-0.08726754858793033,0.11791573379493865,0.0924016240504318,1.1836320161819458,1.6039352933565776,0.7379549668147415
2022-05-13,0.8273119926452637,0.96465402841568,0.7580479979515076,0.7789899706840515,73933141,IMMUTABLE,0.06121014725446128,0.059409905292328875,0.1315689503825135,0.09355748102796604,1.0852651596069336,1.5696316917737325,0.6914138936507775
2022-05-14,0.8580189943313599,0.8953179717063904,0.7522460222244263,0.8263869881629944,55494304,IMMUTABLE,0.03711659199803563,0.03644435494091999,0.13962794063574058,0.0942647245993249,1.0041258675711495,1.5382275899251303,0.6527810800871301
2022-05-15,0.959643006324768,0.9641280174255372,0.8111079931259155,0.8586249947547913,48194741,IMMUTABLE,0.11844028240027726,0.11193510973171786,0.15639420320901468,0.09748149474185432,0.9468261514391217,1.5106360554695129,0.6267731714803032
2022-05-16,0.8725410103797913,0.9582039713859558,0.820813000202179,0.9582039713859558,47379283,IMMUTABLE,-0.09076499841181473,-0.0951516906173958,0.15079134049730583,0.0977885258956477,0.9055807164737156,1.4779532214005788,0.6127262374485332
2022-05-17,0.9191840291023254,0.9355570077896118,0.8616330027580261,0.8733569979667664,47185502,IMMUTABLE,0.053456534612891016,0.05207669533113102,0.153056219740049,0.09839740659977536,0.8667107139314923,1.4509896238644917,0.5973238537868654
2022-05-18,0.799248993396759,0.9403550028800964,0.7985770106315613,0.918595016002655,49510540,IMMUTABLE,-0.13047989511164038,-0.13981382309932663,0.09640270574239675,0.10049343728047527,0.8593630024365017,1.4192158242066701,0.6055196029940537
2022-05-19,0.8963249921798706,0.902741014957428,0.786827027797699,0.7995049953460693,50799080,IMMUTABLE,0.12145901913563195,0.11463053319200951,0.09921341688128014,0.10028409859988549,0.8760390026228768,1.383303024371465,0.633295082269429
2022-05-20,0.8612509965896606,0.9187470078468324,0.8133100271224976,0.8960310220718384,50079721,IMMUTABLE,-0.039130891023031356,-0.03991708222590466,0.09972797503309956,0.09989688890003454,0.8808874317577907,1.3447770257790883,0.6550434866683226
2022-05-21,0.9391630291938782,1.0131189823150637,0.8431640267372131,0.8613929748535156,82094341,IMMUTABLE,0.09046379384491843,0.08660310468234095,0.1040114886775229,0.1017538605040468,0.8924794367381504,1.3132618268330891,0.6795898719529151
2022-05-22,0.9985139966011048,1.0613689422607422,0.9398189783096312,0.9398189783096312,111990692,IMMUTABLE,0.06319559603849623,0.06127908623233796,0.09753397286599363,0.10291249591456263,0.8980324353490557,1.2853422939777375,0.6986718164932725
2022-05-23,0.9382410049438475,1.0513759851455688,0.9272149801254272,0.998399019241333,87901952,IMMUTABLE,-0.06036269082098378,-0.062261319472913086,0.0925312635887214,0.10318095424523067,0.9074181488582066,1.256135529279709,0.7223887293264738
2022-05-24,0.9547269940376282,1.0029699802398682,0.915345013141632,0.9383320212364196,79862452,IMMUTABLE,0.017571166690553364,0.017418578582155408,0.09083952503447018,0.1032813009027509,0.9124957152775356,1.2304425636927288,0.741599601804256
2022-05-25,0.9332280158996582,0.9775210022926332,0.9192630052566528,0.9549779891967772,56120269,IMMUTABLE,-0.022518456346404148,-0.02277586847365977,0.06739961660299265,0.1026038709881926,0.9316355756350926,1.20151739915212,0.7753825090610622
2022-05-26,0.8379729986190796,0.9662010073661804,0.799796998500824,0.9336320161819458,61491993,IMMUTABLE,-0.10207046472854775,-0.10766368227606636,0.06890973948755676,0.10330811811266627,0.9232995765549796,1.1739078323046366,0.7865179455718782
2022-05-27,0.8487849831581116,0.9159340262413024,0.800544023513794,0.837863028049469,73775754,IMMUTABLE,0.012902545257245102,0.012820016549045857,0.06792065961462003,0.10302636328602414,0.9215187174933297,1.1448862334092458,0.8048998150228678
2022-05-28,0.9154390096664428,0.9264199733734132,0.8486400246620178,0.8877900242805481,51242666,IMMUTABLE,0.07852875325424424,0.07559784690360091,0.06561387742421444,0.10460455749233773,0.9181295718465533,1.1193845689296722,0.8202092447320817
2022-05-29,1.0200079679489136,1.0338799953460691,0.8913509845733643,0.9152190089225768,60955751,IMMUTABLE,0.11422820873732742,0.10816197576509355,0.07505963162405262,0.10640744971317737,0.9212001391819545,1.1019403994083405,0.8359800037067069
2022-05-30,1.1568249464035034,1.1843990087509155,0.994193971157074,1.018923044204712,131152536,IMMUTABLE,0.13413324479190947,0.12586869821949623,0.08120882986845862,0.10707757325185431,0.9524264165333339,1.0952690978844961,0.8695821130833858
2022-05-31,1.1021720170974731,1.1902430057525637,1.0488009452819824,1.1562429666519165,108416141,IMMUTABLE,-0.047243906241772216,-0.04839634328091988,0.08653262774841525,0.10501366963782127,0.9734899912561689,1.0814301669597626,0.9001875673516236
2022-06-01,0.9627919793128968,1.123839020729065,0.9416710138320924,1.1016889810562134,108317746,IMMUTABLE,-0.12645942341344152,-0.1352006976116456,0.10447908752574575,0.10728304590007254,0.9777134146009173,1.0620759010314942,0.9205683074546334
2022-06-02,0.9925910234451294,1.0087100267410278,0.909439980983734,0.9616680145263672,81704422,IMMUTABLE,0.030950656811140842,0.03048134434649303,0.0920829755899533,0.1073967532554872,0.9998017038617816,1.0425694028536479,0.9589785592452593
2022-06-03,0.9688199758529664,0.9923880100250244,0.9120550155639648,0.9923880100250244,65291919,IMMUTABLE,-0.02394848132885319,-0.024239908438435303,0.09389324657583312,0.10311676330101822,1.0169495599610465,1.0141544342041016,1.002756114515378
2022-06-04,0.9624750018119812,0.9841520190238952,0.9267839789390564,0.969103991985321,55109979,IMMUTABLE,-0.006549177555302821,-0.006570717516154076,0.0907052015829648,0.1004680803328168,1.023668987410409,0.9936900357405345,1.030169318994462
2022-06-05,0.974938988685608,1.014894962310791,0.9378719925880432,0.9623540043830872,55136991,IMMUTABLE,0.012949933089339227,0.012866799651576052,0.07947539857247263,0.10051157928378515,1.0172305618013655,0.9756586690743764,1.0426090538061115
2022-06-06,1.0371780395507812,1.068917989730835,0.9752359986305236,0.9752359986305236,74165090,IMMUTABLE,0.06383891872975833,0.061883987287221366,0.06386668424851602,0.10106042745376871,1.0001381465366908,0.9626981357733408,1.038890706621421
2022-06-07,0.9695429801940918,1.0373539924621582,0.934149980545044,1.0373539924621582,82712091,IMMUTABLE,-0.06521065504431944,-0.06743407458983906,0.06587013474634869,0.10138442459785467,0.9811911412647792,0.9496582011381786,1.0332045151495644
2022-06-08,0.9564340114593506,0.9970769882202148,0.9406449794769288,0.9696009755134584,58744119,IMMUTABLE,-0.013520771128802345,-0.013613009117518086,0.04139532885824345,0.09750599323349746,0.980282860142844,0.9428306996822358,1.039723102433163
2022-06-09,0.9860129952430724,0.997426986694336,0.9452509880065918,0.9564610123634338,69594336,IMMUTABLE,0.030926319463053575,0.030457737362789887,0.041392342592204055,0.09756601705180697,0.9793431418282645,0.9359886646270752,1.0463194468476422
2022-06-10,0.8910599946975708,0.996077001094818,0.8853499889373779,0.9858490228652954,69437913,IMMUTABLE,-0.09629994838160705,-0.10125777495528096,0.05620173610943757,0.07746745780732044,0.9682345730917794,0.9373345653216044,1.0329658255583192
2022-06-11,0.7931740283966064,0.9184849858283995,0.7904930114746094,0.8908699750900269,58594075,IMMUTABLE,-0.10985339582458442,-0.116369106028824,0.06843908248207252,0.07878886764595265,0.9440487197467259,0.9377872665723165,1.006676837485004
2022-06-12,0.740447998046875,0.820510983467102,0.7320060133934021,0.7935630083084106,65715409,IMMUTABLE,-0.06647473122174286,-0.06878724750944937,0.06733448788432098,0.07896416020124614,0.9105500067983355,0.9348918000857035,0.9739629834328032
2022-06-13,0.6953269839286804,0.7484599947929382,0.6473510265350342,0.7402560114860535,98412488,IMMUTABLE,-0.06093745170114995,-0.06287319038545965,0.05049244479310153,0.07930439048827789,0.8617141417094639,0.9294687330722808,0.9271039584743643
2022-06-14,0.7161970138549805,0.7355520129203796,0.6366050243377686,0.6953139901161194,107682455,IMMUTABLE,0.03001469870819906,0.02957307273020502,0.05966979399147689,0.07641785690836975,0.8255218608038766,0.9213538666566213,0.8959878399376595
2022-06-15,0.7816190123558044,0.7931560277938843,0.6404979825019836,0.7161030173301697,105984663,IMMUTABLE,0.09134637150842817,0.08741213722391089,0.07756995457111573,0.07665154354810425,0.80054828950337,0.918323133389155,0.8717501066850768
2022-06-16,0.6863700151443481,0.7963250279426575,0.6730769872665405,0.7818679809570312,66326799,IMMUTABLE,-0.12186115704168354,-0.1299505623612867,0.08076252468363385,0.07924724254150485,0.7577421494892665,0.9105626662572225,0.8321691384557753
2022-06-17,0.7614849805831909,0.7924759984016418,0.6830989718437195,0.6864550113677979,75931015,IMMUTABLE,0.10943800542196702,0.10385358568874827,0.09564433181644341,0.07793160006120532,0.7392314331872123,0.9093038658301036,0.8129641376949034
2022-06-18,0.7120720148086548,0.7790899872779846,0.6417189836502075,0.7612419724464417,74609499,IMMUTABLE,-0.06489026971575029,-0.06709139798665052,0.08917404697012477,0.07561258962750765,0.7276454312460763,0.9031620999177297,0.8056642670372888
2022-06-19,0.7764660120010376,0.7889930009841919,0.6784160137176514,0.7119519710540771,66939632,IMMUTABLE,0.0904318606169161,0.08657382017444688,0.09292936147846621,0.07726120983043033,0.7327908618109567,0.9003359337647756,0.813908269490894
2022-06-20,0.8048400282859802,0.8219460248947144,0.7364190220832825,0.7766429781913757,65587798,IMMUTABLE,0.036542509068516305,0.0358906641786432,0.08795503842564649,0.07576312744176097,0.7484355824334281,0.895858500401179,0.8354395053440553
2022-06-21,0.7925180196762085,0.8537269830703735,0.784483015537262,0.8050900101661682,60256925,IMMUTABLE,-0.015309885414140245,-0.01542829178978055,0.08885498926926799,0.07473146603831045,0.7593385832650321,0.8889919678370158,0.8541568548842571
2022-06-22,0.7638440132141113,0.8152220249176025,0.7489010095596313,0.7933850288391113,53153564,IMMUTABLE,-0.03618088895166349,-0.036851646119685624,0.08414037589922815,0.07423411644818172,0.7567992976733616,0.8831787347793579,0.8569038948412075
2022-06-23,0.8398209810256958,0.8497409820556641,0.76453697681427,0.76453697681427,48269841,IMMUTABLE,0.09946660116099859,0.09482515416294737,0.0693323997648583,0.07641996121454303,0.7787208642278399,0.8793485343456269,0.885565658908308
2022-06-24,0.8766980171203613,0.8989949822425842,0.8247079849243164,0.8396130204200745,47004251,IMMUTABLE,0.04391059157586974,0.04297384554011279,0.061756591335052645,0.0768128751187192,0.7951798694474357,0.8774642010529836,0.9062248562313947
2022-06-25,0.8860589861869812,0.9056180119514464,0.8367599844932556,0.8767449855804443,33729719,IMMUTABLE,0.0106775296439785,0.010620927382727434,0.04916598140322551,0.07419778464372896,0.8200351510729108,0.879067067305247,0.9328470847926351
2022-06-26,0.8173779845237732,0.9079279899597168,0.8161960244178772,0.8855230212211609,34474105,IMMUTABLE,-0.07751290008215606,-0.0806818869941249,0.05768950974088115,0.07567070958986334,0.8258797185761588,0.878020167350769,0.9406158870679104
2022-06-27,0.8368819952011108,0.8621219992637634,0.8060529828071594,0.8176289796829224,62300428,IMMUTABLE,0.023861678497129057,0.023581437900598804,0.05685561529809497,0.07443482281898853,0.8304571424211774,0.8754016002019246,0.9486584697007864
2022-06-28,0.8594670295715332,0.9038320183753968,0.8215759992599487,0.8367609977722168,59442634,IMMUTABLE,0.02698711945044896,0.02662938894999945,0.05648694186684666,0.07167373185924127,0.8400212866919381,0.8700502355893452,0.9654859596962623
2022-06-29,0.9413149952888488,0.978531002998352,0.84238600730896,0.8601040244102478,147031821,IMMUTABLE,0.09523107100236161,0.0909653647525342,0.05883000380879802,0.06972093742040623,0.8653742841311863,0.8628665705521902,1.0029062588175033
2022-06-30,1.0052000284194946,1.034309983253479,0.8805059790611267,0.9408360123634338,143333236,IMMUTABLE,0.0678678587405721,0.06566400511209111,0.054321433120686644,0.07048423168298906,0.8889998623303005,0.8596341709295908,1.0341606841535327
2022-07-01,0.8929340243339539,1.0375009775161743,0.8903610110282898,1.0052540302276611,86002995,IMMUTABLE,-0.11168523767558969,-0.11842913671976905,0.0757753207320141,0.06945914436839433,0.8913192919322422,0.8573055724302928,1.0396751410416325
2022-07-02,0.8899819850921631,0.9080510139465332,0.8591529726982117,0.8944780230522156,41443334,IMMUTABLE,-0.003305999280285854,-0.0033114761703008978,0.07571313503647746,0.06917910342356834,0.8918797203472683,0.8538852711518605,1.0444959650658392
2022-07-03,0.8963350057601929,0.9155070185661316,0.8704590201377869,0.8899549841880798,33403644,IMMUTABLE,0.007138369960794089,0.007113012400862051,0.06673823417867855,0.06909389760801339,0.9031592948096139,0.8514691054821014,1.0607070638202962
2022-07-04,0.9574009776115416,0.9610580205917358,0.8837140202522278,0.8963289856910706,37841998,IMMUTABLE,0.06812851384684904,0.06590806461604524,0.06969056464505599,0.07020815820967308,0.9203762922968183,0.8512999713420868,1.0811421629039075
2022-07-05,0.9915140271186828,1.0178170204162598,0.9291239976882936,0.957381010055542,62205059,IMMUTABLE,0.03563089061413338,0.03501079716236499,0.06991073530511945,0.07046594636184556,0.9392401490892682,0.8518524726231893,1.1025854584855261
2022-07-06,1.0136710405349731,1.024582028388977,0.9762049913406372,0.9919949769973756,49558809,IMMUTABLE,0.022346646452070962,0.022100618666862387,0.06281372106709075,0.06964164486602917,0.9495767269815717,0.851068905989329,1.1157459992945362
2022-07-07,1.0091760158538818,1.0340310335159302,0.970417022705078,1.0138590335845947,42715331,IMMUTABLE,-0.004434401794411569,-0.004444262916966646,0.05796926300736186,0.06850250744549888,0.9501447251864842,0.8523900071779887,1.1146830877712097
2022-07-08,0.9685720205307008,1.0314359664916992,0.962306022644043,1.008841037750244,40450657,IMMUTABLE,-0.040234800159043904,-0.04106660793468117,0.033865832605871976,0.06889136102931563,0.9609501532145909,0.8527946074803671,1.1268248471384872
2022-07-09,0.972445011138916,0.991303026676178,0.959181010723114,0.9687690138816832,26970834,IMMUTABLE,0.003998660425987843,0.003990687031583457,0.033439173784598805,0.06866252367917526,0.9727305855069842,0.8523423413435618,1.1412440029362525
2022-07-10,0.912397027015686,0.9769039750099182,0.8955739736557007,0.9723269939422609,34357996,IMMUTABLE,-0.06174949065027591,-0.06373829809507948,0.04434282262084021,0.06708689438129854,0.9750251599720546,0.8530535757541656,1.1429823257115552
2022-07-11,0.8586940169334412,0.9149699807167052,0.8535130023956299,0.9124109745025636,31825366,IMMUTABLE,-0.058859255885455264,-0.060662581915206494,0.039764920281054446,0.06445146511958612,0.9609241655894688,0.8552375753720601,1.123575709558167
2022-07-12,0.8262379765510559,0.8824549913406372,0.8262379765510559,0.858680009841919,31008682,IMMUTABLE,-0.037796979765029604,-0.03852981083689355,0.03338516552490513,0.06352517583190685,0.937313301222665,0.8580972413221996,1.0923159475240887
2022-07-13,0.8823310136795044,0.8823779821395874,0.8099349737167358,0.8260650038719177,38861700,IMMUTABLE,0.06788968641044102,0.0656844453253721,0.04566687521921824,0.06321799562597857,0.9185504402433123,0.8643307089805603,1.062730307623458
2022-07-14,0.9158750176429749,0.9160789847373962,0.8467550277709961,0.8823009729385376,33330725,IMMUTABLE,0.03801748260393234,0.03731262718753877,0.05048387357050051,0.06332502544043826,0.9052217262131828,0.8709866424401601,1.039306095070654
2022-07-15,0.90378999710083,0.9349960088729858,0.8951150178909302,0.91599702835083,47309452,IMMUTABLE,-0.013195054247953975,-0.013282882430246893,0.04906034204195208,0.061627403559944664,0.895967151437487,0.8750590085983276,1.0238934090543792
2022-07-16,0.9249759912490844,0.9484840035438538,0.8833630084991455,0.9039160013198853,44719564,IMMUTABLE,0.0234412797400001,0.0231707524557834,0.05047980842007821,0.05617885536055233,0.8891858628817967,0.8830125411351522,1.0069912050611518
2022-07-17,0.9116309881210328,0.9469850063323976,0.9102720022201538,0.925240993499756,34238308,IMMUTABLE,-0.014427404877861205,-0.014532491863259495,0.04433881847351451,0.053446398171277804,0.8890764287539891,0.8880174080530803,1.00119256750071
2022-07-18,1.0335789918899536,1.0521550178527832,0.911074995994568,0.9117940068244934,72319667,IMMUTABLE,0.13376904181402227,0.1255475177319867,0.05622728479461047,0.0558790945995746,0.9140599966049194,0.8987343072891235,1.017052525080547
2022-07-19,1.0398770570755005,1.058974027633667,0.9729089736938475,1.0324640274047852,71440765,IMMUTABLE,0.0060934531709382345,0.006074963159161458,0.04979086153345054,0.05409991127325881,0.9445798652512687,0.9075146754582722,1.040842523868035
2022-07-20,0.9778820276260376,1.1147489547729492,0.9729340076446532,1.03985595703125,81323875,IMMUTABLE,-0.059617652901983176,-0.061468734187418585,0.05828650999733343,0.05538189022243267,0.9582300101007734,0.9132827421029409,1.0492150633377086
2022-07-21,0.9840940237045288,0.9950900077819824,0.935127019882202,0.9781489968299866,45297101,IMMUTABLE,0.006352500509260617,0.006332408423000142,0.0574525688293333,0.05522718665062563,0.9679755823952811,0.9196686089038849,1.052526500332518
2022-07-22,0.9304270148277284,1.0221940279006958,0.9293180108070374,0.9841039776802064,45681776,IMMUTABLE,-0.05453443226367338,-0.056077808536346495,0.062436444249582376,0.05586408477130187,0.9717808706419808,0.9252213756243388,1.0503225457650325
2022-07-23,0.9269180297851562,0.9655719995498656,0.8978520035743713,0.9294220209121704,57831262,IMMUTABLE,-0.0037713705499209382,-0.0037785000989257623,0.06189662301545429,0.05333637447397944,0.9720583047185626,0.9281246105829875,1.0473359866063447
2022-07-24,0.919730007648468,0.9395020008087158,0.9097830057144164,0.9268760085105896,53340936,IMMUTABLE,-0.00775475490357469,-0.007784979372343575,0.06167930053736705,0.05283682824003808,0.9732153075081962,0.9295590102672577,1.0469645248539807
2022-07-25,0.8259469866752625,0.9229050278663636,0.8259469866752625,0.919664978981018,46052963,IMMUTABLE,-0.1019679908161163,-0.10754956634428706,0.043699297632508065,0.056423982384206,0.943553592477526,0.9275552769502003,1.0172478297788656
2022-07-26,0.8149009943008423,0.8275700211524963,0.7862110137939453,0.8262400031089783,27908718,IMMUTABLE,-0.013373730460455202,-0.013463964204574729,0.04142404081541973,0.05450790138143196,0.9114141549382891,0.927472710609436,0.9826856839156002
2022-07-27,0.8875160217285156,0.8875160217285156,0.7908290028572083,0.8149809837341309,44970309,IMMUTABLE,0.08910901807154459,0.08535994736229742,0.05909188945925692,0.056561759013736286,0.8985047255243573,0.9291605114936828,0.9670070073037818
2022-07-28,0.9478129744529724,0.9613280296325684,0.8744469881057739,0.887408971786499,73676099,IMMUTABLE,0.06793900194277414,0.06573062462112816,0.06629862360794223,0.05759102014617219,0.8933217184884208,0.9321053763230641,0.9583913376965641
2022-07-29,1.0588170289993286,1.0877389907836914,0.9331520199775696,0.9494190216064452,138630634,IMMUTABLE,0.11711598969239878,0.11075035506522785,0.07450785685796397,0.058731968816015584,0.9116631490843636,0.9360221107800801,0.9739760830271245
2022-07-30,1.1866650581359863,1.2872439622879028,1.0593969821929932,1.0593969821929932,195999962,IMMUTABLE,0.12074610214522608,0.11399462614883711,0.08160663698490053,0.06109913493898891,0.9487698674201965,0.9420709451039632,1.0071108469601449
2022-07-31,1.085988998413086,1.1950459480285645,1.0763850212097168,1.1870009899139404,106242496,IMMUTABLE,-0.08483949117120071,-0.08865580960578795,0.09356889892127668,0.059229377446068286,0.972521151815142,0.948506110906601,1.0253188046259258
2022-08-01,1.0828980207443235,1.1447429656982422,1.048388957977295,1.0856579542160034,54614023,IMMUTABLE,-0.002846232948288785,-0.0028502911715484625,0.07575767032161343,0.05922679631784441,1.0092284423964364,0.9549366454283397,1.0568538208560883
2022-08-02,1.04448401927948,1.089565992355347,0.9843599796295166,1.082139015197754,66426929,IMMUTABLE,-0.03547333241817163,-0.03611779789278926,0.07878074455609842,0.059736096767301475,1.0420260173933846,0.9598749458789826,1.085585181556306
2022-08-03,1.0828830003738403,1.145272970199585,1.024517059326172,1.0451099872589111,78683038,IMMUTABLE,0.03676358889707987,0.036103927265669675,0.07572112549817013,0.058932333566275676,1.0699355857712882,0.9640576799710592,1.1098252812045515
2022-08-04,1.1264359951019287,1.2176430225372314,1.0823160409927368,1.0829989910125732,87507574,IMMUTABLE,0.040219483280329094,0.03943173250283324,0.07419863157723455,0.059017745305885966,1.0954531601497106,0.9685550789038341,1.1310179297077187
2022-08-05,1.1898349523544312,1.192574977874756,1.1252809762954712,1.1258970499038696,65893268,IMMUTABLE,0.05628278706307288,0.05475594021394401,0.06592864213931086,0.059655972706973544,1.1141700063432967,0.974427209297816,1.143410195971622
2022-08-06,1.1316970586776731,1.2199870347976685,1.1258989572525024,1.189437985420227,51791326,IMMUTABLE,-0.048862149797932464,-0.05009627404753534,0.05356821823338525,0.06049061080110438,1.106317434992109,0.978511244058609,1.1306128996570273
2022-08-07,1.1389139890670776,1.1613529920578003,1.1080609560012815,1.131850004196167,53839314,IMMUTABLE,0.0063770868131769465,0.006356839229872973,0.039572233894759785,0.059893876786679866,1.1138781479426794,0.9841893096764882,1.1317722484801436
2022-08-08,1.209138035774231,1.2373169660568235,1.1384199857711792,1.1390880346298218,75900448,IMMUTABLE,0.06165877966313871,0.05983257143969929,0.04388256103631803,0.06071072288313109,1.1319124358040946,0.9920790771643321,1.1409498112181233
2022-08-09,1.1089839935302734,1.271996021270752,1.09096097946167,1.2091749906539917,83777862,IMMUTABLE,-0.08283094177897332,-0.08646346360773803,0.0561983752872069,0.06175986704663211,1.1411267178399223,0.9986319760481517,1.1426899450542927
2022-08-10,1.1305880546569824,1.1748820543289185,1.068639039993286,1.1084890365600586,80114511,IMMUTABLE,0.01948094945711154,0.019293624695068793,0.05517506037761078,0.06047320753396185,1.147941725594657,1.0076951106389365,1.139175642984708
2022-08-11,1.126526951789856,1.1760029792785645,1.110427975654602,1.1306450366973877,64768797,IMMUTABLE,-0.0035920270432705514,-0.003598493863049108,0.0532123394083728,0.059856261922709236,1.147954719407218,1.0177047431468964,1.1279840515015869
2022-08-12,1.1451599597930908,1.148056983947754,1.1057230234146118,1.1264779567718506,34318846,IMMUTABLE,0.016540223892229422,0.016404924274558592,0.04839248795875012,0.05895427776698555,1.1415725776127406,1.0264657080173492,1.112139030750208
2022-08-13,1.1337310075759888,1.1686049699783323,1.13018798828125,1.1451530456542969,23954166,IMMUTABLE,-0.009980223390946286,-0.01003035968024499,0.044442357231969716,0.05879514004636758,1.1418631417410714,1.0337275743484498,1.1046074130902221
2022-08-14,1.095276951789856,1.1674820184707642,1.0765689611434937,1.133815050125122,31333187,IMMUTABLE,-0.033918147716847535,-0.03450671514690177,0.04615817045130244,0.05917547808612477,1.1356292792728968,1.0401104728380839,1.091835251090374
2022-08-15,1.0421390533447266,1.1254379749298096,1.0192919969558716,1.0953359603881836,41031222,IMMUTABLE,-0.048515490404772654,-0.04973187236244973,0.0381638708546238,0.05995502698953325,1.1117722817829676,1.0440159082412719,1.0648997520122434
2022-08-16,1.0215779542922974,1.050516963005066,1.013674020767212,1.0413219928741455,26422325,IMMUTABLE,-0.019729707841231625,-0.019926937020369587,0.02534153450428281,0.06002050297598302,1.099285704748971,1.0476808071136474,1.0492563166996394
2022-08-17,0.9611669778823853,1.060670018196106,0.9486430287361144,1.021631956100464,33963546,IMMUTABLE,-0.05913496484148595,-0.06095557672004663,0.02706223271560427,0.056532293658640216,1.0750826937811715,1.045267073313395,1.0285244041728625
2022-08-18,0.9007819890975952,0.9834010004997252,0.8990169763565063,0.9625030159950256,30348814,IMMUTABLE,-0.06282466020402455,-0.06488488533235022,0.029473109940040137,0.05763822868273022,1.0428334133965629,1.040630571047465,1.0021168341680378
2022-08-19,0.8787990212440491,0.9065799713134766,0.8302819728851318,0.9007449746131896,59375618,IMMUTABLE,-0.024404315494328088,-0.024707036076075762,0.02115423173208936,0.05677593596278118,1.0047818507466997,1.0373278041680654,0.9686251990059521
2022-08-20,0.8614659905433655,0.9009469747543336,0.8296440243721008,0.8787339925765991,37715530,IMMUTABLE,-0.01972354347430494,-0.019920648604211347,0.019231693724013527,0.056820491623991366,0.9658868483134678,1.0332402030626933,0.9348134591070121
2022-08-21,0.8759840130805969,0.8970509767532349,0.859591007232666,0.8608570098876953,29638340,IMMUTABLE,0.01685269377619214,0.016712262697651546,0.028728478620879683,0.05608868216112235,0.9345592856407166,1.0314254363377888,0.9060851640027336
2022-08-22,0.8491060137748718,0.8768759965896606,0.8202270269393921,0.8760899901390076,26975047,IMMUTABLE,-0.030683207574990434,-0.03116379335321999,0.02764620026215727,0.05634074075764497,0.9069831371307373,1.0288317024707794,0.8815660860299911
2022-08-23,0.8690469861030579,0.8855699896812439,0.8349130153656006,0.8493319749832153,34486095,IMMUTABLE,0.023484667408648408,0.023213145458534912,0.03412394230793374,0.056532414988099286,0.8851929988179889,1.0271422684192657,0.8618017445434004
2022-08-24,0.8586339950561523,0.8822770118713379,0.8437860012054443,0.8689910173416138,32305207,IMMUTABLE,-0.011982080616376067,-0.012054444370783695,0.029816366465900395,0.05295306660473997,0.8705454298428127,1.0282318353652955,0.8466431400983979
2022-08-25,0.8677110075950623,0.8850619792938232,0.8536630272865295,0.8587740063667297,25603943,IMMUTABLE,0.010571457211307145,0.010515970068256483,0.02180453153535596,0.05290358259024325,0.8658210039138794,1.0299921691417695,0.8406093073846531
2022-08-26,0.7735350131988525,0.8789669871330261,0.7674440145492554,0.8673539757728577,47491847,IMMUTABLE,-0.10853382470878958,-0.11488778374342123,0.047109504852359665,0.0546396948001505,0.8507832884788513,1.0261928021907807,0.8290676826640626
2022-08-27,0.7900490164756775,0.7980700135231018,0.7712219953536987,0.7736709713935852,25897908,IMMUTABLE,0.021348746979834132,0.02112405478679488,0.0493638860153184,0.053249580007774695,0.8405808636120388,1.0209340035915375,0.8233449573184598
2022-08-28,0.775285005569458,0.8098710179328918,0.7751790285110474,0.7897660136222839,17675900,IMMUTABLE,-0.018687461914806414,-0.018864278835933286,0.047673973442758796,0.04848997112155367,0.8261952911104474,1.011482936143875,0.8168158468991987
2022-08-29,0.8689050078392029,0.8697059750556946,0.7670180201530457,0.7753810286521912,43198382,IMMUTABLE,0.12075559516461909,0.11400309638056119,0.06796671016904283,0.048490720360452946,0.8290237188339233,1.0008909344673156,0.8282857704922048
2022-08-30,0.8334239721298218,0.8756930232048035,0.8075950145721436,0.8688510060310364,21251275,IMMUTABLE,-0.04083419405950428,-0.041691324423338984,0.06921199052543381,0.04659797380089574,0.8239347168377468,0.9924721002578736,0.8301842607199378
2022-08-31,0.8313199877738953,0.8663709759712219,0.8270530104637146,0.8336049914360046,16240651,IMMUTABLE,-0.0025245066452189713,-0.002527698585300819,0.06916626990080112,0.04659943691648405,0.8200327157974243,0.9840861658255259,0.8332936121599869
2022-09-01,0.8282489776611328,0.8479729890823364,0.7963799834251404,0.8313890099525452,16998371,IMMUTABLE,-0.0036941372250485216,-0.0037009774008621007,0.06885583821721704,0.046319449902616695,0.8143952829497201,0.9768783311049144,0.83367115127693
2022-09-02,0.8274890184402466,0.8473680019378662,0.8076099753379822,0.828374981880188,23230416,IMMUTABLE,-0.0009175492410896657,-0.0009179704470657706,0.04984717152229187,0.04559884897677214,0.8221029979842049,0.9683651983737945,0.8489596686919231
2022-09-03,0.8242520093917847,0.8294259905815125,0.8101500272750854,0.8274070024490356,10750338,IMMUTABLE,-0.003911845325226704,-0.003919516604591809,0.049783579241063906,0.04469006659674194,0.8269891398293632,0.9582923988501231,0.862982051012495
2022-09-04,0.8437389731407166,0.84477299451828,0.8195719718933105,0.8242059946060181,10255815,IMMUTABLE,0.023641997261627967,0.023366853439584202,0.04880987169011179,0.04346231596664961,0.8367682780538287,0.9467558662096659,0.8838268744019806
2022-09-05,0.847350001335144,0.8550810217857361,0.8206989765167236,0.8437790274620056,13113623,IMMUTABLE,0.004279793051381597,0.004270660783971585,0.019358727433975348,0.04292580418557541,0.8336889914103917,0.937277630964915,0.8894792363198936
2022-09-06,0.7766129970550537,0.8627780079841614,0.7732980251312256,0.8474010229110718,24676566,IMMUTABLE,-0.0834802669128839,-0.08717168101532509,0.03532559045633085,0.045066539166824536,0.8255731378282819,0.9252009312311809,0.8923176684762708
2022-09-07,0.8269569873809814,0.8435620069503784,0.7638339996337891,0.776265025138855,23162360,IMMUTABLE,0.0648250679770157,0.06281053024934692,0.044970842231209264,0.04523491981775823,0.8249498520578656,0.9124615629514058,0.9040927153024629
2022-09-08,0.8188620209693909,0.8347060084342957,0.7979829907417297,0.8269379734992981,21279979,IMMUTABLE,-0.00978886028550019,-0.009837086153946281,0.04509753637942022,0.04303390897811382,0.8236088582447597,0.9027908305327098,0.9122920065091632
2022-09-09,0.8791790008544922,0.8805410265922546,0.8184130191802979,0.8187209963798523,27059527,IMMUTABLE,0.07365951569434914,0.07107292133062777,0.05283197883536036,0.04523588393830486,0.8309931414467948,0.8944105287392934,0.9290958846583707
2022-09-10,0.8717520236968994,0.8878509998321533,0.8629270195960999,0.8792529702186584,21997261,IMMUTABLE,-0.008447628014743636,-0.008483511453818699,0.05304078985247313,0.04522685693461936,0.8377788577760968,0.8859180311361948,0.9456618200914602
2022-09-11,0.8653650283813477,0.8815789818763733,0.8492460250854492,0.8718230128288269,19506124,IMMUTABLE,-0.00732661943067936,-0.007353590927498631,0.05282830030598561,0.04498223073601946,0.8408682942390442,0.8765915334224701,0.9592475653467106
2022-09-12,0.8642269968986511,0.9109020233154296,0.8392660021781921,0.8654059767723083,36005877,IMMUTABLE,-0.0013150883677668368,-0.0013159538553526742,0.052858942575590796,0.04500573857571983,0.8432792936052594,0.8676080663998922,0.9719587982905875
2022-09-13,0.8126659989356995,0.8871859908103943,0.7988550066947937,0.8643940091133118,31197352,IMMUTABLE,-0.059661406260140604,-0.06151526247049904,0.046027218226738734,0.04579577675557487,0.8484297224453518,0.8581877013047536,0.9886295517349337
2022-09-14,0.8246989846229553,0.8287050127983093,0.7993460297584534,0.8057810068130493,18459800,IMMUTABLE,0.01480680341372076,0.014698252912200603,0.03931709459463623,0.04537455556902708,0.8481071506227765,0.8509396990140279,0.9966712701328503
2022-09-15,0.7969179749488831,0.8246939778327942,0.7813130021095276,0.8245760202407837,19451010,IMMUTABLE,-0.03368624212235871,-0.03426669639051177,0.04132815661870009,0.04558176282091594,0.8449722869055611,0.8434510330359141,1.0018036066233407
2022-09-16,0.7947649955749512,0.8110659718513489,0.7765820026397705,0.7968930006027222,15896884,IMMUTABLE,-0.0027016323406057197,-0.0027052883355116147,0.025343816750910915,0.044488001968561744,0.8329131432941982,0.837904300292333,0.994043285138418
2022-09-17,0.8097990155220032,0.8113510012626648,0.7946230173110962,0.79476398229599,9700716,IMMUTABLE,0.018916308633064594,0.018739619987450946,0.028320538678234766,0.04329693822762564,0.8240627135549273,0.8348715345064799,0.9870533123902206
2022-09-18,0.7485920190811157,0.8271459937095642,0.7481610178947449,0.8099319934844971,21607422,IMMUTABLE,-0.0755829474569476,-0.07859195360466242,0.03809962718917801,0.04527734129686972,0.8073808550834656,0.8305313011010488,0.9721257392865359
2022-09-19,0.7751460075378418,0.7788349986076355,0.7186729907989502,0.7486860156059265,22980697,IMMUTABLE,0.035471909638204124,0.03485727414436498,0.04327050981578879,0.04577112784905916,0.7946549994604928,0.827653968334198,0.9601295104763147
2022-09-20,0.7592779994010925,0.778069019317627,0.7500270009040833,0.775193989276886,14629624,IMMUTABLE,-0.020470992538750288,-0.02068342747631997,0.03853271885302815,0.04571031418317289,0.7870281423841204,0.8237637678782145,0.9554051453504507
2022-09-21,0.7478709816932678,0.7905369997024536,0.7305480241775513,0.7592970132827759,19149995,IMMUTABLE,-0.015023506168784562,-0.015137502225546816,0.03700293143875721,0.0454842583127544,0.776052713394165,0.8203892668088277,0.9459566876257118
2022-09-22,0.785735011100769,0.7899960279464722,0.7435960173606873,0.7474820017814636,14851489,IMMUTABLE,0.05062909289751105,0.04938912085192802,0.04246158843994624,0.04627312203132981,0.7744551471301487,0.8176122009754181,0.9472157414067663
2022-09-23,0.7699509859085083,0.805118978023529,0.7439789772033691,0.7857009768486023,15762954,IMMUTABLE,-0.02008822945301658,-0.020292741424566583,0.04302556114449227,0.046350883341919294,0.7709102886063712,0.8146561006704967,0.9463014982295956
2022-09-24,0.7387920022010803,0.7796469926834106,0.7368999719619751,0.7700520157814026,11406907,IMMUTABLE,-0.040468788634203445,-0.04131043528198671,0.04359512518132239,0.046769243131313934,0.7607664295605251,0.8103588004906972,0.9388019592060426
2022-09-25,0.7309359908103943,0.7549800276756287,0.721780002117157,0.7390300035476685,10327367,IMMUTABLE,-0.010633590194913611,-0.010690530830454422,0.03281898109252978,0.04197863647672579,0.7582441398075649,0.8089388330777486,0.9373318584826655
2022-09-26,0.7394430041313171,0.7403429746627808,0.7127580046653748,0.7311069965362549,14472283,IMMUTABLE,0.01163852023689671,0.011571313614699529,0.02928343679112872,0.041834042032291574,0.7531437107494899,0.8072519659996032,0.9329722843311851
2022-09-27,0.7435920238494873,0.7801100015640259,0.7341579794883728,0.739516019821167,16847598,IMMUTABLE,0.0056110067915839945,0.005595323730801006,0.028879093130642478,0.04173643661669802,0.7509028570992606,0.8061955332756042,0.9314153032432625
2022-09-28,0.743910014629364,0.7516239881515503,0.7147930264472961,0.7433819770812988,12900069,IMMUTABLE,0.0004276414615511648,0.00042755004900161495,0.028382145946151828,0.03560968564575294,0.7503370046615601,0.802029033501943,0.9355484319380843
2022-09-29,0.7588589787483215,0.7602750062942505,0.7299289703369141,0.7438899874687195,30354024,IMMUTABLE,0.02009512417493875,0.019895881942867972,0.02089985981062874,0.03520500438017004,0.7464975714683533,0.7995435337225596,0.9336546916873532
2022-09-30,0.7573009729385376,0.7717810273170471,0.7481139898300171,0.7587130069732666,28155049,IMMUTABLE,-0.0020530900383542994,-0.002055200516870139,0.01977831364043289,0.03520538614228506,0.7446904267583575,0.7970762332280477,0.9342775455020972
2022-10-01,0.7585020065307617,0.7685059905052185,0.7546020150184631,0.7572810053825378,20223455,IMMUTABLE,0.0015859395869568527,0.0015846833128446167,0.009859203244773502,0.03521554344895569,0.7475061416625977,0.7947513341903687,0.9405534907646291
2022-10-02,0.7439820170402527,0.7726650238037109,0.7420780062675476,0.7585409879684448,24073591,IMMUTABLE,-0.019142980988172464,-0.01932858028215817,0.012226002893765025,0.03533942968615031,0.7493698596954346,0.7919677674770356,0.9462125738812518
2022-10-03,0.7689599990844727,0.7781779766082764,0.7399460077285767,0.7438910007476807,24311426,IMMUTABLE,0.03357336800100175,0.03302208746134397,0.01672949428786305,0.03596405149468401,0.7535865732601711,0.7901247004667918,0.9537565055426888
2022-10-04,0.7955179810523987,0.8022590279579163,0.7634149789810181,0.7687879800796509,24829555,IMMUTABLE,0.034537533811311416,0.03395449962484832,0.01986963209555349,0.036275359966419445,0.7610045671463013,0.7885173340638478,0.9651082281530177
2022-10-05,0.7887449860572815,0.7981539964675903,0.7780129909515381,0.7957040071487427,23234757,IMMUTABLE,-0.008513943312955852,-0.008550393968325829,0.02083016146582429,0.036274927612124724,0.7674095630645752,0.7865638335545858,0.9756481677991092
2022-10-06,0.7600409984588623,0.7965189814567566,0.7575219869613647,0.7887889742851257,41730344,IMMUTABLE,-0.03639197472671429,-0.03707067984803456,0.026047053163893604,0.033265540310803,0.7675784230232239,0.7860114336013794,0.9765486737340469
2022-10-07,0.739637017250061,0.764523983001709,0.7322700023651123,0.7600809931755066,24005386,IMMUTABLE,-0.026845895484815308,-0.02721282854035076,0.028070685278786776,0.031341870146632936,0.7650550007820129,0.7831007679303487,0.9769560088722314
2022-10-08,0.7278130054473877,0.7455000281333923,0.7228530049324036,0.7397279739379883,15642007,IMMUTABLE,-0.015986235852059605,-0.016115394072490182,0.028345674589711566,0.031405022618331974,0.7606708577701023,0.780065800746282,0.9751367859511023
2022-10-09,0.7332310080528259,0.74344801902771,0.7250059843063354,0.7277500033378601,11425131,IMMUTABLE,0.00744422339926154,0.0074166519158915395,0.028034779394797527,0.0281439322354545,0.7591349993433271,0.7752008676528931,0.9792752188755809
2022-10-10,0.6914259791374207,0.7400839924812317,0.6914049983024597,0.7333269715309143,18700726,IMMUTABLE,-0.05701481314384538,-0.05870470500211853,0.030243525663139967,0.029741865101363105,0.7480587107794625,0.7691899995009105,0.9725278686213302
2022-10-11,0.6856799721717834,0.6965159773826599,0.671218991279602,0.6910240054130554,20334153,IMMUTABLE,-0.008310371809872596,-0.008345095461137986,0.02185046840000026,0.02974198908554537,0.7323675666536603,0.7632004976272583,0.9596004836612979
2022-10-12,0.6659740209579468,0.6918630003929138,0.6635850071907043,0.6857190132141113,12075606,IMMUTABLE,-0.028739283650682013,-0.029160343796857814,0.021237767403101918,0.029967630502513335,0.7148288573537555,0.7565920650959015,0.9448008911686744
2022-10-13,0.6509079933166504,0.6672059893608093,0.6035940051078796,0.6658869981765747,28884635,IMMUTABLE,-0.022622545575614494,-0.022882361299394062,0.02046435285279598,0.02840870161039581,0.6992384280477252,0.7512001315752665,0.9308284153004903
2022-10-14,0.6296079754829407,0.6768479943275452,0.624222993850708,0.650771975517273,15532209,IMMUTABLE,-0.03272354626523655,-0.0332709363469551,0.020839137675998574,0.02847200708857215,0.683519993509565,0.744697097937266,0.9178496806323602
2022-10-15,0.6145690083503723,0.6348350048065186,0.6124590039253235,0.6296650171279907,9942005,IMMUTABLE,-0.02388623987971683,-0.02417614186105208,0.020616247697144378,0.028221697886613592,0.6673422796385629,0.738618799050649,0.9035002635951072
2022-10-16,0.6319620013237,0.6422619819641113,0.6145690083503723,0.6145690083503723,11674043,IMMUTABLE,0.028301122798258138,0.027908045149969023,0.026470758223102023,0.02898754141476112,0.6528752786772591,0.7331920325756073,0.8904560465336674
2022-10-17,0.6460130214691162,0.6505690217018127,0.625573992729187,0.6321439743041992,12266410,IMMUTABLE,0.022233963618042196,0.021990392800894706,0.024960331815552662,0.029095429469558443,0.6463877132960728,0.7277324994405111,0.8882215838828456
2022-10-18,0.6165940165519714,0.650704026222229,0.6074470281600952,0.6461380124092102,16853363,IMMUTABLE,-0.04553933734995341,-0.04660884918518895,0.02854522351908222,0.02690543850018547,0.6365182910646711,0.7233325660228729,0.8799801377179296
2022-10-19,0.5770429968833923,0.61838698387146,0.575452983379364,0.6166080236434937,13223205,IMMUTABLE,-0.06414434556103976,-0.06629402973994489,0.03442339325345715,0.027869078699490447,0.6238138590540204,0.7167291323343913,0.8703620808913609
2022-10-20,0.5689070224761963,0.5967609882354736,0.5662710070610046,0.5770230293273926,13974741,IMMUTABLE,-0.014099424914847614,-0.014199766091490663,0.034478630057315204,0.02780714309169986,0.6120994346482413,0.7103834331035614,0.8616465504749573
2022-10-21,0.5593349933624268,0.568809986114502,0.5317559838294983,0.568809986114502,16499173,IMMUTABLE,-0.016825296112722987,-0.016968449410277586,0.03391864606405155,0.027821672222294286,0.6020604372024536,0.7040989001592001,0.8550793603942926
2022-10-22,0.5501390099525452,0.5614759922027588,0.5449240207672119,0.5593680143356323,9492270,IMMUTABLE,-0.01644092273683828,-0.01657757456543338,0.033768492827308094,0.02550207542521401,0.5928561517170498,0.6962457001209259,0.8515042198667523
2022-10-23,0.5655419826507568,0.566690981388092,0.5371630191802979,0.5502210259437561,13622232,IMMUTABLE,0.02799832845800254,0.0276135410180352,0.03370505389510313,0.026439873289738815,0.583367577620915,0.6894320666790008,0.8461567220553009
2022-10-24,0.5392060279846191,0.5728639960289001,0.5384460091590881,0.565464973449707,13448504,IMMUTABLE,-0.04656763860871693,-0.04768679364578154,0.030828627034685294,0.026722007344283896,0.5681094356945583,0.6827792008717855,0.832054396163775
2022-10-25,0.5643460154533386,0.5771039724349976,0.5306990146636963,0.5390710234642029,21434173,IMMUTABLE,0.046624084605813465,0.04556982692682592,0.0390564472571742,0.028615092003945294,0.5606454355376107,0.677226201693217,0.8278554995891648
2022-10-26,0.5646950006484985,0.5812540054321289,0.5605430006980896,0.5641829967498779,16743268,IMMUTABLE,0.0006183886934676419,0.0006181975699678862,0.031120903608476164,0.028417754743441007,0.558881436075483,0.6714012682437897,0.8324104563242349
2022-10-27,0.5931789875030518,0.6321820020675659,0.5641189813613892,0.5646560192108154,38339592,IMMUTABLE,0.050441365377490666,0.04921042382653263,0.03616762426560882,0.030246336735222517,0.5623488596507481,0.6663875003655751,0.8438766623657373
2022-10-28,0.6463019847869873,0.6529639959335327,0.5715090036392212,0.5930290222167969,39196597,IMMUTABLE,0.08955643811247138,0.0857706759080195,0.045061017069941894,0.03470558223882456,0.5747727155685425,0.6631338993708292,0.8667521236870526
2022-10-29,0.627377986907959,0.6748390197753906,0.6204659938812256,0.6460670232772827,34089744,IMMUTABLE,-0.029280426680517557,-0.029717654338803835,0.047097761575434424,0.03467577324282701,0.5858068551336016,0.6587511996428171,0.8892687488861245
2022-10-30,0.6130579710006714,0.655476987361908,0.6038820147514343,0.6273679733276367,28399684,IMMUTABLE,-0.022825180682325197,-0.0230897081277792,0.04935549817764507,0.034798543126486926,0.5925948534693036,0.6539430995782216,0.906187180278397
2022-10-31,0.5961430072784424,0.6194729804992676,0.5727009773254395,0.6129069924354553,25124677,IMMUTABLE,-0.02759113252311085,-0.027978917415881016,0.045852714563028626,0.034963991074860576,0.6007287076541356,0.6485311329364777,0.9262912405362901
2022-11-01,0.5860440135002136,0.603268027305603,0.5792419910430908,0.5960050225257874,20188410,IMMUTABLE,-0.016940555629987974,-0.017085688262526353,0.04484479732324538,0.034941386447042026,0.603828421660832,0.6432665328184763,0.9386908705092335
2022-11-02,0.5751379728317261,0.6006060242652893,0.5640599727630615,0.5858989953994751,19502325,IMMUTABLE,-0.018609593165793137,-0.01878493035453858,0.04577880583340772,0.034116893912825665,0.6053202748298645,0.6368057986100515,0.950557102575212
2022-11-03,0.5916410088539124,0.6296849846839905,0.5743200182914734,0.575177013874054,32666456,IMMUTABLE,0.02869404699698852,0.028290082219651114,0.042817174359657824,0.033881939129869316,0.6051005635942731,0.6300098995367686,0.9604619928023184
2022-11-04,0.6646829843521118,0.6997029781341553,0.5852339863777161,0.5914390087127686,60526413,IMMUTABLE,0.12345657992790504,0.11641016474725431,0.053359154048637725,0.04098610663180117,0.6077264206750053,0.6258744994799296,0.9710036455870874
2022-11-05,0.6619529724121094,0.7227569818496704,0.6541560292243958,0.6646519899368286,57846489,IMMUTABLE,-0.004107239096339255,-0.0041156969697862065,0.05150764665909195,0.040555814439712394,0.6126657043184552,0.6226048986117045,0.9840361129258509
2022-11-06,0.6000919938087463,0.6706740260124207,0.5989750027656555,0.6616770029067993,38536759,IMMUTABLE,-0.09345222573432377,-0.09811154828328938,0.06500872350209948,0.04385049960229961,0.610813421862466,0.6179533978303273,0.9884457695468134
2022-11-07,0.5876619815826416,0.6118990182876587,0.5743460059165955,0.6001359820365906,32294471,IMMUTABLE,-0.020713511185530442,-0.02093104512941738,0.06461171591286624,0.04389392786368739,0.6096018467630658,0.6132816970348358,0.9939997389624348
2022-11-08,0.5192919969558716,0.6168460249900818,0.4635120034217834,0.5872210264205933,58528061,IMMUTABLE,-0.1163423647768429,-0.12368558183235939,0.07957645512916149,0.04866293999151473,0.6000658443995884,0.6061503966649373,0.9899619759405812
2022-11-09,0.4040290117263794,0.527292013168335,0.396569013595581,0.5193420052528381,32259093,IMMUTABLE,-0.22196179780387992,-0.2509796529294164,0.11895921338457012,0.06501043396198612,0.5756217070988247,0.5965704977512359,0.9648846352084499
2022-11-10,0.4963400065898895,0.5105230212211609,0.3988580107688904,0.403995007276535,43280823,IMMUTABLE,0.22847615439563018,0.20577450244934628,0.15267465625080914,0.07678427725324784,0.5620072782039642,0.5902591655651729,0.9521364698603918
2022-11-11,0.4433490037918091,0.497869998216629,0.4326399862766266,0.4960899949073791,23736945,IMMUTABLE,-0.10676351310496979,-0.11290391021428436,0.141441139004421,0.078967042088334,0.5303881381239209,0.582838331659635,0.9100090184762525
2022-11-12,0.4091919958591461,0.4451960027217865,0.3959560096263885,0.4435720145702362,15377728,IMMUTABLE,-0.07704315931812189,-0.08017280539717701,0.13953378325111743,0.07988755343204577,0.4942794271877834,0.5747811317443847,0.8599437244707576
2022-11-13,0.4159010052680969,0.4245949983596802,0.3974759876728058,0.4092200100421905,12569502,IMMUTABLE,0.01639574937154986,0.016262790412181375,0.14218913951269435,0.08001879127211452,0.46796642882483347,0.5676575660705566,0.824381558171054
2022-11-14,0.4280700087547302,0.4363560080528259,0.3919169902801513,0.4163750112056732,15207963,IMMUTABLE,0.02925937502552789,0.028839490225400916,0.14523536035073017,0.08036688987877491,0.4451675755637033,0.561440932750702,0.7929018879736227
2022-11-15,0.4246219992637634,0.4387010037899017,0.4190079867839813,0.4280079901218414,10315134,IMMUTABLE,-0.008054779406287182,-0.008087394397702239,0.14135274453396882,0.08001763120504256,0.4316432901791164,0.554529599348704,0.778395401590974
2022-11-16,0.4101029932498932,0.4313969910144806,0.4009560048580169,0.4246020019054413,7473211,IMMUTABLE,-0.03419277861025616,-0.03479102846385268,0.10316517965375285,0.07982653298362302,0.43251100182533264,0.5466659317413965,0.7911797255182429
2022-11-17,0.4039500057697296,0.4145419895648956,0.4019410014152527,0.4101980030536651,7118948,IMMUTABLE,-0.015003517607622752,-0.015117208991676357,0.051177784522099735,0.0796052943905337,0.4193124302795955,0.5395777980486552,0.7771120898524905
2022-11-18,0.4055260121822357,0.4164600074291229,0.4010689854621887,0.4039880037307739,7081854,IMMUTABLE,0.0039014887733521686,0.003893897703936579,0.036302964444815594,0.07904779441932973,0.41390914576394217,0.5338605652252834,0.7753132048426858
2022-11-19,0.4217959940433502,0.4299069941043854,0.3998669981956482,0.4055089950561523,8087822,IMMUTABLE,0.04012068615170139,0.039336750797289426,0.02592170830128333,0.07959319057414199,0.4157097169331142,0.5289568642775218,0.785904758984295
2022-11-20,0.3937349915504455,0.4251120090484619,0.3920739889144897,0.4218220114707947,8597088,IMMUTABLE,-0.0665274276882315,-0.06884369799411824,0.036989956968385175,0.08031066980212935,0.41254314354487825,0.5234368642171224,0.7881430822834723
2022-11-21,0.4138410091400146,0.4552029967308044,0.3780660033226013,0.3936760127544403,20056720,IMMUTABLE,0.051064848238140614,0.04980379145485908,0.04107617613803184,0.08108247431129662,0.4105104293142046,0.5188935975233714,0.7911264106428195
2022-11-22,0.4293720126152038,0.4365079998970032,0.3895379900932312,0.4138050079345703,12432294,IMMUTABLE,0.03752891359767241,0.03684184126227312,0.043895715455601184,0.08124543126146806,0.4111890026501247,0.5143545985221862,0.7994270952987085
2022-11-23,0.4520080089569092,0.4526369869709015,0.4271120131015777,0.4293990135192871,12724377,IMMUTABLE,0.0527188444440867,0.05137619317323361,0.04407482977019043,0.08163868001639024,0.4171754334654127,0.5114479978879293,0.8156751716463382
2022-11-24,0.4323840141296386,0.4563420116901397,0.4297640025615692,0.4519270062446594,9126491,IMMUTABLE,-0.04341514848941841,-0.044385783622793565,0.04845673131588284,0.08133524452862782,0.4212374346596854,0.5070492645104726,0.8307623423265712
2022-11-25,0.4199540019035339,0.4352650046348572,0.4111630022525787,0.4326339960098266,9481985,IMMUTABLE,-0.02874762206721626,-0.02916892898123453,0.05067939944854293,0.08139710653787055,0.42329857604844223,0.5022245645523071,0.8428472160173586
2022-11-26,0.4264819920063019,0.4466480016708374,0.4198780059814453,0.4199180006980896,8891726,IMMUTABLE,0.015544536004368226,0.015424957309406302,0.04874785863046736,0.08078288868578488,0.4239680043288639,0.4966679980357488,0.8536245661198164
2022-11-27,0.4416620135307312,0.453480988740921,0.4265440106391907,0.4265440106391907,6585862,IMMUTABLE,0.035593581461711654,0.03497477098275118,0.03845869475344149,0.07920156234486118,0.430814721754619,0.48984666566054025,0.8794889338966535
2022-11-28,0.4206109941005707,0.4481950104236603,0.4082030057907104,0.4418019950389862,8283501,IMMUTABLE,-0.047663187653098404,-0.04883651227924238,0.042083870983420694,0.07941991278623739,0.4317818624632698,0.48295443256696063,0.8940426536066716
2022-11-29,0.4392270147800445,0.4483239948749542,0.4162029922008514,0.4205630123615265,7673755,IMMUTABLE,0.04425947238797723,0.04330799535039352,0.04302833033813003,0.08006108600791027,0.43318971991538996,0.4771600673596064,0.9078499010038099
2022-11-30,0.4705300033092499,0.4764209985733032,0.4392290115356445,0.4392290115356445,13698679,IMMUTABLE,0.07126835890292682,0.06884332861537194,0.04663989302863379,0.08129977742421904,0.4358357191085815,0.47297296722730003,0.921481245880864
2022-12-01,0.4708380103111267,0.4783689975738525,0.4658730030059814,0.4706250131130218,9588170,IMMUTABLE,0.0006545958806252195,0.0006543817261930636,0.04138317753468752,0.0812950824123027,0.4413291471345084,0.4691327671209971,0.9407340055201948
2022-12-02,0.4835860133171081,0.4838379919528961,0.4644599854946136,0.4709050059318542,9737049,IMMUTABLE,0.02707513566620845,0.02671508860744081,0.03726426146440423,0.08149753009446994,0.4504194344793047,0.4660810351371765,0.9663972582508913
2022-12-03,0.4745239913463592,0.4835729897022247,0.4706859886646271,0.4835729897022247,5537096,IMMUTABLE,-0.018739214371790713,-0.018917018222911575,0.0401403975157815,0.08127245843997583,0.4572825772421701,0.4621771345535914,0.9894097804813541
2022-12-04,0.5042949914932251,0.5102689862251282,0.4730280041694641,0.4745360016822815,14126217,IMMUTABLE,0.0627386616689225,0.06084921933974391,0.043324644956784855,0.07895491764117132,0.46623014552252634,0.4568308681249619,1.020574961223928
2022-12-05,0.4856429994106293,0.5151190161705017,0.4803630113601684,0.5041999816894531,16647491,IMMUTABLE,-0.0369862727118645,-0.03768761257311102,0.040532511615791085,0.07911804435236991,0.47552043199539185,0.4509538690249125,1.0544768870119665
2022-12-06,0.4845550060272217,0.4933350086212158,0.4752379953861236,0.4855670034885406,8755297,IMMUTABLE,-0.0022403151795207243,-0.0022428284399377825,0.039919463367248574,0.07736669944466337,0.48199585931641714,0.4471026360988617,1.0780429825286022
2022-12-07,0.4413410127162933,0.488970011472702,0.4400160014629364,0.4845600128173828,11385259,IMMUTABLE,-0.0891828435851526,-0.09341310832651738,0.04888778238774336,0.0789286005341646,0.4778260035174234,0.44222527046998344,1.080503615294541
2022-12-08,0.4459080100059509,0.4500010013580322,0.4340510070323944,0.44131800532341,11411958,IMMUTABLE,0.01034800111041001,0.010294827062395807,0.04934363813063084,0.07598299292755695,0.47426457490239826,0.4397791375716527,1.0784153553103162
2022-12-09,0.4374389946460724,0.4462989866733551,0.435012012720108,0.4459620118141174,9387765,IMMUTABLE,-0.018992741035904537,-0.019175419888497677,0.04699048080177437,0.06027787950243999,0.4676721436636789,0.4408928036689758,1.0607388911133353
2022-12-10,0.4390619993209839,0.443895012140274,0.4374519884586334,0.4374519884586334,4856620,IMMUTABLE,0.0037102423304182786,0.0037033763590476063,0.04739827610038338,0.0465162369966936,0.46260614480291096,0.4389835367600123,1.0538120591429216
2022-12-11,0.4308899939060211,0.4465450048446655,0.4306389987468719,0.4390560090541839,6202223,IMMUTABLE,-0.018612417899068645,-0.01878780865589659,0.03525296934338278,0.04186548555473241,0.4521197165761675,0.43856823643048604,1.030899365298265
2022-12-12,0.4252940118312835,0.4308249950408935,0.4167180061340332,0.4308249950408935,6204306,IMMUTABLE,-0.012987031850078434,-0.01307210067861663,0.03470577763916857,0.03919424501125588,0.443498432636261,0.439104970296224,1.0100054944426458
2022-12-13,0.4411810040473938,0.4411810040473938,0.4092729985713959,0.4253210127353668,8963148,IMMUTABLE,0.03735531602644038,0.036674508965696226,0.04046812666656617,0.0396378470660307,0.43730214663914274,0.4399476369222005,0.9939868064718674
2022-12-14,0.4522460103034973,0.4563950002193451,0.4408890008926391,0.4411810040473938,7105387,IMMUTABLE,0.025080423124733686,0.024771071097528366,0.02192704552591913,0.039549598421088655,0.43886000343731474,0.44075350364049276,0.9957039474728203
2022-12-15,0.4568749964237213,0.4743860065937042,0.4471789896488189,0.4522790014743805,12916292,IMMUTABLE,0.010235548826881935,0.01018352032266939,0.02192132538897134,0.03953226626116498,0.4404267157827105,0.4418286035458247,0.9968270778490491
2022-12-16,0.4123469889163971,0.4703220129013061,0.4081819951534271,0.4568929970264435,10199039,IMMUTABLE,-0.09746212389795006,-0.10254462167562137,0.04585630558900947,0.04347169211773786,0.436842143535614,0.4419034034013748,0.9885466827664061
2022-12-17,0.4221560060977936,0.4235869944095611,0.3954100012779236,0.4123069941997528,6592894,IMMUTABLE,0.023788259512149024,0.023509727415668088,0.04731814566089846,0.043574843624150594,0.4344270016465868,0.442510270078977,0.9817331506657518
2022-12-18,0.420412003993988,0.4240890145301819,0.4149500131607055,0.4221520125865936,3383605,IMMUTABLE,-0.0041311791816639465,-0.004139736077223098,0.04696076059671802,0.04358411478490343,0.43293014594486784,0.44300646980603536,0.9772546801278561
2022-12-19,0.4302189946174621,0.4473640024662018,0.4104700088500976,0.4204080104827881,13289661,IMMUTABLE,0.023327094684038485,0.02305917651245058,0.04771505997216656,0.043192556465695475,0.4336337149143219,0.4432872364918391,0.9782228749604549
2022-12-20,0.4579200148582458,0.4704450070858001,0.4226790070533752,0.4303910136222839,15339300,IMMUTABLE,0.06438818505773924,0.06240015996371693,0.05168808766833177,0.04255198409060592,0.436025002173015,0.44542673726876575,0.978892746417964
2022-12-21,0.4428429901599884,0.4626930058002472,0.4423330128192901,0.4579789936542511,7337585,IMMUTABLE,-0.0329250179268199,-0.033479245611323837,0.05271345109504116,0.04224607028997563,0.43468171358108515,0.4463934699694316,0.9737636027938571
2022-12-22,0.437730997800827,0.4446550011634826,0.4257090091705322,0.4428679943084717,6497827,IMMUTABLE,-0.011543577459167897,-0.011610721773326711,0.05244785139264671,0.04180216389140864,0.4319468566349574,0.4466721028089523,0.9670334321722951
2022-12-23,0.4305180013179779,0.4433450102806091,0.4301899969577789,0.4377230107784271,5200043,IMMUTABLE,-0.01647814872395925,-0.016615423528925755,0.03230434342285213,0.040787534348291646,0.43454271554946894,0.44595576922098795,0.9744076555137839
2022-12-24,0.4272460043430328,0.433555006980896,0.4250530004501343,0.4305570125579834,3940874,IMMUTABLE,-0.007600139750087775,-0.007629167984823251,0.0316545627976262,0.040003232667641386,0.43526985815593167,0.4457845022281011,0.9764131682020896
2022-12-25,0.4244770109653473,0.428272008895874,0.4178340137004852,0.4272519946098327,3810753,IMMUTABLE,-0.006481028141956058,-0.00650212119066499,0.03173982903767715,0.039653624989213127,0.43585057343755446,0.4459352691968282,0.9773852923150994
2022-12-26,0.4263530075550079,0.4301010072231293,0.4203320145606994,0.4244250059127807,7911434,IMMUTABLE,0.004419548152664765,0.004409810629487937,0.030369417213167264,0.03956018056864782,0.4352982895714896,0.4459309697151184,0.9761562195368008
2022-12-27,0.4134089946746826,0.4282259941101074,0.4087829887866974,0.4263109862804413,4716331,IMMUTABLE,-0.03035984888333465,-0.030830254544397456,0.013591574399512479,0.03937740833355369,0.42893957240240915,0.4449892024199168,0.963932540542046
2022-12-28,0.3912549912929535,0.4142189919948578,0.3891060054302215,0.4134399890899658,5154281,IMMUTABLE,-0.0535885858002737,-0.05507790574009072,0.019678349488060833,0.039647843672792886,0.42156985827854704,0.44401066899299624,0.9494588479926748
2022-12-29,0.3903320133686065,0.3958010077476501,0.3827399909496307,0.391279011964798,5556172,IMMUTABLE,-0.0023590189132076667,-0.002361805782037643,0.02045021732521868,0.03869722778212303,0.4147985747882298,0.44238083561261493,0.9376504165552542
2022-12-30,0.3818989992141723,0.390870988368988,0.3780350089073181,0.3902919888496399,5115098,IMMUTABLE,-0.021604720764910934,-0.021841519605392542,0.02055569147959111,0.03628280228700192,0.4078530030591147,0.4394264688094457,0.9281484662590441
2022-12-31,0.3835020065307617,0.4015350043773651,0.3778240084648132,0.3819260001182556,8386976,IMMUTABLE,0.004197464041246324,0.004188679263005239,0.02190596277846248,0.03631409228312638,0.4016038605145046,0.43651526868343354,0.9200224810595408
2023-01-01,0.3855090141296386,0.3863640129566192,0.3795799911022186,0.3834730088710785,4338755,IMMUTABLE,0.0052333692254513675,0.005219722739420195,0.023116803391818538,0.03583815196900839,0.39603700382368906,0.43324603537718454,0.9141157021296196
2023-01-02,0.3989239931106567,0.406682014465332,0.379707008600235,0.3855310082435608,7471606,IMMUTABLE,0.03479809418024882,0.03420632960041136,0.02901116335875561,0.03656251908918891,0.39211857318878174,0.43072603543599447,0.91036654608507
2023-01-03,0.3943530023097992,0.4017919898033142,0.3896029889583587,0.3989889919757843,6590828,IMMUTABLE,-0.01145830002656556,-0.011524452159123158,0.02752496285753409,0.03433404976100449,0.38939628856522696,0.4270613024632136,0.9118041984119339
2023-01-04,0.4124360084533691,0.4187569916248321,0.3941490054130554,0.3943440020084381,7463239,IMMUTABLE,0.04585487123885024,0.04483460959098206,0.023956100046107917,0.03518506127226075,0.39242214815957205,0.42462106943130495,0.9241702223706023
2023-01-05,0.408623993396759,0.4203479886054992,0.407254010438919,0.4124239981174469,5923945,IMMUTABLE,-0.009242682448860728,-0.009285661068427218,0.024567801926208707,0.0351864447341989,0.3950352881635938,0.4220900356769562,0.9359028993186929
2023-01-06,0.4222449958324432,0.4222449958324432,0.4010260105133056,0.4086529910564422,6767041,IMMUTABLE,0.03333382928020745,0.03279030277146355,0.022650887047433673,0.031708122480778804,0.4007990019662039,0.42145350178082785,0.950992221615553
2023-01-07,0.4205479919910431,0.4261960089206695,0.418720006942749,0.4222399890422821,6818019,IMMUTABLE,-0.004019002849410924,-0.0040271007456236475,0.023463271752178643,0.03163254003931623,0.406091285603387,0.42060816784699756,0.9654859716160069
2023-01-08,0.4491299986839294,0.4491809904575348,0.4144240021705627,0.4205250144004822,8423993,IMMUTABLE,0.06796372170882936,0.06575377152363697,0.03022445060803145,0.03376637256870958,0.41517999768257136,0.42099786798159283,0.986180760660584
2023-01-09,0.4775260090827942,0.5020130276679993,0.448509007692337,0.4491389989852905,19219829,IMMUTABLE,0.06322447950943522,0.06130625252113753,0.033620112920489026,0.035524504712113755,0.4264088571071624,0.4222800016403198,1.0097775301951415
2023-01-10,0.494827002286911,0.510109007358551,0.4671840071678161,0.4776430130004883,20878332,IMMUTABLE,0.036230473052865975,0.03558958343251331,0.029375769702158553,0.03577147887390157,0.4407622856753212,0.42441123525301616,1.0385264315930687
2023-01-11,0.4898459911346435,0.4957869946956634,0.4711860120296478,0.494823008775711,25056874,IMMUTABLE,-0.010066166820418165,-0.010117173259210641,0.032664608197143785,0.03572514487185974,0.4518208546297891,0.4265629678964615,1.0592125632890346
2023-01-12,0.5377730131149292,0.547996997833252,0.4898479878902435,0.5042549967765808,31679733,IMMUTABLE,0.09784100073835655,0.0933455245309244,0.0375952209829263,0.03883640633029924,0.4702707145895277,0.429782701532046,1.094205776345009
2023-01-13,0.5418339967727661,0.5463780164718628,0.518671989440918,0.5377579927444458,23147787,IMMUTABLE,0.007551482798131781,0.007523113084658953,0.0394826573048309,0.038685492998413416,0.4873548575810024,0.4327689677476883,1.1261317097605266
2023-01-14,0.5611510276794434,0.5908179879188538,0.5344600081443787,0.541778028011322,32645905,IMMUTABLE,0.03565119763937297,0.03503040533196719,0.03550453100096848,0.03904194144105053,0.5074410055364881,0.43624483545621234,1.1632023219388279
2023-01-15,0.5893579721450806,0.5921310186386108,0.5399029850959778,0.5612729787826538,23474649,IMMUTABLE,0.05026622615712362,0.049043680752457394,0.03411335675018132,0.033860906052721136,0.5274735731737954,0.44214520156383513,1.192987216208974
2023-01-16,0.5897989869117737,0.5986390113830566,0.5599629878997803,0.5894110202789307,19003404,IMMUTABLE,0.0007482969392744732,0.0007480171047106728,0.03512347016872339,0.033846934709547805,0.5435125700065068,0.44773330092430114,1.2139203603673856
2023-01-17,0.6189759969711304,0.6444439888000488,0.5778409838676453,0.5899199843406677,32101167,IMMUTABLE,0.04946941365926971,0.04828471612758453,0.03577194806834031,0.03437960531267303,0.561248140675681,0.4543521006902059,1.235271367345038
2023-01-18,0.5781180262565613,0.6272990107536316,0.5624579787254333,0.6189829707145691,19726091,IMMUTABLE,-0.0660089743616904,-0.06828844932375039,0.05078704085130623,0.03736397969726054,0.5738584314073835,0.4592820684115092,1.2494684005237837
2023-01-19,0.5860549807548523,0.5910360217094421,0.5596979856491089,0.5780990123748779,12540462,IMMUTABLE,0.013728951767313813,0.013635563486993635,0.04044382088893326,0.03603610942966819,0.580755855355944,0.4635532339413961,1.2528353009599864
2023-01-20,0.63823002576828,0.6452320218086243,0.5711529850959778,0.5860509872436523,15599562,IMMUTABLE,0.0890275600869821,0.08528515133213356,0.048746134037610155,0.03777818010480034,0.5945267166410174,0.4700661351283391,1.2647724909574642
2023-01-21,0.6283529996871948,0.6687210202217102,0.6281329989433289,0.6383820176124573,17881140,IMMUTABLE,-0.015475652479990387,-0.015596650360603174,0.05045715643907848,0.03787163997903569,0.6041269983564105,0.47642020185788475,1.2680549565289434
2023-01-22,0.66702800989151,0.7078080177307129,0.621055006980896,0.628262996673584,26656402,IMMUTABLE,0.06154981391601266,0.05972992891314657,0.051762696828910715,0.03843981719070494,0.6152227180344718,0.48430386881033577,1.2703237732660086
2023-01-23,0.7139909863471985,0.725426971912384,0.6669999957084656,0.6669999957084656,31321346,IMMUTABLE,0.0704063034224407,0.06803829922205941,0.05428004001101184,0.039401742932606586,0.6329644322395325,0.4938620348771413,1.281662463479291
2023-01-24,0.6448090076446533,0.7201830148696899,0.6434130072593689,0.7139080166816711,19356839,IMMUTABLE,-0.09689475080978605,-0.10191617732923872,0.07154370047587208,0.04484840303745977,0.6366548623357501,0.5012064347664515,1.270244789719058
2023-01-25,0.7146679759025574,0.7278800010681152,0.6349859833717346,0.6448339819908142,40052741,IMMUTABLE,0.10834055887817629,0.1028639047070374,0.0712326119947749,0.0476424210879275,0.6561619979994637,0.5108169337113698,1.284534545932299
2023-01-26,0.679053008556366,0.7316200137138367,0.6661869883537292,0.7143769860267639,28060316,IMMUTABLE,-0.049834284656749994,-0.051118872396529395,0.07766993212135342,0.048484549558873095,0.6694474305425372,0.5196717341740926,1.2882121280013066
2023-01-27,0.6770700216293335,0.6862289905548096,0.65174800157547,0.6790609955787659,22730857,IMMUTABLE,-0.0029202240503258814,-0.0029244962237407845,0.07249269543281389,0.04673131426452442,0.6749960013798305,0.5291989018519719,1.2755052949233843
2023-01-28,0.6577370166778564,0.6962419748306274,0.6481130123138428,0.6771680116653442,22423396,IMMUTABLE,-0.02855392253958189,-0.02896951612049074,0.07340219514014244,0.047384530005605226,0.6791937180927822,0.5381124019622803,1.262178153887617
2023-01-29,0.6749609708786011,0.6796360015869141,0.646947979927063,0.657820999622345,21580858,IMMUTABLE,0.02618668824166326,0.025849687546895903,0.07036365395460331,0.046819467740706305,0.6803269982337952,0.5478811343510945,1.2417419684281852
2023-01-30,0.6480230093002319,0.7206739783287048,0.6353849768638611,0.6748449802398682,45231980,IMMUTABLE,-0.03991039888321812,-0.04072866437900047,0.06508103945177968,0.048011923425772825,0.6709030015127999,0.5566985011100769,1.205146053339456
2023-01-31,0.7507050037384033,0.7507050037384033,0.641622006893158,0.6480640172958374,46658535,IMMUTABLE,0.1584542415385104,0.14708656608563453,0.07604853569304934,0.05344160782488853,0.6860310009547642,0.5688717007637024,1.205950304846905
2023-02-01,0.8076050281524658,0.8195620179176331,0.6936399936676025,0.7504550218582153,65945671,IMMUTABLE,0.07579545111689479,0.0730603424755937,0.07144349918535975,0.05420755080359387,0.6993077227047512,0.5824944019317627,1.2005398170104178
2023-02-02,0.8665149807929993,0.8943300247192383,0.8004729747772217,0.8074460029602051,60590297,IMMUTABLE,0.07294401419874763,0.070406285398901,0.06660118328267213,0.05444496753016618,0.7260880044528416,0.5982331345478694,1.2137208097000542
2023-02-03,0.9586780071258544,1.007786989212036,0.8459479808807373,0.865414023399353,101308611,IMMUTABLE,0.10636056891770207,0.10107586164954079,0.06835343169146411,0.056051844044581266,0.7663177166666303,0.6164412011702856,1.2431318919173653
2023-02-04,0.9110990166664124,0.9760339856147766,0.9080740213394164,0.9586780071258544,37086761,IMMUTABLE,-0.049629792386794436,-0.05090367807341805,0.07291076610001673,0.05750560430343051,0.8025122880935669,0.6331903686126074,1.2674107628199767
2023-02-05,0.8930910229682922,0.9307870268821716,0.8524900078773499,0.9112060070037842,44235237,IMMUTABLE,-0.019765133502183896,-0.019963076339666663,0.0770189243528127,0.058117164445770496,0.83367372410638,0.6488852361838023,1.2847783823983239
2023-02-06,0.8772900104522705,0.924498975276947,0.8609560132026672,0.8931490182876587,44608626,IMMUTABLE,-0.017692499543333517,-0.017850882723555474,0.07342354907151968,0.05840907113113212,0.8664261528423854,0.6641099701325098,1.304642592053704
2023-02-07,1.0533790588378906,1.0650190114974976,0.8751779794692993,0.8768669962882996,72937186,IMMUTABLE,0.20071931321187697,0.18292080488551096,0.08254989618501965,0.06482668209559946,0.9096653035708836,0.6842516054709752,1.3294310108994989
2023-02-08,1.013592004776001,1.1910430192947388,0.9910159707069396,1.052366018295288,101486627,IMMUTABLE,-0.03777088003418594,-0.03850268623187366,0.08760810480512204,0.06563654306878658,0.9390920145171029,0.7021204719940821,1.337508379224439
2023-02-09,0.8819469809532166,1.106436014175415,0.849232017993927,1.013690948486328,103563873,IMMUTABLE,-0.12987969834260615,-0.1391237991258775,0.10628427747191303,0.07210486226078172,0.9412965859685626,0.715024471282959,1.3164536652565282
2023-02-10,0.9601579904556274,1.0526089668273926,0.8704280257225037,0.8821399807929993,122883204,IMMUTABLE,0.0886799447035691,0.08496590241041133,0.10394320299788311,0.07285467986482337,0.9415080121585301,0.7307015379269918,1.2884987416744715
2023-02-11,1.0782710313796997,1.1095449924468994,0.9240520000457764,0.960211992263794,102971582,IMMUTABLE,0.12301417276965387,0.11601629613050135,0.1092701848350874,0.07372792869425493,0.9653897285461426,0.7487181385358175,1.2893900639752698
2023-02-12,1.0279719829559326,1.1236109733581543,1.009511947631836,1.0785969495773315,69891645,IMMUTABLE,-0.04664787141634241,-0.04777094873314947,0.11161792239021748,0.07481619417644818,0.9846584371158055,0.7649227380752563,1.2872652205286264
2023-02-13,0.9695659875869752,1.0350899696350098,0.9300169944763184,1.0281569957733154,58390843,IMMUTABLE,-0.056816719071478006,-0.05849465581883601,0.11492874587643921,0.0761627452479526,0.9978407195636204,0.778536570072174,1.281687666221146
2023-02-14,1.1347620487213137,1.1696150302886963,0.9355869889259338,0.9691489934921264,93919404,IMMUTABLE,0.17038145237073876,0.1573297233414917,0.10892047303570795,0.08013584090769015,1.009466860975538,0.7967167059580486,1.2670336311846984
2023-02-15,1.239490985870361,1.269405961036682,1.0856800079345703,1.1349550485610962,125404489,IMMUTABLE,0.09229154012249463,0.08827781982454573,0.10992470025460235,0.08093098182678854,1.041738143989018,0.8183731059233348,1.2729379013667248
2023-02-16,1.0913779735565186,1.2647780179977417,1.0903830528259275,1.2404210567474363,97072125,IMMUTABLE,-0.11949502981648452,-0.12725970633322675,0.1069564667167079,0.0853941780584583,1.0716568572180611,0.834119838476181,1.2847756494748126
2023-02-17,1.094689965248108,1.1579270362854004,1.0645740032196045,1.0918519496917725,73922376,IMMUTABLE,0.0030346880474383386,0.0030300926763302265,0.10444848093033102,0.08386209328425721,1.0908757107598441,0.8513389031092325,1.2813648087451226
2023-02-18,1.053176999092102,1.1324679851531982,1.0482350587844849,1.0945459604263306,57616104,IMMUTABLE,-0.037922121764034866,-0.03865987708582958,0.09649602027812841,0.08456705762771537,1.087290849004473,0.8669096370538075,1.2542147445720306
2023-02-19,1.0145410299301147,1.0999959707260132,1.0139349699020386,1.0530829429626465,56519011,IMMUTABLE,-0.03668516231867358,-0.037374986366845823,0.09577597203134842,0.08424328871343753,1.0853721414293562,0.8794533371925354,1.234144093300245
2023-02-20,1.0429470539093018,1.0854729413986206,0.997785985469818,1.0152299404144287,53241463,IMMUTABLE,0.027998891263317116,0.02761408849476248,0.09277522197948294,0.0840633733323079,1.0958551509039742,0.893273138999939,1.2267861900905643
2023-02-21,1.0206990242004397,1.0569219589233398,0.9591879844665528,1.043172001838684,49639683,IMMUTABLE,-0.021331887966382634,-0.021562701043343895,0.06647426619392804,0.08394496522264906,1.079560433115278,0.9050621728102366,1.1928025118575232
2023-02-22,1.0185519456863403,1.046759009361267,0.9311919808387756,1.0206270217895508,48870623,IMMUTABLE,-0.002103537343715267,-0.0021057528859225656,0.049702016171966935,0.08336800690666375,1.0479977130889893,0.915214204788208,1.1450846234751229
2023-02-23,1.047471046447754,1.0823630094528198,1.0077290534973145,1.0185819864273071,54009167,IMMUTABLE,0.028392367108902583,0.02799677427869148,0.027915123590816653,0.08058277551943653,1.0417252949305944,0.9286362727483114,1.1217796735934022
2023-02-24,0.9709680080413818,1.0550609827041626,0.9368540048599244,1.047144055366516,50732722,IMMUTABLE,-0.07303594563860616,-0.07584049047727842,0.037868528598093726,0.08055849608539138,1.0240507296153478,0.9371796071529388,1.0926942090922305
2023-02-25,0.960915982723236,0.9762499928474426,0.9186630249023438,0.9712539911270142,32098923,IMMUTABLE,-0.010352581377446879,-0.010406542092913761,0.03667872090002603,0.07982924722586084,1.0108705844197954,0.9465750396251679,1.067924403352203
2023-02-26,0.9824060201644896,0.9907559752464294,0.946865975856781,0.960992991924286,20991698,IMMUTABLE,0.02236411697550378,0.022117707170278837,0.03700678080383641,0.07980335013391583,1.0062798687389918,0.9567529062430064,1.0517656776089332
2023-02-27,0.9671840071678162,0.989995002746582,0.93960702419281,0.9821959733963012,30090884,IMMUTABLE,-0.015494625118568361,-0.015615921414120255,0.03423886516844324,0.07960158817929126,0.9954565763473511,0.967067805926005,1.0293555118342117
2023-02-28,1.0605700016021729,1.111685037612915,0.9670479893684388,0.967158019542694,107839047,IMMUTABLE,0.09655452710370693,0.09217301596014804,0.05110036388611004,0.08088564206299352,1.0011524302618844,0.9799214402834574,1.0216660123002161
2023-03-01,1.061182975769043,1.1160240173339844,1.0473129749298096,1.0602589845657349,50094646,IMMUTABLE,0.000577966721615919,0.0005777997631781211,0.0510440559277231,0.08025225663916587,1.0072425774165563,0.9936934391657511,1.0136351290214618
2023-03-02,0.9893810153007508,1.064816951751709,0.9577239751815796,1.0609760284423828,36902978,IMMUTABLE,-0.0676621865482312,-0.07006006918442781,0.0570565614788705,0.07781819908894998,0.9989440015384129,1.0016493062178293,0.9972991498495302
2023-03-03,1.0251389741897583,1.0569100379943848,0.8957549929618835,0.9893580079078674,86228471,IMMUTABLE,0.036141747553279924,0.03550395644064569,0.05014218471890799,0.07705380945369121,1.006682710988181,1.0089004377524058,0.997801837841239
2023-03-04,0.9895880222320556,1.0491249561309814,0.9561669826507568,1.0246590375900269,35271119,IMMUTABLE,-0.03467915361017393,-0.03529474959795769,0.05247287815766924,0.07651422385438918,1.0107787166322981,1.013002872467041,0.9978043933584055
2023-03-05,1.0498729944229126,1.0886470079421997,0.9897480010986328,0.9904450178146362,43339478,IMMUTABLE,0.06091926219446542,0.05913576078396622,0.056305018298858665,0.07505670933110457,1.0204168558120728,1.016042705376943,1.0043050852213018
2023-03-06,1.0520039796829224,1.0839109420776367,1.0195039510726929,1.049837946891785,35824194,IMMUTABLE,0.002029755285953616,0.0020276981159240053,0.05538123867633573,0.07436412266025266,1.0325339947428023,1.0207395374774932,1.011554815731402
2023-03-07,1.0867340564727783,1.109254002571106,1.0308380126953125,1.052240014076233,55883542,IMMUTABLE,0.033013256090840715,0.032480022669724426,0.04450890121257177,0.07437849483977449,1.0362717168671745,1.0271943052609762,1.0088370930014958
2023-03-08,0.960196018218994,1.1530159711837769,0.956043004989624,1.086514949798584,86424064,IMMUTABLE,-0.11643882650046866,-0.12379474966516589,0.06565982148902848,0.07800332839848252,1.021845008645739,1.0299578388532002,0.9921231433934281
2023-03-09,0.931065022945404,0.9939529895782472,0.8923779726028442,0.9604179859161376,63932102,IMMUTABLE,-0.030338592038345658,-0.030808332378770002,0.061656866676103546,0.07039400590401533,1.0135141525949751,1.0258807043234508,0.9879454290578248
2023-03-10,0.8400220274925232,0.9406359791755676,0.7714329957962036,0.9314799904823304,79807924,IMMUTABLE,-0.09778371349926596,-0.10290100218592399,0.0670803107934329,0.07243122253382603,0.9870688744953701,1.0200950384140015,0.9676244245144265
2023-03-11,0.8187549710273743,0.8727489709854126,0.7692729830741882,0.8400920033454895,45333206,IMMUTABLE,-0.02531726046355165,-0.02564325628407566,0.06701535050199262,0.0680861643051559,0.9626641528947013,1.01798863808314,0.945653140792795
2023-03-12,0.9355289936065674,0.9355289936065674,0.7857980132102966,0.8187170028686523,35014740,IMMUTABLE,0.14262389446340085,0.13332727945032166,0.08607763051473258,0.0707484000696064,0.9463292956352234,1.0171676715215048,0.9303572283414006
2023-03-13,0.9780160188674928,1.0283169746398926,0.8986219763755798,0.936158001422882,67189436,IMMUTABLE,0.045414974363470195,0.044413911245626866,0.08903599585323248,0.06781633983668084,0.9357595869473049,1.0138258377710978,0.9229983613404231
2023-03-14,1.1804029941558838,1.2529170513153076,0.954356014728546,0.977994978427887,120646463,IMMUTABLE,0.20693625808169047,0.1880851305151619,0.1166681309494407,0.07569146885470578,0.9491408637591771,1.018906871477763,0.9315285727562115
2023-03-15,1.1727269887924194,1.318356990814209,1.03603196144104,1.1809309720993042,186045982,IMMUTABLE,-0.006502868428382436,-0.006524104189584386,0.10136672516942681,0.07478673254823986,0.9795024309839521,1.0256789048512778,0.9549796006830995
2023-03-16,1.1970360279083252,1.2444969415664673,1.1430649757385254,1.1726919412612915,93224108,IMMUTABLE,0.020728643024526372,0.020516728171845525,0.09816195426815554,0.06922679211548118,1.017498288835798,1.0277547041575115,0.9900205610538936
2023-03-17,1.5350840091705322,1.5468080043792725,1.177827000617981,1.1972490549087524,199981853,IMMUTABLE,0.28240418281553703,0.24873658401682083,0.10502913114562934,0.08128818214105528,1.1167928576469421,1.0376078049341837,1.076315012605154
2023-03-18,1.484145998954773,1.5726779699325562,1.423066020011902,1.5344640016555786,144142940,IMMUTABLE,-0.03318255542462667,-0.03374558669191383,0.10650057340235725,0.07766952759975143,1.2118487187794276,1.0507000724474589,1.1533726422580284
2023-03-19,1.4588730335235596,1.562654972076416,1.4234720468521118,1.4856979846954346,101137974,IMMUTABLE,-0.017028624844868445,-0.017175279141839882,0.11023797130736421,0.07782172010782301,1.2866121530532837,1.0628395080566406,1.2105422721872678
2023-03-20,1.2465410232543943,1.5225520133972168,1.236430048942566,1.4586549997329712,218048408,IMMUTABLE,-0.14554522935853298,-0.15729170861559388,0.1387298909879225,0.08318627024667012,1.3249728679656982,1.069284975528717,1.2391204386936738
2023-03-21,1.2739629745483398,1.3388099670410156,1.236348032951355,1.2468589544296265,101235333,IMMUTABLE,0.021998434694394442,0.021759960170158212,0.12120929610798127,0.08283224192450181,1.3383385794503349,1.0779323736826578,1.2415793533299524
2023-03-22,1.1768180131912231,1.3445260524749756,1.1708430051803589,1.273921012878418,106933183,IMMUTABLE,-0.07625414811726194,-0.07931829724917133,0.12598175562188568,0.08422980435556199,1.3389230115073067,1.0823947389920552,1.2370006646134803
2023-03-23,1.211459994316101,1.241510033607483,1.1554739475250244,1.1768029928207395,73799290,IMMUTABLE,0.029436990882675262,0.029012042001883714,0.12624738696736548,0.08420612097908123,1.340983578136989,1.0887534379959107,1.231668742746166
2023-03-24,1.100190043449402,1.232113003730774,1.0905580520629885,1.2110439538955688,55689579,IMMUTABLE,-0.09184781287764576,-0.09634330746237629,0.06734494219641467,0.08624093420375334,1.278855868748256,1.091474707921346,1.171677052584908
2023-03-25,1.0486040115356443,1.112185001373291,1.0310330390930176,1.100206971168518,34800300,IMMUTABLE,-0.046888291910024193,-0.048023164894118724,0.06707155316940966,0.08658421877524318,1.2166355848312378,1.0915124734242758,1.1146327819914212
2023-03-26,1.1107120513916016,1.128875970840454,1.038848042488098,1.0487040281295776,39302891,IMMUTABLE,0.05922926020948771,0.057541530639184074,0.07813004902255632,0.08597605738864646,1.1668983016695296,1.0961706082026164,1.064522523170809
2023-03-27,1.0245100259780884,1.1105329990386963,0.9960280060768129,1.1105329990386963,46574067,IMMUTABLE,-0.07760969668557338,-0.08078682253437984,0.06263056700152435,0.08734564628686133,1.1351795877729143,1.0982904096444448,1.0335878177616171
2023-03-28,1.064260959625244,1.0741829872131348,0.9995629787445068,1.0245369672775269,40452138,IMMUTABLE,0.03879994596363834,0.03806614878839407,0.06504736961182456,0.08751981478615256,1.105222157069615,1.10101890762647,1.0038175996924577
2023-03-29,1.1232709884643557,1.1808819770812988,1.060441970825195,1.0642679929733276,57194907,IMMUTABLE,0.05544695434462876,0.053964330619494176,0.06623048324343409,0.08793953517099111,1.097572582108634,1.1062218070030212,0.992181292359604
2023-03-30,1.1202160120010376,1.1708040237426758,1.0818500518798828,1.12335205078125,51614840,IMMUTABLE,-0.0027197145610380336,-0.0027234197041640573,0.06444435157718426,0.08638833219458665,1.0845377274921961,1.1082100073496501,0.9786391751559186
2023-03-31,1.1366169452667236,1.1388189792633057,1.086595058441162,1.1204019784927368,39931709,IMMUTABLE,0.014640866663197416,0.014534723934991903,0.05255480341202078,0.08641896646059014,1.0897415706089564,1.1107244729995727,0.9811088142012836
2023-04-01,1.0912020206451416,1.1678080558776855,1.088852047920227,1.1367210149765017,27445123,IMMUTABLE,-0.0399562269511341,-0.04077639863386138,0.05140296527273809,0.08573627318291815,1.0958270004817419,1.1141185065110524,0.9835820822269691
2023-04-02,1.0532269477844238,1.1181730031967163,1.0370999574661257,1.1127519607543943,27664703,IMMUTABLE,-0.034801138691317735,-0.035421124978452075,0.04764502410468028,0.08579449409629068,1.0876148428235735,1.1150547722975412,0.9753914066324935
2023-04-03,1.049530029296875,1.074471950531006,1.014050006866455,1.0530550479888916,35640431,IMMUTABLE,-0.003510087256431982,-0.003516262066354768,0.03518149371868589,0.08552795019001179,1.0911891290119715,1.1170528391997019,0.9768464755827844
2023-04-04,1.0672860145568848,1.0765670537948608,1.02714204788208,1.0495109558105469,32600413,IMMUTABLE,0.016918034514844082,0.016776518454473584,0.03250861357708001,0.08489883525008311,1.0916212797164917,1.1176332732041676,0.9767258240146148
2023-04-05,1.1063920259475708,1.1249749660491943,1.0632330179214478,1.0671520233154297,39985609,IMMUTABLE,0.03664061072412905,0.03598530285744527,0.02796442732707704,0.08514525277632412,1.089209999356951,1.119446208079656,0.9729900297982399
2023-04-06,1.0596909523010254,1.1062849760055542,1.0444350242614746,1.1062849760055542,26343638,IMMUTABLE,-0.04221024063016743,-0.0431269829559765,0.03198068709107445,0.08532094021556648,1.0805635622569494,1.118544771273931,0.9660440869311614
2023-04-07,1.0286190509796145,1.0625330209732056,1.0210850238800049,1.0598959922790527,20620983,IMMUTABLE,-0.029321663315083568,-0.029760135722305604,0.031165561412743414,0.08232274026633679,1.0651352916445052,1.1208255390326183,0.9503131884055932
2023-04-08,1.0287330150604248,1.0451929569244385,1.0142029523849487,1.0286929607391355,15720441,IMMUTABLE,0.00011079328221841322,0.00011078714509601796,0.029133466516359292,0.08208722821929332,1.0562111479895455,1.1240811387697855,0.9396218044771055
2023-04-09,1.046023964881897,1.0497909784317017,1.0094809532165527,1.0288259983062744,17575056,IMMUTABLE,0.01680800515618386,0.01666831375372109,0.02770522624224474,0.079617309882951,1.0551821504320418,1.130947870016098,0.9330068859999907
2023-04-10,1.0847749710083008,1.089756965637207,1.023561954498291,1.0460970401763916,22948737,IMMUTABLE,0.03704600222116228,0.036376289132484974,0.031003279422628243,0.07953727947642848,1.0602171421051025,1.1398152033487956,0.9301658189767669
2023-04-11,1.0868940353393557,1.1104350090026855,1.0718560218811035,1.0852240324020386,31889407,IMMUTABLE,0.0019534598305537276,0.0019515543090685018,0.03054528228503156,0.07601624621485517,1.0630182879311698,1.1448607047398884,0.9285132099740351
2023-04-12,1.1288779973983765,1.1609259843826294,1.0346649885177612,1.0868719816207886,62466744,IMMUTABLE,0.03862746569026143,0.037900096994905985,0.030900586396305572,0.07590900914433464,1.0662305695669994,1.1498894373575845,0.9272461637852496
2023-04-13,1.135722041130066,1.1609259843826294,1.125702977180481,1.1296319961547852,52673369,IMMUTABLE,0.006062695656627426,0.0060443914618991705,0.02337237663757082,0.06756861165887955,1.0770921536854337,1.148400072256724,0.9379067275473407
2023-04-14,1.2180169820785522,1.2347160577774048,1.1358979940414429,1.1358979940414429,70607918,IMMUTABLE,0.0724604594858449,0.06995550352814203,0.02546610373699593,0.06879579513544845,1.104149000985282,1.1499097386995951,0.9602049307225948
2023-04-15,1.2050299644470217,1.2441660165786743,1.1778420209884644,1.217555046081543,41032172,IMMUTABLE,-0.01066242739027179,-0.01071967838927727,0.027423393598767193,0.06873069409328107,1.1293342794690813,1.150176203250885,0.9818793644635528
2023-04-16,1.2130980491638184,1.2306220531463623,1.1700390577316284,1.2048289775848389,39066965,IMMUTABLE,0.006695339497635677,0.006673025257708415,0.028036878306080835,0.05028272938523234,1.15320200579507,1.1394433379173279,1.012074903086353
2023-04-17,1.1282310485839844,1.213024020195007,1.111369013786316,1.213024020195007,45146449,IMMUTABLE,-0.0699588962642651,-0.0725264962462127,0.043912161496187964,0.051456311536496935,1.1594100168773107,1.1275795062383016,1.0282290609778801
2023-04-18,1.1474770307540894,1.167633056640625,1.1016809940338137,1.128322958946228,41658614,IMMUTABLE,0.0170585468235962,0.016914683574234382,0.04406823927577565,0.05164878915616591,1.168064730507987,1.1171996394793193,1.0455290972456577
2023-04-19,1.037611961364746,1.147773027420044,1.0212730169296265,1.1473820209503174,47273061,IMMUTABLE,-0.09574489636375816,-0.10064376411140133,0.05737282348711794,0.046811649013785164,1.1550267253603255,1.110235337416331,1.0403440481801185
2023-04-20,0.9728609919548036,1.0487229824066162,0.968698024749756,1.037132978439331,35806154,IMMUTABLE,-0.06240383864193033,-0.06443595428245658,0.05980251725406973,0.047678970539000345,1.1317608611924308,1.100198604663213,1.0286877809110468
2023-04-21,0.932013988494873,0.9896529912948608,0.9172989726066588,0.97291499376297,31351172,IMMUTABLE,-0.0419864747355686,-0.04289338288084237,0.043958810867942864,0.04626917389268803,1.0909032906804765,1.0920384705066681,0.9989604946557744
2023-04-22,0.9857339859008788,0.9897019863128662,0.9284409880638124,0.9321330189704896,22084629,IMMUTABLE,0.05763861709067175,0.056038703339243566,0.056402977947644185,0.047262568229250464,1.0595752937453133,1.0845142702261608,0.9770044736473161
2023-04-23,0.9523119926452636,0.9880589842796326,0.9328709840774536,0.9857439994812012,21751763,IMMUTABLE,-0.03390569234058649,-0.03449382255820366,0.05420379299130367,0.04449302264351827,1.0223201428140913,1.0795850018660227,0.9469566000333914
2023-04-24,0.9691979885101318,0.9815269708633424,0.9397429823875428,0.952301025390625,22238038,IMMUTABLE,0.017731579561403477,0.0175762090589753,0.054388021410187795,0.04390419193202301,0.9996011342321124,1.076938134431839,0.9281880753154615
2023-04-25,0.973820984363556,0.9843320250511168,0.9208639860153198,0.9690840244293212,22851603,IMMUTABLE,0.004769918951782692,0.004758578934723419,0.05312887488201666,0.04244323407603683,0.9747931276048932,1.0723750988642375,0.9090038817922066
2023-04-26,0.959551990032196,1.0359230041503906,0.9090740084648132,0.973791003227234,46846703,IMMUTABLE,-0.014652584571984262,-0.014760993977903895,0.04081993946834302,0.03998552862187854,0.9636417031288147,1.0702098309993744,0.9004231462057818
2023-04-27,1.061676025390625,1.079591989517212,0.9568870067596436,0.9597309827804564,63492976,IMMUTABLE,0.10642887141008628,0.10113759593944754,0.05141002647588856,0.04366369893287497,0.9763295650482178,1.070123666524887,0.9123520912482427
2023-04-28,1.0318809747695925,1.0812150239944458,1.017405986785889,1.0617270469665527,40929244,IMMUTABLE,-0.028064164498835642,-0.028465489559527043,0.04905526965109301,0.04272902667792641,0.9905962773731777,1.0670773327350616,0.9283266048151798
2023-04-29,1.012369990348816,1.0345499515533447,1.0050230026245115,1.0320030450820925,18229103,IMMUTABLE,-0.018908173421002483,-0.019089218722024976,0.046621195684299524,0.042831983950426,0.9944014208657401,1.0634824653466544,0.9350426107322828
2023-04-30,0.9904450178146362,1.021036982536316,0.9814689755439758,1.012289047241211,17560152,IMMUTABLE,-0.02165707472880085,-0.02189503107032111,0.04511491101825772,0.042823147630603985,0.9998489958899361,1.058610067764918,0.9444922416059709
2023-05-01,0.9360399842262268,0.995549976825714,0.9267950057983398,0.9903720021247864,25884331,IMMUTABLE,-0.05492988768669982,-0.05649616131642599,0.0502363132431504,0.04337385164699114,0.9951121381350926,1.0534379998842875,0.9446328481072435
2023-05-02,0.9341179728507996,0.9438009858131408,0.9196339845657348,0.9357889890670776,19923633,IMMUTABLE,-0.002053343241545491,-0.0020554542410119604,0.050082097588141535,0.04299601720475896,0.989440279347556,1.0494677007198334,0.942802030656966
2023-05-03,0.9398409724235536,0.9456130266189576,0.8951740264892578,0.9340010285377502,29157980,IMMUTABLE,0.006126634685432952,0.006107943164378556,0.050091071655815535,0.04303564024363876,0.9866244196891785,1.045811398824056,0.9434056855744455
2023-05-04,0.9003679752349854,0.940447986125946,0.89724200963974,0.9397799968719482,21188814,IMMUTABLE,-0.04199965562980279,-0.04290714154349434,0.02178897559334767,0.04343506313063501,0.9635804125240871,1.0402474641799926,0.9262992179304752
2023-05-05,0.9158740043640136,0.9184100031852722,0.8750640153884888,0.9004870057106018,29174836,IMMUTABLE,0.01722187989303081,0.01707526425685857,0.026387760366278233,0.042944164472329766,0.947007988180433,1.0338968634605408,0.9159598231207673
2023-05-06,0.8603649735450745,0.9207670092582704,0.8379319906234741,0.9158419966697692,23674274,IMMUTABLE,-0.06060771520367014,-0.06252211832872757,0.03155172932362131,0.043657768730505996,0.9252929857798985,1.0272526641686757,0.9007452772378156
2023-05-07,0.8592640161514282,0.8702639937400818,0.8500499725341797,0.8603590130805969,16445603,IMMUTABLE,-0.0012796399522284618,-0.0012804593905640827,0.03264161037189036,0.043453737480438175,0.9065528426851545,1.0216074963410695,0.8873788083309998
2023-05-08,0.7883819937705994,0.8625029921531677,0.7628359794616699,0.8588989973068237,31485586,IMMUTABLE,-0.08249155212888293,-0.08609349160684444,0.03934147861065544,0.04582165873405355,0.8854588440486363,1.0135957956314088,0.8735818043691165
2023-05-09,0.7649199962615967,0.7928469777107239,0.7532230019569397,0.7882959842681885,22064349,IMMUTABLE,-0.029759682101300755,-0.030211487758743424,0.038080423369329305,0.04571995064502796,0.861287704535893,1.0042256633440654,0.8576635072915884
2023-05-10,0.7854130268096924,0.8074910044670105,0.7472580075263977,0.7649319767951965,28912145,IMMUTABLE,0.026791077038450517,0.026438479909355227,0.041761459512055864,0.04540401532608142,0.8392265694481986,0.9942469318707784,0.8440826343503088
2023-05-11,0.733128011226654,0.7856860160827637,0.7086570262908936,0.7854369878768921,23317048,IMMUTABLE,-0.06657008961949284,-0.06888940143247593,0.044609188712060675,0.046547646380703175,0.8153351460184369,0.9824547310670216,0.8298958926412009
2023-05-12,0.757394015789032,0.7575479745864868,0.7031170129776001,0.7332170009613037,21040504,IMMUTABLE,0.033099273511288496,0.03256328766063375,0.04758099568374375,0.046355717802945985,0.7926951476505825,0.9700719316800436,0.8171508954781667
2023-05-13,0.7458299994468689,0.7573969960212708,0.735256016254425,0.7573969960212708,12077791,IMMUTABLE,-0.015268164391444294,-0.01538592298943477,0.04500513401645126,0.04621218850058599,0.7763330084936959,0.9570755302906037,0.811151245563631
2023-05-14,0.7494829893112183,0.7666190266609192,0.7342820167541504,0.7457950115203857,12074667,IMMUTABLE,0.004897885398895907,0.004885929780479252,0.0454995711114815,0.04358747003682904,0.7606500046593803,0.9414577305316925,0.8079491834750773
2023-05-15,0.7606040239334106,0.7767840027809143,0.7333809733390808,0.7494750022888184,15418675,IMMUTABLE,0.01483827489188605,0.014729264716682287,0.03585058839174644,0.04394372191126933,0.7566817232540676,0.9266435325145721,0.8165833966387374
2023-05-16,0.7408109903335571,0.7614700198173523,0.7286329865455627,0.7605540156364441,14458520,IMMUTABLE,-0.026022783178946685,-0.02636736696733865,0.03542921986270449,0.04378679848131073,0.7532375795500619,0.9109006305535634,0.8269152026959427
2023-05-17,0.7884479761123657,0.7924849987030029,0.7307890057563782,0.7408139705657959,22802956,IMMUTABLE,0.06430383242203197,0.06232090694349722,0.04254541909791475,0.04474162260649426,0.7536711437361581,0.8995745281378428,0.8378084529541862
2023-05-18,0.7653089761734009,0.8010159730911255,0.7477120161056519,0.788303017616272,22684240,IMMUTABLE,-0.029347529120509974,-0.02978678322135847,0.03351780759410146,0.044514759161020975,0.7582684244428363,0.8868355929851532,0.8550270539891723
2023-05-19,0.7643589973449707,0.7730739712715149,0.7508329749107361,0.7653520107269287,15675438,IMMUTABLE,-0.0012413010405027958,-0.0012420720927774132,0.031447067044013344,0.041394855547164947,0.7592634218079704,0.8777271608511606,0.8650335271289632
2023-05-20,0.7516180276870728,0.7652660012245178,0.7492390275001526,0.7644349932670593,11869003,IMMUTABLE,-0.016668829309466116,-0.016809317616561844,0.03157733369479604,0.040136782522050315,0.7600902829851423,0.8703523953755696,0.8733132545204891
2023-05-21,0.7189639806747437,0.7550240159034729,0.7180100083351135,0.7515890002250671,13095241,IMMUTABLE,-0.043445002394120635,-0.04441699295097565,0.03580830416301613,0.04018260912417148,0.755730424608503,0.863250728448232,0.8754471901425371
2023-05-22,0.7282860279083252,0.731128990650177,0.7063760161399841,0.7190510034561157,16487701,IMMUTABLE,0.01296594472623358,0.012882606464751287,0.03563705178353652,0.038525163378422586,0.7511135680334908,0.8546691298484802,0.878835495283013
2023-05-23,0.7694990038871765,0.7807869911193848,0.7260109782218933,0.7283430099487305,21106001,IMMUTABLE,0.05658899717905763,0.05504579227256139,0.04086133413478482,0.04000917761112304,0.755211855684008,0.848575363556544,0.8899761743244213
2023-05-24,0.7244769930839539,0.7896490097045898,0.7175310254096985,0.7696719765663147,23828980,IMMUTABLE,-0.05850821193502642,-0.06028965310568367,0.03862687389015208,0.040869270494763084,0.7460731438228062,0.8404179970423381,0.8877405605882343
2023-05-25,0.7364640235900879,0.7566289901733398,0.7044389843940735,0.7244359850883484,19641316,IMMUTABLE,0.01654577111566735,0.0164103812237005,0.03904323692853372,0.04106630952388444,0.7419524363109044,0.8325060983498891,0.8912276291807697
2023-05-26,0.7354750037193298,0.7453340291976929,0.7196459770202637,0.7364320158958435,17110241,IMMUTABLE,-0.001342930325281655,-0.001343832864332802,0.03904141122495812,0.04107798193410519,0.7378261515072414,0.8250368654727935,0.89429476716101
2023-05-27,0.7307000160217285,0.7498509883880615,0.7245489954948425,0.7354639768600464,15189843,IMMUTABLE,-0.006492386108914672,-0.006513553314462625,0.03873722572139089,0.03545433374083278,0.7348378641264779,0.8140043318271637,0.9027444147342755
2023-05-28,0.7719699740409851,0.7839019894599915,0.7245299816131592,0.7307289838790894,19358571,IMMUTABLE,0.056480028896056966,0.05494265481538172,0.03966568524442796,0.03737379799351658,0.7424101488930839,0.8053406318028767,0.9218585522390526
2023-05-29,0.7652909755706787,0.7838220000267029,0.7533770203590393,0.7720500230789185,20848898,IMMUTABLE,-0.008651888926902496,-0.008689533808068476,0.0402527451968748,0.03733165499624515,0.7476965699877057,0.7971046646436055,0.9380155494661536
2023-05-30,0.7777420282363892,0.7900940179824829,0.7581959962844849,0.7652980089187622,21276596,IMMUTABLE,0.016269697491762214,0.016138764217763845,0.03484924449156077,0.03753536713809122,0.7488741448947361,0.7900145649909973,0.9479244789661189
2023-05-31,0.7277519702911377,0.7863960266113281,0.7203720211982727,0.7777320146560669,20045718,IMMUTABLE,-0.06427588600118361,-0.06643459595312878,0.03669433504508333,0.03801836034089691,0.7493419987814767,0.783071631193161,0.9569265044625729
2023-06-01,0.7463390231132507,0.757955014705658,0.7218109965324402,0.7277460098266602,17315877,IMMUTABLE,0.025540367571491807,0.0252196615502907,0.037468070312883954,0.038498167132273865,0.7507527129990714,0.7768123328685761,0.9664531331869141
2023-06-02,0.8040869832038879,0.822160005569458,0.7342090010643005,0.7463449835777283,33088697,IMMUTABLE,0.07737497076027133,0.07452749984563829,0.04630441595769475,0.04125856980443531,0.7605544243540082,0.7722871998945872,0.9848077560495883
2023-06-03,0.7953490018844604,0.8271539807319641,0.7846419811248779,0.804082989692688,21130352,IMMUTABLE,-0.010866960294035555,-0.010926436986770921,0.04663908652718929,0.04065951818464791,0.76978999376297,0.7687865674495697,1.0013052079158056
2023-06-04,0.8145470023155212,0.8371790051460266,0.7888720035552979,0.7954149842262268,21344488,IMMUTABLE,0.024137831801604115,0.023851118928118625,0.04323659221443815,0.04079997501555488,0.775872426373618,0.7654090007146199,1.0136703718524722
2023-06-05,0.7340099811553955,0.8205469846725464,0.7150409817695618,0.8147280216217041,31019574,IMMUTABLE,-0.0988733872093106,-0.10410950650653168,0.06074898486255878,0.04347871419579466,0.7714037128857204,0.761197167634964,1.0134085433902336
2023-06-06,0.7506250143051147,0.7601270079612732,0.7075740098953247,0.733925998210907,23643114,IMMUTABLE,0.022635977134215057,0.022383585065439658,0.06117201344158418,0.04376774722225983,0.7675298537526812,0.7575758675734202,1.0131392598488445
2023-06-07,0.6811630129814148,0.7506669759750366,0.6749240159988403,0.7506380081176758,22879557,IMMUTABLE,-0.09253888426300827,-0.09710456143385535,0.06710994926245234,0.04451531928379086,0.7608742884227208,0.7540019015471141,1.0091145484666622
2023-06-08,0.7176790237426758,0.7283409833908081,0.6807900071144104,0.6812170147895813,17658331,IMMUTABLE,0.05360832879259303,0.05222077649597876,0.07014233882368884,0.04543198957844859,0.7567800027983529,0.75242720246315,1.0057850119200284
2023-06-09,0.7261220216751099,0.7431610226631165,0.7135729789733887,0.7175940275192261,17559116,IMMUTABLE,0.011764309187140665,0.011695647680637163,0.06169169921173129,0.04519146954677415,0.7456421511513847,0.7504508356253307,0.9935922724771983
2023-06-10,0.6102929711341858,0.7263759970664978,0.5741109848022461,0.7261890172958374,35706503,IMMUTABLE,-0.15951733604458795,-0.17377895221719777,0.08600458559862982,0.053743831208798824,0.7192055753299168,0.746356334288915,0.9636222569412962
2023-06-11,0.6020179986953735,0.6172490119934082,0.594186007976532,0.6102439761161804,16380017,IMMUTABLE,-0.013559016456364925,-0.013651779390463447,0.08262313310602959,0.05325714879965399,0.6888442890984672,0.7411771337191264,0.9293922569385538
2023-06-12,0.62152498960495,0.6252350211143494,0.5852770209312439,0.6019669771194458,17342177,IMMUTABLE,0.03240267060428392,0.03188877565119213,0.0818977866645693,0.0537178677548554,0.6727750045912606,0.7370336333910624,0.9128145231254231
2023-06-13,0.6203529834747314,0.6417509913444519,0.6150379776954651,0.6215490102767944,17330002,IMMUTABLE,-0.0018856943000207238,-0.0018874744597606914,0.08011275696031674,0.05368442332892678,0.6541647144726345,0.7327292998631795,0.8927781577654733
2023-06-14,0.579060971736908,0.6273959875106812,0.5715140104293823,0.6203529834747314,17347160,IMMUTABLE,-0.06656212323915645,-0.06888086694450488,0.07664520823142905,0.05471527734176911,0.6395787085805621,0.7266778647899628,0.8801406229229569
2023-06-15,0.613556981086731,0.6236780285835266,0.5733720064163208,0.5790179967880249,16082246,IMMUTABLE,0.059572326634881545,0.057865361271105385,0.07759474363558111,0.0559455160635678,0.6247041310582843,0.7224360644817353,0.8647189166925624
2023-06-16,0.6187459826469421,0.6291109919548035,0.5930920243263245,0.6135479807853699,14327400,IMMUTABLE,0.008457244755035509,0.008421682625027748,0.07736455318919891,0.05451354772142559,0.6093646969114032,0.7167793313662211,0.8501426732686618
2023-06-17,0.6312519907951355,0.647146999835968,0.6106259822845459,0.6187710165977478,13542384,IMMUTABLE,0.02021186156990251,0.020010313149452827,0.0400172072116827,0.05458786283509377,0.612358842577253,0.7123107651869456,0.8596793316980683
2023-06-18,0.620756983757019,0.6414750218391418,0.6206330060958862,0.6312299966812134,11893880,IMMUTABLE,-0.01662570129069496,-0.016765459479744612,0.040273284787588376,0.0546106658002236,0.6150358404432025,0.7075240314006805,0.8692790819071123
2023-06-19,0.6250939965248108,0.6316050291061401,0.6126909852027893,0.6207690238952637,12671691,IMMUTABLE,0.006986651590357829,0.00696235802826866,0.038498366047014,0.05463493061389354,0.6155456985746112,0.7033065636952718,0.8752167693991755
2023-06-20,0.6607789993286133,0.6612750291824341,0.6063349843025208,0.6252310276031494,15949589,IMMUTABLE,0.057087418855711336,0.05551740815672501,0.04360178153751872,0.055263864295201755,0.6213208436965942,0.7013670643170674,0.8858711440942618
2023-06-21,0.6948480010032654,0.699209988117218,0.6589549779891968,0.6609029769897461,23986441,IMMUTABLE,0.05155884449909576,0.0502736770285361,0.028902330716390204,0.0560461604352156,0.6378618478775024,0.7002524634202322,0.9109026832437029
2023-06-22,0.6959059834480286,0.7355210185050964,0.6938909888267517,0.6947889924049377,22850137,IMMUTABLE,0.0015226098991947268,0.0015214519040430597,0.02628986001255928,0.055024464470517113,0.6496259910719735,0.6977993627389272,0.9309638640570426
2023-06-23,0.7396129965782166,0.7576360106468201,0.6957740187644958,0.6958860158920288,21536389,IMMUTABLE,0.0628059165602104,0.06091250184343656,0.030287360296761826,0.05514905863276219,0.6668927073478699,0.698303896188736,0.9550178811656288
2023-06-24,0.7269719839096069,0.7682759761810303,0.7178919911384583,0.7395640015602112,21961030,IMMUTABLE,-0.017091387965182614,-0.017239131585269254,0.034403254518019566,0.05516047757723202,0.6805669920785087,0.6979874948660533,0.9750418124741795
2023-06-25,0.7395359873771667,0.7603430151939392,0.7257940173149109,0.7269619703292847,17596912,IMMUTABLE,0.017282651526667525,0.017135005223483383,0.030502401210773928,0.05525304536092472,0.6975354211671012,0.6981228609879812,0.9991585437840431
2023-06-26,0.7255190014839172,0.7669320106506348,0.709011971950531,0.7394909858703613,22792314,IMMUTABLE,-0.01895375767034957,-0.019135682577018257,0.03441971488639971,0.055353765870802346,0.7118818504469735,0.6979501605033874,1.019960866451464
2023-06-27,0.7534250020980835,0.7602239847183228,0.7255160212516785,0.7255160212516785,16851748,IMMUTABLE,0.038463500689974506,0.03774221753437061,0.03204709162066462,0.05484929218131589,0.725116993699755,0.6973319947719574,1.0398447212175943
2023-06-28,0.704712986946106,0.7540150284767151,0.6820260286331177,0.7534430027008057,20879978,IMMUTABLE,-0.06465409963344437,-0.06683887119083576,0.041898958758568076,0.05614938550624196,0.726526277405875,0.6953127284844717,1.044891381449952
2023-06-29,0.6983389854431152,0.717519998550415,0.6936730146408081,0.7046229839324951,20339011,IMMUTABLE,-0.009044819126454051,-0.00908597183679401,0.04211101949911446,0.05604556607810228,0.7268738491194588,0.6926659603913625,1.0493858377402703
2023-06-30,0.7427229881286621,0.7567170262336731,0.6873390078544617,0.6983129978179932,29615521,IMMUTABLE,0.06355653001011241,0.061618508932953266,0.04228033493190672,0.05597046493141021,0.7273181336266654,0.69316499431928,1.0492712984459427
2023-07-01,0.7402889728546143,0.7460799813270569,0.7303789854049683,0.74276202917099,14741692,IMMUTABLE,-0.003277150852945221,-0.003282532472604578,0.04162288785869929,0.05578111543062185,0.7292205606188092,0.6929633259773255,1.052322010822648
2023-07-02,0.7536699771881104,0.7536699771881104,0.7208219766616821,0.7403690218925476,16344299,IMMUTABLE,0.018075379782975576,0.017913962325081762,0.04166926060925511,0.05409552787102087,0.7312397020203727,0.6912827591101328,1.0578011564496057
2023-07-03,0.7645559906959534,0.7831159830093384,0.7477070093154907,0.7537109851837158,21090291,IMMUTABLE,0.014444005781493408,0.014340684853635492,0.040653565526546004,0.05415097662746486,0.7368164147649493,0.6902563254038493,1.0674533324035227
2023-07-04,0.7522000074386597,0.7711790204048157,0.7418239712715149,0.7645270228385925,18095325,IMMUTABLE,-0.01616099201060006,-0.01629300508229154,0.03904965703235165,0.05400342034938568,0.7366414155278888,0.6881780922412872,1.0704226476154801
2023-07-05,0.7283779978752136,0.7625790238380432,0.7185919880867004,0.7523120045661926,15723681,IMMUTABLE,-0.03166978107932106,-0.032182114630324075,0.030446774194593778,0.05084832019524695,0.7400221313749041,0.6879903594652812,1.0756286351891078
2023-07-06,0.6928420066833496,0.7497109770774841,0.6928420066833496,0.7283110022544861,15087613,IMMUTABLE,-0.04878784270739611,-0.05001815268156021,0.0368063069126065,0.05145130845409392,0.7392368486949376,0.6860642592112224,1.0775038034262978
2023-07-07,0.7065219879150391,0.7082279920578003,0.6883779764175415,0.692870020866394,11093997,IMMUTABLE,0.019744734152560728,0.019552335341017055,0.02697499656589208,0.048385031893404186,0.7340652772358486,0.6869095583756765,1.0686490940258284
2023-07-08,0.7057129740715027,0.7152130007743835,0.6935709714889526,0.7064859867095947,9467537,IMMUTABLE,-0.0011450653445673753,-0.0011457214327794437,0.02703792045085616,0.04741658531185711,0.7291258488382611,0.686510690053304,1.0620750112159918
2023-07-09,0.6962739825248718,0.7116299867630005,0.6950700283050537,0.7057009935379028,8021666,IMMUTABLE,-0.01337511409514558,-0.013465366595432638,0.024756130179480102,0.047414847870752064,0.7209264210292271,0.6855157554149628,1.0516555094971218
2023-07-10,0.6971139907836914,0.7120569944381714,0.6780920028686523,0.6962530016899109,11938147,IMMUTABLE,0.0012064335016130912,0.0012057063455010867,0.02291680318129586,0.034475480950978486,0.7112918496131897,0.6884097894032796,1.033239010487844
2023-07-11,0.6957889795303345,0.7053589820861816,0.6895899772644043,0.6976280212402344,10202738,IMMUTABLE,-0.001900709598250061,-0.001902518238902305,0.02323553735705862,0.03432937182839186,0.7032331313405719,0.691535488764445,1.0169154624255463
2023-07-12,0.690962016582489,0.704351007938385,0.6831290125846863,0.6957889795303345,9734150,IMMUTABLE,-0.006937394942793884,-0.006961570542424794,0.02130331637829388,0.03400448981503854,0.6978879911558968,0.693850056330363,1.005819607260522
2023-07-13,0.7662630081176758,0.7662630081176758,0.680637001991272,0.6910330057144165,16193235,IMMUTABLE,0.1089799290381066,0.10344060995207105,0.040556754957077175,0.03855840797334303,0.7083767056465149,0.6987137238184611,1.0138296722944637
2023-07-14,0.7502660155296326,0.7970510125160217,0.7330229878425598,0.7661569714546204,26603181,IMMUTABLE,-0.020876634286887796,-0.021097632426103487,0.04255523629552293,0.03623072474577647,0.7146258524485997,0.704420558611552,1.01448750141132
2023-07-15,0.7498340010643005,0.7665129899978638,0.7371209859848022,0.7501230239868164,13412347,IMMUTABLE,-0.0005758150527810368,-0.0005759808979356883,0.04253406982459731,0.035044084418054434,0.7209288563047137,0.7089631259441376,1.0168777894402352
2023-07-16,0.7404530048370361,0.7580999732017517,0.7389600276947021,0.7498720288276672,13098110,IMMUTABLE,-0.012510764001031127,-0.012589682520477057,0.04245936169400213,0.03521773130529416,0.7272401452064514,0.7130200266838074,1.019943505077663
2023-07-17,0.7516059875488281,0.7597659826278687,0.7255200147628784,0.7402989864349365,17291163,IMMUTABLE,0.015062377543118455,0.014950066312931894,0.04236796346406091,0.03516031494834244,0.7350247161728996,0.7170318265755972,1.0250935717640777
2023-07-18,0.7292720079421997,0.757515013217926,0.7172390222549438,0.7516329884529114,16016828,IMMUTABLE,-0.029715010226920913,-0.030165446746847187,0.04503747987490709,0.0355401500760808,0.7398080059460231,0.7206489940484365,1.0265857748443605
2023-07-19,0.7254109978675842,0.743261992931366,0.7249469757080078,0.7293009757995605,15125414,IMMUTABLE,-0.005294334668774936,-0.005308399322520549,0.04495807839069784,0.03559176829093351,0.7447292889867511,0.7239928940931956,1.0286417105233165
2023-07-20,0.7378559708595276,0.7414299845695496,0.7246149778366089,0.7252429723739624,19866064,IMMUTABLE,0.01715575450127793,0.017010256275392183,0.017564447095332718,0.034379358746033456,0.7406711408070156,0.7265621264775594,1.0194188684150907
2023-07-21,0.7490509748458862,0.77012699842453,0.7356169819831848,0.7379289865493774,18556091,IMMUTABLE,0.015172343151628409,0.015058394288506916,0.017493800803846413,0.03331835086675245,0.7404975635664803,0.7283688922723134,1.0166518249514045
2023-07-22,0.7427279949188232,0.7576680183410645,0.7367380261421204,0.7490580081939697,10638993,IMMUTABLE,-0.008441321271044244,-0.008477150999423429,0.017772410625147502,0.03337847047791127,0.7394824198314122,0.7299296259880066,1.013087280613491
2023-07-23,0.7671279907226562,0.7895100116729736,0.7398189902305603,0.7427780032157898,18388447,IMMUTABLE,0.03285185959161252,0.03232377190743471,0.02087859082008394,0.03202418279867589,0.7432931321007865,0.7308467924594879,1.0170300256766722
2023-07-24,0.7069270014762878,0.7679619789123535,0.6975510120391846,0.7670980095863342,17928560,IMMUTABLE,-0.07847580843668256,-0.08172624984211257,0.038108525882475465,0.03530229348467709,0.7369104198047093,0.7301786263783773,1.009219378906941
2023-07-25,0.7074130177497864,0.7150400280952454,0.6979789733886719,0.7069979906082153,12774126,IMMUTABLE,0.0006875056016866221,0.0006872693779743298,0.03698720915002343,0.035139374224695395,0.7337877069200788,0.7291078607241313,1.0064185924306173
2023-07-26,0.7168800234794617,0.7241929769515991,0.6958019733428955,0.7073990106582642,15096446,IMMUTABLE,0.013382572121430458,0.01329381647882702,0.0375703292701891,0.03507627042328023,0.7325689962932042,0.7288198947906495,1.0051440712984812
2023-07-27,0.7280150055885315,0.7312999963760376,0.7102239727973938,0.7168840169906616,12814753,IMMUTABLE,0.015532560183536548,0.015413164728165252,0.03744247180877985,0.034470695765965585,0.7311631441116333,0.7279728949069977,1.0043823736116482
2023-07-28,0.7456300258636475,0.8780580163002014,0.7245849967002869,0.7279719710350037,183994310,IMMUTABLE,0.024195957693036618,0.023907873243988645,0.03825185140114685,0.03242808735992828,0.7306744371141706,0.7293367962042491,1.0018340510404564
2023-07-29,0.7514380216598511,0.7615560293197632,0.7402669787406921,0.7455599904060364,24844336,IMMUTABLE,0.0077893802485706765,0.007759199650366973,0.03819062469109403,0.03237743718574546,0.7319187266486031,0.7311067640781402,1.0011105937058136
2023-07-30,0.7522140145301819,0.7800830006599426,0.7345010042190552,0.7513179779052734,32195223,IMMUTABLE,0.0010326771443063265,0.001032144300069965,0.03575783510181128,0.030387454087300782,0.7297881586211068,0.7314231316248576,0.997764668721758
2023-07-31,0.7655379772186279,0.765591025352478,0.7437520027160645,0.7522079944610596,21711502,IMMUTABLE,0.0177129944817207,0.017557947613863704,0.008656082123396684,0.030537659513717716,0.7381611551557269,0.732264765103658,1.008052265154714
2023-08-01,0.8003600239753723,0.8003619909286499,0.7429479956626892,0.7653099894523621,36033976,IMMUTABLE,0.04548702715345443,0.044482831539318764,0.013887222003748865,0.03141424456222577,0.7514392989022392,0.7338210999965668,1.024008847532123
2023-08-02,0.7555480003356934,0.8003519773483276,0.754269003868103,0.8003519773483276,25961421,IMMUTABLE,-0.055989832447026155,-0.05761834218174405,0.03184082095987689,0.033139596385834656,0.7569632955959865,0.7335208336512248,1.0319588222574032
2023-08-03,0.7535369992256165,0.7621639966964722,0.7440360188484192,0.755295991897583,20565920,IMMUTABLE,-0.0026616457315530306,-0.002665194208477397,0.03182564621376924,0.03300729857658977,0.7606092946869987,0.7335654000441233,1.036866371616285
2023-08-04,0.737742006778717,0.7609350085258484,0.7342810034751892,0.7535290122032166,18727867,IMMUTABLE,-0.02096113722767612,-0.021183940842854167,0.031905724703609084,0.03269646600623419,0.7594824348177228,0.7338775336742401,1.0348898828054987
2023-08-05,0.7390279769897461,0.7391930222511292,0.728285014629364,0.737746000289917,12749233,IMMUTABLE,0.001743116427169511,0.0017415989628855428,0.03169442908074415,0.031277701778247076,0.7577095712934222,0.7354170660177867,1.0303127385883868
2023-08-06,0.7380409836769104,0.7528280019760132,0.736208975315094,0.7389839887619019,12469572,IMMUTABLE,-0.001335529024024229,-0.0013364216377407647,0.03166457184244934,0.031109018800032598,0.7556848526000977,0.736467699209849,1.026093681244767
2023-08-07,0.7331349849700928,0.7512800097465515,0.7165110111236572,0.7380110025405884,17474028,IMMUTABLE,-0.006647325575845353,-0.006669517443552079,0.03037693543362804,0.031141271869220388,0.7510558537074498,0.737381766239802,1.0185441084845064
2023-08-08,0.7321850061416626,0.7402560114860535,0.7144799828529358,0.7331219911575317,17393595,IMMUTABLE,-0.0012957761502391252,-0.0012966163940786066,0.021191288535312644,0.031021732598428046,0.7413165654454913,0.7385788003603617,1.003706801608432
2023-08-09,0.7241039872169495,0.7399380207061768,0.717743992805481,0.7321400046348572,16148138,IMMUTABLE,-0.011036853878362063,-0.011098211833678253,0.007872729634073995,0.031109378893479166,0.7368245635713849,0.739478466908137,0.9964111147849262
2023-08-10,0.7165520191192627,0.7276719808578491,0.7148159742355347,0.7241060137748718,11913838,IMMUTABLE,-0.010429397201239476,-0.010484164490244204,0.007863382762019174,0.031178897431819164,0.731540994984763,0.7401705682277679,0.9883411018845734
2023-08-11,0.711018979549408,0.7182859778404236,0.7068049907684326,0.7165729999542236,12455434,IMMUTABLE,-0.007721755604925384,-0.007751722725267251,0.004994938999399379,0.03118617043605166,0.7277234196662903,0.7408391336599985,0.9822961377203279
2023-08-12,0.7068110108375549,0.7141510248184204,0.7061160206794739,0.7110720276832581,11680047,IMMUTABLE,-0.005918222766036041,-0.00593580485050587,0.0039273786593112345,0.024459599794315324,0.723120995930263,0.7388574004173278,0.978701702820901
2023-08-13,0.6924290060997009,0.7067350149154663,0.689087986946106,0.7067350149154663,13718537,IMMUTABLE,-0.0203477372555525,-0.02055760422021314,0.005997419269419823,0.024445782025415513,0.7166049991335187,0.7369295001029968,0.9724200198707781
2023-08-14,0.7014700174331665,0.7022799849510193,0.6903110146522522,0.6923969984054565,16445849,IMMUTABLE,0.013056950609841689,0.012972443439327252,0.010348188460052275,0.0246104717450705,0.7120814323425293,0.7353173673152924,0.9684001276107492
2023-08-15,0.65761798620224,0.7164450287818909,0.6441890001296997,0.7014520168304443,25946009,IMMUTABLE,-0.0625144769428504,-0.06455396332917496,0.02393889672077603,0.02707098720206818,0.7014290009226117,0.7325562000274658,0.9575087903103038
2023-08-16,0.6321110129356384,0.6591820120811462,0.621209979057312,0.6577180027961731,21677584,IMMUTABLE,-0.03878691550683544,-0.039559162547925616,0.025465812764319855,0.027582833736525744,0.6882871474538531,0.7285730342070261,0.9447057674910795
2023-08-17,0.5903440117835999,0.643090009689331,0.5567770004272461,0.6321219801902771,26713889,IMMUTABLE,-0.06607542076836315,-0.06835959430110111,0.030900186012377494,0.029558324380241124,0.670257432120187,0.7239421010017395,0.925843974528809
2023-08-18,0.5985100269317627,0.6020209789276123,0.5776200294494629,0.5903720259666443,19232561,IMMUTABLE,0.013832638233241212,0.01373784049453722,0.03411052877953668,0.02980045670952387,0.6541847246033805,0.7197120686372122,0.9089533899884312
2023-08-19,0.6161230206489563,0.6195539832115173,0.5981630086898804,0.5985220074653625,13084673,IMMUTABLE,0.02942806790971564,0.029003374145851503,0.03943835642544355,0.03020319099445915,0.6412292974335807,0.7156543036301931,0.8960042497905933
2023-08-20,0.6101149916648865,0.6203799843788147,0.6054810285568237,0.6161640286445618,13505737,IMMUTABLE,-0.009751346375179493,-0.009799202112622796,0.03960485291356937,0.029945139773411282,0.6294701525143215,0.7110231041908264,0.8853019667070938
2023-08-21,0.6034510135650635,0.6176429986953735,0.5937489867210388,0.610168993473053,16416968,IMMUTABLE,-0.01092249525231015,-0.010982583647645709,0.037450900264821035,0.029953359567205025,0.6154674376760211,0.7063805381457011,0.8712972745422272
2023-08-22,0.5762209892272949,0.6102949976921082,0.5582090020179749,0.6034550070762634,20473729,IMMUTABLE,-0.04512383561492295,-0.046173617710358404,0.03445376271776996,0.02983514859850691,0.6038392952510289,0.7000169714291891,0.8626066508333374
2023-08-23,0.5725290179252625,0.5778210163116455,0.5541099905967712,0.5762349963188171,21711071,IMMUTABLE,-0.0064072141956914574,-0.006427828493222159,0.033398430901428675,0.026537932408355835,0.5953275816781181,0.6955370386441548,0.8559250602076057
2023-08-24,0.5809550285339355,0.6133700013160706,0.5725550055503845,0.5725550055503845,57388019,IMMUTABLE,0.014717176500865126,0.014609929823830225,0.02448338626703866,0.026797985887519006,0.5939862983567374,0.6913217723369598,0.8592038065701485
2023-08-25,0.5627490282058716,0.581121027469635,0.5542370080947876,0.580951988697052,35319141,IMMUTABLE,-0.03133805446870397,-0.031839597381211636,0.025547731537760018,0.026911340590292012,0.5888775842530387,0.6861840724945069,0.8581918582171009
2023-08-26,0.571636974811554,0.5744770169258118,0.5580639839172363,0.562703013420105,13645305,IMMUTABLE,0.015793801784107053,0.015670377559054455,0.022584625938261917,0.026919119715358406,0.5825224348476955,0.6809714714686076,0.8554285447397769
2023-08-27,0.5757830142974854,0.5782470107078552,0.5686929821968079,0.5716750025749207,11744695,IMMUTABLE,0.007252923916088783,0.007226747955385533,0.02359287966347371,0.02640335408355274,0.5776178666523525,0.6753099044164022,0.8553374722847069
2023-08-28,0.5724740028381348,0.5763329863548279,0.5568709969520569,0.5758489966392517,14041389,IMMUTABLE,-0.005746976512302826,-0.005763553925667183,0.02357546898748518,0.026229000185268716,0.5731925794056484,0.6693444371223449,0.8563492091903028
2023-08-29,0.5945010185241699,0.597012996673584,0.5518119931221008,0.5724610090255737,19077762,IMMUTABLE,0.038476883800543815,0.03775510486678461,0.021930341079326354,0.02754071923394683,0.5758040121623448,0.6640873372554779,0.8670606708780384
2023-08-30,0.5822129845619202,0.5981580018997192,0.577938973903656,0.5945299863815308,16867746,IMMUTABLE,-0.020669491858490652,-0.020886095731841827,0.023733597964251216,0.02721046515295376,0.5771874359675816,0.657976504166921,0.8772158767255249
2023-08-31,0.5610979795455933,0.5865190029144287,0.5588030219078064,0.5821899771690369,17344772,IMMUTABLE,-0.03626680540664107,-0.036940791773251554,0.027074831585585244,0.02569773831633479,0.5743507146835327,0.6500011026859284,0.8836149851288039
2023-09-01,0.5548269748687744,0.5674690008163452,0.5518580079078674,0.5611240267753601,14266877,IMMUTABLE,-0.01117630949570958,-0.01123923372238345,0.024680999120276458,0.024200126598880767,0.5732189927782331,0.643310401837031,0.8910457395704382
2023-09-02,0.5518519878387451,0.5618910193443298,0.5433949828147888,0.5548290014266968,12965402,IMMUTABLE,-0.00536200863473324,-0.005376435798527705,0.023415522436545485,0.024175709090238515,0.5703925660678318,0.6365875681241353,0.8960158737448115
2023-09-03,0.5429319739341736,0.553409993648529,0.5330479741096497,0.5518649816513062,12209559,IMMUTABLE,-0.016163779602399564,-0.01629583846836998,0.023048033122596224,0.02411680624644108,0.5656995603016445,0.6300939003626506,0.8978019942361862
2023-09-04,0.551567018032074,0.5598989725112915,0.542481005191803,0.542946994304657,13061054,IMMUTABLE,0.01590446780160959,0.015779316981082463,0.024827179335633002,0.024490191918727575,0.5627128481864929,0.6238452017307281,0.9020071752180889
2023-09-05,0.5497869849205017,0.5566989779472351,0.53923499584198,0.5515289902687073,15049239,IMMUTABLE,-0.003227229064426629,-0.0032324477992036315,0.016368929127637256,0.024470162483190786,0.5563251291002546,0.6175700684388479,0.9008291650315663
2023-09-06,0.5456740260124207,0.5532950162887573,0.5363940000534058,0.5498800277709961,11550565,IMMUTABLE,-0.007481004499725996,-0.007509127560843489,0.015817147992299933,0.024466920076431004,0.5511052778788975,0.6113213698069254,0.9014984672512821
2023-09-07,0.5519570112228394,0.5519570112228394,0.5379289984703064,0.5456460118293762,9781184,IMMUTABLE,0.01151417313433889,0.011448389523876513,0.011755332922733912,0.02472968243031897,0.5497994252613613,0.605313769976298,0.9082883167896371
2023-09-08,0.5422459840774536,0.5570330023765564,0.5419020056724548,0.552012026309967,9916242,IMMUTABLE,-0.017593810655419206,-0.017750421380501164,0.01278847732303691,0.02477504267410553,0.5480021408626011,0.5992518365383148,0.9144771988154985
2023-09-09,0.5349000096321106,0.5440689921379089,0.5347279906272888,0.5422549843788147,8507354,IMMUTABLE,-0.013547310005146529,-0.013639912099919058,0.013382226859812711,0.024785445505774762,0.5455804296902248,0.5931967695554098,0.9197292663935568
2023-09-10,0.5143089890480042,0.5349950194358826,0.5080519914627075,0.5349040031433105,11785025,IMMUTABLE,-0.03849508359191911,-0.03925560069744046,0.01857406085894694,0.025358808628851776,0.5414914318493435,0.5866397698720296,0.9230390772304188
2023-09-11,0.4897049963474273,0.5187649726867676,0.4828729927539825,0.5143030285835266,15546468,IMMUTABLE,-0.04783893189601707,-0.04902106931679171,0.020902339418059676,0.02627748293584024,0.5326540001801082,0.5794029027223587,0.9193153808470789
2023-09-12,0.4859200119972229,0.5104820132255554,0.4851149916648865,0.4898279905319214,11842685,IMMUTABLE,-0.007729111155564183,-0.007759135543136694,0.020471195447082334,0.02624152284278603,0.523530146905354,0.5725192695856094,0.9144323601269984
2023-09-13,0.4938549995422363,0.5042099952697754,0.4830609858036041,0.4859449863433838,13111157,IMMUTABLE,0.016329822499795865,0.016197924920558302,0.02407123814560183,0.026352913818641924,0.5161274288381849,0.5655987689892451,0.9125328008767273
2023-09-14,0.5004919767379761,0.5040220022201538,0.4911899864673614,0.4938690066337585,10476921,IMMUTABLE,0.013439121203372872,0.013349617225526472,0.024417816248373064,0.02475474010815224,0.508775281054633,0.5603612353404362,0.9079416079621153
2023-09-15,0.5141860246658325,0.5144230127334595,0.49372398853302,0.5005239844322205,10840565,IMMUTABLE,0.027361173733711386,0.026993547538528093,0.028740878304773346,0.02491267771649864,0.5047667154244014,0.5564304023981095,0.9071515741213144
2023-09-16,0.5375630259513855,0.539110004901886,0.5137230157852173,0.5142970085144043,14123840,IMMUTABLE,0.045464093079436774,0.04446089503989832,0.03451269374982715,0.02380312192949234,0.505147146327155,0.5546710362037023,0.9107148442155907
2023-09-17,0.5211219787597656,0.5375329852104187,0.5135499835014343,0.5375329852104187,11086235,IMMUTABLE,-0.030584408521256323,-0.03106187206213318,0.03303880726324738,0.024112204135374148,0.5061204305716923,0.552091434597969,0.9167329881512242
2023-09-18,0.532522976398468,0.5392330288887024,0.5152720212936401,0.5210450291633606,12529685,IMMUTABLE,0.02187779081173269,0.021641906169337304,0.024615951301563424,0.02379363319793752,0.5122372848646981,0.5493047664562861,0.9325192791777134
2023-09-19,0.5448079705238342,0.5478950142860413,0.5290499925613403,0.5324959754943848,11016528,IMMUTABLE,0.023069416100036655,0.02280734009266997,0.023202440772655188,0.024299612367662593,0.5206498503684998,0.5471278657515843,0.9516054344139244
2023-09-20,0.5526700019836426,0.5537149906158447,0.5320770144462585,0.5447900295257568,17851108,IMMUTABLE,0.014430830467199174,0.014327697049697049,0.023215131727451425,0.02447941270320171,0.5290519935744149,0.545435165365537,0.9699631178342846
2023-09-21,0.6763970255851746,0.7613530158996582,0.5526469945907593,0.5526469945907593,483714096,IMMUTABLE,0.22387142989026199,0.20201913763362006,0.0738428458736266,0.043730714941314086,0.5541812862668719,0.5487743665774664,1.009852719111366
2023-09-22,0.6511759757995605,0.6952409744262695,0.6435629725456238,0.6764370203018188,134062809,IMMUTABLE,-0.03728734579191029,-0.03800029778674444,0.08002237510425961,0.04439856590626394,0.5737512792859759,0.551395931839943,1.0405431853141096
2023-09-23,0.6190680265426636,0.6520460247993469,0.6062110066413879,0.6511440277099609,53286516,IMMUTABLE,-0.04930763795066695,-0.05056475767768545,0.08575571659624935,0.04545811669794961,0.5853948507990155,0.5526663651069005,1.059219246472118
2023-09-24,0.5909839868545532,0.6199110150337219,0.5823180079460144,0.6190879940986633,29678632,IMMUTABLE,-0.045365030148548535,-0.04642624209215313,0.08746503815543993,0.045909620839104825,0.5953751376696995,0.55360753039519,1.075446241211159
2023-09-25,0.6068789958953857,0.6187059879302979,0.5857980251312256,0.5909969806671143,40948060,IMMUTABLE,0.026895837102849374,0.026540501365272744,0.08751887346125624,0.04606686576677945,0.6059974261692592,0.5547822644313176,1.0923157876909422
2023-09-26,0.5873889923095703,0.6069030165672302,0.5775830149650574,0.6068339943885803,23967580,IMMUTABLE,-0.032115139455535124,-0.03264214449869104,0.08956758599500331,0.04648390086984553,0.6120804292815072,0.5551691303650538,1.1025116415947536
2023-09-27,0.5671120285987854,0.5880330204963684,0.5552459955215454,0.5873410105705261,30974088,IMMUTABLE,-0.03452050340789903,-0.035130413390738115,0.09117468460894187,0.04693101647947713,0.6141435759408134,0.5549903978904088,1.1065841468163296
2023-09-28,0.5796769857406616,0.5812029838562012,0.5579620003700256,0.5671250224113464,20415067,IMMUTABLE,0.022156040620266104,0.021914161751386264,0.03224613523749099,0.0465756962357654,0.6003264273915973,0.5544962634642919,1.0826518895564328
2023-09-29,0.5827760100364685,0.5851089954376221,0.5623440146446228,0.5797349810600281,18498775,IMMUTABLE,0.005346122706333167,0.005331882921549245,0.0328265391036346,0.0464323728468162,0.5905550037111554,0.5545150309801101,1.0649936804550535
2023-09-30,0.5900220274925232,0.592507004737854,0.5768830180168152,0.58262699842453,17736272,IMMUTABLE,0.012433623435531116,0.012356960748886498,0.030251451891131608,0.04594857656518183,0.5864055752754211,0.5554791659116745,1.0556751922693428
2023-10-01,0.6147940158843994,0.6208140254020691,0.5872169733047485,0.589972972869873,20952450,IMMUTABLE,0.04198485350988035,0.04112740724652522,0.02925177207247941,0.046433168550294945,0.5898070079939706,0.557478067278862,1.05799141277954
2023-10-02,0.5789719820022583,0.6165599822998047,0.5747600197792053,0.6147509813308716,22214595,IMMUTABLE,-0.058266725043850776,-0.06003319210456271,0.036377358689210174,0.04784118827100341,0.5858202917235238,0.5583820670843125,1.049138799858822
2023-10-03,0.5684530138969421,0.5789920091629028,0.5659270286560059,0.5789920091629028,18072740,IMMUTABLE,-0.018168354311271506,-0.0183354255607389,0.035056473528596525,0.04786893656497801,0.5831151519502912,0.5592327684164047,1.0427056225648488
2023-10-04,0.569998025894165,0.5752530097961426,0.5492500066757202,0.5685240030288696,18764243,IMMUTABLE,0.0027179238379462234,0.0027142369618731437,0.032395153346518414,0.04779421304370256,0.5835274372782026,0.5598471353451411,1.0422977995921383
2023-10-05,0.5533570051193237,0.5718290209770203,0.5533570051193237,0.5700899958610535,16335398,IMMUTABLE,-0.02919487440107582,-0.029629525375474378,0.03263324388808795,0.04811852980600549,0.5797674400465829,0.5599661360184351,1.0353616098447351
2023-10-06,0.5593680143356323,0.5647259950637817,0.5504429936408997,0.5533130168914795,16751043,IMMUTABLE,0.010862804953580385,0.010804228509051514,0.033030918306853015,0.04813331246305041,0.5764234406607491,0.5604226022958756,1.0285513794399497
2023-10-07,0.5598099827766418,0.5663040280342102,0.5526880025863647,0.5593100190162659,13214932,IMMUTABLE,0.0007901210467575748,0.000789809065447827,0.03224794345810453,0.04809152220666562,0.5721074342727661,0.5606843680143356,1.0203734345205402
2023-10-08,0.5586649775505066,0.5608149766921997,0.5507500171661377,0.5598559975624084,10462554,IMMUTABLE,-0.0020453462091833963,-0.002047440786318715,0.02462254708960905,0.047971667828970624,0.5640890002250671,0.5612316677967707,1.0050911817565702
2023-10-09,0.5355830192565918,0.5587829947471619,0.5285030007362366,0.5587090253829956,15763725,IMMUTABLE,-0.04131627938289373,-0.04219405972855178,0.019392758059171296,0.04855180138741378,0.5578905769756862,0.5612544347842534,0.9940065367860118
2023-10-10,0.5406290292739868,0.5518220067024231,0.5247179865837097,0.535614013671875,23603691,IMMUTABLE,0.009421527262755802,0.009377421487533325,0.02047479099934483,0.04800323359783123,0.5539157220295498,0.5621317694584529,0.9853841254394529
2023-10-11,0.525081992149353,0.5406609773635864,0.5070739984512329,0.5406609773635864,22468198,IMMUTABLE,-0.02875731098922296,-0.02917890473064225,0.021434895017304237,0.04741387904711898,0.5474991457802909,0.5633110026518504,0.9719305023386311
2023-10-12,0.5181130170822144,0.5297669768333435,0.5161669850349426,0.524990975856781,14848365,IMMUTABLE,-0.013272165435748606,-0.013361027762924383,0.02000433242949412,0.047465965292092537,0.5424642903464181,0.5643841028213501,0.9611615345553585
2023-10-13,0.517982006072998,0.5236700177192688,0.5139200091362,0.518106997013092,10346476,IMMUTABLE,-0.00025286183689055,-0.00025289381183510356,0.01852476441812747,0.04739290728036298,0.536552003451756,0.5651883363723755,0.9493331141537351
2023-10-14,0.530023992061615,0.5317400097846985,0.5172269940376282,0.5179700255393982,8410086,IMMUTABLE,0.023247884767101157,0.02298176921706957,0.02237396183735982,0.04750781048822956,0.532296861921038,0.5661727368831635,0.9401668912060027
2023-10-15,0.5275279879570007,0.5327640175819397,0.5251539945602417,0.5300570130348206,9481899,IMMUTABLE,-0.0047092285292702485,-0.0047203518812841344,0.022281828500535727,0.04728274675437472,0.5278487205505371,0.566617468992869,0.9315786212676408
2023-10-16,0.5436429977416992,0.5651410222053528,0.5275639891624451,0.5275639891624451,41985300,IMMUTABLE,0.030548160766044496,0.030090855594543303,0.020582985289435893,0.046896964162059386,0.5290001460484096,0.5668201347192129,0.9332769138669743
2023-10-17,0.5327810049057007,0.5461400151252747,0.5292249917984009,0.5435969829559326,16190481,IMMUTABLE,-0.019980010560458616,-0.020182310138256197,0.021842890887114604,0.04668707829264837,0.527878999710083,0.5672087689240773,0.9306608582786936
2023-10-18,0.515953004360199,0.5372949838638306,0.5152620077133179,0.5327240228652954,14619545,IMMUTABLE,-0.0315852111666034,-0.03209478262488937,0.022464567803569507,0.04688780815696422,0.5265748585973468,0.5666564365228017,0.9292665266957713
2023-10-19,0.5182700157165527,0.5209649801254272,0.5069969892501831,0.5159400105476379,12884797,IMMUTABLE,0.004490741088380545,0.004480687797201066,0.022035695087664765,0.04668515806210723,0.5265972869736808,0.5657718380292257,0.9307591003610164
2023-10-20,0.5369150042533875,0.544651985168457,0.5147659778594971,0.518231987953186,18806581,IMMUTABLE,0.03597543359913735,0.03534343081399439,0.025750177623694828,0.04708932556254421,0.5293020009994507,0.5652466714382172,0.9364088773007568
2023-10-21,0.5583680272102356,0.563942015171051,0.5345280170440674,0.536969006061554,13254897,IMMUTABLE,0.03995608762448333,0.03917848882385004,0.02823005811684838,0.028665780197071927,0.5333511488778251,0.5613123714923859,0.9501859854964196
2023-10-22,0.5787619948387146,0.5787699818611145,0.5488389730453491,0.5584290027618408,16825128,IMMUTABLE,0.03652423963165119,0.03587303866139727,0.02945785548251777,0.029027591617240913,0.5406702927180699,0.5588985721270243,0.9673853534111166
2023-10-23,0.6360980272293091,0.6360980272293091,0.5824229717254639,0.5871639847755432,46964366,IMMUTABLE,0.09906668527288587,0.09446135171793439,0.042675984347974025,0.032821509240148664,0.5538781540734428,0.5594662388165792,0.9900117570008214
2023-10-24,0.6319620013237,0.6556670069694519,0.6112610101699829,0.6360920071601868,46350516,IMMUTABLE,-0.006502183199065481,-0.006523414475383032,0.04066751798414853,0.03162396850769183,0.5680468678474426,0.5608321726322174,1.0128642677208828
2023-10-25,0.6422399878501892,0.6434130072593689,0.6158859729766846,0.6319550275802612,27922884,IMMUTABLE,0.01626361475050886,0.016132778838614845,0.03283447468645702,0.031404458069742715,0.5860878654888698,0.5620108723640442,1.0428407959859354
2023-10-26,0.6539329886436462,0.666018009185791,0.6210610270500183,0.6423100233078003,27263243,IMMUTABLE,0.018206591016852958,0.018042835669677983,0.031356585216119316,0.03084108328903937,0.6054682901927403,0.5642290055751801,1.0730896217849002
2023-10-27,0.6379709839820862,0.6644870042800903,0.6303380131721497,0.6538810133934021,25489379,IMMUTABLE,-0.0244092360207544,-0.02471207970112773,0.03815593319547128,0.0304463264172238,0.6199048587254116,0.5665909707546234,1.0940959011397255
2023-10-28,0.6593080163002014,0.6608459949493408,0.6352019906044006,0.6379330158233643,17082150,IMMUTABLE,0.03344514539663512,0.03289802219177816,0.037829431568441915,0.030734794301841135,0.6343248571668353,0.5692453384399414,1.1143259581277365
2023-10-29,0.675154983997345,0.6791819930076599,0.6456120014190674,0.6594449877738953,19640880,IMMUTABLE,0.024035757650985312,0.02375144558868201,0.03745701662899825,0.030939612224281522,0.6480952841894967,0.5723246375719706,1.1323910271257505
2023-10-30,0.6813219785690308,0.6882410049438477,0.6639670133590698,0.6751559972763062,24770551,IMMUTABLE,0.009134190990005342,0.00909272657216094,0.019554397050525293,0.030918232751825002,0.6545558486665998,0.5753679692745208,1.137629975286818
2023-10-31,0.6576489806175232,0.6864690184593201,0.6364399790763855,0.6812679767608643,29854918,IMMUTABLE,-0.03474568367987718,-0.03536367213567044,0.025656076085499874,0.03097270774702577,0.658225417137146,0.5767964680989583,1.1411744931562535
2023-11-01,0.6770510077476501,0.6791039705276489,0.632390022277832,0.6576290130615234,25987568,IMMUTABLE,0.02950210173200407,0.029075288991155093,0.026966804195749247,0.029004376417171223,0.6631984199796405,0.580065768957138,1.143315905663527
2023-11-02,0.6945739984512329,0.6964390277862549,0.6620789766311646,0.6770870089530945,45823380,IMMUTABLE,0.02588134498444461,0.025552091897503983,0.027596230746324144,0.028882048007617532,0.6690042785235814,0.5842698017756144,1.1450262815063457
2023-11-03,0.6968709826469421,0.7040719985961914,0.6596739888191223,0.6947669982910156,33881092,IMMUTABLE,0.003307040287760632,0.003301584056037662,0.023716485039182923,0.028879466465286534,0.6774185640471322,0.5884989003340403,1.1510957177024796
2023-11-04,0.8183220028877258,0.8431410193443298,0.6938909888267517,0.6968539953231812,165385609,IMMUTABLE,0.1742804956226951,0.16065561588597382,0.0613020492771609,0.03955033762550765,0.70013484784535,0.5973310669263204,1.1721051969522123
2023-11-05,0.9297770261764526,0.9823409914970398,0.8188750147819519,0.8188750147819519,249945320,IMMUTABLE,0.13619947025183254,0.12768889489525406,0.07109656263095485,0.04473917022091286,0.7365094252995082,0.6096780339876811,1.208030114652925
2023-11-06,0.910971999168396,1.146016001701355,0.8772979974746704,0.929718017578125,267236338,IMMUTABLE,-0.020225308303636003,-0.020432640182336304,0.0744290383936168,0.04516902770355672,0.7693165710994175,0.6213834345340729,1.2380706152494525
2023-11-07,0.8511450290679932,0.9140759706497192,0.8050090074539185,0.911450982093811,89995980,IMMUTABLE,-0.06567377499529892,-0.06792962442945294,0.08078076376702706,0.04762321626886719,0.796958863735199,0.6311327695846558,1.2627435971351515
2023-11-08,0.8564040064811707,0.8639000058174133,0.8293009996414185,0.8511379957199097,49692799,IMMUTABLE,0.006178708955083767,0.006159698997385717,0.08160817718223341,0.046458577883909745,0.8225807206971305,0.6418268024921417,1.2816241352077251
2023-11-09,0.901242971420288,0.9111160039901732,0.8159160017967224,0.8564559817314148,113375124,IMMUTABLE,0.05235725732222285,0.05103265488013664,0.08175902880002942,0.04688527759342323,0.8521048596927098,0.6538472672303518,1.3032169780293834
2023-11-10,1.1087520122528076,1.148028016090393,0.891664981842041,0.9015510082244872,377236720,IMMUTABLE,0.23024761070314015,0.20721545863903285,0.10158643586387146,0.057511294275744904,0.910945006779262,0.6733029345671336,1.3529497051203385
2023-11-11,1.1675200462341309,1.1693899631500244,1.0244590044021606,1.1084200143814087,138431453,IMMUTABLE,0.053003767598054585,0.05164681111130135,0.09268407941248588,0.05724347553199981,0.9608304415430341,0.6949498355388641,1.3825896379959657
2023-11-12,1.182705044746399,1.195011019706726,1.0857290029525757,1.1669830083847046,99931009,IMMUTABLE,0.013006199389250517,0.01292234507926201,0.08677177946429546,0.05707683166626494,0.996963015624455,0.7171072701613108,1.3902564610733783
2023-11-13,1.134634017944336,1.2190769910812378,1.085510015487671,1.1826319694519043,104271182,IMMUTABLE,-0.04064498330804922,-0.04149407793027367,0.08931671988879523,0.058450991732650365,1.0289147325924464,0.7372609376907349,1.3955910044756148
2023-11-14,1.114382028579712,1.2251100540161133,1.0853519439697266,1.1346559524536133,168371871,IMMUTABLE,-0.017848917839882295,-0.018010130974715835,0.08173878196771532,0.058736580873113266,1.0665200182369776,0.7568227390448252,1.4092071540860636
2023-11-15,1.2112940549850464,1.2286570072174072,1.0866400003433228,1.1145689487457275,99264981,IMMUTABLE,0.08696481450696902,0.08338923825635924,0.08185868228023095,0.05969633363665782,1.1172185965946742,0.7790777742862701,1.4340270425737431
2023-11-16,1.11768901348114,1.227403998374939,1.1029119491577148,1.2111010551452637,86193240,IMMUTABLE,-0.07727689335110466,-0.08042608228255498,0.09541342316984829,0.062285104812987685,1.1481394597462244,0.7985747079054515,1.4377358165495022
2023-11-17,1.1743830442428589,1.216431975364685,1.0853780508041382,1.117462992668152,91503815,IMMUTABLE,0.050724333940744826,0.049479768186243694,0.05813550248536468,0.061495912556303406,1.157515321459089,0.8205223759015401,1.4107053694754899
2023-11-18,1.1414170265197754,1.1775590181350708,1.058017015457153,1.1745630502700806,69095989,IMMUTABLE,-0.02807092446088333,-0.028472444736308434,0.05600761617430491,0.062209869736766676,1.1537863186427526,0.8412939429283142,1.3714425598105913
2023-11-19,1.3552980422973633,1.3568450212478638,1.119555950164795,1.1416430473327637,229391815,IMMUTABLE,0.18738200921158454,0.17175089132613264,0.08715389510276265,0.06764030107537823,1.178442461150033,0.86857337752978,1.3567563681280672
2023-11-20,1.348160982131958,1.394484043121338,1.301216959953308,1.3553450107574463,147776182,IMMUTABLE,-0.005266044768505118,-0.005279959253287663,0.08394854788587752,0.06793823754091638,1.2089463131768363,0.8948998093605042,1.3509292331180067
2023-11-21,1.2656110525131226,1.3556150197982788,1.2297580242156982,1.348026990890503,111472055,IMMUTABLE,-0.06123150774493746,-0.06318637729082079,0.08933682145514776,0.06998825510518865,1.2305504594530379,0.917794777949651,1.3407686435110053
2023-11-22,1.3859460353851318,1.3914179801940918,1.258165955543518,1.2652219533920288,103945699,IMMUTABLE,0.09508054044965886,0.0908279134856435,0.09028103002916987,0.069868883929517,1.2555007423673357,0.9427897115548451,1.331686936100277
2023-11-23,1.417098045349121,1.495857000350952,1.37716805934906,1.385864019393921,143730333,IMMUTABLE,0.02247707282147715,0.022228186014945965,0.07902928928332845,0.06960464561629698,1.2982734612056188,0.9689609130223592,1.339861540086355
2023-11-24,1.424124002456665,1.4499889612197876,1.3867549896240234,1.4168449640274048,98767708,IMMUTABLE,0.00495798941407255,0.004945739059291498,0.07935854945342517,0.06969432755977474,1.333950740950448,0.9950237135092418,1.3406220603988233
2023-11-25,1.419687032699585,1.4371860027313232,1.3608009815216064,1.4240959882736206,66914029,IMMUTABLE,-0.0031155782427837453,-0.0031204417610855096,0.07691692631805915,0.06989018525583025,1.3737035989761353,1.0205488483111063,1.3460439461074896
2023-11-26,1.36006498336792,1.4195319414138794,1.3289200067520142,1.4195319414138794,63570157,IMMUTABLE,-0.04199661471746463,-0.04290396731967515,0.04939194461887735,0.07042082242294641,1.3743845905576433,1.044618648290634,1.3156806963063727
2023-11-27,1.3427180051803589,1.4075169563293457,1.304775953292847,1.360008955001831,78260225,IMMUTABLE,-0.012754521585141343,-0.01283655880575127,0.04962141258988252,0.07074346730329949,1.3736070224217005,1.067398981253306,1.2868730873331495
2023-11-28,1.3443820476531982,1.3757109642028809,1.2698299884796145,1.3428809642791748,65526103,IMMUTABLE,0.0012393089736038032,0.001238541664128026,0.04136071155474604,0.07086230399743153,1.3848600217274256,1.0897065500418346,1.2708559214168804
2023-11-29,1.2783440351486206,1.3449980020523071,1.2593810558319092,1.344441056251526,55049057,IMMUTABLE,-0.04912146262281314,-0.05036894554309208,0.02626568226635926,0.07208454952188727,1.369488307407924,1.1096072852611543,1.2342099097570407
2023-11-30,1.281770944595337,1.2881319522857666,1.2378900051116943,1.278525948524475,50348921,IMMUTABLE,0.002680741140484777,0.002677154362672244,0.02289955670448099,0.0713905537275227,1.3501558644430978,1.1304113507270812,1.1943934069440092
2023-12-01,1.4442319869995115,1.4727020263671875,1.2685099840164185,1.2817989587783811,103520838,IMMUTABLE,0.1267473280535818,0.1193350112111311,0.05593710499352884,0.0735574186180119,1.3530284336635046,1.1559840500354768,1.1704559709296858
2023-12-02,1.413182020187378,1.4620779752731323,1.383615016937256,1.4441759586334229,82131265,IMMUTABLE,-0.021499293113318996,-0.021733769727584392,0.056658991731639116,0.07405572109593825,1.3520991461617606,1.1799376507600148,1.1459072818727787
2023-12-03,1.4317419528961182,1.48683500289917,1.387112021446228,1.4131200313568115,101124565,IMMUTABLE,0.013133433941000305,0.013047938152734351,0.053567921003334615,0.07398459862226212,1.3623387132372176,1.2044333497683206,1.1311034466948884
2023-12-04,1.422163009643555,1.4659279584884644,1.3844560384750366,1.431743025779724,164834773,IMMUTABLE,-0.0066904117974521116,-0.006712892930592888,0.05323251244930868,0.06949899792382419,1.3736879995891027,1.2245613833268483,1.1217796170063048
2023-12-05,1.4197900295257568,1.4983220100402832,1.3831080198287964,1.422132968902588,131041009,IMMUTABLE,-0.0016685711143569204,-0.0016699647295852443,0.053307312050957414,0.06643119619170307,1.3844605684280396,1.2408951501051584,1.115695043461742
2023-12-06,1.376757025718689,1.4813250303268433,1.3444370031356812,1.419556975364685,126647905,IMMUTABLE,-0.030309414006409074,-0.030778241882532364,0.05016636694837029,0.0666432129093148,1.3985195670809065,1.2564213176568348,1.1130976109901398
2023-12-07,1.5346009731292725,1.535662055015564,1.3689390420913696,1.377918004989624,137085936,IMMUTABLE,0.11464909527386391,0.10853964262076274,0.061953556484851055,0.06697094342428207,1.4346381425857544,1.2792031824588777,1.1215092037436152
2023-12-08,1.5809789896011353,1.5953489542007446,1.4837470054626465,1.5349270105361938,145322288,IMMUTABLE,0.03022154767521834,0.0297738739422771,0.046790175330186236,0.06694571066281514,1.4541734286717005,1.3033556818962098,1.115714957068412
2023-12-09,1.928176999092102,1.9885029792785645,1.565271019935608,1.581138014793396,317315936,IMMUTABLE,0.21960950257698308,0.19853072765374305,0.08109026570852966,0.07428433898664197,1.527744139943804,1.3375868161519369,1.1421644722388375
2023-12-10,1.838457942008972,2.0012810230255127,1.8051789999008176,1.9281320571899412,209029816,IMMUTABLE,-0.04653050893428101,-0.04764785123834429,0.0879546895291281,0.06698330541903896,1.5858464241027832,1.361910347143809,1.1644279136498314
2023-12-11,2.0482659339904785,2.0619208812713623,1.7076430320739746,1.8383640050888064,384101703,IMMUTABLE,0.11412172516290431,0.10806640408410735,0.08941264786239617,0.06876218866586875,1.6752896990094865,1.391268543402354,1.2041454591595648
2023-12-12,1.988548994064331,2.242988109588623,1.9598309993743896,2.0480339527130127,289688941,IMMUTABLE,-0.02915487629567981,-0.029588325261894685,0.09277128612702715,0.06932189088560234,1.7565409796578544,1.4181300083796182,1.2386318386033668
2023-12-13,2.064827919006348,2.097053050994873,1.965047001838684,1.988353967666626,232755715,IMMUTABLE,0.038359087540565495,0.0376416666735617,0.08646201287371355,0.06850757128058098,1.8548368215560913,1.4491364717483521,1.279960071199002
2023-12-14,2.191131114959717,2.286947011947632,2.009098052978516,2.064286947250366,241958206,IMMUTABLE,0.061168872616827574,0.05937101060174584,0.08361292792187988,0.0684854781725083,1.9486268418175834,1.4850281079610188,1.3121817906147901
2023-12-15,2.1632020473480225,2.294236898422241,2.068567037582397,2.191226005554199,171052142,IMMUTABLE,-0.012746415502482566,-0.012828348031878462,0.08689129684046534,0.06778686941324727,2.031801564352853,1.5167583743731181,1.3395683839178434
2023-12-16,2.094939947128296,2.295501947402954,2.090795993804932,2.162587881088257,173310615,IMMUTABLE,-0.03155604456985994,-0.03206466520219962,0.0576999432656861,0.06588100665258789,2.055624842643738,1.54933340549469,1.3267801722685977
2023-12-17,1.988585948944092,2.143667936325073,1.9759399890899656,2.094990968704224,129335132,IMMUTABLE,-0.05076708682269959,-0.052101080372185575,0.05848449071107792,0.06696521162107621,2.0770717007773265,1.5764735023180643,1.3175430463773588
2023-12-18,2.162949085235596,2.1662731170654297,1.798954963684082,1.988154053688049,178258318,IMMUTABLE,0.0876819713948438,0.08404880000084328,0.052225023035273765,0.06744767610085577,2.0934550080980574,1.6105245709419251,1.2998590930368032
2023-12-19,2.068260908126831,2.228080987930298,2.0654571056365967,2.162381887435913,150101056,IMMUTABLE,-0.043777349062495974,-0.044764494577181776,0.05430842583449616,0.06217212342737544,2.1048424243927,1.6342899998029072,1.2879246796141082
2023-12-20,2.3873751163482666,2.4107000827789307,2.0472919940948486,2.0679969787597656,199715114,IMMUTABLE,0.15429107950913634,0.1434863715564867,0.07536451328291657,0.06636535715420196,2.1509205954415456,1.668930470943451,1.2888018002485293
2023-12-21,2.2971019744873047,2.4289000034332275,2.2752859592437744,2.3875720500946045,157145974,IMMUTABLE,-0.037812717927228734,-0.03854616735477936,0.07608193529476175,0.06545880361094682,2.166059289659773,1.7033135016759238,1.271673880074657
2023-12-22,2.2988851070404053,2.3740909099578857,2.220395088195801,2.297250986099243,121818704,IMMUTABLE,0.0007762531106172421,0.0007759519819959802,0.07567119592976691,0.06414423376517546,2.1854425839015414,1.7337448040644328,1.2605330258398986
2023-12-23,2.455876111984253,2.564387083053589,2.2939510345458984,2.298892974853516,227961824,IMMUTABLE,0.06829006132714421,0.06605929666624395,0.0759511547875691,0.06476669227516325,2.237004893166678,1.7683707396189372,1.2650089955959836
2023-12-24,2.390394926071167,2.537466049194336,2.332696914672852,2.45581603050232,129313348,IMMUTABLE,-0.026663065613753534,-0.027024972682866175,0.07234015504650575,0.06525568117755177,2.2944061756134033,1.8005797704060873,1.2742596653165457
2023-12-25,2.4054839611053467,2.5248770713806152,2.3671600818634038,2.390141010284424,116567183,IMMUTABLE,0.0063123607189796704,0.0062925212156865785,0.06782181906617465,0.06517687334511417,2.3290540150233676,1.8334396680196126,1.2703194196398577
2023-12-26,2.3646790981292725,2.450232982635498,2.206233024597168,2.4068100452423096,113875431,IMMUTABLE,-0.01696326545337845,-0.017108789699409262,0.06447041899415981,0.06451829161106462,2.371399470738002,1.8669268051783243,1.270215556475173
2023-12-27,2.497205972671509,2.597186088562012,2.318695068359375,2.364953994750977,154737648,IMMUTABLE,0.0560443379598865,0.05453017110709071,0.03999464952197719,0.06456461477826353,2.387089593069894,1.9054097374280294,1.2527959452396042
2023-12-28,2.31964111328125,2.519316911697388,2.2699499130249023,2.497328996658325,109110756,IMMUTABLE,-0.07110541194177111,-0.07376001478904588,0.048006159213867354,0.06675816652490256,2.3903094700404575,1.9379183729489644,1.2334417710293348
2023-12-29,2.304898977279663,2.348306894302368,2.2308309078216557,2.319732904434204,85454470,IMMUTABLE,-0.006355352091830024,-0.006375633317151708,0.0480975385626319,0.06567480223063638,2.3911685943603516,1.9721368710199991,1.2124759845515323
2023-12-30,2.231571912765503,2.3746910095214844,2.213052988052368,2.30481505393982,63528331,IMMUTABLE,-0.03181356980803718,-0.03233061707572908,0.03926869271430628,0.06629484779361104,2.3591251373291016,2.003796903292338,1.1773274693922031
2023-12-31,2.1359798908233643,2.2697858810424805,2.1294260025024414,2.231523036956787,70157452,IMMUTABLE,-0.04283618260084443,-0.043780724122930444,0.04070207976902754,0.06440005961676071,2.322780132293701,2.026855166753133,1.1460020283613148
2024-01-01,2.2754669189453125,2.27886700630188,2.1290900707244877,2.1364901065826416,75618586,IMMUTABLE,0.06530353058154481,0.06325976379599707,0.0504482847670419,0.06468620222819575,2.304206269127982,2.055597996711731,1.1209420678624618
2024-01-02,2.2876009941101074,2.4093799591064453,2.2598280906677246,2.275813102722168,89494783,IMMUTABLE,0.005332564962279962,0.005318397182493513,0.0504809373222068,0.06471325162391825,2.2931951114109586,2.084126631418864,1.100314672266225
2024-01-03,2.097598075866699,2.401340961456299,1.929808974266052,2.2875640392303467,161358321,IMMUTABLE,-0.08305771799042283,-0.08671075089900643,0.05106860177344672,0.06726322680234689,2.236108269010271,2.1066411336263022,1.0614566635566962
2024-01-04,2.2081220149993896,2.2413620948791504,2.0878329277038574,2.098120927810669,108049612,IMMUTABLE,0.052690713442337334,0.05134947057985916,0.05298031565956023,0.06756161424750008,2.22017696925572,2.132918866475423,1.040910183763571
2024-01-05,2.054884910583496,2.2174839973449707,1.989529013633728,2.2078819274902344,84033826,IMMUTABLE,-0.06939702759855682,-0.07192254550679612,0.05836266048338406,0.06892101518458159,2.1844606740134105,2.15552312930425,1.013424836094661
2024-01-06,2.002968072891236,2.0568199157714844,1.883139967918396,2.0549049377441406,61880938,IMMUTABLE,-0.025265082937184213,-0.025589724885913483,0.05811111295472315,0.06685252185294113,2.151802982602801,2.171135365962982,0.9910957263820321
2024-01-07,1.9033420085906985,2.020598888397217,1.889093041419983,2.003063917160034,60107618,IMMUTABLE,-0.04973921733896114,-0.051018823993744036,0.058760231029877,0.06760484752733038,2.1185689994267056,2.181880799929301,0.9709829242254449
2024-01-08,2.011007070541382,2.0195651054382324,1.7659289836883545,1.903331995010376,87873957,IMMUTABLE,0.05656632463568778,0.05502433379940832,0.056952388242452995,0.057907221220347756,2.080789021083287,2.1846418023109435,0.952462329926215
2024-01-09,1.90764594078064,2.039180040359497,1.8246920108795168,2.0114569664001465,71200358,IMMUTABLE,-0.051397695848436786,-0.05276563653932531,0.05727863001141222,0.05806402943530054,2.0265097277505055,2.186948068936666,0.9266382483127876
2024-01-10,2.132627010345459,2.1404240131378174,1.8480379581451416,1.9079029560089111,97756134,IMMUTABLE,0.11793649164936393,0.11148456779685147,0.06984374187469597,0.05828383793579342,2.0315138612474715,2.189760104815165,0.9277335251383388
2024-01-11,2.199634075164795,2.2696239948272705,2.100999116897583,2.133218050003052,123836318,IMMUTABLE,0.0314199644355444,0.030936459084522496,0.06785554636270684,0.058223646776052504,2.0303012984139577,2.1967962741851808,0.9242100973459735
2024-01-12,2.1707420349121094,2.306885004043579,2.060900926589966,2.1999170780181885,127912095,IMMUTABLE,-0.013134930295404246,-0.013221956386787276,0.0608283937700003,0.05793086868717517,2.046852316175188,2.200326744715373,0.9302492555213486
2024-01-13,2.128628969192505,2.185410022735596,2.086395025253296,2.171629905700684,66334460,IMMUTABLE,-0.019400308761842178,-0.019590964635380258,0.0603191294579243,0.05700512984355361,2.0648038727896556,2.198243339856466,0.9392972267230782
2024-01-14,1.985887050628662,2.130378007888794,1.9830859899520876,2.12861704826355,57458969,IMMUTABLE,-0.06705814899155105,-0.0694124048268479,0.0636618524714159,0.0583318631509888,2.0765960216522217,2.1923328399658204,0.9472083726504762
2024-01-15,2.02374005317688,2.050900936126709,1.9848380088806152,1.9855860471725464,58636450,IMMUTABLE,0.01906100477176431,0.018881619741806518,0.06041194451399585,0.05819346796965816,2.0784150191715787,2.18995951016744,0.9490655007647458
2024-01-16,2.0844759941101074,2.110991954803467,2.006859064102173,2.022228956222534,79374084,IMMUTABLE,0.030011730428462835,0.029570190942190804,0.05608158815373361,0.05763551101212181,2.1036764553615024,2.193155845006307,0.9592006241377947
2024-01-17,2.046181917190552,2.126254081726074,2.020781993865967,2.084566116333008,57968904,IMMUTABLE,-0.018371080802925488,-0.01854192473469726,0.03573953071673475,0.05557988259782869,2.0913271563393727,2.189263606071472,0.9552651177041939
2024-01-18,1.9330389499664309,2.0498299598693848,1.9026440382003784,2.046088933944702,62526619,IMMUTABLE,-0.05529467652586273,-0.056882227128041106,0.03606113726324961,0.055945348044471356,2.0532421384538924,2.1847562074661253,0.9398037783058812
2024-01-19,1.935147047042847,1.942023038864136,1.804008960723877,1.9330580234527588,56830434,IMMUTABLE,0.0010905610962741452,0.0010899668665117926,0.03680544550565585,0.04872925262895035,2.0195857116154263,2.169681938489278,0.9308210921558568
2024-01-20,1.9145549535751345,1.9351119995117188,1.871608018875122,1.9351119995117188,42422301,IMMUTABLE,-0.010641100116489777,-0.010698121496566014,0.03683090733902277,0.04837153177356988,1.9890037093843735,2.156930371125539,0.9221455342327358
2024-01-21,1.914484024047852,1.9707449674606323,1.9018950462341309,1.914646029472351,36716154,IMMUTABLE,-3.7047527494560306e-05,-3.704821377115699e-05,0.028090308167391477,0.0483677904697047,1.9788032770156863,2.1441170016924542,0.9228989255034693
2024-01-22,1.77702796459198,1.95886504650116,1.7709519863128662,1.9148310422897337,56749069,IMMUTABLE,-0.0717979663080418,-0.07450586117125825,0.03583777597888845,0.047943161107664355,1.9435586929321291,2.121488730112712,0.9161296335657981
2024-01-23,1.8693389892578125,1.8720619678497317,1.705193042755127,1.77702796459198,62988715,IMMUTABLE,0.051946860997782895,0.05064260068020396,0.0410601966317939,0.04911855728028345,1.912824835096087,2.1041201988856,0.9090853441306118
2024-01-24,1.8575479984283447,1.869083046913147,1.8034100532531736,1.869083046913147,48032401,IMMUTABLE,-0.006307572300810582,-0.006327549082609819,0.041171826508297205,0.049044180537687485,1.8858771324157715,2.0858556667963666,0.904126379612958
2024-01-25,1.8245799541473389,1.8939969539642332,1.781741976737976,1.8576099872589111,50669043,IMMUTABLE,-0.017748152031010656,-0.017907539182151773,0.03677821430783821,0.04904916636676676,1.8703829901559013,2.0678523619969686,0.9045050916254161
2024-01-26,1.9028140306472776,1.9372129440307615,1.797860026359558,1.8245279788970947,62067291,IMMUTABLE,0.04287785598110383,0.04198406080147583,0.0414589535580238,0.04854283629526219,1.8657639878136771,2.0480392972628274,0.9110000917986494
2024-01-27,1.937991976737976,1.9504740238189695,1.895707964897156,1.9025659561157229,48211081,IMMUTABLE,0.018487327465591674,0.018318514256400395,0.04193963178339278,0.04720349009294353,1.8691121339797974,2.0353176593780518,0.9183392702203335
2024-01-28,1.9054579734802248,1.9835610389709477,1.8993879556655884,1.9380340576171875,57664377,IMMUTABLE,-0.01678748088137727,-0.01692998777778938,0.042540524989911024,0.04724576025912781,1.8678226981844221,2.022002959251404,0.923748746082912
2024-01-29,2.0285890102386475,2.0332119464874268,1.8978079557418823,1.9054679870605469,62302657,IMMUTABLE,0.06462017975318024,0.06261809682126407,0.03348404469888645,0.04860559669744164,1.9037599904196603,2.0152368625005086,0.944682992776081
2024-01-30,2.006454944610596,2.073704957962036,1.996129035949707,2.0285890102386475,65008875,IMMUTABLE,-0.010911064546015314,-0.010971026777543517,0.0318098040715634,0.04802619282382714,1.9233479840414864,2.0109193642934167,0.9564520677423083
2024-01-31,1.9335769414901731,2.0417139530181885,1.9155659675598145,2.0064759254455566,61587368,IMMUTABLE,-0.03632177404041681,-0.03699783059039717,0.036253467144911865,0.046794788619890074,1.9342092616217477,1.9995230317115786,0.9673353249480088
2024-02-01,2.0412869453430176,2.065300941467285,1.8879079818725584,1.9336179494857788,71027503,IMMUTABLE,0.05570505188680741,0.05420883934525403,0.038588193587831346,0.04801728166917479,1.9651674032211304,1.991312563419342,0.9868703885675703
2024-02-02,2.178432941436768,2.284389972686768,2.0412840843200684,2.0412840843200684,144906190,IMMUTABLE,0.06718604476780432,0.06502531960178667,0.042002462877660025,0.04696242621528904,2.0045415333339145,1.9940070589383445,1.005283067754624
2024-02-03,2.1229889392852783,2.2398359775543213,2.1150519847869877,2.178225040435791,65448890,IMMUTABLE,-0.025451323791918945,-0.025780811350647862,0.045352144899914876,0.046231288369554965,2.030969670840672,1.991169289747874,1.0199884466367184
2024-02-04,2.1049509048461914,2.1864359378814697,2.104928970336914,2.1228089332580566,58104027,IMMUTABLE,-0.008496527751651661,-0.008532829012938508,0.044531400080412294,0.04430100726751747,2.0594686610358104,1.9928381562232973,1.033434980459621
2024-02-05,2.2973508834838867,2.2973508834838867,2.1049959659576416,2.1049959659576416,102826016,IMMUTABLE,0.09140354684507668,0.087464525576952,0.049719638829671876,0.04672093729207688,2.0978632143565585,2.002650916576386,1.0475431324511324
2024-02-06,2.207395076751709,2.3182780742645264,2.200752019882202,2.29750394821167,93192733,IMMUTABLE,-0.03915632016810666,-0.039943547309787,0.053568279369498095,0.04630847232865685,2.126568947519575,2.0127860188484195,1.0565300670839588
2024-02-07,2.3253018856048584,2.32975697517395,2.147814989089966,2.207706928253174,76130919,IMMUTABLE,0.05341445674811185,0.05203675186524507,0.049993261690596355,0.046200138102461714,2.1825296538216725,2.0232625126838686,1.0787179815468113
2024-02-08,2.27744197845459,2.37011194229126,2.2471790313720703,2.325474977493286,76241276,IMMUTABLE,-0.02058223383662683,-0.020797000034282108,0.051054857397225456,0.04518310626011523,2.216266087123326,2.0355890472730005,1.0887590941267695
2024-02-09,2.4636518955230717,2.4827990531921387,2.277780055999756,2.277780055999756,117126595,IMMUTABLE,0.08176274909749348,0.07859188567623455,0.05344367318591756,0.04287279729355288,2.257011651992798,2.046623210112254,1.1027978383324424
2024-02-10,2.780658006668091,2.83108901977539,2.464495897293091,2.464495897293091,276769977,IMMUTABLE,0.12867325603957291,0.1210428332179709,0.06175629465431304,0.04765577924834536,2.350964375904628,2.0659906744956973,1.1379356184550504
2024-02-11,2.7497029304504395,2.802371025085449,2.6822850704193115,2.7801458835601807,129247858,IMMUTABLE,-0.01113228456840798,-0.011194712188663138,0.06210177204356796,0.047626351525889836,2.4430718081338063,2.0852893710136415,1.1715744788677698
2024-02-12,2.9390580654144287,3.1394829750061035,2.746570110321045,2.749000072479248,337066210,IMMUTABLE,0.06886385175178544,0.06659626355002024,0.059799295868943926,0.04850347030940354,2.5347442626953125,2.1123036742210393,1.1999904623704534
2024-02-13,2.9599030017852783,3.0443570613861084,2.851989984512329,2.9419150352478027,165137628,IMMUTABLE,0.0070923867126491125,0.007067354029297011,0.05209897140409322,0.04609473942766124,2.6422453948429654,2.144770872592926,1.2319476306802954
2024-02-14,3.281698942184448,3.3663508892059326,2.8934550285339355,2.96003794670105,187362628,IMMUTABLE,0.108718407395471,0.1032047603420935,0.05710615715749771,0.04893035620582285,2.778873545782907,2.186702835559845,1.2708052967203718
2024-02-15,3.189559936523437,3.32879900932312,3.1283860206604004,3.2829830646514893,151895607,IMMUTABLE,-0.028076617411979532,-0.028478302126433305,0.058726531845691834,0.049524035609319374,2.9091761112213135,2.2235389669736225,1.308354004328913
2024-02-16,3.1498830318450928,3.256809949874878,3.077553987503052,3.189436912536621,111188265,IMMUTABLE,-0.0124396172098874,-0.01251763694704167,0.06090308282627069,0.04939884006300841,3.007209130695888,2.260329004128774,1.3304298291102066
2024-02-17,3.1647300720214844,3.190062999725342,2.984200954437256,3.149744033813477,73873525,IMMUTABLE,0.004713521113733243,0.004702447257358197,0.04806255195212798,0.04758154028834607,3.0620765686035156,2.3013853748639423,1.3305362074722253
2024-02-18,3.3453569412231445,3.490104913711548,3.063383102416992,3.164418935775757,128048682,IMMUTABLE,0.05707496850948934,0.055505630115173864,0.04780937050068716,0.04801174513401583,3.147169998713902,2.3483923713366193,1.340138060882325
2024-02-19,3.275834083557129,3.37560510635376,3.263999938964844,3.3453049659729004,93806602,IMMUTABLE,-0.020781895291746122,-0.02100087810961016,0.04748976239180344,0.04826211708585169,3.1952808584485735,2.3937683423360188,1.3348329501802914
2024-02-20,3.5469090938568115,3.6170499324798575,3.208954095840454,3.2757809162139893,194094469,IMMUTABLE,0.08274992059589614,0.07950402777701206,0.05292736163387003,0.0494136966740889,3.2791388716016496,2.4481825113296507,1.3394176522487664
2024-02-21,3.3525760173797607,3.5465118885040283,3.185066938400269,3.5465118885040283,110037071,IMMUTABLE,-0.054789415610801084,-0.056347535690187134,0.0482051850081621,0.04830797647518267,3.2892641680581227,2.50070077975591,1.3153369626170082
2024-02-22,3.2388288974761963,3.549158096313477,3.2388288974761963,3.353295087814331,110985135,IMMUTABLE,-0.03392827465026871,-0.03451719768155998,0.048912371569114425,0.04901268965347914,3.2963025910513744,2.5463504433631896,1.294520398652456
2024-02-23,3.041227102279663,3.287321090698242,3.01889705657959,3.2383968830108643,96037480,IMMUTABLE,-0.06101026063788395,-0.06295072703047092,0.05479985882119173,0.05104282410833575,3.28078031539917,2.585806413491567,1.2687648612369216
2024-02-24,3.078695058822632,3.229461908340454,2.9689090251922607,3.042608976364136,87164550,IMMUTABLE,0.012320012706345862,0.012244738968145836,0.05509611105760651,0.050638564706043034,3.2684895992279053,2.627610250314077,1.2439019823572481
2024-02-25,3.200058937072754,3.2136480808258057,3.0220580101013184,3.0786380767822266,71604613,IMMUTABLE,0.039420558363625124,0.03866340246493405,0.052367801230525486,0.05058666425975386,3.2477327414921353,2.670851747194926,1.2159913948436416
2024-02-26,3.3108510971069336,3.37814998626709,3.1345911026000977,3.200392007827759,116924280,IMMUTABLE,0.034621912350004,0.03403605790098397,0.053909277065440936,0.05067858680454248,3.2527351719992503,2.716613717873891,1.1973491669419034
2024-02-27,3.3450710773468018,3.46134090423584,3.2617790699005127,3.310957908630371,108588403,IMMUTABLE,0.010335705000375839,0.010282656815268918,0.04232390853784897,0.05027650871506524,3.223901169640677,2.7646008213361104,1.1661362265249529
2024-02-28,3.3427650928497314,3.4517900943756104,3.135741949081421,3.345262050628662,140508308,IMMUTABLE,-0.0006893678620722987,-0.0006896055853557342,0.03665710058044781,0.049697396779757104,3.2224996089935303,2.8084066907564798,1.1474476327093173
2024-02-29,3.1956920623779297,3.403049945831299,3.1317460536956787,3.342247009277344,131840015,IMMUTABLE,-0.04399741722396078,-0.04499466428580862,0.038451452918828906,0.0507269795388852,3.216337203979492,2.848047928015391,1.1293128786005848
2024-03-01,3.210732936859131,3.237278938293457,3.138446092605591,3.195704936981201,91429091,IMMUTABLE,0.004706609456609945,0.004695568001976831,0.027494752252967023,0.049801374130964256,3.2405523232051303,2.8906197945276895,1.121057957653202
2024-03-02,3.230953931808472,3.2327868938446045,3.139106035232544,3.210697889328003,93146565,IMMUTABLE,0.006297937370375761,0.0062781882386389615,0.0274245209349505,0.049329934963321755,3.262303590774536,2.9302753607432046,1.1133095662201247
2024-03-03,3.3208799362182617,3.382858991622925,3.1482388973236084,3.231656074523926,159115190,IMMUTABLE,0.027832648285224915,0.027452360283810852,0.02552144705122575,0.04849398834568032,3.2795637335096086,2.9683569272359214,1.1048414371662094
2024-03-04,3.138457059860229,3.3283870220184326,3.089131116867065,3.3208019733428955,130599135,IMMUTABLE,-0.054932090247674425,-0.05649849189858337,0.030901479822305226,0.049674019384777834,3.254936013902937,3.0022058645884195,1.0841814854522525
2024-03-05,2.900876998901367,3.206346035003662,2.5666520595550537,3.1388750076293945,221418008,IMMUTABLE,-0.07569963725087336,-0.07871819225326875,0.03943107143219364,0.052307559658015305,3.1914797169821605,3.0287367343902587,1.0537329576202552
2024-03-06,3.14369797706604,3.144092082977295,2.82790207862854,2.900902032852173,153334406,IMMUTABLE,0.0837060579461435,0.08038670198945473,0.055002622991524454,0.051964173882755454,3.16304155758449,3.0569483041763306,1.034705609271579
2024-03-07,3.3453431129455566,3.3607449531555176,3.14369797706604,3.14369797706604,151311168,IMMUTABLE,0.06414265535384178,0.06216945651293771,0.05806832167306661,0.05189340366018828,3.184420279094151,3.094879905382792,1.0289317764982173
2024-03-08,3.385761976242065,3.452812910079956,3.227513074874878,3.3453140258789062,142924936,IMMUTABLE,0.012082127881023252,0.012009721605095117,0.05809544377151601,0.05139008076588938,3.2094244275774275,3.130228575070699,1.0253003416866897
2024-03-09,3.5291759967803955,3.6222410202026367,3.3292219638824463,3.385761976242065,155496134,IMMUTABLE,0.042357974820636635,0.04148543022592225,0.05947140746839272,0.051255413786194894,3.2520275797162737,3.171953042348226,1.0252445532134258
2024-03-10,3.414763927459717,3.6221959590911865,3.2956950664520264,3.529181957244873,116963460,IMMUTABLE,-0.03241891858752721,-0.03295605251215825,0.06131345909048941,0.05049354468928805,3.265439578465053,3.203656776746114,1.0192850876434054
2024-03-11,3.6343860626220703,3.646337985992432,3.3024110794067383,3.4147789478302,145536628,IMMUTABLE,0.06431546655283227,0.062331838095729106,0.05814559983917305,0.04710045574330077,3.336286578859602,3.232114378611247,1.0322303569878968
2024-03-12,3.605313062667847,3.747128009796143,3.3945019245147705,3.6343860626220703,151194258,IMMUTABLE,-0.007999425337122279,-0.008031592400176285,0.041786480795800406,0.047057383953555416,3.436920302254813,3.260634716351827,1.0540648067748675
2024-03-13,3.4668190479278564,3.626828908920288,3.3756399154663086,3.605313062667847,120149449,IMMUTABLE,-0.03841386651663148,-0.03917113555956724,0.04268704139927989,0.04655520208590485,3.4830804552350725,3.2782267491022745,1.0624891814420392
2024-03-14,3.3217060565948486,3.46807599067688,3.1544671058654785,3.4668190479278564,151705588,IMMUTABLE,-0.04185767682906405,-0.04275894923672757,0.04134542133692649,0.04737903848322947,3.479703732899257,3.2902868509292604,1.057568501030997
2024-03-15,3.062375068664551,3.321815013885498,2.905513048171997,3.3217060565948486,142187642,IMMUTABLE,-0.0780716244941142,-0.08128774227618413,0.05047709875053781,0.045990523879010065,3.4335056032453264,3.2829760551452636,1.0458515522414928
2024-03-16,2.854701042175293,3.1161110401153564,2.7883689403533936,3.062375068664551,103450707,IMMUTABLE,-0.0678146934430931,-0.07022365728217293,0.047453775324573906,0.04741906950587718,3.3371520383017406,3.2718140920003256,1.0199699446436055
2024-03-17,2.981049060821533,2.994615077972412,2.72802209854126,2.854701042175293,87418903,IMMUTABLE,0.044259632367654955,0.043308148549545365,0.054911020269598834,0.04815073120367528,3.275192771639143,3.2661862929662067,1.0027574908058159
2024-03-18,2.836421012878418,2.9764881134033203,2.753473997116089,2.965423107147217,78089515,IMMUTABLE,-0.048515822783291584,-0.04973222168876417,0.04190497426295204,0.048915403307413695,3.161197764532907,3.255242657661438,0.9711097134626231
2024-03-19,2.577353954315185,2.863020896911621,2.524023056030273,2.836421012878418,128417093,IMMUTABLE,-0.09133589738158443,-0.09577977716765218,0.04533293488058468,0.05038271891121141,3.0143464633396695,3.229642558097839,0.9333374852215929
2024-03-20,2.905097961425781,2.9479150772094727,2.4857609272003174,2.577353954315185,103780964,IMMUTABLE,0.12716297913286767,0.11970383785225559,0.07826779365280762,0.05548800995503896,2.9341005938393727,3.2172846873601277,0.9119804055160827
2024-03-21,2.850187063217163,2.9910309314727783,2.8218441009521484,2.905097961425781,87005838,IMMUTABLE,-0.018901565089277872,-0.019082483053364976,0.07789588744952076,0.05324586673339214,2.866740737642561,3.1940606196721393,0.8975223325400828
2024-03-22,2.7324368953704834,2.894474029541016,2.676654100418091,2.8501999378204346,71086844,IMMUTABLE,-0.0413131367292674,-0.042190781641725225,0.07424145045374916,0.052857414600421176,2.8196067128862654,3.1733893156051636,0.8885158524423178
2024-03-23,2.935677051544189,2.9624719619750977,2.7287559509277344,2.7324368953704834,72474594,IMMUTABLE,0.07438054892248447,0.07174426193278235,0.07641044698698146,0.05447291259739167,2.8311747142246793,3.163284254074097,0.8950111614466253
2024-03-24,2.9691030979156494,2.969481945037842,2.8366239070892334,2.935677051544189,54700237,IMMUTABLE,0.011386145609537657,0.011321811339290859,0.07460271536463517,0.05334331213738684,2.829468148095267,3.160880120595296,0.8951519956923853
2024-03-25,3.0880489349365234,3.141706943511963,2.9250481128692627,2.9691030979156494,74501952,IMMUTABLE,0.04006120134540825,0.039279558869346115,0.0723800477681806,0.053797706896911865,2.865414994103568,3.1611919164657594,0.9064349997791742
2024-03-26,3.0043630599975586,3.196259021759033,2.98550796508789,3.0880489349365234,81397863,IMMUTABLE,-0.0270999186548464,-0.027473893389746547,0.058721038030751585,0.05351736166742871,2.9264162949153354,3.1546687205632526,0.9276461505577157
2024-03-27,2.9492440223693848,3.047168970108032,2.866858959197998,3.0043630599975586,87875030,IMMUTABLE,-0.018346330495828456,-0.01851671154609081,0.04088132967062306,0.05315248164162499,2.932722875050136,3.1426151514053347,0.9332109513118914
2024-03-28,2.936302900314331,3.0179190635681152,2.901710033416748,2.9492440223693848,61795326,IMMUTABLE,-0.0043879455063392525,-0.004397600794159302,0.039976684100211476,0.053085368453146674,2.9450251374925887,3.1289895455042522,0.941206448491979
2024-03-29,3.1091771125793457,3.12726092338562,2.8968019485473637,2.936302900314331,72903059,IMMUTABLE,0.05887478851262529,0.0572068240411909,0.03835058874088985,0.054262171503465344,2.998845168522426,3.1212032794952393,0.960797775724303
2024-03-30,3.084939956665039,3.225878953933716,3.024672031402588,3.1091771125793457,71085777,IMMUTABLE,-0.00779536032741468,-0.007825902979593433,0.031012329084014058,0.0536776103538929,3.0201684406825473,3.117511542638143,0.9687753836275389
2024-03-31,3.045696973800659,3.11372709274292,2.974325895309448,3.084939956665039,52593983,IMMUTABLE,-0.012720825499243582,-0.012802427972437766,0.031793606283944134,0.05370667209819062,3.0311104229518344,3.1120103438695272,0.9740039678604987
2024-04-01,2.8962318897247314,3.0501580238342285,2.7908051013946533,3.0456929206848145,67307878,IMMUTABLE,-0.0490741808399322,-0.05031922246539678,0.03306385539251535,0.0544041445683118,3.0037079879215787,3.100852942466736,0.9686715376873442
2024-04-02,2.6567070484161377,2.896239995956421,2.6193950176239014,2.8962318897247314,68137595,IMMUTABLE,-0.08270223187527947,-0.08632313956147393,0.04412702251974926,0.05610074768511788,2.954042843409947,3.078713846206665,0.9595054918954785
2024-04-03,2.7237069606781006,2.791254997253418,2.5759050846099854,2.6567070484161377,59354237,IMMUTABLE,0.025219157039503726,0.024906401481755106,0.04693435097874541,0.05561253652035874,2.921823263168335,3.064888842900594,0.9533211196015635
2024-04-04,2.797399044036865,2.885072946548462,2.6704659461975098,2.723540067672729,51095661,IMMUTABLE,0.027055804615786494,0.02669626697339262,0.04912398843027151,0.05408539894747186,2.901979855128697,3.061439577738444,0.9479134836534832
2024-04-05,2.6597979068756104,2.8008151054382324,2.5883219242095947,2.797399044036865,50028753,IMMUTABLE,-0.04918895552444502,-0.05043992758170057,0.04204100502149149,0.052531279312527664,2.837782825742449,3.045309575398763,0.9318536442623769
2024-04-06,2.707227945327759,2.7313790321350098,2.646338939666748,2.6597979068756104,30139909,IMMUTABLE,0.017832196321961646,0.017675067922384234,0.04453526916599889,0.0511630537817779,2.7838239669799805,3.024039069811503,0.9205648150417264
2024-04-07,2.711500883102417,2.7430551052093506,2.67211389541626,2.707227945327759,38218040,IMMUTABLE,0.0015783442920027646,0.0015771000157428763,0.045177387575549045,0.05106436431653983,2.736081668308803,3.0015637000401814,0.9115520914222729
2024-04-08,2.841031074523926,2.8830299377441406,2.644335985183716,2.711500883102417,52698593,IMMUTABLE,0.047770661713118834,0.04666472770793642,0.04790351506430645,0.0512437890551964,2.728195837565831,2.978625535964966,0.915924410310944
2024-04-09,2.64218807220459,2.8624699115753174,2.6293389797210693,2.841031074523926,52171358,IMMUTABLE,-0.06998973158104449,-0.0725596515850854,0.04402709551993007,0.05242587891294926,2.7261216981070384,2.9528730074564615,0.9232099352810497
2024-04-10,2.618496894836426,2.662585973739624,2.538219928741455,2.64218807220459,55320369,IMMUTABLE,-0.00896649925014481,-0.009006940228716556,0.04257093319958581,0.050689058568216254,2.7110916887010847,2.91901003519694,0.9287709380958578
2024-04-11,2.5639710426330566,2.6876220703125,2.5292809009552,2.618496894836426,49626226,IMMUTABLE,-0.020823340409870994,-0.021043203711053345,0.04029254038484629,0.05071907893790092,2.6777448313576833,2.884298634529114,0.9283868179602864
2024-04-12,2.2150139808654785,2.6123569011688232,1.9374799728393557,2.5639710426330566,103499749,IMMUTABLE,-0.1361002351294961,-0.14629852978945748,0.06442165988272386,0.05621766877607959,2.6142042704990933,2.842571798960368,0.9196616498676314
2024-04-13,2.056812047958374,2.214628934860229,1.7220089435577393,2.2146239280700684,119975165,IMMUTABLE,-0.07142254372827472,-0.07410148080524043,0.06334807141922108,0.057037877981592246,2.5212877137320384,2.8004086653391522,0.9003284931010918
2024-04-14,2.1747190952301025,2.1931231021881104,1.950719952583313,2.056812047958374,101839774,IMMUTABLE,0.05732514421469137,0.05574227000642619,0.07189773147441618,0.057114109163290294,2.4446046011788503,2.770820132891337,0.8822675178947532
2024-04-15,1.951810002326965,2.2856030464172363,1.9460699558258057,2.1747190952301025,101488759,IMMUTABLE,-0.10250017732959293,-0.10814235620144177,0.06751774683931897,0.058853652338703606,2.3175730194364275,2.740723764896393,0.8456062041422253
2024-04-16,1.9006609916687007,2.002485990524292,1.7901740074157717,1.951810002326965,89499329,IMMUTABLE,-0.026205937359314757,-0.02655543235554841,0.06760699513680458,0.057937202026552025,2.211640579359872,2.704710829257965,0.8176994580846315
2024-04-17,1.8736920356750488,1.9450080394744875,1.791308045387268,1.9006609916687007,64171545,IMMUTABLE,-0.014189251061534236,-0.014290880998276776,0.06713921805266919,0.05756475867032059,2.105239885193961,2.672619863351186,0.7877064426791358
2024-04-18,2.0147080421447754,2.0293989181518555,1.817914962768555,1.8736920356750488,61974606,IMMUTABLE,0.07526103745161183,0.07256345763866047,0.08120769280918765,0.05750494787067074,2.0267737422670637,2.6538649996121726,0.7637064216014191
2024-04-19,2.038496971130371,2.0929980278015137,1.880288004875183,2.0147080421447754,75960586,IMMUTABLE,0.01180763092615189,0.011738464778620268,0.06534578986235669,0.05237308856777522,2.00155702659062,2.6249782999356586,0.762504218278559
2024-04-20,2.206851959228516,2.2081069946289062,2.003288984298706,2.0385000705718994,56532601,IMMUTABLE,0.08258780389788378,0.0793542897509467,0.06671271759636166,0.054923149339940344,2.0229912996292114,2.6035337964693706,0.7770174915234718
2024-04-21,2.17822003364563,2.2283029556274414,2.130279064178467,2.206851959228516,50248972,IMMUTABLE,-0.012974103434149509,-0.013059002237486423,0.06386797270459826,0.05456379769772343,2.0234914336885725,2.585059901078542,0.7827638473074952
2024-04-22,2.38689398765564,2.433304071426392,2.173089027404785,2.178201913833618,68320590,IMMUTABLE,0.09580021797006344,0.09148488903625182,0.05060413811933347,0.05566111024122392,2.085646288735526,2.566767132282257,0.8125576576481484
2024-04-23,2.3561699390411377,2.4557130336761475,2.332998037338257,2.38689398765564,63813115,IMMUTABLE,-0.012871978719372845,-0.01295554048210398,0.048337298957921666,0.05556347540537381,2.150718995503017,2.54633602698644,0.84463282642565
2024-04-24,2.2235710620880127,2.430109977722168,2.2019660472869877,2.3561689853668213,54787720,IMMUTABLE,-0.056277297641394775,-0.05792290349036198,0.05711981536000602,0.05556312635308236,2.2007017135620117,2.51752009789149,0.8741545759277852
2024-04-25,2.1032750606536865,2.2330069541931152,2.04831600189209,2.223618984222412,65607589,IMMUTABLE,-0.05410036291863052,-0.05561880743855947,0.05961944890240392,0.056086930312635924,2.2133541447775706,2.487483831246694,0.8897963946436054
2024-04-26,2.0431649684906006,2.115794897079468,2.0275509357452397,2.1032750606536865,49047733,IMMUTABLE,-0.028579282514006543,-0.02899562184682469,0.0609555643818181,0.056162230660714414,2.2140210015433177,2.457281196117401,0.9010043315521057
2024-04-27,2.1332690715789795,2.1785569190979004,1.985350966453552,2.0431649684906006,51964244,IMMUTABLE,0.044100258411803095,0.043155517811074545,0.054306604610740834,0.05705502264726059,2.2035091604505266,2.430513401826223,0.9066023494438947
2024-04-28,2.1024179458618164,2.187716007232666,2.095552921295166,2.1332690715789795,42131020,IMMUTABLE,-0.014461900811381545,-0.014567493381564304,0.054347611592647775,0.055597721683183464,2.192680290767125,2.3969547629356383,0.9147775021342784
2024-04-29,2.099278926849365,2.126811981201172,1.9890949726104736,2.102389097213745,47028012,IMMUTABLE,-0.001493051854237759,-0.001494167566840279,0.034589890020435145,0.05563021557540419,2.151592424937657,2.364099395275116,0.9101108139690848
2024-04-30,1.9264919757843015,2.1440930366516118,1.846168041229248,2.099276065826416,75921787,IMMUTABLE,-0.08230776237266624,-0.08589319770080636,0.04272552476543479,0.057207087183657135,2.090209858758109,2.326792562007904,0.8983223914702408
2024-05-01,2.0268208980560303,2.040318965911865,1.8623679876327517,1.9264919757843015,68437206,IMMUTABLE,0.05207855705232478,0.05076778553166447,0.04956455011165947,0.05804229059075802,2.0621026924678256,2.2978121956189472,0.8974200312799584
2024-05-02,2.211817979812622,2.258842945098877,1.966274976730347,2.0268208980560303,65893710,IMMUTABLE,0.09127450873139642,0.08734628723804452,0.05793711596397054,0.0590158655378404,2.077608823776245,2.28298255999883,0.9100414782745032
2024-05-03,2.252479076385498,2.2898640632629395,2.1952099800109863,2.211817979812622,62197645,IMMUTABLE,0.018383563631362065,0.01821662872720665,0.055728751645896794,0.05890717049052376,2.107510839189802,2.2672749638557432,0.9295347378624755
2024-05-04,2.229720115661621,2.2763819694519043,2.195275068283081,2.252479076385498,45538134,IMMUTABLE,-0.010103960992347005,-0.010155352470934199,0.05470291620307808,0.05857799545851281,2.1212895597730363,2.248352332909902,0.9434862715789673
2024-05-05,2.243257999420166,2.285201072692871,2.175800085067749,2.229720115661621,39144522,IMMUTABLE,0.006071561925397928,0.006053204262274841,0.05394072093759866,0.05805774961580587,2.1414095674242293,2.234467669328054,0.9583533459977029
2024-05-06,2.166224956512451,2.305298089981079,2.1658599376678467,2.2432971000671387,54280173,IMMUTABLE,-0.034339805286608294,-0.034943271960595434,0.05647455654264236,0.058122710330170614,2.150973285947527,2.2164342363675433,0.9704656473240105
2024-05-07,2.1626410484313965,2.2817089557647705,2.123631000518799,2.166224956512451,49057863,IMMUTABLE,-0.0016544487082378323,-0.001655818819896769,0.04080871905212554,0.05810842739695357,2.184708867754255,2.198138908545176,0.9938902674718544
2024-05-08,2.041625022888184,2.173911094665528,2.0396690368652344,2.162648916244507,46101675,IMMUTABLE,-0.05595751806846894,-0.05758411180308465,0.04588596319341638,0.05787182160119821,2.186823742730277,2.171492040157318,1.0070604461307848
2024-05-09,2.16080093383789,2.1739180088043213,2.011193990707397,2.041625022888184,37655993,IMMUTABLE,0.058373065383531486,0.0567328850665339,0.03686042984344094,0.05794463684351989,2.179535593305315,2.1554458022117613,1.0111762453358069
2024-05-10,2.162062883377075,2.3060319423675537,2.146307945251465,2.160806894302368,57569601,IMMUTABLE,0.0005840193418205075,0.0005838488688944588,0.03572735214979651,0.05795795019123084,2.166618994304112,2.1402313351631164,1.0123293490322554
2024-05-11,2.2771430015563965,2.359349012374878,2.150114059448242,2.162062883377075,70348759,IMMUTABLE,0.05322699865212499,0.05185878318813478,0.04167606490878499,0.05884370131767521,2.1733936922890797,2.130670400460561,1.020051572415557
2024-05-12,2.1854610443115234,2.3057730197906494,2.1819911003112797,2.277139902114868,44077241,IMMUTABLE,-0.04026183563448127,-0.041094777174645304,0.04479480080753047,0.05290313486864005,2.1651369844164168,2.1296853025754294,1.016646441517963
2024-05-13,2.227583885192871,2.271326065063477,2.045448064804077,2.1854610443115234,59683085,IMMUTABLE,0.01927412112468807,0.019090727999808592,0.04314462080750817,0.051135685672338206,2.173902545656477,2.1353776971499125,1.0180412339034839
2024-05-14,2.0133490562438965,2.227973937988281,2.013113021850586,2.227583885192871,68978235,IMMUTABLE,-0.09617363026058412,-0.10111800590987616,0.05883786264741153,0.05348620595418971,2.1525751182011197,2.1299986958503725,1.0105992658092844
2024-05-15,2.3498940467834477,2.465804100036621,1.9885469675064087,2.0133490562438965,164201277,IMMUTABLE,0.1671568024907759,0.1545707080237287,0.08088413891487138,0.05699652944350699,2.1966135501861572,2.1432681639989215,1.0248897394564493
2024-05-16,2.383536100387573,2.426738977432251,2.298902034759521,2.349947929382324,107204434,IMMUTABLE,0.014316412967714243,0.01421490084013817,0.07925376370632128,0.05667405027552407,2.2284328596932546,2.1593640009562174,1.031985741499095
2024-05-17,2.3939480781555176,2.539525032043457,2.382659912109375,2.383536100387573,115660196,IMMUTABLE,0.004368290359123117,0.004358777073260568,0.07915992692548483,0.05652835796289554,2.261559316090175,2.1767058690388996,1.0389825048290706
2024-05-18,2.362449884414673,2.4484119415283203,2.359046936035156,2.3939480781555176,57316043,IMMUTABLE,-0.013157425605117234,-0.0132447513633191,0.07786039867779566,0.05531553962567344,2.2737460136413574,2.1882972637812297,1.039048054062124
2024-05-19,2.238706111907959,2.385219097137451,2.233181953430176,2.3624510765075684,51252026,IMMUTABLE,-0.05237942752693481,-0.05380109685184035,0.07925662908120777,0.056337574288919404,2.2813524518694197,2.194970901807149,1.0393543030530161
2024-05-20,2.5542149543762207,2.5719640254974365,2.210606098175049,2.238693952560425,76769897,IMMUTABLE,0.14093356907815213,0.13184684751816608,0.0931996573655355,0.05951254079871387,2.3280140331813266,2.2065496683120727,1.0550471927342426
2024-05-21,2.489837884902954,2.5932579040527344,2.4727320671081543,2.554189920425415,78434734,IMMUTABLE,-0.025204248907464644,-0.02552731598849729,0.08038704621640527,0.059685371430602915,2.3960838658469066,2.2169369300206503,1.0808083141204146
2024-05-22,2.5178940296173096,2.541649103164673,2.410921096801758,2.4898369312286377,66376969,IMMUTABLE,0.011268261634411303,0.011205247704062183,0.05883685925609125,0.05740503971830528,2.420083863394601,2.221303598086039,1.0894881120616915
2024-05-23,2.441545963287353,2.594801902770996,2.3232080936431885,2.5178940296173096,90412141,IMMUTABLE,-0.030322192050934116,-0.030791419414521785,0.06071145020777482,0.05765474284254258,2.4283709866659984,2.224149465560913,1.0918200526840862
2024-05-24,2.460319995880127,2.4858689308166504,2.3196709156036377,2.441545963287353,61774311,IMMUTABLE,0.0076894037118580005,0.007659990928756694,0.06073263843516605,0.05656934407279185,2.437852689198085,2.232041096687317,1.092207797076955
2024-05-25,2.462299108505249,2.6075730323791504,2.4574689865112305,2.460324048995972,68711485,IMMUTABLE,0.0008044126895834225,0.0008040893230976244,0.06030198450972352,0.05546764418230246,2.4521168640681674,2.2440085649490356,1.092739529772632
2024-05-26,2.35473895072937,2.511913061141968,2.3463809490203857,2.462299108505249,52061129,IMMUTABLE,-0.0436828155459853,-0.04466563805682249,0.05887623312329298,0.0558735810115319,2.4686929838997975,2.254394364356995,1.0950581774559776
2024-05-27,2.3823249340057373,2.468425989151001,2.3466310501098637,2.35473895072937,57662238,IMMUTABLE,0.01171509192890463,0.011647001513823117,0.023173009491237486,0.055420694759809264,2.4441372667040144,2.2626962264378867,1.080187980227362
2024-05-28,2.295681953430176,2.3831229209899902,2.2716948986053467,2.3823249340057373,64192348,IMMUTABLE,-0.03636908607167899,-0.037046927053743406,0.024814324353401123,0.055826408330022136,2.4164007050650462,2.2691383600234984,1.064897913514636
2024-05-29,2.2104220390319824,2.334196090698242,2.2091729640960693,2.2956790924072266,54875445,IMMUTABLE,-0.0371392536630778,-0.03784648165168301,0.024220346313821924,0.05631813822508207,2.372476134981428,2.2728431304295857,1.0438362873433376
2024-05-30,2.171860933303833,2.263712882995605,2.1551430225372314,2.210422992706299,56632305,IMMUTABLE,-0.017445132670246388,-0.017599092187536712,0.02361993547819563,0.05398658233906191,2.333949702126639,2.2810220956802367,1.0232034606532905
2024-05-31,2.1729960441589355,2.204185009002685,2.1267590522766118,2.1694068908691406,51900711,IMMUTABLE,0.000522644354293833,0.0005225078233026585,0.02252049500749033,0.05326003406795405,2.292903423309326,2.2858946005503338,1.003066118077931
2024-06-01,2.214850902557373,2.2773590087890625,2.16358494758606,2.1729929447174072,54255686,IMMUTABLE,0.01926135968399212,0.01907820779516535,0.02584263548713677,0.0509084700213806,2.257553679602487,2.285995697975159,0.9875581487761046
2024-06-02,2.1700210571289062,2.2484610080718994,2.167948007583618,2.214853048324585,45541016,IMMUTABLE,-0.020240570314102868,-0.02044821736499481,0.022653917764823037,0.050922009710881656,2.2311654090881348,2.2832470973332724,0.977189640006127
2024-06-03,2.232999086380005,2.266002893447876,2.1364009380340576,2.1700210571289062,55594103,IMMUTABLE,0.029021851674758903,0.028608692461963965,0.02619416328137048,0.05117923138151615,2.2098331451416016,2.2833563963572185,0.9678003611994548
2024-06-04,2.3067328929901123,2.336759090423584,2.2310750484466557,2.232999086380005,63314700,IMMUTABLE,0.03302007916610483,0.03248662766989331,0.02706476366656854,0.0515126222453488,2.211411850793021,2.2854722261428835,0.9675951540768221
2024-06-05,2.2872140407562256,2.3367440700531006,2.272156000137329,2.3067328929901123,52920714,IMMUTABLE,-0.008461687217103497,-0.008497690535459377,0.021876716515396088,0.051102206422903536,2.222382136753627,2.289505195617676,0.9706822858526251
2024-06-06,2.241676092147827,2.2948849201202397,2.198517084121704,2.2872140407562256,57409803,IMMUTABLE,-0.019909788850956067,-0.020110659361160597,0.022322859178620893,0.05125623255951523,2.2323557308741977,2.29213969707489,0.9739178348174042
2024-06-07,2.108474969863892,2.288537979125977,1.956138014793396,2.241677045822144,76081469,IMMUTABLE,-0.059420325153359044,-0.06125891841544034,0.0335545804858546,0.051405725028857256,2.2231384345463345,2.294368028640747,0.9689545908915881
2024-06-08,1.984915018081665,2.1083900928497314,1.966462016105652,2.1083900928497314,60735676,IMMUTABLE,-0.058601573909223714,-0.06038882189797108,0.037531715057929814,0.051480299756387196,2.1902904510498047,2.2885051647822063,0.9570834642438971
2024-06-09,2.0144639015197754,2.035407066345215,1.966055989265442,1.9848769903182983,108094143,IMMUTABLE,0.014886724705558407,0.014777004990553051,0.03911072264349983,0.05157788109618197,2.1680680002485,2.283585198720296,0.9494141061447889
2024-06-10,1.9557900428771973,2.035414934158325,1.953758955001831,2.014440059661865,129278592,IMMUTABLE,-0.029126289430310814,-0.029558880354767593,0.035387386935026695,0.050762356511767213,2.128466708319528,2.2728734334309895,0.9364651269237311
2024-06-11,1.829556941986084,1.9663410186767576,1.8198139667510984,1.9558780193328855,133565097,IMMUTABLE,-0.06454327822704808,-0.06672039647285703,0.030948017695637643,0.05159816199338246,2.0602987153189525,2.261009963353475,0.9112293836437446
2024-06-12,1.91983699798584,1.9846340417861936,1.7995870113372805,1.8294819593429563,82936335,IMMUTABLE,0.04934531083889193,0.0481664562172896,0.04337414279104627,0.05235181521948069,2.007816280637469,2.2507517337799072,0.8920647490807646
2024-06-13,1.795343041419983,1.923377990722656,1.7777739763259888,1.919875979423523,66257097,IMMUTABLE,-0.06484610761042087,-0.06704417244603449,0.046035786331726336,0.05053157661222032,1.9440544162477769,2.2434848666191103,0.8665333317703321
2024-06-14,1.7157210111618042,1.816485047340393,1.665531039237976,1.7952890396118164,64716995,IMMUTABLE,-0.0443492014736101,-0.04536270616731389,0.04470865543612445,0.04125423932702561,1.887946707861764,2.222345765431722,0.8495287894568485
2024-06-15,1.738358974456787,1.7719789743423462,1.7158069610595703,1.7158069610595703,46555245,IMMUTABLE,0.013194431465086254,0.013108143142406296,0.04486107009488491,0.04123187880083578,1.8527244159153529,2.200839861234029,0.8418260903710254
2024-06-16,1.7096970081329346,1.7404179573059082,1.6894570589065552,1.738484025001526,40002751,IMMUTABLE,-0.016487944518369102,-0.016625383493902746,0.042430830749274326,0.04114864808574588,1.8091862882886613,2.178031492233276,0.8306520336092964
2024-06-17,1.6222039461135864,1.7211929559707642,1.542891025543213,1.7098610401153564,70311875,IMMUTABLE,-0.05117460088141257,-0.05253048136828214,0.04384815749668158,0.04183467621600305,1.7615311316081457,2.15335662762324,0.8180396637562212
2024-06-18,1.4741309881210327,1.631574034690857,1.414463996887207,1.622148036956787,87169893,IMMUTABLE,-0.09127887917379385,-0.09571702964767266,0.04928939972001997,0.04390909097357932,1.7107559953417097,2.127870790163676,0.8039755060551014
2024-06-19,1.5405290126800537,1.5923089981079102,1.4554840326309204,1.4737950563430786,58692602,IMMUTABLE,0.045042146928648163,0.04405721659259852,0.04820387821701984,0.036087718952277185,1.656569140298026,2.094081258773804,0.7910720433399206
2024-06-20,1.5626980066299438,1.659857988357544,1.5326160192489624,1.5405290126800537,56959170,IMMUTABLE,0.014390507265632513,0.014287946677575046,0.047994588748969856,0.03648765987798137,1.6233341353280204,2.0631765961647033,0.7868129845722764
2024-06-21,1.554136037826538,1.6208709478378296,1.5322459936141968,1.5628730058670044,53825072,IMMUTABLE,-0.005478965716395945,-0.0054940302998113125,0.046810069421776956,0.03619196385519204,1.6002505677086967,2.0310513297716777,0.7878927254332809
2024-06-22,1.5406370162963867,1.5830049514770508,1.525797963142395,1.5544350147247314,35735884,IMMUTABLE,-0.008685868676611919,-0.008723810700003108,0.045398775432871644,0.03610687957114285,1.5720045736857824,2.0010210315386456,0.7856012250291146
2024-06-23,1.5003310441970823,1.5751370191574097,1.4823009967803955,1.5405210256576538,36098313,IMMUTABLE,-0.026161887370587777,-0.0265101979531866,0.04552967527169615,0.03589439161576371,1.542095150266375,1.9690213998158772,0.7831784613466242
2024-06-24,1.5226409435272217,1.5282020568847656,1.4504729509353638,1.500736951828003,64217045,IMMUTABLE,0.014869984472046127,0.014760510172787978,0.04427331861750735,0.036215228973378526,1.5278718641826086,1.9376994609832763,0.788497852709985
2024-06-25,1.5615040063858032,1.588668942451477,1.515861988067627,1.5226500034332275,54663636,IMMUTABLE,0.025523458451442105,0.025203173404153508,0.023571473869397102,0.03655464803447986,1.5403537239347185,1.911258296171824,0.8059369720042482
2024-06-26,1.537423014640808,1.6017099618911743,1.5091489553451538,1.5613960027694702,43444665,IMMUTABLE,-0.01542166503993292,-0.015541815800119005,0.018740615502123484,0.03624043524853124,1.539910009929112,1.8830948988596599,0.8177548624138012
2024-06-27,1.5651769638061523,1.587546944618225,1.5215619802474976,1.5372769832611084,45766933,IMMUTABLE,0.018052252959039006,0.017891245847425182,0.019250273768696372,0.03645441287034397,1.5402641466685705,1.858744732538859,0.828658244300563
2024-06-28,1.4834959506988523,1.5880759954452517,1.4772969484329224,1.565155029296875,45504923,IMMUTABLE,-0.052186439614259617,-0.05359746232822754,0.02815778153940149,0.0369382787534852,1.5301727056503294,1.8345138629277546,0.8341025579432154
2024-06-29,1.4557119607925415,1.5001039505004885,1.4459129571914673,1.4835230112075806,32435559,IMMUTABLE,-0.018728726487741487,-0.018906330108034188,0.028543420154008077,0.03694430452006791,1.5180405548640656,1.8106422305107117,0.8383989555108772
2024-06-30,1.5825419425964355,1.6223570108413696,1.4312490224838257,1.455618977546692,50454172,IMMUTABLE,0.08712573999518636,0.08353727761762503,0.043237290989114885,0.040913819173679956,1.5297849689211165,1.790960427125295,0.8541701680012013
2024-07-01,1.5765529870986938,1.6279079914093018,1.5542019605636597,1.5825129747390747,53786532,IMMUTABLE,-0.0037843897444612695,-0.0037915686649423854,0.043295272000268045,0.040553843706041565,1.5374866894313268,1.769683829943339,0.8687917374938965
2024-07-02,1.5866270065307615,1.6620010137557983,1.574610948562622,1.5763870477676392,55552413,IMMUTABLE,0.006389902219909871,0.006369573348430088,0.042404428261176054,0.040641431205758756,1.541075689452035,1.7502373615900675,0.8804952535420614
2024-07-03,1.5151840448379517,1.6032730340957642,1.5009000301361084,1.5867949724197388,58880072,IMMUTABLE,-0.04502820221686721,-0.04607347005459727,0.04596392307206055,0.04045408108277559,1.5378986937659127,1.7263101935386658,0.8908588384185238
2024-07-04,1.3217769861221311,1.5205140113830566,1.3212909698486328,1.5150699615478516,67820620,IMMUTABLE,-0.1276459182465225,-0.13655988043527342,0.06702453356991463,0.045383270870000096,1.5031272683824812,1.6934783299763998,0.8875975805391195
2024-07-05,1.2772730588912964,1.323101043701172,1.1712080240249634,1.3212460279464722,100578918,IMMUTABLE,-0.03366977008837302,-0.03424965027742507,0.06599866932214857,0.04542986708648004,1.473666855267116,1.6598136305809021,0.887850797291839
2024-07-06,1.3281840085983276,1.3450870513916016,1.2481969594955444,1.2774649858474731,46583459,IMMUTABLE,0.03985909618357031,0.03908521953556093,0.06988642120284103,0.046667539706688216,1.4554485763822282,1.6293638944625854,0.8932618313984919
2024-07-07,1.185755968093872,1.3280969858169556,1.183696985244751,1.3280969858169556,41312456,IMMUTABLE,-0.10723517192076737,-0.11343208320364091,0.06388922857790157,0.04925683276957332,1.398764865739005,1.5986065944035848,0.8749900511081418
2024-07-08,1.224321961402893,1.2878309488296509,1.1331039667129517,1.1858030557632446,66693115,IMMUTABLE,0.032524393169208965,0.032006670919457525,0.06864198146681263,0.049479815311792616,1.348446147782462,1.5732534925142925,0.8571067245034016
2024-07-09,1.2704919576644895,1.3013960123062134,1.209712028503418,1.2242469787597656,49379526,IMMUTABLE,0.037710665753877715,0.03701700383962413,0.07266352335196238,0.05012093343241385,1.303283997944423,1.5484544277191161,0.841667649117817
2024-07-10,1.256140947341919,1.322795033454895,1.241850972175598,1.2707029581069946,52603979,IMMUTABLE,-0.011295632558707136,-0.011359912731374433,0.07270710397157622,0.050053304055823575,1.2662778411592757,1.5251327912012735,0.830273828262449
2024-07-11,1.2280269861221311,1.3243969678878784,1.220729947090149,1.2561060190200806,46269948,IMMUTABLE,-0.022381215483245676,-0.022635475818197096,0.054513675535161364,0.049113476867992514,1.2528849840164185,1.505081792672475,0.8324364762872805
2024-07-12,1.2960020303726196,1.2988810539245603,1.2076970338821411,1.2281010150909424,37210242,IMMUTABLE,0.05535305414186409,0.05387535942141848,0.05817054346745249,0.0493701936079868,1.2555605513708932,1.4842872937520346,0.8459013000084655
2024-07-13,1.3396860361099243,1.3804739713668823,1.2882709503173828,1.2961349487304688,47638711,IMMUTABLE,0.03370674174387278,0.03315112052505641,0.05758163055049033,0.04898251878278552,1.2572036981582642,1.469098726908366,0.8557652900591489
2024-07-14,1.440384030342102,1.4500689506530762,1.3282970190048218,1.339815974235535,48509809,IMMUTABLE,0.07516536824148501,0.0724744806711747,0.03387293067250389,0.050722749850604626,1.293579135622297,1.4599208275477091,0.8860611556553903
2024-07-15,1.5168050527572632,1.5176550149917605,1.4369529485702517,1.4412109851837158,58461181,IMMUTABLE,0.05305600506901653,0.05169641793789821,0.03507755598236269,0.051699457866816664,1.335362434387207,1.4525356968243917,0.9193319223112004
2024-07-16,1.4904760122299194,1.523921012878418,1.425528049468994,1.5163079500198364,60670718,IMMUTABLE,-0.01735822311475199,-0.017510643475997442,0.03922501231134346,0.05170684319218768,1.366788727896554,1.4452283302942912,0.9457251143272534
2024-07-17,1.5787309408187866,1.6459779739379885,1.4906049966812134,1.4906049966812134,69658504,IMMUTABLE,0.0592125789779252,0.05752578205335624,0.03783935499806539,0.05208982584434778,1.4128730126789637,1.4437792301177979,0.9785935295410002
2024-07-18,1.5183459520339966,1.6145659685134888,1.4913510084152222,1.5789129734039309,51835304,IMMUTABLE,-0.03824906906142744,-0.03899976938703746,0.04209112542973192,0.04949464104804985,1.4543471506663732,1.44525306224823,1.006292384811831
2024-07-19,1.6194829940795898,1.6263959407806396,1.4615980386734009,1.5184249877929688,56334011,IMMUTABLE,0.06661001197395677,0.06448540595256919,0.04325582386622775,0.05024252790075935,1.500558716910226,1.4478848616282145,1.0363798646411546
2024-07-20,1.6429380178451538,1.6589230298995972,1.5766079425811768,1.6194920539855957,40711262,IMMUTABLE,0.014483031838746996,0.014379154504376778,0.04373959324206515,0.05024332076437221,1.5438804285866874,1.4505595286687216,1.0643344158399433
2024-07-21,1.673730969429016,1.6955900192260742,1.581334948539734,1.6429380178451538,51574791,IMMUTABLE,0.01874261308058922,0.018569134582808247,0.0393674074415342,0.0503170457953841,1.5772157055991036,1.4545460263888041,1.0843353713012789
2024-07-22,1.5483390092849731,1.6749639511108398,1.541627049446106,1.673730969429016,53602285,IMMUTABLE,-0.07491763158736287,-0.07787249850157393,0.051397797759287635,0.052388713663788423,1.5817205565316337,1.4548027594884236,1.0872405528621902
2024-07-23,1.5304169654846191,1.600648045539856,1.5023579597473145,1.5483390092849731,54518393,IMMUTABLE,-0.01157501276715267,-0.011642524700737537,0.05105537744009346,0.0521976314070325,1.5874264069965907,1.4558056235313415,1.090410959634829
2024-07-24,1.481281042098999,1.5880019664764404,1.468911051750183,1.530493974685669,41411978,IMMUTABLE,-0.03210623280699243,-0.0326329423632659,0.04639608498842713,0.05247268101863079,1.5735049928937639,1.4544269601504007,1.0818728172716554
2024-07-25,1.459130048751831,1.482943058013916,1.394466996192932,1.481281042098999,46344078,IMMUTABLE,-0.014953943726829566,-0.015066881265415959,0.04467560392924305,0.05229620782723879,1.5650455781391688,1.4510144948959351,1.0785871427503637
2024-07-26,1.5399179458618164,1.5432159900665283,1.4533679485321045,1.459130048751831,40020407,IMMUTABLE,0.05536716701783573,0.05388873199048791,0.04200119395228112,0.053216388440696254,1.553679142679487,1.4510976592699687,1.0706923360769018
2024-07-27,1.4929449558258057,1.5826959609985352,1.4618489742279053,1.5399179458618164,42257303,IMMUTABLE,-0.030503566870066057,-0.03097848338826756,0.041614787634147665,0.0533992057731649,1.5322515623910087,1.4486899256706238,1.057680829582426
2024-07-28,1.4388519525527954,1.506382942199707,1.4266910552978516,1.4929449558258057,30835048,IMMUTABLE,-0.036232416380742816,-0.036905109270509544,0.03968816747271177,0.05292329204883131,1.4986974171229772,1.4472017923990885,1.035582891753141
2024-07-29,1.4932780265808103,1.589851975440979,1.435634970664978,1.4388519525527954,50929467,IMMUTABLE,0.037826041749085215,0.03712818086184615,0.036157802039731686,0.05325796243062935,1.4908315624509538,1.448453994592031,1.029257103102442
2024-07-30,1.420117974281311,1.514417052268982,1.4038100242614746,1.4932780265808103,41077842,IMMUTABLE,-0.04899292094119634,-0.050233772659190254,0.04004207203632058,0.05167257386064791,1.4750745637076241,1.44303986231486,1.0221994570138733
2024-07-31,1.3963539600372314,1.4736390113830566,1.3879929780960083,1.420117974281311,36216736,IMMUTABLE,-0.016733831043935665,-0.016875423405665477,0.03903282118103688,0.05172934558476068,1.462942123413086,1.437033228079478,1.0180294337161806
2024-08-01,1.376389980316162,1.3995490074157717,1.282636046409607,1.3963539600372314,44372043,IMMUTABLE,-0.014297219968880226,-0.014400409952420305,0.039014756099329646,0.05172413086071465,1.4511221136365617,1.430025327205658,1.0147527362135103
2024-08-02,1.2773009538650513,1.381160020828247,1.2707829475402832,1.376389980316162,48854869,IMMUTABLE,-0.07199197020335013,-0.07471489343525764,0.03488924405164398,0.05276720960525486,1.4136054004941667,1.4220958908398946,0.9940295936438481
2024-08-03,1.2045810222625732,1.2893459796905518,1.176355004310608,1.2773009538650513,39530340,IMMUTABLE,-0.05693249612194451,-0.05861741473461164,0.03695540313431099,0.0477851925661394,1.3724105528422765,1.4181893587112426,0.9677202444174543
2024-08-04,1.1008729934692385,1.2147760391235352,1.0867489576339722,1.2045810222625732,40727593,IMMUTABLE,-0.08609468925430952,-0.09002831164121716,0.043352566265455035,0.05006974851895217,1.3241278444017683,1.4123093565305074,0.9375621837234255
2024-08-05,1.043900966644287,1.1116559505462646,0.9155089855194092,1.1008729934692385,110232013,IMMUTABLE,-0.05175167995121077,-0.05313887004792853,0.027846793377568464,0.050103756933783855,1.2599311215536935,1.4028332551320395,0.8981332007524333
2024-08-06,1.137578010559082,1.1663739681243896,1.0437120199203491,1.043900966644287,51979596,IMMUTABLE,0.08973748172293416,0.08593682477782678,0.05887007056725915,0.048847316242497205,1.2195682695933752,1.401227323214213,0.87035718572477
2024-08-07,1.0869799852371216,1.1834319829940796,1.0730119943618774,1.137578010559082,48683269,IMMUTABLE,-0.04447873011987391,-0.045498255078480355,0.05866316264624024,0.04906956958621031,1.1753719874790736,1.3966492573420206,0.8415656123398781
2024-08-08,1.2328139543533323,1.2377769947052002,1.0728260278701782,1.0869799852371216,46424584,IMMUTABLE,0.13416435545903593,0.12589612907083159,0.08516499960344619,0.05405875798286722,1.1548611266272408,1.3953933238983154,0.8276240876664804
2024-08-09,1.1944580078125,1.2419350147247314,1.176483988761902,1.2328139543533323,34885386,IMMUTABLE,-0.03111251815846927,-0.03160679164416352,0.08167672047951814,0.05431827403780362,1.143026420048305,1.3933372259140016,0.8203515981556455
2024-08-10,1.1915290355682373,1.214192032814026,1.1753640174865725,1.1944580078125,28430565,IMMUTABLE,-0.002452134964230912,-0.0024551463710969818,0.07876331879434324,0.054174558557465065,1.1411618505205428,1.392120627562205,0.8197291441036072
2024-08-11,1.0940639972686768,1.222872018814087,1.093999981880188,1.19153094291687,30820973,IMMUTABLE,-0.08179829059144972,-0.08533818547352912,0.07790050040024177,0.05526288923884659,1.1401891367776054,1.3853893597920737,0.8230098843466871
2024-08-12,1.1582989692687988,1.1790870428085327,1.0930789709091189,1.0940639972686768,39557209,IMMUTABLE,0.05871226195221135,0.05705332238401238,0.07670613364650383,0.05600879654376325,1.156531708581107,1.3793431242307028,0.8384655625308143
2024-08-13,1.2602529525756836,1.2602529525756836,1.1261320114135742,1.1582989692687988,46080646,IMMUTABLE,0.0880204386016552,0.08435993373676848,0.07646452523121909,0.0566133857468162,1.1740567002977644,1.3733387549718221,0.8548922806171398
2024-08-14,1.183640956878662,1.2618299722671509,1.1810179948806765,1.2602529525756836,38841369,IMMUTABLE,-0.060790967035977306,-0.0627172122330658,0.07895755692922884,0.056554137680991885,1.1878654105322701,1.362233285109202,0.8719985214845533
2024-08-15,1.1342250108718872,1.2137600183486938,1.118056058883667,1.183547019958496,39763709,IMMUTABLE,-0.04174910112699037,-0.04264563668589936,0.06247525960287983,0.05688104022914805,1.1737812757492065,1.350358251730601,0.8692369408228552
2024-08-16,1.120864987373352,1.152127027511597,1.0948009490966797,1.1342250108718872,33099947,IMMUTABLE,-0.011778988622606068,-0.011848910524320355,0.061880403880621195,0.05547151734623429,1.1632679871150426,1.3350960532824199,0.8712990981098875
2024-08-17,1.1230800151824951,1.1306849718093872,1.1091070175170898,1.120864987373352,20031849,IMMUTABLE,0.0019761771793174177,0.0019742271098945434,0.0619820553094305,0.05527304337805964,1.1534895556313651,1.3219205220540364,0.8725861626227281
2024-08-18,1.1112120151519775,1.1650999784469604,1.106099009513855,1.1230800151824951,25835772,IMMUTABLE,-0.010567368192896831,-0.010623599322353882,0.052195755759752945,0.053451458409269965,1.1559392724718367,1.3049781560897826,0.885792047228956
2024-08-19,1.1362169981002808,1.1409809589385986,1.0793850421905518,1.1112120151519775,30235834,IMMUTABLE,0.022502441124957917,0.022252996340241707,0.04755369037823722,0.05360737792903163,1.1527847051620483,1.2880874554316202,0.8949584131892397
2024-08-20,1.1636979579925537,1.1948390007019043,1.1153759956359863,1.1451120376586914,34092106,IMMUTABLE,0.02418636575427069,0.02389850786462933,0.032062251964321775,0.05372188352602239,1.1389911345073156,1.2710863550504048,0.8960769108894643
2024-08-21,1.210023045539856,1.2105000019073486,1.1526520252227783,1.1625770330429075,34416380,IMMUTABLE,0.039808514940780526,0.03903657595181785,0.027678431774650018,0.05302310661722287,1.1427600043160575,1.2598091562589009,0.9070897751764008
2024-08-22,1.3005919456481934,1.3333749771118164,1.199419021606445,1.210023045539856,42525858,IMMUTABLE,0.07484890510323283,0.07218009830873087,0.029947495762008017,0.055007831109257825,1.1665267092841012,1.2521483222643535,0.9316202310398689
2024-08-23,1.4337060451507568,1.4536110162734983,1.2975419759750366,1.3005919456481934,50510739,IMMUTABLE,0.10234885733989496,0.09744322809288693,0.038200264412191494,0.05784263302732732,1.2112182889665877,1.2505624890327454,0.9685387972122939
2024-08-24,1.4827200174331665,1.5170429944992063,1.4273459911346436,1.4337129592895508,34873333,IMMUTABLE,0.034186904943443785,0.03361551888419811,0.03538654787414034,0.0581191630627357,1.262595432145255,1.251348821322123,1.0089875905355066
2024-08-25,1.4973629713058472,1.5420160293579102,1.4138389825820925,1.482733964920044,37666735,IMMUTABLE,0.009875737631188208,0.009827291235776288,0.031128703692125618,0.05727497284599478,1.3177598544529505,1.2499303221702576,1.054266650772117
2024-08-26,1.4243719577789309,1.5082420110702517,1.420238018035889,1.4973629713058472,36551742,IMMUTABLE,-0.048746372740379074,-0.04997455666279305,0.04695012259126699,0.05772184348041036,1.3589248486927576,1.247644555568695,1.0891923045128342
2024-08-27,1.3471510410308838,1.5170199871063232,1.3226579427719116,1.42433500289917,43437503,IMMUTABLE,-0.0542140108321566,-0.05573896261877105,0.05773282020581252,0.05821971133794701,1.3851324319839478,1.2445878585179646,1.1129245898584785
2024-08-28,1.4376850128173828,1.4676159620285034,1.336609959602356,1.3471510410308838,59352366,IMMUTABLE,0.06720402466320285,0.06504216740824574,0.059889886513615403,0.059086455216927423,1.4176555701664515,1.2427347580591837,1.1407547434984815
2024-08-29,1.458474040031433,1.5140769481658936,1.415503978729248,1.4376850128173828,59699486,IMMUTABLE,0.014460070897804433,0.014356521103851574,0.05610617893590668,0.05841352262121043,1.440210155078343,1.2440132935841879,1.157712833541258
2024-08-30,1.4231170415878296,1.4833070039749146,1.33113694190979,1.458474040031433,46932889,IMMUTABLE,-0.02424245990887952,-0.024541145468696672,0.04446323832071303,0.0585105938174809,1.438697440283639,1.2449053963025412,1.1556680889621607
2024-08-31,1.3637429475784302,1.5052109956741333,1.3392330408096311,1.4234230518341064,44684701,IMMUTABLE,-0.04172116015359728,-0.042616478804515544,0.0438869519867903,0.058985434944440786,1.4217007160186768,1.2444838285446167,1.1424019207074063
2024-09-01,1.2885290384292605,1.3693480491638184,1.2592229843139648,1.3637429475784302,43878716,IMMUTABLE,-0.05515255589972101,-0.05673179933491612,0.045560884568365385,0.058290483458959694,1.3918672970363073,1.2448580980300903,1.1180931378755938
2024-09-02,1.268460988998413,1.295712947845459,1.237684965133667,1.2884739637374878,40585328,IMMUTABLE,-0.015574386631837744,-0.015696941534976725,0.043792870825580116,0.05731328835425359,1.3695943014962333,1.2469874302546182,1.098322459606975
2024-09-03,1.172175049781799,1.2848340272903442,1.172163009643555,1.268460988998413,34947258,IMMUTABLE,-0.07590768659952418,-0.07894330605318144,0.047935051083219576,0.05673417882878658,1.3445977313177926,1.249364165465037,1.0762256261906695
2024-09-04,1.2314070463180542,1.2938460111618042,1.135475993156433,1.1721529960632324,51113311,IMMUTABLE,0.050531698782772416,0.049296415795566775,0.04344523156990495,0.056376903667838915,1.3151294503893172,1.2556143681208292,1.0473991726915002
2024-09-05,1.1620229482650757,1.2341079711914062,1.1620229482650757,1.2314070463180542,31026540,IMMUTABLE,-0.05634538007593759,-0.05799504850743784,0.04189835050183666,0.05541229332951112,1.2727792944226946,1.2564291993776957,1.0130131447542743
2024-09-06,1.1497349739074707,1.2112489938735962,1.1098589897155762,1.1620229482650757,37173871,IMMUTABLE,-0.01057464000685282,-0.01063094882796384,0.0426595454940377,0.054771665858164224,1.2337247133255005,1.258521032333374,0.9802972549756284
2024-09-07,1.179340958595276,1.2094290256500244,1.148738980293274,1.1497349739074707,25468157,IMMUTABLE,0.025750268852992253,0.02542431444394298,0.046966017078248844,0.0497698683972429,1.2073815720421928,1.2567385991414388,0.96072609918008
2024-09-08,1.1999449729919434,1.2254220247268677,1.1754590272903442,1.179340958595276,24146124,IMMUTABLE,0.017470786752975087,0.017319927114562976,0.04583788132633105,0.049549692800786735,1.1947267055511475,1.2569214979807535,0.9505181568383371
2024-09-09,1.2591040134429932,1.2798089981079102,1.194821000099182,1.1999449729919434,30860287,IMMUTABLE,0.0493014611357907,0.04812466766697882,0.05065101662800784,0.050312545189816975,1.193389994757516,1.2591739972432454,0.947756225406693
2024-09-10,1.3035320043563845,1.3263839483261108,1.232550024986267,1.2591040134429932,29779299,IMMUTABLE,0.03528540171348027,0.03467713915297244,0.03820937317113858,0.04785309025729098,1.2121552739824568,1.266156264146169,0.9573504537371399
2024-09-11,1.2550029754638672,1.303807020187378,1.207927942276001,1.3035320043563845,33366213,IMMUTABLE,-0.03722887411305131,-0.03793956325396738,0.039431905192843515,0.04748885505360401,1.2155261210032873,1.269379731019338,0.9575748621944632
2024-09-12,1.255074977874756,1.275078058242798,1.2328970432281494,1.2550029754638672,29891152,IMMUTABLE,5.7372302932012786e-05,5.7370657204386745e-05,0.029352938452249948,0.044912832244065934,1.2288192680903844,1.2692071318626403,0.9681786662252801
2024-09-13,1.322417974472046,1.3337420225143433,1.2220580577850342,1.255074977874756,32735647,IMMUTABLE,0.053656552623910336,0.052266545617602723,0.03119522413290784,0.04429015110783055,1.253488268171038,1.2738330324490865,0.9840287041081566
2024-09-14,1.322625994682312,1.3273309469223022,1.2801909446716309,1.322417974472046,23353567,IMMUTABLE,0.00015730292107463129,0.00015729055026743438,0.031915138327654566,0.04342685120083893,1.2739575590406145,1.2801130652427672,0.9951914355307471
2024-09-15,1.2809250354766846,1.3463549613952637,1.2804880142211914,1.322625994682312,25154124,IMMUTABLE,-0.03152891246148826,-0.03203664940618218,0.036757725259766526,0.04385321605355304,1.2855261393955775,1.285448400179545,1.0000604763411909
2024-09-16,1.2257080078125,1.2810770273208618,1.2162350416183472,1.2809250354766846,31255002,IMMUTABLE,-0.04310715001650045,-0.0440638582872253,0.03705507685950879,0.044739395259646174,1.2807552814483643,1.2888693332672119,0.9937045194501766
2024-09-17,1.3913969993591309,1.4517899751663208,1.215440034866333,1.2257080078125,98412057,IMMUTABLE,0.13517819129070818,0.1267896353425703,0.06138260833673824,0.050027257080766524,1.2933074235916138,1.2982088327407837,0.9962244832837702
2024-09-18,1.389981985092163,1.394219994544983,1.3083879947662354,1.3913969993591309,48373968,IMMUTABLE,-0.001016973780753827,-0.0010174912494536794,0.05814592836668001,0.049970919611433504,1.312590139252799,1.3066676656405132,1.0045325018503328
2024-09-19,1.5041719675064087,1.5362240076065063,1.3629640340805054,1.389981985092163,63407493,IMMUTABLE,0.0821521312067035,0.07895177239539974,0.06235279987169604,0.05160761777270317,1.3481754234858923,1.318016799290975,1.022881820786458
2024-09-20,1.572996973991394,1.6271770000457764,1.4828840494155884,1.5041719675064087,60196314,IMMUTABLE,0.0457560757491593,0.04474014126750471,0.06188477220721436,0.05173413389262415,1.3839724234172277,1.3301159302393595,1.0404900745517547
2024-09-21,1.6531699895858765,1.6599819660186768,1.5170480012893677,1.572996973991394,34989091,IMMUTABLE,0.05096832156710884,0.04971195021040473,0.06143018247350972,0.050940682100105675,1.4311929941177368,1.341868531703949,1.0665672234673844
2024-09-22,1.6882359981536863,1.7093360424041748,1.5901869535446167,1.6531699895858765,38531951,IMMUTABLE,0.021211374987876397,0.020989545167530876,0.055188865987965866,0.04814733197188487,1.4893802745001656,1.3503528634707134,1.1029563566608214
2024-09-23,1.8044049739837649,1.8638839721679688,1.6528160572052002,1.6882359981536863,87008367,IMMUTABLE,0.06881086291082816,0.06654668740019287,0.041409026481856355,0.04917608549429438,1.572051269667489,1.3610756953557333,1.1550064959881712
2024-09-24,1.7833759784698486,1.8103059530258176,1.734241008758545,1.8044049739837649,47123897,IMMUTABLE,-0.011654254902372818,-0.011722698019743705,0.03394447395383505,0.04928376427806553,1.628048266683306,1.3706094622612,1.187827978363282
2024-09-25,1.730873942375183,1.7978049516677856,1.7243239879608154,1.7833759784698486,46482511,IMMUTABLE,-0.029439690075736435,-0.029881735156774374,0.04027636300117157,0.04863149459633808,1.6767471177237374,1.380826195081075,1.214307147196963
2024-09-26,1.7756609916687012,1.84751296043396,1.6989760398864746,1.730873942375183,48682107,IMMUTABLE,0.025875396351544344,0.025546293322282625,0.03437943385019427,0.04729038756986626,1.7155312640326363,1.3951098601023355,1.2296746751591283
2024-09-27,1.818951964378357,1.8643120527267456,1.766010046005249,1.7756609916687012,49924705,IMMUTABLE,0.024380201464567097,0.024087748198799216,0.03313704403109444,0.04620155391102643,1.750667691230774,1.4078187584877013,1.2435320105489756
2024-09-28,1.7773289680480957,1.8285390138626096,1.7279030084609983,1.818954944610596,32228768,IMMUTABLE,-0.02288295521013728,-0.023148833920492152,0.03395803508881755,0.046525463582376164,1.7684046881539481,1.4184472560882568,1.246718678162762
2024-09-29,1.8021509647369385,1.849403977394104,1.7370610237121582,1.7773319482803345,36636259,IMMUTABLE,0.01396589890508726,0.013869274332364073,0.03369165209451478,0.046166322770318374,1.7846782548086983,1.431081720193227,1.2470833982616507
2024-09-30,1.6910289525985718,1.8103740215301516,1.671337008476257,1.8021509647369385,47853914,IMMUTABLE,-0.06166076777845708,-0.06364374053684553,0.03276259224834757,0.047109259543714546,1.7684816803250993,1.4419912536938986,1.2264163709695477
2024-10-01,1.555469989776611,1.7605129480361938,1.5349220037460327,1.6910289525985718,51948873,IMMUTABLE,-0.0801635966159242,-0.08355944715994337,0.043235668591470516,0.04859530164476517,1.7359236819403512,1.450889285405477,1.1964549600042131
2024-10-02,1.5593830347061155,1.6501350402832031,1.5327130556106567,1.555469989776611,46036093,IMMUTABLE,0.0025156672614856657,0.0025125082674764395,0.04367479964197742,0.048424809160995556,1.7114249808447701,1.460586686929067,1.1717380393512276
2024-10-03,1.5097689628601074,1.6018530130386353,1.4734989404678345,1.5593830347061155,41770088,IMMUTABLE,-0.03181647532503673,-0.032333618069410326,0.04007030298294198,0.04627626476375291,1.6734404053006853,1.4718398173650107,1.1369718263884137
2024-10-04,1.55595600605011,1.5800329446792605,1.488677978515625,1.5097689628601074,42893876,IMMUTABLE,0.030592126561209687,0.030133517217764368,0.04130490033836247,0.045822850712366706,1.6358695541109358,1.4826581160227457,1.1033356486114159
2024-10-05,1.5183099508285522,1.5781539678573608,1.4852080345153809,1.55595600605011,26373592,IMMUTABLE,-0.02419480697087617,-0.024492309797463464,0.04131256791874082,0.04455481572077786,1.5988668373652868,1.4945343494415284,1.0698093609977883
2024-10-06,1.5218349695205688,1.5566049814224243,1.486788988113403,1.5183099508285522,27903382,IMMUTABLE,0.002321672653263551,0.002318981735457808,0.03982152535264204,0.04442145427843786,1.5588216951915197,1.5069376826286316,1.0344300983119514
2024-10-07,1.4823529720306396,1.5762460231781006,1.474478006362915,1.521846055984497,56741838,IMMUTABLE,-0.025943678704115625,-0.02628615227228673,0.03596320241058198,0.044777891161734425,1.529010840824672,1.5170380830764771,1.0078921932690805
2024-10-08,1.4266259670257568,1.5081360340118408,1.4142320156097412,1.4823529720306396,43754310,IMMUTABLE,-0.037593613704935414,-0.038318478542495454,0.02468562764757523,0.04550864710203541,1.5106045518602644,1.5245941162109375,0.9908240729765891
2024-10-09,1.3739910125732422,1.466493010520935,1.3613049983978271,1.4275779724121094,34948013,IMMUTABLE,-0.03689471218741969,-0.03759254002173081,0.025306854125046855,0.04544841194740081,1.484119977269854,1.5284236828486124,0.9710134656535895
2024-10-10,1.459699034690857,1.459699034690857,1.365941047668457,1.3735140562057495,39027267,IMMUTABLE,0.062378881181397894,0.06051062113639049,0.037825887008511916,0.04630766224419169,1.4769671303885323,1.5336292505264282,0.9630535736597055
2024-10-11,1.4873449802398682,1.4967869520187378,1.4379260540008545,1.4596940279006958,35667444,IMMUTABLE,0.018939483340047802,0.018762364194450765,0.036287597380259,0.045699657230304294,1.4671655552727836,1.5413739840189615,0.9518556628595173
2024-10-12,1.5491770505905151,1.5773789882659912,1.476557970046997,1.4873449802398682,40021281,IMMUTABLE,0.04157211082305534,0.0407312167902148,0.03914199096951417,0.04612898279166777,1.471575140953064,1.5511773864428202,0.9486826934266357
2024-10-13,1.5043749809265137,1.5617610216140747,1.46274995803833,1.5491770505905151,33176534,IMMUTABLE,-0.02891991567195229,-0.029346337955790183,0.0410025316070695,0.045773602655675254,1.469080856868199,1.5572426199913025,0.9433859810980539
2024-10-14,1.672518014907837,1.6848119497299194,1.482069969177246,1.5043749809265137,62775753,IMMUTABLE,0.11176936343209287,0.1059527673310593,0.055617885930785746,0.04937718543726124,1.4962472915649414,1.5689056873321534,0.9536884872342046
2024-10-15,1.584723949432373,1.6749260425567627,1.5469130277633667,1.672518014907837,57658524,IMMUTABLE,-0.0524921493777164,-0.05392005644269532,0.05845570856974294,0.050142063086399055,1.5188327176230294,1.5790323177973429,0.9618756376954409
2024-10-16,1.529252052307129,1.5964349508285522,1.5073200464248655,1.584723949432373,41403488,IMMUTABLE,-0.03500413882500697,-0.035631466590179704,0.058165546787464696,0.04986828607960532,1.5410128661564417,1.5891504526138305,0.9697086035005609
2024-10-17,1.5018459558486938,1.5479170083999634,1.465728998184204,1.529252052307129,33347734,IMMUTABLE,-0.017921242228897794,-0.018083772447396767,0.05550751141591422,0.04464701182579279,1.5470338548932756,1.592832084496816,0.9712472959018726
2024-10-18,1.556246995925903,1.5609910488128662,1.497931957244873,1.501899003982544,33305061,IMMUTABLE,0.03622278294611592,0.03558216217297191,0.05660294480860185,0.045044551240361816,1.5568769999912806,1.5983742515246073,0.9740378378256878
2024-10-19,1.5758579969406128,1.6194130182266235,1.5356470346450806,1.556246995925903,30436704,IMMUTABLE,0.012601470760136069,0.012522733011767697,0.054730318324536745,0.04279786111908973,1.5606885637555803,1.6007637858390809,0.9749649370893944
2024-10-20,1.6440399885177612,1.6701560020446775,1.5382930040359497,1.5758579969406128,47170740,IMMUTABLE,0.043266583479931287,0.04235673634203139,0.05449927604402394,0.04271706101760104,1.5806407076971871,1.603131886323293,0.9859704751567955
2024-10-21,1.5425779819488523,1.6550259590148926,1.5425620079040527,1.651940941810608,42885451,IMMUTABLE,-0.06171504785621751,-0.06370158917614986,0.04251370459390102,0.04331501554187014,1.5620778458459037,1.5994454860687255,0.9766371279619741
2024-10-22,1.50142502784729,1.5574020147323608,1.488556981086731,1.5425779819488523,37844290,IMMUTABLE,-0.026678038052618036,-0.027040355386937234,0.0391284145146872,0.04331183873729295,1.5501779999051775,1.593218453725179,0.9729852151038254
2024-10-23,1.460072040557861,1.505910038948059,1.422083020210266,1.50142502784729,41367539,IMMUTABLE,-0.02754249231393191,-0.02792889834021572,0.038312254502453645,0.04140505521006506,1.5402951410838537,1.5817406892776489,0.9737975077237707
2024-10-24,1.4627020359039309,1.48681902885437,1.4422789812088013,1.468232035636902,34099778,IMMUTABLE,0.0018012777952141068,0.001799657439881264,0.03805631756938038,0.04142612346944132,1.534703152520316,1.571051557858785,0.9768636457812953
2024-10-25,1.3277510404586792,1.4688349962234497,1.2915879487991333,1.4645789861679075,41639437,IMMUTABLE,-0.09226143953635346,-0.09679887084515268,0.047065919033887044,0.044416185081807134,1.5020608731678553,1.5576141277949016,0.9643343921734374
2024-10-26,1.3388769626617432,1.3509490489959717,1.301429033279419,1.3277510404586792,32072498,IMMUTABLE,0.00837952437169287,0.00834461105972228,0.04656888832519016,0.044066652800937425,1.4682064396994454,1.5430546601613362,0.9514934743438933
2024-10-27,1.339609980583191,1.3544429540634155,1.316362977027893,1.3388550281524658,22628084,IMMUTABLE,0.0005474871417538996,0.0005473373253479165,0.03877651134989258,0.04365726201855214,1.4247164385659354,1.5270765940348308,0.9329698615847158
2024-10-28,1.3546730279922483,1.3642339706420898,1.2801530361175537,1.339609980583191,34514664,IMMUTABLE,0.011244352929126178,0.011181605126889533,0.03801105248773355,0.04375586027258444,1.397872873714992,1.512988062699636,0.9239153356046689
2024-10-29,1.415002942085266,1.4401400089263916,1.3364579677581787,1.3546730279922483,49081173,IMMUTABLE,0.044534668400707744,0.04357149284777627,0.044242984539687814,0.04461989156520485,1.3855268614632743,1.5000831286112468,0.9236333874016522
2024-10-30,1.378059983253479,1.4154850244522097,1.3591320514678955,1.415002942085266,34849524,IMMUTABLE,-0.026108043830173733,-0.026454909449620027,0.044138314858186,0.04352563629536437,1.373810853276934,1.489650829633077,0.9222368262066647
2024-10-31,1.2023990154266355,1.3780560493469238,1.188702940940857,1.3780560493469238,53504274,IMMUTABLE,-0.12746975455460463,-0.1363579602394525,0.0648982245691819,0.047611196212397476,1.336624707494463,1.4778817971547444,0.9044192235588576
2024-11-01,1.1121619939804075,1.2023990154266355,1.1075069904327393,1.2023990154266355,85335359,IMMUTABLE,-0.07504748447769649,-0.07801287735785871,0.06189788041234206,0.04920729323348546,1.3058262722832814,1.4629744291305542,0.892583114428961
2024-11-02,1.063267946243286,1.1213959455490112,1.0556069612503052,1.1121619939804075,53458118,IMMUTABLE,-0.043963062936659636,-0.044958729581584804,0.06032615526740099,0.04944708498789085,1.2664535556520733,1.4480910619099936,0.8745676214461643
2024-11-03,1.1047290563583374,1.1455270051956177,1.0410929918289185,1.063267946243286,91858697,IMMUTABLE,0.03899403744986474,0.038252973361321246,0.06529212796246024,0.049705428722439035,1.2328991379056655,1.4330501635869344,0.8603321567053246
2024-11-04,1.0451940298080444,1.113921046257019,1.024880051612854,1.1047290563583374,48057777,IMMUTABLE,-0.053891066056093506,-0.0553975643991822,0.06353716530893053,0.05030246079478185,1.1886878524507796,1.417279632886251,0.8387108830669142
2024-11-05,1.080407977104187,1.1065269708633425,1.0451480150222778,1.0451940298080444,43979344,IMMUTABLE,0.033691301607042146,0.033136183743162295,0.06141732169182555,0.05092519695242279,1.1408885717391966,1.4025653998057048,0.813429856388331
2024-11-06,1.2380599975585938,1.2381750345230105,1.0803810358047483,1.080407977104187,89817599,IMMUTABLE,0.14591897116213515,0.13620691000057228,0.09059407460984291,0.05750568981767164,1.1208885737827845,1.3944223006566365,0.8038372401638697
2024-11-07,1.2168309688568115,1.2827279567718506,1.1902170181274414,1.229725956916809,64070173,IMMUTABLE,-0.017147011246341104,-0.017295723677770224,0.07367565343016716,0.057225724593614295,1.1229502814156667,1.387429134051005,0.8093748746192787
2024-11-08,1.199741005897522,1.251147985458374,1.1554570198059082,1.2227849960327148,62821696,IMMUTABLE,-0.014044648268070614,-0.014144207623910825,0.06567875717095202,0.0569288439258299,1.1354615688323975,1.3816208004951478,0.8218330010850073
2024-11-09,1.29783296585083,1.3742140531539917,1.1962970495224,1.199741005897522,116539125,IMMUTABLE,0.08176094629684338,0.07859021913506939,0.06478296844179766,0.057731050861280477,1.1689708573477608,1.376225264867147,0.8494037184098686
2024-11-10,1.304324984550476,1.3679050207138062,1.247359037399292,1.29783296585083,114531157,IMMUTABLE,0.005002198950455838,0.004989729519049201,0.06516531532172758,0.057599085193059854,1.1974845613752092,1.370124598344167,0.8739968341728934
2024-11-11,1.410315990447998,1.4103529453277588,1.2917649745941162,1.304324984550476,144952981,IMMUTABLE,0.08126119422150824,0.07812813224759275,0.057199959522704555,0.05899669900206815,1.2496448414666312,1.3654958963394166,0.9151582548264292
2024-11-12,1.351186990737915,1.4906489849090576,1.2532039880752563,1.410315990447998,224232993,IMMUTABLE,-0.041926064875220104,-0.042830327449796195,0.06588627076596305,0.05925411502502863,1.2883275577000208,1.3603896299997966,0.9470283581184116
2024-11-13,1.2410800457000732,1.3634710311889648,1.2029750347137451,1.350255012512207,144567165,IMMUTABLE,-0.08148905058485634,-0.08500145342343975,0.06036467193733926,0.05730652769916624,1.2887589931488037,1.3460083643595377,0.9574672990698876
2024-11-14,1.1622660160064695,1.2806860208511353,1.1479820013046265,1.2410800457000732,109457471,IMMUTABLE,-0.06350438875128805,-0.0656104434424377,0.06528030447108113,0.05765455606959775,1.280963999884469,1.3319264332453409,0.9617378016616894
2024-11-15,1.245926022529602,1.2509969472885132,1.1370079517364502,1.1623109579086304,88639808,IMMUTABLE,0.07198008491256358,0.06950748496910927,0.07106006566225831,0.05923761202350702,1.2875618594033378,1.3224822322527567,0.9735948264575665
2024-11-16,1.3650120496749878,1.3804080486297607,1.2548669576644895,1.2617039680480957,116112858,IMMUTABLE,0.09558033542280908,0.09128420956261878,0.07336389203306297,0.06182979486600389,1.2971588713782174,1.3179211020469666,0.984246226396632
2024-11-17,1.2990520000457764,1.376574993133545,1.2800979614257812,1.364974021911621,100010726,IMMUTABLE,-0.048321954113823895,-0.04952848848327611,0.07646703394792262,0.0619422009263566,1.296405587877546,1.309347935517629,0.9901154251753821
2024-11-18,1.389382004737854,1.4060750007629397,1.2911510467529297,1.2990520000457764,100702431,IMMUTABLE,0.06953532629093728,0.06722427965488594,0.0746868322604497,0.06329720687721807,1.2934150184903825,1.3031320691108703,0.9925433109576394
2024-11-19,1.3872820138931274,1.421885967254639,1.3275649547576904,1.389382004737854,96335173,IMMUTABLE,-0.0015114567754336283,-0.0015126001785070796,0.07253648613186678,0.06268841128732278,1.2985714503696986,1.294573469956716,1.0030882607327927
2024-11-20,1.2745779752731323,1.388025999069214,1.2510490417480469,1.3872820138931274,91919186,IMMUTABLE,-0.0812408994647843,-0.08473132315969575,0.0724814411196161,0.06347249269396003,1.3033568688801356,1.2856401364008585,1.0137804755605055
2024-11-21,1.3644750118255615,1.3861969709396362,1.2355890274047852,1.2745779752731323,114554383,IMMUTABLE,0.07053082533704136,0.06815462390349761,0.06866299569097792,0.06476932500999638,1.332243868282863,1.2810751358668009,1.0399420229020684
2024-11-22,1.4848639965057373,1.4849090576171875,1.330894947052002,1.364480972290039,111209637,IMMUTABLE,0.08823099260652989,0.08455343528030546,0.07057356459072012,0.06651980266715433,1.366377864565168,1.2819015343983968,1.065899234769554
2024-11-23,1.5944149494171145,1.6577529907226562,1.4499620199203491,1.484861969947815,176034279,IMMUTABLE,0.07377844244939502,0.07118368285900296,0.0677838921130734,0.06775899574634082,1.399149707385472,1.2862919648488362,1.0877388226162936
2024-11-24,1.7599409818649292,1.7800359725952148,1.5572160482406616,1.5944149494171145,231770386,IMMUTABLE,0.10381615683440981,0.09877340938162897,0.06473911061658429,0.06724484596278085,1.4649909905024938,1.3006982962290445,1.1263111474426952
2024-11-25,1.6972110271453855,1.8166899681091309,1.6312639713287354,1.7599409818649292,188978159,IMMUTABLE,-0.03564321495205569,-0.036293943874125455,0.06999406322050825,0.06776073491614841,1.5089665651321411,1.312642765045166,1.1495637696065921
2024-11-26,1.6790879964828491,1.744323968887329,1.60385000705719,1.6972160339355469,142581717,IMMUTABLE,-0.010678124507014553,-0.010735544805055027,0.07073799813583347,0.06783425384247957,1.55065313407353,1.323958698908488,1.171224703120978
2024-11-27,1.7648199796676636,1.7683449983596802,1.6190600395202637,1.679057002067566,137051131,IMMUTABLE,0.05105866003711279,0.0497979038835499,0.05066293923537079,0.06827093575782256,1.6206877061298914,1.3376302639643352,1.2116111228873208
2024-11-28,1.8831650018692017,1.917731046676636,1.7075949907302856,1.7648780345916748,151988502,IMMUTABLE,0.06705784361293543,0.06490518229627905,0.05044577680228977,0.06875482890269655,1.6947862761361259,1.353235665957133,1.2523955130442241
2024-11-29,1.935045957565308,2.0219979286193848,1.7958149909973145,1.8831650018692017,141263248,IMMUTABLE,0.027549872499016415,0.02717720392227411,0.04773069729982385,0.06848369459909048,1.7590979848589217,1.3718018651008606,1.2823265732545024
2024-11-30,1.978587985038757,2.0310990810394287,1.90317702293396,1.935045957565308,120175596,IMMUTABLE,0.022501805346387682,0.022252374553200106,0.045565781395208914,0.06255595521315091,1.8139798470905848,1.397674830754598,1.2978554147041665
2024-12-01,2.01509690284729,2.1158149242401123,1.9474060535430908,1.97858202457428,182104548,IMMUTABLE,0.01845200622089993,0.01828383355274747,0.03433793583484003,0.05994995035116391,1.850430692945208,1.4277726610501607,1.2960261415736678
2024-12-02,2.0451819896698,2.071495056152344,1.8717679977416992,2.019365072250366,173166013,IMMUTABLE,0.014929846192508256,0.014819493053341164,0.02458500127274431,0.058703362232690265,1.9001408304486955,1.4605031291643777,1.301017979698445
2024-12-03,2.1078550815582275,2.1491920948028564,1.941161036491394,2.045052051544189,247833029,IMMUTABLE,0.030644261588938848,0.030184103388317146,0.01826983617488031,0.0586438564670489,1.9613932711737496,1.4939406633377075,1.312899045663351
2024-12-04,2.08630895614624,2.245735883712769,2.0274479389190674,2.107851028442383,238489450,IMMUTABLE,-0.01022182483060452,-0.010274426445381832,0.022421186761004134,0.05716257603545187,2.0073202678135464,1.5286444942156474,1.3131374072972468
2024-12-05,2.0633931159973145,2.18988299369812,1.9689429998397827,2.08630895614624,208371368,IMMUTABLE,-0.010983914957281682,-0.011044683545555775,0.016994830207735487,0.057461829219157254,2.0330671412604198,1.561410665512085,1.3020707403671083
2024-12-06,2.130779981613159,2.177527904510498,2.005959987640381,2.074618101119995,167045898,IMMUTABLE,0.03265827781114505,0.032136329805332355,0.017767359937274015,0.053292424491740514,2.061029144695827,1.5911679983139038,1.295293235459622
2024-12-07,2.072484970092773,2.1381499767303467,2.042598009109497,2.130779981613159,110564063,IMMUTABLE,-0.02735853162852253,-0.027739745306645434,0.02304951717977131,0.0535650238925443,2.0744429997035434,1.6196897983551026,1.280765614385095
2024-12-08,2.063507080078125,2.0868239402771,1.9900920391082764,2.079864978790283,106063412,IMMUTABLE,-0.004331944570988178,-0.0043413546286030025,0.022725977346133453,0.05339337652415333,2.0813587393079485,1.6484820008277894,1.2625911221734838
2024-12-09,1.7376530170440674,2.0775249004364014,1.5618139505386353,2.0775249004364014,211801497,IMMUTABLE,-0.1579127429122854,-0.1718716393636008,0.06916919445265458,0.06242296757149297,2.037426028932844,1.6631426692008973,1.225045852447392
2024-12-10,1.7408709526062012,1.8019219636917116,1.5868159532546997,1.7376530170440674,167967493,IMMUTABLE,0.0018518861536624964,0.0018501735265670565,0.06628821182177264,0.06243381593590426,1.98499972479684,1.6776942014694214,1.1831713568886766
2024-12-11,1.876044988632202,1.898872971534729,1.6700849533081057,1.7408709526062012,115929609,IMMUTABLE,0.07764736141046868,0.07478029597455227,0.07688336483425663,0.06231001703853308,1.9549620151519773,1.693218501408895,1.1545834241270636
2024-12-12,1.9590779542922971,1.9942820072174072,1.871078968048096,1.876113057136536,127415840,IMMUTABLE,0.044259581280421845,0.04330809962757924,0.08004954646869411,0.0617974398651973,1.9400598491941177,1.7134815335273743,1.1322327152253044
2024-12-13,1.929600954055786,1.998893976211548,1.8854130506515503,1.9590779542922971,97833920,IMMUTABLE,-0.015046364118348476,-0.015160709088795589,0.07812816589628757,0.0592659449224195,1.9113199881144929,1.7364322304725648,1.1007167193587122
2024-12-14,1.8104009628295896,1.9508570432662964,1.7717310190200806,1.929600954055786,87812225,IMMUTABLE,-0.061774425937991206,-0.0637648748129361,0.08032675941826585,0.05918059140218994,1.873879415648324,1.758036728700002,1.0658932120456794
2024-12-15,1.8655019998550413,1.8772449493408203,1.7523399591445925,1.8104009628295896,83746801,IMMUTABLE,0.030435819554211152,0.029981838529862238,0.08241354216004793,0.058354228572252524,1.845592975616455,1.7786892612775165,1.0376140542338947
2024-12-16,1.804978966712952,1.9308209419250488,1.743947982788086,1.8655019998550413,114344653,IMMUTABLE,-0.03244329577067839,-0.032981246773087204,0.04751693346222933,0.057034618115541794,1.8552109684262956,1.793354825178782,1.034491859825535
2024-12-17,1.70094895362854,1.80873703956604,1.690194010734558,1.804978966712952,98125811,IMMUTABLE,-0.05763502788836439,-0.05936263558752385,0.053536903105609865,0.05741148445975844,1.8495078257152013,1.8067513902982075,1.0236648139011182
2024-12-18,1.5704900026321411,1.709995985031128,1.5566539764404297,1.700937032699585,115541746,IMMUTABLE,-0.07669774611289659,-0.07979862908544327,0.047495270620803685,0.05853277523230978,1.8058571134294783,1.8127883235613504,0.9961764922899242
2024-12-19,1.406615972518921,1.5811619758605957,1.3716570138931274,1.570289969444275,139540279,IMMUTABLE,-0.10434579643204822,-0.11020087401662412,0.045897927336375495,0.062143462817623736,1.7269339731761388,1.813432788848877,0.9523010633729384
2024-12-20,1.4441670179367063,1.4594340324401855,1.224707007408142,1.406615972518921,150298656,IMMUTABLE,0.026696018068485428,0.02634589693646049,0.05289393106189419,0.06017028617949706,1.6575862680162703,1.8190857569376628,0.9112194198071956
2024-12-21,1.3275330066680908,1.5386229753494265,1.3122769594192505,1.4441670179367063,94295631,IMMUTABLE,-0.08076213472542215,-0.08421035956824674,0.05486277403730606,0.06100729277664632,1.5886051314217704,1.817854356765747,0.8738902132116637
2024-12-22,1.312878966331482,1.3677870035171509,1.2756179571151731,1.3275330066680908,71812481,IMMUTABLE,-0.01103855065222692,-0.011099927545054454,0.04726065387260777,0.058847762003757124,1.5096589837755476,1.8121215224266052,0.8330892631052519
2024-12-23,1.4467259645462036,1.464982986450195,1.2807869911193848,1.312878966331482,80649745,IMMUTABLE,0.10194922886816005,0.09708063786190715,0.07345804393516124,0.060165410262973854,1.458479983466012,1.8071985562642416,0.8070391481946042
2024-12-24,1.4771870374679563,1.5089260339736938,1.411241054534912,1.4467259645462036,68478494,IMMUTABLE,0.02105517815276614,0.020836580966873904,0.07465201833126958,0.057219141886785604,1.4265139954430717,1.7977734247843422,0.7934893105977433
2024-12-25,1.4341319799423218,1.4893430471420288,1.4185179471969604,1.4771870374679563,74133449,IMMUTABLE,-0.02914665268078387,-0.02957985472435375,0.07024740030254853,0.057108935394328895,1.4070342779159546,1.7890041232109068,0.7864902375912961
2024-12-26,1.3356640338897705,1.472012996673584,1.323868989944458,1.4341319799423218,80674721,IMMUTABLE,-0.06866030981089444,-0.07113120231357101,0.06234236976604531,0.05834680615946874,1.396898286683219,1.7775566577911375,0.7858530306533578
2024-12-27,1.3845330476760864,1.4591829776763916,1.3299779891967771,1.3356579542160034,75360386,IMMUTABLE,0.03658780392850569,0.035934361248444,0.06330515932712523,0.057929713239943434,1.3883791480745589,1.7648804267247515,0.7866703755398885
2024-12-28,1.4312039613723757,1.4397330284118652,1.3618429899215698,1.3845330476760864,50878565,IMMUTABLE,0.03370877551433349,0.03315308797711791,0.05400511689753174,0.05682969655493368,1.403189284460885,1.7498150587081909,0.801907194407617
2024-12-29,1.3537650108337402,1.4377659559249878,1.338312029838562,1.4312039613723757,49292068,IMMUTABLE,-0.05410755743323936,-0.055626413469567086,0.05936297763264041,0.057015123303352816,1.4090301479612077,1.730439027150472,0.8142616560616234
2024-12-30,1.3507590293884275,1.4185659885406494,1.3092299699783323,1.3537620306015017,69404736,IMMUTABLE,-0.0022204602876103596,-0.0022229291649278737,0.043176827647127256,0.05668360562938097,1.3953205857958113,1.7095113952954608,0.8162101695465173
2024-12-31,1.3248610496520996,1.4059269428253174,1.3189560174942017,1.3507590293884275,57089024,IMMUTABLE,-0.019172908840782266,-0.019359092689795007,0.041042611963173416,0.05638941484258045,1.373559730393546,1.6865035335222878,0.8144422487659104
2025-01-01,1.349310040473938,1.3620610237121582,1.2819770574569702,1.3248610496520996,60263410,IMMUTABLE,0.01845400378270501,0.018285794921406865,0.04228366840380218,0.056453972091671134,1.361442310469491,1.6633078018824257,0.8185149549161601
2025-01-02,1.3671330213546753,1.4200899600982666,1.3487969636917114,1.349310040473938,73522696,IMMUTABLE,0.013208958909456392,0.01312248129880634,0.03238702931098339,0.05607963540400376,1.3659378801073347,1.6386170665423072,0.8335918793947626
2025-01-03,1.4680629968643188,1.487692952156067,1.3533480167388916,1.3671330213546753,72868456,IMMUTABLE,0.07382600956389251,0.07122798069463157,0.040130806763553795,0.05822125992340572,1.377870729991368,1.6180088678995765,0.8515841645417279
2025-01-04,1.465698003768921,1.4936200380325315,1.4320939779281616,1.4680629968643188,79583155,IMMUTABLE,-0.001610961587104498,-0.0016122605809956818,0.03867725933765972,0.05825046694515955,1.3827984503337316,1.5980856974919635,0.8652842913893142
2025-01-05,1.4478540420532229,1.4734139442443848,1.4187730550765991,1.465698003768921,73688247,IMMUTABLE,-0.012174378125516805,-0.012249092889993308,0.030186551244119002,0.05766728900884025,1.3962397405079432,1.5753214995066325,0.8863205008915481
2025-01-06,1.4798909425735474,1.5191099643707275,1.419903039932251,1.4478540420532229,86291352,IMMUTABLE,0.0221271617095411,0.021885908414770266,0.02998762094484023,0.05793746782694668,1.414687156677246,1.5555683652559915,0.9094342545622793
2025-01-07,1.3211519718170166,1.481402039527893,1.313815951347351,1.479894995689392,97515853,IMMUTABLE,-0.10726396533009508,-0.11346433567680507,0.05639837518770483,0.060842959786325965,1.4141572884150915,1.5308231949806212,0.9237887778627455
2025-01-08,1.2705670595169067,1.3321880102157593,1.2061500549316406,1.3211519718170166,96275254,IMMUTABLE,-0.038288488666855636,-0.03904075755979029,0.057386228905283575,0.05340119391931961,1.4029082911355155,1.5152536630630493,0.9258570530689691
2025-01-09,1.2296910285949707,1.2825050354003906,1.2045559883117676,1.2705670595169067,74252961,IMMUTABLE,-0.032171486436519015,-0.032700362809060225,0.05710952999333724,0.05349957029001506,1.383273720741272,1.4982143322626749,0.923281596600525
2025-01-10,1.2565330266952517,1.2694309949874878,1.2111680507659912,1.2296860218048096,65500826,IMMUTABLE,0.02182824585696963,0.021593420766951817,0.04673925771321443,0.0513779798794881,1.3530551535742623,1.4775639335314432,0.9157337444887415
2025-01-11,1.2513140439987185,1.27354896068573,1.2324780225753784,1.2565330266952517,47550071,IMMUTABLE,-0.004153478329383398,-0.004162127979564441,0.04656141761955845,0.05029204055841779,1.3224288736070906,1.453971803188324,0.9095285553043181
2025-01-12,1.2191940546035769,1.2695000171661377,1.2064629793167114,1.2513140439987185,49658792,IMMUTABLE,-0.025669007352062012,-0.026004204887485498,0.046341950411468144,0.05033261158734494,1.289763161114284,1.4302915732065837,0.9017484163895003
2025-01-13,1.180117964744568,1.2467859983444214,1.1109340190887451,1.2191940546035769,58602757,IMMUTABLE,-0.0320507549322937,-0.03257562586150151,0.041571608745424,0.04961410240133503,1.2469384499958582,1.409282139937083,0.88480398258047
2025-01-14,1.204782009124756,1.2263649702072144,1.1714160442352295,1.1800919771194458,36279143,IMMUTABLE,0.02089964318569315,0.020684241683214498,0.025909371297178536,0.04935655313097004,1.2303141696112498,1.3872581402460737,0.8868675078691663
2025-01-15,1.3572529554367063,1.3603609800338743,1.1625139713287354,1.2047829627990725,68269634,IMMUTABLE,0.12655480008596465,0.1191641260327244,0.05369039959867941,0.05490480171795079,1.2426978690283639,1.3723339398701986,0.9055360600830901
2025-01-16,1.3467459678649902,1.3808629512786863,1.289018988609314,1.3572750091552734,64787548,IMMUTABLE,-0.007741362823804221,-0.007771482719713865,0.05119924181779335,0.05409119389112869,1.2594200032097953,1.3605271736780802,0.9256852987397897
2025-01-17,1.419145941734314,1.4305659532546997,1.346727967262268,1.3467459678649902,58649177,IMMUTABLE,0.053759191114639115,0.052363952587361665,0.053337318389449544,0.05340123920093901,1.282650419643947,1.3554823716481528,0.9462686099593842
2025-01-18,1.3099709749221802,1.4295450448989868,1.2830079793930054,1.419145941734314,67529884,IMMUTABLE,-0.07693004898334344,-0.0800502607673497,0.06490497809464872,0.05157394091486067,1.2910299812044417,1.3522608717282614,0.9547196167514902
2025-01-19,1.1629669666290283,1.3575060367584229,1.153661012649536,1.309859037399292,104824630,IMMUTABLE,-0.11221928661578529,-0.11903051087289836,0.08036304260551869,0.05546545134072051,1.2829975400652205,1.342887536684672,0.955402075763315
2025-01-20,1.1922470331192017,1.262166976928711,1.117089033126831,1.1629550457000732,99743300,IMMUTABLE,0.025177040561215946,0.024865320174305372,0.08021841044375207,0.053794352211029905,1.2847302641187395,1.3383780042330424,0.9599158534101538
2025-01-21,1.238968014717102,1.2810790538787842,1.1423970460891724,1.1922470331192017,64796486,IMMUTABLE,0.03918733307783295,0.03843899719087424,0.08120219069092596,0.05431347502170372,1.2896139792033605,1.3359143058458964,0.9653418438294074
2025-01-22,1.1834750175476074,1.249709963798523,1.1782859563827517,1.238968014717102,48543897,IMMUTABLE,-0.04478969312389036,-0.04582374612132978,0.06441112000917157,0.05152537719018877,1.2647885595049178,1.3271392742792765,0.9530187102569025
2025-01-23,1.2079720497131348,1.211305022239685,1.1518789529800415,1.1834700107574463,55064914,IMMUTABLE,0.020699238938131526,0.020487920799656008,0.06613653127065804,0.05151899200194651,1.2449637140546526,1.318165441354116,0.9444669652207957
2025-01-24,1.1911710500717163,1.2510759830474854,1.1628119945526123,1.2079559564590454,48331980,IMMUTABLE,-0.013908434094487832,-0.014006062661353244,0.0591706130678482,0.05135877851738611,1.2123958723885673,1.3100667436917626,0.9254458814610016
2025-01-25,1.222607970237732,1.2368830442428589,1.1722290515899658,1.1911729574203491,37981896,IMMUTABLE,0.026391608630954355,0.02604935875094609,0.05624040754994922,0.0501723631065123,1.1999154431479317,1.3062982082366945,0.9185616542853845
2025-01-26,1.196681022644043,1.259145975112915,1.19519305229187,1.2226289510726929,33406974,IMMUTABLE,-0.02120626417039273,-0.021434347281251924,0.031179358088518863,0.04973062163431608,1.2047317368643624,1.3000364740689598,0.9266907205254751
2025-01-27,1.1883000135421753,1.1967910528182983,1.059278964996338,1.196679949760437,66761027,IMMUTABLE,-0.007003544756939539,-0.007028184688491644,0.02994194861479282,0.049209883340683526,1.2041678769247872,1.2919396758079529,0.9320619990803557
2025-01-28,1.0774699449539185,1.197119951248169,1.060243010520935,1.1883000135421753,44589605,IMMUTABLE,-0.09326775000017551,-0.09790807641759182,0.042234633942229434,0.051237983379245705,1.1810967241014754,1.2827298402786256,0.9207681048761802
2025-01-29,1.080428957939148,1.1234370470046997,1.0420910120010376,1.0774699449539185,47763827,IMMUTABLE,0.002746260347295415,0.0027424962642077695,0.04125391395759012,0.05126399572067852,1.1663758584431239,1.273718837896983,0.9157247453204889
2025-01-30,1.1210869550704956,1.144610047340393,1.0735130310058594,1.0804680585861206,46413721,IMMUTABLE,0.037631347098378676,0.03694056472255672,0.0438666867140347,0.051840019996840805,1.1539637020656042,1.2669263680775962,0.9108372286990926
2025-01-31,1.1272120475769043,1.1868929862976074,1.1037490367889404,1.1210869550704956,40250126,IMMUTABLE,0.005463530262934446,0.005448659322101461,0.04423436697850766,0.051689103548468535,1.1448267017092024,1.259523101647695,0.908936644521686
2025-02-01,1.0168629884719849,1.1396889686584473,1.00975501537323,1.1272939443588257,41313539,IMMUTABLE,-0.0978955639643222,-0.10302498287716415,0.05363507278467289,0.054482149961604685,1.1154345614569527,1.2478474338849388,0.8938869698070834
2025-02-02,0.8841590285301208,1.0343669652938845,0.8432620167732239,1.0168629884719849,67984994,IMMUTABLE,-0.1305032845587929,-0.13984072272086048,0.06845891275073812,0.05720888542571628,1.070788562297821,1.228383968273799,0.8717050938091934
2025-02-03,0.8915309906005859,0.9022849798202516,0.6881319880485535,0.8841590285301208,122726354,IMMUTABLE,0.00833782366360114,0.008303256024879843,0.07003752131077758,0.057328783637978435,1.0283929875918798,1.2092450678348543,0.8504421601100354
2025-02-04,0.8271939754486084,0.9030410051345824,0.7894750237464905,0.8915309906005859,68276978,IMMUTABLE,-0.0721646424300253,-0.07490097834775497,0.06741523389134071,0.058298840560287425,0.9926392776625497,1.1885563989480337,0.8351637991609938
2025-02-05,0.8007659912109375,0.8383730053901672,0.7924190163612366,0.8271939754486084,40038029,IMMUTABLE,-0.03194895637790196,-0.032470462081227024,0.06516537388422994,0.05783811110200691,0.9526874252728054,1.16591890056928,0.8171129439686065
2025-02-06,0.7636010050773621,0.8214250206947327,0.7574719786643982,0.8007699847221375,41086058,IMMUTABLE,-0.04641179388422034,-0.047523350495247245,0.054962227543545676,0.05538311832198346,0.9016180038452148,1.1473338683446248,0.7858375218593266
2025-02-07,0.7637270092964172,0.8208979964256287,0.7416660189628601,0.7636010050773621,43914100,IMMUTABLE,0.00016501316553707568,0.00016499955236222352,0.054024260001631075,0.055338734424771045,0.8496915698051453,1.1304392000039418,0.7516472976186445
2025-02-08,0.8030459880828857,0.807424008846283,0.7444589734077454,0.7637270092964172,34895932,IMMUTABLE,0.05148302771521873,0.05020157500820872,0.062057167861046085,0.05658191131146988,0.819146284035274,1.116217698653539,0.7338588924216005
2025-02-09,0.8138999938964844,0.8469889760017395,0.7760630249977112,0.8030440211296082,37080568,IMMUTABLE,0.013516045126519494,0.013425518187186944,0.042255133312709164,0.05642315083567958,0.8091092790876117,1.1014632642269135,0.7345767265833445
2025-02-10,0.8080019950866699,0.8352710008621216,0.7874709963798523,0.8138999938964844,40041338,IMMUTABLE,-0.007246589082251065,-0.007272973149180351,0.041420170980448485,0.05640639876667341,0.7971765654427665,1.0866861959298453,0.733584882580243
2025-02-11,0.7802289724349976,0.871366024017334,0.7793949842453003,0.8080019950866699,43369044,IMMUTABLE,-0.034372467915371074,-0.034977096675900855,0.03366866913873613,0.05649279085845191,0.7904672792979649,1.0720540265242258,0.737339033053016
2025-02-12,0.830420970916748,0.8384519815444946,0.7568550109863281,0.7802289724349976,49064404,IMMUTABLE,0.06432983169685103,0.062345335078087594,0.040688383092773214,0.05810265731904406,0.7947037049702236,1.0603974600632986,0.7494394648236757
2025-02-13,0.8007000088691711,0.8475109934806824,0.7829560041427612,0.830420970916748,54139731,IMMUTABLE,-0.03579023542091708,-0.03644640993154476,0.038450237152022074,0.05794016812855202,0.8000035626547677,1.046928060054779,0.7641437775704556
2025-02-14,0.8206239938735962,0.8417159914970398,0.795412003993988,0.8007000088691711,37294714,IMMUTABLE,0.02488320817251366,0.02457866285201852,0.03885559757244141,0.052812072144523804,0.8081317033086505,1.0290404280026755,0.7853255142533131
2025-02-15,0.7930870056152344,0.8272500038146973,0.7830290198326111,0.8206239938735962,29843864,IMMUTABLE,-0.03355615783104127,-0.03413208634783416,0.0374581608554741,0.05287641635208854,0.8067089915275574,1.0105851292610168,0.7982593135102409
2025-02-16,0.7973189949989319,0.8265089988708496,0.7869269847869873,0.7930830121040344,28831709,IMMUTABLE,0.0053360972424640885,0.005321910720303623,0.03703261383818009,0.05140558604483433,0.8043402773993356,0.9898575643698374,0.8125818363689469
2025-02-17,0.8081610202789307,0.8595899939537048,0.7861229777336121,0.7972930073738098,50024348,IMMUTABLE,0.0135981023254228,0.013506477810552281,0.03745782300325096,0.050416252574671916,0.8043629952839443,0.9731305658817291,0.8265725314620359
2025-02-18,0.743628978729248,0.8091909885406494,0.7183319926261902,0.8081610202789307,46270894,IMMUTABLE,-0.07985047525233258,-0.08321909524547823,0.04794231598972368,0.04827353417357703,0.7991344247545514,0.9591526329517365,0.8331671074031896
2025-02-19,0.7323439717292786,0.7568989992141724,0.7261220216751099,0.7436339855194092,36948733,IMMUTABLE,-0.015175587991815287,-0.01529191562121748,0.03699296361915862,0.04768586372511886,0.7851234248706273,0.9438225309054057,0.8318549294616447
2025-02-20,0.7383139729499817,0.7520139813423157,0.7199349999427795,0.7323439717292786,40121262,IMMUTABLE,0.008151908735735569,0.008118861405452609,0.03711476438362561,0.0467999894924201,0.7762111340250287,0.9271340628465017,0.8372156359371513
2025-02-21,0.700061023235321,0.7973650097846985,0.6938679814338684,0.7383080124855042,52195382,IMMUTABLE,-0.05181122275367278,-0.053201664434904504,0.03611191739662711,0.046974350714149675,0.7589878525052752,0.9110202630360921,0.8331185192037889
2025-02-22,0.7244099974632263,0.7274659872055054,0.6949660181999207,0.700061023235321,37434011,IMMUTABLE,0.03478121680789603,0.03419001964576159,0.04135882074985157,0.04742095273384753,0.7491768513407026,0.8949015279610951,0.8371612159916574
2025-02-23,0.6972730159759521,0.7291780114173889,0.6838799715042114,0.7244099974632263,39626142,IMMUTABLE,-0.037460804768437383,-0.03818049133082225,0.04142584370979755,0.04757269019060268,0.7348845686231341,0.878438260157903,0.8365807842784938
2025-02-24,0.6321420073509216,0.7017220258712769,0.6281660199165344,0.6972730159759521,47346522,IMMUTABLE,-0.09340818751442515,-0.09806297152700534,0.04774634262774468,0.048998608062196664,0.7097389953477042,0.8587560613950094,0.826473345870498
2025-02-25,0.683633029460907,0.7002390027046204,0.6013680100440979,0.6321510076522827,64108226,IMMUTABLE,0.08145483374181306,0.07830720293308134,0.05844419327531982,0.05230948008871961,0.7011681454522269,0.8416544616222381,0.8330831444780411
2025-02-26,0.7028040289878845,0.7358779907226562,0.6836240291595459,0.683633029460907,54854084,IMMUTABLE,0.028042822246454602,0.02765682204715639,0.06026903578827894,0.052954832871595366,0.6969481536320278,0.8254712621370951,0.8443033520363522
2025-02-27,0.7018970251083374,0.7178639769554138,0.6764010190963745,0.7030670046806335,40632182,IMMUTABLE,-0.0012905501991121726,-0.0012913836761935696,0.06000908831463493,0.05079017367255355,0.6917457325117928,0.8129521648089091,0.850905825036327
2025-02-28,0.7205250263214111,0.7312189936637878,0.6431970000267029,0.7018970251083374,56095110,IMMUTABLE,0.026539507287694386,0.026193444108559002,0.057313669531086055,0.05123976811441895,0.6946691615240914,0.8009553670883178,0.8673007137081751
2025-03-01,0.6954089999198914,0.7233179807662964,0.6885070204734802,0.7205250263214111,30620641,IMMUTABLE,-0.034857951471509385,-0.03547998792843001,0.05727002265385037,0.050481578255197966,0.6905261618750436,0.7867661019166311,0.8776765549416292
2025-03-02,0.7511600255966187,0.7567600011825562,0.6846470236778259,0.6954089999198914,52330472,IMMUTABLE,0.08017012388845934,0.0771185508497659,0.06273685379428474,0.05315281001793444,0.6982243061065674,0.7742310345172883,0.901829395849381
2025-03-03,0.6352229714393616,0.7513459920883179,0.6315709948539734,0.7511829733848572,54204526,IMMUTABLE,-0.15434401486577054,-0.16764263903231663,0.08454925571730387,0.05799335768688748,0.6986644438334874,0.7615097006162007,0.9174728086433305
2025-03-04,0.6140660047531128,0.6355329751968384,0.5663380026817322,0.6352350115776062,54853191,IMMUTABLE,-0.03330636270648224,-0.033873651416430554,0.07774414190368474,0.05319942877777753,0.6887262974466596,0.7525065998236339,0.9152428664520383
2025-03-05,0.656915009021759,0.6586909890174866,0.6040120124816895,0.6140660047531128,39381066,IMMUTABLE,0.06977915067269325,0.06745222592967372,0.0827081223986364,0.05504759452956901,0.6821707231657845,0.7446860671043396,0.9160514118632007
2025-03-06,0.6251760125160217,0.6632940173149109,0.6153200268745422,0.656915009021759,33149908,IMMUTABLE,-0.04831522505932884,-0.049521417782491736,0.08389648916412745,0.054207245721472036,0.6712105785097394,0.7379521350065867,0.9095584207554984
2025-03-07,0.6007329821586609,0.628150999546051,0.5983150005340576,0.6251760125160217,38558020,IMMUTABLE,-0.03909783783768328,-0.039882683558542194,0.08198296333157848,0.054333085404379096,0.6540974293436322,0.7312843680381775,0.8944501727807811
2025-03-08,0.5770400166511536,0.6013000011444092,0.5721960067749023,0.6007329821586609,24897813,IMMUTABLE,-0.03944009436999707,-0.040238929504450155,0.08209457039480116,0.0541737158285214,0.6371875745909554,0.7250656684239706,0.8787998140581801
2025-03-09,0.5125200152397156,0.578499972820282,0.5079110264778137,0.5770400166511536,30847756,IMMUTABLE,-0.11181200531962965,-0.11857185267532305,0.07376312810844446,0.05767948952064899,0.6030961445399693,0.7166921019554138,0.8414996382609622
2025-03-10,0.4935129880905151,0.5530250072479248,0.4893609881401062,0.5125200152397156,43588576,IMMUTABLE,-0.0370854339031238,-0.03779058752985008,0.05438144279909805,0.0565657359880489,0.5828518612044198,0.7063743352890015,0.8251317072072777
2025-03-11,0.5185279846191406,0.5333669781684875,0.4602240025997162,0.4935140013694763,44183803,IMMUTABLE,0.0506876153866036,0.04944482163123175,0.06332297739135313,0.057589866484966744,0.5692035726138523,0.6965286016464234,0.8172005733409858
2025-03-12,0.5422170162200928,0.5425040125846863,0.4999510049819946,0.5185279846191406,31293967,IMMUTABLE,0.04568515548558438,0.04467232175381919,0.05820914692411478,0.05860306136729867,0.5528181450707572,0.6876691023508708,0.803901386845634
2025-03-13,0.5172780156135559,0.5453810095787048,0.5059090256690979,0.5422170162200928,33918337,IMMUTABLE,-0.04599450009959449,-0.047085842455703936,0.058062061645517346,0.05879890529660654,0.5374041455132621,0.6789040704568227,0.7915759661768595
2025-03-14,0.5497450232505798,0.5579580068588257,0.515159010887146,0.5172780156135559,30043883,IMMUTABLE,0.0627651024343534,0.06087409886795629,0.06626445729986577,0.05873386999700854,0.5301201513835362,0.6695482055346171,0.7917580048777052
2025-03-15,0.5686249732971191,0.5900779962539673,0.542818009853363,0.5497360229492188,27529739,IMMUTABLE,0.03434310316245215,0.03376654228602758,0.06703220770075667,0.05919535778419581,0.5289180023329598,0.6618123710155487,0.7991963062300227
2025-03-16,0.5500339865684509,0.5727729797363281,0.5439509749412537,0.5686249732971191,28599358,IMMUTABLE,-0.03269463636264536,-0.033241048851545246,0.04712315375355786,0.05892389265679102,0.5342771410942078,0.6527927041053772,0.8184483952320062
2025-03-17,0.5702210068702698,0.582472026348114,0.5495370030403137,0.5500339865684509,33463301,IMMUTABLE,0.03670140535816979,0.0360439469533895,0.04267239115596556,0.05946035999196838,0.5452354294913155,0.645363837480545,0.8448496767650884
2025-03-18,0.567438006401062,0.576740026473999,0.5491380095481873,0.5702509880065918,36141281,IMMUTABLE,-0.004880564615608596,-0.004892513465033502,0.04148477011092133,0.05939289947478993,0.5522225754601615,0.637701137860616,0.8659582721034164
2025-03-19,0.5985040068626404,0.6011710166931152,0.5606889724731445,0.567438006401062,34745045,IMMUTABLE,0.054747831677000924,0.05330171625058513,0.042697575510824065,0.06040272620934345,0.5602635741233826,0.6307125707467397,0.8883025328955341
2025-03-20,0.5634329915046692,0.6001989841461182,0.5579689741134644,0.5985040068626404,29783824,IMMUTABLE,-0.058597795429663924,-0.06038480821803252,0.04603941281461157,0.05958676749983474,0.5668571421078273,0.6247060378392537,0.9073982125552759
2025-03-21,0.5352950096130371,0.5688279867172241,0.531686007976532,0.5634080171585083,33916341,IMMUTABLE,-0.0499402454522383,-0.05123039684168296,0.0457872671979317,0.06007171412083163,0.5647928544453212,0.6181377391020457,0.913700650708987
2025-03-22,0.6005970239639282,0.6218879818916321,0.5350319743156433,0.5352950096130371,62686545,IMMUTABLE,0.1219925707846552,0.11510618567453236,0.0637207005862464,0.06424286935145088,0.5693602902548653,0.6135471741358439,0.9279812771638726
2025-03-23,0.5830219984054565,0.6005970239639282,0.5710629820823669,0.6005970239639282,32385290,IMMUTABLE,-0.02926259181651758,-0.0296992816793317,0.06335337166354324,0.063800314297337,0.5740728633744376,0.6096458733081818,0.941649715857649
2025-03-24,0.6276609897613525,0.6409609913825989,0.5820249915122986,0.5830219984054565,43521237,IMMUTABLE,0.07656484914459827,0.0737752767367227,0.06757001667279577,0.0650592071417961,0.5822785752160209,0.606420906384786,0.9601888211396091
2025-03-25,0.7091919779777527,0.7474480271339417,0.6218360066413879,0.6276609897613525,111647789,IMMUTABLE,0.12989653578343252,0.1221260672786622,0.07799272584815475,0.06870245873404467,0.6025291425841195,0.6068182051181793,0.9929318822377379
2025-03-26,0.6442000269889832,0.7265300154685974,0.6376990079879761,0.7090780138969421,79445215,IMMUTABLE,-0.09164225344749788,-0.09611698397554629,0.09057690493633486,0.06860697923084103,0.6090571454593113,0.6072201391061147,1.0030252724422166
2025-03-27,0.6293190121650696,0.715569019317627,0.624908983707428,0.6442000269889832,100047857,IMMUTABLE,-0.02309999099731186,-0.02337097710767248,0.08674783309311969,0.06713297712415475,0.6184694341250828,0.6054096718629202,1.021571776714396
2025-03-28,0.5824229717254639,0.62984299659729,0.5691580176353455,0.6293179988861084,35563188,IMMUTABLE,-0.07451870916511405,-0.07744136237022865,0.09060332606410829,0.06822435516000826,0.6252020001411438,0.6013969699541728,1.0395828901312638
2025-03-29,0.5494260191917419,0.5857599973678589,0.5374780297279358,0.5824229717254639,24682518,IMMUTABLE,-0.05665462067192584,-0.05832280748876183,0.08092193954425934,0.06887255528321881,0.6178918566022601,0.5963146030902863,1.0361843453106026
2025-03-30,0.5334579944610596,0.5599780082702637,0.5275800228118896,0.5494210124015808,23788663,IMMUTABLE,-0.029063102534118923,-0.029493799964380688,0.08091479130936306,0.06866475838187347,0.6108112846102033,0.5900790353616079,1.0351346989236627
2025-03-31,0.5278310179710388,0.5397890210151672,0.519752025604248,0.5334579944610596,27391234,IMMUTABLE,-0.010548115406360248,-0.010604141100939116,0.0716401297944753,0.06849669644022016,0.5965498600687299,0.5844931026299794,1.020627715510243
2025-04-01,0.5263149738311768,0.5472409725189209,0.5231549739837646,0.5278310179710388,30925844,IMMUTABLE,-0.002872214948052232,-0.0028763476726854356,0.03528083999128556,0.06655031479159305,0.5704245737620762,0.5769982675711314,0.9886070822418115
2025-04-02,0.4785909950733185,0.5328969955444336,0.4741840064525604,0.5263109803199768,42101620,IMMUTABLE,-0.09067570016194604,-0.09505348293192693,0.03501326599128497,0.0618441535196142,0.546766140631267,0.5717772016922633,0.9562573306753537
2025-04-03,0.472351998090744,0.4873940050601959,0.4591319859027862,0.4785909950733185,53474594,IMMUTABLE,-0.01303617712577032,-0.013121893843283518,0.036140312335564806,0.061677241563584013,0.5243422814777919,0.5670534014701843,0.9246788399793451
2025-04-04,0.4446560144424438,0.4754140079021454,0.4419310092926025,0.472351998090744,54485838,IMMUTABLE,-0.05863420449209045,-0.06042348431878371,0.03377435011889918,0.06063961338026468,0.5046612875802177,0.5599781016508738,0.9012161120094225
2025-04-05,0.423768013715744,0.4471909999847412,0.4173800051212311,0.4446560144424438,43791513,IMMUTABLE,-0.046975639704078476,-0.04811481395901406,0.03298992265786136,0.060610944913206906,0.4867101439407894,0.5532645016908646,0.8797060763040562
2025-04-06,0.3825129866600036,0.4238269925117492,0.3719010055065155,0.4238269925117492,57015010,IMMUTABLE,-0.09735285750805522,-0.10242356329223928,0.0407834789686402,0.06261134522628689,0.46514657139778137,0.5459905018409094,0.8519316175454563
2025-04-07,0.3985750079154968,0.4120559990406036,0.3527939915657043,0.3825129866600036,56807892,IMMUTABLE,0.041990786759273924,0.041133101410390616,0.05179064217445683,0.06324172924548974,0.4466814271041325,0.5400416682163874,0.8271240043002631
2025-04-08,0.3750849962234497,0.4079680144786834,0.3728229999542236,0.3985750079154968,37731320,IMMUTABLE,-0.05893498394416974,-0.06074304926936918,0.04941796207803236,0.06072306833608057,0.42507714458874296,0.5354605009158452,0.7938534100306113
2025-04-09,0.4186359941959381,0.431196004152298,0.3623439967632293,0.3750849962234497,45058151,IMMUTABLE,0.11610967756903756,0.10984913652182345,0.07247768693455217,0.06430431665171732,0.4165121444634029,0.5329646011193593,0.7815005791916066
2025-04-10,0.3944419920444488,0.419842004776001,0.3831540048122406,0.4186359941959381,41464811,IMMUTABLE,-0.05779245570596003,-0.059529705643561893,0.07394516866753129,0.06417218882012449,0.4053821435996464,0.5288284013668696,0.7665665129782174
2025-04-11,0.4193120002746582,0.4277029931545257,0.3913689851760864,0.3944419920444488,35549460,IMMUTABLE,0.06305111710166722,0.061143185787522696,0.0785752057531175,0.06471640984487498,0.4017615701471056,0.5247315675020218,0.7656516112794332
2025-04-12,0.4351969957351684,0.4393909871578216,0.4144720137119293,0.4193120002746582,26195730,IMMUTABLE,0.037883474477489854,0.0371835187865127,0.07799869903017165,0.0648156871963274,0.40339428186416626,0.5219955335060755,0.7727925929838845
2025-04-13,0.4120030105113983,0.4383929967880249,0.4062660038471222,0.4351969957351684,28449488,IMMUTABLE,-0.05329537071961865,-0.05476813594651725,0.06870826892369045,0.06415154215513724,0.4076071424143655,0.5174041330814362,0.7877925906521716
2025-04-14,0.41559898853302,0.4334079921245575,0.4112629890441894,0.4120030105113983,32336131,IMMUTABLE,0.008728038217871825,0.008690169081625232,0.06738768665169922,0.06372878801992658,0.41003913964544025,0.5123032669226328,0.800383612832521
2025-04-15,0.4008849859237671,0.4208019971847534,0.3991039991378784,0.41559898853302,28703608,IMMUTABLE,-0.035404327284795256,-0.03604625744979674,0.06386699191269071,0.06376542906689354,0.4137248524597713,0.5073316335678101,0.8154919289188631
2025-04-16,0.4087049961090088,0.4151999950408935,0.3927719891071319,0.4008849859237671,29679763,IMMUTABLE,0.01950686720586936,0.019319046866351438,0.04713486552468662,0.06341622908630873,0.4123061384473528,0.5019477665424347,0.821412437567837
2025-04-17,0.4215239882469177,0.422432005405426,0.4008919894695282,0.4087049961090088,26955341,IMMUTABLE,0.031364901970735604,0.030883072552830702,0.04121600561981558,0.06387174113457975,0.4161749950477055,0.49708396593729653,0.837232788756262
2025-04-18,0.4388439953327179,0.4463259875774383,0.4174399971961975,0.4215239882469177,35102960,IMMUTABLE,0.041089018819148615,0.04026729877139243,0.037437361483983196,0.06347000281254243,0.41896528005599976,0.4917619655529658,0.8519676376046911
2025-04-19,0.4796060025691986,0.4821799993515014,0.4382260143756866,0.4388439953327179,55970315,IMMUTABLE,0.09288496064661023,0.0888209526456196,0.04806810397476683,0.06523485876089838,0.42530942388943266,0.4889677325884501,0.8698108188815871
2025-04-20,0.4767250120639801,0.4883170127868652,0.4671239852905273,0.4796060025691986,43087953,IMMUTABLE,-0.00600699426150908,-0.006025108830710589,0.039173556331162845,0.06465854697787449,0.43455542411123005,0.48701539933681487,0.8922827177600107
2025-04-21,0.466405987739563,0.5044040083885193,0.4640760123729706,0.4767250120639801,48173367,IMMUTABLE,-0.021645653287082456,-0.02188335686615876,0.04233161231883343,0.06068196898073017,0.4418135668550219,0.4825423647960027,0.9155953944930842
2025-04-22,0.5596190094947815,0.6030489802360535,0.4469920098781585,0.4664050042629242,196479352,IMMUTABLE,0.19985382736395718,0.18219973884441382,0.06910482554999886,0.06977226304201091,0.46448985593659536,0.48176226516564685,0.9641474426746299
2025-04-23,0.5884090065956116,0.6908010244369507,0.5580629706382751,0.5596190094947815,430449157,IMMUTABLE,0.05144570969242346,0.05016608353183544,0.06797099396753821,0.06902465180530297,0.4901618574346815,0.48045386572678883,1.020205876985103
2025-04-24,0.6064509749412537,0.6279839873313904,0.5545589923858643,0.5884090065956116,132086736,IMMUTABLE,0.030662291269177633,0.030201596837037083,0.06800686117881094,0.06525483504307086,0.5165799983910152,0.4770291656255722,1.0829107224787322
2025-04-25,0.5961390137672424,0.6150869727134705,0.5816559791564941,0.6064509749412537,66552006,IMMUTABLE,-0.017003783652932758,-0.017150007929797133,0.07293667957109737,0.06301595347557283,0.539050715310233,0.4754271318515142,1.1338240483056607
2025-04-26,0.6249539852142334,0.6275370121002197,0.5922750234603882,0.5961729884147644,49210734,IMMUTABLE,0.04833599342022188,0.047204138924847705,0.07030009833474062,0.06352846387251761,0.5598147128309522,0.47528163095315296,1.177858929048599
2025-04-27,0.5752059817314148,0.6249579787254333,0.574633002281189,0.6249539852142334,33946528,IMMUTABLE,-0.07960266621192125,-0.08294981762208116,0.0831360754730434,0.06376682904695734,0.573883422783443,0.475041064620018,1.2080711869456766
2025-04-28,0.5876359939575195,0.6010839939117432,0.5613840222358704,0.5752159953117371,36072835,IMMUTABLE,0.021609671354059,0.021379492561055997,0.08047695781832398,0.06292581369286698,0.5912019951002938,0.4763147304455439,1.2412003184266096
2025-04-29,0.5716950297355652,0.5942299962043762,0.5640130043029785,0.5876359939575195,33911270,IMMUTABLE,-0.027127276725507632,-0.027502013908851427,0.048270293357927645,0.06289221745395959,0.5929271408489772,0.47758929828802743,1.2415000565850016
2025-04-30,0.5596240162849426,0.5859060287475586,0.5534639954566956,0.5716950297355652,35524417,IMMUTABLE,-0.02111442783787354,-0.0213405256504959,0.044016346412618514,0.06299867979837677,0.5888149993760246,0.4786490648984909,1.2301601372623532
2025-05-01,0.5882689952850342,0.6097300052642822,0.5592809915542603,0.5596250295639038,48533437,IMMUTABLE,0.051186114545710426,0.0499191595149538,0.04731356910690986,0.06359382135188592,0.5862175737108503,0.48071419894695283,1.2194721416488465
2025-05-02,0.652554988861084,0.6748009920120239,0.5877630114555359,0.5882949829101562,181094196,IMMUTABLE,0.10927992821532495,0.10371109149918681,0.06172205171177087,0.06330286693426761,0.5942769987242562,0.48651299873987836,1.221502817526969
2025-05-03,0.5738409757614136,0.6565170288085938,0.5616300106048584,0.652554988861084,60197762,IMMUTABLE,-0.12062433732527489,-0.12854309753909784,0.07882544694979965,0.06810315710431593,0.5869751402309963,0.489895964662234,1.1981628398096624
2025-05-04,0.5517979860305786,0.5740900039672852,0.5444560050964355,0.5738409757614136,32948034,IMMUTABLE,-0.03841306330832639,-0.03917030026469177,0.07385552461302192,0.06749090730467917,0.5836311408451625,0.4934673637151718,1.1827147725660598
2025-05-05,0.5428860187530518,0.5698649883270264,0.5363600254058838,0.5518040060997009,35837325,IMMUTABLE,-0.01615077891392125,-0.016282624274470473,0.072899675920376,0.06683841443724474,0.5772382872445243,0.4974379638830821,1.1604226640413768
2025-05-06,0.5290740132331848,0.5557420253753662,0.5135629773139954,0.5428860187530518,41988193,IMMUTABLE,-0.025441814750712388,-0.02577105401882099,0.07283852938732842,0.06386021562058947,0.5711495706013271,0.5023233314355214,1.1370158120450358
2025-05-07,0.5344870090484619,0.5389549732208252,0.5192300081253052,0.5290690064430237,38414390,IMMUTABLE,0.010231074821078767,0.010179091636987766,0.07307154924370382,0.06360296888571368,0.5675585695675441,0.5068537314732869,1.1197679612968512
2025-05-08,0.6147279739379883,0.6222890019416809,0.5344820022583008,0.5344859957695007,63206373,IMMUTABLE,0.15012706301763634,0.13987242585218793,0.09049336630666671,0.06641655943171074,0.5713384236608233,0.5148418307304382,1.1097358247876437
2025-05-09,0.6625990271568298,0.6665890216827393,0.6147410273551941,0.614745020866394,76229536,IMMUTABLE,0.07787355586272793,0.07499017048913194,0.08587298370101873,0.06501668081440856,0.5727732862745013,0.5229739318291347,1.095223397218271
2025-05-10,0.7728700041770935,0.7819849848747253,0.6562880277633667,0.6625990271568298,77809599,IMMUTABLE,0.16642188186334872,0.15394084226719623,0.08040218183844125,0.06815001448586559,0.6012060046195984,0.5355881989002228,1.1225154061536742
2025-05-11,0.7185389995574951,0.7980660200119019,0.7079079747200012,0.7728729844093323,74813628,IMMUTABLE,-0.0702977270769446,-0.07289088073138536,0.0868640065764365,0.06989511783435891,0.6250261494091579,0.5455624322096507,1.1456546721475327
2025-05-12,0.7155370116233826,0.7603579759597778,0.7001889944076538,0.7185400128364563,92881295,IMMUTABLE,-0.004177905355118194,-0.004186657186417347,0.08572351248467636,0.06991074108111758,0.6496905769620623,0.5549070994059245,1.1708096322026005
2025-05-13,0.7423909902572632,0.758620023727417,0.6667829751968384,0.7155370116233826,61343297,IMMUTABLE,0.03752982472975841,0.036842719437015045,0.08091595813615977,0.06867693486041702,0.6801644308226449,0.56592003206412,1.201873749444481
2025-05-14,0.7267389893531799,0.765250027179718,0.7118480205535889,0.7423319816589355,58676385,IMMUTABLE,-0.021083231221137644,-0.021308656634828522,0.08420283298215328,0.0690590219605432,0.7076289994376046,0.576291365424792,1.227901443423505
2025-05-15,0.6707720160484314,0.7395089864730835,0.661037027835846,0.7267389893531799,56998219,IMMUTABLE,-0.0770111059468006,-0.08013807699674642,0.08346454127822879,0.07071213786184709,0.7156352911676679,0.5852875997622807,1.2227070784659182
2025-05-16,0.6563019752502441,0.6899409890174866,0.6504459977149963,0.6708539724349976,40103665,IMMUTABLE,-0.02157221895366379,-0.02180830064767497,0.07929325682377672,0.07106659036548953,0.71473571232387,0.593540832400322,1.2041896248880253
2025-05-17,0.6362689733505249,0.6594499945640564,0.6236330270767212,0.6563019752502441,34372437,IMMUTABLE,-0.030524061567970717,-0.030999623140649815,0.03999376369482866,0.0715100348038529,0.6952212793486459,0.6006989985704422,1.1573538178075045
2025-05-18,0.6645659804344177,0.6826300024986267,0.6241289973258972,0.6362689733505249,38759799,IMMUTABLE,0.044473341101144426,0.04351277856874815,0.042249198066451686,0.07155401514596627,0.6875108480453491,0.6082230647404988,1.1303597115947566
2025-05-19,0.6456649899482727,0.6686789989471436,0.6093170046806335,0.6645659804344177,38051244,IMMUTABLE,-0.028441104484147273,-0.028853388722845857,0.042598350394828635,0.07051942665980625,0.6775291306631905,0.6137583643198014,1.1039020729502615
2025-05-20,0.6515679955482483,0.6676269769668579,0.6255490183830261,0.6456649899482727,32611752,IMMUTABLE,0.009142520799290121,0.009100980950003355,0.03805429630505003,0.07045560617005484,0.6645544171333313,0.619586463769277,1.072577365700487
2025-05-21,0.677111029624939,0.6920620203018188,0.6458029747009277,0.6515679955482483,45205952,IMMUTABLE,0.03920240750191861,0.038453503059327696,0.0436488842481635,0.07036295945247563,0.6574647086007255,0.6266099651654561,1.0492407480738393
2025-05-22,0.7194629907608032,0.7210599780082703,0.6742740273475647,0.677111029624939,41177023,IMMUTABLE,0.06254803020905397,0.06066982569736305,0.03808602044043259,0.06340604045000851,0.6644205621310643,0.6319380978743235,1.0514013387798635
2025-05-23,0.6417449712753296,0.7350130081176758,0.6406009793281555,0.7194690108299255,49911226,IMMUTABLE,-0.10802226171952212,-0.11431410379822694,0.06044973959066408,0.06669378586871968,0.6623409901346479,0.6337159633636474,1.0451701210413953
2025-05-24,0.636605978012085,0.6554350256919861,0.6306380033493042,0.6417449712753296,27553298,IMMUTABLE,-0.008007843447580099,-0.008040078429712001,0.05930222673493918,0.0665190514625613,0.6623891336577279,0.6347211301326752,1.0435908026557574
2025-05-25,0.6429349780082703,0.6429839730262756,0.6045910120010376,0.636605978012085,26649952,IMMUTABLE,0.009941785366120337,0.00989269094065424,0.05649283364008826,0.06643914013132272,0.6592989904539925,0.636280995607376,1.0361758326989543
2025-05-26,0.6330549716949463,0.6522570252418518,0.624226987361908,0.6429349780082703,34315917,IMMUTABLE,-0.015367038116250842,-0.015486334782126021,0.055762596063149775,0.06596944092759902,0.6574975592749459,0.6365510284900665,1.0329062869233998
2025-05-27,0.6392019987106323,0.6566269993782043,0.617313027381897,0.6330549716949463,33165152,IMMUTABLE,0.00971009989737226,0.009663259847647682,0.055783027428220146,0.06407278409016602,0.6557309882981437,0.6386842290560405,1.026690433968125
2025-05-28,0.6333690285682678,0.6540769934654236,0.6123620271682739,0.6392019987106323,30946216,IMMUTABLE,-0.009125394091586858,-0.009167285545685267,0.052743364029172915,0.06402182038988308,0.6494821310043335,0.6402086635430654,1.014485070242484
2025-05-29,0.6092590093612671,0.6587290167808533,0.6091369986534119,0.6333960294723511,31094585,IMMUTABLE,-0.03806630592831717,-0.03880975577328392,0.04321395428232192,0.06423745898117587,0.6337387050901141,0.6414607961972555,0.9879617099705548
2025-05-30,0.5322030186653137,0.6115180253982544,0.5317829847335815,0.6092569828033447,47526745,IMMUTABLE,-0.12647493022177392,-0.13521844944411401,0.05060556076821159,0.06886932919463737,0.6180898547172546,0.6405467629432678,0.964941032372367
2025-05-31,0.5501419901847839,0.5608429908752441,0.520235002040863,0.5322030186653137,38319716,IMMUTABLE,0.0337070082098716,0.0331513783021935,0.05531767442522534,0.0685032365263934,0.6057378564562116,0.6392758627732594,0.9475375056840787
2025-06-01,0.5537170171737671,0.5579760074615479,0.5373849868774414,0.5501419901847839,25247540,IMMUTABLE,0.006498371425497584,0.006477348039269003,0.055015530014720884,0.06555454845574206,0.5929924334798541,0.6359812637170156,0.9324055083228212
2025-06-02,0.5677180290222168,0.5690709948539734,0.5355799794197083,0.5537179708480835,25179059,IMMUTABLE,0.025285500380523684,0.0249711107627636,0.0577883917189057,0.061481742660626844,0.583658584526607,0.6357771654923757,0.9180238237631488
2025-06-03,0.5777090191841125,0.5966929793357849,0.5677170157432556,0.5677180290222168,32702820,IMMUTABLE,0.01759850779990768,0.017445447211045337,0.05842589579010482,0.06111713221816627,0.5748738731656756,0.6366408665974935,0.9029798483375256
2025-06-04,0.5483790040016174,0.5861480236053467,0.5464329719543457,0.5777090191841125,23522470,IMMUTABLE,-0.05076952965684578,-0.05210365385784497,0.06001116307635088,0.06182296511065809,0.5627324410847255,0.636823966105779,0.883654622054933
2025-06-05,0.4991089999675751,0.5546320080757141,0.4919799864292145,0.5483790040016174,33191298,IMMUTABLE,-0.0898466273772528,-0.09414215232905968,0.06614290372580373,0.06403903879126675,0.5469967254570552,0.6358251323302587,0.860294281624803
2025-06-06,0.5012310147285461,0.5207039713859558,0.4926789999008178,0.4991089999675751,32166241,IMMUTABLE,0.0042516058839030535,0.004242593343755976,0.04681673555637849,0.06400945308531178,0.5425721534660884,0.6347165991862614,0.8548258453642038
2025-06-07,0.5276070237159729,0.5354470014572144,0.4993689954280853,0.5012270212173462,23365547,IMMUTABLE,0.052622459928405085,0.05128463128201077,0.049909257884393314,0.05908612159447744,0.5393528725419726,0.6318125675121943,0.8536596140619865
2025-06-08,0.5166019797325134,0.5324850082397461,0.5151649713516235,0.5276070237159729,24945571,IMMUTABLE,-0.020858410689740592,-0.021079020442979362,0.04985010546352644,0.057168316137470636,0.5340507243360791,0.6269459992647171,0.8518289054598234
2025-06-09,0.5354170203208923,0.5398100018501282,0.5091140270233154,0.5166019797325134,33117540,IMMUTABLE,0.036420767489355965,0.03577320760748536,0.05125723756198818,0.04910719711577695,0.5294362945216042,0.6190308998028438,0.8552663440390864
2025-06-10,0.5513759851455688,0.5551509857177734,0.5240219831466675,0.5354170203208923,49662166,IMMUTABLE,0.02980660722199646,0.029371024633788673,0.05244269781323589,0.04829415310514896,0.525674432516098,0.6134587993224462,0.8569025875848478
2025-06-11,0.5267429947853088,0.5730630159378052,0.522258996963501,0.5513759851455688,77391423,IMMUTABLE,-0.044675486462756764,-0.04570419147092574,0.051567032594428866,0.04874931949443789,0.5225835740566254,0.6071656654278438,0.8606935533622162
2025-06-12,0.4730829894542694,0.5267429947853088,0.4723919928073883,0.5267429947853088,47581659,IMMUTABLE,-0.10187132218608863,-0.10744192716609909,0.0554643197151642,0.05101194736495924,0.5188655725547245,0.5981887320677439,0.8673944271086067
2025-06-13,0.4677959978580475,0.4730829894542694,0.4385670125484466,0.4730829894542694,48631019,IMMUTABLE,-0.011175611286131426,-0.011238527621449222,0.05521916056863815,0.05100227176475809,0.5140891415732247,0.5895572990179062,0.8719918189963936
2025-06-14,0.461775004863739,0.4700880050659179,0.451554000377655,0.467736005783081,21477060,IMMUTABLE,-0.012870980132103527,-0.012954528873941005,0.048263251025069745,0.0494814797071956,0.504684567451477,0.5825907319784165,0.8662763407471685
2025-06-15,0.4580830037593841,0.4682089984416961,0.4465239942073822,0.461775004863739,25614631,IMMUTABLE,-0.007995238082330491,-0.0080273713885544,0.048423154229250774,0.049455519262220284,0.49632471374102993,0.5759834329287211,0.8616996346880187
2025-06-16,0.452562004327774,0.4859139919281006,0.4523389935493469,0.4580830037593841,43123829,IMMUTABLE,-0.012052399644388645,-0.012125618718048157,0.04274551578017256,0.049325176731355475,0.4844882828848703,0.5698598672946295,0.8501884598137172
2025-06-17,0.4140959978103637,0.4525820016860962,0.4089809954166412,0.452562004327774,69693640,IMMUTABLE,-0.08499610252201106,-0.08882695417690183,0.0414673129127568,0.050159553902837155,0.4648768561226981,0.5615108678738276,0.8279035771524134
2025-06-18,0.4106180071830749,0.4203050136566162,0.3953669965267181,0.4140959978103637,40730865,IMMUTABLE,-0.008398995995323677,-0.008434466311855909,0.0431082537615853,0.050114384738932184,0.4482875721795218,0.553675968448321,0.8096569071542863
2025-06-19,0.4063380062580108,0.4168640077114105,0.4017910063266754,0.4106180071830749,29066156,IMMUTABLE,-0.010423315222889973,-0.010478018430890558,0.029643620831685643,0.04991561564572875,0.43875257458005634,0.5455016354719798,0.8043102825905153
2025-06-20,0.3896549940109253,0.4139969944953918,0.3786390125751495,0.4063369929790497,31126294,IMMUTABLE,-0.04105698209409525,-0.041923624106050494,0.030099504938817398,0.04905619861246303,0.42758957403046743,0.5359197676181793,0.7978611722624633
2025-06-21,0.3689559996128082,0.3973059952259063,0.3620209991931915,0.3896549940109253,29934904,IMMUTABLE,-0.05312133737861624,-0.05458432217689148,0.031160920416195566,0.047123786011263435,0.4143297161374773,0.5242362012465794,0.7903493027613204
2025-06-22,0.360504001379013,0.3764660060405731,0.3425900042057037,0.3689590096473694,48315026,IMMUTABLE,-0.022907875851497117,-0.023174338499794403,0.029706101049806533,0.0438056244968992,0.40038985865456717,0.5148615022500356,0.7776651719050519
2025-06-23,0.4184980094432831,0.4252020120620727,0.360504001379013,0.360504001379013,51075275,IMMUTABLE,0.16086924927997837,0.14916907732119325,0.0760721987973662,0.05351636478160603,0.39552357367106844,0.5075912366310755,0.7792167104700047
2025-06-24,0.4226570129394531,0.4322060048580169,0.4155170023441314,0.4184980094432831,35564158,IMMUTABLE,0.00993792898012269,0.009888872509318688,0.06800049107840128,0.053516306044007235,0.39674657583236694,0.5002486377954483,0.7930987630087194
2025-06-25,0.4164279997348785,0.4374170005321502,0.4102460145950317,0.4226570129394531,48348007,IMMUTABLE,-0.014737749555493562,-0.014847429140622549,0.06822185093639134,0.05351581418391829,0.3975765747683389,0.4930277387301127,0.8063979844062598
2025-06-26,0.4027340114116668,0.4266020059585571,0.4000349938869476,0.4164279997348785,27259405,IMMUTABLE,-0.03288440818564087,-0.03343725415326045,0.06946275901318236,0.053438197095784554,0.39706171836171833,0.4851454724868139,0.8184384702724611
2025-06-27,0.4146620035171509,0.420289009809494,0.3990249931812286,0.4027340114116668,21972566,IMMUTABLE,0.029617543508863253,0.02918741630463777,0.06770447504018492,0.054047743431690734,0.4006341482911791,0.4778552383184433,0.8384006623030803
2025-06-28,0.4316299855709076,0.433663010597229,0.4088929891586303,0.4146620035171509,16853776,IMMUTABLE,0.04092003103692843,0.04010496731312816,0.06214050105895045,0.05472083441831367,0.4095875748566219,0.47193427085876466,0.8678911453311234
2025-06-29,0.468733012676239,0.4784699976444244,0.4247680008411407,0.4316160082817077,26294481,IMMUTABLE,0.08596026306248405,0.08246463066043194,0.06205160129191434,0.05211908394145742,0.42504886218479704,0.46981860399246217,0.9047084525235544
2025-06-30,0.443107008934021,0.5003150105476379,0.440185010433197,0.468733012676239,80550619,IMMUTABLE,-0.05467078923224533,-0.05622204097273625,0.04724320199233488,0.0524616685561276,0.42856443354061674,0.4662507712841034,0.9191715272884278
2025-07-01,0.4250630140304565,0.4452889859676361,0.4202800095081329,0.4431020021438598,24235289,IMMUTABLE,-0.040721528975523946,-0.041573869790475636,0.05080014195343199,0.05276196803137837,0.42890814798218857,0.4619623045126597,0.9284483686058733
2025-07-02,0.4558820128440857,0.4659479856491089,0.423227995634079,0.4250270128250122,35889224,IMMUTABLE,0.072504541200616,0.06999660603075929,0.056268765245105996,0.05437197022483938,0.4345444355692182,0.45823443730672203,0.9483015683484155
2025-07-03,0.4621849954128265,0.4688209891319275,0.4553140103816986,0.4558820128440857,24774861,IMMUTABLE,0.013825907561956008,0.013731201633867915,0.05248775224174377,0.0543178515429543,0.4430374332836696,0.4543836365143458,0.9750294633897584
2025-07-04,0.4323199987411499,0.4661310017108917,0.4273259937763214,0.4621880054473877,23168708,IMMUTABLE,-0.0646169758172287,-0.06679918204535522,0.06137302517676605,0.054798692969007363,0.44556000402995516,0.45051500300566355,0.989001478435456
2025-07-05,0.4235129952430725,0.4342460036277771,0.4147349894046783,0.4323199987411499,15832008,IMMUTABLE,-0.02037149223658874,-0.020581852894925798,0.060016729105380244,0.05240119831206978,0.4444004339831216,0.4479951361815135,0.9919760240501018
2025-07-06,0.423786997795105,0.430774986743927,0.4128310084342956,0.4235129952430725,20976132,IMMUTABLE,0.0006469755476457006,0.000646766349192068,0.047279221451556316,0.052382313966620866,0.43797957471438814,0.44541366895039874,0.9833096854581747
2025-07-07,0.4173659980297088,0.4313769936561584,0.4136080145835876,0.423786997795105,24187721,IMMUTABLE,-0.015151478924090633,-0.0152674353460196,0.04363491412155588,0.05128822661342573,0.43430228744234356,0.44173896809418994,0.9831649884004331
2025-07-08,0.4216859936714172,0.4274370074272156,0.4087249934673309,0.4173659980297088,24021144,IMMUTABLE,0.010350617113282112,0.010297416268770782,0.04144127298366778,0.05132827532261399,0.4338198559624808,0.43857510189215343,0.989157510517225
2025-07-09,0.4488629996776581,0.4525650143623352,0.4145509898662567,0.4216859936714172,30642938,IMMUTABLE,0.06444844366212821,0.062456771733349334,0.03932830528407527,0.05231261939119975,0.4328171397958483,0.4356899678707123,0.993406256084105
2025-07-10,0.4909200072288513,0.4941110014915466,0.4439930021762848,0.4488629996776581,40607119,IMMUTABLE,0.09369675732104366,0.08956347848406507,0.05264352064865624,0.054806071261280995,0.43692214148385183,0.4336747686068217,1.0074880373775543
2025-07-11,0.4983580112457275,0.5257660150527954,0.4809879958629608,0.4909200072288513,52893237,IMMUTABLE,0.015151152748616337,0.015037520370576467,0.040875799233289344,0.05432723718150102,0.44635614327022005,0.43272860248883566,1.031492119316832
2025-07-12,0.5041919946670532,0.5120239853858948,0.4808250069618225,0.4983580112457275,31345362,IMMUTABLE,0.011706410431213454,0.011638420506177301,0.03714810772261469,0.05056603143466036,0.457881714616503,0.4337655693292618,1.0555971865736886
2025-07-13,0.5329660177230835,0.5505620241165161,0.5014700293540955,0.5041919946670532,56584092,IMMUTABLE,0.05706957540059987,0.0555005281850291,0.03696185740323795,0.05141882084412108,0.4734787174633571,0.43593790332476295,1.0861150495340783
2025-07-14,0.5311139822006226,0.5603430271148682,0.5198130011558533,0.5330529808998108,44155934,IMMUTABLE,-0.0034749598677474847,-0.003481011564458184,0.03460327127487155,0.05133792459409948,0.48972842948777334,0.43824920256932576,1.1174656488058394
2025-07-15,0.5443990230560303,0.5450720191001892,0.5073850154876709,0.5311139822006226,56045289,IMMUTABLE,0.025013540032145842,0.024705822290582387,0.033333731713379104,0.05140670389698619,0.5072588622570038,0.4411264032125473,1.1499172540179872
2025-07-16,0.5472319722175598,0.5656219720840454,0.5286499857902527,0.5443990230560303,55558692,IMMUTABLE,0.005203810149449817,0.005190317119282518,0.032923122436083016,0.051296116432421886,0.5213115726198468,0.4442820688088735,1.1733797270222732
2025-07-17,0.5571320056915283,0.5663530230522156,0.5319120287895203,0.5472319722175598,51154412,IMMUTABLE,0.018091109395254046,0.01792941254721476,0.018823707052509953,0.048068527449180144,0.5307704295430865,0.44904993573824564,1.1819853145519128
2025-07-18,0.578557014465332,0.6274750232696533,0.5529230237007141,0.5571320056915283,88894879,IMMUTABLE,0.0384558929570209,0.03773489155631204,0.02012339768713904,0.048200515588682914,0.54222743000303,0.4546479026476542,1.1926315437624457
2025-07-19,0.6156439781188965,0.6567860245704651,0.5674089789390564,0.578561007976532,93886976,IMMUTABLE,0.06410252183674237,0.0621317413873175,0.024622682262631666,0.0488807467138275,0.5581491419247219,0.4616247683763504,1.2090970419283864
2025-07-20,0.637037992477417,0.6554920077323914,0.6061319708824158,0.6156439781188965,69962927,IMMUTABLE,0.034750627178860904,0.03416045776283987,0.02189712684985086,0.04785013827234669,0.5730165668896267,0.46987086832523345,1.2195192456430353
2025-07-21,0.64308100938797,0.6628940105438232,0.6257309913635254,0.637037992477417,52021768,IMMUTABLE,0.009486116969337877,0.009441406293166848,0.019457229953435438,0.04596636209523136,0.5890118564878192,0.47900836865107216,1.2296483632353357
2025-07-22,0.6427770256996155,0.6494640111923218,0.6046720147132874,0.64308100938797,55390275,IMMUTABLE,-0.0004726989040522156,-0.0004728106613989329,0.022162023765064872,0.04544015668977513,0.6030658568654742,0.48841746946175896,1.234734411793376
2025-07-23,0.5714280009269714,0.6429799795150757,0.5535510182380676,0.6427770256996155,55100793,IMMUTABLE,-0.11100120558133808,-0.11765939957864364,0.058364311014652774,0.04525237106542144,0.60652243239539,0.49351513584454854,1.2289844593265675
2025-07-24,0.5478090047836304,0.5794309973716736,0.5251100063323975,0.5714280009269714,49044082,IMMUTABLE,-0.041333284517080515,-0.042211797888323785,0.060725424148457274,0.04626048412456256,0.6051905751228333,0.4976868689060211,1.216006716136833
2025-07-25,0.5645689964294434,0.5645920038223267,0.5292410254478455,0.5478090047836304,42925792,IMMUTABLE,0.030594589536608208,0.03013590707927404,0.05995112646786881,0.046201734235670686,0.603192286831992,0.5026249021291733,1.200084365650815
2025-07-26,0.5643630027770996,0.5772410035133362,0.5615760087966919,0.5645599961280823,27221565,IMMUTABLE,-0.00036486887102649135,-0.00036493545186902385,0.05277247953633468,0.045515437277202475,0.5958664332117353,0.5080125351746877,1.1729364768663388
2025-07-27,0.6012899875640869,0.619193971157074,0.5643619894981384,0.5643630027770996,100770223,IMMUTABLE,0.06543126428429602,0.0633796601840525,0.057970899718968495,0.0463996713091868,0.5907595753669739,0.5142334679762522,1.148815882583231
2025-07-28,0.5573509931564331,0.6098009943962097,0.5546320080757141,0.6012899875640869,42496251,IMMUTABLE,-0.07307454858122131,-0.07588213583154615,0.062429704384698234,0.048781604855624515,0.57851243019104,0.5184241682291031,1.1159055955419552
2025-07-29,0.5619279742240906,0.5903030037879944,0.546068012714386,0.5573530197143555,47457740,IMMUTABLE,0.00821202639603591,0.008178491176914698,0.06297411384216627,0.04674147383024421,0.5669625656945365,0.5215306669473648,1.087112612213381
2025-07-30,0.5487409830093384,0.5621809959411621,0.5306100249290466,0.5619279742240906,34056268,IMMUTABLE,-0.023467404755851073,-0.023747149556184947,0.046298986311969506,0.04561210162819745,0.5637215631348746,0.525051799416542,1.0736494261352956
2025-07-31,0.5173060297966003,0.5686590075492859,0.5165529847145081,0.5487409830093384,31121842,IMMUTABLE,-0.057285594089120706,-0.058991899153482984,0.048862619418518126,0.046358155141572086,0.5593639952795846,0.5281265666087468,1.059147618479832
2025-08-01,0.4956510066986084,0.5175179839134216,0.4836620092391968,0.5173060297966003,45251417,IMMUTABLE,-0.04186114572549349,-0.04276256968290246,0.047069702507334596,0.04560132402307318,0.5495185681751796,0.5294521997372309,1.0379002456650623
2025-08-02,0.4799599945545196,0.5022770166397095,0.4727829992771148,0.4956510066986084,28680463,IMMUTABLE,-0.03165737975314975,-0.03216930779385622,0.04654842154854475,0.045989866556264546,0.5374609955719539,0.5300446997086207,1.0139918310048381
2025-08-03,0.5005149841308594,0.5021820068359375,0.4754019975662231,0.4799599945545196,26007930,IMMUTABLE,0.04282646430858916,0.041934780880036215,0.0401742452557384,0.04470813506897537,0.5230645665100643,0.5323178658882777,0.9826169663443994
2025-08-04,0.5192679762840271,0.5226529836654663,0.4989239871501922,0.5005139708518982,31550537,IMMUTABLE,0.037467394079584215,0.0367825452356936,0.039518464463762185,0.0448080991835645,0.517624135528292,0.5355096985896428,0.9666008606222156
2025-08-05,0.5030120015144348,0.5281909704208374,0.4888570010662079,0.5192679762840271,35399842,IMMUTABLE,-0.03130555996524742,-0.03180605218147277,0.03932355272185449,0.045350098106463364,0.5092075679983411,0.5381505320469538,0.9462177173020291
2025-08-06,0.5087029933929443,0.5122129917144775,0.4875650107860565,0.5030120015144348,34567224,IMMUTABLE,0.011313829215556348,0.011250306524031863,0.04035929164752695,0.045185199827199644,0.5034878551959991,0.5411950985590617,0.9303259703137399
2025-08-07,0.5417259931564331,0.5417479872703552,0.5083079934120178,0.5087029933929443,36522550,IMMUTABLE,0.06491607124863208,0.06289598971669312,0.042357886226726794,0.046339474975621006,0.506976421390261,0.5451964318752289,0.9298968073699448
2025-08-08,0.5525500178337097,0.5578190088272095,0.5333260297775269,0.5417259931564331,46807692,IMMUTABLE,0.0199806263941833,0.01978363338460367,0.03638853958803463,0.04526380332752449,0.5151048515524183,0.5486526658137639,0.9388541852583776
2025-08-09,0.5964909791946411,0.5983240008354187,0.550620973110199,0.5525500178337097,41722778,IMMUTABLE,0.07952395247981969,0.07652015922107042,0.03583035288262585,0.04449886022411679,0.5317521350724357,0.5521716982126236,0.9630195404685067
2025-08-10,0.5989750027656555,0.6241700053215027,0.5743079781532288,0.5964980125427246,58911345,IMMUTABLE,0.0041643941948095176,0.004155747103589663,0.036751273294475965,0.04447114909944206,0.5458178520202637,0.5555255979299545,0.9825251150516473
2025-08-11,0.5586220026016235,0.6097149848937988,0.5503559708595276,0.5989750027656555,49366457,IMMUTABLE,-0.06737009053417842,-0.06974682406725843,0.05076141216556427,0.04655696572344553,0.5514398557799203,0.5573399315277735,0.9894138650146957
2025-08-12,0.5905370116233826,0.5962269902229309,0.5498780012130737,0.5586220026016235,48123031,IMMUTABLE,0.05713167199488023,0.05555927055345283,0.04936536361336361,0.046559232943369375,0.5639434286526271,0.5592589646577835,1.008376198310402
2025-08-13,0.6434800028800964,0.6471779942512512,0.5862069725990295,0.5905370116233826,60623254,IMMUTABLE,0.0896522829469637,0.08585863887698883,0.05424018766374928,0.04890092262772825,0.5831972871507917,0.5630044986804327,1.0358661227711088
2025-08-14,0.5640199780464172,0.6482849717140198,0.5513539910316467,0.6434800028800964,68169318,IMMUTABLE,-0.1234848394325091,-0.13180127805909267,0.08033926088858923,0.05486498169817757,0.5863821421350751,0.5636585305134455,1.0403144996331917
2025-08-15,0.564765989780426,0.5924720168113708,0.5465859770774841,0.5640199780464172,50282406,IMMUTABLE,0.0013226689887702037,0.0013217950326947939,0.08010490451160951,0.05485977760121897,0.5881272809846061,0.5642429977655411,1.042329782227957
2025-08-16,0.5842670202255249,0.5880979895591736,0.5647439956665039,0.564765989780426,27430054,IMMUTABLE,0.03452939942909916,0.03394663677412888,0.075060950649608,0.055107087561324514,0.5863810011318752,0.5651474982500077,1.0375716126278849
2025-08-17,0.5848289728164673,0.6059820055961609,0.5789939761161804,0.5842729806900024,27767950,IMMUTABLE,0.0009618078232884741,0.000961345582511458,0.07502019282709342,0.05468261218183687,0.5843601397105626,0.5653565635283788,1.0336134351453936
2025-08-18,0.5576559901237488,0.5851749777793884,0.5488809943199158,0.5848289728164673,34280717,IMMUTABLE,-0.04646312675286357,-0.04757718321886994,0.0721668451240746,0.054074134616851864,0.584222137928009,0.5634236305952072,1.03691451015434
2025-08-19,0.5274209976196289,0.5677859783172607,0.5273320078849792,0.5576559901237488,32478488,IMMUTABLE,-0.054218000056648674,-0.055743180521077546,0.07005236500441958,0.05441677234096772,0.5752055644989014,0.5597697307666143,1.027575327646151
2025-08-20,0.5568879842758179,0.5587130188941956,0.5249990224838257,0.5274209976196289,26738133,IMMUTABLE,0.05586995358391156,0.054365027685248715,0.0630727994902442,0.05547259105621796,0.5628352761268616,0.5568966299295426,1.0106638213954902
2025-08-21,0.5340510010719299,0.5610160231590271,0.5322080254554749,0.5568879842758179,23078547,IMMUTABLE,-0.0410082168204533,-0.04187277224849532,0.04244401673910675,0.05587480901517491,0.5585539937019348,0.5532724291086197,1.0095460469660926
2025-08-22,0.6107670068740845,0.6108250021934509,0.5165960192680359,0.5340510010719299,46117386,IMMUTABLE,0.14364921261859376,0.1342242136098979,0.06876685345379185,0.05744775932028095,0.5651255675724575,0.5545837293068568,1.0190085603102281
2025-08-23,0.5985450148582458,0.6161689758300781,0.5889899730682373,0.6108220219612122,29546501,IMMUTABLE,-0.020010891024371147,-0.020213820669447154,0.06882606643429495,0.05699972818873857,0.5671652810914176,0.5562749296426773,1.0195772825062164
2025-08-24,0.5813990235328674,0.6094719767570496,0.5682340264320374,0.5985450148582458,36418013,IMMUTABLE,-0.028646118336545068,-0.029064426352086548,0.06993367330827505,0.057050922461045095,0.5666752883366176,0.5568359305461248,1.0176701201390557
2025-08-25,0.5215089917182922,0.5878419876098633,0.5151519775390625,0.5814059972763062,35769830,IMMUTABLE,-0.10301020364749458,-0.10871079229182457,0.07985624115239266,0.06046606602259832,0.5615114314215524,0.5554074635108311,1.0109900718152705
2025-08-26,0.5413920283317566,0.545868992805481,0.5155799984931946,0.5215060114860535,30513533,IMMUTABLE,0.03812597084463065,0.03741713657547808,0.07863289639234003,0.059669236400916384,0.5635072929518563,0.5534108648697535,1.0182440004759916
2025-08-27,0.5378400087356567,0.5528870224952698,0.534961998462677,0.5413920283317566,27398718,IMMUTABLE,-0.006560901177368739,-0.006582518494095095,0.07540024389457668,0.058090908565849864,0.5607861535889762,0.5527604987223943,1.0145192264735483
2025-08-28,0.561693012714386,0.5653989911079407,0.5283520221710205,0.5378400087356567,41894633,IMMUTABLE,0.04434962738231829,0.04339432552525197,0.07533276242452792,0.05863991703338707,0.5647350123950413,0.5527526666720708,1.0216775900786006
2025-08-29,0.5149840116500854,0.5630220174789429,0.5091540217399597,0.561676025390625,34504512,IMMUTABLE,-0.08315752556468325,-0.08681960508596398,0.057414693863253895,0.06061748635137364,0.5510517273630414,0.5516274342934291,0.9989563482622559
2025-08-30,0.5157060027122498,0.5244309902191162,0.5074030160903931,0.5149840116500854,20527566,IMMUTABLE,0.0014019679171222155,0.0014009860776663745,0.05825053058726576,0.05965876456272513,0.5392175827707563,0.551574100057284,0.9775977202605335
2025-08-31,0.5085359811782837,0.5305330157279968,0.5083619952201843,0.5157060027122498,20950879,IMMUTABLE,-0.013903312151219538,-0.01400086848857734,0.0581932693450581,0.05917875602476259,0.5288085767201015,0.5520035992066066,0.9579803057084352
2025-09-01,0.4975099861621856,0.5291780233383179,0.4865829944610595,0.5085359811782837,40389889,IMMUTABLE,-0.021681838501477757,-0.021920343346264727,0.04325411206816809,0.05901087867404483,0.5253801473549434,0.5525885989268621,0.9507618296418746
2025-09-02,0.5226680040359497,0.5233100056648254,0.4970139861106872,0.4975099861621856,32397888,IMMUTABLE,0.05056786511529987,0.049330841896216594,0.0454589264910034,0.05920208098389518,0.5227052867412567,0.5533270329236984,0.9446588647212103
2025-09-03,0.5229899883270264,0.5294989943504333,0.5085099935531616,0.5226680040359497,25310936,IMMUTABLE,0.0006160397969463549,0.0006158501223247233,0.0454993050768971,0.05882468129951226,0.5205838552543095,0.5534510999917984,0.9406140041315737
2025-09-04,0.4997540116310119,0.5247870087623596,0.4958040118217468,0.5229899883270264,26517804,IMMUTABLE,-0.044429104217354465,-0.045446320479592614,0.04235800430942786,0.05913280983372256,0.5117354265281132,0.5533425003290177,0.9248077388305347
2025-09-05,0.520721971988678,0.5299839973449707,0.4993610084056854,0.4997540116310119,33654577,IMMUTABLE,0.0419565623680227,0.04110025567533053,0.03378722515007707,0.05958184136497478,0.5125551351479122,0.5537431329488754,0.9256189461318954
2025-09-06,0.5135020017623901,0.5245350003242493,0.5071390271186829,0.520721971988678,20417320,IMMUTABLE,-0.013865307428288842,-0.013962328666817382,0.03429616647647939,0.05846061621806133,0.5122402778693608,0.5528023332357407,0.9266246668516097
2025-09-07,0.5172200202941895,0.5258169770240784,0.5060679912567139,0.5135020017623901,21438210,IMMUTABLE,0.007240514192814684,0.007214427514882232,0.03385027915499126,0.05834564662723838,0.5134808548859188,0.55162466665109,0.9308518743428533
2025-09-08,0.5419409871101379,0.5452769994735718,0.5145329833030701,0.5172200202941895,31077552,IMMUTABLE,0.047795842863714855,0.04668876049386064,0.03551997115742413,0.05720069123692326,0.5198281407356262,0.5498063335816066,0.9454749954394064
2025-09-09,0.5393790006637573,0.5583000183105469,0.5360999703407288,0.5419489741325378,34912922,IMMUTABLE,-0.0047274269843331496,-0.004738636609689101,0.031787759091185974,0.05718431536527107,0.5222154259681702,0.54781980017821,0.9532613202339336
2025-09-10,0.5537739992141724,0.5555379986763,0.5358330011367798,0.5393790006637573,28290816,IMMUTABLE,0.02668809600058708,0.026338180827385614,0.03273702097166401,0.05602462223561914,0.526613141809191,0.5476582000652949,0.9615726410129627
2025-09-11,0.5919370055198669,0.5933259725570679,0.552951991558075,0.5537739992141724,47832128,IMMUTABLE,0.06891440616542033,0.06664355976837878,0.02938170164467186,0.05644065168849706,0.5397821409361703,0.547704866528511,0.9855346810362359
2025-09-12,0.6654700040817261,0.6678509712219238,0.5756180286407471,0.5919280052185059,59481653,IMMUTABLE,0.12422436488369071,0.11709334443734387,0.04600866264398584,0.05833392643174808,0.5604604312351772,0.5484378665685654,1.0219214707799698
2025-09-13,0.6782410144805908,0.6838170289993286,0.6532469987869263,0.6654700040817261,94014145,IMMUTABLE,0.019190963259850147,0.01900913929316743,0.041635852626169007,0.05271143467560946,0.5839945759092059,0.5522452344497045,1.0574913815075988
2025-09-14,0.6456699967384338,0.6846590042114258,0.6426360011100769,0.6782410144805908,47970174,IMMUTABLE,-0.04802277810801581,-0.049214171061067236,0.052918840440141515,0.05366975081600891,0.6023445725440979,0.554942034681638,1.0854188994525418
2025-09-15,0.6432780027389526,0.6755679845809937,0.6123610138893127,0.6456699967384338,73793204,IMMUTABLE,-0.0037046695859560552,-0.003711548869898286,0.05395631409211465,0.053396066323187504,0.6168212890625,0.5569090674320857,1.1075798997252286
2025-09-16,0.688605010509491,0.7469930052757263,0.6356130242347717,0.6432849764823914,219392742,IMMUTABLE,0.07046254897189819,0.06809084382273173,0.0544011349218105,0.05468961801425432,0.6381392904690334,0.5603682686885197,1.1387855560817677
2025-09-17,0.7500290274620056,0.7675150036811829,0.6763690114021301,0.688605010509491,189773451,IMMUTABLE,0.08920065351698181,0.08544408181451647,0.05735864249909078,0.05562694984134854,0.6661757230758667,0.5667807032664617,1.1753676849557038
2025-09-18,0.8517240285873413,0.8797720074653625,0.7342450022697449,0.7500830292701721,172247166,IMMUTABLE,0.13558808712971748,0.12715065518627383,0.06544548063407143,0.05815192309773607,0.7032881549426487,0.5775908042987188,1.2176235315874622
2025-09-19,0.83439701795578,0.960096001625061,0.8286849856376648,0.8517240285873413,266236291,IMMUTABLE,-0.02034345638962376,-0.02055323444867446,0.06326324092496907,0.05805503693931883,0.727420585496085,0.5868411054213841,1.2395528853994593
2025-09-20,0.8069040179252625,0.8578439950942993,0.8060029745101929,0.8343740105628967,79230348,IMMUTABLE,-0.03294954253057336,-0.03350460550086707,0.06803774171070903,0.0577994607483213,0.7458010145596096,0.5959362059831619,1.2514779385306924
2025-09-21,0.773472011089325,0.8076980113983154,0.766910970211029,0.8069040179252625,62547420,IMMUTABLE,-0.04143244561094017,-0.04231523970084125,0.06682584735335506,0.05397172501095126,0.7640584451811654,0.60135970612367,1.2705514476622355
2025-09-22,0.6844609975814819,0.7758579850196838,0.6822760105133057,0.773472011089325,83354686,IMMUTABLE,-0.11507981185057192,-0.12225782092293032,0.08740402323110294,0.058802245553355253,0.7699417301586696,0.6042235722144444,1.2742662907653168
2025-09-23,0.6843119859695435,0.6950179934501648,0.6572849750518799,0.6844609975814819,68582660,IMMUTABLE,-0.00021770650550578807,-0.00021773020700710093,0.0834116185444358,0.058469868502870524,0.7693284409386771,0.607654004295667,1.2660633115228253
2025-09-24,0.7317500114440918,0.7776250243186951,0.678617000579834,0.684378981590271,135931925,IMMUTABLE,0.06932221917366754,0.06702500774131055,0.08047284372004689,0.055360427558410454,0.766717152936118,0.614662038286527,1.2473800319171653
2025-09-25,0.6870260238647461,0.7685520052909851,0.6869710087776184,0.7317389845848083,144782095,IMMUTABLE,-0.061119216781539865,-0.06306676926284852,0.05795907274064463,0.05674758058622258,0.7431888665471759,0.6195165048042933,1.1996272266901928
2025-09-26,0.7073330283164978,0.7187539935112,0.6806439757347107,0.6870260238647461,69890226,IMMUTABLE,0.029557838781008927,0.02912942733644735,0.062288800464680785,0.056806950194876416,0.7250368680272784,0.6251662721236547,1.1597504541701664
2025-09-27,0.7913879752159119,0.8286740183830261,0.6951429843902588,0.7073330283164978,113868931,IMMUTABLE,0.11883362367436834,0.1122867352319088,0.08021881386690652,0.05956530314506342,0.7228202904973712,0.6328227708737055,1.1422159943761359
2025-09-28,0.7960100173950195,0.8048719763755798,0.7418410181999207,0.7913879752159119,73940818,IMMUTABLE,0.005840425080816614,0.005823435915457514,0.07830462445722007,0.056625054453513485,0.7260400056838989,0.6421903043985366,1.130568307729115
2025-09-29,0.7394409775733948,0.7960100173950195,0.7390210032463074,0.7960100173950195,55634648,IMMUTABLE,-0.07106573860307641,-0.07371730543106345,0.0665106669775515,0.058842427568629695,0.7338942885398865,0.6496481368939082,1.129679663284767
2025-09-30,0.6873000264167786,0.7404980063438416,0.6755290031433105,0.7394589781761169,54698732,IMMUTABLE,-0.07051401361028964,-0.07312354843809808,0.07386823680918171,0.06070430698885191,0.73432115146092,0.655606938401858,1.1200631177744091
2025-10-01,0.7000889778137207,0.7284690141677856,0.6795259714126587,0.6873000264167786,60774894,IMMUTABLE,0.01860752350558892,0.018436521564778232,0.06868997332389039,0.06041809175170167,0.7297981466565814,0.6623595714569092,1.101815657394874
2025-10-02,0.7291610240936279,0.7316110134124756,0.693244993686676,0.7001029849052429,58770755,IMMUTABLE,0.041526216239963,0.04068715301991311,0.06552513494597534,0.06025128169134038,0.7358174324035645,0.6692426721254985,1.0994777575473873
2025-10-03,0.7851420044898987,0.8087859749794006,0.7000470161437988,0.7291610240936279,103862221,IMMUTABLE,0.07677451008281344,0.07397000771396442,0.06992195840863488,0.06129068796765083,0.746933000428336,0.6779810726642609,1.1017018476535265
2025-10-04,0.7586259841918945,0.7993389964103699,0.7409260272979736,0.7851359844207764,58259592,IMMUTABLE,-0.033772260490930406,-0.034355717370133494,0.05657895570935186,0.06095513968962128,0.7422527159963336,0.6866101384162903,1.0810395513651845
2025-10-05,0.7460169792175293,0.785893976688385,0.73648601770401,0.7586249709129333,51198922,IMMUTABLE,-0.016620845103001103,-0.016760521201705784,0.056433440452154364,0.06098062894157764,0.7351108533995492,0.6941199719905853,1.0590544618553634
2025-10-06,0.7628679871559143,0.772117018699646,0.7377709746360779,0.7460169792175293,51934727,IMMUTABLE,0.022587968381174717,0.022336637880849504,0.04938816056595627,0.06080792014745026,0.7384575690541949,0.7024321715037029,1.0512866565797694
2025-10-07,0.707938015460968,0.7670230269432068,0.7057290077209473,0.7628679871559143,58072650,IMMUTABLE,-0.07200455730189104,-0.07472845709365336,0.049810249446602485,0.06289052718179167,0.7414058532033648,0.7087894380092621,1.0460170728357785
2025-10-08,0.713674008846283,0.7285509705543518,0.6928499937057495,0.707938015460968,38670582,IMMUTABLE,0.008102394927301582,0.008069746759195947,0.04947029250165918,0.06251759389882529,0.7433465719223022,0.7145138720671336,1.0403528902409604
2025-10-09,0.6894800066947937,0.7137809991836548,0.6725119948387146,0.713674008846283,42006014,IMMUTABLE,-0.03390063509612884,-0.03448858784024606,0.04799884217293479,0.0629801535563921,0.7376778551510402,0.7195172389348348,1.0252400015364334
2025-10-10,0.4836390018463135,0.7052099704742432,0.2607010006904602,0.6894789934158325,108312025,IMMUTABLE,-0.2985452846344798,-0.3545989355282814,0.1297443569215899,0.09125055576120593,0.694605997630528,0.7171794056892395,0.9685247402816628
2025-10-11,0.4774239957332611,0.5307589769363403,0.4683350026607513,0.4836390018463135,68577454,IMMUTABLE,-0.01285050645073349,-0.012933788455371251,0.13095073158630263,0.09026200835591434,0.6544342849935804,0.7133623053630193,0.9173939806933711
2025-10-12,0.5665820240974426,0.585902988910675,0.4702489972114563,0.4774160087108612,73001652,IMMUTABLE,0.18674810893668292,0.17121688496723958,0.15903209734137025,0.09332038863931648,0.6288007199764252,0.7100660393635432,0.8855524488117205
2025-10-13,0.6214309930801392,0.6329609751701355,0.556859016418457,0.5665810108184814,68957366,IMMUTABLE,0.09680675815663253,0.09240301095069747,0.16562661736115394,0.09492950197101685,0.6085954351084573,0.7081723719835281,0.8593888425833888
2025-10-14,0.5792589783668518,0.623009979724884,0.5446770191192627,0.6214339733123779,62025757,IMMUTABLE,-0.06786274772724266,-0.07027520875209707,0.16543145483633578,0.09536059690449648,0.5902127155235836,0.7059586713711421,0.8360442890760844
2025-10-15,0.5272700190544128,0.6075050234794617,0.5191239714622498,0.5792589783668518,80371289,IMMUTABLE,-0.08975080448302297,-0.09403687573145934,0.1661532662292693,0.09677903653655157,0.5635835741247449,0.7020917385816574,0.8027207032278686
2025-10-16,0.515047013759613,0.5579169988632202,0.5028619766235352,0.5272700190544128,64081224,IMMUTABLE,-0.02318168083351313,-0.023454602096055967,0.16630245285220516,0.09577992094550913,0.5386645751340049,0.6963064720233282,0.7736027119908174
2025-10-17,0.4963580071926117,0.5194740295410156,0.473699003458023,0.515047013759613,54191174,IMMUTABLE,-0.03628602063058273,-0.03696073029525295,0.0945359800269566,0.09418180177634511,0.5404815758977618,0.6878507713476817,0.7857541176246926
2025-10-18,0.4984019994735718,0.5101330280303955,0.4876160025596618,0.4963580071926117,29224101,IMMUTABLE,0.004117979868040855,0.004109524194524314,0.0942549837380422,0.09043856612625359,0.543478433574949,0.6760733703772227,0.8038749304261298
2025-10-19,0.5116119980812073,0.5238119959831238,0.4850560128688812,0.4984019994735718,33103158,IMMUTABLE,0.026504706284461887,0.026159542253931835,0.06251583836184782,0.09079206949639936,0.5356255727154868,0.6653138697147369,0.8050720075099954
2025-10-20,0.5258550047874451,0.5469949841499329,0.5021479725837708,0.5116270184516907,39338810,IMMUTABLE,0.027839469675566608,0.027458996935913218,0.04684877666355722,0.09107563038081298,0.5219718601022448,0.6559455692768097,0.7957548378255334
2025-10-21,0.5092750191688538,0.5545759797096252,0.4974249899387359,0.525862991809845,43999289,IMMUTABLE,-0.03152957653278032,-0.03203733509678078,0.04256806796911795,0.09098579253417617,0.511974151645388,0.6471390028794607,0.7911347475076399
2025-10-22,0.4985820055007934,0.5380250215530396,0.4860750138759613,0.5092750191688538,48449384,IMMUTABLE,-0.020996540701155086,-0.02122010295547426,0.027083168684777167,0.08867841339802685,0.5078758639948708,0.6409430364767711,0.7923884574620496
2025-10-23,0.5096889734268188,0.5215439796447754,0.4947809875011444,0.4985820055007934,33559518,IMMUTABLE,0.022277113500855705,0.02203260326705733,0.028189236686751027,0.08886077371717564,0.5071104296616146,0.6351222693920135,0.7984453609964874
2025-10-24,0.5305219888687134,0.5356640219688416,0.5095440149307251,0.5096949934959412,41294072,IMMUTABLE,0.040873977127318994,0.0400607228687342,0.02704693890151747,0.08819053584937045,0.5119909984724862,0.6284146686395009,0.8147343211782938
2025-10-25,0.5380799770355225,0.5410730242729187,0.5243679881095886,0.5305219888687134,23477886,IMMUTABLE,0.014246324045730452,0.014145798789969516,0.0269789260825103,0.08773565897613168,0.5176592809813363,0.6234498004118602,0.8303142941731041
2025-10-26,0.5590190291404724,0.5660589933395386,0.5271549820899963,0.538083016872406,34643291,IMMUTABLE,0.03891438633399957,0.03817630865849558,0.028450712824623258,0.08788362040919262,0.5244317139898028,0.618506000439326,0.8479007699477418
2025-10-27,0.533951997756958,0.5678920149803162,0.5315399765968323,0.5590190291404724,37968296,IMMUTABLE,-0.044841105717021046,-0.045877570893119335,0.03487097766352636,0.08512945630296535,0.5255884272711617,0.6099248011906941,0.8617266034191574
2025-10-28,0.5211910009384155,0.5452349781990051,0.5106980204582214,0.533951997756958,33948792,IMMUTABLE,-0.02389914612577393,-0.024189364020096242,0.033693677386526705,0.08507554297259882,0.5272907103810992,0.6007641673088073,0.877700001222042
2025-10-29,0.5249379873275757,0.5462960004806519,0.5152149796485901,0.5211910009384155,34256113,IMMUTABLE,0.007189276834046687,0.007163557180252274,0.031911216452218436,0.08440054769323616,0.5310558506420681,0.5936140676339468,0.894614665650991
2025-10-30,0.4841989874839782,0.5304340124130249,0.4657430052757263,0.5249379873275757,38537633,IMMUTABLE,-0.07760726186153344,-0.08078418284831894,0.04500675546703548,0.0846050091355248,0.5274144240788051,0.5868440330028534,0.8987301470546617
2025-10-31,0.4948900043964386,0.500419020652771,0.4735279977321625,0.4841989874839782,40445142,IMMUTABLE,0.022079800224311885,0.02183957114450397,0.04225168413673842,0.0846490446287843,0.5223241405827659,0.5800040672222774,0.9005525479920358
2025-11-01,0.5153049826622009,0.5158529877662659,0.4918519854545593,0.4948900043964386,38620291,IMMUTABLE,0.04125154697892963,0.040423400191861816,0.045768483185598355,0.08464344430567036,0.5190705699580056,0.5728755325078965,0.9060791402377633
2025-11-02,0.5102149844169617,0.530476987361908,0.4916380047798157,0.5153049826622009,46103787,IMMUTABLE,-0.009877642205093795,-0.009926749758349018,0.041401859169337675,0.0830914852938743,0.5120985635689327,0.5637112985054652,0.9084411913095048
2025-11-03,0.4419409930706024,0.5102609992027283,0.429313987493515,0.510254979133606,56049265,IMMUTABLE,-0.13381416350281838,-0.1436558016430972,0.06441929676472258,0.08633122222343341,0.4989541343280247,0.5531551321347554,0.9020148333478235
2025-11-04,0.4273169934749603,0.453368991613388,0.390190988779068,0.4419409930706024,52785699,IMMUTABLE,-0.03309038949755405,-0.03365026204213931,0.06444928742970707,0.08637784462201836,0.48554356183324543,0.5425317992766698,0.8949587148266628
2025-11-05,0.4221769869327545,0.4273169934749603,0.3996900022029876,0.4273169934749603,39028015,IMMUTABLE,-0.012028556366099674,-0.012101484856529229,0.06307571107007443,0.08604359448236513,0.4708634189196995,0.5311754326025645,0.8864555663138292
2025-11-06,0.4065180122852325,0.4221769869327545,0.3918870091438293,0.4221769869327545,39493656,IMMUTABLE,-0.0370910190090874,-0.037796387755911355,0.05942153456459618,0.08549188559057216,0.4597661367484501,0.5211280991633733,0.8822516718760041
2025-11-07,0.4394539892673492,0.4629909992218017,0.4019440114498138,0.4065209925174713,90086722,IMMUTABLE,0.08101972357133147,0.07790478416252798,0.06967758935927536,0.08717424369906387,0.4518467060157231,0.5119874318440755,0.8825347614261982
2025-11-08,0.4305630028247833,0.4543409943580627,0.4207929968833923,0.4394609928131103,59331473,IMMUTABLE,-0.020231893803919654,-0.020439361648477036,0.06495951712088008,0.08711011619652007,0.439740708896092,0.5033568650484085,0.8736161944544087
2025-11-09,0.4423039853572845,0.4505940079689026,0.4086799919605255,0.4305750131607055,50985039,IMMUTABLE,0.027268907118058072,0.026903734178376094,0.0678730886488456,0.05935403561195529,0.4300391376018524,0.5019790311654408,0.8566874528671723
2025-11-10,0.468654990196228,0.474932998418808,0.4391019940376282,0.4423570036888122,58159214,IMMUTABLE,0.05957668416136408,0.05786947379595412,0.0461426786640636,0.0603439409772198,0.4338554229055132,0.5016867309808731,0.8647934978412933
2025-11-11,0.4251720011234283,0.5060970187187195,0.4246529936790466,0.468654990196228,68466609,IMMUTABLE,-0.09278251588571207,-0.0973730735816126,0.06001738690992677,0.053507978815341896,0.4335489954267229,0.496973063548406,0.8723792640413288
2025-11-12,0.4167290031909942,0.4495680034160614,0.4124090075492859,0.4251559972763061,32043205,IMMUTABLE,-0.01985784085058573,-0.020057657481210425,0.06034332564788964,0.04993779427881077,0.43277071203504286,0.49014966388543446,0.8829358539276626
2025-11-13,0.4012820124626159,0.4342730045318603,0.3902589976787567,0.4167290031909942,39991728,IMMUTABLE,-0.03706723220629471,-0.03777168499639447,0.060340874132214055,0.04900333005556178,0.43202271206038334,0.48421709835529325,0.8922087087131062
2025-11-14,0.3756830096244812,0.402213990688324,0.370261013507843,0.4012820124626159,43247047,IMMUTABLE,-0.06379304838768363,-0.06591872479411234,0.05265375444856513,0.04763459023897938,0.42291257211140215,0.4791641980409622,0.8826046975973124
2025-11-15,0.3819440007209778,0.391739010810852,0.3756830096244812,0.3756830096244812,22700042,IMMUTABLE,0.01666562217640566,0.016528274583212977,0.05469721193383927,0.04784164772649245,0.4159670003822871,0.4747274309396744,0.8762228033861936
2025-11-16,0.3683570027351379,0.3849599957466125,0.3569180071353912,0.3819440007209778,28293306,IMMUTABLE,-0.03557327241740249,-0.03622141885073549,0.05132997317525441,0.0478274513586528,0.40540314572198044,0.4704607307910919,0.8617151638571078
2025-11-17,0.3640550076961517,0.4001689851284027,0.3562929928302765,0.368369996547699,39878905,IMMUTABLE,-0.011678874046218368,-0.011747607774854568,0.0371180178375603,0.047754377759261835,0.3904602910791124,0.4659824977318446,0.8379290917141005
2025-11-18,0.3796649873256683,0.3877640068531036,0.355428010225296,0.3640849888324737,30012765,IMMUTABLE,0.04287807968444435,0.04198427530724488,0.036123390649151675,0.04825768461212313,0.38395928910800387,0.4615842640399933,0.8318292433702555
2025-11-19,0.3697009980678558,0.3801139891147613,0.3355160057544708,0.3796649873256683,34971302,IMMUTABLE,-0.02624416153830278,-0.02659468596231997,0.036324519880203576,0.04782018812949531,0.37724100266184124,0.45637913048267365,0.8265956470508748
2025-11-20,0.344978004693985,0.3830730020999908,0.3415459990501404,0.3697240054607391,31800202,IMMUTABLE,-0.06687294192625648,-0.06921390511978855,0.04095477401816982,0.04883512545809462,0.36919757298060824,0.45090256333351136,0.8187967933718092
2025-11-21,0.3140079975128174,0.3503479957580566,0.2996099889278412,0.3449549973011017,42561243,IMMUTABLE,-0.08977386024549527,-0.0940622051188197,0.04697049150364115,0.05102070292863848,0.3603868569646563,0.44475009640057883,0.8103131621135433
2025-11-22,0.3124600052833557,0.315322995185852,0.298442006111145,0.3140079975128174,20057944,IMMUTABLE,-0.004929785998200487,-0.004941977477286914,0.04438973411099629,0.05057379011147509,0.35046057190213886,0.4381757974624634,0.7998172740979864
2025-11-23,0.3065490126609802,0.3214510083198547,0.306547999382019,0.3124600052833557,20050897,IMMUTABLE,-0.01891759752424982,-0.019098824498217384,0.044377015731524645,0.04944063004727283,0.34163085903440205,0.4307100315888723,0.793180641217339
2025-11-24,0.3242419958114624,0.3299649953842163,0.3035750091075897,0.3065429925918579,27658393,IMMUTABLE,0.05771665351944644,0.05611248425906757,0.05435970487098896,0.0509601730692451,0.33594328590801786,0.4235820988814036,0.7931007632172784
2025-11-25,0.3226099908351898,0.3248499929904938,0.3099820017814636,0.3242419958114624,24617295,IMMUTABLE,-0.005033293026056818,-0.005046002711048828,0.048511922883605944,0.04995082916870144,0.32779257212366375,0.41570179760456083,0.7885281565115546
2025-11-26,0.324864000082016,0.3287270069122314,0.3091660141944885,0.3226099908351898,19586761,IMMUTABLE,0.006986793065493435,0.00696249852181487,0.049769620648670534,0.04987732592837882,0.3213872866971152,0.40873219768206276,0.7863028372115429
2025-11-27,0.3166010081768036,0.3266710042953491,0.3155080080032348,0.3248710036277771,19733023,IMMUTABLE,-0.02543523413836657,-0.02576430163581499,0.04485278263609375,0.04988645745207459,0.3173334300518036,0.4019125312566757,0.7895584371544343
2025-11-28,0.3139730095863342,0.3267189860343933,0.3105329871177673,0.3165949881076813,22374387,IMMUTABLE,-0.008300663998523472,-0.008335306346118725,0.026910383541835114,0.04971165193641987,0.3173284317765917,0.3948803653319677,0.8036065087962029
2025-11-29,0.3086769878864288,0.3193620145320892,0.3054719865322113,0.3139730095863342,16775025,IMMUTABLE,-0.016867761043801277,-0.0170116419863293,0.027654987618355744,0.048237596972478286,0.3167880007198879,0.3890296320120494,0.8143030110109352
2025-11-30,0.3044719994068146,0.314734011888504,0.3011989891529083,0.3086749911308288,21233682,IMMUTABLE,-0.013622617313997276,-0.013716256545322804,0.027162335424924536,0.047735255926438,0.31649128454072134,0.3826823651790619,0.8270338885164752
2025-12-01,0.2841649949550628,0.3044719994068146,0.2719219923019409,0.3044719994068146,28485614,IMMUTABLE,-0.06669580286960619,-0.06902408933451573,0.02436656131434804,0.047440578344677686,0.31076599870409277,0.37497769892215727,0.8287586157719892
2025-12-02,0.3051609992980957,0.310149997472763,0.2788360118865967,0.2841629981994629,24338168,IMMUTABLE,0.07388666695682611,0.07128446626983242,0.0421572220483573,0.05025906010303119,0.30827328562736506,0.36814256608486173,0.8373747401877565
2025-12-03,0.3176040053367615,0.3198769986629486,0.3033620119094848,0.3051609992980957,22348288,IMMUTABLE,0.04077521723708499,0.039965836669296304,0.04579101495716072,0.045250876994162914,0.3072361435209001,0.36399799982706704,0.8440599774363208
2025-12-04,0.3004780113697052,0.31768599152565,0.2965840101242065,0.3175950050354004,20133957,IMMUTABLE,-0.05392247477766299,-0.05543076273586854,0.04945093961185211,0.04579802764207192,0.3049328582627432,0.35977003375689187,0.8475771455406875
2025-12-05,0.2868260145187378,0.3042750060558319,0.281944990158081,0.3004780113697052,20421571,IMMUTABLE,-0.04543426252302407,-0.04649876707524175,0.05161887057129588,0.04623591453690109,0.3010547161102295,0.35525833467642465,0.8474247800109609
2025-12-06,0.296434998512268,0.29926198720932,0.2859070003032684,0.2868260145187378,15119373,IMMUTABLE,0.033501089535595385,0.032952154358380704,0.054341219075232296,0.04672319467025266,0.2993058604853494,0.35158890088399253,0.8512949633302161
2025-12-07,0.2838659882545471,0.298905998468399,0.2798880040645599,0.296434998512268,19093153,IMMUTABLE,-0.04240056107005441,-0.04332571065130054,0.056183028759614104,0.043972722671856056,0.29636214460645405,0.34640263418356576,0.8555424103657531
2025-12-08,0.2904509902000427,0.2978120148181915,0.2836689949035644,0.2838749885559082,19121113,IMMUTABLE,0.023197572861707982,0.02293259917423676,0.05055347718977504,0.044483046348630526,0.29726014392716543,0.3417322337627411,0.8698627596644808
2025-12-09,0.3003180027008056,0.3172619938850403,0.2826670110225677,0.2904540002346039,22830568,IMMUTABLE,0.03397135087736203,0.0334070686205342,0.04358958312607469,0.04470014483342119,0.29656828727040974,0.3369993676741918,0.8800262425332782
2025-12-10,0.2907960116863251,0.3097699880599975,0.2870070040225982,0.3003180027008056,24024602,IMMUTABLE,-0.03170636102014468,-0.0322198916521022,0.04034605470851048,0.04276578356098632,0.29273857389177593,0.33107073505719503,0.8842176093915491
2025-12-11,0.283594012260437,0.2907890081405639,0.2726869881153106,0.290787011384964,22139358,IMMUTABLE,-0.02476650000845504,-0.025078349485949322,0.0364149812551935,0.03996196377294721,0.29032657401902334,0.32635146876176196,0.8896131986798658
2025-12-12,0.2696920037269592,0.2847859859466553,0.2615549862384796,0.283594012260437,19870007,IMMUTABLE,-0.04902081120355606,-0.05026310017099524,0.037095206880307326,0.04050968753175567,0.2878788581916264,0.32145023544629414,0.8955627541909932
2025-12-13,0.2774089872837066,0.2811580002307892,0.2696900069713592,0.2696920037269592,12729584,IMMUTABLE,0.02861406141118006,0.02821232470192991,0.03623946527555854,0.04099130888835895,0.2851608565875462,0.3173211346069971,0.8986506900673934
2025-12-14,0.2659049928188324,0.2793489992618561,0.2645139992237091,0.2774089872837066,15982271,IMMUTABLE,-0.04146943679625292,-0.04235383051158576,0.0360897210722025,0.04014557955025575,0.28259500009672983,0.3136618673801422,0.9009542742861985
2025-12-15,0.2534849941730499,0.2744080126285553,0.2464600056409835,0.2659069895744324,21065274,IMMUTABLE,-0.046708407067198365,-0.04783444843180124,0.03544955289108212,0.04031440178117756,0.2773141435214451,0.30937990049521125,0.8963547505108127
2025-12-16,0.2513419985771179,0.2548100054264068,0.2451730072498321,0.2534979879856109,19072338,IMMUTABLE,-0.008454131980960677,-0.008490070852728812,0.027736091575807146,0.04009672278509304,0.27031757150377544,0.30547940035661053,0.8848962358450754
2025-12-17,0.2325530052185058,0.257761001586914,0.2319920063018798,0.2513419985771179,22831299,IMMUTABLE,-0.07475469068034479,-0.07769637736432872,0.034170518944787745,0.041811511537779476,0.2619971420083727,0.30109600027402234,0.8701448766172037
2025-12-18,0.2181950062513351,0.2421000003814697,0.2160550057888031,0.2325530052185058,29402069,IMMUTABLE,-0.06174075864416373,-0.06372899144894141,0.035955144555468686,0.041300182933621414,0.2526544268642153,0.2957136675715446,0.8543887367096024
2025-12-19,0.2273080050945282,0.2307730019092559,0.2147870063781738,0.2181980013847351,23223085,IMMUTABLE,0.04176538684252007,0.04091676139855194,0.045727898725060626,0.042658790066401935,0.24659956991672513,0.29096723447243367,0.8475166297120924
2025-12-20,0.2297589927911758,0.2368219941854477,0.2264360040426254,0.2273080050945282,14699563,IMMUTABLE,0.010782672152827688,0.010724953679016172,0.042753928827160545,0.04172030903442548,0.2397924278463636,0.28712660074234003,0.8351452886162474
2025-12-21,0.2244119942188263,0.2300619930028915,0.2163790017366409,0.2297589927911758,16209399,IMMUTABLE,-0.023272205833567927,-0.02354727971395478,0.042210098137282506,0.03892020593828135,0.23386485661779127,0.284140067299207,0.8230618752248179
2025-12-22,0.2268909960985183,0.2347780019044876,0.2201530039310455,0.2244119942188263,21142696,IMMUTABLE,0.01104665500755142,0.010986086359878586,0.042582578380444915,0.03911663553301306,0.23006571403571535,0.28128776699304575,0.8179015976951577
2025-12-23,0.2278939932584762,0.2298219949007034,0.2212090045213699,0.2268909960985183,17264666,IMMUTABLE,0.004420612440356075,0.004410870233643796,0.04322767184408701,0.03917733423057872,0.22671599899019507,0.2786659330129623,0.8135763009813233
2025-12-24,0.23471599817276,0.2363560050725937,0.2224919945001602,0.2278939932584762,23869437,IMMUTABLE,0.029934992216079648,0.029495685896429067,0.03512588193240537,0.03791219041522086,0.22702499798365997,0.2756817330916722,0.8235039566737181
2025-12-25,0.2270659953355789,0.2413129955530166,0.226853996515274,0.23471599817276,23374416,IMMUTABLE,-0.0325925923104331,-0.03313556130443313,0.02653586733526628,0.038112274569251564,0.22829228213855196,0.2724969332416852,0.8377792712113684
2025-12-26,0.2342019975185394,0.2378100007772445,0.2250670045614242,0.2270659953355789,17697227,IMMUTABLE,0.03142699624580181,0.030943276662744695,0.024520630942835617,0.03876326686262492,0.22927713819912499,0.26947486648956936,0.8508293971378577
2025-12-27,0.2402119934558868,0.2402119934558868,0.2308160066604614,0.2342019975185394,13891807,IMMUTABLE,0.025661591280286444,0.025337859281540556,0.02575299658977997,0.03920814513486897,0.23077042400836942,0.2669285659988721,0.8645400058431533
2025-12-28,0.2356999963521957,0.2434969991445541,0.2338490039110183,0.240214005112648,14567589,IMMUTABLE,-0.018783396444023492,-0.01896204505734416,0.02491015916462751,0.03924800935693239,0.2323829957417079,0.26431946555773417,0.8791747336934195
2025-12-29,0.2256370037794113,0.2449609935283661,0.2255360037088394,0.2356999963521957,21861775,IMMUTABLE,-0.042694071822333646,-0.04363226444724204,0.031213928139102152,0.03972042160582171,0.23220385398183546,0.26155146608750024,0.8877941211927799
2025-12-30,0.2282399982213974,0.2358500063419342,0.224604994058609,0.2256429940462112,16002106,IMMUTABLE,0.011536203718299998,0.011470169094186822,0.031522542246302285,0.03991460849902962,0.2322532832622528,0.25901039938131964,0.8966948192698837
2025-12-31,0.2180410027503967,0.2285739928483963,0.2167969942092895,0.2282399982213974,16566104,IMMUTABLE,-0.04468539936241789,-0.04571456799843182,0.03267610729730049,0.0389328837221173,0.22987114105905807,0.25680626630783077,0.8951149999724467
2026-01-01,0.2543359994888305,0.2543359994888305,0.2157620042562484,0.2180410027503967,22743265,IMMUTABLE,0.16645950202303306,0.15397309436535042,0.06825728836287753,0.046909952231999626,0.23376685593809401,0.25511209964752196,0.9163299438210896
2026-01-02,0.2664850056171417,0.2671670019626617,0.2460599988698959,0.2543590068817138,34732183,IMMUTABLE,0.0477675443221901,0.04666175244275657,0.06907668824251352,0.04715186289408668,0.23837871423789433,0.25340813299020126,0.9406908587543712
2026-01-03,0.2774010002613067,0.2842530012130737,0.2633430063724518,0.2664850056171417,36242961,IMMUTABLE,0.04096288501818357,0.04014613579664922,0.0695480099439024,0.04691461829801102,0.24369142949581143,0.252638899286588,0.9645839583055389
2026-01-04,0.2737999856472015,0.2844710052013397,0.2729809880256653,0.2773979902267456,26273414,IMMUTABLE,-0.012981260380146908,-0.013066253285275555,0.06902328556422338,0.04622952554836505,0.24913428510938368,0.25220469832420345,0.9878257096904959
2026-01-05,0.2837137877941131,0.2837137877941131,0.2675625681877136,0.2738243043422699,35867940,IMMUTABLE,0.0362081908933547,0.035568080109013536,0.06279578298964297,0.04629926014467447,0.25743096854005537,0.2517806579669316,1.0224414004584335
