Date,Close,High,Low,Open,Volume,asset,return,log_return,vol_7d,vol_30d,ma_7,ma_30,ma_ratio
2023-04-17,0.0,,,,46385210,PEPE,,,,,,,
2023-04-18,0.0,,,,73954201,PEPE,,,,,,,
2023-04-19,0.0,,,,170056322,PEPE,,,,,,,
2023-04-20,0.0,,,,120513516,PEPE,,,,,,,
2023-04-21,0.0,,,,98777429,PEPE,,,,,,,
2023-04-22,0.0,,,,72899501,PEPE,,,,,,,
2023-04-23,0.0,,,,65664906,PEPE,,,,,0.0,,
2023-04-24,0.0,,,,43179311,PEPE,,,,,0.0,,
2023-04-25,0.0,,,,40308160,PEPE,,,,,0.0,,
2023-04-26,0.0,,,,43065359,PEPE,,,,,0.0,,
2023-04-27,0.0,,,,35108817,PEPE,,,,,0.0,,
2023-04-28,0.0,,,,38448735,PEPE,,,,,0.0,,
2023-04-29,0.0,,,,71195106,PEPE,,,,,0.0,,
2023-04-30,9.999999974752427e-07,9.999999974752427e-07,0.0,0.0,253721222,PEPE,inf,inf,,,1.4285714249646325e-07,,
2023-05-01,9.999999974752427e-07,9.999999974752427e-07,9.999999974752427e-07,9.999999974752427e-07,522825244,PEPE,0.0,0.0,,,2.857142849929265e-07,,
2023-05-02,9.999999974752427e-07,9.999999974752427e-07,9.999999974752427e-07,9.999999974752427e-07,316033773,PEPE,0.0,0.0,,,4.285714274893897e-07,,
2023-05-03,9.999999974752427e-07,9.999999974752427e-07,9.999999974752427e-07,9.999999974752427e-07,245371458,PEPE,0.0,0.0,,,5.71428569985853e-07,,
2023-05-04,1.999999994950485e-06,1.999999994950485e-06,9.999999974752427e-07,9.999999974752427e-07,509285548,PEPE,0.9999999999999996,0.6931471805599451,,,8.571428549787794e-07,,
2023-05-05,3.999999989900971e-06,3.999999989900971e-06,1.999999994950485e-06,1.999999994950485e-06,2429515589,PEPE,1.0000000000000004,0.6931471805599455,,,1.4285714249646325e-06,,
2023-05-06,3.000000106112566e-06,3.999999989900971e-06,1.999999994950485e-06,3.999999989900971e-06,1690417724,PEPE,-0.24999997157829046,-0.2876820345561689,,,1.857142868694999e-06,,
2023-05-07,3.000000106112566e-06,3.000000106112566e-06,1.999999994950485e-06,3.000000106112566e-06,893087775,PEPE,0.0,0.0,0.3810611693747851,,2.1428571699289023e-06,,
2023-05-08,1.999999994950485e-06,3.000000106112566e-06,1.999999994950485e-06,3.000000106112566e-06,1251218397,PEPE,-0.33333335859707425,-0.4054651460037765,0.43578144763577414,,2.2857143124253654e-06,,
2023-05-09,1.999999994950485e-06,1.999999994950485e-06,1.999999994950485e-06,1.999999994950485e-06,601225991,PEPE,0.0,0.0,0.43578144763577414,,2.428571454921829e-06,,
2023-05-10,1.999999994950485e-06,1.999999994950485e-06,1.999999994950485e-06,1.999999994950485e-06,477052759,PEPE,0.0,0.0,0.43578144763577414,,2.571428597418292e-06,,
2023-05-11,9.999999974752427e-07,1.999999994950485e-06,9.999999974752427e-07,1.999999994950485e-06,623872068,PEPE,-0.4999999999999999,-0.6931471805599451,0.43578144763577414,,2.428571454921829e-06,,
2023-05-12,1.999999994950485e-06,1.999999994950485e-06,9.999999974752427e-07,9.999999974752427e-07,965324271,PEPE,0.9999999999999996,0.6931471805599451,0.4357814476357741,,2.142857169928902e-06,,
2023-05-13,1.999999994950485e-06,1.999999994950485e-06,1.999999994950485e-06,1.999999994950485e-06,1067024454,PEPE,0.0,0.0,0.42852888169038206,,2.000000011191462e-06,,
2023-05-14,1.999999994950485e-06,1.999999994950485e-06,1.999999994950485e-06,1.999999994950485e-06,437841534,PEPE,0.0,0.0,0.42852888169038206,,1.8571428524540217e-06,,
2023-05-15,1.999999994950485e-06,1.999999994950485e-06,1.999999994950485e-06,1.999999994950485e-06,387403557,PEPE,0.0,0.0,0.40018871128431444,,1.8571428524540217e-06,,
2023-05-16,1.999999994950485e-06,1.999999994950485e-06,1.999999994950485e-06,1.999999994950485e-06,293661402,PEPE,0.0,0.0,0.40018871128431444,,1.8571428524540217e-06,1.1000000048018895e-06,1.6883116766790323
2023-05-17,1.999999994950485e-06,1.999999994950485e-06,9.999999974752427e-07,1.999999994950485e-06,324295149,PEPE,0.0,0.0,0.40018871128431444,,1.857142852454022e-06,1.1666666713002388e-06,1.5918367243526843
2023-05-18,1.999999994950485e-06,1.999999994950485e-06,1.999999994950485e-06,1.999999994950485e-06,264828031,PEPE,0.0,0.0,0.2619850088181714,,1.999999994950485e-06,1.2333333377985882e-06,1.6216216116563766
2023-05-19,1.999999994950485e-06,1.999999994950485e-06,9.999999974752427e-07,1.999999994950485e-06,170540893,PEPE,0.0,0.0,0.0,,1.999999994950485e-06,1.3000000042969378e-06,1.5384615294921626
2023-05-20,1.999999994950485e-06,1.999999994950485e-06,1.999999994950485e-06,1.999999994950485e-06,352419611,PEPE,0.0,0.0,0.0,,1.999999994950485e-06,1.3666666707952873e-06,1.4634146260306837
2023-05-21,1.999999994950485e-06,1.999999994950485e-06,1.999999994950485e-06,1.999999994950485e-06,239217602,PEPE,0.0,0.0,0.0,,1.999999994950485e-06,1.433333337293637e-06,1.3953488298310326
2023-05-22,1.999999994950485e-06,1.999999994950485e-06,1.999999994950485e-06,1.999999994950485e-06,159576024,PEPE,0.0,0.0,0.0,,1.999999994950485e-06,1.5000000037919863e-06,1.3333333265963354
2023-05-23,1.999999994950485e-06,1.999999994950485e-06,1.999999994950485e-06,1.999999994950485e-06,187373544,PEPE,0.0,0.0,0.0,,1.999999994950485e-06,1.5666666702903358e-06,1.2765957385050155
2023-05-24,9.999999974752427e-07,1.999999994950485e-06,9.999999974752427e-07,1.999999994950485e-06,272217323,PEPE,-0.4999999999999999,-0.6931471805599451,0.2619850088181714,,1.8571428524540217e-06,1.6000000035395107e-06,1.1607142802160382
2023-05-25,9.999999974752427e-07,9.999999974752427e-07,9.999999974752427e-07,9.999999974752427e-07,187085444,PEPE,0.0,0.0,0.2619850088181714,,1.7142857099575584e-06,1.6333333367886854e-06,1.0495626773454796
2023-05-26,9.999999974752427e-07,9.999999974752427e-07,9.999999974752427e-07,9.999999974752427e-07,158409795,PEPE,0.0,0.0,0.2619850088181714,,1.5714285674610954e-06,1.6666666700378601e-06,0.9428571385695249
2023-05-27,1.999999994950485e-06,1.999999994950485e-06,9.999999974752427e-07,9.999999974752427e-07,115993075,PEPE,0.9999999999999996,0.6931471805599451,0.40018871128431444,,1.5714285674610954e-06,1.7333333365362096e-06,0.9065934026292628
2023-05-28,9.999999974752427e-07,1.999999994950485e-06,9.999999974752427e-07,1.999999994950485e-06,124443751,PEPE,-0.4999999999999999,-0.6931471805599451,0.4783169968596743,,1.4285714249646321e-06,1.7666666697853845e-06,0.8086253334581648
2023-05-29,9.999999974752427e-07,1.999999994950485e-06,9.999999974752427e-07,9.999999974752427e-07,98903327,PEPE,0.0,0.0,0.4783169968596743,,1.2857142824681693e-06,1.8000000030345592e-06,0.7142857112781261
2023-05-30,9.999999974752427e-07,9.999999974752427e-07,9.999999974752427e-07,9.999999974752427e-07,139672482,PEPE,0.0,0.0,0.4783169968596743,0.3528374655148648,1.142857139971706e-06,1.8000000030345592e-06,0.6349206322472232
2023-05-31,9.999999974752427e-07,9.999999974752427e-07,9.999999974752427e-07,9.999999974752427e-07,145835529,PEPE,0.0,0.0,0.40018871128431444,0.3528374655148648,1.142857139971706e-06,1.8000000030345592e-06,0.6349206322472232
2023-06-01,9.999999974752427e-07,9.999999974752427e-07,9.999999974752427e-07,9.999999974752427e-07,134054383,PEPE,0.0,0.0,0.40018871128431444,0.3528374655148648,1.142857139971706e-06,1.8000000030345592e-06,0.6349206322472232
2023-06-02,9.999999974752427e-07,9.999999974752427e-07,9.999999974752427e-07,9.999999974752427e-07,81705724,PEPE,0.0,0.0,0.40018871128431444,0.3528374655148648,1.142857139971706e-06,1.8000000030345592e-06,0.6349206322472232
2023-06-03,9.999999974752427e-07,9.999999974752427e-07,9.999999974752427e-07,9.999999974752427e-07,99347974,PEPE,0.0,0.0,0.2619850088181714,0.32768076983528505,9.999999974752427e-07,1.7666666697853845e-06,0.5660377334207155
2023-06-04,9.999999974752427e-07,9.999999974752427e-07,9.999999974752427e-07,9.999999974752427e-07,80055102,PEPE,0.0,0.0,0.0,0.298580989149625,9.999999974752427e-07,1.6666666700378601e-06,0.599999997271516
2023-06-05,9.999999974752427e-07,9.999999974752427e-07,9.999999974752427e-07,9.999999974752427e-07,199417484,PEPE,0.0,0.0,0.0,0.2951583689112582,9.999999974752427e-07,1.5999999997499494e-06,0.6249999985197027
2023-06-06,9.999999974752427e-07,9.999999974752427e-07,9.999999974752427e-07,9.999999974752427e-07,266713275,PEPE,0.0,0.0,0.0,0.2951583689112582,9.999999974752427e-07,1.5333333294620386e-06,0.6521739130434784
2023-06-07,9.999999974752427e-07,9.999999974752427e-07,9.999999974752427e-07,9.999999974752427e-07,169068661,PEPE,0.0,0.0,0.0,0.28685271777348864,9.999999974752427e-07,1.4999999962128639e-06,0.6666666666666667
2023-06-08,9.999999974752427e-07,9.999999974752427e-07,9.999999974752427e-07,9.999999974752427e-07,110836939,PEPE,0.0,0.0,0.0,0.28685271777348864,9.999999974752427e-07,1.4666666629636891e-06,0.6818181818181819
2023-06-09,9.999999974752427e-07,9.999999974752427e-07,9.999999974752427e-07,9.999999974752427e-07,159479450,PEPE,0.0,0.0,0.0,0.28685271777348864,9.999999974752427e-07,1.4333333297145144e-06,0.6976744186046512
2023-06-10,9.999999974752427e-07,9.999999974752427e-07,9.999999974752427e-07,9.999999974752427e-07,242698121,PEPE,0.0,0.0,0.0,0.25742840020109803,9.999999974752427e-07,1.4333333297145144e-06,0.6976744186046512
2023-06-11,9.999999974752427e-07,9.999999974752427e-07,9.999999974752427e-07,9.999999974752427e-07,105050327,PEPE,0.0,0.0,0.0,0.22169752158963885,9.999999974752427e-07,1.3999999964653395e-06,0.7142857142857144
2023-06-12,9.999999974752427e-07,9.999999974752427e-07,9.999999974752427e-07,9.999999974752427e-07,105431844,PEPE,0.0,0.0,0.0,0.22169752158963885,9.999999974752427e-07,1.3666666632161648e-06,0.7317073170731708
2023-06-13,9.999999974752427e-07,9.999999974752427e-07,9.999999974752427e-07,9.999999974752427e-07,130363904,PEPE,0.0,0.0,0.0,0.22169752158963885,9.999999974752427e-07,1.33333332996699e-06,0.7500000000000001
2023-06-14,9.999999974752427e-07,9.999999974752427e-07,9.999999974752427e-07,9.999999974752427e-07,108476800,PEPE,0.0,0.0,0.0,0.22169752158963885,9.999999974752427e-07,1.2999999967178154e-06,0.7692307692307694
2023-06-15,9.999999974752427e-07,9.999999974752427e-07,9.999999974752427e-07,9.999999974752427e-07,111769400,PEPE,0.0,0.0,0.0,0.22169752158963885,9.999999974752427e-07,1.2666666634686408e-06,0.7894736842105262
2023-06-16,9.999999974752427e-07,9.999999974752427e-07,9.999999974752427e-07,9.999999974752427e-07,193014984,PEPE,0.0,0.0,0.0,0.22169752158963885,9.999999974752427e-07,1.233333330219466e-06,0.8108108108108109
2023-06-17,9.999999974752427e-07,9.999999974752427e-07,9.999999974752427e-07,9.999999974752427e-07,144988974,PEPE,0.0,0.0,0.0,0.22169752158963885,9.999999974752427e-07,1.1999999969702912e-06,0.8333333333333334
2023-06-18,9.999999974752427e-07,9.999999974752427e-07,9.999999974752427e-07,9.999999974752427e-07,82005737,PEPE,0.0,0.0,0.0,0.22169752158963885,9.999999974752427e-07,1.1666666637211165e-06,0.8571428571428571
2023-06-19,9.999999974752427e-07,9.999999974752427e-07,9.999999974752427e-07,9.999999974752427e-07,80774470,PEPE,0.0,0.0,0.0,0.22169752158963885,9.999999974752427e-07,1.1333333304719418e-06,0.8823529411764706
2023-06-20,9.999999974752427e-07,9.999999974752427e-07,9.999999974752427e-07,9.999999974752427e-07,134239390,PEPE,0.0,0.0,0.0,0.22169752158963885,9.999999974752427e-07,1.099999997222767e-06,0.9090909090909091
2023-06-21,9.999999974752427e-07,9.999999974752427e-07,9.999999974752427e-07,9.999999974752427e-07,551611626,PEPE,0.0,0.0,0.0,0.22169752158963885,9.999999974752427e-07,1.0666666639735921e-06,0.9375000000000001
2023-06-22,1.999999994950485e-06,1.999999994950485e-06,9.999999974752427e-07,9.999999974752427e-07,842548593,PEPE,0.9999999999999996,0.6931471805599451,0.2619850088181714,0.25742840020109803,1.142857139971706e-06,1.0666666639735921e-06,1.0714285714285716
2023-06-23,1.999999994950485e-06,1.999999994950485e-06,9.999999974752427e-07,1.999999994950485e-06,498499337,PEPE,0.0,0.0,0.2619850088181714,0.22169752158963885,1.2857142824681693e-06,1.099999997222767e-06,1.1688311688311688
2023-06-24,1.999999994950485e-06,1.999999994950485e-06,1.999999994950485e-06,1.999999994950485e-06,379311581,PEPE,0.0,0.0,0.2619850088181714,0.22169752158963885,1.4285714249646321e-06,1.1333333304719418e-06,1.260504201680672
2023-06-25,1.999999994950485e-06,1.999999994950485e-06,1.999999994950485e-06,1.999999994950485e-06,277437479,PEPE,0.0,0.0,0.2619850088181714,0.22169752158963885,1.5714285674610954e-06,1.1666666637211165e-06,1.3469387755102038
2023-06-26,1.999999994950485e-06,1.999999994950485e-06,9.999999974752427e-07,1.999999994950485e-06,219719768,PEPE,0.0,0.0,0.2619850088181714,0.18202936745220083,1.7142857099575587e-06,1.1666666637211165e-06,1.4693877551020407
2023-06-27,1.999999994950485e-06,1.999999994950485e-06,9.999999974752427e-07,1.999999994950485e-06,205539951,PEPE,0.0,0.0,0.2619850088181714,0.1265507821545961,1.8571428524540217e-06,1.1999999969702912e-06,1.5476190476190472
2023-06-28,9.999999974752427e-07,1.999999994950485e-06,9.999999974752427e-07,1.999999994950485e-06,176634682,PEPE,-0.4999999999999999,-0.6931471805599451,0.40018871128431444,0.18202936745220083,1.8571428524540217e-06,1.1999999969702912e-06,1.5476190476190472
2023-06-29,1.999999994950485e-06,1.999999994950485e-06,9.999999974752427e-07,9.999999974752427e-07,196569036,PEPE,0.9999999999999996,0.6931471805599451,0.40018871128431444,0.22169752158963885,1.8571428524540217e-06,1.233333330219466e-06,1.5057915057915054
2023-06-30,1.999999994950485e-06,1.999999994950485e-06,1.999999994950485e-06,1.999999994950485e-06,392079917,PEPE,0.0,0.0,0.40018871128431444,0.22169752158963885,1.8571428524540217e-06,1.2666666634686408e-06,1.4661654135338342
2023-07-01,1.999999994950485e-06,1.999999994950485e-06,1.999999994950485e-06,1.999999994950485e-06,117201200,PEPE,0.0,0.0,0.40018871128431444,0.22169752158963885,1.857142852454022e-06,1.2999999967178154e-06,1.4285714285714286
2023-07-02,1.999999994950485e-06,1.999999994950485e-06,1.999999994950485e-06,1.999999994950485e-06,103059603,PEPE,0.0,0.0,0.40018871128431444,0.22169752158963885,1.8571428524540217e-06,1.33333332996699e-06,1.3928571428571428
2023-07-03,1.999999994950485e-06,1.999999994950485e-06,1.999999994950485e-06,1.999999994950485e-06,360559376,PEPE,0.0,0.0,0.40018871128431444,0.22169752158963885,1.8571428524540217e-06,1.3666666632161648e-06,1.3588850174216027
2023-07-04,1.999999994950485e-06,1.999999994950485e-06,1.999999994950485e-06,1.999999994950485e-06,194354859,PEPE,0.0,0.0,0.40018871128431444,0.22169752158963885,1.8571428524540217e-06,1.3999999964653395e-06,1.3265306122448979
2023-07-05,1.999999994950485e-06,1.999999994950485e-06,1.999999994950485e-06,1.999999994950485e-06,145473644,PEPE,0.0,0.0,0.2619850088181714,0.22169752158963885,1.999999994950485e-06,1.4333333297145144e-06,1.3953488372093021
2023-07-06,1.999999994950485e-06,1.999999994950485e-06,1.999999994950485e-06,1.999999994950485e-06,208171173,PEPE,0.0,0.0,0.0,0.22169752158963885,1.999999994950485e-06,1.4666666629636891e-06,1.3636363636363635
2023-07-07,1.999999994950485e-06,1.999999994950485e-06,1.999999994950485e-06,1.999999994950485e-06,139320903,PEPE,0.0,0.0,0.0,0.22169752158963885,1.999999994950485e-06,1.4999999962128639e-06,1.3333333333333333
2023-07-08,1.999999994950485e-06,1.999999994950485e-06,1.999999994950485e-06,1.999999994950485e-06,73326110,PEPE,0.0,0.0,0.0,0.22169752158963885,1.999999994950485e-06,1.5333333294620386e-06,1.3043478260869565
2023-07-09,1.999999994950485e-06,1.999999994950485e-06,1.999999994950485e-06,1.999999994950485e-06,66710228,PEPE,0.0,0.0,0.0,0.22169752158963885,1.999999994950485e-06,1.5666666627112133e-06,1.2765957446808511
2023-07-10,1.999999994950485e-06,1.999999994950485e-06,9.999999974752427e-07,1.999999994950485e-06,148942043,PEPE,0.0,0.0,0.0,0.22169752158963885,1.999999994950485e-06,1.5999999959603882e-06,1.2499999999999998
2023-07-11,1.999999994950485e-06,1.999999994950485e-06,9.999999974752427e-07,1.999999994950485e-06,75055760,PEPE,0.0,0.0,0.0,0.22169752158963885,1.999999994950485e-06,1.633333329209563e-06,1.2244897959183672
2023-07-12,1.999999994950485e-06,1.999999994950485e-06,9.999999974752427e-07,1.999999994950485e-06,95877692,PEPE,0.0,0.0,0.0,0.22169752158963885,1.999999994950485e-06,1.6666666624587376e-06,1.2
2023-07-13,1.999999994950485e-06,1.999999994950485e-06,9.999999974752427e-07,1.999999994950485e-06,225527090,PEPE,0.0,0.0,0.0,0.22169752158963885,1.999999994950485e-06,1.6999999957079123e-06,1.176470588235294
2023-07-14,1.999999994950485e-06,1.999999994950485e-06,1.999999994950485e-06,1.999999994950485e-06,346736336,PEPE,0.0,0.0,0.0,0.22169752158963885,1.999999994950485e-06,1.733333328957087e-06,1.1538461538461537
2023-07-15,1.999999994950485e-06,1.999999994950485e-06,1.999999994950485e-06,1.999999994950485e-06,113033487,PEPE,0.0,0.0,0.0,0.22169752158963885,1.999999994950485e-06,1.766666662206262e-06,1.132075471698113
2023-07-16,1.999999994950485e-06,1.999999994950485e-06,1.999999994950485e-06,1.999999994950485e-06,74587958,PEPE,0.0,0.0,0.0,0.22169752158963885,1.999999994950485e-06,1.7999999954554365e-06,1.1111111111111112
2023-07-17,1.999999994950485e-06,1.999999994950485e-06,1.999999994950485e-06,1.999999994950485e-06,110080507,PEPE,0.0,0.0,0.0,0.22169752158963885,1.999999994950485e-06,1.8333333287046112e-06,1.0909090909090908
2023-07-18,1.999999994950485e-06,1.999999994950485e-06,9.999999974752427e-07,1.999999994950485e-06,81802953,PEPE,0.0,0.0,0.0,0.22169752158963885,1.999999994950485e-06,1.866666661953786e-06,1.0714285714285714
2023-07-19,1.999999994950485e-06,1.999999994950485e-06,1.999999994950485e-06,1.999999994950485e-06,74859202,PEPE,0.0,0.0,0.0,0.22169752158963885,1.999999994950485e-06,1.8999999952029606e-06,1.0526315789473686
2023-07-20,1.999999994950485e-06,1.999999994950485e-06,9.999999974752427e-07,1.999999994950485e-06,78008576,PEPE,0.0,0.0,0.0,0.22169752158963885,1.999999994950485e-06,1.9333333284521356e-06,1.0344827586206897
2023-07-21,1.999999994950485e-06,1.999999994950485e-06,9.999999974752427e-07,1.999999994950485e-06,74795600,PEPE,0.0,0.0,0.0,0.22169752158963885,1.999999994950485e-06,1.96666666170131e-06,1.016949152542373
2023-07-22,9.999999974752427e-07,1.999999994950485e-06,9.999999974752427e-07,1.999999994950485e-06,44181478,PEPE,-0.4999999999999999,-0.6931471805599451,0.2619850088181714,0.22169752158963885,1.857142852454022e-06,1.9333333284521356e-06,0.9605911330049262
2023-07-23,1.999999994950485e-06,1.999999994950485e-06,9.999999974752427e-07,9.999999974752427e-07,48294535,PEPE,0.9999999999999996,0.6931471805599451,0.40018871128431444,0.25742840020109803,1.8571428524540217e-06,1.9333333284521356e-06,0.960591133004926
2023-07-24,9.999999974752427e-07,1.999999994950485e-06,9.999999974752427e-07,1.999999994950485e-06,110787686,PEPE,-0.4999999999999999,-0.6931471805599451,0.4783169968596743,0.28685271777348864,1.7142857099575584e-06,1.8999999952029606e-06,0.9022556390977443
2023-07-25,9.999999974752427e-07,9.999999974752427e-07,9.999999974752427e-07,9.999999974752427e-07,73213950,PEPE,0.0,0.0,0.4783169968596743,0.28685271777348864,1.5714285674610952e-06,1.866666661953786e-06,0.8418367346938774
2023-07-26,9.999999974752427e-07,9.999999974752427e-07,9.999999974752427e-07,9.999999974752427e-07,135067098,PEPE,0.0,0.0,0.4783169968596743,0.28685271777348864,1.4285714249646325e-06,1.8333333287046112e-06,0.7792207792207795
2023-07-27,9.999999974752427e-07,9.999999974752427e-07,9.999999974752427e-07,9.999999974752427e-07,116069178,PEPE,0.0,0.0,0.4783169968596743,0.28685271777348864,1.2857142824681693e-06,1.7999999954554365e-06,0.7142857142857145
2023-07-28,9.999999974752427e-07,9.999999974752427e-07,9.999999974752427e-07,9.999999974752427e-07,84510277,PEPE,0.0,0.0,0.4783169968596743,0.25742840020109803,1.142857139971706e-06,1.7999999954554365e-06,0.6349206349206351
2023-07-29,9.999999974752427e-07,9.999999974752427e-07,9.999999974752427e-07,9.999999974752427e-07,41457816,PEPE,0.0,0.0,0.40018871128431444,0.22169752158963885,1.142857139971706e-06,1.7666666622062616e-06,0.6469002695417791
2023-07-30,9.999999974752427e-07,9.999999974752427e-07,9.999999974752427e-07,9.999999974752427e-07,73396031,PEPE,0.0,0.0,0.2619850088181714,0.22169752158963885,9.999999974752427e-07,1.7333333289570869e-06,0.5769230769230771
2023-07-31,9.999999974752427e-07,9.999999974752427e-07,9.999999974752427e-07,9.999999974752427e-07,67263976,PEPE,0.0,0.0,0.0,0.22169752158963885,9.999999974752427e-07,1.6999999957079123e-06,0.5882352941176472
2023-08-01,9.999999974752427e-07,9.999999974752427e-07,9.999999974752427e-07,9.999999974752427e-07,99200184,PEPE,0.0,0.0,0.0,0.22169752158963885,9.999999974752427e-07,1.6666666624587376e-06,0.6000000000000001
2023-08-02,9.999999974752427e-07,9.999999974752427e-07,9.999999974752427e-07,9.999999974752427e-07,103109496,PEPE,0.0,0.0,0.0,0.22169752158963885,9.999999974752427e-07,1.633333329209563e-06,0.6122448979591837
2023-08-03,9.999999974752427e-07,9.999999974752427e-07,9.999999974752427e-07,9.999999974752427e-07,53071147,PEPE,0.0,0.0,0.0,0.22169752158963885,9.999999974752427e-07,1.5999999959603882e-06,0.625
2023-08-04,9.999999974752427e-07,9.999999974752427e-07,9.999999974752427e-07,9.999999974752427e-07,67467382,PEPE,0.0,0.0,0.0,0.22169752158963885,9.999999974752427e-07,1.5666666627112133e-06,0.6382978723404257
2023-08-05,9.999999974752427e-07,9.999999974752427e-07,9.999999974752427e-07,9.999999974752427e-07,61621391,PEPE,0.0,0.0,0.0,0.22169752158963885,9.999999974752427e-07,1.5333333294620386e-06,0.6521739130434784
2023-08-06,9.999999974752427e-07,9.999999974752427e-07,9.999999974752427e-07,9.999999974752427e-07,56984252,PEPE,0.0,0.0,0.0,0.22169752158963885,9.999999974752427e-07,1.4999999962128639e-06,0.6666666666666667
2023-08-07,9.999999974752427e-07,9.999999974752427e-07,9.999999974752427e-07,9.999999974752427e-07,95085484,PEPE,0.0,0.0,0.0,0.22169752158963885,9.999999974752427e-07,1.4666666629636891e-06,0.6818181818181819
2023-08-08,9.999999974752427e-07,9.999999974752427e-07,9.999999974752427e-07,9.999999974752427e-07,138388282,PEPE,0.0,0.0,0.0,0.22169752158963885,9.999999974752427e-07,1.4333333297145144e-06,0.6976744186046512
2023-08-09,9.999999974752427e-07,9.999999974752427e-07,9.999999974752427e-07,9.999999974752427e-07,171125150,PEPE,0.0,0.0,0.0,0.22169752158963885,9.999999974752427e-07,1.3999999964653395e-06,0.7142857142857144
2023-08-10,9.999999974752427e-07,9.999999974752427e-07,9.999999974752427e-07,9.999999974752427e-07,71988197,PEPE,0.0,0.0,0.0,0.22169752158963885,9.999999974752427e-07,1.3666666632161648e-06,0.7317073170731708
2023-08-11,9.999999974752427e-07,9.999999974752427e-07,9.999999974752427e-07,9.999999974752427e-07,57951475,PEPE,0.0,0.0,0.0,0.22169752158963885,9.999999974752427e-07,1.33333332996699e-06,0.7500000000000001
2023-08-12,9.999999974752427e-07,9.999999974752427e-07,9.999999974752427e-07,9.999999974752427e-07,110680126,PEPE,0.0,0.0,0.0,0.22169752158963885,9.999999974752427e-07,1.2999999967178154e-06,0.7692307692307694
2023-08-13,9.999999974752427e-07,9.999999974752427e-07,9.999999974752427e-07,9.999999974752427e-07,109105674,PEPE,0.0,0.0,0.0,0.22169752158963885,9.999999974752427e-07,1.2666666634686406e-06,0.7894736842105264
2023-08-14,9.999999974752427e-07,9.999999974752427e-07,9.999999974752427e-07,9.999999974752427e-07,140248713,PEPE,0.0,0.0,0.0,0.22169752158963885,9.999999974752427e-07,1.2333333302194657e-06,0.810810810810811
2023-08-15,9.999999974752427e-07,9.999999974752427e-07,9.999999974752427e-07,9.999999974752427e-07,118563480,PEPE,0.0,0.0,0.0,0.22169752158963885,9.999999974752427e-07,1.1999999969702912e-06,0.8333333333333334
2023-08-16,9.999999974752427e-07,9.999999974752427e-07,9.999999974752427e-07,9.999999974752427e-07,122498619,PEPE,0.0,0.0,0.0,0.22169752158963885,9.999999974752427e-07,1.1666666637211165e-06,0.8571428571428571
2023-08-17,9.999999974752427e-07,9.999999974752427e-07,9.999999974752427e-07,9.999999974752427e-07,178381357,PEPE,0.0,0.0,0.0,0.22169752158963885,9.999999974752427e-07,1.1333333304719418e-06,0.8823529411764706
2023-08-18,9.999999974752427e-07,9.999999974752427e-07,9.999999974752427e-07,9.999999974752427e-07,99489304,PEPE,0.0,0.0,0.0,0.22169752158963885,9.999999974752427e-07,1.099999997222767e-06,0.9090909090909091
2023-08-19,9.999999974752427e-07,9.999999974752427e-07,9.999999974752427e-07,9.999999974752427e-07,73075004,PEPE,0.0,0.0,0.0,0.22169752158963885,9.999999974752427e-07,1.0666666639735921e-06,0.9375000000000001
2023-08-20,9.999999974752427e-07,9.999999974752427e-07,9.999999974752427e-07,9.999999974752427e-07,45399263,PEPE,0.0,0.0,0.0,0.22169752158963885,9.999999974752427e-07,1.0333333307244174e-06,0.967741935483871
2023-08-21,9.999999974752427e-07,9.999999974752427e-07,9.999999974752427e-07,9.999999974752427e-07,69132484,PEPE,0.0,0.0,0.0,0.18202936745220083,9.999999974752427e-07,1.0333333307244174e-06,0.967741935483871
2023-08-22,9.999999974752427e-07,9.999999974752427e-07,9.999999974752427e-07,9.999999974752427e-07,73705766,PEPE,0.0,0.0,0.0,0.1265507821545961,9.999999974752427e-07,9.999999974752427e-07,1.0
2023-08-23,9.999999974752427e-07,9.999999974752427e-07,9.999999974752427e-07,9.999999974752427e-07,85407088,PEPE,0.0,0.0,0.0,0.0,9.999999974752427e-07,9.999999974752427e-07,1.0
2023-08-24,9.999999974752427e-07,9.999999974752427e-07,9.999999974752427e-07,9.999999974752427e-07,157649664,PEPE,0.0,0.0,0.0,0.0,9.999999974752427e-07,9.999999974752427e-07,1.0
2023-08-25,9.999999974752427e-07,9.999999974752427e-07,9.999999974752427e-07,9.999999974752427e-07,275837423,PEPE,0.0,0.0,0.0,0.0,9.999999974752427e-07,9.999999974752427e-07,1.0
2023-08-26,9.999999974752427e-07,9.999999974752427e-07,9.999999974752427e-07,9.999999974752427e-07,141361912,PEPE,0.0,0.0,0.0,0.0,9.999999974752427e-07,9.999999974752427e-07,1.0
2023-08-27,9.999999974752427e-07,9.999999974752427e-07,9.999999974752427e-07,9.999999974752427e-07,77823495,PEPE,0.0,0.0,0.0,0.0,9.999999974752427e-07,9.999999974752427e-07,1.0
2023-08-28,9.999999974752427e-07,9.999999974752427e-07,9.999999974752427e-07,9.999999974752427e-07,72984038,PEPE,0.0,0.0,0.0,0.0,9.999999974752427e-07,9.999999974752427e-07,1.0
2023-08-29,9.999999974752427e-07,9.999999974752427e-07,9.999999974752427e-07,9.999999974752427e-07,132241005,PEPE,0.0,0.0,0.0,0.0,9.999999974752427e-07,9.999999974752427e-07,1.0
2023-08-30,9.999999974752427e-07,9.999999974752427e-07,9.999999974752427e-07,9.999999974752427e-07,60592480,PEPE,0.0,0.0,0.0,0.0,9.999999974752427e-07,9.999999974752427e-07,1.0
2023-08-31,9.999999974752427e-07,9.999999974752427e-07,9.999999974752427e-07,9.999999974752427e-07,74246172,PEPE,0.0,0.0,0.0,0.0,9.999999974752427e-07,9.999999974752427e-07,1.0
2023-09-01,9.999999974752427e-07,9.999999974752427e-07,9.999999974752427e-07,9.999999974752427e-07,70362719,PEPE,0.0,0.0,0.0,0.0,9.999999974752427e-07,9.999999974752427e-07,1.0
2023-09-02,9.999999974752427e-07,9.999999974752427e-07,9.999999974752427e-07,9.999999974752427e-07,49207490,PEPE,0.0,0.0,0.0,0.0,9.999999974752427e-07,9.999999974752427e-07,1.0
2023-09-03,9.999999974752427e-07,9.999999974752427e-07,9.999999974752427e-07,9.999999974752427e-07,38211010,PEPE,0.0,0.0,0.0,0.0,9.999999974752427e-07,9.999999974752427e-07,1.0
2023-09-04,9.999999974752427e-07,9.999999974752427e-07,9.999999974752427e-07,9.999999974752427e-07,49141799,PEPE,0.0,0.0,0.0,0.0,9.999999974752427e-07,9.999999974752427e-07,1.0
2023-09-05,9.999999974752427e-07,9.999999974752427e-07,9.999999974752427e-07,9.999999974752427e-07,40106080,PEPE,0.0,0.0,0.0,0.0,9.999999974752427e-07,9.999999974752427e-07,1.0
2023-09-06,9.999999974752427e-07,9.999999974752427e-07,9.999999974752427e-07,9.999999974752427e-07,47706929,PEPE,0.0,0.0,0.0,0.0,9.999999974752427e-07,9.999999974752427e-07,1.0
2023-09-07,9.999999974752427e-07,9.999999974752427e-07,9.999999974752427e-07,9.999999974752427e-07,38488227,PEPE,0.0,0.0,0.0,0.0,9.999999974752427e-07,9.999999974752427e-07,1.0
2023-09-08,9.999999974752427e-07,9.999999974752427e-07,9.999999974752427e-07,9.999999974752427e-07,40983041,PEPE,0.0,0.0,0.0,0.0,9.999999974752427e-07,9.999999974752427e-07,1.0
2023-09-09,9.999999974752427e-07,9.999999974752427e-07,9.999999974752427e-07,9.999999974752427e-07,21665036,PEPE,0.0,0.0,0.0,0.0,9.999999974752427e-07,9.999999974752427e-07,1.0
2023-09-10,9.999999974752427e-07,9.999999974752427e-07,9.999999974752427e-07,9.999999974752427e-07,66918040,PEPE,0.0,0.0,0.0,0.0,9.999999974752427e-07,9.999999974752427e-07,1.0
2023-09-11,9.999999974752427e-07,9.999999974752427e-07,9.999999974752427e-07,9.999999974752427e-07,71925491,PEPE,0.0,0.0,0.0,0.0,9.999999974752427e-07,9.999999974752427e-07,1.0
2023-09-12,9.999999974752427e-07,9.999999974752427e-07,9.999999974752427e-07,9.999999974752427e-07,55394499,PEPE,0.0,0.0,0.0,0.0,9.999999974752427e-07,9.999999974752427e-07,1.0
2023-09-13,9.999999974752427e-07,9.999999974752427e-07,9.999999974752427e-07,9.999999974752427e-07,44823853,PEPE,0.0,0.0,0.0,0.0,9.999999974752427e-07,9.999999974752427e-07,1.0
2023-09-14,9.999999974752427e-07,9.999999974752427e-07,9.999999974752427e-07,9.999999974752427e-07,40244129,PEPE,0.0,0.0,0.0,0.0,9.999999974752427e-07,9.999999974752427e-07,1.0
2023-09-15,9.999999974752427e-07,9.999999974752427e-07,9.999999974752427e-07,9.999999974752427e-07,40542985,PEPE,0.0,0.0,0.0,0.0,9.999999974752427e-07,9.999999974752427e-07,1.0
2023-09-16,9.999999974752427e-07,9.999999974752427e-07,9.999999974752427e-07,9.999999974752427e-07,31238105,PEPE,0.0,0.0,0.0,0.0,9.999999974752427e-07,9.999999974752427e-07,1.0
2023-09-17,9.999999974752427e-07,9.999999974752427e-07,9.999999974752427e-07,9.999999974752427e-07,45976640,PEPE,0.0,0.0,0.0,0.0,9.999999974752427e-07,9.999999974752427e-07,1.0
2023-09-18,9.999999974752427e-07,9.999999974752427e-07,9.999999974752427e-07,9.999999974752427e-07,52379663,PEPE,0.0,0.0,0.0,0.0,9.999999974752427e-07,9.999999974752427e-07,1.0
2023-09-19,9.999999974752427e-07,9.999999974752427e-07,9.999999974752427e-07,9.999999974752427e-07,34325774,PEPE,0.0,0.0,0.0,0.0,9.999999974752427e-07,9.999999974752427e-07,1.0
2023-09-20,9.999999974752427e-07,9.999999974752427e-07,9.999999974752427e-07,9.999999974752427e-07,39818328,PEPE,0.0,0.0,0.0,0.0,9.999999974752427e-07,9.999999974752427e-07,1.0
2023-09-21,9.999999974752427e-07,9.999999974752427e-07,9.999999974752427e-07,9.999999974752427e-07,32888662,PEPE,0.0,0.0,0.0,0.0,9.999999974752427e-07,9.999999974752427e-07,1.0
2023-09-22,9.999999974752427e-07,9.999999974752427e-07,9.999999974752427e-07,9.999999974752427e-07,126666260,PEPE,0.0,0.0,0.0,0.0,9.999999974752427e-07,9.999999974752427e-07,1.0
2023-09-23,9.999999974752427e-07,9.999999974752427e-07,9.999999974752427e-07,9.999999974752427e-07,85485343,PEPE,0.0,0.0,0.0,0.0,9.999999974752427e-07,9.999999974752427e-07,1.0
2023-09-24,9.999999974752427e-07,9.999999974752427e-07,9.999999974752427e-07,9.999999974752427e-07,45351106,PEPE,0.0,0.0,0.0,0.0,9.999999974752427e-07,9.999999974752427e-07,1.0
2023-09-25,9.999999974752427e-07,9.999999974752427e-07,9.999999974752427e-07,9.999999974752427e-07,73023426,PEPE,0.0,0.0,0.0,0.0,9.999999974752427e-07,9.999999974752427e-07,1.0
2023-09-26,9.999999974752427e-07,9.999999974752427e-07,9.999999974752427e-07,9.999999974752427e-07,45247984,PEPE,0.0,0.0,0.0,0.0,9.999999974752427e-07,9.999999974752427e-07,1.0
2023-09-27,9.999999974752427e-07,9.999999974752427e-07,9.999999974752427e-07,9.999999974752427e-07,84369211,PEPE,0.0,0.0,0.0,0.0,9.999999974752427e-07,9.999999974752427e-07,1.0
2023-09-28,9.999999974752427e-07,9.999999974752427e-07,9.999999974752427e-07,9.999999974752427e-07,61351667,PEPE,0.0,0.0,0.0,0.0,9.999999974752427e-07,9.999999974752427e-07,1.0
2023-09-29,9.999999974752427e-07,9.999999974752427e-07,9.999999974752427e-07,9.999999974752427e-07,117763117,PEPE,0.0,0.0,0.0,0.0,9.999999974752427e-07,9.999999974752427e-07,1.0
2023-09-30,9.999999974752427e-07,9.999999974752427e-07,9.999999974752427e-07,9.999999974752427e-07,78983678,PEPE,0.0,0.0,0.0,0.0,9.999999974752427e-07,9.999999974752427e-07,1.0
2023-10-01,9.999999974752427e-07,9.999999974752427e-07,9.999999974752427e-07,9.999999974752427e-07,64997337,PEPE,0.0,0.0,0.0,0.0,9.999999974752427e-07,9.999999974752427e-07,1.0
2023-10-02,9.999999974752427e-07,9.999999974752427e-07,9.999999974752427e-07,9.999999974752427e-07,93765059,PEPE,0.0,0.0,0.0,0.0,9.999999974752427e-07,9.999999974752427e-07,1.0
2023-10-03,9.999999974752427e-07,9.999999974752427e-07,9.999999974752427e-07,9.999999974752427e-07,50877624,PEPE,0.0,0.0,0.0,0.0,9.999999974752427e-07,9.999999974752427e-07,1.0
2023-10-04,9.999999974752427e-07,9.999999974752427e-07,9.999999974752427e-07,9.999999974752427e-07,43318575,PEPE,0.0,0.0,0.0,0.0,9.999999974752427e-07,9.999999974752427e-07,1.0
2023-10-05,9.999999974752427e-07,9.999999974752427e-07,9.999999974752427e-07,9.999999974752427e-07,45712631,PEPE,0.0,0.0,0.0,0.0,9.999999974752427e-07,9.999999974752427e-07,1.0
2023-10-06,9.999999974752427e-07,9.999999974752427e-07,9.999999974752427e-07,9.999999974752427e-07,43521326,PEPE,0.0,0.0,0.0,0.0,9.999999974752427e-07,9.999999974752427e-07,1.0
2023-10-07,9.999999974752427e-07,9.999999974752427e-07,9.999999974752427e-07,9.999999974752427e-07,30877372,PEPE,0.0,0.0,0.0,0.0,9.999999974752427e-07,9.999999974752427e-07,1.0
2023-10-08,9.999999974752427e-07,9.999999974752427e-07,9.999999974752427e-07,9.999999974752427e-07,33587095,PEPE,0.0,0.0,0.0,0.0,9.999999974752427e-07,9.999999974752427e-07,1.0
2023-10-09,9.999999974752427e-07,9.999999974752427e-07,9.999999974752427e-07,9.999999974752427e-07,48277618,PEPE,0.0,0.0,0.0,0.0,9.999999974752427e-07,9.999999974752427e-07,1.0
2023-10-10,9.999999974752427e-07,9.999999974752427e-07,9.999999974752427e-07,9.999999974752427e-07,33585476,PEPE,0.0,0.0,0.0,0.0,9.999999974752427e-07,9.999999974752427e-07,1.0
2023-10-11,9.999999974752427e-07,9.999999974752427e-07,9.999999974752427e-07,9.999999974752427e-07,91661745,PEPE,0.0,0.0,0.0,0.0,9.999999974752427e-07,9.999999974752427e-07,1.0
2023-10-12,9.999999974752427e-07,9.999999974752427e-07,9.999999974752427e-07,9.999999974752427e-07,32616132,PEPE,0.0,0.0,0.0,0.0,9.999999974752427e-07,9.999999974752427e-07,1.0
2023-10-13,9.999999974752427e-07,9.999999974752427e-07,9.999999974752427e-07,9.999999974752427e-07,48954957,PEPE,0.0,0.0,0.0,0.0,9.999999974752427e-07,9.999999974752427e-07,1.0
2023-10-14,9.999999974752427e-07,9.999999974752427e-07,9.999999974752427e-07,9.999999974752427e-07,27589515,PEPE,0.0,0.0,0.0,0.0,9.999999974752427e-07,9.999999974752427e-07,1.0
2023-10-15,9.999999974752427e-07,9.999999974752427e-07,9.999999974752427e-07,9.999999974752427e-07,58362786,PEPE,0.0,0.0,0.0,0.0,9.999999974752427e-07,9.999999974752427e-07,1.0
2023-10-16,9.999999974752427e-07,9.999999974752427e-07,9.999999974752427e-07,9.999999974752427e-07,69549831,PEPE,0.0,0.0,0.0,0.0,9.999999974752427e-07,9.999999974752427e-07,1.0
2023-10-17,9.999999974752427e-07,9.999999974752427e-07,9.999999974752427e-07,9.999999974752427e-07,45179745,PEPE,0.0,0.0,0.0,0.0,9.999999974752427e-07,9.999999974752427e-07,1.0
2023-10-18,9.999999974752427e-07,9.999999974752427e-07,9.999999974752427e-07,9.999999974752427e-07,41994881,PEPE,0.0,0.0,0.0,0.0,9.999999974752427e-07,9.999999974752427e-07,1.0
2023-10-19,9.999999974752427e-07,9.999999974752427e-07,9.999999974752427e-07,9.999999974752427e-07,36295730,PEPE,0.0,0.0,0.0,0.0,9.999999974752427e-07,9.999999974752427e-07,1.0
2023-10-20,9.999999974752427e-07,9.999999974752427e-07,9.999999974752427e-07,9.999999974752427e-07,49981846,PEPE,0.0,0.0,0.0,0.0,9.999999974752427e-07,9.999999974752427e-07,1.0
2023-10-21,9.999999974752427e-07,9.999999974752427e-07,9.999999974752427e-07,9.999999974752427e-07,85091603,PEPE,0.0,0.0,0.0,0.0,9.999999974752427e-07,9.999999974752427e-07,1.0
2023-10-22,9.999999974752427e-07,9.999999974752427e-07,9.999999974752427e-07,9.999999974752427e-07,100655071,PEPE,0.0,0.0,0.0,0.0,9.999999974752427e-07,9.999999974752427e-07,1.0
2023-10-23,9.999999974752427e-07,9.999999974752427e-07,9.999999974752427e-07,9.999999974752427e-07,188453678,PEPE,0.0,0.0,0.0,0.0,9.999999974752427e-07,9.999999974752427e-07,1.0
2023-10-24,9.999999974752427e-07,9.999999974752427e-07,9.999999974752427e-07,9.999999974752427e-07,440836542,PEPE,0.0,0.0,0.0,0.0,9.999999974752427e-07,9.999999974752427e-07,1.0
2023-10-25,9.999999974752427e-07,9.999999974752427e-07,9.999999974752427e-07,9.999999974752427e-07,430613705,PEPE,0.0,0.0,0.0,0.0,9.999999974752427e-07,9.999999974752427e-07,1.0
2023-10-26,9.999999974752427e-07,9.999999974752427e-07,9.999999974752427e-07,9.999999974752427e-07,419018306,PEPE,0.0,0.0,0.0,0.0,9.999999974752427e-07,9.999999974752427e-07,1.0
2023-10-27,9.999999974752427e-07,9.999999974752427e-07,9.999999974752427e-07,9.999999974752427e-07,232536859,PEPE,0.0,0.0,0.0,0.0,9.999999974752427e-07,9.999999974752427e-07,1.0
2023-10-28,9.999999974752427e-07,9.999999974752427e-07,9.999999974752427e-07,9.999999974752427e-07,125202524,PEPE,0.0,0.0,0.0,0.0,9.999999974752427e-07,9.999999974752427e-07,1.0
2023-10-29,9.999999974752427e-07,9.999999974752427e-07,9.999999974752427e-07,9.999999974752427e-07,97483952,PEPE,0.0,0.0,0.0,0.0,9.999999974752427e-07,9.999999974752427e-07,1.0
2023-10-30,9.999999974752427e-07,9.999999974752427e-07,9.999999974752427e-07,9.999999974752427e-07,152087555,PEPE,0.0,0.0,0.0,0.0,9.999999974752427e-07,9.999999974752427e-07,1.0
2023-10-31,9.999999974752427e-07,9.999999974752427e-07,9.999999974752427e-07,9.999999974752427e-07,123326308,PEPE,0.0,0.0,0.0,0.0,9.999999974752427e-07,9.999999974752427e-07,1.0
2023-11-01,9.999999974752427e-07,9.999999974752427e-07,9.999999974752427e-07,9.999999974752427e-07,144893352,PEPE,0.0,0.0,0.0,0.0,9.999999974752427e-07,9.999999974752427e-07,1.0
2023-11-02,9.999999974752427e-07,9.999999974752427e-07,9.999999974752427e-07,9.999999974752427e-07,142526632,PEPE,0.0,0.0,0.0,0.0,9.999999974752427e-07,9.999999974752427e-07,1.0
2023-11-03,9.999999974752427e-07,9.999999974752427e-07,9.999999974752427e-07,9.999999974752427e-07,98377365,PEPE,0.0,0.0,0.0,0.0,9.999999974752427e-07,9.999999974752427e-07,1.0
2023-11-04,9.999999974752427e-07,9.999999974752427e-07,9.999999974752427e-07,9.999999974752427e-07,82203932,PEPE,0.0,0.0,0.0,0.0,9.999999974752427e-07,9.999999974752427e-07,1.0
2023-11-05,9.999999974752427e-07,9.999999974752427e-07,9.999999974752427e-07,9.999999974752427e-07,88458897,PEPE,0.0,0.0,0.0,0.0,9.999999974752427e-07,9.999999974752427e-07,1.0
2023-11-06,9.999999974752427e-07,9.999999974752427e-07,9.999999974752427e-07,9.999999974752427e-07,146990014,PEPE,0.0,0.0,0.0,0.0,9.999999974752427e-07,9.999999974752427e-07,1.0
2023-11-07,9.999999974752427e-07,9.999999974752427e-07,9.999999974752427e-07,9.999999974752427e-07,124890570,PEPE,0.0,0.0,0.0,0.0,9.999999974752427e-07,9.999999974752427e-07,1.0
2023-11-08,9.999999974752427e-07,9.999999974752427e-07,9.999999974752427e-07,9.999999974752427e-07,93614504,PEPE,0.0,0.0,0.0,0.0,9.999999974752427e-07,9.999999974752427e-07,1.0
2023-11-09,9.999999974752427e-07,9.999999974752427e-07,9.999999974752427e-07,9.999999974752427e-07,419353610,PEPE,0.0,0.0,0.0,0.0,9.999999974752427e-07,9.999999974752427e-07,1.0
2023-11-10,9.999999974752427e-07,9.999999974752427e-07,9.999999974752427e-07,9.999999974752427e-07,187244267,PEPE,0.0,0.0,0.0,0.0,9.999999974752427e-07,9.999999974752427e-07,1.0
2023-11-11,9.999999974752427e-07,9.999999974752427e-07,9.999999974752427e-07,9.999999974752427e-07,151100417,PEPE,0.0,0.0,0.0,0.0,9.999999974752427e-07,9.999999974752427e-07,1.0
2023-11-12,9.999999974752427e-07,9.999999974752427e-07,9.999999974752427e-07,9.999999974752427e-07,140079305,PEPE,0.0,0.0,0.0,0.0,9.999999974752427e-07,9.999999974752427e-07,1.0
2023-11-13,9.999999974752427e-07,9.999999974752427e-07,9.999999974752427e-07,9.999999974752427e-07,202334268,PEPE,0.0,0.0,0.0,0.0,9.999999974752427e-07,9.999999974752427e-07,1.0
2023-11-14,9.999999974752427e-07,9.999999974752427e-07,9.999999974752427e-07,9.999999974752427e-07,121468465,PEPE,0.0,0.0,0.0,0.0,9.999999974752427e-07,9.999999974752427e-07,1.0
2023-11-15,9.999999974752427e-07,9.999999974752427e-07,9.999999974752427e-07,9.999999974752427e-07,133124633,PEPE,0.0,0.0,0.0,0.0,9.999999974752427e-07,9.999999974752427e-07,1.0
2023-11-16,9.999999974752427e-07,9.999999974752427e-07,9.999999974752427e-07,9.999999974752427e-07,150904441,PEPE,0.0,0.0,0.0,0.0,9.999999974752427e-07,9.999999974752427e-07,1.0
2023-11-17,9.999999974752427e-07,9.999999974752427e-07,9.999999974752427e-07,9.999999974752427e-07,85498767,PEPE,0.0,0.0,0.0,0.0,9.999999974752427e-07,9.999999974752427e-07,1.0
2023-11-18,9.999999974752427e-07,9.999999974752427e-07,9.999999974752427e-07,9.999999974752427e-07,51568940,PEPE,0.0,0.0,0.0,0.0,9.999999974752427e-07,9.999999974752427e-07,1.0
2023-11-19,9.999999974752427e-07,9.999999974752427e-07,9.999999974752427e-07,9.999999974752427e-07,61940272,PEPE,0.0,0.0,0.0,0.0,9.999999974752427e-07,9.999999974752427e-07,1.0
2023-11-20,9.999999974752427e-07,9.999999974752427e-07,9.999999974752427e-07,9.999999974752427e-07,119686957,PEPE,0.0,0.0,0.0,0.0,9.999999974752427e-07,9.999999974752427e-07,1.0
2023-11-21,9.999999974752427e-07,9.999999974752427e-07,9.999999974752427e-07,9.999999974752427e-07,108587591,PEPE,0.0,0.0,0.0,0.0,9.999999974752427e-07,9.999999974752427e-07,1.0
2023-11-22,9.999999974752427e-07,9.999999974752427e-07,9.999999974752427e-07,9.999999974752427e-07,70801660,PEPE,0.0,0.0,0.0,0.0,9.999999974752427e-07,9.999999974752427e-07,1.0
2023-11-23,9.999999974752427e-07,9.999999974752427e-07,9.999999974752427e-07,9.999999974752427e-07,55243884,PEPE,0.0,0.0,0.0,0.0,9.999999974752427e-07,9.999999974752427e-07,1.0
2023-11-24,9.999999974752427e-07,9.999999974752427e-07,9.999999974752427e-07,9.999999974752427e-07,64199578,PEPE,0.0,0.0,0.0,0.0,9.999999974752427e-07,9.999999974752427e-07,1.0
2023-11-25,9.999999974752427e-07,9.999999974752427e-07,9.999999974752427e-07,9.999999974752427e-07,78363166,PEPE,0.0,0.0,0.0,0.0,9.999999974752427e-07,9.999999974752427e-07,1.0
2023-11-26,9.999999974752427e-07,9.999999974752427e-07,9.999999974752427e-07,9.999999974752427e-07,74045892,PEPE,0.0,0.0,0.0,0.0,9.999999974752427e-07,9.999999974752427e-07,1.0
2023-11-27,9.999999974752427e-07,9.999999974752427e-07,9.999999974752427e-07,9.999999974752427e-07,70975805,PEPE,0.0,0.0,0.0,0.0,9.999999974752427e-07,9.999999974752427e-07,1.0
2023-11-28,9.999999974752427e-07,9.999999974752427e-07,9.999999974752427e-07,9.999999974752427e-07,54535400,PEPE,0.0,0.0,0.0,0.0,9.999999974752427e-07,9.999999974752427e-07,1.0
2023-11-29,9.999999974752427e-07,9.999999974752427e-07,9.999999974752427e-07,9.999999974752427e-07,46769247,PEPE,0.0,0.0,0.0,0.0,9.999999974752427e-07,9.999999974752427e-07,1.0
2023-11-30,9.999999974752427e-07,9.999999974752427e-07,9.999999974752427e-07,9.999999974752427e-07,37537403,PEPE,0.0,0.0,0.0,0.0,9.999999974752427e-07,9.999999974752427e-07,1.0
2023-12-01,9.999999974752427e-07,9.999999974752427e-07,9.999999974752427e-07,9.999999974752427e-07,46730978,PEPE,0.0,0.0,0.0,0.0,9.999999974752427e-07,9.999999974752427e-07,1.0
2023-12-02,9.999999974752427e-07,9.999999974752427e-07,9.999999974752427e-07,9.999999974752427e-07,80020491,PEPE,0.0,0.0,0.0,0.0,9.999999974752427e-07,9.999999974752427e-07,1.0
2023-12-03,9.999999974752427e-07,9.999999974752427e-07,9.999999974752427e-07,9.999999974752427e-07,106530466,PEPE,0.0,0.0,0.0,0.0,9.999999974752427e-07,9.999999974752427e-07,1.0
2023-12-04,9.999999974752427e-07,9.999999974752427e-07,9.999999974752427e-07,9.999999974752427e-07,438470470,PEPE,0.0,0.0,0.0,0.0,9.999999974752427e-07,9.999999974752427e-07,1.0
2023-12-05,1.999999994950485e-06,1.999999994950485e-06,9.999999974752427e-07,9.999999974752427e-07,513845736,PEPE,0.9999999999999996,0.6931471805599451,0.2619850088181714,0.12655078215459611,1.142857139971706e-06,1.0333333307244174e-06,1.1059907834101383
2023-12-06,9.999999974752427e-07,1.999999994950485e-06,9.999999974752427e-07,1.999999994950485e-06,340500785,PEPE,-0.4999999999999999,-0.6931471805599451,0.40018871128431444,0.18202936745220083,1.142857139971706e-06,1.0333333307244174e-06,1.1059907834101383
2023-12-07,1.999999994950485e-06,1.999999994950485e-06,9.999999974752427e-07,9.999999974752427e-07,202978271,PEPE,0.9999999999999996,0.6931471805599451,0.4783169968596743,0.22169752158963887,1.2857142824681693e-06,1.0666666639735921e-06,1.205357142857143
2023-12-08,1.999999994950485e-06,1.999999994950485e-06,9.999999974752427e-07,1.999999994950485e-06,144404654,PEPE,0.0,0.0,0.4783169968596743,0.22169752158963887,1.4285714249646321e-06,1.099999997222767e-06,1.2987012987012982
2023-12-09,1.999999994950485e-06,1.999999994950485e-06,1.999999994950485e-06,1.999999994950485e-06,253703070,PEPE,0.0,0.0,0.4783169968596743,0.22169752158963887,1.5714285674610954e-06,1.1333333304719418e-06,1.3865546218487392
2023-12-10,1.999999994950485e-06,1.999999994950485e-06,1.999999994950485e-06,1.999999994950485e-06,145669339,PEPE,0.0,0.0,0.4783169968596743,0.22169752158963887,1.7142857099575587e-06,1.1666666637211165e-06,1.4693877551020407
2023-12-11,9.999999974752427e-07,1.999999994950485e-06,9.999999974752427e-07,1.999999994950485e-06,195505769,PEPE,-0.4999999999999999,-0.6931471805599451,0.5659523030068884,0.2574284002010981,1.7142857099575587e-06,1.1666666637211165e-06,1.4693877551020407
2023-12-12,9.999999974752427e-07,9.999999974752427e-07,9.999999974752427e-07,9.999999974752427e-07,124857349,PEPE,0.0,0.0,0.4783169968596743,0.2574284002010981,1.5714285674610954e-06,1.1666666637211165e-06,1.3469387755102038
2023-12-13,9.999999974752427e-07,9.999999974752427e-07,9.999999974752427e-07,9.999999974752427e-07,115699042,PEPE,0.0,0.0,0.40018871128431444,0.2574284002010981,1.5714285674610954e-06,1.1666666637211165e-06,1.3469387755102038
2023-12-14,9.999999974752427e-07,9.999999974752427e-07,9.999999974752427e-07,9.999999974752427e-07,144898222,PEPE,0.0,0.0,0.2619850088181714,0.2574284002010981,1.4285714249646325e-06,1.1666666637211165e-06,1.2244897959183674
2023-12-15,9.999999974752427e-07,9.999999974752427e-07,9.999999974752427e-07,9.999999974752427e-07,111652806,PEPE,0.0,0.0,0.2619850088181714,0.2574284002010981,1.2857142824681693e-06,1.1666666637211165e-06,1.1020408163265307
2023-12-16,9.999999974752427e-07,9.999999974752427e-07,9.999999974752427e-07,9.999999974752427e-07,114331732,PEPE,0.0,0.0,0.2619850088181714,0.2574284002010981,1.142857139971706e-06,1.1666666637211165e-06,0.9795918367346939
2023-12-17,9.999999974752427e-07,9.999999974752427e-07,9.999999974752427e-07,9.999999974752427e-07,88971539,PEPE,0.0,0.0,0.2619850088181714,0.2574284002010981,9.999999974752427e-07,1.1666666637211165e-06,0.8571428571428571
2023-12-18,9.999999974752427e-07,9.999999974752427e-07,9.999999974752427e-07,9.999999974752427e-07,93420897,PEPE,0.0,0.0,0.0,0.2574284002010981,9.999999974752427e-07,1.1666666637211165e-06,0.8571428571428571
2023-12-19,9.999999974752427e-07,9.999999974752427e-07,9.999999974752427e-07,9.999999974752427e-07,71650281,PEPE,0.0,0.0,0.0,0.2574284002010981,9.999999974752427e-07,1.1666666637211165e-06,0.8571428571428571
2023-12-20,9.999999974752427e-07,9.999999974752427e-07,9.999999974752427e-07,9.999999974752427e-07,78267142,PEPE,0.0,0.0,0.0,0.2574284002010981,9.999999974752427e-07,1.1666666637211165e-06,0.8571428571428571
2023-12-21,9.999999974752427e-07,9.999999974752427e-07,9.999999974752427e-07,9.999999974752427e-07,96061339,PEPE,0.0,0.0,0.0,0.2574284002010981,9.999999974752427e-07,1.1666666637211165e-06,0.8571428571428571
2023-12-22,1.999999994950485e-06,1.999999994950485e-06,9.999999974752427e-07,9.999999974752427e-07,343799133,PEPE,0.9999999999999996,0.6931471805599451,0.2619850088181714,0.28685271777348864,1.142857139971706e-06,1.1999999969702912e-06,0.9523809523809524
2023-12-23,9.999999974752427e-07,1.999999994950485e-06,9.999999974752427e-07,1.999999994950485e-06,129357653,PEPE,-0.4999999999999999,-0.6931471805599451,0.40018871128431444,0.3152841128968364,1.142857139971706e-06,1.1999999969702912e-06,0.9523809523809524
2023-12-24,9.999999974752427e-07,9.999999974752427e-07,9.999999974752427e-07,9.999999974752427e-07,117062194,PEPE,0.0,0.0,0.40018871128431444,0.3152841128968364,1.142857139971706e-06,1.1999999969702912e-06,0.9523809523809524
2023-12-25,9.999999974752427e-07,9.999999974752427e-07,9.999999974752427e-07,9.999999974752427e-07,90793673,PEPE,0.0,0.0,0.40018871128431444,0.3152841128968364,1.142857139971706e-06,1.1999999969702912e-06,0.9523809523809524
2023-12-26,9.999999974752427e-07,9.999999974752427e-07,9.999999974752427e-07,9.999999974752427e-07,115157595,PEPE,0.0,0.0,0.40018871128431444,0.3152841128968364,1.142857139971706e-06,1.1999999969702912e-06,0.9523809523809524
2023-12-27,9.999999974752427e-07,9.999999974752427e-07,9.999999974752427e-07,9.999999974752427e-07,138689018,PEPE,0.0,0.0,0.40018871128431444,0.3152841128968364,1.142857139971706e-06,1.1999999969702912e-06,0.9523809523809524
2023-12-28,9.999999974752427e-07,9.999999974752427e-07,9.999999974752427e-07,9.999999974752427e-07,114589833,PEPE,0.0,0.0,0.40018871128431444,0.3152841128968364,1.142857139971706e-06,1.1999999969702912e-06,0.9523809523809524
2023-12-29,9.999999974752427e-07,9.999999974752427e-07,9.999999974752427e-07,9.999999974752427e-07,91832171,PEPE,0.0,0.0,0.2619850088181714,0.3152841128968364,9.999999974752427e-07,1.1999999969702912e-06,0.8333333333333334
2023-12-30,9.999999974752427e-07,9.999999974752427e-07,9.999999974752427e-07,9.999999974752427e-07,56262774,PEPE,0.0,0.0,0.0,0.3152841128968364,9.999999974752427e-07,1.1999999969702912e-06,0.8333333333333334
2023-12-31,9.999999974752427e-07,9.999999974752427e-07,9.999999974752427e-07,9.999999974752427e-07,59241163,PEPE,0.0,0.0,0.0,0.3152841128968364,9.999999974752427e-07,1.1999999969702912e-06,0.8333333333333334
2024-01-01,9.999999974752427e-07,9.999999974752427e-07,9.999999974752427e-07,9.999999974752427e-07,61952343,PEPE,0.0,0.0,0.0,0.3152841128968364,9.999999974752427e-07,1.1999999969702912e-06,0.8333333333333334
2024-01-02,9.999999974752427e-07,9.999999974752427e-07,9.999999974752427e-07,9.999999974752427e-07,79866723,PEPE,0.0,0.0,0.0,0.3152841128968364,9.999999974752427e-07,1.1999999969702912e-06,0.8333333333333334
2024-01-03,9.999999974752427e-07,9.999999974752427e-07,9.999999974752427e-07,9.999999974752427e-07,178005700,PEPE,0.0,0.0,0.0,0.3152841128968364,9.999999974752427e-07,1.1999999969702912e-06,0.8333333333333334
2024-01-04,9.999999974752427e-07,9.999999974752427e-07,9.999999974752427e-07,9.999999974752427e-07,91401276,PEPE,0.0,0.0,0.0,0.28685271777348864,9.999999974752427e-07,1.1666666637211165e-06,0.8571428571428571
2024-01-05,9.999999974752427e-07,9.999999974752427e-07,9.999999974752427e-07,9.999999974752427e-07,81767209,PEPE,0.0,0.0,0.0,0.2574284002010981,9.999999974752427e-07,1.1666666637211165e-06,0.8571428571428571
2024-01-06,9.999999974752427e-07,9.999999974752427e-07,9.999999974752427e-07,9.999999974752427e-07,67830743,PEPE,0.0,0.0,0.0,0.2216975215896389,9.999999974752427e-07,1.1333333304719418e-06,0.8823529411764706
2024-01-07,9.999999974752427e-07,9.999999974752427e-07,9.999999974752427e-07,9.999999974752427e-07,71956538,PEPE,0.0,0.0,0.0,0.2216975215896389,9.999999974752427e-07,1.099999997222767e-06,0.9090909090909091
2024-01-08,9.999999974752427e-07,9.999999974752427e-07,9.999999974752427e-07,9.999999974752427e-07,99087977,PEPE,0.0,0.0,0.0,0.2216975215896389,9.999999974752427e-07,1.0666666639735921e-06,0.9375000000000001
2024-01-09,9.999999974752427e-07,9.999999974752427e-07,9.999999974752427e-07,9.999999974752427e-07,97567935,PEPE,0.0,0.0,0.0,0.2216975215896389,9.999999974752427e-07,1.0333333307244174e-06,0.967741935483871
2024-01-10,9.999999974752427e-07,9.999999974752427e-07,9.999999974752427e-07,9.999999974752427e-07,222916523,PEPE,0.0,0.0,0.0,0.18202936745220089,9.999999974752427e-07,1.0333333307244174e-06,0.967741935483871
2024-01-11,9.999999974752427e-07,9.999999974752427e-07,9.999999974752427e-07,9.999999974752427e-07,231364471,PEPE,0.0,0.0,0.0,0.18202936745220089,9.999999974752427e-07,1.0333333307244174e-06,0.967741935483871
2024-01-12,9.999999974752427e-07,9.999999974752427e-07,9.999999974752427e-07,9.999999974752427e-07,161365355,PEPE,0.0,0.0,0.0,0.18202936745220089,9.999999974752427e-07,1.0333333307244174e-06,0.967741935483871
2024-01-13,9.999999974752427e-07,9.999999974752427e-07,9.999999974752427e-07,9.999999974752427e-07,82111365,PEPE,0.0,0.0,0.0,0.18202936745220089,9.999999974752427e-07,1.0333333307244174e-06,0.967741935483871
2024-01-14,9.999999974752427e-07,9.999999974752427e-07,9.999999974752427e-07,9.999999974752427e-07,66814354,PEPE,0.0,0.0,0.0,0.18202936745220089,9.999999974752427e-07,1.0333333307244174e-06,0.967741935483871
2024-01-15,9.999999974752427e-07,9.999999974752427e-07,9.999999974752427e-07,9.999999974752427e-07,52831221,PEPE,0.0,0.0,0.0,0.18202936745220089,9.999999974752427e-07,1.0333333307244174e-06,0.967741935483871
2024-01-16,9.999999974752427e-07,9.999999974752427e-07,9.999999974752427e-07,9.999999974752427e-07,71650077,PEPE,0.0,0.0,0.0,0.18202936745220089,9.999999974752427e-07,1.0333333307244174e-06,0.967741935483871
2024-01-17,9.999999974752427e-07,9.999999974752427e-07,9.999999974752427e-07,9.999999974752427e-07,72929217,PEPE,0.0,0.0,0.0,0.18202936745220089,9.999999974752427e-07,1.0333333307244174e-06,0.967741935483871
2024-01-18,9.999999974752427e-07,9.999999974752427e-07,9.999999974752427e-07,9.999999974752427e-07,70727874,PEPE,0.0,0.0,0.0,0.18202936745220089,9.999999974752427e-07,1.0333333307244174e-06,0.967741935483871
2024-01-19,9.999999974752427e-07,9.999999974752427e-07,9.999999974752427e-07,9.999999974752427e-07,59844756,PEPE,0.0,0.0,0.0,0.18202936745220089,9.999999974752427e-07,1.0333333307244174e-06,0.967741935483871
2024-01-20,9.999999974752427e-07,9.999999974752427e-07,9.999999974752427e-07,9.999999974752427e-07,54563039,PEPE,0.0,0.0,0.0,0.18202936745220089,9.999999974752427e-07,1.0333333307244174e-06,0.967741935483871
2024-01-21,9.999999974752427e-07,9.999999974752427e-07,9.999999974752427e-07,9.999999974752427e-07,42416355,PEPE,0.0,0.0,0.0,0.12655078215459617,9.999999974752427e-07,9.999999974752427e-07,1.0
2024-01-22,9.999999974752427e-07,9.999999974752427e-07,9.999999974752427e-07,9.999999974752427e-07,62818815,PEPE,0.0,0.0,0.0,0.0,9.999999974752427e-07,9.999999974752427e-07,1.0
2024-01-23,9.999999974752427e-07,9.999999974752427e-07,9.999999974752427e-07,9.999999974752427e-07,70962448,PEPE,0.0,0.0,0.0,0.0,9.999999974752427e-07,9.999999974752427e-07,1.0
2024-01-24,9.999999974752427e-07,9.999999974752427e-07,9.999999974752427e-07,9.999999974752427e-07,51594817,PEPE,0.0,0.0,0.0,0.0,9.999999974752427e-07,9.999999974752427e-07,1.0
2024-01-25,9.999999974752427e-07,9.999999974752427e-07,9.999999974752427e-07,9.999999974752427e-07,43462542,PEPE,0.0,0.0,0.0,0.0,9.999999974752427e-07,9.999999974752427e-07,1.0
2024-01-26,9.999999974752427e-07,9.999999974752427e-07,9.999999974752427e-07,9.999999974752427e-07,48667784,PEPE,0.0,0.0,0.0,0.0,9.999999974752427e-07,9.999999974752427e-07,1.0
2024-01-27,9.999999974752427e-07,9.999999974752427e-07,9.999999974752427e-07,9.999999974752427e-07,42218603,PEPE,0.0,0.0,0.0,0.0,9.999999974752427e-07,9.999999974752427e-07,1.0
2024-01-28,9.999999974752427e-07,9.999999974752427e-07,9.999999974752427e-07,9.999999974752427e-07,50152998,PEPE,0.0,0.0,0.0,0.0,9.999999974752427e-07,9.999999974752427e-07,1.0
2024-01-29,9.999999974752427e-07,9.999999974752427e-07,9.999999974752427e-07,9.999999974752427e-07,52978246,PEPE,0.0,0.0,0.0,0.0,9.999999974752427e-07,9.999999974752427e-07,1.0
2024-01-30,9.999999974752427e-07,9.999999974752427e-07,9.999999974752427e-07,9.999999974752427e-07,71782365,PEPE,0.0,0.0,0.0,0.0,9.999999974752427e-07,9.999999974752427e-07,1.0
2024-01-31,9.999999974752427e-07,9.999999974752427e-07,9.999999974752427e-07,9.999999974752427e-07,106154789,PEPE,0.0,0.0,0.0,0.0,9.999999974752427e-07,9.999999974752427e-07,1.0
2024-02-01,9.999999974752427e-07,9.999999974752427e-07,9.999999974752427e-07,9.999999974752427e-07,54037900,PEPE,0.0,0.0,0.0,0.0,9.999999974752427e-07,9.999999974752427e-07,1.0
2024-02-02,9.999999974752427e-07,9.999999974752427e-07,9.999999974752427e-07,9.999999974752427e-07,41662277,PEPE,0.0,0.0,0.0,0.0,9.999999974752427e-07,9.999999974752427e-07,1.0
2024-02-03,9.999999974752427e-07,9.999999974752427e-07,9.999999974752427e-07,9.999999974752427e-07,31497983,PEPE,0.0,0.0,0.0,0.0,9.999999974752427e-07,9.999999974752427e-07,1.0
2024-02-04,9.999999974752427e-07,9.999999974752427e-07,9.999999974752427e-07,9.999999974752427e-07,49023211,PEPE,0.0,0.0,0.0,0.0,9.999999974752427e-07,9.999999974752427e-07,1.0
2024-02-05,9.999999974752427e-07,9.999999974752427e-07,9.999999974752427e-07,9.999999974752427e-07,90630349,PEPE,0.0,0.0,0.0,0.0,9.999999974752427e-07,9.999999974752427e-07,1.0
2024-02-06,9.999999974752427e-07,9.999999974752427e-07,9.999999974752427e-07,9.999999974752427e-07,64569306,PEPE,0.0,0.0,0.0,0.0,9.999999974752427e-07,9.999999974752427e-07,1.0
2024-02-07,9.999999974752427e-07,9.999999974752427e-07,9.999999974752427e-07,9.999999974752427e-07,82206298,PEPE,0.0,0.0,0.0,0.0,9.999999974752427e-07,9.999999974752427e-07,1.0
2024-02-08,9.999999974752427e-07,9.999999974752427e-07,9.999999974752427e-07,9.999999974752427e-07,82519130,PEPE,0.0,0.0,0.0,0.0,9.999999974752427e-07,9.999999974752427e-07,1.0
2024-02-09,9.999999974752427e-07,9.999999974752427e-07,9.999999974752427e-07,9.999999974752427e-07,96636072,PEPE,0.0,0.0,0.0,0.0,9.999999974752427e-07,9.999999974752427e-07,1.0
2024-02-10,9.999999974752427e-07,9.999999974752427e-07,9.999999974752427e-07,9.999999974752427e-07,67452927,PEPE,0.0,0.0,0.0,0.0,9.999999974752427e-07,9.999999974752427e-07,1.0
2024-02-11,9.999999974752427e-07,9.999999974752427e-07,9.999999974752427e-07,9.999999974752427e-07,63803072,PEPE,0.0,0.0,0.0,0.0,9.999999974752427e-07,9.999999974752427e-07,1.0
2024-02-12,9.999999974752427e-07,9.999999974752427e-07,9.999999974752427e-07,9.999999974752427e-07,90205869,PEPE,0.0,0.0,0.0,0.0,9.999999974752427e-07,9.999999974752427e-07,1.0
2024-02-13,9.999999974752427e-07,9.999999974752427e-07,9.999999974752427e-07,9.999999974752427e-07,123043477,PEPE,0.0,0.0,0.0,0.0,9.999999974752427e-07,9.999999974752427e-07,1.0
2024-02-14,9.999999974752427e-07,9.999999974752427e-07,9.999999974752427e-07,9.999999974752427e-07,185583351,PEPE,0.0,0.0,0.0,0.0,9.999999974752427e-07,9.999999974752427e-07,1.0
2024-02-15,9.999999974752427e-07,9.999999974752427e-07,9.999999974752427e-07,9.999999974752427e-07,174509269,PEPE,0.0,0.0,0.0,0.0,9.999999974752427e-07,9.999999974752427e-07,1.0
2024-02-16,9.999999974752427e-07,9.999999974752427e-07,9.999999974752427e-07,9.999999974752427e-07,120715581,PEPE,0.0,0.0,0.0,0.0,9.999999974752427e-07,9.999999974752427e-07,1.0
2024-02-17,9.999999974752427e-07,9.999999974752427e-07,9.999999974752427e-07,9.999999974752427e-07,88474553,PEPE,0.0,0.0,0.0,0.0,9.999999974752427e-07,9.999999974752427e-07,1.0
2024-02-18,9.999999974752427e-07,9.999999974752427e-07,9.999999974752427e-07,9.999999974752427e-07,83142702,PEPE,0.0,0.0,0.0,0.0,9.999999974752427e-07,9.999999974752427e-07,1.0
2024-02-19,9.999999974752427e-07,9.999999974752427e-07,9.999999974752427e-07,9.999999974752427e-07,100961779,PEPE,0.0,0.0,0.0,0.0,9.999999974752427e-07,9.999999974752427e-07,1.0
2024-02-20,9.999999974752427e-07,9.999999974752427e-07,9.999999974752427e-07,9.999999974752427e-07,131035686,PEPE,0.0,0.0,0.0,0.0,9.999999974752427e-07,9.999999974752427e-07,1.0
2024-02-21,9.999999974752427e-07,9.999999974752427e-07,9.999999974752427e-07,9.999999974752427e-07,102747236,PEPE,0.0,0.0,0.0,0.0,9.999999974752427e-07,9.999999974752427e-07,1.0
2024-02-22,9.999999974752427e-07,9.999999974752427e-07,9.999999974752427e-07,9.999999974752427e-07,132590653,PEPE,0.0,0.0,0.0,0.0,9.999999974752427e-07,9.999999974752427e-07,1.0
2024-02-23,9.999999974752427e-07,9.999999974752427e-07,9.999999974752427e-07,9.999999974752427e-07,268590037,PEPE,0.0,0.0,0.0,0.0,9.999999974752427e-07,9.999999974752427e-07,1.0
2024-02-24,9.999999974752427e-07,9.999999974752427e-07,9.999999974752427e-07,9.999999974752427e-07,131153810,PEPE,0.0,0.0,0.0,0.0,9.999999974752427e-07,9.999999974752427e-07,1.0
2024-02-25,9.999999974752427e-07,9.999999974752427e-07,9.999999974752427e-07,9.999999974752427e-07,159204965,PEPE,0.0,0.0,0.0,0.0,9.999999974752427e-07,9.999999974752427e-07,1.0
2024-02-26,1.999999994950485e-06,1.999999994950485e-06,9.999999974752427e-07,9.999999974752427e-07,472629480,PEPE,0.9999999999999996,0.6931471805599451,0.2619850088181714,0.12655078215459617,1.142857139971706e-06,1.0333333307244174e-06,1.1059907834101383
2024-02-27,3.000000106112566e-06,3.000000106112566e-06,1.999999994950485e-06,1.999999994950485e-06,1439474147,PEPE,0.5000000568434193,0.40546514600377653,0.28060461701207434,0.1443921102701173,1.4285714412056092e-06,1.1000000010123283e-06,1.2987013089917248
2024-02-28,3.000000106112566e-06,3.999999989900971e-06,3.000000106112566e-06,3.000000106112566e-06,2061815654,PEPE,0.0,0.0,0.28060461701207434,0.1443921102701173,1.7142857424395125e-06,1.166666671300239e-06,1.4693877733979983
2024-02-29,3.000000106112566e-06,3.000000106112566e-06,3.000000106112566e-06,3.000000106112566e-06,863993803,PEPE,0.0,0.0,0.28060461701207434,0.1443921102701173,2.000000043673416e-06,1.2333333415881499e-06,1.6216216461788324
2024-03-01,3.999999989900971e-06,3.999999989900971e-06,3.000000106112566e-06,3.000000106112566e-06,1746921042,PEPE,0.3333332828058517,0.28768203455616903,0.27479427825393693,0.15126541525236958,2.4285714711628055e-06,1.333333341335674e-06,1.821428592440335
2024-03-02,3.999999989900971e-06,4.999999873689376e-06,3.999999989900971e-06,3.999999989900971e-06,1710926651,PEPE,0.0,0.0,0.27479427825393693,0.15126541525236958,2.857142898652195e-06,1.4333333410831984e-06,1.993355499909739
2024-03-03,6.000000212225132e-06,6.000000212225132e-06,3.999999989900971e-06,3.999999989900971e-06,2362660460,PEPE,0.5000000568434191,0.40546514600377637,0.26875920457495805,0.1645269637049755,3.571428643616465e-06,1.6000000149081946e-06,2.232142881462028
2024-03-04,7.000000096013537e-06,7.999999979801942e-06,6.000000212225132e-06,6.000000212225132e-06,3953033503,PEPE,0.16666664140292586,0.1541506581726231,0.18758339972234994,0.1650038121336614,4.285714372339758e-06,1.8000000181928044e-06,2.3809524050130872
2024-03-05,6.000000212225132e-06,9.000000318337698e-06,4.999999873689376e-06,7.000000096013537e-06,3553547507,PEPE,-0.1428571242960267,-0.15415065817262302,0.1941011950911556,0.16943408672884316,4.714285816070125e-06,1.966666692017801e-06,2.3970944518479977
2024-03-06,7.000000096013537e-06,7.999999979801942e-06,6.000000212225132e-06,6.000000212225132e-06,2824222229,PEPE,0.16666664140292586,0.1541506581726231,0.18968883477490142,0.16989716294953086,5.285714386055977e-06,2.1666666953024106e-06,2.4395604536295457
2024-03-07,7.000000096013537e-06,7.999999979801942e-06,6.000000212225132e-06,7.000000096013537e-06,1461461026,PEPE,0.0,0.0,0.18968883477490142,0.16989716294953086,5.8571429560418305e-06,2.3666666985870203e-06,2.4748491029762416
2024-03-08,9.000000318337698e-06,9.000000318337698e-06,7.000000096013537e-06,7.000000096013537e-06,3459591520,PEPE,0.2857143135559599,0.2513144499355413,0.18479909414550236,0.17276031148470863,6.571428717247077e-06,2.633333375949102e-06,2.4954792193292326
2024-03-09,9.000000318337698e-06,9.999999747378752e-06,7.999999979801942e-06,9.000000318337698e-06,1857252831,PEPE,0.0,0.0,0.18479909414550236,0.17276031148470863,7.285714478452324e-06,2.900000053311184e-06,2.5123152912130418
2024-03-10,9.000000318337698e-06,9.000000318337698e-06,7.999999979801942e-06,9.000000318337698e-06,1301150618,PEPE,0.0,0.0,0.13599034008478514,0.17276031148470863,7.71428592218269e-06,3.1666667306732657e-06,2.436090241975844
2024-03-11,9.000000318337698e-06,9.000000318337698e-06,7.999999979801942e-06,9.000000318337698e-06,1496786721,PEPE,0.0,0.0,0.13016726165547482,0.17276031148470863,8.00000023965757e-06,3.433333408035348e-06,2.3300971064838705
2024-03-12,7.999999979801942e-06,9.000000318337698e-06,7.999999979801942e-06,9.000000318337698e-06,1111567672,PEPE,-0.11111114479609885,-0.11778307355199538,0.12177249093438294,0.17579387551645612,8.285714492168544e-06,3.666666740779571e-06,2.2597402703707172
2024-03-13,9.000000318337698e-06,9.000000318337698e-06,7.999999979801942e-06,7.999999979801942e-06,1863310093,PEPE,0.12500004263256415,0.11778307355199531,0.11682033929779582,0.17550747467481778,8.571428809643424e-06,3.933333418141653e-06,2.179176769024857
2024-03-14,9.999999747378752e-06,1.1000000085914508e-05,9.000000318337698e-06,9.000000318337698e-06,3137396879,PEPE,0.11111104374113556,0.10536045502484646,0.11820295234333504,0.17504489689613614,9.000000188409882e-06,4.233333409805103e-06,2.1259842580705755
2024-03-15,9.000000318337698e-06,9.999999747378752e-06,7.999999979801942e-06,9.999999747378752e-06,1945870095,PEPE,-0.09999994543031654,-0.10536045502484652,0.09123902289846073,0.17767511879263267,9.000000188409882e-06,4.500000087167185e-06,2.0000000031278917
2024-03-16,7.000000096013537e-06,9.000000318337698e-06,7.000000096013537e-06,9.000000318337698e-06,1639021958,PEPE,-0.22222223906471605,-0.25131444993554125,0.13170902336084025,0.18693089214081654,8.714285870935004e-06,4.700000090451795e-06,1.8541033411123466
2024-03-17,7.999999979801942e-06,7.999999979801942e-06,7.000000096013537e-06,7.000000096013537e-06,1395467366,PEPE,0.14285712429602682,0.13353137638354595,0.14660326335769072,0.1869229232644864,8.57142867971561e-06,4.933333423196018e-06,1.7374517277534187
2024-03-18,7.000000096013537e-06,7.999999979801942e-06,7.000000096013537e-06,7.999999979801942e-06,997463617,PEPE,-0.12499998578914528,-0.13353137638354592,0.1526132682991918,0.19019163218277169,8.285714362240729e-06,5.133333426480628e-06,1.6141001711477267
2024-03-19,7.000000096013537e-06,7.000000096013537e-06,6.000000212225132e-06,7.000000096013537e-06,1574432648,PEPE,0.0,0.0,0.1485190674884159,0.19019163218277169,8.142857235985243e-06,5.333333429765238e-06,1.526785704141448
2024-03-20,7.999999979801942e-06,9.000000318337698e-06,6.000000212225132e-06,7.000000096013537e-06,1912130027,PEPE,0.14285712429602682,0.13353137638354595,0.15103567629857384,0.1901837999345007,8.000000044765848e-06,5.566666762509461e-06,1.4371257318013837
2024-03-21,7.999999979801942e-06,7.999999979801942e-06,7.999999979801942e-06,7.999999979801942e-06,1098889383,PEPE,0.0,0.0,0.1417970222097309,0.1901837999345007,7.714285792254877e-06,5.800000095253684e-06,1.3300492526832388
2024-03-22,7.000000096013537e-06,7.999999979801942e-06,7.000000096013537e-06,7.999999979801942e-06,887464393,PEPE,-0.12499998578914528,-0.13353137638354592,0.14460218942944822,0.19339740295084581,7.428571474779996e-06,6.000000098538294e-06,1.2380952254633675
2024-03-23,7.000000096013537e-06,7.999999979801942e-06,7.000000096013537e-06,7.000000096013537e-06,630797721,PEPE,0.0,0.0,0.10902791226373869,0.19339740295084581,7.428571474779996e-06,6.200000101822904e-06,1.1981566698032589
2024-03-24,7.999999979801942e-06,7.999999979801942e-06,7.000000096013537e-06,7.000000096013537e-06,528203046,PEPE,0.14285712429602682,0.13353137638354595,0.10902791226373869,0.193389700535761,7.428571474779996e-06,6.433333434567127e-06,1.1547002110702558
2024-03-25,7.999999979801942e-06,7.999999979801942e-06,7.000000096013537e-06,7.999999979801942e-06,1040906889,PEPE,0.0,0.0,0.09214540393386621,0.193389700535761,7.571428601035482e-06,6.66666676731135e-06,1.1357142730097818
2024-03-26,7.999999979801942e-06,9.000000318337698e-06,7.999999979801942e-06,7.999999979801942e-06,896509294,PEPE,0.0,0.0,0.09214540393386621,0.193389700535761,7.714285727290968e-06,6.900000100055574e-06,1.1180124080329847
2024-03-27,7.999999979801942e-06,7.999999979801942e-06,7.999999979801942e-06,7.999999979801942e-06,657071797,PEPE,0.0,0.0,0.07709437610030168,0.15360161191767432,7.714285727290968e-06,7.1000000995506225e-06,1.0865191012855373
2024-03-28,7.999999979801942e-06,7.999999979801942e-06,7.000000096013537e-06,7.999999979801942e-06,789450129,PEPE,0.0,0.0,0.07709437610030168,0.1379406526458565,7.714285727290968e-06,7.266666762006934e-06,1.0615989393685101
2024-03-29,7.999999979801942e-06,7.999999979801942e-06,7.999999979801942e-06,7.999999979801942e-06,476563629,PEPE,0.0,0.0,0.05047011630500402,0.1379406526458565,7.857142853546456e-06,7.433333424463247e-06,1.0570147207023493
2024-03-30,7.999999979801942e-06,9.000000318337698e-06,7.999999979801942e-06,7.999999979801942e-06,1052730170,PEPE,0.0,0.0,0.05047011630500402,0.1379406526458565,7.999999979801942e-06,7.60000008691956e-06,1.0526315642510091
2024-03-31,9.000000318337698e-06,9.000000318337698e-06,7.999999979801942e-06,7.999999979801942e-06,962829901,PEPE,0.12500004263256415,0.11778307355199531,0.0445178173244873,0.13039201562193795,8.142857171021336e-06,7.766666764534117e-06,1.0484365324137588
2024-04-01,7.999999979801942e-06,9.000000318337698e-06,7.999999979801942e-06,9.000000318337698e-06,952284918,PEPE,-0.11111114479609885,-0.11778307355199538,0.06800208922122622,0.13298149585041652,8.142857171021336e-06,7.900000097530816e-06,1.0307414013281375
2024-04-02,7.000000096013537e-06,7.999999979801942e-06,7.000000096013537e-06,7.999999979801942e-06,933741846,PEPE,-0.12499998578914528,-0.13353137638354592,0.08468480842684957,0.11469448659322314,8.000000044765848e-06,7.93333342699043e-06,1.0084033550825695
2024-04-03,7.000000096013537e-06,7.000000096013537e-06,7.000000096013537e-06,7.000000096013537e-06,674858486,PEPE,0.0,0.0,0.08468480842684957,0.11118787887047135,7.857142918510363e-06,7.93333342699043e-06,0.9903961545066472
2024-04-04,7.000000096013537e-06,7.000000096013537e-06,7.000000096013537e-06,7.000000096013537e-06,493151556,PEPE,0.0,0.0,0.08468480842684957,0.10731280117126857,7.714285792254877e-06,7.966666756450043e-06,0.9683203814203938
2024-04-05,7.000000096013537e-06,7.000000096013537e-06,6.000000212225132e-06,7.000000096013537e-06,437338728,PEPE,0.0,0.0,0.08468480842684957,0.10355653744721185,7.57142866599939e-06,7.966666756450043e-06,0.9503885247703305
2024-04-06,7.000000096013537e-06,7.000000096013537e-06,7.000000096013537e-06,7.000000096013537e-06,268995696,PEPE,0.0,0.0,0.08468480842684957,0.10355653744721185,7.428571539743903e-06,7.966666756450043e-06,0.9324566681202672
2024-04-07,7.000000096013537e-06,7.999999979801942e-06,7.000000096013537e-06,7.000000096013537e-06,547336145,PEPE,0.0,0.0,0.06148275281063057,0.0920514259984947,7.1428572222690235e-06,7.90000008237257e-06,0.9041591326317863
2024-04-08,7.999999979801942e-06,7.999999979801942e-06,7.000000096013537e-06,7.000000096013537e-06,633183370,PEPE,0.14285712429602682,0.13353137638354595,0.07709437610030169,0.09562931023637362,7.1428572222690235e-06,7.866666737754713e-06,0.9079903166595464
2024-04-09,7.000000096013537e-06,7.999999979801942e-06,7.000000096013537e-06,7.999999979801942e-06,552447916,PEPE,-0.12499998578914528,-0.13353137638354592,0.07709437610030169,0.09850463717075184,7.1428572222690235e-06,7.800000063677242e-06,0.9157509184559656
2024-04-10,7.000000096013537e-06,7.000000096013537e-06,7.000000096013537e-06,7.000000096013537e-06,583467843,PEPE,0.0,0.0,0.07709437610030169,0.09850463717075184,7.1428572222690235e-06,7.733333389599768e-06,0.9236453237455338
2024-04-11,7.000000096013537e-06,7.999999979801942e-06,7.000000096013537e-06,7.000000096013537e-06,721632749,PEPE,0.0,0.0,0.07709437610030169,0.09631661769948585,7.1428572222690235e-06,7.700000060140155e-06,0.9276437878545951
2024-04-12,6.000000212225132e-06,7.999999979801942e-06,4.999999873689376e-06,7.000000096013537e-06,1217866327,PEPE,-0.1428571242960267,-0.15415065817262302,0.09663423321186533,0.09720821886983982,7.000000096013537e-06,7.60000005660307e-06,0.9210526373525171
2024-04-13,4.999999873689376e-06,6.000000212225132e-06,3.999999989900971e-06,6.000000212225132e-06,1416785128,PEPE,-0.16666671719414827,-0.1823216174269344,0.11290961298975259,0.09924525664397346,6.714285778538656e-06,7.433333394146757e-06,0.9032671377050971
2024-04-14,4.999999873689376e-06,6.000000212225132e-06,4.999999873689376e-06,4.999999873689376e-06,1056255576,PEPE,0.0,0.0,0.11290961298975259,0.0980915901782506,6.428571461063777e-06,7.300000045991813e-06,0.8806262219948192
2024-04-15,4.999999873689376e-06,6.000000212225132e-06,4.999999873689376e-06,4.999999873689376e-06,910995187,PEPE,0.0,0.0,0.08492800167092805,0.08781260294626872,6.00000001733341e-06,7.2333333719143415e-06,0.829493085529594
2024-04-16,4.999999873689376e-06,6.000000212225132e-06,4.999999873689376e-06,4.999999873689376e-06,766599607,PEPE,0.0,0.0,0.08249265348624064,0.08350103324088051,5.71428569985853e-06,7.133333368377256e-06,0.8010680848298078
2024-04-17,4.999999873689376e-06,4.999999873689376e-06,4.999999873689376e-06,4.999999873689376e-06,621513136,PEPE,0.0,0.0,0.08249265348624064,0.0805068613250692,5.42857138238365e-06,7.066666694299784e-06,0.768194060540951
2024-04-18,4.999999873689376e-06,4.999999873689376e-06,4.999999873689376e-06,4.999999873689376e-06,559779612,PEPE,0.0,0.0,0.08249265348624064,0.0805068613250692,5.142857064908769e-06,7.000000020222312e-06,0.7346938642930801
2024-04-19,4.999999873689376e-06,4.999999873689376e-06,4.999999873689376e-06,4.999999873689376e-06,713930954,PEPE,0.0,0.0,0.06891109404896142,0.07578076297128127,4.999999873689376e-06,6.900000016685226e-06,0.7246376611012512
2024-04-20,6.000000212225132e-06,6.000000212225132e-06,4.999999873689376e-06,4.999999873689376e-06,576951194,PEPE,0.20000007275957787,0.18232161742693434,0.06891109404896142,0.08395091311429334,5.142857064908769e-06,6.833333357765999e-06,0.7526132263200618
2024-04-21,6.000000212225132e-06,6.000000212225132e-06,6.000000212225132e-06,6.000000212225132e-06,743415331,PEPE,0.0,0.0,0.06891109404896142,0.08062704852815418,5.285714256128163e-06,6.800000028306385e-06,0.7773109167831325
2024-04-22,7.000000096013537e-06,7.000000096013537e-06,6.000000212225132e-06,6.000000212225132e-06,1122123974,PEPE,0.16666664140292586,0.1541506581726231,0.08249265348624067,0.08571713986625848,5.571428573603043e-06,6.800000028306385e-06,0.8193277280015937
2024-04-23,7.999999979801942e-06,7.999999979801942e-06,7.000000096013537e-06,7.000000096013537e-06,1430468376,PEPE,0.14285712429602682,0.13353137638354595,0.08492800167092808,0.08571713986625848,6.00000001733341e-06,6.800000028306385e-06,0.8823529400525276
2024-04-24,7.000000096013537e-06,7.999999979801942e-06,7.000000096013537e-06,7.999999979801942e-06,1345371263,PEPE,-0.12499998578914528,-0.13353137638354592,0.11290961298975262,0.08911667829021228,6.28571433480829e-06,6.766666698846772e-06,0.9289232962929223
2024-04-25,7.999999979801942e-06,7.999999979801942e-06,7.000000096013537e-06,7.000000096013537e-06,1171620386,PEPE,0.14285712429602682,0.13353137638354595,0.11470095158328854,0.09261277764237956,6.714285778538656e-06,6.766666698846772e-06,0.992258977331181
2024-04-26,7.000000096013537e-06,7.999999979801942e-06,7.000000096013537e-06,7.999999979801942e-06,842385350,PEPE,-0.12499998578914528,-0.13353137638354592,0.1367191410585601,0.09576784880776174,7.000000096013537e-06,6.733333369387158e-06,1.0396039690888867
2024-04-27,7.000000096013537e-06,7.000000096013537e-06,7.000000096013537e-06,7.000000096013537e-06,685487144,PEPE,0.0,0.0,0.12361924548685742,0.09576784880776174,7.1428572222690235e-06,6.700000039927545e-06,1.0660980865227379
2024-04-28,7.000000096013537e-06,7.999999979801942e-06,7.000000096013537e-06,7.000000096013537e-06,632614690,PEPE,0.0,0.0,0.12361924548685742,0.09576784880776174,7.285714348524509e-06,6.666666710467931e-06,1.0928571450983977
2024-04-29,7.000000096013537e-06,7.000000096013537e-06,7.000000096013537e-06,7.000000096013537e-06,664020313,PEPE,0.0,0.0,0.10902791226373872,0.09576784880776174,7.285714348524509e-06,6.633333381008318e-06,1.0983488888684536
2024-04-30,7.000000096013537e-06,7.999999979801942e-06,6.000000212225132e-06,7.000000096013537e-06,938388224,PEPE,0.0,0.0,0.09214540393386624,0.09295700684671708,7.1428572222690235e-06,6.566666706930846e-06,1.0877447479906406
2024-05-01,7.000000096013537e-06,7.000000096013537e-06,6.000000212225132e-06,7.000000096013537e-06,1150138558,PEPE,0.0,0.0,0.07709437610030169,0.09063516107354833,7.1428572222690235e-06,6.533333377471232e-06,1.0932944654101995
2024-05-02,7.999999979801942e-06,7.999999979801942e-06,7.000000096013537e-06,7.000000096013537e-06,1175780588,PEPE,0.14285712429602682,0.13353137638354595,0.07709437610030169,0.09063516107354834,7.1428572222690235e-06,6.566666706930846e-06,1.0877447479906406
2024-05-03,7.999999979801942e-06,7.999999979801942e-06,7.000000096013537e-06,7.999999979801942e-06,1121183691,PEPE,0.0,0.0,0.05047011630500405,0.09063516107354834,7.285714348524509e-06,6.600000036390459e-06,1.1038961073262459
2024-05-04,9.000000318337698e-06,9.000000318337698e-06,7.999999979801942e-06,7.999999979801942e-06,1088251003,PEPE,0.12500004263256415,0.11778307355199531,0.0614827528106306,0.0929570068467171,7.57142866599939e-06,6.666666710467931e-06,1.13571429243805
2024-05-05,9.000000318337698e-06,9.000000318337698e-06,7.999999979801942e-06,9.000000318337698e-06,716177870,PEPE,0.0,0.0,0.0614827528106306,0.0929570068467171,7.85714298347427e-06,6.733333384545403e-06,1.1669024144130864
2024-05-06,7.999999979801942e-06,9.000000318337698e-06,7.999999979801942e-06,9.000000318337698e-06,986405808,PEPE,-0.11111114479609885,-0.11778307355199538,0.08468480842684961,0.09576784880776175,8.000000109729757e-06,6.766666714005017e-06,1.1822660177975222
2024-05-07,7.999999979801942e-06,9.000000318337698e-06,7.999999979801942e-06,7.999999979801942e-06,703344798,PEPE,0.0,0.0,0.08468480842684961,0.09576784880776175,8.142857235985243e-06,6.80000004346463e-06,1.1974789976378326
2024-05-08,7.999999979801942e-06,7.999999979801942e-06,7.999999979801942e-06,7.999999979801942e-06,695054432,PEPE,0.0,0.0,0.08468480842684961,0.09261277764237956,8.285714362240729e-06,6.80000004346463e-06,1.2184873984234743
2024-05-09,9.000000318337698e-06,9.000000318337698e-06,7.999999979801942e-06,7.999999979801942e-06,907776161,PEPE,0.12500004263256415,0.11778307355199531,0.08127804253171952,0.09147707389588798,8.428571553460123e-06,6.866666717542103e-06,1.2274618676231746
2024-05-10,7.999999979801942e-06,9.000000318337698e-06,7.999999979801942e-06,9.000000318337698e-06,755386201,PEPE,-0.11111114479609885,-0.11778307355199538,0.09616947684636325,0.09433202421192632,8.428571553460123e-06,6.900000047001716e-06,1.2215321008762345
2024-05-11,7.999999979801942e-06,9.000000318337698e-06,7.999999979801942e-06,7.999999979801942e-06,613768071,PEPE,0.0,0.0,0.08127804253171952,0.09433202421192632,8.285714362240729e-06,6.93333337646133e-06,1.195054948658712
2024-05-12,9.000000318337698e-06,9.000000318337698e-06,7.999999979801942e-06,7.999999979801942e-06,454301826,PEPE,0.12500004263256415,0.11778307355199531,0.09616947684636325,0.09159169310301381,8.285714362240729e-06,7.033333379998415e-06,1.1780636455828852
2024-05-13,9.999999747378752e-06,1.1000000085914508e-05,7.999999979801942e-06,9.000000318337698e-06,1920999117,PEPE,0.11111104374113556,0.10536045502484646,0.08718380211588374,0.08521913478801633,8.571428614751702e-06,7.2000000424547276e-06,1.190476189473661
2024-05-14,1.1000000085914508e-05,1.1000000085914508e-05,9.999999747378752e-06,9.999999747378752e-06,3718546039,PEPE,0.10000003637978905,0.09531021287685981,0.08880303920264528,0.08610012125432179,9.000000058482069e-06,7.400000049528898e-06,1.2162162159789485
2024-05-15,1.1000000085914508e-05,1.2000000424450263e-05,9.999999747378752e-06,1.1000000085914508e-05,2940932566,PEPE,0.0,0.0,0.08880303920264528,0.08610012125432179,9.428571502212435e-06,7.60000005660307e-06,1.240601504209287
2024-05-16,9.999999747378752e-06,1.1000000085914508e-05,9.999999747378752e-06,1.1000000085914508e-05,1552051656,PEPE,-0.09090912097503123,-0.09531021287685976,0.09611518390205386,0.08881883934278603,9.571428563504014e-06,7.766666719059383e-06,1.2323727681034322
2024-05-17,9.999999747378752e-06,9.999999747378752e-06,9.999999747378752e-06,9.999999747378752e-06,1059530808,PEPE,0.0,0.0,0.07749027964293823,0.08881883934278603,9.857142816014988e-06,7.933333381515695e-06,1.2424969860691446
2024-05-18,9.999999747378752e-06,9.999999747378752e-06,9.000000318337698e-06,9.999999747378752e-06,936291464,PEPE,0.0,0.0,0.07749027964293823,0.08881883934278603,1.014285706852596e-05,8.100000043972007e-06,1.2522045695634583
2024-05-19,9.000000318337698e-06,9.999999747378752e-06,9.000000318337698e-06,9.999999747378752e-06,708746406,PEPE,-0.09999994543031654,-0.10536045502484652,0.08202613843906735,0.09179705600297686,1.014285706852596e-05,8.233333392126952e-06,1.231925950942904
2024-05-20,1.1000000085914508e-05,1.1000000085914508e-05,9.000000318337698e-06,9.000000318337698e-06,1925967866,PEPE,0.2222221885372344,0.2006706679017062,0.10664575024421236,0.09297229568818591,1.0285714259745354e-05,8.400000054583263e-06,1.224489784870084
2024-05-21,1.4000000192027072e-05,1.4000000192027072e-05,1.1000000085914508e-05,1.1000000085914508e-05,3799156649,PEPE,0.2727272802437577,0.24116206272269766,0.13558777659513752,0.10122473416759126,1.071428570347572e-05,8.666666720576663e-06,1.236263727326394
2024-05-22,1.2999999853491316e-05,1.4000000192027072e-05,1.2999999853491316e-05,1.4000000192027072e-05,3155203129,PEPE,-0.07142859462996654,-0.07410799713984,0.14149086653629064,0.10000574658208397,1.0999999955986692e-05,8.866666712492588e-06,1.240601492383645
2024-05-23,1.4999999621068127e-05,1.4999999621068127e-05,1.2999999853491316e-05,1.2999999853491316e-05,4324465074,PEPE,0.15384613770127742,0.143100829648447,0.1366336538635761,0.10039277573680941,1.1714285652228032e-05,9.100000033868127e-06,1.2872841328164977
2024-05-24,1.4000000192027072e-05,1.4999999621068127e-05,1.4000000192027072e-05,1.4999999621068127e-05,2063706985,PEPE,-0.0666666302868778,-0.06899283250860701,0.14380841783342552,0.09762145087359991,1.2285714287177793e-05,9.333333370401912e-06,1.3163265255410828
2024-05-25,1.4999999621068127e-05,1.5999999959603883e-05,1.4000000192027072e-05,1.4000000192027072e-05,2100066249,PEPE,0.07142852966606039,0.06899283250860706,0.14232155732928078,0.0957981603202258,1.2999999983419133e-05,9.566666691777452e-06,1.3588850121215814
2024-05-26,1.5999999959603883e-05,1.5999999959603883e-05,1.4999999621068127e-05,1.4999999621068127e-05,2324234821,PEPE,0.06666669091985922,0.06453854387493893,0.12301149423489105,0.09151364058645602,1.3999999932171445e-05,9.866666687230463e-06,1.418918909087137
2024-05-27,1.700000029813964e-05,1.700000029813964e-05,1.5999999959603883e-05,1.5999999959603883e-05,2656447049,PEPE,0.06250002131628207,0.06062464187881777,0.11136867129281018,0.09155351594725457,1.4857142819632177e-05,1.0200000027301333e-05,1.4565826254770127
2024-05-28,1.5999999959603883e-05,1.700000029813964e-05,1.5999999959603883e-05,1.700000029813964e-05,2448925756,PEPE,-0.058823548294007266,-0.06062464187881776,0.08607995311801757,0.09288820503314246,1.514285707214315e-05,1.0500000022754345e-05,1.44217686088832
2024-05-29,1.4999999621068127e-05,1.5999999959603883e-05,1.4000000192027072e-05,1.5999999959603883e-05,1985712103,PEPE,-0.06250002131628207,-0.06453854387493897,0.084413273284922,0.09428525413515515,1.5428571324654123e-05,1.0766666673589497e-05,1.4329942397585522
2024-05-30,1.4000000192027072e-05,1.4999999621068127e-05,1.2999999853491316e-05,1.4999999621068127e-05,2488925844,PEPE,-0.0666666302868778,-0.06899283250860701,0.06985839599627984,0.09575622588268021,1.5285714263362543e-05,1.1000000010123282e-05,1.3896103862995568
2024-05-31,1.4999999621068127e-05,1.5999999959603883e-05,1.4000000192027072e-05,1.4000000192027072e-05,2060799172,PEPE,0.07142852966606039,0.06899283250860706,0.06985839599627984,0.0960103419622818,1.5428571324654123e-05,1.1266666660958435e-05,1.3693998224086663
2024-06-01,1.4999999621068127e-05,1.5999999959603883e-05,1.4999999621068127e-05,1.4999999621068127e-05,1212162620,PEPE,0.0,0.0,0.06480890315893624,0.0938967232940952,1.5428571324654123e-05,1.1499999982333974e-05,1.3416148998569675
2024-06-02,1.4999999621068127e-05,1.4999999621068127e-05,1.4000000192027072e-05,1.4999999621068127e-05,1362678022,PEPE,0.0,0.0,0.05836795350351662,0.0938967232940952,1.528571413343473e-05,1.1733333303709515e-05,1.3027597305705212
2024-06-03,1.4000000192027072e-05,1.4999999621068127e-05,1.4000000192027072e-05,1.4999999621068127e-05,1514383632,PEPE,-0.0666666302868778,-0.06899283250860701,0.052813162636092544,0.09344606135744095,1.4857142689704364e-05,1.1899999966165828e-05,1.2484993892391856
2024-06-04,1.4000000192027072e-05,1.4999999621068127e-05,1.4000000192027072e-05,1.4000000192027072e-05,1270886811,PEPE,0.0,0.0,0.05147495154334636,0.09344606135744095,1.457142843719339e-05,1.206666662862214e-05,1.2075769461161672
2024-06-05,1.4999999621068127e-05,1.4999999621068127e-05,1.4000000192027072e-05,1.4000000192027072e-05,1434120193,PEPE,0.07142852966606039,0.06899283250860706,0.05633241185179721,0.09048824685733015,1.457142843719339e-05,1.2299999949997679e-05,1.18466898344956
2024-06-06,1.4000000192027072e-05,1.4999999621068127e-05,1.4000000192027072e-05,1.4999999621068127e-05,1070946562,PEPE,-0.0666666302868778,-0.06899283250860701,0.05633241185179721,0.0919047867548803,1.457142843719339e-05,1.249999995707185e-05,1.1657142789788277
2024-06-07,1.2999999853491316e-05,1.4000000192027072e-05,1.2000000424450263e-05,1.4000000192027072e-05,1949538461,PEPE,-0.07142859462996654,-0.07410799713984,0.05298839696064019,0.09340714256546429,1.4285714184682416e-05,1.2666666619528162e-05,1.1278195450931165
2024-06-08,1.2000000424450263e-05,1.2999999853491316e-05,1.2000000424450263e-05,1.2999999853491316e-05,1225905124,PEPE,-0.07692303387007271,-0.08004266103278294,0.05637015675159718,0.09296912190721043,1.3857142870879865e-05,1.2766666623065248e-05,1.085415894376413
2024-06-09,1.2999999853491316e-05,1.2999999853491316e-05,1.2000000424450263e-05,1.2000000424450263e-05,1013096860,PEPE,0.0833332828058515,0.08004266103278287,0.07030917015246335,0.09060902834760445,1.3571428618368892e-05,1.2933333285521561e-05,1.0493372681860489
2024-06-10,1.2000000424450263e-05,1.2999999853491316e-05,1.2000000424450263e-05,1.2999999853491316e-05,982533895,PEPE,-0.07692303387007271,-0.08004266103278294,0.07169131475601571,0.09226534205271077,1.328571436585792e-05,1.3066666633676505e-05,1.0167638570970248
2024-06-11,1.2999999853491316e-05,1.2999999853491316e-05,1.2000000424450263e-05,1.2000000424450263e-05,1311776410,PEPE,0.0833332828058515,0.08004266103278287,0.08150128496681656,0.0910438631780487,1.3142857174638525e-05,1.3199999951514959e-05,0.9956710017358844
2024-06-12,1.2999999853491316e-05,1.4000000192027072e-05,1.2000000424450263e-05,1.2999999853491316e-05,1394353077,PEPE,0.0,0.0,0.07411017669711407,0.08934486117497513,1.2857142922127554e-05,1.3299999955052044e-05,0.9667024786149514
2024-06-13,1.2000000424450263e-05,1.2999999853491316e-05,1.2000000424450263e-05,1.2999999853491316e-05,888843284,PEPE,-0.07692303387007271,-0.08004266103278294,0.07542269879814394,0.08922222306589682,1.257142866961658e-05,1.3333333299669903e-05,0.942857152601729
2024-06-14,1.1000000085914508e-05,1.2000000424450263e-05,1.1000000085914508e-05,1.2000000424450263e-05,965044778,PEPE,-0.08333335859707414,-0.08701140455007465,0.07704803639335155,0.09072141864888118,1.2285714417105606e-05,1.3333333299669903e-05,0.921428583609304
2024-06-15,1.2000000424450263e-05,1.2000000424450263e-05,1.1000000085914508e-05,1.1000000085914508e-05,629594246,PEPE,0.09090912097503123,0.08701140455007468,0.08243106148411698,0.09022191167046838,1.2285714417105606e-05,1.339999998890562e-05,0.916844360244584
2024-06-16,1.2000000424450263e-05,1.2000000424450263e-05,1.1000000085914508e-05,1.2000000424450263e-05,552649374,PEPE,0.0,0.0,0.07466278715618577,0.09022191167046838,1.2142857355814027e-05,1.3466666678141337e-05,0.901697327633714
2024-06-17,1.1000000085914508e-05,1.2000000424450263e-05,1.1000000085914508e-05,1.2000000424450263e-05,817400214,PEPE,-0.08333335859707414,-0.08701140455007465,0.07576833058557707,0.09180865209595399,1.2000000164594635e-05,1.3500000022759195e-05,0.8888888995825361
2024-06-18,1.1000000085914508e-05,1.1000000085914508e-05,9.999999747378752e-06,1.1000000085914508e-05,1112588962,PEPE,0.0,0.0,0.06472127184466343,0.08949970421160448,1.1714285912083661e-05,1.3566666681678423e-05,0.86346087708513
2024-06-19,1.1000000085914508e-05,1.2000000424450263e-05,1.1000000085914508e-05,1.1000000085914508e-05,798892508,PEPE,0.0,0.0,0.06472127184466343,0.0816572500685689,1.1428571659572689e-05,1.3566666681678423e-05,0.8424008584958309
2024-06-20,1.1000000085914508e-05,1.2000000424450263e-05,1.1000000085914508e-05,1.1000000085914508e-05,821320735,PEPE,0.0,0.0,0.06004357355001143,0.06779062839839806,1.1285714468353295e-05,1.3466666678141337e-05,0.8380481033715571
2024-06-21,1.1000000085914508e-05,1.2000000424450263e-05,1.1000000085914508e-05,1.1000000085914508e-05,764241588,PEPE,0.0,0.0,0.05023605783955338,0.06664054815055655,1.1285714468353295e-05,1.340000001922211e-05,0.8422174964301565
2024-06-22,1.1000000085914508e-05,1.2000000424450263e-05,1.1000000085914508e-05,1.1000000085914508e-05,363923109,PEPE,0.0,0.0,0.032887219666562176,0.06046765156564014,1.1142857277133902e-05,1.3266666701383657e-05,0.8399138629126599
2024-06-23,1.1000000085914508e-05,1.2000000424450263e-05,1.1000000085914508e-05,1.1000000085914508e-05,450159396,PEPE,0.0,0.0,0.032887219666562176,0.05946359536467729,1.1000000085914508e-05,1.316666669784657e-05,0.8354430425214284
2024-06-24,1.1000000085914508e-05,1.1000000085914508e-05,9.999999747378752e-06,1.1000000085914508e-05,861716624,PEPE,0.0,0.0,0.0,0.057689342772128775,1.1000000085914508e-05,1.3033333380008116e-05,0.8439897733903939
2024-06-25,1.2999999853491316e-05,1.2999999853491316e-05,1.1000000085914508e-05,1.1000000085914508e-05,1054198048,PEPE,0.18181815926872646,0.16705406558285762,0.06314050186207394,0.0648672339892714,1.1285714338425478e-05,1.2933333376471031e-05,0.8726067758337549
2024-06-26,1.2999999853491316e-05,1.2999999853491316e-05,1.2000000424450263e-05,1.2999999853491316e-05,738913681,PEPE,0.0,0.0,0.06314050186207394,0.06362278933588178,1.1571428590936453e-05,1.2800000028316087e-05,0.9040178566670473
2024-06-27,1.2999999853491316e-05,1.2999999853491316e-05,1.2000000424450263e-05,1.2999999853491316e-05,581890027,PEPE,0.0,0.0,0.06314050186207394,0.0628831123953548,1.1857142843447427e-05,1.2700000024779e-05,0.9336332929380258
2024-06-28,1.2000000424450263e-05,1.2999999853491316e-05,1.1000000085914508e-05,1.2999999853491316e-05,549486585,PEPE,-0.07692303387007271,-0.08004266103278294,0.07442257631880958,0.06343426208572385,1.200000003466682e-05,1.2600000051558406e-05,0.9523809512352044
2024-06-29,1.1000000085914508e-05,1.2000000424450263e-05,1.1000000085914508e-05,1.2000000424450263e-05,309304168,PEPE,-0.08333335859707414,-0.08701140455007465,0.08355125466317831,0.06411879207024966,1.200000003466682e-05,1.250000004802132e-05,0.9599999990853081
2024-06-30,1.2000000424450263e-05,1.2000000424450263e-05,1.1000000085914508e-05,1.1000000085914508e-05,491818914,PEPE,0.09090912097503123,0.08701140455007468,0.0897907644091972,0.06494432887903005,1.2142857225886214e-05,1.2400000074800726e-05,0.9792626735997303
2024-07-01,1.1000000085914508e-05,1.2000000424450263e-05,1.1000000085914508e-05,1.2000000424450263e-05,498789580,PEPE,-0.08333335859707414,-0.08701140455007465,0.09749089015415846,0.06652441248071882,1.2142857225886214e-05,1.226666675696227e-05,0.9899068317800527
2024-07-02,1.1000000085914508e-05,1.2000000424450263e-05,1.1000000085914508e-05,1.1000000085914508e-05,491600716,PEPE,0.0,0.0,0.06472127184466343,0.06652441248071882,1.185714297337524e-05,1.2133333439123816e-05,0.9772370497246863
2024-07-03,9.999999747378752e-06,1.1000000085914508e-05,9.999999747378752e-06,1.1000000085914508e-05,720589677,PEPE,-0.09090912097503123,-0.09531021287685976,0.06876317366296239,0.06749104687884502,1.1428571529644874e-05,1.2000000090968872e-05,0.9523809535839877
2024-07-04,9.000000318337698e-06,9.999999747378752e-06,9.000000318337698e-06,9.999999747378752e-06,995698478,PEPE,-0.09999994543031654,-0.10536045502484652,0.07069569657024798,0.06959578052794387,1.0857143024622928e-05,1.183333342851256e-05,0.9175050369545501
2024-07-05,9.000000318337698e-06,9.000000318337698e-06,7.999999979801942e-06,9.000000318337698e-06,1496097913,PEPE,0.0,0.0,0.07196621814614973,0.06785194580697465,1.0428571580892562e-05,1.163333345175488e-05,0.8964388087164664
2024-07-06,9.999999747378752e-06,9.999999747378752e-06,9.000000318337698e-06,9.000000318337698e-06,676968608,PEPE,0.11111104374113556,0.10536045502484646,0.0867274823443647,0.07065648564472539,1.0285714389673168e-05,1.1500000103599936e-05,0.8944099388706396
2024-07-07,7.999999979801942e-06,9.999999747378752e-06,7.999999979801942e-06,9.999999747378752e-06,628593537,PEPE,-0.19999998181010548,-0.22314352857684186,0.10421428941433562,0.07986959078592099,9.714285754723409e-06,1.1333333441143623e-05,0.8571428525571696
2024-07-08,9.000000318337698e-06,9.000000318337698e-06,7.999999979801942e-06,7.999999979801942e-06,1245509853,PEPE,0.12500004263256415,0.11778307355199531,0.12192818962742145,0.08253734392631765,9.428571502212435e-06,1.1233333437606536e-05,0.8393387016046202
2024-07-09,9.000000318337698e-06,9.999999747378752e-06,9.000000318337698e-06,9.000000318337698e-06,685806259,PEPE,0.0,0.0,0.12192818962742145,0.08081576963968387,9.142857249701461e-06,1.1100000119768082e-05,0.8236808244189899
2024-07-10,9.000000318337698e-06,9.000000318337698e-06,9.000000318337698e-06,9.000000318337698e-06,631092690,PEPE,0.0,0.0,0.1185198334424109,0.07981580648042698,9.000000188409882e-06,1.1000000116230997e-05,0.8181818266647084
2024-07-11,9.000000318337698e-06,9.999999747378752e-06,9.000000318337698e-06,9.000000318337698e-06,683950886,PEPE,0.0,0.0,0.1116293810219943,0.07803421329240255,9.000000188409882e-06,1.0866666798392544e-05,0.828220866194334
2024-07-12,9.000000318337698e-06,9.000000318337698e-06,7.999999979801942e-06,9.000000318337698e-06,636717140,PEPE,0.0,0.0,0.1116293810219943,0.07803421329240255,9.000000188409882e-06,1.073333348055409e-05,0.8385093228227242
2024-07-13,9.000000318337698e-06,9.000000318337698e-06,7.999999979801942e-06,9.000000318337698e-06,422845322,PEPE,0.0,0.0,0.10171861067770534,0.07699813495033951,8.857143127118303e-06,1.0633333477017005e-05,0.832960157439078
2024-07-14,9.000000318337698e-06,9.000000318337698e-06,9.000000318337698e-06,9.000000318337698e-06,611304381,PEPE,0.0,0.0,0.04451781732448732,0.07560744691986089,9.000000318337698e-06,1.0566666818097777e-05,0.8517350336932349
2024-07-15,1.1000000085914508e-05,1.1000000085914508e-05,9.000000318337698e-06,9.000000318337698e-06,1340319017,PEPE,0.2222221885372344,0.2006706679017062,0.07584638324187824,0.08295527496920295,9.285714570848671e-06,1.0533333473479918e-05,0.8815551690476321
2024-07-16,1.2000000424450263e-05,1.2999999853491316e-05,1.1000000085914508e-05,1.1000000085914508e-05,2260569599,PEPE,0.09090912097503123,0.08701140455007468,0.07747763664056397,0.08456564525894064,9.714286014579037e-06,1.0533333473479918e-05,0.9222423308857524
2024-07-17,1.2000000424450263e-05,1.2999999853491316e-05,1.2000000424450263e-05,1.2000000424450263e-05,1146391551,PEPE,0.0,0.0,0.07747763664056397,0.08295527496920295,1.0142857458309404e-05,1.0566666818097777e-05,0.9598918592698972
2024-07-18,1.2000000424450263e-05,1.2000000424450263e-05,1.1000000085914508e-05,1.2000000424450263e-05,990621403,PEPE,0.0,0.0,0.07747763664056397,0.08295527496920295,1.057142890203977e-05,1.0600000162715636e-05,0.9973045980908225
2024-07-19,1.2999999853491316e-05,1.2999999853491316e-05,1.1000000085914508e-05,1.2000000424450263e-05,1116216503,PEPE,0.0833332828058515,0.08004266103278287,0.07629894585576277,0.08413755364882854,1.1142857407061716e-05,1.0666666821634862e-05,1.044642866735184
2024-07-20,1.2000000424450263e-05,1.2999999853491316e-05,1.2000000424450263e-05,1.2999999853491316e-05,789663976,PEPE,-0.07692303387007271,-0.08004266103278294,0.09021304436985221,0.08557702859708524,1.1571428850792082e-05,1.070000016625272e-05,1.0814419318691044
2024-07-21,1.2000000424450263e-05,1.2999999853491316e-05,1.2000000424450263e-05,1.2000000424450263e-05,783290609,PEPE,0.0,0.0,0.09021304436985221,0.08557702859708524,1.2000000294522448e-05,1.073333351087058e-05,1.1180124313074782
2024-07-22,1.2000000424450263e-05,1.2999999853491316e-05,1.2000000424450263e-05,1.2999999853491316e-05,649520933,PEPE,0.0,0.0,0.05672017641427409,0.08557702859708524,1.2142857485741843e-05,1.0766666855488438e-05,1.127819560939779
2024-07-23,1.2999999853491316e-05,1.2999999853491316e-05,1.2000000424450263e-05,1.2000000424450263e-05,1110281989,PEPE,0.0833332828058515,0.08004266103278287,0.05523468365683811,0.08672357299085282,1.2285714547033422e-05,1.0833333514407663e-05,1.1340659392322947
2024-07-24,1.2000000424450263e-05,1.2999999853491316e-05,1.2000000424450263e-05,1.2999999853491316e-05,1043228858,PEPE,-0.07692303387007271,-0.08004266103278294,0.06535455906162445,0.08812081480442983,1.2285714547033422e-05,1.0866666859025522e-05,1.130587208241254
2024-07-25,1.1000000085914508e-05,1.2000000424450263e-05,1.1000000085914508e-05,1.2000000424450263e-05,1046612458,PEPE,-0.08333335859707414,-0.08701140455007465,0.07316274740286915,0.08390863597326384,1.2142857355814027e-05,1.0800000200106296e-05,1.1243386232247028
2024-07-26,1.2000000424450263e-05,1.2000000424450263e-05,1.1000000085914508e-05,1.1000000085914508e-05,665106741,PEPE,0.09090912097503123,0.08701140455007468,0.07466278715618578,0.08559462912152935,1.2000000294522448e-05,1.0766666885804927e-05,1.1145510882614547
2024-07-27,1.2000000424450263e-05,1.2000000424450263e-05,1.2000000424450263e-05,1.2000000424450263e-05,676884961,PEPE,0.0,0.0,0.06825885072522549,0.08559462912152935,1.2000000294522448e-05,1.0733333571503558e-05,1.1180124249917867
2024-07-28,1.2000000424450263e-05,1.2000000424450263e-05,1.2000000424450263e-05,1.2000000424450263e-05,396624894,PEPE,0.0,0.0,0.06825885072522549,0.08433788955709762,1.2000000294522448e-05,1.0733333571503558e-05,1.1180124249917867
2024-07-29,1.2000000424450263e-05,1.2000000424450263e-05,1.2000000424450263e-05,1.2000000424450263e-05,691221435,PEPE,0.0,0.0,0.06825885072522549,0.08272308566597524,1.2000000294522448e-05,1.0766666916121417e-05,1.1145510851231317
2024-07-30,1.1000000085914508e-05,1.2000000424450263e-05,1.1000000085914508e-05,1.2000000424450263e-05,554543548,PEPE,-0.08333335859707414,-0.08701140455007465,0.06472127184466345,0.08272308566597522,1.1714286042011476e-05,1.0733333571503558e-05,1.0913930852864107
2024-07-31,1.1000000085914508e-05,1.2000000424450263e-05,1.1000000085914508e-05,1.1000000085914508e-05,527626050,PEPE,0.0,0.0,0.06004357355001145,0.08118338962727772,1.1571428850792082e-05,1.0733333571503558e-05,1.0780834093811846
2024-08-01,1.1000000085914508e-05,1.1000000085914508e-05,9.999999747378752e-06,1.1000000085914508e-05,849431390,PEPE,0.0,0.0,0.0502360578395534,0.08118338962727772,1.1571428850792082e-05,1.0733333571503558e-05,1.0780834093811846
2024-08-02,9.000000318337698e-06,1.1000000085914508e-05,9.000000318337698e-06,1.1000000085914508e-05,857865390,PEPE,-0.18181815926872658,-0.20067066790170623,0.07747763664056403,0.08748323830612083,1.1142857407061716e-05,1.0700000257202189e-05,1.0413885176835802
2024-08-03,9.000000318337698e-06,9.999999747378752e-06,7.999999979801942e-06,9.000000318337698e-06,817918040,PEPE,0.0,0.0,0.07747763664056403,0.08534219043605633,1.071428596333135e-05,1.0700000257202189e-05,1.0013351126902585
2024-08-04,7.999999979801942e-06,9.000000318337698e-06,7.999999979801942e-06,9.000000318337698e-06,931080701,PEPE,-0.11111114479609885,-0.11778307355199538,0.07981912478623106,0.08800976015345832,1.0142857328381588e-05,1.0666666912584332e-05,0.9508928526131474
2024-08-05,7.000000096013537e-06,7.999999979801942e-06,6.000000212225132e-06,7.999999979801942e-06,2495293093,PEPE,-0.12499998578914528,-0.13353137638354592,0.07962486831256253,0.08858611312797422,9.428571567176342e-06,1.0566666924205491e-05,0.892293817417291
2024-08-06,7.999999979801942e-06,7.999999979801942e-06,7.000000096013537e-06,7.000000096013537e-06,1276664010,PEPE,0.14285712429602682,0.13353137638354595,0.11203815239406928,0.08301550418729556,9.000000123445975e-06,1.0566666924205491e-05,0.8517350066963227
2024-08-07,7.000000096013537e-06,7.999999979801942e-06,7.000000096013537e-06,7.999999979801942e-06,1065843813,PEPE,-0.12499998578914528,-0.13353137638354592,0.11434530378581163,0.08339935536162528,8.428571553460123e-06,1.0500000250128019e-05,0.8027210812073419
2024-08-08,9.000000318337698e-06,9.000000318337698e-06,7.000000096013537e-06,7.000000096013537e-06,1056821087,PEPE,0.2857143135559599,0.2513144499355413,0.16585120525321,0.09594761015488659,8.14285730094915e-06,1.0500000250128019e-05,0.7755102006640304
2024-08-09,9.000000318337698e-06,9.000000318337698e-06,7.999999979801942e-06,9.000000318337698e-06,891374848,PEPE,0.0,0.0,0.1474921978718486,0.09594761015488659,8.14285730094915e-06,1.0500000250128019e-05,0.7755102006640304
2024-08-10,7.999999979801942e-06,9.000000318337698e-06,7.999999979801942e-06,9.000000318337698e-06,462844741,PEPE,-0.11111114479609885,-0.11778307355199538,0.15406422197384098,0.09832788164238694,8.000000109729757e-06,1.046666690551016e-05,0.7643312032332059
2024-08-11,7.999999979801942e-06,9.000000318337698e-06,7.999999979801942e-06,7.999999979801942e-06,686392211,PEPE,0.0,0.0,0.1474921978718486,0.09832788164238694,8.000000109729757e-06,1.0433333560892301e-05,0.7667731567326181
2024-08-12,7.999999979801942e-06,7.999999979801942e-06,7.999999979801942e-06,7.999999979801942e-06,822788704,PEPE,0.0,0.0,0.1354903621908747,0.09832788164238694,8.142857235985243e-06,1.0400000216274442e-05,0.7829670256393737
2024-08-13,7.999999979801942e-06,7.999999979801942e-06,7.999999979801942e-06,7.999999979801942e-06,549007334,PEPE,0.0,0.0,0.12573943536843885,0.09832788164238694,8.142857235985243e-06,1.0366666871656584e-05,0.7854846053024584
2024-08-14,7.999999979801942e-06,7.999999979801942e-06,7.999999979801942e-06,7.999999979801942e-06,583948607,PEPE,0.0,0.0,0.11141855958645164,0.09043879283160441,8.285714362240729e-06,1.0266666868119499e-05,0.8070500843822925
2024-08-15,7.000000096013537e-06,7.999999979801942e-06,7.000000096013537e-06,7.999999979801942e-06,631552386,PEPE,-0.12499998578914528,-0.13353137638354592,0.06148275281063064,0.09118988222449735,8.000000044765848e-06,1.0100000190504942e-05,0.7920791974129552
2024-08-16,7.000000096013537e-06,7.999999979801942e-06,7.000000096013537e-06,7.000000096013537e-06,716028157,PEPE,0.0,0.0,0.06148275281063064,0.09118988222449735,7.714285727290968e-06,9.933333512890383e-06,0.7766059316623387
2024-08-17,7.000000096013537e-06,7.999999979801942e-06,7.000000096013537e-06,7.000000096013537e-06,470727528,PEPE,0.0,0.0,0.050470116305004066,0.09118988222449735,7.571428601035482e-06,9.766666835275826e-06,0.7752315839922529
2024-08-18,7.000000096013537e-06,7.999999979801942e-06,7.000000096013537e-06,7.000000096013537e-06,412110723,PEPE,0.0,0.0,0.050470116305004066,0.08937632071193505,7.428571474779996e-06,9.566666843359902e-06,0.7765057147292707
2024-08-19,7.999999979801942e-06,7.999999979801942e-06,7.000000096013537e-06,7.000000096013537e-06,491702584,PEPE,0.14285712429602682,0.13353137638354595,0.0770943761003017,0.09291691867567381,7.428571474779996e-06,9.433333495204958e-06,0.7874810615522074
2024-08-20,7.999999979801942e-06,7.999999979801942e-06,7.999999979801942e-06,7.999999979801942e-06,758370814,PEPE,0.0,0.0,0.0770943761003017,0.09291691867567381,7.428571474779996e-06,9.300000147050014e-06,0.798771113690397
2024-08-21,7.999999979801942e-06,7.999999979801942e-06,7.999999979801942e-06,7.999999979801942e-06,565202491,PEPE,0.0,0.0,0.0770943761003017,0.09291691867567381,7.428571474779996e-06,9.166666798895069e-06,0.8103896037407425
2024-08-22,7.999999979801942e-06,7.999999979801942e-06,7.999999979801942e-06,7.999999979801942e-06,469949117,PEPE,0.0,0.0,0.05047011630500403,0.09127242984699734,7.571428601035482e-06,9.000000136438758e-06,0.8412698318059635
2024-08-23,9.000000318337698e-06,9.000000318337698e-06,7.999999979801942e-06,7.999999979801942e-06,887387635,PEPE,0.12500004263256415,0.11778307355199531,0.061482752810630564,0.09361580027044485,7.857142918510363e-06,8.900000132901671e-06,0.8828250338406113
2024-08-24,9.000000318337698e-06,9.999999747378752e-06,9.000000318337698e-06,9.000000318337698e-06,910370845,PEPE,0.0,0.0,0.061482752810630564,0.0924753551179162,8.142857235985243e-06,8.833333473982445e-06,0.921832879961917
2024-08-25,9.000000318337698e-06,9.999999747378752e-06,9.000000318337698e-06,9.000000318337698e-06,721497858,PEPE,0.0,0.0,0.061482752810630564,0.09078425632622107,8.428571553460123e-06,8.733333470445358e-06,0.9651035978396353
2024-08-26,9.000000318337698e-06,9.000000318337698e-06,7.999999979801942e-06,9.000000318337698e-06,647824679,PEPE,0.0,0.0,0.04451781732448732,0.09078425632622107,8.571428744679516e-06,8.633333466908273e-06,0.9928295689647528
2024-08-27,7.999999979801942e-06,9.000000318337698e-06,7.999999979801942e-06,9.000000318337698e-06,706264957,PEPE,-0.11111114479609885,-0.11778307355199538,0.06800208922122625,0.09287795850878158,8.571428744679516e-06,8.50000011875333e-06,1.0084033676386186
2024-08-28,7.999999979801942e-06,7.999999979801942e-06,7.000000096013537e-06,7.999999979801942e-06,794705031,PEPE,0.0,0.0,0.06800208922122625,0.09287795850878158,8.571428744679516e-06,8.366666770598386e-06,1.024473542414847
2024-08-29,7.999999979801942e-06,7.999999979801942e-06,7.999999979801942e-06,7.999999979801942e-06,556386552,PEPE,0.0,0.0,0.06800208922122625,0.09185667163216327,8.571428744679516e-06,8.2666667670613e-06,1.036866367812544
2024-08-30,7.999999979801942e-06,7.999999979801942e-06,7.000000096013537e-06,7.999999979801942e-06,531723960,PEPE,0.0,0.0,0.04451781732448738,0.09185667163216327,8.428571553460123e-06,8.166666763524214e-06,1.032069973897513
2024-08-31,7.999999979801942e-06,7.999999979801942e-06,7.999999979801942e-06,7.999999979801942e-06,279677554,PEPE,0.0,0.0,0.04451781732448738,0.09185667163216327,8.285714362240729e-06,8.06666675998713e-06,1.0271546611222537
2024-09-01,7.000000096013537e-06,7.999999979801942e-06,7.000000096013537e-06,7.999999979801942e-06,385811661,PEPE,-0.12499998578914528,-0.13353137638354592,0.061482752810630634,0.08779459469188312,8.000000044765848e-06,8.000000085909657e-06,0.999999994857024
2024-09-02,7.999999979801942e-06,7.999999979801942e-06,7.000000096013537e-06,7.000000096013537e-06,439081853,PEPE,0.14285712429602682,0.13353137638354595,0.08902459708210515,0.09153901247577603,7.857142853546456e-06,7.966666741291798e-06,0.9862522317925422
2024-09-03,7.000000096013537e-06,7.999999979801942e-06,7.000000096013537e-06,7.999999979801942e-06,337633744,PEPE,-0.12499998578914528,-0.13353137638354592,0.09214540393386625,0.0922567974396716,7.714285727290968e-06,7.933333411832185e-06,0.9723889475999435
2024-09-04,7.000000096013537e-06,7.999999979801942e-06,7.000000096013537e-06,7.000000096013537e-06,533322002,PEPE,0.0,0.0,0.09214540393386625,0.0889773139131269,7.571428601035482e-06,7.933333411832185e-06,0.9543817469896148
2024-09-05,7.000000096013537e-06,7.000000096013537e-06,7.000000096013537e-06,7.000000096013537e-06,355581266,PEPE,0.0,0.0,0.09214540393386625,0.08533239805630378,7.428571474779996e-06,7.90000008237257e-06,0.9403254933320213
2024-09-06,7.000000096013537e-06,7.000000096013537e-06,6.000000212225132e-06,7.000000096013537e-06,587171573,PEPE,0.0,0.0,0.09214540393386625,0.0817756924483676,7.285714348524509e-06,7.90000008237257e-06,0.9222423129819037
2024-09-07,7.000000096013537e-06,7.000000096013537e-06,7.000000096013537e-06,7.000000096013537e-06,389152941,PEPE,0.0,0.0,0.09214540393386625,0.06660910189839345,7.1428572222690235e-06,7.833333408295099e-06,0.9118541047550847
2024-09-08,7.000000096013537e-06,7.000000096013537e-06,7.000000096013537e-06,7.000000096013537e-06,459734203,PEPE,0.0,0.0,0.07709437610030169,0.06660910189839345,7.1428572222690235e-06,7.766666734217627e-06,0.9196811794176408
2024-09-09,7.000000096013537e-06,7.999999979801942e-06,7.000000096013537e-06,7.000000096013537e-06,568206181,PEPE,0.0,0.0,0.05047011630500405,0.06332850666672954,7.000000096013537e-06,7.733333404758014e-06,0.9051724178485198
2024-09-10,7.000000096013537e-06,7.999999979801942e-06,7.000000096013537e-06,7.000000096013537e-06,919191187,PEPE,0.0,0.0,0.0,0.06332850666672954,7.000000096013537e-06,7.7000000752984e-06,0.9090909126701876
2024-09-11,7.000000096013537e-06,7.000000096013537e-06,7.000000096013537e-06,7.000000096013537e-06,483648515,PEPE,0.0,0.0,0.0,0.06332850666672954,7.000000096013537e-06,7.666666745838786e-06,0.9130434813555586
2024-09-12,7.000000096013537e-06,7.000000096013537e-06,7.000000096013537e-06,7.000000096013537e-06,375258746,PEPE,0.0,0.0,0.0,0.06332850666672954,7.000000096013537e-06,7.633333416379173e-06,0.9170305702870694
2024-09-13,7.999999979801942e-06,7.999999979801942e-06,7.000000096013537e-06,7.000000096013537e-06,494574002,PEPE,0.14285712429602682,0.13353137638354595,0.05047011630500402,0.06816042832753953,7.1428572222690235e-06,7.633333416379173e-06,0.9357454774531775
2024-09-14,7.999999979801942e-06,7.999999979801942e-06,7.999999979801942e-06,7.999999979801942e-06,337581744,PEPE,0.0,0.0,0.05047011630500402,0.06332850666672955,7.285714348524509e-06,7.666666745838786e-06,0.9503105573851838
2024-09-15,7.000000096013537e-06,7.999999979801942e-06,7.000000096013537e-06,7.999999979801942e-06,320655201,PEPE,-0.12499998578914528,-0.13353137638354592,0.07709437610030169,0.06816042832753953,7.285714348524509e-06,7.666666745838786e-06,0.9503105573851838
2024-09-16,7.000000096013537e-06,7.000000096013537e-06,7.000000096013537e-06,7.000000096013537e-06,446011511,PEPE,0.0,0.0,0.07709437610030169,0.06816042832753953,7.285714348524509e-06,7.666666745838786e-06,0.9503105573851838
2024-09-17,7.000000096013537e-06,7.999999979801942e-06,7.000000096013537e-06,7.000000096013537e-06,476926706,PEPE,0.0,0.0,0.07709437610030169,0.06816042832753953,7.285714348524509e-06,7.666666745838786e-06,0.9503105573851838
2024-09-18,7.999999979801942e-06,7.999999979801942e-06,7.000000096013537e-06,7.000000096013537e-06,577026442,PEPE,0.14285712429602682,0.13353137638354595,0.09214540393386622,0.06816042832753953,7.428571474779996e-06,7.666666745838786e-06,0.9689440953999964
2024-09-19,7.999999979801942e-06,7.999999979801942e-06,7.999999979801942e-06,7.999999979801942e-06,893983507,PEPE,0.0,0.0,0.09214540393386622,0.06816042832753953,7.571428601035482e-06,7.666666745838786e-06,0.9875776334148089
2024-09-20,7.999999979801942e-06,7.999999979801942e-06,7.999999979801942e-06,7.999999979801942e-06,801960469,PEPE,0.0,0.0,0.07709437610030169,0.06816042832753953,7.571428601035482e-06,7.666666745838786e-06,0.9875776334148089
2024-09-21,7.999999979801942e-06,7.999999979801942e-06,7.999999979801942e-06,7.999999979801942e-06,395356608,PEPE,0.0,0.0,0.07709437610030169,0.06816042832753953,7.571428601035482e-06,7.666666745838786e-06,0.9875776334148089
2024-09-22,7.999999979801942e-06,7.999999979801942e-06,7.999999979801942e-06,7.999999979801942e-06,440823087,PEPE,0.0,0.0,0.05047011630500402,0.06443232078080498,7.714285727290968e-06,7.633333401220929e-06,1.0106051081244651
2024-09-23,7.999999979801942e-06,7.999999979801942e-06,7.999999979801942e-06,7.999999979801942e-06,536233990,PEPE,0.0,0.0,0.05047011630500402,0.06443232078080498,7.857142853546456e-06,7.60000005660307e-06,1.0338345782931901
2024-09-24,9.000000318337698e-06,9.000000318337698e-06,7.999999979801942e-06,7.999999979801942e-06,835488610,PEPE,0.12500004263256415,0.11778307355199531,0.06148275281063056,0.06816042832753953,8.142857171021336e-06,7.60000005660307e-06,1.0714285671546302
2024-09-25,7.999999979801942e-06,9.000000318337698e-06,7.999999979801942e-06,9.000000318337698e-06,701247874,PEPE,-0.11111114479609885,-0.11778307355199538,0.06800208922122625,0.07147217922827602,8.142857171021336e-06,7.566666711985211e-06,1.0761485183592756
2024-09-26,9.999999747378752e-06,9.999999747378752e-06,7.999999979801942e-06,7.999999979801942e-06,1185428175,PEPE,0.24999997157829057,0.22314352857684194,0.10834008842191938,0.07940788248856522,8.428571423532308e-06,7.633333370904439e-06,1.1041796570367324
2024-09-27,1.1000000085914508e-05,1.1000000085914508e-05,9.000000318337698e-06,9.999999747378752e-06,1212637597,PEPE,0.10000003637978905,0.09531021287685981,0.10964734004760118,0.08099087231390346,8.857142867262674e-06,7.733333374441524e-06,1.1453201922647371
2024-09-28,1.1000000085914508e-05,1.1000000085914508e-05,1.1000000085914508e-05,1.1000000085914508e-05,1262777831,PEPE,0.0,0.0,0.10964734004760118,0.08099087231390346,9.28571431099304e-06,7.833333377978609e-06,1.1854103308174557
2024-09-29,1.1000000085914508e-05,1.2000000424450263e-05,1.1000000085914508e-05,1.1000000085914508e-05,1151187268,PEPE,0.0,0.0,0.10964734004760118,0.08099087231390346,9.714285754723409e-06,7.933333381515695e-06,1.224489793578731
2024-09-30,9.999999747378752e-06,1.1000000085914508e-05,9.999999747378752e-06,1.1000000085914508e-05,1121734458,PEPE,-0.09090912097503123,-0.09531021287685976,0.12151373167457283,0.08325921624360466,1.000000000723438e-05,8.000000040434922e-06,1.2499999945863411
2024-10-01,9.999999747378752e-06,1.1000000085914508e-05,9.000000318337698e-06,9.999999747378752e-06,1744215598,PEPE,0.0,0.0,0.11564898609332194,0.07891929283531728,1.014285706852596e-05,8.100000028813762e-06,1.252204571906819
2024-10-02,9.000000318337698e-06,9.999999747378752e-06,9.000000318337698e-06,9.999999747378752e-06,1320400104,PEPE,-0.09999994543031654,-0.10536045502484652,0.11334320824138151,0.07827179073442471,1.0285714259745354e-05,8.133333373431621e-06,1.26463699291421
2024-10-03,9.000000318337698e-06,9.999999747378752e-06,7.999999979801942e-06,9.000000318337698e-06,1018189061,PEPE,0.0,0.0,0.06792528570476576,0.07385779090147042,1.0142857198453775e-05,8.200000047509093e-06,1.2369337975229477
2024-10-04,9.000000318337698e-06,9.999999747378752e-06,9.000000318337698e-06,9.000000318337698e-06,976695801,PEPE,0.0,0.0,0.04904451772081057,0.07385779090147042,9.857142945942801e-06,8.266666721586565e-06,1.1923963161842561
2024-10-05,9.000000318337698e-06,9.999999747378752e-06,9.000000318337698e-06,9.000000318337698e-06,655213416,PEPE,0.0,0.0,0.04904451772081057,0.07385779090147042,9.57142869343183e-06,8.333333395664037e-06,1.1485714346208677
2024-10-06,9.999999747378752e-06,9.999999747378752e-06,9.000000318337698e-06,9.000000318337698e-06,828053147,PEPE,0.11111104374113556,0.10536045502484646,0.07069649698912367,0.07592187061108129,9.428571502212435e-06,8.433333384042878e-06,1.1180124243697867
2024-10-07,9.999999747378752e-06,1.1000000085914508e-05,9.999999747378752e-06,9.999999747378752e-06,1313374309,PEPE,0.0,0.0,0.06082988707053687,0.07592187061108129,9.428571502212435e-06,8.533333372421719e-06,1.104910717854288
2024-10-08,9.999999747378752e-06,9.999999747378752e-06,9.000000318337698e-06,9.999999747378752e-06,987925121,PEPE,0.0,0.0,0.06082988707053687,0.07592187061108129,9.428571502212435e-06,8.633333360800558e-06,1.0921125257392048
2024-10-09,9.000000318337698e-06,9.999999747378752e-06,9.000000318337698e-06,9.999999747378752e-06,838414118,PEPE,-0.09999994543031654,-0.10536045502484652,0.06082988707053687,0.07887044724159774,9.428571502212435e-06,8.70000003487803e-06,1.08374384648432
2024-10-10,9.000000318337698e-06,9.000000318337698e-06,9.000000318337698e-06,9.000000318337698e-06,719233426,PEPE,0.0,0.0,0.06082988707053687,0.07887044724159774,9.428571502212435e-06,8.766666708955502e-06,1.0755024475358201
2024-10-11,9.999999747378752e-06,9.999999747378752e-06,9.000000318337698e-06,9.000000318337698e-06,780829127,PEPE,0.11111104374113556,0.10536045502484646,0.07270562132928587,0.08080658765428778,9.571428563504014e-06,8.866666697334342e-06,1.0794844207216618
2024-10-12,9.999999747378752e-06,9.999999747378752e-06,9.999999747378752e-06,9.999999747378752e-06,706264833,PEPE,0.0,0.0,0.07270562132928587,0.08080658765428778,9.714285624795593e-06,8.966666685713183e-06,1.0833775766722331
2024-10-13,9.999999747378752e-06,9.999999747378752e-06,9.000000318337698e-06,9.999999747378752e-06,606367903,PEPE,0.0,0.0,0.06082988707053687,0.07748450425999857,9.714285624795593e-06,9.033333344632411e-06,1.075382171141487
2024-10-14,1.1000000085914508e-05,1.1000000085914508e-05,9.999999747378752e-06,9.999999747378752e-06,1267182323,PEPE,0.10000003637978905,0.09531021287685981,0.07069649698912367,0.07910599217042266,9.857142816014988e-06,9.133333348169496e-06,1.0792492116791683
2024-10-15,9.999999747378752e-06,1.1000000085914508e-05,9.999999747378752e-06,1.1000000085914508e-05,1400698291,PEPE,-0.09090912097503123,-0.09531021287685976,0.08202613843906736,0.0769837085410057,9.857142816014988e-06,9.233333336548337e-06,1.0675605934205172
2024-10-16,9.999999747378752e-06,1.1000000085914508e-05,9.999999747378752e-06,9.999999747378752e-06,937351147,PEPE,0.0,0.0,0.06792528570476572,0.0769837085410057,9.999999877306567e-06,9.333333324927178e-06,1.0714285592478388
2024-10-17,9.999999747378752e-06,1.1000000085914508e-05,9.999999747378752e-06,9.999999747378752e-06,770831408,PEPE,0.0,0.0,0.06792528570476572,0.0769837085410057,1.0142856938598146e-05,9.433333313306017e-06,1.0752145187418878
2024-10-18,1.1000000085914508e-05,1.1000000085914508e-05,9.999999747378752e-06,9.999999747378752e-06,868609923,PEPE,0.10000003637978905,0.09531021287685981,0.06577029535990934,0.07519670717300986,1.0285714129817539e-05,9.533333316843104e-06,1.0789210644345308
2024-10-19,1.1000000085914508e-05,1.1000000085914508e-05,9.999999747378752e-06,1.1000000085914508e-05,593129247,PEPE,0.0,0.0,0.06577029535990934,0.07519670717300986,1.0428571321036933e-05,9.633333320380189e-06,1.0825506576186197
2024-10-20,1.1000000085914508e-05,1.1000000085914508e-05,9.999999747378752e-06,1.1000000085914508e-05,593108352,PEPE,0.0,0.0,0.06577029535990934,0.07519670717300986,1.0571428512256326e-05,9.733333323917273e-06,1.086105670118133
2024-10-21,9.999999747378752e-06,1.1000000085914508e-05,9.999999747378752e-06,1.1000000085914508e-05,722359397,PEPE,-0.09090912097503123,-0.09531021287685976,0.06577029535990937,0.07763453136971782,1.0428571321036933e-05,9.799999982836501e-06,1.064139932581765
2024-10-22,9.999999747378752e-06,9.999999747378752e-06,9.999999747378752e-06,9.999999747378752e-06,536266825,PEPE,0.0,0.0,0.055027377060975845,0.07763453136971782,1.0428571321036933e-05,9.866666641755727e-06,1.0569497987195824
2024-10-23,9.999999747378752e-06,9.999999747378752e-06,9.000000318337698e-06,9.999999747378752e-06,598593775,PEPE,0.0,0.0,0.055027377060975845,0.07763453136971782,1.0428571321036933e-05,9.933333300674955e-06,1.0498561767104229
2024-10-24,9.999999747378752e-06,9.999999747378752e-06,9.999999747378752e-06,9.999999747378752e-06,544719716,PEPE,0.0,0.0,0.055027377060975845,0.07478783352302038,1.0428571321036933e-05,9.966666614976324e-06,1.0463449540257053
2024-10-25,9.000000318337698e-06,9.999999747378752e-06,9.000000318337698e-06,9.999999747378752e-06,749791572,PEPE,-0.09999994543031654,-0.10536045502484652,0.049044517720810574,0.07412453486948035,1.014285706852596e-05,9.999999959594181e-06,1.0142857109509005
2024-10-26,9.000000318337698e-06,9.000000318337698e-06,9.000000318337698e-06,9.000000318337698e-06,521864436,PEPE,0.0,0.0,0.049044517720810574,0.06148684186990526,9.857142816014988e-06,9.966666645292814e-06,0.9890109870054143
2024-10-27,9.000000318337698e-06,9.000000318337698e-06,9.000000318337698e-06,9.000000318337698e-06,422350818,PEPE,0.0,0.0,0.049044517720810574,0.058599170361072074,9.571428563504014e-06,9.899999986373586e-06,0.9668109673412304
2024-10-28,9.000000318337698e-06,9.000000318337698e-06,9.000000318337698e-06,9.000000318337698e-06,701903845,PEPE,0.0,0.0,0.03982250885947895,0.058599170361072074,9.428571502212435e-06,9.83333332745436e-06,0.9588377804592627
2024-10-29,9.999999747378752e-06,9.999999747378752e-06,9.000000318337698e-06,9.000000318337698e-06,783748006,PEPE,0.11111104374113556,0.10536045502484646,0.06082988707053686,0.062068464720155384,9.428571502212435e-06,9.799999982836501e-06,0.9620991345638186
2024-10-30,9.999999747378752e-06,9.999999747378752e-06,9.000000318337698e-06,9.999999747378752e-06,823100211,PEPE,0.0,0.0,0.06082988707053686,0.05957930085269628,9.428571502212435e-06,9.799999982836501e-06,0.9620991345638186
2024-10-31,9.000000318337698e-06,9.999999747378752e-06,9.000000318337698e-06,9.999999747378752e-06,585956084,PEPE,-0.09999994543031654,-0.10536045502484652,0.0727056213292859,0.06260767210332548,9.285714440920856e-06,9.766666668535132e-06,0.9507557446222936
2024-11-01,9.000000318337698e-06,9.000000318337698e-06,9.000000318337698e-06,9.000000318337698e-06,569729933,PEPE,0.0,0.0,0.06082988707053686,0.05957930085269628,9.285714440920856e-06,9.766666668535132e-06,0.9507557446222936
2024-11-02,9.000000318337698e-06,9.000000318337698e-06,9.000000318337698e-06,9.000000318337698e-06,370135478,PEPE,0.0,0.0,0.06082988707053686,0.05957930085269628,9.285714440920856e-06,9.766666668535132e-06,0.9507557446222936
2024-11-03,7.999999979801942e-06,9.000000318337698e-06,7.999999979801942e-06,9.000000318337698e-06,579081893,PEPE,-0.11111114479609885,-0.11778307355199538,0.07537977991710153,0.06334130961656267,9.142857249701461e-06,9.733333323917273e-06,0.9393346498506465
2024-11-04,7.999999979801942e-06,7.999999979801942e-06,7.999999979801942e-06,7.999999979801942e-06,569719227,PEPE,0.0,0.0,0.07537977991710153,0.06334130961656267,9.000000058482069e-06,9.699999979299416e-06,0.927835059555546
2024-11-05,9.000000318337698e-06,9.000000318337698e-06,7.999999979801942e-06,7.999999979801942e-06,673439879,PEPE,0.12500004263256415,0.11778307355199531,0.07880429144605554,0.0641162606316951,8.85714299719049e-06,9.666666664998047e-06,0.9162561722813144
2024-11-06,9.999999747378752e-06,9.999999747378752e-06,9.000000318337698e-06,9.000000318337698e-06,1470887736,PEPE,0.11111104374113556,0.10536045502484646,0.09123902289846078,0.0671300345041946,8.85714299719049e-06,9.666666664998047e-06,0.9162561722813144
2024-11-07,1.1000000085914508e-05,1.1000000085914508e-05,9.999999747378752e-06,9.999999747378752e-06,1535227204,PEPE,0.10000003637978905,0.09531021287685981,0.08384300123992747,0.06934870406255213,9.142857249701461e-06,9.700000009615906e-06,0.9425626021276152
2024-11-08,1.1000000085914508e-05,1.1000000085914508e-05,9.999999747378752e-06,1.1000000085914508e-05,1343115998,PEPE,0.0,0.0,0.08384300123992747,0.06626168734226597,9.428571502212435e-06,9.766666668535132e-06,0.9653827474821144
2024-11-09,1.1000000085914508e-05,1.1000000085914508e-05,9.999999747378752e-06,1.1000000085914508e-05,1231210966,PEPE,0.0,0.0,0.08384300123992747,0.06626168734226597,9.714285754723409e-06,9.83333332745436e-06,0.9878934671726652
2024-11-10,1.2000000424450263e-05,1.2999999853491316e-05,1.1000000085914508e-05,1.1000000085914508e-05,3110180876,PEPE,0.09090912097503123,0.08701140455007468,0.05498894024467951,0.06539854886218655,1.0285714389673168e-05,9.900000016690076e-06,1.0389610477103868
2024-11-11,1.2999999853491316e-05,1.2999999853491316e-05,1.2000000424450263e-05,1.2000000424450263e-05,4603390365,PEPE,0.0833332828058515,0.08004266103278287,0.04892434784212908,0.06676063825234993,1.1000000085914508e-05,1.0000000020227163e-05,1.1000000063664628
2024-11-12,1.4000000192027072e-05,1.4999999621068127e-05,1.2000000424450263e-05,1.2999999853491316e-05,6397495076,PEPE,0.0769231038312046,0.07410799713984012,0.044284396023817105,0.0677890264476459,1.1714285782155847e-05,1.0133333368382107e-05,1.1560150402933163
2024-11-13,2.099999983329326e-05,2.200000017182901e-05,1.2999999853491316e-05,1.4000000192027072e-05,15693561366,PEPE,0.4999999675180471,0.40546508645352886,0.13803203676605197,0.09798299315642177,1.328571436585792e-05,1.046666669329473e-05,1.26933576420936
2024-11-14,2.099999983329326e-05,2.499999936844688e-05,1.9999999494757503e-05,2.099999983329326e-05,15178054559,PEPE,0.0,0.0,0.14383981961651207,0.09557878597134592,1.4714285758340598e-05,1.0833333362825215e-05,1.358241758610784
2024-11-15,2.200000017182901e-05,2.300000051036477e-05,1.8999999156221747e-05,2.099999983329326e-05,8802374333,PEPE,0.0476190641178178,0.04652003138371882,0.13988073023968006,0.09554107350889209,1.628571434204267e-05,1.1233333376973556e-05,1.4497668497425389
2024-11-16,2.099999983329326e-05,2.4000000848900527e-05,2.099999983329326e-05,2.300000051036477e-05,4555145636,PEPE,-0.045454560487515505,-0.04652003138371875,0.14632588565923024,0.09635638807175745,1.771428573452535e-05,1.160000004650404e-05,1.5270935916818384
2024-11-17,2.099999983329326e-05,2.200000017182901e-05,1.9999999494757503e-05,2.099999983329326e-05,4946434173,PEPE,0.0,0.0,0.15049387892568092,0.09551665223503505,1.8999999935788636e-05,1.1933333371416666e-05,1.5921787604876951
2024-11-18,1.9999999494757503e-05,2.300000051036477e-05,1.9999999494757503e-05,2.099999983329326e-05,4676021845,PEPE,-0.0476190641178178,-0.04879018149314084,0.1581624068434959,0.09630839430340657,1.9999999884540947e-05,1.2233333351711433e-05,1.6348773723020442
2024-11-19,1.9999999494757503e-05,2.099999983329326e-05,1.8999999156221747e-05,1.9999999494757503e-05,3884395812,PEPE,0.0,0.0,0.159654204130215,0.09630839430340657,2.0857142642073866e-05,1.2533333332006198e-05,1.6641337216182763
2024-11-20,1.8999999156221747e-05,2.099999983329326e-05,1.8000000636675395e-05,1.9999999494757503e-05,3789608913,PEPE,-0.050000018189894524,-0.05129331353480811,0.03630600149351518,0.09481596573039577,2.0571428259635078e-05,1.2833333312300965e-05,1.6029684384428027
2024-11-21,2.099999983329326e-05,2.200000017182901e-05,1.8000000636675395e-05,1.8999999156221747e-05,5340321508,PEPE,0.10526319820475316,0.10008349502794901,0.056798501213218465,0.09579291072107818,2.0571428259635078e-05,1.3199999981831449e-05,1.5584415369658866
2024-11-22,2.099999983329326e-05,2.200000017182901e-05,1.9999999494757503e-05,2.099999983329326e-05,3625465867,PEPE,0.0,0.0,0.053045807366149236,0.09579291072107818,2.0428571068415685e-05,1.3566666651361932e-05,1.5057914809431026
2024-11-23,2.099999983329326e-05,2.200000017182901e-05,1.9999999494757503e-05,2.099999983329326e-05,5083373491,PEPE,0.0,0.0,0.05004696427777199,0.09579291072107818,2.0428571068415685e-05,1.3933333320892416e-05,1.4661653889944588
2024-11-24,1.9999999494757503e-05,2.099999983329326e-05,1.8999999156221747e-05,2.099999983329326e-05,2936276661,PEPE,-0.0476190641178178,-0.04879018149314084,0.05333636155044396,0.09367718728034302,2.0285713877196292e-05,1.4299999960106409e-05,1.4185813939712306
2024-11-25,1.8999999156221747e-05,2.099999983329326e-05,1.8000000636675395e-05,1.9999999494757503e-05,3057885943,PEPE,-0.050000018189894524,-0.05129331353480811,0.05367081469120577,0.09464286612330917,2.0142856685976896e-05,1.4633333254702544e-05,1.3765050201056428
2024-11-26,1.8000000636675395e-05,1.8999999156221747e-05,1.700000029813964e-05,1.8999999156221747e-05,2825946049,PEPE,-0.052631503366087906,-0.054067141490038405,0.05626813691445667,0.09564301824424282,1.9857142563393738e-05,1.49333332653138e-05,1.3297193741411135
2024-11-27,1.9999999494757503e-05,1.9999999494757503e-05,1.8000000636675395e-05,1.8000000636675395e-05,2745312073,PEPE,0.11111104374113556,0.10536045502484646,0.06913322326767944,0.09669399517269611,1.9999999754613134e-05,1.5299999904527795e-05,1.3071895346021831
2024-11-28,1.9999999494757503e-05,1.9999999494757503e-05,1.8999999156221747e-05,1.9999999494757503e-05,2304002324,PEPE,0.0,0.0,0.055820393921698346,0.09564301824424282,1.9857142563393738e-05,1.563333322944042e-05,1.2701797033277018
2024-11-29,1.9999999494757503e-05,2.099999983329326e-05,1.9999999494757503e-05,1.9999999494757503e-05,2950833919,PEPE,0.0,0.0,0.055820393921698346,0.09564301824424282,1.9714285372174345e-05,1.5966666554353046e-05,1.2347151676941341
2024-11-30,1.9999999494757503e-05,2.200000017182901e-05,1.9999999494757503e-05,1.9999999494757503e-05,2291708405,PEPE,0.0,0.0,0.055820393921698346,0.09265071252404405,1.9571428180954952e-05,1.6333333193567037e-05,1.198250715210001
2024-12-01,2.200000017182901e-05,2.300000051036477e-05,1.9999999494757503e-05,1.9999999494757503e-05,4605872591,PEPE,0.10000003637978883,0.0953102128768596,0.06382450213729352,0.0933380929022848,1.9857142563393738e-05,1.676666652201675e-05,1.1843226283124797
2024-12-02,1.9999999494757503e-05,2.300000051036477e-05,1.9999999494757503e-05,2.200000017182901e-05,4290915799,PEPE,-0.09090912097503112,-0.09531021287685965,0.0728197511130671,0.09597207833216176,1.9999999754613134e-05,1.7133333161230744e-05,1.1673151725006476
2024-12-03,1.9999999494757503e-05,2.099999983329326e-05,1.8999999156221747e-05,1.9999999494757503e-05,3263252540,PEPE,0.0,0.0,0.06792528570476572,0.09219604830368537,2.0285713877196292e-05,1.7533333145062595e-05,1.1569798913510503
2024-12-04,2.200000017182901e-05,2.200000017182901e-05,1.9999999494757503e-05,1.9999999494757503e-05,4234751961,PEPE,0.10000003637978883,0.0953102128768596,0.06577029535990932,0.0927477743292768,2.0571428259635078e-05,1.7999999818130165e-05,1.142857137082573
2024-12-05,2.099999983329326e-05,2.300000051036477e-05,1.9999999494757503e-05,2.200000017182901e-05,4643794631,PEPE,-0.045454560487515505,-0.04652003138371875,0.06961340211700168,0.0924632940602535,2.071428545085447e-05,1.8399999801962016e-05,1.1257763953152695
2024-12-06,2.200000017182901e-05,2.200000017182901e-05,1.9999999494757503e-05,2.099999983329326e-05,3258812663,PEPE,0.0476190641178178,0.04652003138371882,0.07104296487603189,0.09138888747455627,2.099999983329326e-05,1.8799999816110356e-05,1.1170212786543565
2024-12-07,2.499999936844688e-05,2.700000004551839e-05,2.099999983329326e-05,2.200000017182901e-05,6211301400,PEPE,0.13636359878121107,0.1278333384373501,0.08247060791717883,0.09242302691536526,2.17142855295346e-05,1.9266666458861437e-05,1.1270390534812738
2024-12-08,2.5999999706982635e-05,2.700000004551839e-05,2.4000000848900527e-05,2.499999936844688e-05,6115472592,PEPE,0.040000014551915486,0.03922072714550763,0.07787725906366495,0.09229988996702485,2.2285714034556543e-05,1.9766666446230376e-05,1.1274391711510143
2024-12-09,2.5999999706982635e-05,2.8000000384054147e-05,2.4000000848900527e-05,2.5999999706982635e-05,10694471828,PEPE,0.0,0.0,0.059802895214783,0.09229988996702485,2.314285692201728e-05,2.026666643359931e-05,1.1419172954684667
2024-12-10,2.4000000848900527e-05,2.700000004551839e-05,2.200000017182901e-05,2.5999999706982635e-05,9347213116,PEPE,-0.07692303387007282,-0.08004266103278307,0.07410575761995104,0.09368774923499044,2.3714285686894853e-05,2.0666666447747654e-05,1.14746544861759
2024-12-11,2.499999936844688e-05,2.499999936844688e-05,2.200000017182901e-05,2.4000000848900527e-05,4928807063,PEPE,0.04166660350731455,0.04082193388727526,0.06824787178623576,0.09313785592089315,2.4142857000697404e-05,2.1066666431579505e-05,1.1460217058597655
2024-12-12,2.4000000848900527e-05,2.5999999706982635e-05,2.300000051036477e-05,2.499999936844688e-05,3465830947,PEPE,-0.03999994179233757,-0.040821933887275265,0.06737481529945555,0.09327557727888365,2.4571428574355586e-05,2.1399999786808622e-05,1.148197608371094
2024-12-13,2.499999936844688e-05,2.499999936844688e-05,2.300000051036477e-05,2.4000000848900527e-05,2465182113,PEPE,0.04166660350731455,0.04082193388727526,0.06702147162515985,0.0582043857979394,2.4999999888158137e-05,2.1533333104647075e-05,1.160990719210252
2024-12-14,2.300000051036477e-05,2.499999936844688e-05,2.300000051036477e-05,2.499999936844688e-05,1647196503,PEPE,-0.07999995634425316,-0.08338156148715345,0.056130289749592714,0.060439394259516874,2.471428576557498e-05,2.1599999793882792e-05,1.144179907472692
2024-12-15,2.4000000848900527e-05,2.4000000848900527e-05,2.300000051036477e-05,2.300000051036477e-05,1715395144,PEPE,0.0434782746237381,0.04255962759987819,0.05664901302166922,0.06034538400094373,2.442857164299182e-05,2.166666648311851e-05,1.1274725469201843
2024-12-16,2.300000051036477e-05,2.499999936844688e-05,2.300000051036477e-05,2.4000000848900527e-05,2596231618,PEPE,-0.04166667929853707,-0.04255962759987817,0.057494804759741495,0.06023777831064173,2.400000032918927e-05,2.1733333172354228e-05,1.1042945018538777
2024-12-17,2.200000017182901e-05,2.4000000848900527e-05,2.200000017182901e-05,2.300000051036477e-05,2002807013,PEPE,-0.04347827462373821,-0.044451776950196614,0.052390855936320015,0.06085845472445528,2.371428594675048e-05,2.1766666516972085e-05,1.0894771566541794
2024-12-18,1.8999999156221747e-05,2.300000051036477e-05,1.8999999156221747e-05,2.200000017182901e-05,2845928545,PEPE,-0.13636368146254674,-0.1466035264116677,0.06660477110484068,0.06604735577862425,2.2857143059289748e-05,2.1733333172354228e-05,1.051709044260411
2024-12-19,1.700000029813964e-05,1.9999999494757503e-05,1.700000029813964e-05,1.8999999156221747e-05,4135376696,PEPE,-0.10526310246846449,-0.11122557316321602,0.07198771667747178,0.06900368762340953,2.1857142980609622e-05,2.163333319913363e-05,1.0103455985915732
2024-12-20,1.8000000636675395e-05,1.8000000636675395e-05,1.4000000192027072e-05,1.700000029813964e-05,4672841136,PEPE,0.05882354829400738,0.05715843167317764,0.07557059142063897,0.06935734842918388,2.0857143161785124e-05,2.1599999915148752e-05,0.9656084835054727
2024-12-21,1.700000029813964e-05,1.9999999494757503e-05,1.700000029813964e-05,1.8000000636675395e-05,3382264244,PEPE,-0.055555572398049424,-0.05715843167317757,0.07409803103821408,0.06730328930066637,2.000000027432439e-05,2.14666665973103e-05,0.9316770344227698
2024-12-22,1.8000000636675395e-05,1.8000000636675395e-05,1.700000029813964e-05,1.700000029813964e-05,2311597451,PEPE,0.05882354829400738,0.05715843167317764,0.0770597895466618,0.06831106325639441,1.914285738686366e-05,2.13666666240897e-05,0.8959215643530084
2024-12-23,1.8000000636675395e-05,1.8999999156221747e-05,1.700000029813964e-05,1.8000000636675395e-05,2187567799,PEPE,0.0,0.0,0.078588981636965,0.06831106325639441,1.842857169062232e-05,2.1266666650869107e-05,0.8665472588234319
2024-12-24,1.8999999156221747e-05,1.8999999156221747e-05,1.8000000636675395e-05,1.8000000636675395e-05,1880938066,PEPE,0.05555547134308614,0.0540671414900384,0.08516441572975927,0.06862511704731564,1.8000000116964137e-05,2.123333330625125e-05,0.8477237114563074
2024-12-25,1.8999999156221747e-05,1.8999999156221747e-05,1.8000000636675395e-05,1.8999999156221747e-05,1652213124,PEPE,0.0,0.0,0.06467307895407741,0.06798313434947255,1.8000000116964137e-05,2.123333330625125e-05,0.8477237114563074
2024-12-26,1.700000029813964e-05,1.8999999156221747e-05,1.700000029813964e-05,1.8999999156221747e-05,1494116272,PEPE,-0.10526310246846449,-0.11122557316321602,0.06467307895407741,0.07031173433800121,1.8000000116964137e-05,2.119999996163339e-05,0.8490566108273379
2024-12-27,1.8000000636675395e-05,1.8000000636675395e-05,1.700000029813964e-05,1.700000029813964e-05,1470645241,PEPE,0.05882354829400738,0.05715843167317764,0.06467307895407741,0.06829792640163966,1.8000000116964137e-05,2.1133333333030654e-05,0.8517350213196502
2024-12-28,1.8999999156221747e-05,1.8999999156221747e-05,1.8000000636675395e-05,1.8000000636675395e-05,1100885153,PEPE,0.05555547134308614,0.0540671414900384,0.061893064107972996,0.06910241747938864,1.8285714239547296e-05,2.1099999988412794e-05,0.8666215284165412
2024-12-29,1.8000000636675395e-05,1.8999999156221747e-05,1.8000000636675395e-05,1.8999999156221747e-05,1005434655,PEPE,-0.052631503366087906,-0.054067141490038405,0.06378085110168911,0.06975822960966253,1.8285714239547296e-05,2.103333335981006e-05,0.8693683462692203
2024-12-30,1.8000000636675395e-05,1.8999999156221747e-05,1.700000029813964e-05,1.8000000636675395e-05,1595507695,PEPE,0.0,0.0,0.06378085110168911,0.06975822960966253,1.8285714239547296e-05,2.096666673120732e-05,0.8721326319519531
2024-12-31,1.9999999494757503e-05,2.200000017182901e-05,1.8000000636675395e-05,1.8000000636675395e-05,4993225628,PEPE,0.11111104374113556,0.10536045502484646,0.07326856281457134,0.07027142511616538,1.842857143076669e-05,2.0900000041971604e-05,0.881749827452547
2025-01-01,1.8999999156221747e-05,2.099999983329326e-05,1.8999999156221747e-05,1.9999999494757503e-05,1861512041,PEPE,-0.050000018189894524,-0.05129331353480811,0.07661217865658829,0.06872388303213883,1.842857143076669e-05,2.0866666697353747e-05,0.8831583739775625
2025-01-02,1.9999999494757503e-05,2.099999983329326e-05,1.8999999156221747e-05,1.8999999156221747e-05,2301636221,PEPE,0.05263159910237647,0.051293313534808,0.06014320831289585,0.06940259734248184,1.885714274456924e-05,2.0866666697353747e-05,0.9036969353116974
2025-01-03,2.200000017182901e-05,2.200000017182901e-05,1.9999999494757503e-05,1.9999999494757503e-05,1727793883,PEPE,0.10000003637978883,0.0953102128768596,0.06524403921096207,0.06940259734248184,1.9428571249591187e-05,2.0866666697353747e-05,0.9310816879082592
2025-01-04,2.099999983329326e-05,2.200000017182901e-05,2.099999983329326e-05,2.200000017182901e-05,1328251929,PEPE,-0.045454560487515505,-0.04652003138371875,0.06964586766942923,0.06940259734248184,1.9714285632029975e-05,2.0866666697353747e-05,0.9447740704331127
2025-01-05,2.099999983329326e-05,2.099999983329326e-05,1.9999999494757503e-05,2.099999983329326e-05,909046036,PEPE,0.0,0.0,0.06352998276399802,0.06884481414070805,2.0142856945832527e-05,2.0833333352735886e-05,0.9668571324995054
2025-01-06,2.099999983329326e-05,2.099999983329326e-05,1.9999999494757503e-05,2.099999983329326e-05,1271884001,PEPE,0.0,0.0,0.06352998276399802,0.0643712604619515,2.0571428259635078e-05,2.0700000034897434e-05,0.9937888031378936
2025-01-07,1.8999999156221747e-05,2.099999983329326e-05,1.8999999156221747e-05,2.099999983329326e-05,1718420219,PEPE,-0.09523812823563571,-0.10008349502794898,0.0660189446120674,0.06601423313646664,2.0428571068415685e-05,2.0466666683205403e-05,0.9981386507446774
2025-01-08,1.8000000636675395e-05,1.8999999156221747e-05,1.700000029813964e-05,1.8999999156221747e-05,1668895999,PEPE,-0.052631503366087906,-0.054067141490038405,0.06633439003516553,0.06645551609310613,2.028571413705192e-05,2.0200000047528496e-05,1.0042432717486014
2025-01-09,1.700000029813964e-05,1.8000000636675395e-05,1.700000029813964e-05,1.8000000636675395e-05,1515189045,PEPE,-0.055555572398049424,-0.05715843167317757,0.06282515381847138,0.06577850552762808,1.9857142823249368e-05,1.9966666695836465e-05,0.9945146641522326
2025-01-10,1.8000000636675395e-05,1.8000000636675395e-05,1.700000029813964e-05,1.700000029813964e-05,1446394895,PEPE,0.05882354829400738,0.05715843167317764,0.05145479222524147,0.06629216098207216,1.928571431822742e-05,1.9733333404777418e-05,0.9773166004258749
2025-01-11,1.8000000636675395e-05,1.8000000636675395e-05,1.8000000636675395e-05,1.8000000636675395e-05,733345980,PEPE,0.0,0.0,0.05176791660892856,0.06607647108888334,1.885714300442487e-05,1.9533333397703245e-05,0.9653827444854916
2025-01-12,1.8000000636675395e-05,1.8000000636675395e-05,1.8000000636675395e-05,1.8000000636675395e-05,607079115,PEPE,0.0,0.0,0.05176791660892856,0.06541960242184137,1.842857169062232e-05,1.9300000106644197e-05,0.9548482688493933
2025-01-13,1.700000029813964e-05,1.8000000636675395e-05,1.5999999959603883e-05,1.8000000636675395e-05,1489631831,PEPE,-0.055555572398049424,-0.05715843167317757,0.0522213746147934,0.06458834643494794,1.7857143185600372e-05,1.9100000099570024e-05,0.9349289577230091
2025-01-14,1.700000029813964e-05,1.8000000636675395e-05,1.700000029813964e-05,1.700000029813964e-05,717149260,PEPE,0.0,0.0,0.0427340822314569,0.06385560676927737,1.7571429063017213e-05,1.8866666747877994e-05,0.9313478261862838
2025-01-15,1.8999999156221747e-05,1.8999999156221747e-05,1.700000029813964e-05,1.700000029813964e-05,1069487457,PEPE,0.11764698958863984,0.111225573163216,0.060214587227203145,0.0673527814738767,1.771428599438098e-05,1.873333336940656e-05,0.9456024533951982
2025-01-16,1.8000000636675395e-05,1.8999999156221747e-05,1.8000000636675395e-05,1.8999999156221747e-05,937619533,PEPE,-0.052631503366087906,-0.054067141490038405,0.05966829130166113,0.067562808677877,1.7857143185600372e-05,1.8600000051568106e-05,0.9600614589296678
2025-01-17,1.9999999494757503e-05,2.099999983329326e-05,1.8000000636675395e-05,1.8000000636675395e-05,1442799401,PEPE,0.11111104374113556,0.10536045502484646,0.06840621742808031,0.06518940106759202,1.814285730818353e-05,1.8633333396185966e-05,0.9736774908936674
2025-01-18,1.8000000636675395e-05,2.099999983329326e-05,1.8000000636675395e-05,1.9999999494757503e-05,1539234416,PEPE,-0.09999994543031654,-0.10536045502484652,0.0824248356502383,0.06484692238710071,1.814285730818353e-05,1.8666666740803824e-05,0.9719387805067903
2025-01-19,1.5999999959603883e-05,1.8999999156221747e-05,1.4999999621068127e-05,1.8000000636675395e-05,3186176751,PEPE,-0.11111114479609885,-0.11778307355199538,0.09367865066975074,0.06751776714228074,1.7857142925744745e-05,1.8600000051568106e-05,0.9600614449589352
2025-01-20,1.5999999959603883e-05,1.8000000636675395e-05,1.4999999621068127e-05,1.5999999959603883e-05,2786212649,PEPE,0.0,0.0,0.09205418485454725,0.06676609919391385,1.771428573452535e-05,1.856666670695025e-05,0.9540907915309419
2025-01-21,1.5999999959603883e-05,1.5999999959603883e-05,1.4999999621068127e-05,1.5999999959603883e-05,1554573122,PEPE,0.0,0.0,0.09205418485454725,0.06582805315779615,1.7571428543305956e-05,1.850000001771453e-05,0.9498069473773282
2025-01-22,1.4999999621068127e-05,1.5999999959603883e-05,1.4999999621068127e-05,1.5999999959603883e-05,860518408,PEPE,-0.06250002131628207,-0.06453854387493897,0.07657259772961578,0.06674352813271169,1.700000003828401e-05,1.8399999983860956e-05,0.9239130463692979
2025-01-23,1.4999999621068127e-05,1.5999999959603883e-05,1.4000000192027072e-05,1.4999999621068127e-05,1202824192,PEPE,0.0,0.0,0.07691010785749938,0.06578658974538981,1.657142846462583e-05,1.82666666660225e-05,0.9071949889713621
2025-01-24,1.4999999621068127e-05,1.5999999959603883e-05,1.4999999621068127e-05,1.4999999621068127e-05,1038970407,PEPE,0.0,0.0,0.05372135693006551,0.06578658974538981,1.585714276838449e-05,1.813333334818405e-05,0.8744747843050321
2025-01-25,1.4999999621068127e-05,1.4999999621068127e-05,1.4999999621068127e-05,1.4999999621068127e-05,558988024,PEPE,0.0,0.0,0.047062612864544134,0.06282919344965984,1.542857119472631e-05,1.806666665894833e-05,0.8539799557924879
2025-01-26,1.4000000192027072e-05,1.4999999621068127e-05,1.4000000192027072e-05,1.4999999621068127e-05,555232817,PEPE,-0.0666666302868778,-0.06899283250860701,0.032603685740566817,0.06280444176036999,1.5142856942215335e-05,1.7933333310793387e-05,0.8443972283223794
2025-01-27,1.2999999853491316e-05,1.4000000192027072e-05,1.2000000424450263e-05,1.4000000192027072e-05,1618888342,PEPE,-0.07142859462996654,-0.07410799713984,0.037099126971108703,0.0627697394483108,1.4714285498484969e-05,1.7733333334035705e-05,0.8297529416110249
2025-01-28,1.1000000085914508e-05,1.2999999853491316e-05,1.1000000085914508e-05,1.2999999853491316e-05,820035915,PEPE,-0.1538461377012772,-0.1670540655828576,0.06092049097116093,0.06847122349773624,1.399999980224363e-05,1.7499999982343675e-05,0.7999999895067823
2025-01-29,1.2000000424450263e-05,1.2999999853491316e-05,1.1000000085914508e-05,1.1000000085914508e-05,1281519285,PEPE,0.09090912097503123,0.08701140455007468,0.08022547737720853,0.07098720174768677,1.3571428488441078e-05,1.7299999975269505e-05,0.784475636291419
2025-01-30,1.2999999853491316e-05,1.2999999853491316e-05,1.2000000424450263e-05,1.2000000424450263e-05,808571585,PEPE,0.0833332828058515,0.08004266103278287,0.09056440832760629,0.06966337082860594,1.3285714235930105e-05,1.7066666653893966e-05,0.7784598190941292
2025-01-31,1.4000000192027072e-05,1.4999999621068127e-05,1.2999999853491316e-05,1.2999999853491316e-05,1362060951,PEPE,0.0769231038312046,0.07410799713984012,0.09742422079917365,0.07111786302425228,1.3142857174638525e-05,1.6900000021754145e-05,0.7776838554864307
2025-02-01,1.2000000424450263e-05,1.4000000192027072e-05,1.2000000424450263e-05,1.4000000192027072e-05,907145591,PEPE,-0.1428571242960266,-0.1541506581726229,0.11126395909633569,0.07479090151706891,1.2714285860835974e-05,1.6633333386077234e-05,0.7643859210733034
2025-02-02,1.1000000085914508e-05,1.2000000424450263e-05,9.999999747378752e-06,1.2000000424450263e-05,1559511559,PEPE,-0.08333335859707414,-0.08701140455007465,0.11246764327971069,0.07272684577298781,1.2285714417105606e-05,1.626666671654675e-05,0.7552693266044698
2025-02-03,1.1000000085914508e-05,1.1000000085914508e-05,7.999999979801942e-06,1.1000000085914508e-05,3183412861,PEPE,0.0,0.0,0.11159715881707544,0.07270632004548921,1.2000000164594635e-05,1.5933333391634125e-05,0.7531380828882482
2025-02-04,9.999999747378752e-06,1.1000000085914508e-05,9.999999747378752e-06,1.1000000085914508e-05,1290190710,PEPE,-0.09090912097503123,-0.09531021287685976,0.09881762194147324,0.07380604069182686,1.185714297337524e-05,1.5566666722103643e-05,0.7617008306947869
2025-02-05,9.999999747378752e-06,9.999999747378752e-06,9.999999747378752e-06,9.999999747378752e-06,700934325,PEPE,0.0,0.0,0.08903887779852591,0.07380604069182686,1.1571428590936453e-05,1.520000005257316e-05,0.7612781941390561
2025-02-06,9.000000318337698e-06,9.999999747378752e-06,9.000000318337698e-06,9.999999747378752e-06,808601712,PEPE,-0.09999994543031654,-0.10536045502484652,0.07926002892135527,0.07399785582774156,1.1000000085914508e-05,1.4866666757977024e-05,0.7399103151358541
2025-02-07,9.000000318337698e-06,9.999999747378752e-06,7.999999979801942e-06,9.000000318337698e-06,926721311,PEPE,0.0,0.0,0.06275647241112679,0.07392153712164379,1.0285714389673168e-05,1.4566666747365768e-05,0.7061131120840143
2025-02-08,9.999999747378752e-06,9.999999747378752e-06,9.000000318337698e-06,9.000000318337698e-06,659538410,PEPE,0.11111104374113556,0.10536045502484646,0.07539665474837065,0.07722129179536195,1.000000000723438e-05,1.4333333395673737e-05,0.6976744160749587
2025-02-09,9.999999747378752e-06,9.999999747378752e-06,9.000000318337698e-06,9.999999747378752e-06,626324336,PEPE,0.0,0.0,0.07069649698912378,0.0760065169686586,9.857142816014988e-06,1.406666669936385e-05,0.70074474832483
2025-02-10,9.999999747378752e-06,9.999999747378752e-06,9.000000318337698e-06,9.999999747378752e-06,746141577,PEPE,0.0,0.0,0.07069649698912378,0.0760065169686586,9.714285624795593e-06,1.3800000003053962e-05,0.7039337407714352
2025-02-11,9.999999747378752e-06,1.1000000085914508e-05,9.000000318337698e-06,9.999999747378752e-06,945489738,PEPE,0.0,0.0,0.06082988707053698,0.0760065169686586,9.714285624795593e-06,1.3533333306744074e-05,0.7178043579222768
2025-02-12,9.999999747378752e-06,9.999999747378752e-06,9.000000318337698e-06,9.999999747378752e-06,1011446607,PEPE,0.0,0.0,0.06082988707053698,0.07574834393708438,9.714285624795593e-06,1.3299999955052044e-05,0.7303974178665763
2025-02-13,9.999999747378752e-06,9.999999747378752e-06,9.000000318337698e-06,9.999999747378752e-06,623877992,PEPE,0.0,0.0,0.03982250885947906,0.07574834393708438,9.857142686087172e-06,1.3066666603360015e-05,0.7543731684064294
2025-02-14,9.999999747378752e-06,1.1000000085914508e-05,9.999999747378752e-06,9.999999747378752e-06,748137442,PEPE,0.0,0.0,0.03982250885947906,0.0718423582021539,9.999999747378752e-06,1.2766666623065248e-05,0.783289800119945
2025-02-15,9.999999747378752e-06,9.999999747378752e-06,9.999999747378752e-06,9.999999747378752e-06,430578425,PEPE,0.0,0.0,0.0,0.07167244885078312,9.999999747378752e-06,1.249999992675536e-05,0.799999984477957
2025-02-16,9.999999747378752e-06,9.999999747378752e-06,9.999999747378752e-06,9.999999747378752e-06,371651940,PEPE,0.0,0.0,0.0,0.06781612386191126,9.999999747378752e-06,1.2166666601842735e-05,0.8219177918349612
2025-02-17,9.999999747378752e-06,1.1000000085914508e-05,9.999999747378752e-06,9.999999747378752e-06,942573540,PEPE,0.0,0.0,0.0,0.06611630474416881,9.999999747378752e-06,1.1899999905532848e-05,0.8403361198960431
2025-02-18,9.000000318337698e-06,9.999999747378752e-06,9.000000318337698e-06,9.999999747378752e-06,792294352,PEPE,-0.09999994543031654,-0.10536045502484652,0.03982250885947913,0.06551631170273958,9.857142686087172e-06,1.1666666584157307e-05,0.844897950497071
2025-02-19,9.000000318337698e-06,9.999999747378752e-06,9.000000318337698e-06,9.000000318337698e-06,501038122,PEPE,0.0,0.0,0.03982250885947913,0.06551631170273958,9.714285624795593e-06,1.1433333262781768e-05,0.8496459782570944
2025-02-20,9.999999747378752e-06,9.999999747378752e-06,9.000000318337698e-06,9.000000318337698e-06,490791544,PEPE,0.11111104374113556,0.10536045502484646,0.06082988707053697,0.06929482211412406,9.714285624795593e-06,1.1233333255707597e-05,0.8647732069962241
2025-02-21,9.000000318337698e-06,9.999999747378752e-06,9.000000318337698e-06,9.999999747378752e-06,790886544,PEPE,-0.09999994543031654,-0.10536045502484652,0.072705621329286,0.07067466905089113,9.571428563504014e-06,1.1033333278949915e-05,0.8675010825391258
2025-02-22,9.999999747378752e-06,9.999999747378752e-06,9.000000318337698e-06,9.000000318337698e-06,497507261,PEPE,0.11111104374113556,0.10536045502484646,0.08602645129277689,0.07408550715370124,9.571428563504014e-06,1.0866666616493604e-05,0.8808063135917268
2025-02-23,9.000000318337698e-06,9.999999747378752e-06,9.000000318337698e-06,9.999999747378752e-06,452811736,PEPE,-0.09999994543031654,-0.10536045502484652,0.09479653228832667,0.07589784592923117,9.428571502212435e-06,1.0666666639735922e-05,0.8839285805641209
2025-02-24,7.999999979801942e-06,9.000000318337698e-06,7.999999979801942e-06,9.000000318337698e-06,809928406,PEPE,-0.11111114479609885,-0.11778307355199538,0.10186894293629674,0.07800382936976669,9.142857249701461e-06,1.0433333318360383e-05,0.8763121977146109
2025-02-25,7.999999979801942e-06,7.999999979801942e-06,7.000000096013537e-06,7.999999979801942e-06,1109991608,PEPE,0.0,0.0,0.09686271925444233,0.07755441824365059,9.000000058482069e-06,1.0233333311286212e-05,0.8794788349712097
2025-02-26,7.999999979801942e-06,7.999999979801942e-06,7.999999979801942e-06,7.999999979801942e-06,719291347,PEPE,0.0,0.0,0.09686271925444233,0.07690470694617348,8.857142867262674e-06,1.0066666648829899e-05,0.8798486307572513
2025-02-27,7.999999979801942e-06,9.000000318337698e-06,7.999999979801942e-06,7.999999979801942e-06,634477647,PEPE,0.0,0.0,0.08171295107841992,0.07145904507735411,8.571428614751702e-06,9.966666645292814e-06,0.8600095618528515
2025-02-28,7.999999979801942e-06,7.999999979801942e-06,7.000000096013537e-06,7.999999979801942e-06,891254470,PEPE,0.0,0.0,0.07537977991710164,0.06908636126773794,8.428571423532308e-06,9.83333329713787e-06,0.8571428597854567
2025-03-01,7.999999979801942e-06,7.999999979801942e-06,7.000000096013537e-06,7.999999979801942e-06,492640705,PEPE,0.0,0.0,0.05455942826799064,0.0668582679046479,8.142857171021336e-06,9.666666634681557e-06,0.8423645377204612
2025-03-02,9.000000318337698e-06,9.000000318337698e-06,7.999999979801942e-06,7.999999979801942e-06,1052250757,PEPE,0.12500004263256415,0.11778307355199531,0.06800208922122637,0.06932226701837453,8.142857171021336e-06,9.499999972225245e-06,0.857142862613502
2025-03-03,7.000000096013537e-06,9.000000318337698e-06,7.000000096013537e-06,9.000000318337698e-06,893251818,PEPE,-0.22222223906471605,-0.25131444993554125,0.11141855958645171,0.0778109000402859,8.000000044765848e-06,9.333333294610686e-06,0.8571428654953596
2025-03-04,7.000000096013537e-06,7.000000096013537e-06,6.000000212225132e-06,7.000000096013537e-06,1014240415,PEPE,0.0,0.0,0.11141855958645171,0.07676313495276157,7.857142918510363e-06,9.199999961613988e-06,0.8540372773145052
2025-03-05,7.000000096013537e-06,7.000000096013537e-06,7.000000096013537e-06,7.000000096013537e-06,531566452,PEPE,0.0,0.0,0.11141855958645171,0.07676313495276157,7.714285792254877e-06,9.066666628617288e-06,0.8508403483046496
2025-03-06,7.000000096013537e-06,7.000000096013537e-06,7.000000096013537e-06,7.000000096013537e-06,472750559,PEPE,0.0,0.0,0.11141855958645171,0.07528563303374582,7.57142866599939e-06,8.966666640238448e-06,0.8443972514849782
2025-03-07,7.000000096013537e-06,7.000000096013537e-06,6.000000212225132e-06,7.000000096013537e-06,727510692,PEPE,0.0,0.0,0.11141855958645171,0.07528563303374582,7.428571539743903e-06,8.866666651859608e-06,0.8378088216709835
2025-03-08,7.000000096013537e-06,7.000000096013537e-06,7.000000096013537e-06,7.000000096013537e-06,370097615,PEPE,0.0,0.0,0.11141855958645171,0.07320361590147989,7.285714413488417e-06,8.799999977782137e-06,0.8279220945321678
2025-03-09,6.000000212225132e-06,7.000000096013537e-06,6.000000212225132e-06,7.000000096013537e-06,517977518,PEPE,-0.1428571242960267,-0.15415065817262302,0.10282297469287328,0.07785751148858326,6.85714296975805e-06,8.69999997424505e-06,0.7881773551790251
2025-03-10,6.000000212225132e-06,7.000000096013537e-06,6.000000212225132e-06,6.000000212225132e-06,901560511,PEPE,0.0,0.0,0.058263472280241445,0.07461929087325035,6.714285843502564e-06,8.566666656406596e-06,0.7837687764448351
2025-03-11,6.000000212225132e-06,6.000000212225132e-06,4.999999873689376e-06,6.000000212225132e-06,983601120,PEPE,0.0,0.0,0.058263472280241445,0.07461929087325035,6.571428717247077e-06,8.433333338568142e-06,0.7792207960278267
2025-03-12,7.000000096013537e-06,7.000000096013537e-06,6.000000212225132e-06,6.000000212225132e-06,897730393,PEPE,0.16666664140292586,0.1541506581726231,0.0889989239917222,0.08087731653378674,6.571428717247077e-06,8.333333350189301e-06,0.788571444474593
2025-03-13,7.000000096013537e-06,7.000000096013537e-06,7.000000096013537e-06,7.000000096013537e-06,1111235794,PEPE,0.0,0.0,0.0889989239917222,0.08087731653378674,6.571428717247077e-06,8.233333361810462e-06,0.7981492341519933
2025-03-14,7.000000096013537e-06,7.000000096013537e-06,7.000000096013537e-06,7.000000096013537e-06,715024459,PEPE,0.0,0.0,0.0889989239917222,0.08087731653378674,6.571428717247077e-06,8.133333373431621e-06,0.8079625432191593
2025-03-15,7.000000096013537e-06,7.000000096013537e-06,7.000000096013537e-06,7.000000096013537e-06,439584133,PEPE,0.0,0.0,0.0889989239917222,0.08087731653378674,6.571428717247077e-06,8.03333338505278e-06,0.8180201670049203
2025-03-16,7.000000096013537e-06,7.000000096013537e-06,6.000000212225132e-06,7.000000096013537e-06,551921272,PEPE,0.0,0.0,0.05826347228024141,0.08087731653378674,6.714285843502564e-06,7.93333339667394e-06,0.8463385449447438
2025-03-17,7.000000096013537e-06,7.999999979801942e-06,7.000000096013537e-06,7.000000096013537e-06,774892935,PEPE,0.0,0.0,0.05826347228024141,0.08087731653378674,6.85714296975805e-06,7.833333408295099e-06,0.8753799452091094
2025-03-18,7.000000096013537e-06,7.000000096013537e-06,7.000000096013537e-06,7.000000096013537e-06,737956170,PEPE,0.0,0.0,0.05826347228024141,0.08087731653378674,7.000000096013537e-06,7.73333341991626e-06,0.905172416074275
2025-03-19,7.000000096013537e-06,7.999999979801942e-06,7.000000096013537e-06,7.000000096013537e-06,829755809,PEPE,0.0,0.0,0.0,0.08087731653378674,7.000000096013537e-06,7.633333431537419e-06,0.9170305684660334
2025-03-20,7.999999979801942e-06,7.999999979801942e-06,7.000000096013537e-06,7.000000096013537e-06,755406829,PEPE,0.14285712429602682,0.13353137638354595,0.05047011630500418,0.08308720188689799,7.1428572222690235e-06,7.60000008691956e-06,0.9398496237602247
2025-03-21,7.000000096013537e-06,7.999999979801942e-06,7.000000096013537e-06,7.999999979801942e-06,573332245,PEPE,-0.12499998578914528,-0.13353137638354592,0.0770943761003018,0.0863810261877631,7.1428572222690235e-06,7.533333412842088e-06,0.9481668779046181
2025-03-22,7.000000096013537e-06,7.000000096013537e-06,7.000000096013537e-06,7.000000096013537e-06,343371281,PEPE,0.0,0.0,0.0770943761003018,0.08369745918632852,7.1428572222690235e-06,7.433333424463247e-06,0.9609224844888216
2025-03-23,7.000000096013537e-06,7.000000096013537e-06,7.000000096013537e-06,7.000000096013537e-06,350891642,PEPE,0.0,0.0,0.0770943761003018,0.08182974712173251,7.1428572222690235e-06,7.366666750385775e-06,0.9696186164380204
2025-03-24,7.999999979801942e-06,7.999999979801942e-06,7.000000096013537e-06,7.000000096013537e-06,703198015,PEPE,0.14285712429602682,0.13353137638354595,0.0921454039338663,0.08332786335239593,7.285714348524509e-06,7.300000091466548e-06,0.9980430489365694
2025-03-25,7.999999979801942e-06,7.999999979801942e-06,7.999999979801942e-06,7.999999979801942e-06,508792132,PEPE,0.0,0.0,0.0921454039338663,0.08125289712182952,7.428571474779996e-06,7.266666746848689e-06,1.0222804669006624
2025-03-26,9.000000318337698e-06,9.000000318337698e-06,7.999999979801942e-06,7.999999979801942e-06,1015441889,PEPE,0.12500004263256415,0.11778307355199531,0.09860867973696763,0.08125289712182954,7.714285792254877e-06,7.300000091466548e-06,1.056751465150338
2025-03-27,7.999999979801942e-06,9.000000318337698e-06,7.999999979801942e-06,9.000000318337698e-06,562530419,PEPE,-0.11111114479609885,-0.11778307355199538,0.10279993659894139,0.08423985588356449,7.714285792254877e-06,7.300000091466548e-06,1.056751465150338
2025-03-28,7.999999979801942e-06,9.000000318337698e-06,7.999999979801942e-06,7.999999979801942e-06,513248694,PEPE,0.0,0.0,0.0846848084268497,0.08423985588356449,7.857142918510363e-06,7.300000091466548e-06,1.0763209342552058
2025-03-29,7.000000096013537e-06,7.999999979801942e-06,7.000000096013537e-06,7.999999979801942e-06,446390964,PEPE,-0.12499998578914528,-0.13353137638354592,0.10279993659894139,0.08769667953755825,7.857142918510363e-06,7.266666762006934e-06,1.0812581856086585
2025-03-30,7.000000096013537e-06,7.000000096013537e-06,7.000000096013537e-06,7.000000096013537e-06,424907223,PEPE,0.0,0.0,0.10279993659894139,0.08769667953755825,7.857142918510363e-06,7.233333432547321e-06,1.0862409415769678
2025-03-31,7.000000096013537e-06,7.000000096013537e-06,7.000000096013537e-06,7.000000096013537e-06,661121987,PEPE,0.0,0.0,0.08468480842684971,0.08769667953755825,7.714285792254877e-06,7.2000001030877075e-06,1.0714285669171892
2025-04-01,7.999999979801942e-06,7.999999979801942e-06,7.000000096013537e-06,7.000000096013537e-06,716307624,PEPE,0.14285712429602682,0.13353137638354595,0.10279993659894139,0.08849707230454425,7.714285792254877e-06,7.1666667584698494e-06,1.076411957223744
2025-04-02,7.000000096013537e-06,7.999999979801942e-06,7.000000096013537e-06,7.999999979801942e-06,1116576309,PEPE,-0.12499998578914528,-0.13353137638354592,0.0986086797369677,0.07927567060235113,7.428571474779996e-06,7.1666667584698494e-06,1.0365448436681695
2025-04-03,7.000000096013537e-06,7.000000096013537e-06,6.000000212225132e-06,7.000000096013537e-06,826630624,PEPE,0.0,0.0,0.09214540393386633,0.07927567060235113,7.285714348524509e-06,7.1666667584698494e-06,1.0166112914227474
2025-04-04,7.000000096013537e-06,7.000000096013537e-06,7.000000096013537e-06,7.000000096013537e-06,957233332,PEPE,0.0,0.0,0.09214540393386633,0.07927567060235113,7.1428572222690235e-06,7.1666667584698494e-06,0.9966777391773258
2025-04-05,7.000000096013537e-06,7.000000096013537e-06,7.000000096013537e-06,7.000000096013537e-06,400071223,PEPE,0.0,0.0,0.0770943761003018,0.07927567060235113,7.1428572222690235e-06,7.1666667584698494e-06,0.9966777391773258
2025-04-06,6.000000212225132e-06,7.000000096013537e-06,6.000000212225132e-06,7.000000096013537e-06,609249375,PEPE,-0.1428571242960267,-0.15415065817262302,0.09663423321186546,0.08412320010924994,7.000000096013537e-06,7.1333334290102355e-06,0.9813084115128488
2025-04-07,6.000000212225132e-06,7.000000096013537e-06,6.000000212225132e-06,6.000000212225132e-06,1606880937,PEPE,0.0,0.0,0.09663423321186546,0.08412320010924994,6.85714296975805e-06,7.1000000995506225e-06,0.9657947709313492
2025-04-08,6.000000212225132e-06,7.000000096013537e-06,6.000000212225132e-06,6.000000212225132e-06,650746382,PEPE,0.0,0.0,0.07043917069277121,0.07927567060235113,6.571428717247077e-06,7.1000000995506225e-06,0.9255533274799531
2025-04-09,7.000000096013537e-06,7.000000096013537e-06,6.000000212225132e-06,6.000000212225132e-06,1196480076,PEPE,0.16666664140292586,0.1541506581726231,0.0889989239917222,0.08412320010924995,6.571428717247077e-06,7.1333334290102355e-06,0.9212283124916083
2025-04-10,7.000000096013537e-06,7.000000096013537e-06,7.000000096013537e-06,7.000000096013537e-06,611784423,PEPE,0.0,0.0,0.0889989239917222,0.08412320010924995,6.571428717247077e-06,7.1666667584698494e-06,0.9169435301956385
2025-04-11,7.000000096013537e-06,7.000000096013537e-06,7.000000096013537e-06,7.000000096013537e-06,513518315,PEPE,0.0,0.0,0.0889989239917222,0.07927567060235113,6.571428717247077e-06,7.1666667584698494e-06,0.9169435301956385
2025-04-12,7.000000096013537e-06,7.999999979801942e-06,7.000000096013537e-06,7.000000096013537e-06,543371206,PEPE,0.0,0.0,0.0889989239917222,0.07927567060235113,6.571428717247077e-06,7.1666667584698494e-06,0.9169435301956385
2025-04-13,7.000000096013537e-06,7.999999979801942e-06,7.000000096013537e-06,7.000000096013537e-06,607165665,PEPE,0.0,0.0,0.058263472280241424,0.07927567060235113,6.714285843502564e-06,7.1666667584698494e-06,0.9368770824410604
2025-04-14,7.000000096013537e-06,7.999999979801942e-06,7.000000096013537e-06,7.000000096013537e-06,686660532,PEPE,0.0,0.0,0.058263472280241424,0.07927567060235113,6.85714296975805e-06,7.1666667584698494e-06,0.9568106346864821
2025-04-15,7.000000096013537e-06,7.999999979801942e-06,7.000000096013537e-06,7.000000096013537e-06,533853761,PEPE,0.0,0.0,0.058263472280241424,0.07927567060235113,7.000000096013537e-06,7.1666667584698494e-06,0.9767441869319039
2025-04-16,7.000000096013537e-06,7.000000096013537e-06,7.000000096013537e-06,7.000000096013537e-06,554585826,PEPE,0.0,0.0,0.0,0.07927567060235113,7.000000096013537e-06,7.1666667584698494e-06,0.9767441869319039
2025-04-17,7.000000096013537e-06,7.000000096013537e-06,7.000000096013537e-06,7.000000096013537e-06,424875089,PEPE,0.0,0.0,0.0,0.07927567060235113,7.000000096013537e-06,7.1666667584698494e-06,0.9767441869319039
2025-04-18,7.000000096013537e-06,7.000000096013537e-06,7.000000096013537e-06,7.000000096013537e-06,379977960,PEPE,0.0,0.0,0.0,0.07927567060235113,7.000000096013537e-06,7.1666667584698494e-06,0.9767441869319039
2025-04-19,7.999999979801942e-06,7.999999979801942e-06,7.000000096013537e-06,7.000000096013537e-06,343389688,PEPE,0.14285712429602682,0.13353137638354595,0.0504701163050042,0.07927567060235113,7.1428572222690235e-06,7.1666667584698494e-06,0.9966777391773258
2025-04-20,7.999999979801942e-06,7.999999979801942e-06,7.000000096013537e-06,7.999999979801942e-06,376828997,PEPE,0.0,0.0,0.0504701163050042,0.07516174370181174,7.285714348524509e-06,7.2000000879294625e-06,1.0119047582705927
2025-04-21,7.999999979801942e-06,7.999999979801942e-06,7.999999979801942e-06,7.999999979801942e-06,640704900,PEPE,0.0,0.0,0.0504701163050042,0.07516174370181174,7.428571474779996e-06,7.233333417389076e-06,1.0269914361920003
2025-04-22,9.000000318337698e-06,9.000000318337698e-06,7.999999979801942e-06,7.999999979801942e-06,937426888,PEPE,0.12500004263256415,0.11778307355199531,0.0614827528106307,0.07794588132396345,7.714285792254877e-06,7.300000091466548e-06,1.056751465150338
2025-04-23,9.000000318337698e-06,9.000000318337698e-06,9.000000318337698e-06,9.000000318337698e-06,1204099592,PEPE,0.0,0.0,0.0614827528106307,0.0742789461927976,8.000000109729757e-06,7.333333436084407e-06,1.0909090905869558
2025-04-24,9.000000318337698e-06,9.000000318337698e-06,7.999999979801942e-06,9.000000318337698e-06,709396242,PEPE,0.0,0.0,0.0614827528106307,0.0742789461927976,8.285714427204636e-06,7.366666780702265e-06,1.1247575971414792
2025-04-25,9.000000318337698e-06,9.000000318337698e-06,9.000000318337698e-06,9.000000318337698e-06,862509049,PEPE,0.0,0.0,0.0614827528106307,0.07109805506247947,8.571428744679516e-06,7.366666780702265e-06,1.163542345519584
2025-04-26,9.000000318337698e-06,9.999999747378752e-06,9.000000318337698e-06,9.000000318337698e-06,757111122,PEPE,0.0,0.0,0.044517817324487514,0.06753231378439704,8.71428593589891e-06,7.400000125320124e-06,1.1776061876109671
2025-04-27,9.000000318337698e-06,9.000000318337698e-06,9.000000318337698e-06,9.000000318337698e-06,425233854,PEPE,0.0,0.0,0.044517817324487514,0.06753231378439704,8.857143127118303e-06,7.433333469937982e-06,1.1915438965490406
2025-04-28,9.000000318337698e-06,9.000000318337698e-06,9.000000318337698e-06,9.000000318337698e-06,703248323,PEPE,0.0,0.0,0.044517817324487514,0.0623627569719782,9.000000318337698e-06,7.500000144015454e-06,1.2000000194025533
2025-04-29,9.000000318337698e-06,9.000000318337698e-06,9.000000318337698e-06,9.000000318337698e-06,450439148,PEPE,0.0,0.0,0.0,0.0623627569719782,9.000000318337698e-06,7.566666818092927e-06,1.1894273310432377
2025-04-30,9.000000318337698e-06,9.000000318337698e-06,7.999999979801942e-06,9.000000318337698e-06,512812030,PEPE,0.0,0.0,0.0,0.0623627569719782,9.000000318337698e-06,7.633333492170399e-06,1.1790393184798102
2025-05-01,9.000000318337698e-06,9.000000318337698e-06,9.000000318337698e-06,9.000000318337698e-06,541831765,PEPE,0.0,0.0,0.0,0.05771407877883129,9.000000318337698e-06,7.666666836788258e-06,1.1739130589517053
2025-05-02,9.000000318337698e-06,9.000000318337698e-06,9.000000318337698e-06,9.000000318337698e-06,475540160,PEPE,0.0,0.0,0.0,0.051569515620770556,9.000000318337698e-06,7.73333351086573e-06,1.1637931178956962
2025-05-03,7.999999979801942e-06,9.000000318337698e-06,7.999999979801942e-06,9.000000318337698e-06,382006060,PEPE,-0.11111114479609885,-0.11778307355199538,0.044517817324487584,0.05647911724457635,8.857143127118303e-06,7.766666840325342e-06,1.140404668979889
2025-05-04,7.999999979801942e-06,7.999999979801942e-06,7.999999979801942e-06,7.999999979801942e-06,351722906,PEPE,0.0,0.0,0.044517817324487584,0.05647911724457635,8.71428593589891e-06,7.800000169784956e-06,1.1172161213092848
2025-05-05,7.999999979801942e-06,7.999999979801942e-06,7.999999979801942e-06,7.999999979801942e-06,472799627,PEPE,0.0,0.0,0.044517817324487584,0.05647911724457635,8.571428744679516e-06,7.83333349924457e-06,1.0942249229534433
2025-05-06,7.999999979801942e-06,7.999999979801942e-06,7.999999979801942e-06,7.999999979801942e-06,480093921,PEPE,0.0,0.0,0.044517817324487584,0.047915176593319994,8.428571553460123e-06,7.900000158163796e-06,1.0669077702169545
2025-05-07,7.999999979801942e-06,7.999999979801942e-06,7.999999979801942e-06,7.999999979801942e-06,508047529,PEPE,0.0,0.0,0.044517817324487584,0.047915176593319994,8.285714362240729e-06,7.966666817083024e-06,1.0400478082594802
2025-05-08,1.1000000085914508e-05,1.2000000424450263e-05,7.999999979801942e-06,7.999999979801942e-06,2090175661,PEPE,0.3750000142108547,0.31845374145370164,0.13511289354359823,0.07393026961736827,8.571428614751702e-06,8.133333479539335e-06,1.0538641550004637
2025-05-09,1.2000000424450263e-05,1.4000000192027072e-05,1.1000000085914508e-05,1.1000000085914508e-05,3352544156,PEPE,0.09090912097503123,0.08701140455007468,0.13603530545508066,0.07068048428539281,9.000000058482069e-06,8.300000157153894e-06,1.0843373359125583
2025-05-10,1.4000000192027072e-05,1.4000000192027072e-05,1.2000000424450263e-05,1.2000000424450263e-05,2334406362,PEPE,0.16666664140292564,0.1541506581726229,0.12111127502413777,0.07481181637911861,9.857142945942801e-06,8.533333493687678e-06,1.1551339172709443
2025-05-11,1.4000000192027072e-05,1.4000000192027072e-05,1.2999999853491316e-05,1.4000000192027072e-05,1854194000,PEPE,0.0,0.0,0.12111127502413777,0.07481181637911861,1.0714285833403534e-05,8.766666830221463e-06,1.222161859336095
2025-05-12,1.4000000192027072e-05,1.4999999621068127e-05,1.2999999853491316e-05,1.4000000192027072e-05,2779214397,PEPE,0.0,0.0,0.12111127502413777,0.07481181637911861,1.1571428720864268e-05,9.000000166755248e-06,1.285714278496074
2025-05-13,1.4000000192027072e-05,1.4999999621068127e-05,1.2999999853491316e-05,1.4000000192027072e-05,2102326614,PEPE,0.0,0.0,0.12111127502413777,0.07481181637911861,1.2428571608325001e-05,9.233333503289032e-06,1.3460546620457046
2025-05-14,1.4000000192027072e-05,1.4000000192027072e-05,1.4000000192027072e-05,1.4000000192027072e-05,1301499208,PEPE,0.0,0.0,0.12111127502413777,0.07481181637911861,1.3285714495785732e-05,9.466666839822817e-06,1.4034205196593137
2025-05-15,1.2999999853491316e-05,1.4000000192027072e-05,1.2999999853491316e-05,1.4000000192027072e-05,1498565537,PEPE,-0.07142859462996654,-0.07410799713984,0.07398049540420985,0.07679818460020253,1.3571428748296705e-05,9.666666831738743e-06,1.4039408810219245
2025-05-16,1.2999999853491316e-05,1.4000000192027072e-05,1.2999999853491316e-05,1.2999999853491316e-05,1009085254,PEPE,0.0,0.0,0.06872549208206322,0.07679818460020253,1.3714285809588285e-05,9.866666823654669e-06,1.3899613775048336
2025-05-17,1.2000000424450263e-05,1.2999999853491316e-05,1.2000000424450263e-05,1.2999999853491316e-05,889283661,PEPE,-0.07692303387007271,-0.08004266103278294,0.03764790968774022,0.07890138828944526,1.3428571557077311e-05,1.0033333501269226e-05,1.3383958138517558
2025-05-18,1.4000000192027072e-05,1.4000000192027072e-05,1.2000000424450263e-05,1.2000000424450263e-05,1883905290,PEPE,0.16666664140292564,0.1541506581726229,0.0770943666774046,0.08262267294833248,1.3428571557077311e-05,1.026666683780301e-05,1.3079777272631283
2025-05-19,1.2999999853491316e-05,1.4000000192027072e-05,1.2999999853491316e-05,1.4000000192027072e-05,1547302207,PEPE,-0.07142859462996654,-0.07410799713984,0.08202507008209602,0.08174558570191096,1.3285714365857918e-05,1.0433333500259323e-05,1.2733911329037548
2025-05-20,1.2999999853491316e-05,1.4000000192027072e-05,1.2999999853491316e-05,1.2999999853491316e-05,1259751466,PEPE,0.0,0.0,0.08202507008209602,0.08174558570191096,1.3142857174638525e-05,1.0600000162715636e-05,1.2398921672536494
2025-05-21,1.4000000192027072e-05,1.4999999621068127e-05,1.2999999853491316e-05,1.2999999853491316e-05,2559053969,PEPE,0.0769231038312046,0.07410799713984012,0.0881714605380692,0.08235711639186216,1.3142857174638525e-05,1.0800000169789807e-05,1.2169312007422233
2025-05-22,1.4999999621068127e-05,1.4999999621068127e-05,1.4000000192027072e-05,1.4000000192027072e-05,2059531667,PEPE,0.07142852966606039,0.06899283250860706,0.08464420401497215,0.08079907083604959,1.3428571427149499e-05,1.1000000146547487e-05,1.220779204386125
2025-05-23,1.4000000192027072e-05,1.5999999959603883e-05,1.4000000192027072e-05,1.4999999621068127e-05,2844949694,PEPE,-0.0666666302868778,-0.06899283250860701,0.0911854288496413,0.08226892466460263,1.3571428618368892e-05,1.11666668090038e-05,1.2153518010787343
2025-05-24,1.4000000192027072e-05,1.4000000192027072e-05,1.4000000192027072e-05,1.4000000192027072e-05,1138396705,PEPE,0.0,0.0,0.08253464481474958,0.08226892466460263,1.3857142870879864e-05,1.1333333471460111e-05,1.222689061940626
2025-05-25,1.4000000192027072e-05,1.4000000192027072e-05,1.2999999853491316e-05,1.4000000192027072e-05,1386119634,PEPE,0.0,0.0,0.058457979716600446,0.08226892466460263,1.3857142870879864e-05,1.1500000133916424e-05,1.2049689312621508
2025-05-26,1.4000000192027072e-05,1.4000000192027072e-05,1.4000000192027072e-05,1.4000000192027072e-05,1483310725,PEPE,0.0,0.0,0.048695390552935675,0.08226892466460263,1.4000000062099256e-05,1.1666666796372737e-05,1.1999999919815978
2025-05-27,1.4000000192027072e-05,1.4000000192027072e-05,1.2999999853491316e-05,1.4000000192027072e-05,1255346660,PEPE,0.0,0.0,0.048695390552935675,0.08226892466460263,1.414285725331865e-05,1.1833333458829048e-05,1.1951710228166037
2025-05-28,1.4000000192027072e-05,1.4000000192027072e-05,1.2999999853491316e-05,1.4000000192027072e-05,1094381421,PEPE,0.0,0.0,0.03983303042099971,0.08226892466460263,1.414285725331865e-05,1.200000012128536e-05,1.1785714258645992
2025-05-29,1.2999999853491316e-05,1.4999999621068127e-05,1.2999999853491316e-05,1.4000000192027072e-05,1755680810,PEPE,-0.07142859462996654,-0.07410799713984,0.034944239867797544,0.08382430743255304,1.3857143000807677e-05,1.2133333439123814e-05,1.1420722153835694
2025-05-30,1.2000000424450263e-05,1.4000000192027072e-05,1.2000000424450263e-05,1.2999999853491316e-05,1745689658,PEPE,-0.07692303387007271,-0.08004266103278294,0.03764790968774022,0.08548531474179621,1.3571428748296707e-05,1.2233333442660901e-05,1.1093810866766298
2025-05-31,1.2000000424450263e-05,1.2000000424450263e-05,1.1000000085914508e-05,1.2000000424450263e-05,1226638331,PEPE,0.0,0.0,0.03764790968774022,0.08548531474179621,1.3285714495785733e-05,1.2333333446197986e-05,1.0772200843950537
2025-06-01,1.2000000424450263e-05,1.2000000424450263e-05,1.1000000085914508e-05,1.2000000424450263e-05,715511443,PEPE,0.0,0.0,0.03764790968774022,0.08548531474179621,1.3000000243274762e-05,1.2433333449735071e-05,1.0455764172842774
2025-06-02,1.2000000424450263e-05,1.2000000424450263e-05,1.1000000085914508e-05,1.2000000424450263e-05,845281015,PEPE,0.0,0.0,0.03764790968774022,0.08207024170867079,1.2714285990763788e-05,1.2566666797890015e-05,1.0117468852519078
2025-06-03,1.2000000424450263e-05,1.2999999853491316e-05,1.2000000424450263e-05,1.2000000424450263e-05,1092336779,PEPE,0.0,0.0,0.03764790968774022,0.08207024170867079,1.2428571738252816e-05,1.270000014604496e-05,0.9786276846715886
2025-06-04,1.2000000424450263e-05,1.2999999853491316e-05,1.2000000424450263e-05,1.2000000424450263e-05,693409862,PEPE,0.0,0.0,0.03764790968774022,0.08207024170867079,1.2142857485741843e-05,1.2833333494199904e-05,0.9461966753400334
2025-06-05,1.1000000085914508e-05,1.2000000424450263e-05,9.999999747378752e-06,1.2000000424450263e-05,1404446563,PEPE,-0.08333335859707414,-0.08701140455007465,0.040806635758561714,0.08407731194722255,1.1857143233230869e-05,1.2933333497736989e-05,0.9167894135959281
2025-06-06,1.1000000085914508e-05,1.1000000085914508e-05,1.1000000085914508e-05,1.1000000085914508e-05,929130890,PEPE,0.0,0.0,0.0328872196665625,0.08407731194722255,1.1714286042011476e-05,1.3033333501274074e-05,0.8987943138926312
2025-06-07,1.2000000424450263e-05,1.2000000424450263e-05,1.1000000085914508e-05,1.1000000085914508e-05,571763807,PEPE,0.09090912097503123,0.08701140455007468,0.05023605783955358,0.06277686160893806,1.1714286042011476e-05,1.3066666845891933e-05,0.8965014705103899
2025-06-08,1.2000000424450263e-05,1.2000000424450263e-05,1.1000000085914508e-05,1.2000000424450263e-05,608439769,PEPE,0.0,0.0,0.05023605783955358,0.06073358381276267,1.1714286042011476e-05,1.3066666845891933e-05,0.8965014705103899
2025-06-09,1.2999999853491316e-05,1.2999999853491316e-05,1.1000000085914508e-05,1.2000000424450263e-05,1119181883,PEPE,0.0833332828058515,0.08004266103278287,0.05864232763849209,0.055531852786041724,1.1857143103303055e-05,1.3033333501274074e-05,0.9097552135947384
2025-06-10,1.2999999853491316e-05,1.4000000192027072e-05,1.2000000424450263e-05,1.2999999853491316e-05,1678817496,PEPE,0.0,0.0,0.05864232763849209,0.055531852786041724,1.2000000164594635e-05,1.3000000156656217e-05,0.9230769246145304
2025-06-11,1.2000000424450263e-05,1.2999999853491316e-05,1.2000000424450263e-05,1.2999999853491316e-05,1302103091,PEPE,-0.07692303387007271,-0.08004266103278294,0.06825885072522561,0.057303675872859616,1.2000000164594635e-05,1.2933333497736989e-05,0.9278350524784917
2025-06-12,1.2000000424450263e-05,1.2999999853491316e-05,1.1000000085914508e-05,1.2000000424450263e-05,1119672226,PEPE,0.0,0.0,0.05672017641427425,0.057303675872859616,1.2142857355814027e-05,1.2866666838817763e-05,0.943745377721287
2025-06-13,1.1000000085914508e-05,1.2000000424450263e-05,1.1000000085914508e-05,1.2000000424450263e-05,1642471317,PEPE,-0.08333335859707414,-0.08701140455007465,0.06825885072522561,0.059205094765656455,1.2142857355814027e-05,1.2766666835280676e-05,0.9511376393294174
2025-06-14,1.1000000085914508e-05,1.1000000085914508e-05,1.1000000085914508e-05,1.1000000085914508e-05,553629807,PEPE,0.0,0.0,0.056720176414274286,0.057884683685473434,1.2000000164594635e-05,1.270000017636145e-05,0.9448818896026688
2025-06-15,1.1000000085914508e-05,1.1000000085914508e-05,1.1000000085914508e-05,1.1000000085914508e-05,637878115,PEPE,0.0,0.0,0.056720176414274286,0.057884683685473434,1.185714297337524e-05,1.2633333517442223e-05,0.9385601161407372
2025-06-16,1.1000000085914508e-05,1.2000000424450263e-05,1.1000000085914508e-05,1.1000000085914508e-05,1076262338,PEPE,0.0,0.0,0.04080663575856172,0.056152349163448925,1.1571428720864268e-05,1.2600000172824364e-05,0.9183673462022235
2025-06-17,9.999999747378752e-06,1.1000000085914508e-05,9.999999747378752e-06,1.1000000085914508e-05,1220808952,PEPE,-0.09090912097503123,-0.09531021287685976,0.046954366622752264,0.05025441966726352,1.1142857277133902e-05,1.246666682466942e-05,0.8938120697253316
2025-06-18,9.999999747378752e-06,9.999999747378752e-06,9.999999747378752e-06,9.999999747378752e-06,777482411,PEPE,0.0,0.0,0.04454638465948472,0.04885834022185912,1.0857142894695113e-05,1.2366666821132335e-05,0.8779360721631373
2025-06-19,9.999999747378752e-06,9.999999747378752e-06,9.999999747378752e-06,9.999999747378752e-06,524051323,PEPE,0.0,0.0,0.04454638465948472,0.04885834022185912,1.0571428512256326e-05,1.226666681759525e-05,0.8618012268086321
2025-06-20,9.999999747378752e-06,9.999999747378752e-06,9.999999747378752e-06,9.999999747378752e-06,784456726,PEPE,0.0,0.0,0.036023874382400345,0.04633301634552009,1.0428571321036933e-05,1.2133333469440304e-05,0.8594976267076908
2025-06-21,9.000000318337698e-06,9.999999747378752e-06,9.000000318337698e-06,9.999999747378752e-06,673900125,PEPE,-0.09999994543031654,-0.10536045502484652,0.0490445177208108,0.04685716108199897,1.014285706852596e-05,1.1933333492682624e-05,0.849960078191516
2025-06-22,9.000000318337698e-06,9.000000318337698e-06,7.999999979801942e-06,9.000000318337698e-06,1044114266,PEPE,0.0,0.0,0.0490445177208108,0.04590210284705929,9.857142816014988e-06,1.1766666830226313e-05,0.8377175081301593
2025-06-23,9.999999747378752e-06,9.999999747378752e-06,9.000000318337698e-06,9.000000318337698e-06,1182487593,PEPE,0.11111104374113556,0.10536045502484646,0.07069649698912382,0.050833512160139586,9.714285624795593e-06,1.163333348207137e-05,0.835038868245864
2025-06-24,9.999999747378752e-06,9.999999747378752e-06,9.999999747378752e-06,9.999999747378752e-06,857036599,PEPE,0.0,0.0,0.06082988707053703,0.050833512160139586,9.714285624795593e-06,1.1500000133916426e-05,0.8447204792759693
2025-06-25,9.000000318337698e-06,9.999999747378752e-06,9.000000318337698e-06,9.999999747378752e-06,704465031,PEPE,-0.09999994543031654,-0.10536045502484652,0.07270562132928605,0.05359642914435936,9.571428563504014e-06,1.1333333471460113e-05,0.8445378041338877
2025-06-26,9.000000318337698e-06,9.999999747378752e-06,9.000000318337698e-06,9.000000318337698e-06,661735953,PEPE,0.0,0.0,0.07270562132928605,0.05359642914435936,9.428571502212435e-06,1.11666668090038e-05,0.8443496760026975
2025-06-27,9.000000318337698e-06,9.000000318337698e-06,9.000000318337698e-06,9.000000318337698e-06,546577747,PEPE,0.0,0.0,0.07270562132928605,0.05359642914435936,9.285714440920856e-06,1.1000000146547487e-05,0.844155847019267
2025-06-28,9.999999747378752e-06,9.999999747378752e-06,9.000000318337698e-06,9.000000318337698e-06,334924922,PEPE,0.11111104374113556,0.10536045502484646,0.07270562132928601,0.05666789958098746,9.428571502212435e-06,1.0900000143010402e-05,0.8650065484869266
2025-06-29,9.999999747378752e-06,9.999999747378752e-06,9.000000318337698e-06,9.999999747378752e-06,601753078,PEPE,0.0,0.0,0.07270562132928601,0.0550566818500675,9.571428563504014e-06,1.0833333453774685e-05,0.8835164729623474
2025-06-30,9.999999747378752e-06,9.999999747378752e-06,9.999999747378752e-06,9.999999747378752e-06,759004801,PEPE,0.0,0.0,0.06082988707053703,0.0550566818500675,9.571428563504014e-06,1.0766666764538969e-05,0.8889871649997022
2025-07-01,9.000000318337698e-06,9.999999747378752e-06,9.000000318337698e-06,9.999999747378752e-06,493581100,PEPE,-0.09999994543031654,-0.10536045502484652,0.07270562132928605,0.05794053838716958,9.428571502212435e-06,1.0666666761001882e-05,0.8839285705150165
2025-07-02,9.999999747378752e-06,9.999999747378752e-06,9.000000318337698e-06,9.000000318337698e-06,884181044,PEPE,0.11111104374113556,0.10536045502484646,0.07270562132928601,0.06161827965453008,9.571428563504014e-06,1.0600000071766166e-05,0.9029649527077058
2025-07-03,9.999999747378752e-06,1.1000000085914508e-05,9.999999747378752e-06,9.999999747378752e-06,1133335661,PEPE,0.0,0.0,0.07270562132928601,0.06161827965453008,9.714285624795593e-06,1.0533333382530448e-05,0.9222423018440442
2025-07-04,9.999999747378752e-06,9.999999747378752e-06,9.000000318337698e-06,9.999999747378752e-06,649530001,PEPE,0.0,0.0,0.07270562132928601,0.06161827965453008,9.857142686087172e-06,1.046666669329473e-05,0.9417652223894702
2025-07-05,9.999999747378752e-06,9.999999747378752e-06,9.999999747378752e-06,9.999999747378752e-06,391233249,PEPE,0.0,0.0,0.06082988707053703,0.05969514869916303,9.857142686087172e-06,1.0433333348676873e-05,0.9447740579799675
2025-07-06,9.999999747378752e-06,9.999999747378752e-06,9.999999747378752e-06,9.999999747378752e-06,669035907,PEPE,0.0,0.0,0.06082988707053703,0.05969514869916303,9.857142686087172e-06,1.0400000004059014e-05,0.9478021809846182
2025-07-07,9.999999747378752e-06,9.999999747378752e-06,9.999999747378752e-06,9.999999747378752e-06,649473822,PEPE,0.0,0.0,0.06082988707053703,0.0572247806812142,9.857142686087172e-06,1.0333333314823297e-05,0.953917035846214
2025-07-08,9.999999747378752e-06,9.999999747378752e-06,9.999999747378752e-06,9.999999747378752e-06,630572163,PEPE,0.0,0.0,0.03982250885947913,0.0572247806812142,9.999999747378752e-06,1.026666662558758e-05,0.9740259533172904
2025-07-09,1.1000000085914508e-05,1.1000000085914508e-05,9.999999747378752e-06,9.999999747378752e-06,1253006730,PEPE,0.10000003637978905,0.09531021287685981,0.03602387438240031,0.05807860399005717,1.0142856938598146e-05,1.0199999966668353e-05,0.994397742327751
2025-07-10,1.2000000424450263e-05,1.2000000424450263e-05,1.1000000085914508e-05,1.1000000085914508e-05,1688913320,PEPE,0.09090912097503123,0.08701140455007468,0.04454638465948464,0.06048888811172132,1.0428571321036933e-05,1.0166666652366984e-05,1.0257611149873762
2025-07-11,1.2000000424450263e-05,1.2999999853491316e-05,1.2000000424450263e-05,1.2000000424450263e-05,2503825381,PEPE,0.0,0.0,0.04454638465948464,0.058697058405727406,1.071428570347572e-05,1.0166666652366984e-05,1.0538641690372763
2025-07-12,1.2000000424450263e-05,1.2999999853491316e-05,1.2000000424450263e-05,1.2000000424450263e-05,1059534254,PEPE,0.0,0.0,0.04454638465948464,0.058697058405727406,1.1000000085914508e-05,1.0166666652366984e-05,1.0819672230871766
2025-07-13,1.2000000424450263e-05,1.2999999853491316e-05,1.2000000424450263e-05,1.2000000424450263e-05,1166675268,PEPE,0.0,0.0,0.04454638465948464,0.05635223112389124,1.1285714468353295e-05,1.0199999996984843e-05,1.106442595263666
2025-07-14,1.2000000424450263e-05,1.2999999853491316e-05,1.2000000424450263e-05,1.2000000424450263e-05,1764486813,PEPE,0.0,0.0,0.04454638465948464,0.05635223112389124,1.1571428850792082e-05,1.0233333341602702e-05,1.130758518707631
2025-07-15,1.2999999853491316e-05,1.2999999853491316e-05,1.2000000424450263e-05,1.2000000424450263e-05,1755506271,PEPE,0.0833332828058515,0.08004266103278287,0.046954366622752125,0.05807860399005719,1.2000000294522448e-05,1.030000000052193e-05,1.1650485722246966
2025-07-16,1.4000000192027072e-05,1.4000000192027072e-05,1.2999999853491316e-05,1.2999999853491316e-05,2335184062,PEPE,0.0769231038312046,0.07410799713984012,0.04313034257666651,0.05939470416019374,1.2428571738252816e-05,1.0400000004059014e-05,1.1950549743655838
2025-07-17,1.2999999853491316e-05,1.4000000192027072e-05,1.2999999853491316e-05,1.4000000192027072e-05,1931943922,PEPE,-0.07142859462996654,-0.07410799713984,0.052401585506809956,0.05823741292951922,1.2571428799544395e-05,1.05000000075961e-05,1.1972789324237854
2025-07-18,1.2999999853491316e-05,1.4000000192027072e-05,1.2999999853491316e-05,1.2999999853491316e-05,2207195839,PEPE,0.0,0.0,0.052401585506809956,0.05823741292951922,1.2714285860835974e-05,1.0600000011133186e-05,1.1994609290077503
2025-07-19,1.2999999853491316e-05,1.4000000192027072e-05,1.2999999853491316e-05,1.2999999853491316e-05,984466515,PEPE,0.0,0.0,0.052401585506809956,0.05823741292951922,1.285714292212755e-05,1.0700000014670271e-05,1.2016021406074506
2025-07-20,1.4000000192027072e-05,1.4999999621068127e-05,1.2999999853491316e-05,1.2999999853491316e-05,1624005774,PEPE,0.0769231038312046,0.07410799713984012,0.05699149220613913,0.05941351320686093,1.3142857174638524e-05,1.0833333362825215e-05,1.2131868128177872
2025-07-21,1.4000000192027072e-05,1.4999999621068127e-05,1.4000000192027072e-05,1.4000000192027072e-05,1684027595,PEPE,0.0,0.0,0.05699149220613913,0.05525325907879814,1.3428571427149497e-05,1.1000000025281528e-05,1.220779217844212
2025-07-22,1.4000000192027072e-05,1.4999999621068127e-05,1.4000000192027072e-05,1.4000000192027072e-05,1768427785,PEPE,0.0,0.0,0.051139376498045834,0.05525325907879814,1.357142861836889e-05,1.116666668773784e-05,1.215351814277015
2025-07-23,1.2999999853491316e-05,1.4000000192027072e-05,1.2000000424450263e-05,1.4000000192027072e-05,1442264628,PEPE,-0.07142859462996654,-0.07410799713984,0.051139376498045855,0.05481587713334722,1.3428571427149497e-05,1.1266666691274925e-05,1.1918850353094037
2025-07-24,1.2000000424450263e-05,1.2999999853491316e-05,1.2000000424450263e-05,1.2999999853491316e-05,1184840578,PEPE,-0.07692303387007271,-0.08004266103278294,0.05240158550681002,0.05715433437288169,1.3285714365857918e-05,1.1333333380510643e-05,1.1722689097547139
2025-07-25,1.2999999853491316e-05,1.2999999853491316e-05,1.2000000424450263e-05,1.2000000424450263e-05,1094868725,PEPE,0.0833332828058515,0.08004266103278287,0.06297836354730009,0.05465836804142475,1.328571436585792e-05,1.1466666698349097e-05,1.1586378775421038
2025-07-26,1.2000000424450263e-05,1.2999999853491316e-05,1.2000000424450263e-05,1.2999999853491316e-05,554760705,PEPE,-0.07692303387007271,-0.08004266103278294,0.06986798521996453,0.057173085598983,1.314285730456634e-05,1.1566666701886182e-05,1.1362700805084258
2025-07-27,1.2999999853491316e-05,1.2999999853491316e-05,1.2000000424450263e-05,1.2000000424450263e-05,689038717,PEPE,0.0833332828058515,0.08004266103278287,0.07110407258886108,0.05856097143355903,1.3000000113346946e-05,1.1700000019724636e-05,1.1111111189256995
2025-07-28,1.2000000424450263e-05,1.2999999853491316e-05,1.2000000424450263e-05,1.2999999853491316e-05,953143585,PEPE,-0.07692303387007271,-0.08004266103278294,0.07542269879814409,0.05817855380587757,1.2714285860835974e-05,1.1766666708960354e-05,1.080534205252368
2025-07-29,1.2000000424450263e-05,1.2000000424450263e-05,1.1000000085914508e-05,1.2000000424450263e-05,902417250,PEPE,0.0,0.0,0.07542269879814409,0.05817855380587757,1.2428571608325001e-05,1.183333339819607e-05,1.0503018202985537
2025-07-30,1.1000000085914508e-05,1.2000000424450263e-05,1.1000000085914508e-05,1.2000000424450263e-05,777659990,PEPE,-0.08333335859707414,-0.08701140455007465,0.07704803639335171,0.060610060032518606,1.2142857355814027e-05,1.1866666742813928e-05,1.0232744897102086
2025-07-31,1.1000000085914508e-05,1.2000000424450263e-05,1.1000000085914508e-05,1.1000000085914508e-05,701780508,PEPE,0.0,0.0,0.0731627474028693,0.05705215010351744,1.2000000164594635e-05,1.1933333401733156e-05,1.0055866002077674
2025-08-01,9.999999747378752e-06,1.1000000085914508e-05,9.999999747378752e-06,1.1000000085914508e-05,1036413771,PEPE,-0.09090912097503123,-0.09531021287685976,0.0658811182359065,0.05684794870056128,1.1571428720864268e-05,1.1933333401733156e-05,0.9696727922797894
2025-08-02,9.999999747378752e-06,1.1000000085914508e-05,9.999999747378752e-06,9.999999747378752e-06,592659457,PEPE,0.0,0.0,0.06418714498480546,0.05684794870056128,1.1285714338425481e-05,1.1933333401733156e-05,0.9457302464026005
2025-08-03,9.999999747378752e-06,1.1000000085914508e-05,9.999999747378752e-06,9.999999747378752e-06,406833117,PEPE,0.0,0.0,0.046954366622752264,0.05684794870056128,1.0857142894695113e-05,1.1933333401733156e-05,0.9098164384746226
2025-08-04,1.1000000085914508e-05,1.1000000085914508e-05,9.999999747378752e-06,9.999999747378752e-06,575141684,PEPE,0.10000003637978905,0.09531021287685981,0.06410601721841339,0.0594515810898476,1.071428570347572e-05,1.1966666746351013e-05,0.8953442032421284
2025-08-05,9.999999747378752e-06,1.1000000085914508e-05,9.999999747378752e-06,1.1000000085914508e-05,593151452,PEPE,-0.09090912097503123,-0.09531021287685976,0.07079825289116641,0.06211420577970217,1.0428571321036933e-05,1.1966666746351013e-05,0.8714683497154218
2025-08-06,1.1000000085914508e-05,1.1000000085914508e-05,9.999999747378752e-06,9.999999747378752e-06,479444023,PEPE,0.10000003637978905,0.09531021287685981,0.0778204629414501,0.06450562597374174,1.0428571321036933e-05,1.2000000090968872e-05,0.8690476034983877
2025-08-07,1.1000000085914508e-05,1.1000000085914508e-05,9.999999747378752e-06,1.1000000085914508e-05,664031406,PEPE,0.0,0.0,0.0778204629414501,0.06450562597374174,1.0428571321036933e-05,1.2033333435586731e-05,0.8666402686221624
2025-08-08,1.2000000424450263e-05,1.2000000424450263e-05,1.1000000085914508e-05,1.1000000085914508e-05,976019091,PEPE,0.09090912097503123,0.08701140455007468,0.07079825289116637,0.06411349865955748,1.071428570347572e-05,1.206666678020459e-05,0.8879242212151366
2025-08-09,1.2000000424450263e-05,1.2999999853491316e-05,1.2000000424450263e-05,1.2000000424450263e-05,1030022348,PEPE,0.0,0.0,0.07079825289116637,0.06211420577970217,1.1000000085914508e-05,1.206666678020459e-05,0.9116022084872724
2025-08-10,1.2000000424450263e-05,1.2999999853491316e-05,1.2000000424450263e-05,1.2000000424450263e-05,848130576,PEPE,0.0,0.0,0.07079825289116637,0.06211420577970217,1.1285714468353295e-05,1.206666678020459e-05,0.935280195759408
2025-08-11,1.1000000085914508e-05,1.2000000424450263e-05,1.1000000085914508e-05,1.2000000424450263e-05,969303487,PEPE,-0.08333335859707414,-0.08701140455007465,0.07450955464549329,0.06411349865955747,1.1285714468353295e-05,1.2033333435586731e-05,0.9378710004808419
2025-08-12,1.2000000424450263e-05,1.2000000424450263e-05,1.1000000085914508e-05,1.1000000085914508e-05,1172814133,PEPE,0.09090912097503123,0.08701140455007468,0.06714195330409808,0.06618392118342639,1.1571428850792082e-05,1.2033333435586731e-05,0.9616145777670685
2025-08-13,1.2000000424450263e-05,1.2000000424450263e-05,1.2000000424450263e-05,1.2000000424450263e-05,1398883808,PEPE,0.0,0.0,0.060043573550011595,0.06618392118342639,1.1714286042011476e-05,1.2033333435586731e-05,0.9734863664101818
2025-08-14,1.1000000085914508e-05,1.2999999853491316e-05,1.1000000085914508e-05,1.2000000424450263e-05,1581015280,PEPE,-0.08333335859707414,-0.08701140455007465,0.07104451431685554,0.06624483137908228,1.1714286042011476e-05,1.1966666776667505e-05,0.9789096881056203
2025-08-15,1.1000000085914508e-05,1.1000000085914508e-05,1.1000000085914508e-05,1.1000000085914508e-05,834757637,PEPE,0.0,0.0,0.06004357355001163,0.06453081459943677,1.1571428850792082e-05,1.1866666773130418e-05,0.9751204000261606
2025-08-16,1.1000000085914508e-05,1.1000000085914508e-05,1.1000000085914508e-05,1.1000000085914508e-05,384392374,PEPE,0.0,0.0,0.06004357355001163,0.06332155550856149,1.1428571659572689e-05,1.1800000114211192e-05,0.968523012623434
2025-08-17,1.1000000085914508e-05,1.2000000424450263e-05,1.1000000085914508e-05,1.1000000085914508e-05,495341823,PEPE,0.0,0.0,0.06004357355001163,0.06332155550856149,1.1285714468353295e-05,1.1733333455291965e-05,0.9618506549188044
2025-08-18,1.1000000085914508e-05,1.1000000085914508e-05,1.1000000085914508e-05,1.1000000085914508e-05,633554790,PEPE,0.0,0.0,0.0502360578395536,0.06332155550856149,1.1285714468353295e-05,1.1666666796372738e-05,0.9673469436756448
2025-08-19,9.999999747378752e-06,1.1000000085914508e-05,9.999999747378752e-06,1.1000000085914508e-05,582728063,PEPE,-0.09090912097503123,-0.09531021287685976,0.04454638465948474,0.0635250297561119,1.1000000085914508e-05,1.1533333448217793e-05,0.9537572233823085
2025-08-20,1.1000000085914508e-05,1.1000000085914508e-05,9.999999747378752e-06,9.999999747378752e-06,570949555,PEPE,0.10000003637978905,0.09531021287685981,0.06410601721841339,0.06642253404251611,1.0857142894695113e-05,1.1433333444680708e-05,0.9496043255649415
2025-08-21,9.999999747378752e-06,1.1000000085914508e-05,9.999999747378752e-06,1.1000000085914508e-05,472336143,PEPE,-0.09090912097503123,-0.09531021287685976,0.06577029535990954,0.06827821536695611,1.071428570347572e-05,1.1300000096525764e-05,0.9481668683144415
2025-08-22,1.2000000424450263e-05,1.2000000424450263e-05,9.999999747378752e-06,9.999999747378752e-06,1271423523,PEPE,0.20000007275957787,0.18232161742693434,0.09950855323343988,0.07577301142387156,1.0857142894695113e-05,1.1266666782224395e-05,0.9636517263317492
2025-08-23,1.1000000085914508e-05,1.2000000424450263e-05,1.1000000085914508e-05,1.2000000424450263e-05,753989370,PEPE,-0.08333335859707414,-0.08701140455007465,0.10650842434509383,0.07602864257279027,1.0857142894695113e-05,1.1233333437606536e-05,0.9665112279448568
2025-08-24,1.1000000085914508e-05,1.1000000085914508e-05,1.1000000085914508e-05,1.1000000085914508e-05,1020033077,PEPE,0.0,0.0,0.10650842434509383,0.07440466787752131,1.0857142894695113e-05,1.116666677868731e-05,0.9722814435026436
2025-08-25,9.999999747378752e-06,1.1000000085914508e-05,9.999999747378752e-06,1.1000000085914508e-05,1063073706,PEPE,-0.09090912097503123,-0.09531021287685976,0.11243559926461673,0.07498160437357085,1.071428570347572e-05,1.1100000089451592e-05,0.9652509564984221
2025-08-26,9.999999747378752e-06,9.999999747378752e-06,9.999999747378752e-06,9.999999747378752e-06,674156696,PEPE,0.0,0.0,0.10650842434509383,0.07321477612289579,1.071428570347572e-05,1.1000000085914508e-05,0.9740259654357054
2025-08-27,9.999999747378752e-06,9.999999747378752e-06,9.999999747378752e-06,9.999999747378752e-06,588714184,PEPE,0.0,0.0,0.09804974123261471,0.07197493185925516,1.0571428512256326e-05,1.093333339667879e-05,0.966898943689726
2025-08-28,9.999999747378752e-06,9.999999747378752e-06,9.999999747378752e-06,9.999999747378752e-06,449157929,PEPE,0.0,0.0,0.09119228163755858,0.07197493185925516,1.0571428512256326e-05,1.0866666707443074e-05,0.9728308410356853
2025-08-29,9.999999747378752e-06,9.999999747378752e-06,9.999999747378752e-06,9.999999747378752e-06,685504392,PEPE,0.0,0.0,0.04454638465948472,0.07033554724871154,1.0285714129817539e-05,1.0833333362825215e-05,0.9494505324753651
2025-08-30,9.999999747378752e-06,9.999999747378752e-06,9.999999747378752e-06,9.999999747378752e-06,331807974,PEPE,0.0,0.0,0.036023874382400345,0.07033554724871154,1.0142856938598146e-05,1.0800000018207356e-05,0.939153418657282
2025-08-31,9.999999747378752e-06,9.999999747378752e-06,9.999999747378752e-06,9.999999747378752e-06,354014920,PEPE,0.0,0.0,0.036023874382400345,0.06814901308276339,9.999999747378752e-06,1.0800000018207356e-05,0.9259259009740823
2025-09-01,9.000000318337698e-06,9.999999747378752e-06,9.000000318337698e-06,9.999999747378752e-06,679029217,PEPE,-0.09999994543031654,-0.10536045502484652,0.039822508859479216,0.07081183164031332,9.857142686087172e-06,1.0766666703905987e-05,0.9155240853244901
2025-09-02,9.999999747378752e-06,9.999999747378752e-06,9.000000318337698e-06,9.000000318337698e-06,602969309,PEPE,0.11111104374113556,0.10536045502484646,0.06082988707053703,0.07355176514128658,9.857142686087172e-06,1.0766666703905987e-05,0.9155240853244901
2025-09-03,9.999999747378752e-06,9.999999747378752e-06,9.999999747378752e-06,9.999999747378752e-06,389833175,PEPE,0.0,0.0,0.06082988707053703,0.07131744590097515,9.857142686087172e-06,1.073333335928813e-05,0.9183673287811617
2025-09-04,9.000000318337698e-06,9.999999747378752e-06,9.000000318337698e-06,9.999999747378752e-06,401704992,PEPE,-0.09999994543031654,-0.10536045502484652,0.07270562132928604,0.07178721601593743,9.714285624795593e-06,1.0700000044986761e-05,0.9078771573787981
2025-09-05,9.999999747378752e-06,9.999999747378752e-06,9.000000318337698e-06,9.000000318337698e-06,552026055,PEPE,0.11111104374113556,0.10536045502484646,0.08602645129277693,0.07228600814058901,9.714285624795593e-06,1.0666666700368902e-05,0.9107142744471081
2025-09-06,9.999999747378752e-06,9.999999747378752e-06,9.999999747378752e-06,9.999999747378752e-06,269302620,PEPE,0.0,0.0,0.08602645129277693,0.07228600814058901,9.714285624795593e-06,1.0633333355751043e-05,0.9135691790892286
2025-09-07,9.999999747378752e-06,9.999999747378752e-06,9.999999747378752e-06,9.999999747378752e-06,330227993,PEPE,0.0,0.0,0.08602645129277693,0.07025974465296028,9.714285624795593e-06,1.0566666666515327e-05,0.919333024441772
2025-09-08,9.999999747378752e-06,9.999999747378752e-06,9.999999747378752e-06,9.999999747378752e-06,581448170,PEPE,0.0,0.0,0.07270562132928601,0.07025974465296028,9.857142686087172e-06,1.049999997727961e-05,0.9387754959444303
2025-09-09,9.999999747378752e-06,1.1000000085914508e-05,9.999999747378752e-06,9.999999747378752e-06,782197712,PEPE,0.0,0.0,0.06082988707053704,0.07025974465296028,9.857142686087172e-06,1.0433333288043893e-05,0.9447740634704914
2025-09-10,1.1000000085914508e-05,1.1000000085914508e-05,9.999999747378752e-06,9.999999747378752e-06,526905216,PEPE,0.10000003637978905,0.09531021287685981,0.07069649698912382,0.07090002944210215,9.999999877306567e-06,1.0433333288043893e-05,0.9584664460749178
2025-09-11,1.1000000085914508e-05,1.1000000085914508e-05,9.999999747378752e-06,1.1000000085914508e-05,499817752,PEPE,0.0,0.0,0.04904451772081071,0.06897132347610876,1.0285714129817539e-05,1.0399999943426035e-05,0.9890109794009434
2025-09-12,1.2000000424450263e-05,1.2000000424450263e-05,9.999999747378752e-06,1.1000000085914508e-05,1060891418,PEPE,0.09090912097503123,0.08701140455007468,0.04454638465948466,0.07090002944210215,1.0571428512256326e-05,1.0399999943426035e-05,1.016483516323349
2025-09-13,1.2000000424450263e-05,1.2999999853491316e-05,1.1000000085914508e-05,1.2000000424450263e-05,1760491222,PEPE,0.0,0.0,0.04454638465948466,0.06897132347610878,1.0857142894695113e-05,1.0433333288043893e-05,1.04062072924833
2025-09-14,1.2000000424450263e-05,1.2000000424450263e-05,1.1000000085914508e-05,1.2000000424450263e-05,928072989,PEPE,0.0,0.0,0.04454638465948466,0.06897132347610878,1.1142857277133902e-05,1.046666663266175e-05,1.064604201911052
2025-09-15,1.1000000085914508e-05,1.2000000424450263e-05,1.1000000085914508e-05,1.2000000424450263e-05,815391340,PEPE,-0.08333335859707414,-0.08701140455007465,0.06181731984466713,0.07090002944210215,1.1285714468353295e-05,1.046666663266175e-05,1.0782529781865475
2025-09-16,1.1000000085914508e-05,1.1000000085914508e-05,1.1000000085914508e-05,1.1000000085914508e-05,592654816,PEPE,0.0,0.0,0.06181731984466713,0.07090002944210215,1.1428571659572689e-05,1.046666663266175e-05,1.091901754462043
2025-09-17,1.1000000085914508e-05,1.2000000424450263e-05,1.1000000085914508e-05,1.1000000085914508e-05,986949579,PEPE,0.0,0.0,0.050236057839553594,0.07090002944210215,1.1428571659572689e-05,1.046666663266175e-05,1.091901754462043
2025-09-18,1.1000000085914508e-05,1.2000000424450263e-05,1.1000000085914508e-05,1.1000000085914508e-05,845600923,PEPE,0.0,0.0,0.050236057839553594,0.06857937087295633,1.1428571659572689e-05,1.049999997727961e-05,1.0884353985049873
2025-09-19,1.1000000085914508e-05,1.1000000085914508e-05,1.1000000085914508e-05,1.1000000085914508e-05,605424056,PEPE,0.0,0.0,0.032887219666562516,0.06633497483763307,1.1285714468353295e-05,1.049999997727961e-05,1.0748299516927478
2025-09-20,1.1000000085914508e-05,1.1000000085914508e-05,1.1000000085914508e-05,1.1000000085914508e-05,417700019,PEPE,0.0,0.0,0.032887219666562516,0.06384860860777587,1.1142857277133902e-05,1.0533333321897468e-05,1.0578661983447644
2025-09-21,9.999999747378752e-06,1.1000000085914508e-05,9.999999747378752e-06,1.1000000085914508e-05,391255322,PEPE,-0.09090912097503123,-0.09531021287685976,0.044546384659484725,0.05670867064418649,1.0857142894695113e-05,1.046666663266175e-05,1.0373066493600611
2025-09-22,9.999999747378752e-06,9.999999747378752e-06,9.000000318337698e-06,9.999999747378752e-06,959698985,PEPE,0.0,0.0,0.036023874382400366,0.05461292627997631,1.071428570347572e-05,1.0433333288043893e-05,1.0269283466439039
2025-09-23,9.999999747378752e-06,9.999999747378752e-06,9.000000318337698e-06,9.999999747378752e-06,513696962,PEPE,0.0,0.0,0.036023874382400366,0.05461292627997631,1.0571428512256326e-05,1.0399999943426035e-05,1.016483516323349
2025-09-24,9.999999747378752e-06,9.999999747378752e-06,9.000000318337698e-06,9.999999747378752e-06,414529062,PEPE,0.0,0.0,0.036023874382400366,0.05176649972946839,1.0428571321036933e-05,1.0399999943426035e-05,1.0027472478621462
2025-09-25,9.000000318337698e-06,9.999999747378752e-06,9.000000318337698e-06,9.999999747378752e-06,804097627,PEPE,-0.09999994543031654,-0.10536045502484652,0.0490445177208108,0.0552249763272242,1.014285706852596e-05,1.0366666629124666e-05,0.9784106532402688
2025-09-26,9.000000318337698e-06,9.000000318337698e-06,9.000000318337698e-06,9.000000318337698e-06,553470743,PEPE,0.0,0.0,0.0490445177208108,0.0552249763272242,9.857142816014988e-06,1.0333333314823297e-05,0.9539170484198736
2025-09-27,9.000000318337698e-06,9.000000318337698e-06,9.000000318337698e-06,9.000000318337698e-06,256703418,PEPE,0.0,0.0,0.0490445177208108,0.0552249763272242,9.571428563504014e-06,1.030000000052193e-05,0.9292649090309713
2025-09-28,9.000000318337698e-06,9.000000318337698e-06,9.000000318337698e-06,9.000000318337698e-06,286673760,PEPE,0.0,0.0,0.03982250885947923,0.0552249763272242,9.428571502212435e-06,1.026666668622056e-05,0.9183673523624784
2025-09-29,9.000000318337698e-06,9.999999747378752e-06,9.000000318337698e-06,9.000000318337698e-06,428505693,PEPE,0.0,0.0,0.03982250885947923,0.0552249763272242,9.285714440920856e-06,1.0233333371919192e-05,0.9073988018802698
2025-09-30,9.000000318337698e-06,9.000000318337698e-06,9.000000318337698e-06,9.000000318337698e-06,469307248,PEPE,0.0,0.0,0.03982250885947923,0.0552249763272242,9.142857379629277e-06,1.0200000057617823e-05,0.8963585615669655
2025-10-01,9.999999747378752e-06,9.999999747378752e-06,9.000000318337698e-06,9.000000318337698e-06,561874847,PEPE,0.11111104374113556,0.10536045502484646,0.06082988707053704,0.05522497632722421,9.142857379629277e-06,1.0233333371919192e-05,0.8934388285167921
2025-10-02,9.999999747378752e-06,9.999999747378752e-06,9.999999747378752e-06,9.999999747378752e-06,712476220,PEPE,0.0,0.0,0.039822508859479154,0.05176649972946839,9.285714440920856e-06,1.0233333371919192e-05,0.9073988018802698
2025-10-03,9.999999747378752e-06,9.999999747378752e-06,9.999999747378752e-06,9.999999747378752e-06,673541144,PEPE,0.0,0.0,0.039822508859479154,0.05176649972946839,9.428571502212435e-06,1.0233333371919192e-05,0.9213587752437474
2025-10-04,9.999999747378752e-06,9.999999747378752e-06,9.999999747378752e-06,9.999999747378752e-06,548991212,PEPE,0.0,0.0,0.039822508859479154,0.04779355436769848,9.571428563504014e-06,1.026666668622056e-05,0.9322820011630784
2025-10-05,9.999999747378752e-06,9.999999747378752e-06,9.999999747378752e-06,9.999999747378752e-06,601919382,PEPE,0.0,0.0,0.039822508859479154,0.04375152937894544,9.714285624795593e-06,1.026666668622056e-05,0.9461966499636784
2025-10-06,9.999999747378752e-06,9.999999747378752e-06,9.999999747378752e-06,9.999999747378752e-06,681302279,PEPE,0.0,0.0,0.039822508859479154,0.04375152937894544,9.857142686087172e-06,1.026666668622056e-05,0.9601112987642784
2025-10-07,9.000000318337698e-06,9.999999747378752e-06,9.000000318337698e-06,9.999999747378752e-06,729935406,PEPE,-0.09999994543031654,-0.10536045502484652,0.06082988707053704,0.047793554367698464,9.857142686087172e-06,1.0233333371919192e-05,0.9632386953341805
2025-10-08,9.999999747378752e-06,9.999999747378752e-06,9.000000318337698e-06,9.000000318337698e-06,599964939,PEPE,0.11111104374113556,0.10536045502484646,0.06082988707053704,0.05176649972946838,9.857142686087172e-06,1.0233333371919192e-05,0.9632386953341805
2025-10-09,9.000000318337698e-06,9.999999747378752e-06,9.000000318337698e-06,9.999999747378752e-06,501670482,PEPE,-0.09999994543031654,-0.10536045502484652,0.07270562132928605,0.0552249763272242,9.714285624795593e-06,1.0200000057617823e-05,0.9523809382275958
2025-10-10,7.000000096013537e-06,9.000000318337698e-06,3.999999989900971e-06,9.000000318337698e-06,1596066841,PEPE,-0.22222223906471605,-0.25131444993554125,0.11422753155541536,0.06850104479250019,9.285714246029134e-06,1.0066666724621125e-05,0.922421939659338
2025-10-11,7.000000096013537e-06,7.000000096013537e-06,7.000000096013537e-06,7.000000096013537e-06,1075920471,PEPE,0.0,0.0,0.11422753155541536,0.06850104479250019,8.857142867262674e-06,9.933333391624425e-06,0.891658672679891
2025-10-12,7.999999979801942e-06,7.999999979801942e-06,7.000000096013537e-06,7.000000096013537e-06,874226395,PEPE,0.14285712429602682,0.13353137638354595,0.13365301284395517,0.071358411457593,8.571428614751702e-06,9.800000043469481e-06,0.87463556905426
2025-10-13,7.999999979801942e-06,7.999999979801942e-06,7.000000096013537e-06,7.999999979801942e-06,881388293,PEPE,0.0,0.0,0.13365301284395517,0.071358411457593,8.285714362240729e-06,9.666666695314537e-06,0.8571428625191805
2025-10-14,7.999999979801942e-06,7.999999979801942e-06,7.000000096013537e-06,7.999999979801942e-06,934162346,PEPE,0.0,0.0,0.1298777605622798,0.071358411457593,8.142857171021336e-06,9.533333347159594e-06,0.8541458558613664
2025-10-15,7.000000096013537e-06,7.999999979801942e-06,7.000000096013537e-06,7.999999979801942e-06,561627925,PEPE,-0.12499998578914528,-0.13353137638354592,0.12365757813625464,0.0734843846669374,7.714285792254877e-06,9.400000014162894e-06,0.8206687000672163
2025-10-16,7.000000096013537e-06,7.000000096013537e-06,7.000000096013537e-06,7.000000096013537e-06,593521397,PEPE,0.0,0.0,0.1223366272278884,0.0734843846669374,7.428571474779996e-06,9.266666681166196e-06,0.8016444024989061
2025-10-17,7.000000096013537e-06,7.000000096013537e-06,6.000000212225132e-06,7.000000096013537e-06,665341150,PEPE,0.0,0.0,0.07709437610030187,0.0734843846669374,7.428571474779996e-06,9.133333348169496e-06,0.8133472404430341
2025-10-18,7.000000096013537e-06,7.000000096013537e-06,7.000000096013537e-06,7.000000096013537e-06,268163072,PEPE,0.0,0.0,0.07709437610030187,0.0734843846669374,7.428571474779996e-06,9.000000015172796e-06,0.825396829139602
2025-10-19,7.000000096013537e-06,7.000000096013537e-06,7.000000096013537e-06,7.000000096013537e-06,398593302,PEPE,0.0,0.0,0.050470116305004316,0.0734843846669374,7.285714348524509e-06,8.866666682176098e-06,0.821697105539149
2025-10-20,7.000000096013537e-06,7.000000096013537e-06,7.000000096013537e-06,7.000000096013537e-06,447008542,PEPE,0.0,0.0,0.050470116305004316,0.0734843846669374,7.1428572222690235e-06,8.733333349179399e-06,0.8178844132796306
2025-10-21,7.000000096013537e-06,7.000000096013537e-06,7.000000096013537e-06,7.000000096013537e-06,572882895,PEPE,0.0,0.0,0.050470116305004316,0.07193957494588342,7.000000096013537e-06,8.633333360800558e-06,0.8108108193524495
2025-10-22,7.000000096013537e-06,7.000000096013537e-06,7.000000096013537e-06,7.000000096013537e-06,489910129,PEPE,0.0,0.0,0.0,0.07193957494588342,7.000000096013537e-06,8.533333372421719e-06,0.8203125074940053
2025-10-23,7.000000096013537e-06,7.000000096013537e-06,7.000000096013537e-06,7.000000096013537e-06,380582286,PEPE,0.0,0.0,0.0,0.07193957494588342,7.000000096013537e-06,8.433333384042878e-06,0.830039532085685
2025-10-24,7.000000096013537e-06,7.000000096013537e-06,7.000000096013537e-06,7.000000096013537e-06,415771606,PEPE,0.0,0.0,0.0,0.07193957494588342,7.000000096013537e-06,8.333333395664037e-06,0.8400000052386895
2025-10-25,7.000000096013537e-06,7.000000096013537e-06,7.000000096013537e-06,7.000000096013537e-06,223598440,PEPE,0.0,0.0,0.0,0.06975776145457893,7.000000096013537e-06,8.266666721586565e-06,0.8467741995373529
2025-10-26,7.000000096013537e-06,7.000000096013537e-06,7.000000096013537e-06,7.000000096013537e-06,386247568,PEPE,0.0,0.0,0.0,0.06975776145457893,7.000000096013537e-06,8.200000047509093e-06,0.8536585433484138
2025-10-27,7.000000096013537e-06,7.000000096013537e-06,7.000000096013537e-06,7.000000096013537e-06,415495737,PEPE,0.0,0.0,0.0,0.06975776145457893,7.000000096013537e-06,8.133333373431621e-06,0.8606557452667273
2025-10-28,7.000000096013537e-06,7.000000096013537e-06,7.000000096013537e-06,7.000000096013537e-06,380626166,PEPE,0.0,0.0,0.0,0.06975776145457893,7.000000096013537e-06,8.06666669935415e-06,0.8677686034274833
2025-10-29,7.000000096013537e-06,7.000000096013537e-06,7.000000096013537e-06,7.000000096013537e-06,490206623,PEPE,0.0,0.0,0.0,0.06975776145457893,7.000000096013537e-06,8.000000025276677e-06,0.8750000092370555
2025-10-30,6.000000212225132e-06,7.000000096013537e-06,6.000000212225132e-06,7.000000096013537e-06,556816676,PEPE,-0.1428571242960267,-0.15415065817262302,0.05826347228024152,0.07462685841771322,6.85714296975805e-06,7.90000002173959e-06,0.8679927785934484
2025-10-31,7.000000096013537e-06,7.000000096013537e-06,6.000000212225132e-06,6.000000212225132e-06,342768157,PEPE,0.16666664140292586,0.1541506581726231,0.08899892399172224,0.07777220732246753,6.85714296975805e-06,7.80000003336075e-06,0.8791208897987074
2025-11-01,7.000000096013537e-06,7.000000096013537e-06,7.000000096013537e-06,7.000000096013537e-06,221742434,PEPE,0.0,0.0,0.08899892399172224,0.07777220732246753,6.85714296975805e-06,7.70000004498191e-06,0.890538042818175
2025-11-02,7.000000096013537e-06,7.000000096013537e-06,7.000000096013537e-06,7.000000096013537e-06,223048866,PEPE,0.0,0.0,0.08899892399172224,0.07777220732246753,6.85714296975805e-06,7.60000005660307e-06,0.9022556471957383
2025-11-03,6.000000212225132e-06,7.000000096013537e-06,6.000000212225132e-06,7.000000096013537e-06,698532964,PEPE,-0.1428571242960267,-0.15415065817262302,0.10637406015488347,0.08194023695467388,6.714285843502564e-06,7.466666738764616e-06,0.899234702500391
2025-11-04,6.000000212225132e-06,6.000000212225132e-06,4.999999873689376e-06,6.000000212225132e-06,775426422,PEPE,0.0,0.0,0.10637406015488347,0.08194023695467388,6.571428717247077e-06,7.333333420926161e-06,0.8961039052847457
2025-11-05,6.000000212225132e-06,6.000000212225132e-06,4.999999873689376e-06,6.000000212225132e-06,400459174,PEPE,0.0,0.0,0.10637406015488347,0.08194023695467388,6.428571590991591e-06,7.2000001030877075e-06,0.8928571526318048
2025-11-06,6.000000212225132e-06,6.000000212225132e-06,4.999999873689376e-06,6.000000212225132e-06,390393387,PEPE,0.0,0.0,0.08899892399172224,0.0802644490774833,6.428571590991591e-06,7.1000000995506225e-06,0.9054326057542552
2025-11-07,6.000000212225132e-06,6.000000212225132e-06,6.000000212225132e-06,6.000000212225132e-06,591144691,PEPE,0.0,0.0,0.058263472280241514,0.07712735092652787,6.285714464736104e-06,6.966666781712169e-06,0.9022556498950695
2025-11-08,6.000000212225132e-06,6.000000212225132e-06,6.000000212225132e-06,6.000000212225132e-06,368106091,PEPE,0.0,0.0,0.058263472280241514,0.07534459246998144,6.1428573384806185e-06,6.866666778175083e-06,0.8945908600086712
2025-11-09,6.000000212225132e-06,6.000000212225132e-06,6.000000212225132e-06,6.000000212225132e-06,330272243,PEPE,0.0,0.0,0.058263472280241514,0.060502622444092595,6.000000212225132e-06,6.833333448715469e-06,0.87804879671912
2025-11-10,6.000000212225132e-06,6.000000212225132e-06,6.000000212225132e-06,6.000000212225132e-06,403211910,PEPE,0.0,0.0,0.0,0.060502622444092595,6.000000212225132e-06,6.800000119255856e-06,0.8823529569116727
2025-11-11,6.000000212225132e-06,6.000000212225132e-06,6.000000212225132e-06,6.000000212225132e-06,353711607,PEPE,0.0,0.0,0.0,0.05457017193659554,6.000000212225132e-06,6.733333460336629e-06,0.8910891236218629
2025-11-12,6.000000212225132e-06,6.000000212225132e-06,6.000000212225132e-06,6.000000212225132e-06,271113211,PEPE,0.0,0.0,0.0,0.05457017193659554,6.000000212225132e-06,6.666666801417402e-06,0.9000000136424202
2025-11-13,4.999999873689376e-06,6.000000212225132e-06,4.999999873689376e-06,6.000000212225132e-06,401230108,PEPE,-0.16666671719414827,-0.1823216174269344,0.06891109404896165,0.06297115627142205,5.857143021005738e-06,6.566666797880316e-06,0.8919506960359845
2025-11-14,4.999999873689376e-06,4.999999873689376e-06,4.999999873689376e-06,4.999999873689376e-06,559278594,PEPE,0.0,0.0,0.06891109404896165,0.05894318188119089,5.7142858297863445e-06,6.500000123802844e-06,0.8791208801459507
2025-11-15,4.999999873689376e-06,4.999999873689376e-06,4.999999873689376e-06,4.999999873689376e-06,269445832,PEPE,0.0,0.0,0.06891109404896165,0.05894318188119089,5.571428638566951e-06,6.433333449725372e-06,0.8660251613111684
2025-11-16,4.999999873689376e-06,4.999999873689376e-06,4.999999873689376e-06,4.999999873689376e-06,350989538,PEPE,0.0,0.0,0.06891109404896165,0.05894318188119089,5.4285714473475565e-06,6.3666667756479e-06,0.8526551865587658
2025-11-17,4.999999873689376e-06,4.999999873689376e-06,4.999999873689376e-06,4.999999873689376e-06,391512422,PEPE,0.0,0.0,0.06891109404896165,0.05894318188119089,5.285714256128163e-06,6.300000101570428e-06,0.8390022493508486
2025-11-18,4.999999873689376e-06,4.999999873689376e-06,4.999999873689376e-06,4.999999873689376e-06,348269062,PEPE,0.0,0.0,0.06891109404896165,0.05894318188119089,5.142857064908769e-06,6.233333427492956e-06,0.8250572706772762
2025-11-19,4.999999873689376e-06,4.999999873689376e-06,3.999999989900971e-06,4.999999873689376e-06,383825913,PEPE,0.0,0.0,0.06891109404896165,0.05894318188119089,4.999999873689376e-06,6.166666753415484e-06,0.810810778922027
2025-11-20,3.999999989900971e-06,4.999999873689376e-06,3.999999989900971e-06,4.999999873689376e-06,475657294,PEPE,-0.19999998181010548,-0.22314352857684186,0.08434032618396584,0.07043766817236782,4.857142747433889e-06,6.066666749878399e-06,0.8006279144196022
2025-11-21,3.999999989900971e-06,4.999999873689376e-06,3.999999989900971e-06,3.999999989900971e-06,685704102,PEPE,0.0,0.0,0.08434032618396584,0.07043766817236782,4.714285621178403e-06,5.966666746341313e-06,0.7901037248425422
2025-11-22,3.999999989900971e-06,3.999999989900971e-06,3.999999989900971e-06,3.999999989900971e-06,336785386,PEPE,0.0,0.0,0.08434032618396584,0.07043766817236782,4.571428494922916e-06,5.866666742804227e-06,0.7792207560673208
2025-11-23,3.999999989900971e-06,3.999999989900971e-06,3.999999989900971e-06,3.999999989900971e-06,291987104,PEPE,0.0,0.0,0.08434032618396584,0.07043766817236782,4.42857136866743e-06,5.766666739267142e-06,0.767960343279736
2025-11-24,4.999999873689376e-06,4.999999873689376e-06,3.999999989900971e-06,3.999999989900971e-06,404773568,PEPE,0.24999997157829057,0.22314352857684194,0.12883197629176285,0.08311619011329718,4.42857136866743e-06,5.7000000651896695e-06,0.7769423364945292
2025-11-25,4.999999873689376e-06,4.999999873689376e-06,3.999999989900971e-06,4.999999873689376e-06,325858781,PEPE,0.0,0.0,0.12883197629176285,0.08311619011329718,4.42857136866743e-06,5.633333391112198e-06,0.7861369212861536
2025-11-26,4.999999873689376e-06,4.999999873689376e-06,3.999999989900971e-06,4.999999873689376e-06,334283684,PEPE,0.0,0.0,0.12883197629176285,0.08311619011329718,4.42857136866743e-06,5.566666717034726e-06,0.7955517356761138
2025-11-27,4.999999873689376e-06,4.999999873689376e-06,4.999999873689376e-06,4.999999873689376e-06,258868490,PEPE,0.0,0.0,0.08434032618396582,0.08311619011329718,4.571428494922916e-06,5.500000042957254e-06,0.831168810766943
2025-11-28,4.999999873689376e-06,4.999999873689376e-06,4.999999873689376e-06,4.999999873689376e-06,320703888,PEPE,0.0,0.0,0.08434032618396582,0.08311619011329718,4.714285621178403e-06,5.433333368879782e-06,0.8676599246017499
2025-11-29,4.999999873689376e-06,4.999999873689376e-06,4.999999873689376e-06,4.999999873689376e-06,214885687,PEPE,0.0,0.0,0.08434032618396582,0.07861825106828096,4.857142747433889e-06,5.400000024261923e-06,0.8994708751131474
2025-11-30,4.999999873689376e-06,4.999999873689376e-06,4.999999873689376e-06,4.999999873689376e-06,213103469,PEPE,0.0,0.0,0.08434032618396582,0.0725914120216086,4.999999873689376e-06,5.333333350184451e-06,0.9374999733546475
2025-12-01,3.999999989900971e-06,4.999999873689376e-06,3.999999989900971e-06,4.999999873689376e-06,461558266,PEPE,-0.19999998181010548,-0.22314352857684186,0.08434032618396584,0.08219902375680863,4.857142747433889e-06,5.233333346647365e-06,0.9281164461930415
2025-12-02,4.999999873689376e-06,4.999999873689376e-06,3.999999989900971e-06,3.999999989900971e-06,441827648,PEPE,0.24999997157829057,0.22314352857684194,0.12883197629176285,0.09329263351391444,4.857142747433889e-06,5.166666672569893e-06,0.940092143590512
2025-12-03,4.999999873689376e-06,4.999999873689376e-06,4.999999873689376e-06,4.999999873689376e-06,471500570,PEPE,0.0,0.0,0.12883197629176285,0.08930869952052292,4.857142747433889e-06,5.133333327952035e-06,0.9461966401024003
2025-12-04,4.999999873689376e-06,4.999999873689376e-06,4.999999873689376e-06,4.999999873689376e-06,376735327,PEPE,0.0,0.0,0.12883197629176285,0.08930869952052292,4.857142747433889e-06,5.0999999833341764e-06,0.9523809339815885
2025-12-05,3.999999989900971e-06,4.999999873689376e-06,3.999999989900971e-06,4.999999873689376e-06,342669064,PEPE,-0.19999998181010548,-0.22314352857684186,0.1539836638610052,0.09768462233049033,4.714285621178403e-06,5.0333333092567045e-06,0.9366130418004412
2025-12-06,4.999999873689376e-06,4.999999873689376e-06,3.999999989900971e-06,3.999999989900971e-06,213731336,PEPE,0.24999997157829057,0.22314352857684194,0.1821959281391399,0.10681781770246788,4.714285621178403e-06,4.999999964638846e-06,0.9428571309037839
2025-12-07,3.999999989900971e-06,4.999999873689376e-06,3.999999989900971e-06,4.999999873689376e-06,320115617,PEPE,-0.19999998181010548,-0.22314352857684186,0.20077013436091617,0.11391351021069072,4.571428494922916e-06,4.933333290561374e-06,0.9266409191669928
2025-12-08,4.999999873689376e-06,4.999999873689376e-06,3.999999989900971e-06,3.999999989900971e-06,498601833,PEPE,0.24999997157829057,0.22314352857684194,0.20077013436091615,0.1218361545165813,4.714285621178403e-06,4.899999945943516e-06,0.9620991169767549
2025-12-09,4.999999873689376e-06,4.999999873689376e-06,4.999999873689376e-06,4.999999873689376e-06,497208542,PEPE,0.0,0.0,0.1821959281391399,0.1218361545165813,4.714285621178403e-06,4.866666601325657e-06,0.9686888392753787
2025-12-10,4.999999873689376e-06,4.999999873689376e-06,4.999999873689376e-06,4.999999873689376e-06,507541099,PEPE,0.0,0.0,0.1821959281391399,0.1218361545165813,4.714285621178403e-06,4.833333256707798e-06,0.9753694543275744
2025-12-11,4.999999873689376e-06,4.999999873689376e-06,3.999999989900971e-06,4.999999873689376e-06,399565201,PEPE,0.0,0.0,0.1821959281391399,0.1218361545165813,4.714285621178403e-06,4.79999991208994e-06,0.9821428557330502
2025-12-12,3.999999989900971e-06,4.999999873689376e-06,3.999999989900971e-06,4.999999873689376e-06,355472401,PEPE,-0.19999998181010548,-0.22314352857684186,0.1821959281391399,0.12810265484052916,4.714285621178403e-06,4.733333238012468e-06,0.9959758555173979
2025-12-13,3.999999989900971e-06,3.999999989900971e-06,3.999999989900971e-06,3.999999989900971e-06,190523499,PEPE,0.0,0.0,0.1539836638610052,0.12407972149471733,4.571428494922916e-06,4.699999908552854e-06,0.9726443795464828
2025-12-14,3.999999989900971e-06,3.999999989900971e-06,3.999999989900971e-06,3.999999989900971e-06,251145423,PEPE,0.0,0.0,0.12883197629176285,0.12407972149471733,4.571428494922916e-06,4.666666579093241e-06,0.9795918387233848
2025-12-15,3.999999989900971e-06,3.999999989900971e-06,3.999999989900971e-06,3.999999989900971e-06,354727278,PEPE,0.0,0.0,0.08434032618396584,0.12407972149471733,4.42857136866743e-06,4.633333249633627e-06,0.9558067874823405
2025-12-16,3.999999989900971e-06,3.999999989900971e-06,3.999999989900971e-06,3.999999989900971e-06,321906387,PEPE,0.0,0.0,0.08434032618396584,0.12407972149471733,4.2857142424119436e-06,4.599999920174014e-06,0.9316770253878218
2025-12-17,3.999999989900971e-06,3.999999989900971e-06,3.999999989900971e-06,3.999999989900971e-06,340520930,PEPE,0.0,0.0,0.08434032618396584,0.12407972149471733,4.142857116156458e-06,4.5666665907144e-06,0.9071950040277316
2025-12-18,3.999999989900971e-06,3.999999989900971e-06,3.999999989900971e-06,3.999999989900971e-06,425472103,PEPE,0.0,0.0,0.08434032618396584,0.12407972149471733,3.999999989900971e-06,4.533333261254787e-06,0.8823529529778725
2025-12-19,3.999999989900971e-06,3.999999989900971e-06,3.999999989900971e-06,3.999999989900971e-06,416304663,PEPE,0.0,0.0,0.0,0.12407972149471733,3.999999989900971e-06,4.499999931795173e-06,0.8888889001172187
2025-12-20,3.999999989900971e-06,3.999999989900971e-06,3.999999989900971e-06,3.999999989900971e-06,194313404,PEPE,0.0,0.0,0.0,0.11720072301262689,3.999999989900971e-06,4.499999931795173e-06,0.8888889001172187
2025-12-21,3.999999989900971e-06,3.999999989900971e-06,3.999999989900971e-06,3.999999989900971e-06,234856175,PEPE,0.0,0.0,0.0,0.11720072301262689,3.999999989900971e-06,4.499999931795173e-06,0.8888889001172187
2025-12-22,3.999999989900971e-06,3.999999989900971e-06,3.999999989900971e-06,3.999999989900971e-06,310998826,PEPE,0.0,0.0,0.0,0.11720072301262689,3.999999989900971e-06,4.499999931795173e-06,0.8888889001172187
2025-12-23,3.999999989900971e-06,3.999999989900971e-06,3.999999989900971e-06,3.999999989900971e-06,205440006,PEPE,0.0,0.0,0.0,0.11720072301262689,3.999999989900971e-06,4.499999931795173e-06,0.8888889001172187
2025-12-24,3.999999989900971e-06,3.999999989900971e-06,3.999999989900971e-06,3.999999989900971e-06,179742243,PEPE,0.0,0.0,0.0,0.10936989950409576,3.999999989900971e-06,4.4666666023355594e-06,0.8955223986964742
2025-12-25,3.999999989900971e-06,3.999999989900971e-06,3.999999989900971e-06,3.999999989900971e-06,168152424,PEPE,0.0,0.0,0.0,0.10936989950409576,3.999999989900971e-06,4.433333272875946e-06,0.9022556491238323
2025-12-26,3.999999989900971e-06,3.999999989900971e-06,3.999999989900971e-06,3.999999989900971e-06,201519734,PEPE,0.0,0.0,0.0,0.10936989950409576,3.999999989900971e-06,4.3999999434163325e-06,0.9090909184865157
2025-12-27,3.999999989900971e-06,3.999999989900971e-06,3.999999989900971e-06,3.999999989900971e-06,175403153,PEPE,0.0,0.0,0.0,0.10936989950409576,3.999999989900971e-06,4.3666666139567194e-06,0.9160305430957769
2025-12-28,3.999999989900971e-06,3.999999989900971e-06,3.999999989900971e-06,3.999999989900971e-06,174239500,PEPE,0.0,0.0,0.0,0.10936989950409576,3.999999989900971e-06,4.3333332844971055e-06,0.9230769311493614
2025-12-29,3.999999989900971e-06,3.999999989900971e-06,3.999999989900971e-06,3.999999989900971e-06,236282739,PEPE,0.0,0.0,0.0,0.10936989950409576,3.999999989900971e-06,4.2999999550374925e-06,0.9302325655178045
2025-12-30,3.999999989900971e-06,3.999999989900971e-06,3.999999989900971e-06,3.999999989900971e-06,194842342,PEPE,0.0,0.0,0.0,0.10936989950409576,3.999999989900971e-06,4.266666625577879e-06,0.9375000066613383
2025-12-31,3.999999989900971e-06,3.999999989900971e-06,3.999999989900971e-06,3.999999989900971e-06,171535087,PEPE,0.0,0.0,0.0,0.10149880347083841,3.999999989900971e-06,4.266666625577879e-06,0.9375000066613383
2026-01-01,4.999999873689376e-06,4.999999873689376e-06,3.999999989900971e-06,3.999999989900971e-06,527439919,PEPE,0.24999997157829057,0.22314352857684194,0.08434032618396584,0.10149880347083841,4.142857116156458e-06,4.266666625577879e-06,0.9709821459499072
2026-01-02,6.000000212225132e-06,6.000000212225132e-06,4.999999873689376e-06,4.999999873689376e-06,1664968789,PEPE,0.20000007275957787,0.18232161742693434,0.09962279585473775,0.10681781770246788,4.428571433631337e-06,4.2999999701957375e-06,1.0299003405411062
2026-01-03,6.000000212225132e-06,6.000000212225132e-06,6.000000212225132e-06,6.000000212225132e-06,1045142458,PEPE,0.0,0.0,0.09962279585473775,0.10681781770246788,4.7142857511062175e-06,4.3333333148135955e-06,1.0879121010586303
2026-01-04,7.000000096013537e-06,7.000000096013537e-06,6.000000212225132e-06,6.000000212225132e-06,1543137690,PEPE,0.16666664140292586,0.1541506581726231,0.10170060814886472,0.10094890725135663,5.142857194836584e-06,4.433333318350681e-06,1.1600429801993468
2026-01-05,6.908247087267228e-06,7.199458195827901e-06,6.684055279038148e-06,7.158449989219662e-06,1248049536,PEPE,-0.013107572498257669,-0.013194234848364192,0.10353496154386657,0.0933783921985424,5.558321065888906e-06,4.496941558803276e-06,1.2360225262451674
